60405,64,63,0,0,0.0,open,False,False
60404,34,4,0,0,0.0,open,False,False
60403,15,11,0,0,0.0,open,False,False
60401,1,1,0,0,0.0,open,False,False
60400,1,2,0,0,0.0,open,False,False
60398,6,6,1,0,0.0,open,False,False
60397,0,38,0,0,0.0,open,False,False
60396,419,19,0,0,0.0,closed,False,False
60395,6,107,0,0,0.0,open,False,False
60394,196,163,1,0,0.0,open,False,False
60393,8,0,1,0,0.0,closed,False,False
60392,10,6,1,3,3.0,closed,False,False
60391,1,1,1,0,0.0,closed,False,False
60387,630,489,3,3,1.5,closed,False,False
60386,366,552,1,4,4.0,closed,False,False
60383,394,533,1,19,19.0,open,False,False
60381,610,46,0,0,0.0,open,False,False
60380,200,9,0,0,0.0,open,False,False
60379,418,561,1,0,0.0,closed,False,False
60378,455,582,0,0,0.0,open,False,False
60377,43,42,1,0,0.0,closed,False,False
60376,41,6,0,0,0.0,open,False,False
60375,1,17,2,0,0.0,closed,False,False
60374,373,629,0,3,3.0,open,False,False
60372,14,3,0,0,0.0,open,False,False
60371,2,2,1,0,0.0,closed,False,False
60370,100,3,0,0,0.0,closed,False,False
60369,6,5,1,4,4.0,closed,False,False
60365,11,0,0,0,0.0,open,False,False
60364,7,16,1,0,0.0,closed,False,False
60362,1,1,2,0,0.0,closed,False,False
60360,1,1,1,0,0.0,open,False,False
60359,3,1,0,0,0.0,open,False,False
60358,44,13,0,2,1.0,open,False,False
60357,16,43,1,0,0.0,closed,False,False
60355,3,0,1,0,0.0,closed,False,False
60354,63,5,0,5,5.0,open,False,False
60353,65,1,0,0,0.0,closed,True,True
60352,31,0,0,0,0.0,closed,True,True
60351,32,1,0,0,0.0,closed,True,True
60350,1,4,1,0,0.0,closed,False,False
60349,18,0,2,5,5.0,closed,False,False
60347,23,9,4,2,2.0,closed,False,False
60346,2,3,1,1,0.5,closed,False,False
60345,24,24,5,0,0.0,open,False,False
60343,205,156,1,5,5.0,open,False,False
60342,642,5,0,4,4.0,open,False,False
60341,1,0,3,0,0.0,open,False,False
60339,15,12,0,0,0.0,open,False,False
60338,1,1,1,0,0.0,closed,False,False
60337,2320,2137,2,0,0.0,closed,False,False
60336,385,368,2,0,0.0,closed,False,False
60334,0,9,0,0,0.0,closed,False,False
60333,86,10,0,0,0.0,open,False,False
60332,374,657,1,0,0.0,closed,False,False
60331,34,24,8,0,0.0,closed,False,False
60330,4,1,0,0,0.0,closed,False,False
60329,0,4,1,0,0.0,closed,False,False
60328,2,0,1,0,0.0,closed,False,False
60326,11,0,3,1,1.0,open,False,False
60325,1,1,2,0,0.0,closed,False,False
60323,45,26,1,0,0.0,closed,False,False
60322,4,1,7,2,2.0,open,False,False
60321,375,661,4,7,7.0,closed,False,False
60318,743,346,2,0,0.0,closed,False,False
60317,25,25,1,0,0.0,closed,False,False
60316,1,1,1,0,0.0,closed,False,False
60315,86,15,2,0,0.0,closed,False,False
60314,2,1,1,0,0.0,closed,False,False
60313,1608,1483,1,0,0.0,closed,False,False
60312,4,5,0,0,0.0,open,False,False
60311,8790,8452,1,0,0.0,closed,False,False
60310,106,109,1,0,0.0,closed,False,False
60309,3,3,1,0,0.0,closed,False,False
60308,2,1,1,0,0.0,closed,False,False
60307,9,1,0,0,0.0,open,False,False
60306,35,41,1,0,0.0,closed,False,False
60305,6,4,6,0,0.0,closed,False,False
60304,1,1490,1,0,0.0,closed,False,False
60302,658,15,2,7,7.0,closed,False,False
60301,7,1,1,0,0.0,closed,False,False
60300,14,4,2,4,2.0,closed,False,False
60299,2,2,1,0,0.0,closed,False,False
60298,77,5,2,0,0.0,closed,False,False
60297,7,13,0,4,4.0,open,False,False
60296,1,1,2,0,0.0,closed,False,False
60293,16,8,3,2,2.0,closed,False,False
60290,105,4,0,0,0.0,open,False,False
60286,24,37,1,0,0.0,closed,False,False
60284,1,16,1,0,0.0,closed,False,False
60283,239,25,2,0,0.0,closed,False,False
60280,5,5,1,0,0.0,closed,False,False
60279,479,129,0,0,0.0,open,False,False
60278,2,3,2,0,0.0,closed,False,False
60277,1,1,3,0,0.0,closed,False,False
60276,274,603,2,0,0.0,closed,False,False
60273,25,16,2,2,2.0,open,False,False
60272,34,11,3,2,2.0,open,False,False
60271,51,13,0,10,10.0,open,False,False
60268,85,42,1,2,2.0,closed,False,False
60267,1882,126,4,29,4.142857142857143,open,False,False
60266,6,48,2,0,0.0,closed,False,False
60264,2780,2557,3,1,0.5,closed,False,False
60263,213,157,0,0,0.0,open,False,False
60261,1,1,1,0,0.0,closed,False,False
60260,680,1,1,0,0.0,open,False,False
60259,33,22,0,0,0.0,open,False,False
60257,15,5,1,0,0.0,closed,False,False
60256,2,1,1,0,0.0,closed,False,False
60255,4,4,3,4,0.6666666666666666,open,False,False
60254,10,35,2,0,0.0,closed,False,False
60253,2,1,1,0,0.0,closed,False,False
60251,2,15,0,0,0.0,open,False,False
60250,0,0,1,0,0.0,closed,False,False
60249,3,3,1,0,0.0,closed,False,False
60248,2,2,1,0,0.0,closed,False,False
60246,4,0,2,0,0.0,closed,False,False
60245,0,0,0,0,0,closed,False,False
60242,57,14,1,0,0.0,closed,False,False
60241,186,102,1,10,2.0,closed,False,False
60240,10,4,2,0,0.0,closed,False,False
60239,1,3,1,0,0.0,closed,False,False
60238,28,28,0,0,0.0,open,False,False
60237,1,1,2,0,0.0,closed,False,False
60236,1,1,1,0,0.0,closed,False,False
60235,3,3,1,0,0.0,closed,False,False
60234,109,1060,2,0,0.0,closed,False,False
60233,1,1,1,0,0.0,closed,False,False
60232,37,37,0,0,0.0,open,False,False
60231,134,383,3,0,0.0,open,False,False
60230,43,40,0,0,0.0,open,False,False
60228,43,1,2,0,0.0,closed,False,False
60227,7365,1219,1,0,0.0,open,False,False
60226,1,1,1,0,0.0,closed,False,False
60225,61,1,0,0,0.0,closed,True,True
60224,23,0,0,0,0.0,closed,True,True
60223,24,1,0,0,0.0,closed,True,True
60221,11,4,1,0,0.0,closed,False,False
60220,275,456,3,0,0.0,closed,False,False
60217,230,0,1,6,6.0,closed,False,False
60216,23,35,1,0,0.0,closed,False,False
60214,222,62,0,0,0.0,open,False,False
60212,8,5,2,1,0.5,closed,False,False
60210,159,3,7,12,12.0,closed,False,False
60209,15,15,4,0,0.0,closed,False,False
60208,41,50,1,5,5.0,closed,False,False
60207,2,2,1,0,0.0,closed,False,False
60206,138,9,1,0,0.0,closed,False,False
60205,46,30,1,0,0.0,closed,False,False
60204,9,9,4,0,0.0,closed,False,False
60203,179,22,1,4,4.0,closed,False,False
60202,4,4,2,0,0.0,closed,False,False
60201,33,4,3,2,2.0,closed,False,False
60200,3,267,2,0,0.0,closed,False,False
60197,2770,5088,3,0,0.0,closed,False,False
60196,10,10,2,0,0.0,closed,False,False
60195,5,5,1,0,0.0,closed,False,False
60194,1,1,1,2,2.0,closed,False,False
60192,42,31,3,16,8.0,closed,False,False
60191,676,634,1,3,0.5,closed,False,False
60189,1,1,1,0,0.0,closed,False,False
60188,7,0,1,2,2.0,closed,False,False
60185,0,81,1,0,0.0,closed,False,False
60184,2,1,2,1,0.25,closed,False,False
60183,1,1,3,0,0.0,closed,False,False
60182,1,1,2,0,0.0,closed,False,False
60181,16,0,2,0,0.0,closed,False,False
60180,28,0,2,0,0.0,closed,False,False
60179,19,0,2,0,0.0,closed,False,False
60177,2736,2502,4,0,0.0,closed,False,False
60176,107,62,1,0,0.0,closed,False,False
60175,5,1,2,0,0.0,closed,False,False
60174,41,50,2,0,0.0,closed,False,False
60173,1,0,2,0,0.0,closed,False,False
60170,39,0,2,0,0.0,closed,False,False
60169,210,128,1,3,1.0,closed,False,False
60166,59,238,2,0,0.0,closed,False,False
60165,20,20,5,0,0.0,closed,False,False
60164,1,1,0,0,0.0,closed,False,False
60163,23,17,1,0,0.0,closed,False,False
60162,13,2,4,0,0.0,closed,False,False
60161,30,14,7,0,0.0,open,False,False
60160,2,2,1,0,0.0,closed,False,False
60158,65,16,1,2,2.0,closed,False,False
60156,13,2,2,0,0.0,closed,False,False
60154,112,65,3,10,10.0,closed,False,False
60152,8,17,1,0,0.0,closed,False,False
60150,2,9,7,4,4.0,closed,False,False
60149,28,8,4,0,0.0,closed,False,False
60148,3,3,1,0,0.0,closed,False,False
60145,1,1,1,0,0.0,closed,False,False
60144,142,141,0,0,0.0,closed,False,False
60142,11,0,2,0,0.0,closed,False,False
60141,14,3,1,0,0.0,closed,False,False
60138,0,4,2,0,0.0,closed,False,False
60137,2033,284,15,14,1.4,closed,False,False
60132,754,73,1,0,0.0,open,False,False
60131,35,0,1,0,0.0,closed,True,True
60130,188,89,1,8,4.0,closed,False,False
60129,41,124,1,0,0.0,closed,True,True
60128,24,107,1,0,0.0,closed,True,True
60127,64,20,1,2,2.0,closed,False,False
60125,21,0,1,0,0.0,closed,True,True
60124,1,2,3,0,0.0,closed,False,False
60123,22,1,1,0,0.0,closed,True,True
60118,12,1,1,3,3.0,closed,False,False
60117,29,5,1,0,0.0,closed,False,False
60116,52,37,2,3,1.5,closed,False,False
60114,15,6,2,0,0.0,closed,False,False
60112,7,7,1,0,0.0,closed,False,False
60111,1,1,4,0,0.0,closed,False,False
60108,2,2,1,0,0.0,closed,False,False
60105,48,2,4,5,2.5,closed,False,False
60104,46,0,3,0,0.0,closed,False,False
60103,2,12,1,1,1.0,closed,False,False
60102,18,10,3,0,0.0,closed,False,False
60101,89,19,1,9,3.0,closed,False,False
60099,104,27,0,0,0.0,closed,False,False
60098,0,5,2,2,2.0,closed,False,False
60095,4,4,1,1,1.0,closed,False,False
60094,3,3,1,0,0.0,closed,False,False
60093,11,11,1,0,0.0,closed,False,False
60092,3,3,1,0,0.0,closed,False,False
60090,169,47,7,4,4.0,closed,False,False
60089,82,24,0,0,0.0,closed,False,False
60088,12,3,1,0,0.0,closed,False,False
60087,3,3,0,2,2.0,closed,False,False
60086,29,13,1,0,0.0,closed,False,False
60084,3,2,1,0,0.0,closed,False,False
60082,20,5,5,0,0.0,closed,False,False
60081,1,1,1,0,0.0,closed,False,False
60080,19,14,1,1,0.5,closed,False,False
60075,255,60,3,0,0.0,closed,False,False
60073,1431,1323,4,0,0.0,closed,False,False
60069,1,10,1,0,0.0,closed,False,False
60067,4,3,1,0,0.0,closed,False,False
60066,134,116,4,7,7.0,closed,False,False
60065,83,23,4,0,0.0,closed,False,False
60064,6,6,1,1,1.0,open,False,False
60063,1,0,3,0,0.0,closed,False,False
60062,317,1274,1,0,0.0,closed,False,False
60061,5,5,1,0,0.0,closed,False,False
60060,225,284,1,0,0.0,closed,False,False
60059,29,1,5,0,0.0,closed,False,False
60058,38,0,3,0,0.0,closed,False,False
60057,62,49,6,0,0.0,closed,False,False
60056,11,51,2,0,0.0,closed,False,False
60055,2,2,2,0,0.0,closed,False,False
60054,44,4,7,6,6.0,closed,False,False
60053,4,4,1,0,0.0,closed,False,False
60051,1,1,2,0,0.0,closed,False,False
60050,2,2,1,0,0.0,closed,False,False
60048,12,35,1,0,0.0,closed,False,False
60046,4885,10325,3,0,0.0,closed,False,False
60044,26,46,1,0,0.0,closed,False,False
60043,8,4,1,0,0.0,closed,False,False
60042,1,4,1,2,2.0,closed,False,False
60041,28,46,2,2,2.0,closed,False,False
60039,318,250,1,0,0.0,closed,False,False
60037,1,1,3,0,0.0,closed,False,False
60036,355,297,2,2,0.6666666666666666,closed,False,False
60032,1,1,2,0,0.0,closed,False,False
60029,64,1,2,0,0.0,open,False,False
60028,352,179,2,0,0.0,closed,False,False
60026,21,1,1,0,0.0,closed,False,False
60025,3,1,1,0,0.0,closed,False,False
60024,22,1,1,0,0.0,closed,False,False
60023,1167,1158,0,0,0.0,closed,False,False
60022,7,1,0,0,0.0,open,False,False
60021,15,59,1,0,0.0,closed,False,False
60020,31,1,0,0,0.0,closed,True,True
60019,31,1,0,0,0.0,closed,True,True
60018,17,0,0,0,0.0,closed,True,True
60017,18,1,0,0,0.0,closed,True,True
60016,6,2,2,0,0.0,closed,False,False
60015,2,1,1,0,0.0,closed,False,False
60013,9,12,0,0,0.0,open,False,False
60012,2,0,3,0,0.0,closed,False,False
60011,251,145,1,2,1.0,closed,False,False
60010,3,1,1,0,0.0,closed,False,False
60009,1,1,4,1,1.0,closed,False,False
60007,44,5,4,0,0.0,closed,False,False
60006,1147,212,2,37,37.0,open,False,False
60005,5,0,1,0,0.0,closed,False,False
60004,4,1,2,0,0.0,closed,False,False
60002,1,1,1,0,0.0,closed,False,False
60001,15,15,0,0,0.0,closed,False,False
60000,38,38,1,0,0.0,closed,False,False
59999,653,38,3,50,25.0,open,False,False
59998,1,1,1,0,0.0,closed,False,False
59995,3,3,1,0,0.0,closed,False,False
59994,18,17,1,1,1.0,closed,False,False
59993,41,2,1,2,2.0,closed,False,False
59991,0,8,1,0,0.0,closed,False,False
59989,602,597,1,0,0.0,closed,False,False
59986,51,53,1,0,0.0,closed,False,False
59982,4,2,0,2,2.0,closed,False,False
59980,160,370,2,4,0.4444444444444444,closed,False,False
59979,415,473,6,10,3.3333333333333335,open,False,False
59978,106,46,6,0,0.0,closed,False,False
59977,1,5,3,1,1.0,closed,False,False
59972,18,1,2,0,0.0,closed,False,False
59971,98,2,12,0,0.0,closed,False,False
59970,30,8,0,0,0.0,open,False,False
59969,46,1,1,3,3.0,closed,False,False
59966,4,0,2,0,0.0,closed,False,False
59965,35,10,2,0,0.0,closed,False,False
59962,5,3,1,0,0.0,closed,False,False
59961,127,15,0,0,0.0,closed,False,False
59960,2,1,1,0,0.0,closed,False,False
59959,5,5,0,0,0.0,closed,False,False
59958,31,18,1,0,0.0,closed,False,False
59957,1,1,1,0,0.0,closed,False,False
59956,705,970,1,0,0.0,closed,False,False
59955,1,1,1,0,0.0,open,False,False
59954,86,87,0,0,0.0,open,False,False
59952,24,24,1,0,0.0,closed,False,False
59948,3,3,1,0,0.0,closed,False,False
59947,547,88,1,5,5.0,closed,False,False
59946,818,366,1,0,0.0,closed,False,False
59945,113,103,1,1,1.0,closed,False,False
59944,1013,662,0,0,0.0,closed,False,False
59943,9,9,1,0,0.0,closed,False,False
59942,1,1,2,0,0.0,closed,False,False
59941,2,2,1,0,0.0,closed,False,False
59940,25,1,0,0,0.0,closed,True,True
59937,3,2,1,0,0.0,closed,False,False
59934,3,2,3,0,0.0,closed,False,False
59931,3,3,1,0,0.0,closed,False,False
59930,22,0,2,0,0.0,closed,False,False
59929,23,1,1,0,0.0,closed,True,True
59928,0,1,2,4,4.0,open,False,False
59926,200,3,2,0,0.0,closed,False,False
59925,7,1,2,0,0.0,closed,False,False
59924,1,1,2,0,0.0,closed,False,False
59921,168,0,2,0,0.0,closed,False,False
59917,1,1,5,0,0.0,closed,False,False
59916,236,210,1,0,0.0,closed,False,False
59915,3,1,2,0,0.0,closed,False,False
59914,1,1,1,0,0.0,closed,False,False
59912,5,5,2,0,0.0,closed,False,False
59911,4,4,2,0,0.0,closed,False,False
59910,30,11,0,2,2.0,open,False,False
59909,5,1,2,0,0.0,closed,False,False
59908,3,1,3,0,0.0,closed,False,False
59901,503,988,6,0,0.0,closed,False,False
59900,1,0,2,0,0.0,closed,False,False
59897,18,3,5,0,0.0,open,False,False
59895,1,1,4,0,0.0,closed,False,False
59894,511,159,2,0,0.0,closed,False,False
59887,5,4,0,0,0.0,open,False,False
59885,5,5,3,6,3.0,closed,False,False
59884,53,3,6,0,0.0,closed,False,False
59883,18,18,2,0,0.0,closed,False,False
59876,858,6,3,31,15.5,closed,False,False
59875,611,2,1,0,0.0,closed,False,False
59873,11,6,2,0,0.0,closed,False,False
59872,22,1,1,0,0.0,closed,True,True
59871,11,0,1,0,0.0,closed,True,True
59870,12,1,1,0,0.0,closed,True,True
59869,162,37,1,2,0.6666666666666666,closed,False,False
59867,2,1,3,0,0.0,closed,False,False
59865,4033,3513,7,9,4.5,closed,False,False
59862,3,3,2,0,0.0,closed,False,False
59861,75,0,3,0,0.0,closed,False,False
59860,44,9,2,0,0.0,closed,False,False
59858,2,2,2,0,0.0,closed,False,False
59857,1158,1167,3,0,0.0,closed,False,False
59856,602,597,3,0,0.0,closed,False,False
59854,106,34,2,1,0.5,closed,False,False
59852,13,8,2,0,0.0,open,False,False
59851,157,83,2,1,1.0,closed,False,False
59848,1,1,3,0,0.0,closed,False,False
59845,5,5,2,0,0.0,closed,False,False
59844,1,0,3,0,0.0,closed,False,False
59843,884,773,2,8,2.0,closed,False,False
59839,1,1,4,0,0.0,closed,False,False
59838,146,8,0,0,0.0,open,False,False
59836,3857,3542,4,0,0.0,closed,False,False
59835,161,157,0,2,2.0,open,False,False
59833,81,2,6,2,0.5,open,False,False
59832,70,16,5,0,0.0,closed,False,False
59830,848,8,2,0,0.0,closed,False,False
59829,83,107,1,0,0.0,closed,False,False
59827,5,5,3,0,0.0,closed,False,False
59824,3,8,5,0,0.0,closed,False,False
59820,3,7,1,2,2.0,closed,False,False
59819,0,1,1,0,0.0,closed,False,False
59818,103,1095,6,4,2.0,closed,False,False
59816,1,1,7,0,0.0,closed,False,False
59815,217,17,2,0,0.0,closed,False,False
59812,954,851,2,0,0.0,closed,False,False
59811,1,1,4,0,0.0,closed,False,False
59810,2,4,0,0,0.0,open,False,False
59809,3,4,2,1,1.0,closed,False,False
59808,1,1,2,0,0.0,closed,False,False
59806,117,103,2,3,3.0,closed,False,False
59801,5,5,2,0,0.0,closed,False,False
59799,1,1,2,0,0.0,closed,False,False
59798,65,13,21,7,7.0,closed,False,False
59797,40,1,1,0,0.0,closed,True,True
59796,12,11,2,3,3.0,closed,False,False
59795,30,0,1,0,0.0,closed,True,True
59794,31,1,1,0,0.0,closed,True,True
59793,27,31,2,0,0.0,closed,False,False
59792,11,5,1,0,0.0,closed,False,False
59791,3,3,1,0,0.0,closed,False,False
59789,81,3,3,0,0.0,closed,False,False
59786,1,1,2,0,0.0,closed,False,False
59785,1147,492,1,0,0.0,closed,False,False
59783,12,1,2,0,0.0,closed,False,False
59780,1,1,5,0,0.0,closed,False,False
59777,15,12,4,2,2.0,closed,False,False
59776,56,56,1,0,0.0,closed,True,True
59775,11,1,2,0,0.0,closed,False,False
59774,11,1,2,0,0.0,closed,False,False
59773,39,5,3,0,0.0,closed,False,False
59768,3,2,2,3,3.0,closed,False,False
59767,5,5,3,0,0.0,closed,False,False
59766,5,1,2,0,0.0,closed,False,False
59765,6,0,1,1,1.0,closed,False,False
59763,1567,1891,5,0,0.0,closed,False,False
59762,46,32,1,2,0.6666666666666666,closed,False,False
59761,15,16,3,0,0.0,closed,False,False
59760,15,8,6,4,4.0,closed,False,False
59755,1,1,2,0,0.0,closed,False,False
59753,62,13,0,1,1.0,closed,False,False
59752,2,2,3,0,0.0,closed,False,False
59750,5,5,2,0,0.0,closed,False,False
59749,8,0,2,0,0.0,closed,False,False
59748,5,5,2,0,0.0,closed,False,False
59747,1,2,2,0,0.0,closed,False,False
59746,14,13,1,6,6.0,closed,False,False
59745,9,12,3,10,10.0,closed,False,False
59744,1,1,2,0,0.0,closed,False,False
59743,92,15,2,0,0.0,closed,False,False
59742,6,7,0,1,1.0,open,False,False
59741,4,7,1,0,0.0,closed,False,False
59740,291,42,1,24,24.0,closed,False,False
59739,0,0,3,0,0.0,closed,False,False
59738,22,0,3,0,0.0,closed,False,False
59737,2374,0,1,0,0.0,open,False,False
59735,23,62,2,0,0.0,closed,False,False
59734,19,8,2,0,0.0,closed,False,False
59733,1,1,3,0,0.0,closed,False,False
59732,27,19,3,0,0.0,closed,False,False
59730,161,6,2,3,1.0,closed,False,False
59728,17,5,3,0,0.0,closed,False,False
59726,20,2,3,0,0.0,closed,False,False
59724,1,1,4,0,0.0,closed,False,False
59723,85,41,3,3,3.0,open,False,False
59719,7,7,2,0,0.0,closed,False,False
59716,76,7,3,2,2.0,closed,False,False
59714,2,9,2,0,0.0,closed,False,False
59711,6,4,4,4,4.0,open,False,False
59710,13,12,3,0,0.0,closed,False,False
59709,10,10,2,0,0.0,closed,False,False
59708,31,8,2,1,0.5,closed,False,False
59706,3,3,3,0,0.0,closed,False,False
59705,21,7,14,3,3.0,closed,False,False
59704,1,24,2,0,0.0,closed,False,False
59703,12,1,5,2,2.0,closed,False,False
59702,91,13,1,0,0.0,open,False,False
59700,5,0,2,0,0.0,closed,False,False
59699,3,3,2,0,0.0,closed,False,False
59696,9,8,2,0,0.0,closed,False,False
59695,86,206,2,0,0.0,closed,False,False
59694,53,4,0,0,0.0,open,False,False
59693,1,0,2,0,0.0,closed,False,False
59690,2,1,4,0,0.0,closed,False,False
59689,42,5,2,7,1.1666666666666667,closed,False,False
59688,0,0,1,0,0,closed,False,False
59687,1,1,2,0,0.0,closed,False,False
59686,2,2,2,0,0.0,closed,False,False
59685,81,92,2,0,0.0,closed,False,False
59684,3,5,1,0,0.0,closed,False,False
59683,27,36,3,0,0.0,closed,False,False
59681,1,1,6,0,0.0,closed,False,False
59680,1,1,3,0,0.0,closed,False,False
59679,0,12,0,0,0.0,open,False,False
59678,23,62,2,0,0.0,closed,False,False
59675,16,12,3,2,2.0,closed,False,False
59674,5,5,2,0,0.0,closed,False,False
59673,17,0,1,0,0.0,closed,True,True
59672,29,0,1,0,0.0,closed,True,True
59671,30,1,1,0,0.0,closed,True,True
59669,15367,248,3,0,0.0,closed,False,False
59668,15,6,2,0,0.0,closed,False,False
59661,31,2,3,0,0.0,closed,False,False
59659,205,88,3,0,0.0,closed,False,False
59658,24,2,2,5,5.0,closed,False,False
59656,70,20,2,1,1.0,closed,False,False
59655,73,2,2,5,5.0,closed,False,False
59654,1,0,7,3,3.0,closed,False,False
59653,1,1,2,0,0.0,closed,False,False
59649,6,6,6,0,0.0,closed,False,False
59646,4,10,1,0,0.0,closed,False,False
59644,193,11,3,2,0.5,closed,False,False
59642,1888,3848,3,0,0.0,closed,False,False
59641,34,29,2,0,0.0,closed,False,False
59637,75,1,2,2,1.0,closed,False,False
59636,1,1,2,0,0.0,closed,False,False
59635,31,8,0,2,2.0,open,False,False
59633,88,208,8,4,2.0,closed,False,False
59631,448,477,2,0,0.0,closed,False,False
59630,23,0,1,0,0.0,closed,True,True
59629,24,1,1,0,0.0,closed,True,True
59628,3,4,0,0,0.0,open,False,False
59626,7,1,3,0,0.0,closed,False,False
59625,7,1,6,2,2.0,closed,False,False
59623,50,50,3,0,0.0,closed,False,False
59621,1914,2247,4,0,0.0,closed,False,False
59620,3,3,2,0,0.0,closed,False,False
59617,19,0,3,13,4.333333333333333,closed,False,False
59614,11,11,2,0,0.0,closed,False,False
59613,2,0,2,0,0.0,closed,False,False
59611,7,10,2,0,0.0,closed,False,False
59607,79,40,1,4,4.0,closed,False,False
59601,427,388,2,2,2.0,closed,False,False
59600,9,7,5,3,3.0,closed,False,False
59599,61,176,2,1,0.5,closed,False,False
59598,4,0,2,0,0.0,closed,False,False
59597,73,2,2,0,0.0,closed,False,False
59596,60,2,2,0,0.0,closed,False,False
59595,167,8,2,1,1.0,closed,False,False
59593,67,2,1,0,0.0,closed,False,False
59591,114,182,1,0,0.0,closed,False,False
59589,588,215,3,12,6.0,closed,False,False
59584,16,17,2,1,1.0,closed,False,False
59583,7,0,3,0,0.0,closed,False,False
59579,9,7,2,2,2.0,closed,False,False
59578,16,3,3,0,0.0,closed,False,False
59576,2,0,5,0,0.0,closed,False,False
59575,102,5,2,11,11.0,open,False,False
59574,13,6,2,0,0.0,closed,False,False
59573,302,79,6,3,3.0,closed,False,False
59572,43,84,3,3,3.0,closed,False,False
59571,12,12,2,0,0.0,closed,False,False
59568,7,7,3,0,0.0,closed,False,False
59567,139,8,8,0,0.0,closed,False,False
59565,13,0,1,0,0.0,closed,True,True
59564,14,1,1,0,0.0,closed,True,True
59563,1,1,0,0,0.0,open,False,False
59562,90,36,6,1,1.0,closed,False,False
59561,2,1,2,0,0.0,closed,False,False
59557,0,3,3,0,0.0,closed,False,False
59552,95,23,2,0,0.0,open,False,False
59551,203,141,3,0,0.0,closed,False,False
59549,526,4,2,0,0.0,closed,False,False
59548,3,3,2,0,0.0,closed,False,False
59546,25,7,3,0,0.0,closed,False,False
59545,31,6,3,0,0.0,closed,False,False
59544,1,429,3,0,0.0,closed,False,False
59543,29,103,1,0,0.0,closed,True,True
59542,15,89,1,0,0.0,closed,True,True
59541,17,0,1,0,0.0,closed,True,True
59540,18,1,1,0,0.0,closed,True,True
59539,3,7,3,0,0.0,closed,False,False
59536,143,143,3,0,0.0,closed,False,False
59535,142,142,3,0,0.0,closed,False,False
59533,4,0,2,0,0.0,closed,False,False
59532,9,10,2,2,2.0,closed,False,False
59531,40,6,2,0,0.0,closed,False,False
59526,1,1,2,0,0.0,closed,False,False
59524,40,13,1,0,0.0,closed,False,False
59523,8,3,3,0,0.0,closed,False,False
59521,1,1,3,0,0.0,closed,False,False
59520,70,68,2,0,0.0,closed,False,False
59519,1371,1543,2,0,0.0,closed,False,False
59518,14,7,3,0,0.0,closed,False,False
59517,5,5,4,0,0.0,closed,False,False
59516,1,1,2,0,0.0,closed,False,False
59514,24,15,2,1,1.0,closed,False,False
59513,2,2,2,0,0.0,closed,False,False
59512,6,6,4,0,0.0,closed,False,False
59511,27,1,2,0,0.0,closed,False,False
59510,6,6,2,0,0.0,closed,False,False
59509,9,8,3,1,1.0,closed,False,False
59508,3,3,3,0,0.0,closed,False,False
59506,24,203,4,0,0.0,closed,False,False
59505,17,6,2,0,0.0,closed,False,False
59503,5,14,3,0,0.0,closed,False,False
59501,208,3,4,5,5.0,closed,False,False
59499,313,232,2,0,0.0,closed,False,False
59498,696,6,4,1,0.5,open,False,False
59497,44,10,2,2,2.0,closed,False,False
59496,12,16,2,0,0.0,open,False,False
59494,1423,1542,2,0,0.0,closed,False,False
59493,0,1,2,0,0.0,closed,False,False
59492,48,2,6,5,5.0,closed,False,False
59491,31,6,3,1,1.0,closed,False,False
59490,1,1,4,0,0.0,closed,False,False
59489,7,3,2,2,2.0,closed,False,False
59485,1,1,5,0,0.0,closed,False,False
59484,9,23,2,7,7.0,closed,False,False
59483,1,1,6,0,0.0,closed,False,False
59481,34,28,5,0,0.0,closed,False,False
59480,67,9,2,0,0.0,closed,False,False
59479,13,13,2,0,0.0,closed,False,False
59477,2,2,3,0,0.0,closed,False,False
59476,44,39,2,0,0.0,closed,False,False
59475,34,25,5,10,10.0,closed,False,False
59474,69,69,2,0,0.0,closed,False,False
59473,75,69,3,0,0.0,closed,False,False
59472,0,1,3,0,0.0,closed,False,False
59471,13,3,2,0,0.0,closed,False,False
59470,140,82,2,0,0.0,closed,False,False
59469,19,12,3,0,0.0,closed,False,False
59468,3,3,3,0,0.0,closed,False,False
59467,27,6,3,0,0.0,closed,False,False
59464,69,69,2,0,0.0,closed,False,False
59463,269,5,2,6,1.5,closed,False,False
59462,136,144,2,8,8.0,closed,False,False
59461,1,1,2,0,0.0,closed,False,False
59460,13,3,3,0,0.0,closed,False,False
59459,10,4,2,4,4.0,closed,False,False
59458,16,12,2,0,0.0,closed,False,False
59457,60,1,12,0,0.0,closed,False,False
59456,5,64,2,0,0.0,closed,False,False
59455,139,201,4,0,0.0,closed,False,False
59454,3,3,2,0,0.0,closed,False,False
59453,228,225,4,0,0.0,closed,False,False
59452,1,1,2,5,5.0,closed,False,False
59450,52,113,2,0,0.0,closed,False,False
59449,46,0,2,0,0.0,closed,False,False
59446,5,5,2,0,0.0,closed,False,False
59445,101,9,2,0,0.0,closed,False,False
59444,26,23,1,0,0.0,closed,False,False
59443,468,1,19,7,3.5,open,False,False
59440,4,5,3,0,0.0,closed,False,False
59439,31,6,7,0,0.0,closed,False,False
59438,6,2,3,0,0.0,closed,False,False
59437,1,0,3,0,0.0,closed,False,False
59435,35,1,1,0,0.0,closed,True,True
59434,35,1,1,0,0.0,closed,True,True
59433,23,0,1,0,0.0,closed,True,True
59432,24,1,1,0,0.0,closed,True,True
59431,157,130,5,4,4.0,closed,False,False
59430,7,4,3,0,0.0,closed,False,False
59427,9,11,3,0,0.0,closed,False,False
59425,7,4,2,0,0.0,closed,False,False
59421,1,1,2,0,0.0,closed,False,False
59420,14,7,3,2,2.0,closed,False,False
59418,12,3,3,1,1.0,closed,False,False
59417,1,2,3,0,0.0,closed,False,False
59416,2,14,5,0,0.0,closed,False,False
59415,64,5,3,2,2.0,closed,False,False
59413,9,9,1,0,0.0,open,False,False
59412,17,24,3,0,0.0,closed,False,False
59409,23,19,4,0,0.0,closed,False,False
59408,24,22,3,0,0.0,closed,False,False
59407,33,33,8,2,2.0,closed,False,False
59406,2,2,2,0,0.0,closed,False,False
59404,66,112,3,1,1.0,closed,False,False
59403,5,5,2,0,0.0,closed,False,False
59401,1,2,2,3,3.0,closed,False,False
59400,21,12,4,0,0.0,closed,False,False
59396,35,1,3,3,3.0,closed,False,False
59395,21,42,3,0,0.0,closed,False,False
59393,20,3,2,0,0.0,closed,False,False
59391,1,1,4,0,0.0,closed,False,False
59389,5,5,2,0,0.0,closed,False,False
59388,1,1,4,1,1.0,closed,False,False
59387,32,19,10,3,3.0,closed,False,False
59386,73,6,3,0,0.0,closed,False,False
59385,2490,5275,3,0,0.0,closed,False,False
59384,4,4,3,0,0.0,closed,False,False
59383,4,1,2,0,0.0,closed,False,False
59381,3,1,3,0,0.0,closed,False,False
59380,5,9,2,0,0.0,closed,False,False
59374,0,4,2,0,0.0,closed,False,False
59373,0,4,1,0,0.0,closed,False,False
59371,0,4,2,0,0.0,closed,False,False
59367,1,1,3,0,0.0,closed,False,False
59365,3,91,3,0,0.0,closed,False,False
59364,478,252,3,0,0.0,closed,False,False
59362,163,3,2,0,0.0,closed,False,False
59361,6,6,3,0,0.0,closed,False,False
59360,3,3,2,0,0.0,closed,False,False
59359,3,3,4,0,0.0,closed,False,False
59357,219,21,4,0,0.0,closed,False,False
59355,405,269,3,13,6.5,closed,False,False
59353,772,5,17,2,0.6666666666666666,closed,False,False
59351,38,0,0,0,0.0,closed,False,False
59344,45,48,6,1,1.0,closed,False,False
59340,2,0,3,0,0.0,closed,False,False
59338,1,1,1,0,0.0,closed,False,False
59333,2,2,3,0,0.0,closed,False,False
59329,99,40,2,0,0.0,closed,False,False
59327,6,0,11,0,0.0,closed,False,False
59326,1,0,2,0,0.0,closed,False,False
59325,19,7,2,2,2.0,closed,False,False
59324,2,2,3,0,0.0,closed,False,False
59323,67,4,2,0,0.0,closed,False,False
59322,1,1,6,0,0.0,closed,False,False
59320,2,2,3,0,0.0,closed,False,False
59316,12,7,2,0,0.0,closed,False,False
59314,4,0,6,0,0.0,closed,False,False
59313,101,10,2,0,0.0,closed,False,False
59312,1,1,4,0,0.0,closed,False,False
59301,62,64,2,7,7.0,closed,False,False
59300,3,1,2,0,0.0,closed,False,False
59299,2,2,2,0,0.0,closed,False,False
59298,19,8,2,0,0.0,closed,False,False
59297,0,363,3,0,0.0,closed,False,False
59296,563,32,4,0,0.0,closed,False,False
59291,2062,1442,4,0,0.0,closed,False,False
59289,5,5,4,0,0.0,closed,False,False
59288,21,20,1,1,1.0,closed,False,False
59286,4,4,0,0,0.0,open,False,False
59285,1,1,3,0,0.0,closed,False,False
59282,2,2,2,0,0.0,closed,False,False
59281,5,23,3,3,3.0,closed,False,False
59280,58,1,3,1,1.0,closed,False,False
59277,1,1,2,0,0.0,closed,False,False
59276,59,4,5,1,1.0,closed,False,False
59275,9,5,2,0,0.0,closed,False,False
59274,600,591,0,1,1.0,open,False,False
59273,59,75,3,1,1.0,closed,False,False
59271,24,1,2,0,0.0,closed,False,False
59269,14,14,3,0,0.0,closed,False,False
59268,3,8,8,0,0.0,closed,False,False
59266,3,0,0,0,0.0,open,False,False
59265,15,3,4,8,8.0,closed,False,False
59263,5,0,2,0,0.0,closed,False,False
59256,25,1,4,0,0.0,closed,False,False
59252,0,3043,1,0,0.0,closed,False,False
59251,17,6,0,0,0.0,closed,False,False
59249,557,713,3,0,0.0,closed,False,False
59246,240,741,2,0,0.0,closed,False,False
59244,41,6,4,0,0.0,closed,False,False
59242,5,4,2,0,0.0,closed,False,False
59240,28,14,3,6,6.0,closed,False,False
59239,17,1,1,0,0.0,closed,True,True
59237,14,0,1,0,0.0,closed,True,True
59236,15,1,1,0,0.0,closed,True,True
59235,1,1,3,0,0.0,closed,False,False
59234,4,4,4,0,0.0,closed,False,False
59233,199,24,5,2,0.6666666666666666,closed,False,False
59231,1,1,4,0,0.0,closed,False,False
59230,1060,144,6,24,4.0,closed,False,False
59226,1,1,3,1,1.0,closed,False,False
59225,3,3,2,0,0.0,closed,False,False
59221,6,5,3,0,0.0,closed,False,False
59220,16,19,3,1,1.0,closed,False,False
59219,10,1,2,0,0.0,closed,False,False
59217,1,1,2,0,0.0,closed,False,False
59212,1,1,3,0,0.0,closed,False,False
59210,13,1,3,8,8.0,closed,False,False
59209,6,73,5,3,3.0,open,False,False
59208,38,4,0,0,0.0,open,False,False
59207,46,42,3,0,0.0,closed,False,False
59206,224,767,2,0,0.0,closed,False,False
59205,71,2,2,0,0.0,closed,False,False
59202,1258,1114,4,0,0.0,closed,False,False
59200,0,1,2,1,1.0,closed,False,False
59196,4,10,2,0,0.0,closed,False,False
59194,11,19,2,6,2.0,closed,False,False
59193,1,1,3,0,0.0,closed,False,False
59191,367,0,9,13,13.0,open,False,False
59190,41,8,4,2,2.0,closed,False,False
59188,1245,1018,2,9,9.0,closed,False,False
59184,667,8,2,14,4.666666666666667,closed,False,False
59183,182,0,2,13,13.0,closed,False,False
59181,1,0,2,0,0.0,closed,False,False
59177,43,2,2,0,0.0,closed,False,False
59175,21,1,1,0,0.0,closed,True,True
59173,141,60,2,1,1.0,closed,False,False
59170,2,1,4,2,2.0,closed,False,False
59169,0,55,4,0,0.0,closed,False,False
59168,18,0,2,0,0.0,closed,False,False
59167,19,1,1,0,0.0,closed,True,True
59166,32,19,3,0,0.0,closed,False,False
59163,1,0,3,0,0.0,closed,False,False
59162,105,77,3,7,1.1666666666666667,closed,False,False
59159,1,1,1,0,0.0,closed,False,False
59158,14,6,2,3,3.0,closed,False,False
59156,1,1,2,0,0.0,closed,False,False
59150,1,1,2,0,0.0,closed,False,False
59147,6189,18544,2,0,0.0,closed,False,False
59146,15,15,1,2,2.0,closed,False,False
59141,180,148,0,0,0.0,open,False,False
59138,12,11,2,0,0.0,closed,False,False
59134,75,3,2,0,0.0,closed,False,False
59133,49,2,5,1,1.0,closed,False,False
59132,105,45,1,1,1.0,open,False,False
59131,1,1,4,0,0.0,closed,False,False
59130,3,3,4,0,0.0,closed,False,False
59127,7,18,2,0,0.0,closed,False,False
59126,1,1,2,0,0.0,closed,False,False
59125,7,7,2,0,0.0,closed,False,False
59124,22,3,0,0,0.0,open,False,False
59123,2,2,0,0,0.0,open,False,False
59122,21,20,1,4,4.0,closed,False,False
59119,1,1,4,0,0.0,closed,False,False
59118,17,18,4,0,0.0,closed,False,False
59117,48,51,2,0,0.0,closed,False,False
59115,110,103,7,0,0.0,closed,False,False
59111,1,1,5,0,0.0,closed,False,False
59110,2337,4266,4,0,0.0,closed,False,False
59106,27,10,4,0,0.0,closed,False,False
59105,3,3,2,0,0.0,closed,False,False
59102,3,3,4,0,0.0,closed,False,False
59101,2,2,2,0,0.0,closed,False,False
59100,52,46,3,0,0.0,closed,False,False
59099,1483740,0,4,0,0.0,closed,False,False
59095,1,1,2,0,0.0,closed,False,False
59092,143,36,2,6,6.0,closed,False,False
59088,128,130,3,4,4.0,closed,False,False
59087,58,1,2,0,0.0,closed,False,False
59086,77,37,7,2,2.0,closed,False,False
59083,46,140,4,0,0.0,closed,False,False
59080,39,365,2,1,1.0,closed,False,False
59079,24,11,4,10,10.0,closed,False,False
59078,592,0,3,29,29.0,closed,False,False
59077,1,1,2,0,0.0,closed,False,False
59073,1,1,2,0,0.0,closed,False,False
59072,11,11,2,0,0.0,closed,False,False
59071,59,59,1,0,0.0,closed,False,False
59070,59,59,2,0,0.0,closed,False,False
59068,833,1067,9,20,10.0,closed,False,False
59064,4,1,2,0,0.0,closed,False,False
59061,42,3,3,0,0.0,closed,False,False
59059,5,418,4,0,0.0,closed,False,False
59056,6,1,1,0,0.0,closed,True,True
59055,5,0,1,0,0.0,closed,True,True
59054,6,1,1,0,0.0,closed,True,True
59053,240,741,5,0,0.0,closed,False,False
59052,0,5,2,0,0.0,closed,False,False
59051,2,0,3,0,0.0,closed,False,False
59049,13,1,4,4,4.0,closed,False,False
59048,300,255,2,0,0.0,closed,False,False
59046,2,2,5,0,0.0,closed,False,False
59045,28,9,6,6,6.0,open,False,False
59043,28,1,1,0,0.0,closed,True,True
59042,26,0,1,0,0.0,closed,True,True
59041,27,1,1,0,0.0,closed,True,True
59038,57,11,2,3,1.5,closed,False,False
59034,3,3,2,0,0.0,closed,False,False
59032,24,42,3,14,14.0,closed,False,False
59031,46,10,3,4,4.0,closed,False,False
59029,2,2,0,0,0.0,open,False,False
59026,397,400,7,10,10.0,closed,False,False
59025,10,0,2,0,0.0,closed,False,False
59024,290,147,4,3,1.5,closed,False,False
59023,1,1,3,0,0.0,closed,False,False
59020,46,42,4,0,0.0,closed,False,False
59018,98,2,0,5,5.0,open,False,False
59016,17,12,2,0,0.0,closed,False,False
59014,3,3,2,0,0.0,closed,False,False
59012,159,19,4,0,0.0,closed,False,False
59011,300,257,5,0,0.0,closed,False,False
59010,69,69,2,0,0.0,closed,False,False
59007,1,1,2,0,0.0,closed,False,False
59005,2,2,4,0,0.0,closed,False,False
59004,614,53,3,0,0.0,closed,False,False
59002,186,53,2,1,0.3333333333333333,closed,False,False
59000,2,1,2,0,0.0,closed,False,False
58998,809,801,4,0,0.0,closed,False,False
58997,0,2,4,0,0.0,closed,False,False
58994,236,122,3,0,0.0,closed,False,False
58993,1,1,4,0,0.0,closed,False,False
58992,1,1,3,0,0.0,closed,False,False
58991,1,0,4,0,0.0,closed,False,False
58990,122,1,3,0,0.0,closed,False,False
58988,4,38,2,0,0.0,closed,False,False
58986,3,0,9,0,0.0,closed,False,False
58985,2,2,3,0,0.0,closed,False,False
58984,195,154,2,1,1.0,open,False,False
58983,4,4,4,3,3.0,closed,False,False
58982,520,11,2,2,0.5,closed,False,False
58979,48684,39210,8,15,0.03416856492027335,closed,False,False
58978,56,4,2,0,0.0,closed,False,False
58967,0,1,3,0,0.0,closed,False,False
58966,1,1,3,0,0.0,closed,False,False
58965,31,6,0,1,0.5,open,False,False
58963,1,1,2,0,0.0,closed,False,False
58962,68,3,1,0,0.0,open,False,False
58961,620,92,2,3,3.0,closed,False,False
58960,13,9,2,0,0.0,closed,False,False
58959,309,38,2,0,0.0,closed,False,False
58956,1,1,5,0,0.0,closed,False,False
58955,12,12,3,0,0.0,closed,False,False
58951,10,10,5,0,0.0,closed,False,False
58950,21,67,6,0,0.0,closed,False,False
58949,0,57,4,0,0.0,closed,False,False
58948,1,0,6,0,0.0,closed,False,False
58945,30,2,5,6,6.0,open,False,False
58944,17,2,0,0,0.0,open,False,False
58942,106,2,3,8,8.0,closed,False,False
58939,5,5,1,0,0.0,open,False,False
58938,1,2,5,0,0.0,closed,False,False
58937,0,2,2,0,0.0,closed,False,False
58935,210,32,4,12,12.0,closed,False,False
58934,32,26,3,0,0.0,closed,False,False
58933,6,2,7,0,0.0,closed,False,False
58932,69,67,2,0,0.0,closed,False,False
58929,10,0,3,0,0.0,closed,False,False
58928,14,0,2,0,0.0,closed,False,False
58927,12,12,2,0,0.0,closed,False,False
58925,1,115,4,1,1.0,closed,False,False
58924,161,38,3,3,3.0,closed,False,False
58922,6,76,2,0,0.0,closed,False,False
58916,138,0,7,1,0.5,closed,False,False
58914,2,52,4,2,2.0,closed,False,False
58913,9,9,3,3,3.0,closed,False,False
58911,21,8,6,2,2.0,closed,False,False
58910,15,15,3,0,0.0,closed,False,False
58908,9,0,1,0,0.0,closed,True,True
58907,10,1,1,0,0.0,closed,True,True
58906,13,0,1,0,0.0,closed,True,True
58905,34,1,1,0,0.0,closed,True,True
58904,3,11,2,0,0.0,closed,False,False
58903,35,2,1,0,0.0,closed,True,True
58900,69,69,2,0,0.0,closed,False,False
58897,17,28,2,4,4.0,closed,False,False
58891,115,96,3,0,0.0,closed,False,False
58889,5,5,3,0,0.0,closed,False,False
58888,10,10,2,0,0.0,closed,False,False
58886,1,1,2,0,0.0,closed,False,False
58885,0,7221,4,0,0.0,closed,False,False
58883,1,3,4,0,0.0,closed,False,False
58881,11,4,3,0,0.0,closed,False,False
58880,51,2,1,0,0.0,closed,False,False
58879,1,1,2,0,0.0,closed,False,False
58877,69,67,2,0,0.0,closed,False,False
58876,231,34,2,0,0.0,closed,False,False
58870,46,13,3,0,0.0,closed,False,False
58869,2,3,3,0,0.0,closed,False,False
58867,619,467,3,0,0.0,closed,False,False
58866,2,0,2,0,0.0,closed,False,False
58865,3,0,2,0,0.0,closed,False,False
58864,2,5,2,0,0.0,closed,False,False
58860,6,4,11,0,0.0,closed,False,False
58859,6,0,4,0,0.0,closed,False,False
58858,1,1,5,0,0.0,closed,False,False
58855,37,1,2,0,0.0,closed,False,False
58852,1,1,2,0,0.0,closed,False,False
58848,15,5,10,0,0.0,closed,False,False
58847,20,14,2,0,0.0,closed,False,False
58843,2,0,2,0,0.0,closed,False,False
58839,167016,92879,2,0,0.0,closed,False,False
58837,1,9,2,0,0.0,closed,False,False
58834,126,77,5,0,0.0,closed,False,False
58833,399,236,2,15,7.5,closed,False,False
58831,67,18,11,0,0.0,open,False,False
58826,5,12,4,0,0.0,closed,False,False
58824,35,6,1,0,0.0,closed,False,False
58823,1,1,3,0,0.0,closed,False,False
58822,13,11,2,3,3.0,closed,False,False
58821,2196,1882,3,1,0.25,closed,False,False
58819,0,4,5,0,0.0,closed,False,False
58818,90,69,3,9,4.5,closed,False,False
58816,1,1,5,0,0.0,closed,False,False
58813,25,4,3,0,0.0,closed,False,False
58812,2,1,4,0,0.0,closed,False,False
58809,3,3,2,0,0.0,closed,False,False
58808,1,1,2,0,0.0,closed,False,False
58807,1,1,3,0,0.0,closed,False,False
58806,3506,632,3,0,0.0,closed,False,False
58805,25,25,4,1,1.0,closed,False,False
58804,40,0,2,0,0.0,closed,False,False
58803,2,2,3,0,0.0,closed,False,False
58799,56,56,2,0,0.0,closed,False,False
58797,2,2,3,0,0.0,closed,False,False
58796,77,15,2,0,0.0,closed,False,False
58795,2,2,7,0,0.0,closed,False,False
58792,1,1,2,2,2.0,closed,False,False
58791,1,1,2,0,0.0,closed,False,False
58786,176,157,2,16,4.0,closed,False,False
58785,4,0,5,0,0.0,closed,False,False
58782,11,8,2,0,0.0,closed,False,False
58781,56,56,2,0,0.0,closed,False,False
58779,53,6,2,3,3.0,closed,False,False
58778,69,67,2,0,0.0,closed,False,False
58777,57,23,3,1,1.0,closed,False,False
58775,66,47,3,0,0.0,closed,False,False
58771,254,5,2,10,5.0,closed,False,False
58770,8,0,3,0,0.0,closed,False,False
58769,258,13,2,2,2.0,closed,False,False
58768,1,2,5,1,1.0,closed,False,False
58766,533,417,3,0,0.0,closed,False,False
58763,5,3,2,0,0.0,closed,False,False
58762,8,1,5,3,3.0,closed,False,False
58761,7,8,2,0,0.0,closed,False,False
58760,0,68,3,0,0.0,open,False,False
58759,6,2,2,0,0.0,closed,False,False
58757,1,1,2,0,0.0,closed,False,False
58756,3,3,4,9,9.0,closed,False,False
58752,72,88,0,12,6.0,open,False,False
58751,4,0,3,0,0.0,closed,False,False
58750,4,0,3,0,0.0,closed,False,False
58748,5,0,2,0,0.0,closed,False,False
58745,3,0,2,0,0.0,closed,False,False
58742,15021,13706,4,2,1.0,closed,False,False
58741,3,3,2,0,0.0,closed,False,False
58740,20,0,3,0,0.0,closed,False,False
58736,19,51,1,0,0.0,closed,True,True
58735,218,506,1,0,0.0,closed,True,True
58734,167,487,1,0,0.0,closed,True,True
58732,6,6,3,2,2.0,closed,False,False
58731,13,11,3,0,0.0,closed,False,False
58730,1,1,2,0,0.0,closed,False,False
58729,10,10,2,0,0.0,closed,False,False
58728,16,16,3,0,0.0,closed,False,False
58727,4,1,3,0,0.0,closed,False,False
58726,1480504,0,2,0,0.0,closed,False,False
58724,2,2,2,0,0.0,closed,False,False
58722,420,143,2,25,25.0,closed,False,False
58721,3,3,3,0,0.0,closed,False,False
58720,3,2,3,0,0.0,closed,False,False
58719,173,37,2,1,0.5,closed,False,False
58711,9027,4987,4,0,0.0,closed,False,False
58706,69,145,1,0,0.0,closed,False,False
58704,7,1,3,0,0.0,closed,False,False
58703,12,5,2,0,0.0,closed,False,False
58702,1,1,3,0,0.0,closed,False,False
58700,17,17,3,0,0.0,closed,False,False
58698,31,7,3,7,7.0,closed,False,False
58696,5,5,1,0,0.0,closed,False,False
58694,78,1279,2,0,0.0,closed,False,False
58693,5,6,2,3,3.0,closed,False,False
58692,16,0,1,0,0.0,closed,True,True
58691,17,1,1,0,0.0,closed,True,True
58689,14142,9893,4,0,0.0,closed,False,False
58687,120,0,4,4,4.0,closed,False,False
58684,13,4,2,0,0.0,closed,False,False
58683,1,0,5,0,0.0,closed,False,False
58681,164,44,2,0,0.0,closed,False,False
58678,71,3,2,0,0.0,open,False,False
58675,111,0,3,0,0.0,closed,False,False
58674,3,3,2,0,0.0,closed,False,False
58673,109,46,1,2,2.0,closed,False,False
58672,30,353,1,0,0.0,closed,False,False
58671,226,6,3,24,24.0,closed,False,False
58669,83,12,4,0,0.0,closed,False,False
58668,1,1,3,0,0.0,closed,False,False
58667,3,7,3,0,0.0,closed,False,False
58666,465,334,2,0,0.0,closed,False,False
58665,25,0,1,0,0.0,closed,True,True
58664,26,1,1,0,0.0,closed,True,True
58663,177,8,6,11,3.6666666666666665,open,False,False
58662,9,0,1,0,0.0,closed,True,True
58661,10,1,1,0,0.0,closed,True,True
58660,21,411,6,0,0.0,closed,False,False
58659,121,251,5,1,1.0,closed,False,False
58658,1,0,2,0,0.0,closed,False,False
58655,20,9,3,1,1.0,closed,False,False
58654,66,64,2,0,0.0,closed,False,False
58651,11,7,2,0,0.0,closed,False,False
58649,1,1,3,0,0.0,closed,False,False
58647,125,6,3,2,2.0,closed,False,False
58646,77,80,9,6,6.0,open,False,False
58644,125,16,3,5,5.0,closed,False,False
58641,66,66,3,0,0.0,closed,False,False
58640,8,4,5,2,2.0,closed,False,False
58639,76,76,2,0,0.0,closed,False,False
58638,11,311,3,0,0.0,closed,False,False
58637,8,1,2,0,0.0,closed,False,False
58636,3,3,2,0,0.0,closed,False,False
58635,1,0,2,0,0.0,closed,False,False
58634,66,66,3,0,0.0,closed,False,False
58633,1,1,5,0,0.0,closed,False,False
58631,60,3,3,2,2.0,closed,False,False
58627,395,103,2,0,0.0,closed,False,False
58625,1,3,4,0,0.0,closed,False,False
58624,456,394,7,0,0.0,closed,False,False
58621,160,7,2,0,0.0,closed,False,False
58619,1,0,2,0,0.0,closed,False,False
58618,8,7,3,0,0.0,closed,False,False
58617,3,3,2,0,0.0,closed,False,False
58616,228,251,2,0,0.0,closed,False,False
58615,6,312,3,0,0.0,closed,False,False
58614,1,1,3,0,0.0,closed,False,False
58613,86,5,2,0,0.0,closed,False,False
58611,1,1,2,0,0.0,closed,False,False
58610,42,225,17,0,0.0,closed,False,False
58609,857,44,6,4,4.0,closed,False,False
58608,86,72,2,2,2.0,closed,False,False
58607,460,3,3,0,0.0,closed,False,False
58606,129,729,3,6,6.0,closed,False,False
58605,37,50,4,0,0.0,closed,False,False
58604,1,1,2,0,0.0,closed,False,False
58603,327,435,3,9,9.0,closed,False,False
58601,243,12,2,8,8.0,closed,False,False
58600,315,91,4,0,0.0,open,False,False
58599,66,66,1,0,0.0,closed,False,False
58598,1046,941,2,0,0.0,closed,False,False
58597,66,66,2,0,0.0,closed,False,False
58596,131,120,2,0,0.0,closed,False,False
58595,0,1,3,0,0.0,closed,False,False
58594,1,1,2,0,0.0,closed,False,False
58593,66,64,3,0,0.0,closed,False,False
58592,65,299,2,0,0.0,closed,False,False
58589,85,94,2,3,3.0,closed,False,False
58587,219,316,2,0,0.0,closed,False,False
58586,238,1,1,0,0.0,open,False,False
58581,137,30,2,3,1.5,closed,False,False
58580,33,13,5,0,0.0,open,False,False
58576,13,0,5,0,0.0,closed,False,False
58574,311,65,8,3,3.0,closed,False,False
58573,6,6,5,0,0.0,closed,False,False
58572,670,785,3,28,28.0,closed,False,False
58571,66,66,3,0,0.0,closed,False,False
58569,102,0,3,16,16.0,closed,False,False
58566,198,0,14,0,0.0,open,False,False
58565,1,1,3,0,0.0,closed,False,False
58564,11,7,2,1,1.0,closed,False,False
58563,113,0,2,0,0.0,closed,False,False
58561,4,16,2,0,0.0,closed,False,False
58560,1,1,2,0,0.0,closed,False,False
58557,164,44,11,0,0.0,closed,False,False
58556,1,34,2,0,0.0,closed,False,False
58554,40,6,2,0,0.0,closed,False,False
58553,314,365,2,24,12.0,closed,False,False
58551,1,4,1,0,0.0,closed,False,False
58550,67,69,3,0,0.0,closed,False,False
58549,62,36,3,24,24.0,closed,False,False
58548,138,12,2,0,0.0,closed,False,False
58547,169,16,3,37,37.0,closed,False,False
58544,66,66,2,0,0.0,closed,False,False
58542,2,1,2,0,0.0,closed,False,False
58541,342,115,2,5,2.5,closed,False,False
58538,68,66,2,0,0.0,closed,False,False
58537,2,0,2,1,1.0,closed,False,False
58535,28,0,1,0,0.0,closed,True,True
58534,29,1,1,0,0.0,closed,True,True
58533,10,0,1,0,0.0,closed,True,True
58532,11,1,1,0,0.0,closed,True,True
58530,0,0,1,0,0.0,closed,False,False
58528,34,9,3,14,14.0,closed,False,False
58527,20,1,2,3,3.0,closed,False,False
58525,6,7,2,0,0.0,closed,False,False
58523,4,1,2,0,0.0,closed,False,False
58521,6,3,2,0,0.0,closed,False,False
58520,196,68,3,0,0.0,closed,False,False
58518,91,30,3,0,0.0,closed,False,False
58517,45,16,0,0,0.0,open,False,False
58515,216,40,3,2,0.6666666666666666,closed,False,False
58514,1,0,2,0,0.0,closed,False,False
58512,1,2,2,0,0.0,closed,False,False
58511,1,2,2,0,0.0,closed,False,False
58510,35,10,2,0,0.0,closed,False,False
58506,75,55,3,0,0.0,closed,False,False
58503,33,24,2,0,0.0,closed,False,False
58502,95,0,0,1,1.0,open,False,False
58500,148,48,3,0,0.0,closed,False,False
58499,47,58,2,0,0.0,closed,False,False
58498,33,8,2,0,0.0,closed,False,False
58497,4,3,2,0,0.0,closed,False,False
58493,5,5,6,0,0.0,closed,False,False
58492,144,48,2,0,0.0,closed,False,False
58491,1,1,2,0,0.0,closed,False,False
58488,1,1,3,0,0.0,closed,False,False
58482,26,4,5,1,1.0,closed,False,False
58479,2,2,4,0,0.0,closed,False,False
58478,5,27,2,0,0.0,closed,False,False
58477,3,3,2,0,0.0,closed,False,False
58476,0,0,3,0,0.0,closed,False,False
58474,18,2,5,1,1.0,closed,False,False
58472,3,3,2,3,3.0,closed,False,False
58470,1,1,2,0,0.0,closed,False,False
58468,69,42,2,0,0.0,closed,False,False
58465,71,36,2,0,0.0,closed,False,False
58464,131,119,7,12,12.0,closed,False,False
58463,307,81,0,0,0.0,open,False,False
58462,1,1,2,0,0.0,closed,False,False
58460,5,1,2,0,0.0,closed,False,False
58458,1,6,2,0,0.0,closed,False,False
58457,592,732,2,0,0.0,closed,False,False
58456,31,28,4,7,7.0,closed,False,False
58453,50,45,4,1,1.0,closed,False,False
58450,627,803,4,0,0.0,closed,False,False
58449,69,18208,2,0,0.0,closed,False,False
58448,1434,914,2,0,0.0,closed,False,False
58447,7,15,2,0,0.0,closed,False,False
58446,3610,3798,3,0,0.0,closed,False,False
58445,419,54,9,129,25.8,closed,False,False
58444,29,276,2,0,0.0,closed,False,False
58443,6,1,2,0,0.0,closed,False,False
58439,427,3,0,0,0.0,open,False,False
58438,33,0,1,0,0.0,closed,True,True
58437,34,1,1,0,0.0,closed,True,True
58435,13,0,1,0,0.0,closed,True,True
58434,14,1,1,0,0.0,closed,True,True
58432,174,34,0,3,3.0,open,False,False
58431,1,1,5,0,0.0,closed,False,False
58430,62,47,3,1,1.0,closed,False,False
58427,343,74,2,0,0.0,closed,False,False
58426,33,8,2,0,0.0,closed,False,False
58425,131,124,13,0,0.0,closed,False,False
58424,51,18,5,0,0.0,closed,False,False
58421,247,10,1,0,0.0,closed,False,False
58420,3,3,2,0,0.0,closed,False,False
58419,90,66,2,18,18.0,closed,False,False
58418,124,12,2,0,0.0,closed,False,False
58417,30,353,2,0,0.0,closed,False,False
58416,1,0,2,0,0.0,closed,False,False
58415,17,14,1,0,0.0,closed,False,False
58414,39,2,4,0,0.0,closed,False,False
58413,86,9,2,0,0.0,closed,False,False
58411,35,27,2,0,0.0,closed,False,False
58410,2,2,3,0,0.0,closed,False,False
58408,1,1,3,0,0.0,closed,False,False
58405,98,19,2,0,0.0,closed,False,False
58402,16,11,2,0,0.0,closed,False,False
58400,2,2,2,0,0.0,closed,False,False
58397,0,0,1,2,0,closed,False,False
58396,17,3,3,0,0.0,closed,False,False
58395,18,4,3,0,0.0,closed,False,False
58394,72,101,2,0,0.0,closed,False,False
58393,348,57,2,0,0.0,closed,False,False
58392,9,1,3,0,0.0,closed,False,False
58390,348,57,1,0,0.0,closed,False,False
58388,2,2,2,0,0.0,closed,False,False
58387,4,4,2,0,0.0,closed,False,False
58386,223,180,3,2,2.0,closed,False,False
58383,4,4,4,0,0.0,closed,False,False
58381,2,2,3,0,0.0,closed,False,False
58378,5,7,2,0,0.0,closed,False,False
58375,0,11,2,0,0.0,closed,False,False
58373,1,1,3,0,0.0,closed,False,False
58372,197,51,2,1,1.0,closed,False,False
58369,17,1,1,0,0.0,closed,False,False
58368,18,2,1,0,0.0,closed,False,False
58367,8,4,2,0,0.0,closed,False,False
58366,141,66,2,13,6.5,closed,False,False
58363,102,84,2,2,2.0,closed,False,False
58362,14,14,5,0,0.0,closed,False,False
58360,27,1,5,3,1.0,closed,False,False
58357,137,181,2,6,6.0,closed,False,False
58355,1,1,3,0,0.0,closed,False,False
58352,15,6,9,0,0.0,closed,False,False
58351,2,46,0,0,0.0,open,False,False
58350,28,0,2,0,0.0,closed,False,False
58349,10,5,3,0,0.0,closed,False,False
58343,0,3,2,0,0.0,closed,False,False
58341,15,3,4,1,1.0,closed,False,False
58339,2,2,2,0,0.0,closed,False,False
58338,3,3,3,0,0.0,closed,False,False
58337,52,1,1,0,0.0,closed,True,True
58336,52,1,1,0,0.0,closed,True,True
58335,10,1,1,0,0.0,closed,True,True
58334,10,1,1,0,0.0,closed,True,True
58333,14,0,6,8,8.0,closed,False,False
58330,3,3,3,0,0.0,closed,False,False
58329,1,1,2,0,0.0,closed,False,False
58328,83,35,2,9,9.0,closed,False,False
58325,0,1,2,0,0.0,closed,False,False
58322,2,3,3,0,0.0,closed,False,False
58321,115,47,2,3,1.0,closed,False,False
58320,33,19,2,0,0.0,closed,False,False
58319,230,294,3,0,0.0,closed,False,False
58318,20,5,3,0,0.0,closed,False,False
58317,2,2,0,0,0.0,open,False,False
58316,191,22,6,0,0.0,closed,False,False
58315,13,93,2,0,0.0,closed,False,False
58314,9,2,1,0,0.0,closed,False,False
58313,87,266,2,0,0.0,closed,False,False
58311,200,82,3,0,0.0,closed,False,False
58310,169,333,7,4,4.0,closed,False,False
58309,8,4,3,0,0.0,closed,False,False
58308,3,3,3,0,0.0,closed,False,False
58306,8,1,0,2,2.0,open,False,False
58305,1,1,2,0,0.0,closed,False,False
58301,209,10,1,0,0.0,closed,False,False
58299,292,18,2,3,1.0,closed,False,False
58298,200,10,2,0,0.0,closed,False,False
58297,251,403,2,12,2.0,closed,False,False
58294,182,41,4,0,0.0,closed,False,False
58291,5,0,0,0,0.0,open,False,False
58290,63,57,2,13,13.0,closed,False,False
58289,2,2,3,2,2.0,closed,False,False
58288,160,151,5,4,4.0,closed,False,False
58287,12,1,2,0,0.0,closed,False,False
58285,2,2,1,0,0.0,closed,False,False
58283,2,8,2,0,0.0,closed,False,False
58282,351,25,3,5,1.6666666666666667,closed,False,False
58280,293,95,7,0,0.0,closed,False,False
58276,7,11,2,0,0.0,closed,False,False
58274,1,13,5,2,2.0,closed,False,False
58272,0,97,2,0,0.0,closed,False,False
58270,3,3,2,0,0.0,closed,False,False
58269,1,1,2,0,0.0,closed,False,False
58268,119,1,3,4,4.0,closed,False,False
58267,1,1,3,0,0.0,closed,False,False
58266,2,1,4,0,0.0,closed,False,False
58265,103,22,2,0,0.0,closed,False,False
58263,387,8,2,0,0.0,closed,False,False
58261,856,0,1,0,0.0,closed,False,False
58260,247,168,2,5,1.25,closed,False,False
58259,285,0,2,5,5.0,closed,False,False
58257,26,18,2,0,0.0,closed,False,False
58256,1661,1200,5,1,1.0,closed,False,False
58255,1087,0,23,51,17.0,closed,False,False
58254,112,112,2,6,3.0,closed,False,False
58253,3,3,2,0,0.0,closed,False,False
58252,14,1,2,0,0.0,closed,False,False
58250,0,0,4,7,0,closed,False,False
58249,27,24,3,0,0.0,closed,False,False
58246,2,2,3,1,1.0,closed,False,False
58244,2,2,3,0,0.0,closed,False,False
58243,113,13,2,0,0.0,closed,False,False
58239,27,0,2,0,0.0,closed,False,False
58238,215,373,4,12,4.0,closed,False,False
58237,371,2268,1,1,0.2,closed,False,False
58236,23,4,3,0,0.0,closed,False,False
58235,3,3,2,0,0.0,closed,False,False
58234,4,7,3,0,0.0,closed,False,False
58232,2374,0,4,0,0.0,closed,False,False
58231,177,9,5,2,1.0,closed,False,False
58230,105,79,1,0,0.0,closed,True,True
58229,0,0,3,0,0.0,closed,True,True
58228,44,4,3,0,0.0,closed,False,False
58227,105,79,1,0,0.0,closed,False,False
58223,55,34,3,0,0.0,closed,False,False
58221,1,1,4,0,0.0,closed,False,False
58219,1,143,6,0,0.0,closed,False,False
58217,61,71,3,0,0.0,closed,False,False
58216,19,24,2,0,0.0,closed,False,False
58215,21,219,3,0,0.0,closed,False,False
58214,2,2,2,0,0.0,closed,False,False
58213,787,338,5,66,33.0,closed,False,False
58212,388,18,0,11,2.75,open,False,False
58210,13,1,2,0,0.0,closed,False,False
58207,1,1,2,0,0.0,closed,False,False
58206,55,0,2,2,2.0,closed,False,False
58205,1268,179,2,3,0.6,closed,False,False
58204,1,1,3,0,0.0,closed,False,False
58202,2,2,3,0,0.0,closed,False,False
58201,7,17733,5,0,0.0,closed,False,False
58200,1,1,3,0,0.0,closed,False,False
58199,100,3,3,2,0.6666666666666666,closed,False,False
58198,549,124,9,19,19.0,closed,False,False
58197,20,7,2,0,0.0,closed,False,False
58196,566,431,2,2,2.0,closed,False,False
58195,17,18,2,4,4.0,closed,False,False
58194,7,0,3,0,0.0,closed,False,False
58193,3076,153,4,137,137.0,closed,False,False
58191,58,9,2,0,0.0,closed,False,False
58190,348,85,2,2,0.4,closed,False,False
58189,496,1,6,18,18.0,closed,False,False
58188,2,2,2,0,0.0,closed,False,False
58187,1,1,2,0,0.0,closed,False,False
58186,1,0,2,0,0.0,closed,False,False
58183,219,21,4,11,2.75,closed,False,False
58182,6,8,3,0,0.0,closed,False,False
58178,0,0,2,0,0.0,closed,False,False
58176,422,72,4,0,0.0,closed,False,False
58175,41,5,2,2,2.0,closed,False,False
58174,31,18,3,8,8.0,closed,False,False
58173,87,27,2,6,3.0,closed,False,False
58171,2,0,2,0,0.0,closed,False,False
58170,5,5,4,1,1.0,closed,False,False
58169,964,815,4,5,0.5555555555555556,closed,False,False
58168,525,96,2,0,0.0,closed,False,False
58166,102,0,2,0,0.0,closed,False,False
58164,20,11,9,3,3.0,closed,False,False
58162,84,51,2,0,0.0,closed,False,False
58161,14,14,1,0,0.0,closed,False,False
58160,15707,3848,3,0,0.0,closed,False,False
58159,85,63,1,0,0.0,closed,False,False
58156,4,4,2,0,0.0,closed,False,False
58155,3,3,3,0,0.0,closed,False,False
58154,72,11,4,0,0.0,closed,False,False
58152,333,32,3,2,1.0,closed,False,False
58150,245,23,2,0,0.0,closed,False,False
58148,215,0,2,0,0.0,closed,False,False
58147,62,1,1,0,0.0,closed,True,True
58146,27,0,1,0,0.0,closed,True,True
58145,28,1,1,0,0.0,closed,True,True
58143,4,2,6,0,0.0,closed,False,False
58141,1,1,2,0,0.0,closed,False,False
58139,286,269,2,0,0.0,closed,False,False
58138,27442,19204,1,2,2.0,closed,False,False
58137,17,5,2,0,0.0,closed,False,False
58136,112,2,2,2,2.0,closed,False,False
58135,191,18,4,0,0.0,closed,False,False
58131,87,6,0,2,2.0,open,False,False
58126,93,12,2,2,2.0,closed,False,False
58125,1,1,3,0,0.0,closed,False,False
58124,8,18,3,0,0.0,closed,False,False
58119,37,0,2,1,1.0,closed,False,False
58116,3,3,3,0,0.0,closed,False,False
58115,6,18382,2,0,0.0,closed,False,False
58114,15,18161,2,0,0.0,closed,False,False
58112,198,27,12,10,10.0,closed,False,False
58109,27,11,2,0,0.0,closed,False,False
58108,1,1,2,0,0.0,closed,False,False
58107,1,1,2,0,0.0,closed,False,False
58106,558,80,3,0,0.0,closed,False,False
58104,141,37,3,2,2.0,closed,False,False
58103,235,67926,2,0,0.0,closed,False,False
58102,38,13,2,0,0.0,closed,False,False
58101,3,1,2,0,0.0,closed,False,False
58100,11,1,0,0,0.0,open,False,False
58099,108,103,2,0,0.0,closed,False,False
58098,102,88,2,0,0.0,closed,False,False
58096,4,13,3,0,0.0,closed,False,False
58095,6,3,1,1,1.0,closed,False,False
58094,2,0,3,0,0.0,closed,False,False
58093,2,2,4,0,0.0,closed,False,False
58092,2,0,2,2,2.0,closed,False,False
58091,134,102,2,1,1.0,closed,False,False
58089,86,3,1,0,0.0,closed,False,False
58087,7,7,4,0,0.0,closed,False,False
58086,28,4,3,10,10.0,closed,False,False
58085,1,1,3,0,0.0,closed,False,False
58083,38,0,2,0,0.0,closed,False,False
58082,38,0,3,0,0.0,closed,False,False
58080,4,3,3,0,0.0,open,False,False
58077,1,1,6,2,2.0,closed,False,False
58072,9,14,0,0,0.0,open,False,False
58071,25,2,3,0,0.0,closed,False,False
58070,3,1,2,0,0.0,closed,False,False
58069,3,0,8,0,0.0,closed,False,False
58065,42,4,13,4,4.0,closed,False,False
58064,1,6,2,0,0.0,closed,False,False
58063,3,13,2,0,0.0,closed,False,False
58062,0,22,3,0,0.0,closed,False,False
58060,1,1,3,1,0.5,closed,False,False
58059,1,1,2,0,0.0,closed,False,False
58057,4,13,2,0,0.0,closed,False,False
58056,9,10,2,0,0.0,closed,False,False
58054,63,1,2,0,0.0,closed,False,False
58051,17,12,2,0,0.0,closed,False,False
58050,3,1,2,2,2.0,closed,False,False
58049,78,66,2,0,0.0,closed,False,False
58048,3,0,3,0,0.0,closed,False,False
58047,40,1,1,0,0.0,closed,True,True
58046,32,1,1,0,0.0,closed,True,True
58045,33,2,1,0,0.0,closed,True,True
58042,1,1,3,0,0.0,closed,False,False
58041,42,8,1,3,3.0,open,False,False
58040,56,51,6,13,13.0,closed,False,False
58038,1,1,4,1,1.0,closed,False,False
58037,1,1,1,0,0.0,closed,False,False
58035,11,1,2,0,0.0,closed,False,False
58034,55,21,3,2,2.0,closed,False,False
58033,74,1,3,0,0.0,closed,False,False
58032,366,10,5,0,0.0,closed,False,False
58031,91,32,2,0,0.0,closed,False,False
58030,2,2,2,0,0.0,closed,False,False
58028,4,1,2,0,0.0,closed,False,False
58026,0,20,3,0,0.0,closed,False,False
58024,2,2,2,0,0.0,closed,False,False
58023,6,6,4,0,0.0,closed,False,False
58022,31,31,2,1,1.0,closed,False,False
58021,5,6,4,0,0.0,closed,False,False
58019,299,139,2,0,0.0,closed,False,False
58017,158,13,0,0,0.0,open,False,False
58016,4,6,5,0,0.0,closed,False,False
58015,2,6,2,0,0.0,closed,False,False
58013,97,4,2,0,0.0,closed,False,False
58010,27,48,3,0,0.0,open,False,False
58008,71,6,1,0,0.0,open,False,False
58006,1,7,3,0,0.0,closed,False,False
58005,1,7,2,0,0.0,closed,False,False
58004,110,30,3,4,4.0,closed,False,False
57999,1,1,2,0,0.0,closed,False,False
57998,3,3,2,0,0.0,closed,False,False
57997,1,1,2,0,0.0,closed,False,False
57996,1,1,1,0,0.0,closed,False,False
57995,1,1,2,0,0.0,closed,False,False
57994,1,1,5,0,0.0,closed,False,False
57993,0,19,2,0,0.0,closed,False,False
57992,609,57,2,0,0.0,closed,False,False
57990,1,1,2,0,0.0,closed,False,False
57989,1,1,2,0,0.0,closed,False,False
57988,7,7,2,0,0.0,closed,False,False
57987,17369,6755,1,0,0.0,closed,False,False
57986,1,1,2,0,0.0,closed,False,False
57985,2,19,3,0,0.0,closed,False,False
57984,12,1,2,0,0.0,closed,False,False
57982,12,1,1,0,0.0,open,False,False
57981,21,4,4,1,0.5,closed,False,False
57980,204,97,2,0,0.0,closed,False,False
57979,283,5,2,0,0.0,closed,False,False
57975,876,305,2,1,0.5,closed,False,False
57974,0,2,2,0,0.0,closed,False,False
57973,1,3,2,0,0.0,closed,False,False
57970,9,13,2,4,4.0,closed,False,False
57966,61,0,5,4,4.0,closed,False,False
57964,1,1,6,0,0.0,closed,False,False
57963,1,1,9,0,0.0,closed,False,False
57962,4,0,3,0,0.0,closed,False,False
57961,52,20,2,0,0.0,closed,False,False
57960,50,2,1,0,0.0,closed,True,True
57959,5,0,1,0,0.0,closed,True,True
57958,9,2,1,0,0.0,closed,True,True
57957,131,67,2,0,0.0,closed,False,False
57953,2345,31,5,13,13.0,closed,False,False
57952,75,50,4,2,2.0,closed,False,False
57951,89,71,2,2,2.0,closed,False,False
57948,7,0,2,0,0.0,closed,False,False
57947,500,34,2,8,1.6,closed,False,False
57945,4,3,3,2,2.0,closed,False,False
57940,350,4,2,10,10.0,closed,False,False
57939,3,30,1,0,0.0,closed,False,False
57938,16,16,2,0,0.0,closed,False,False
57937,1,1,2,0,0.0,closed,False,False
57936,31,0,4,2,0.6666666666666666,closed,False,False
57935,114,0,2,0,0.0,closed,False,False
57934,7362,0,4,0,0.0,closed,False,False
57930,8,8,6,0,0.0,closed,False,False
57929,13,7,3,0,0.0,closed,False,False
57928,6,6,1,0,0.0,closed,False,False
57927,2,2,10,21,21.0,closed,False,False
57926,1,1,2,0,0.0,closed,False,False
57924,1,1,2,0,0.0,closed,False,False
57922,214,42,2,4,4.0,closed,False,False
57921,10,12,3,0,0.0,closed,False,False
57919,135,3,2,0,0.0,closed,False,False
57918,138,59,4,0,0.0,closed,False,False
57917,62,5,2,0,0.0,closed,False,False
57913,10,6,4,0,0.0,closed,False,False
57911,45,1,3,0,0.0,closed,False,False
57908,1,1,3,0,0.0,closed,False,False
57907,3,3,2,0,0.0,closed,False,False
57905,4041,1535,2,0,0.0,closed,False,False
57904,22,6,1,0,0.0,closed,False,False
57903,1,0,2,0,0.0,closed,False,False
57902,3491,3491,3,0,0.0,closed,False,False
57901,3576,3547,5,0,0.0,closed,False,False
57899,10,4,2,0,0.0,closed,False,False
57898,262,44,2,0,0.0,closed,False,False
57897,2,6,2,0,0.0,closed,False,False
57896,56,30,2,0,0.0,closed,False,False
57895,0,2,5,0,0.0,closed,False,False
57894,2,2,4,0,0.0,closed,False,False
57893,5,588,4,0,0.0,closed,False,False
57892,3,3,2,0,0.0,closed,False,False
57890,10,1,2,0,0.0,closed,False,False
57889,0,0,2,0,0.0,closed,False,False
57885,2,1,2,0,0.0,closed,False,False
57883,345,234,2,0,0.0,closed,False,False
57882,27,9,4,0,0.0,closed,False,False
57881,120,118,4,4,4.0,closed,False,False
57880,69,18208,3,0,0.0,closed,False,False
57878,4,3,3,0,0.0,closed,False,False
57877,3,0,4,0,0.0,closed,False,False
57876,1,1,7,0,0.0,closed,False,False
57875,14,14,1,0,0.0,closed,False,False
57874,1,1,7,0,0.0,closed,False,False
57873,19,6,3,0,0.0,closed,False,False
57870,22,1,1,0,0.0,closed,True,True
57869,18,1,1,0,0.0,closed,True,True
57868,18,1,1,0,0.0,closed,True,True
57867,1,1,2,0,0.0,closed,False,False
57866,561,539,4,1,0.030303030303030304,closed,False,False
57863,94,1,2,0,0.0,closed,False,False
57861,44,2,2,2,2.0,closed,False,False
57860,3,3,2,0,0.0,closed,False,False
57859,60,7,8,5,5.0,closed,False,False
57857,5635,4463,2,0,0.0,closed,False,False
57855,6,5,2,0,0.0,closed,False,False
57854,152,31,2,0,0.0,closed,False,False
57853,92,42,2,0,0.0,closed,False,False
57852,32,22,1,0,0.0,closed,False,False
57851,63,63,8,0,0.0,closed,False,False
57845,13,1,3,0,0.0,closed,False,False
57843,1,1,2,0,0.0,closed,False,False
57842,20,20,2,0,0.0,closed,False,False
57840,168,43,0,5,5.0,closed,False,False
57839,8,0,2,0,0.0,closed,False,False
57837,1,1,2,0,0.0,closed,False,False
57836,1,1,5,0,0.0,closed,False,False
57835,368,266,2,1,0.3333333333333333,closed,False,False
57834,177,116,2,15,15.0,closed,False,False
57833,523,224,3,0,0.0,closed,False,False
57832,3,3,2,0,0.0,closed,False,False
57831,865,163,2,0,0.0,closed,False,False
57830,103,97,2,0,0.0,closed,False,False
57828,1,1,2,0,0.0,closed,False,False
57825,3,3,3,1,1.0,closed,False,False
57823,1,1,3,0,0.0,closed,False,False
57822,20,20,3,0,0.0,closed,False,False
57821,117,111,2,0,0.0,closed,False,False
57820,2,2,3,0,0.0,closed,False,False
57816,40,3,5,5,2.5,closed,False,False
57813,1,5,2,1,1.0,closed,False,False
57810,109,259,2,0,0.0,closed,False,False
57809,9,2,2,0,0.0,closed,False,False
57808,11,21,3,0,0.0,closed,False,False
57807,2296,2898,1,0,0.0,closed,False,False
57806,94,259,1,0,0.0,closed,False,False
57805,408,29,2,2,0.6666666666666666,closed,False,False
57804,17,24,6,2,2.0,closed,False,False
57803,60,25,4,0,0.0,closed,False,False
57802,23,9,2,2,2.0,closed,False,False
57799,2,2,3,0,0.0,closed,False,False
57797,14,2,2,0,0.0,closed,False,False
57796,353,30,6,0,0.0,closed,False,False
57794,217,8,3,8,8.0,closed,False,False
57792,265,131,1,0,0.0,closed,False,False
57791,1,1,4,0,0.0,closed,False,False
57788,1,1,4,0,0.0,closed,False,False
57786,1,1,4,1,1.0,closed,False,False
57784,15,1,2,0,0.0,closed,False,False
57783,1,1,3,0,0.0,closed,False,False
57782,10,1,1,0,0.0,closed,True,True
57781,13,0,1,0,0.0,closed,True,True
57780,14,1,1,0,0.0,closed,True,True
57777,591,166,2,0,0.0,closed,False,False
57776,29689,29843,3,0,0.0,closed,False,False
57775,1,1,2,0,0.0,closed,False,False
57772,1,1,2,0,0.0,closed,False,False
57770,1,1,3,0,0.0,closed,False,False
57766,1083,660,2,0,0.0,closed,False,False
57763,5526,4337,2,2,2.0,closed,False,False
57762,633,1913,1,0,0.0,closed,False,False
57761,5525,4336,2,0,0.0,closed,False,False
57760,1,1,5,0,0.0,closed,False,False
57759,22,2,1,0,0.0,closed,False,False
57754,95,165,2,0,0.0,closed,False,False
57750,78,6,2,0,0.0,closed,False,False
57749,141,89,4,0,0.0,closed,False,False
57748,92,168,2,0,0.0,closed,False,False
57747,16,26,4,0,0.0,closed,False,False
57746,25,5,4,0,0.0,closed,False,False
57745,1540,709,1,0,0.0,closed,False,False
57743,21,1,2,0,0.0,closed,False,False
57742,23,1,1,0,0.0,closed,True,True
57741,1,1,2,0,0.0,closed,False,False
57739,1,1,2,0,0.0,closed,False,False
57738,2,2,2,0,0.0,closed,False,False
57735,112,15,2,0,0.0,closed,False,False
57734,3,0,4,0,0.0,closed,False,False
57733,1,1,2,0,0.0,closed,False,False
57726,2,2,11,0,0.0,closed,False,False
57725,1,1,3,0,0.0,closed,False,False
57724,227,44,0,0,0.0,open,False,False
57722,2,2,3,0,0.0,closed,False,False
57719,20,15,5,2,0.6666666666666666,closed,False,False
57718,1,1,2,0,0.0,closed,False,False
57717,89,19,4,5,5.0,closed,False,False
57716,17373,6757,4,0,0.0,closed,False,False
57711,22,12,2,0,0.0,closed,False,False
57710,6,0,5,0,0.0,closed,False,False
57709,4,3,3,10,2.0,closed,False,False
57707,58,5,3,6,6.0,closed,False,False
57706,17,9,3,3,3.0,closed,False,False
57705,6,6,2,0,0.0,closed,False,False
57703,2,6,4,0,0.0,closed,False,False
57701,1,1,11,0,0.0,closed,False,False
57700,1,1,7,0,0.0,closed,False,False
57699,6,0,4,0,0.0,closed,False,False
57698,4,3,3,0,0.0,closed,False,False
57697,18,0,3,1,1.0,closed,False,False
57695,0,14,3,0,0.0,closed,False,False
57694,3,0,2,0,0.0,closed,False,False
57692,51,15,6,0,0.0,closed,False,False
57691,302,81,2,7,2.3333333333333335,closed,False,False
57686,164,51,2,2,2.0,closed,False,False
57685,3,3,3,0,0.0,closed,False,False
57684,315,36,2,0,0.0,closed,False,False
57681,12,9,3,1,1.0,closed,False,False
57680,32,73,2,0,0.0,closed,False,False
57679,9,9,3,0,0.0,closed,False,False
57677,400,324,4,0,0.0,closed,False,False
57676,2271,4937,3,0,0.0,closed,False,False
57675,11,1,3,3,3.0,closed,False,False
57673,0,46,3,2,2.0,closed,False,False
57672,186,111,3,0,0.0,closed,False,False
57671,138,52,2,0,0.0,closed,False,False
57668,2,2,5,0,0.0,closed,False,False
57662,33,1,1,0,0.0,closed,True,True
57661,9,0,1,0,0.0,closed,True,True
57660,11,2,1,0,0.0,closed,True,True
57659,503,293,3,11,1.8333333333333333,closed,False,False
57658,2,0,4,1,1.0,closed,False,False
57657,29,0,2,0,0.0,closed,False,False
57654,168,44,2,7,2.3333333333333335,closed,False,False
57652,5,5,2,1,1.0,closed,False,False
57650,51,2,2,2,2.0,closed,False,False
57649,3,3,2,0,0.0,closed,False,False
57648,4,6,3,3,3.0,closed,False,False
57647,7262,88,9,55,18.333333333333332,closed,False,False
57645,700,165,4,7,1.1666666666666667,closed,False,False
57643,388,1,3,11,5.5,closed,False,False
57637,0,195,2,0,0.0,closed,False,False
57636,2,2,3,0,0.0,closed,False,False
57634,17,17,2,0,0.0,closed,False,False
57633,6,6,2,0,0.0,closed,False,False
57632,3,13,2,0,0.0,closed,False,False
57631,6,6,3,0,0.0,closed,False,False
57629,207,7,2,0,0.0,closed,False,False
57627,1,1,7,0,0.0,closed,False,False
57626,10,10,3,0,0.0,closed,False,False
57625,1,1,2,0,0.0,closed,False,False
57624,159,9,1,0,0.0,open,False,False
57622,5,6,3,0,0.0,closed,False,False
57621,32,0,7,2,2.0,closed,False,False
57620,14,0,5,0,0.0,closed,False,False
57619,20,5,10,7,7.0,closed,False,False
57618,263,165,2,0,0.0,closed,False,False
57616,1,1,2,0,0.0,closed,False,False
57615,139,22,3,1,1.0,closed,False,False
57614,198,38,8,0,0.0,open,False,False
57613,559,13,2,9,3.0,closed,False,False
57612,18315,11065,3,0,0.0,closed,False,False
57611,30,10,3,1,1.0,closed,False,False
57610,159,40,4,2,2.0,closed,False,False
57608,1,1,3,0,0.0,closed,False,False
57607,1,1,3,0,0.0,closed,False,False
57606,152,113,2,0,0.0,closed,False,False
57605,747,6,4,3,1.5,closed,False,False
57604,671,0,2,20,10.0,closed,False,False
57603,9,2505,2,0,0.0,closed,False,False
57602,105,106,5,0,0.0,closed,False,False
57600,10,1,2,0,0.0,closed,False,False
57597,30,30,3,0,0.0,closed,False,False
57596,15,1,3,0,0.0,closed,False,False
57595,97,20,3,0,0.0,closed,False,False
57594,4,41,4,0,0.0,closed,False,False
57593,40,1,3,0,0.0,closed,False,False
57592,74,140,2,0,0.0,closed,False,False
57590,15,2,2,1,1.0,closed,False,False
57589,2,1,3,0,0.0,closed,False,False
57588,79,3,3,0,0.0,closed,False,False
57585,3,3,2,0,0.0,closed,False,False
57584,140,74,5,0,0.0,closed,False,False
57583,2,2,2,0,0.0,closed,False,False
57582,1,1,5,0,0.0,closed,False,False
57580,7,9,15,1,1.0,closed,False,False
57577,617,1485,2,0,0.0,closed,False,False
57575,62,1,1,0,0.0,closed,True,True
57574,22,0,1,0,0.0,closed,True,True
57573,3293,2110,1,0,0.0,closed,True,True
57572,1,1,4,0,0.0,closed,False,False
57571,2,37,2,0,0.0,closed,False,False
57570,35,3,2,1,1.0,closed,False,False
57568,70,0,8,10,10.0,closed,False,False
57567,30,0,8,0,0.0,open,False,False
57566,168,14,3,7,3.5,closed,False,False
57565,5,7,2,0,0.0,closed,False,False
57564,34,14,4,10,10.0,closed,False,False
57562,52,100,3,0,0.0,closed,False,False
57560,0,1,3,0,0.0,closed,False,False
57559,10,403,3,0,0.0,closed,False,False
57558,234,270,6,20,20.0,closed,False,False
57556,1017,64,2,2,0.6666666666666666,closed,False,False
57555,64,1017,2,0,0.0,closed,False,False
57554,5,2,3,0,0.0,closed,False,False
57553,1,1,2,0,0.0,closed,False,False
57551,543,182,5,0,0.0,closed,False,False
57549,741,3,7,7,7.0,closed,False,False
57547,1017,64,2,0,0.0,closed,False,False
57546,67,9,3,2,1.0,closed,False,False
57545,33,14,2,2,0.6666666666666666,closed,False,False
57543,1,1,2,0,0.0,closed,False,False
57542,21,2,2,0,0.0,closed,False,False
57541,42,24,3,0,0.0,closed,False,False
57538,1,1,2,0,0.0,closed,False,False
57537,30,0,4,0,0.0,closed,False,False
57536,11,10,2,0,0.0,closed,False,False
57535,21,3,2,0,0.0,closed,False,False
57534,44,10,5,10,10.0,closed,False,False
57533,322,71,4,0,0.0,closed,False,False
57532,7,7,5,0,0.0,closed,False,False
57531,44,2,9,4,2.0,closed,False,False
57530,41,35,3,0,0.0,closed,False,False
57526,1,1,2,0,0.0,closed,False,False
57525,1017,64,2,5,1.6666666666666667,closed,False,False
57521,1,1,3,0,0.0,closed,False,False
57518,5,0,2,0,0.0,closed,False,False
57517,1,1,5,0,0.0,closed,False,False
57514,6,6,2,0,0.0,closed,False,False
57513,32,0,3,5,5.0,closed,False,False
57512,2,1,5,5,2.5,closed,False,False
57508,8,14,3,0,0.0,closed,False,False
57507,10,10,2,0,0.0,closed,False,False
57505,1,2,3,0,0.0,open,False,False
57504,806,700,2,0,0.0,closed,False,False
57503,94,34,3,0,0.0,closed,False,False
57502,23,55,2,2,2.0,closed,False,False
57501,1,1,2,0,0.0,closed,False,False
57499,456,438,2,0,0.0,closed,False,False
57498,52,31,1,0,0.0,closed,False,False
57497,174,349,2,0,0.0,closed,False,False
57495,79,6,3,0,0.0,closed,False,False
57493,80,4,3,7,7.0,closed,False,False
57492,127,45,3,2,0.5,closed,False,False
57490,16,0,1,0,0.0,closed,True,True
57489,18,2,1,0,0.0,closed,True,True
57488,30,2,1,0,0.0,closed,True,True
57487,47,17,8,0,0.0,closed,False,False
57484,171,108,3,0,0.0,closed,False,False
57482,1,1,4,0,0.0,closed,False,False
57480,27,1,12,2,2.0,closed,False,False
57479,86,4,4,7,7.0,closed,False,False
57478,2,14,1,0,0.0,closed,False,False
57477,154,53,1,0,0.0,closed,False,False
57476,36,72,4,0,0.0,closed,False,False
57475,2271,4937,5,34,34.0,closed,False,False
57474,1,1,2,0,0.0,closed,False,False
57472,2,2,2,0,0.0,closed,False,False
57466,135,2,3,0,0.0,closed,False,False
57465,11,7,3,0,0.0,closed,False,False
57464,3,0,3,3,3.0,closed,False,False
57461,1,1,2,0,0.0,closed,False,False
57458,329,0,6,1,1.0,closed,False,False
57456,5,5,3,0,0.0,closed,False,False
57455,1,1,2,0,0.0,closed,False,False
57454,123,19,3,0,0.0,closed,False,False
57453,806,700,3,6,3.0,closed,False,False
57452,8,8,3,0,0.0,closed,False,False
57451,456,333,2,0,0.0,closed,False,False
57447,13,12,3,0,0.0,closed,False,False
57446,1,1,2,0,0.0,closed,False,False
57445,2048,2077,3,0,0.0,closed,False,False
57444,2,2,1,2,2.0,closed,False,False
57443,5,5,1,0,0.0,closed,False,False
57442,10,4,2,0,0.0,closed,False,False
57441,36,1,1,0,0.0,closed,False,False
57440,1,1,3,0,0.0,closed,False,False
57437,3,0,2,3,3.0,closed,False,False
57436,4,4,4,0,0.0,closed,False,False
57431,1,1,3,0,0.0,closed,False,False
57429,141,32,2,0,0.0,closed,False,False
57428,973,474,2,0,0.0,closed,False,False
57427,939,451,2,0,0.0,closed,False,False
57425,5,6,5,0,0.0,closed,False,False
57424,979,27,4,0,0.0,closed,False,False
57421,109,145,3,4,1.0,closed,False,False
57420,1,6,2,0,0.0,closed,False,False
57419,1,6,2,0,0.0,closed,False,False
57418,19,2,2,3,3.0,closed,False,False
57417,1,14,1,0,0.0,closed,False,False
57416,117,147,4,0,0.0,closed,False,False
57415,59,38,0,0,0.0,open,False,False
57414,1,1,2,0,0.0,closed,False,False
57413,15,7,2,0,0.0,closed,False,False
57410,6,14,2,0,0.0,closed,False,False
57408,5,4,2,0,0.0,closed,False,False
57407,6,5,2,0,0.0,closed,False,False
57406,3,3,4,0,0.0,closed,False,False
57405,1,1,3,0,0.0,closed,False,False
57403,41,0,1,0,0.0,closed,True,True
57402,0,29,1,0,0.0,closed,False,False
57401,46,131,1,0,0.0,closed,True,True
57400,36,121,1,0,0.0,closed,True,True
57399,17,0,1,0,0.0,closed,True,True
57398,18,1,1,0,0.0,closed,True,True
57397,104,164,3,0,0.0,closed,False,False
57396,858,0,3,10,3.3333333333333335,closed,False,False
57395,2,2,4,0,0.0,closed,False,False
57391,3,3,6,0,0.0,closed,False,False
57389,50,8,2,5,2.5,closed,False,False
57388,10,16,3,0,0.0,closed,False,False
57387,65,128,3,0,0.0,closed,False,False
57386,21,5,3,0,0.0,closed,False,False
57383,72,0,3,0,0.0,closed,False,False
57382,6,1,4,0,0.0,closed,False,False
57380,4,4,3,0,0.0,closed,False,False
57379,455,461,2,0,0.0,closed,False,False
57377,4,4,5,0,0.0,closed,False,False
57375,1,1,3,0,0.0,closed,False,False
57372,5,3,2,9,9.0,closed,False,False
57368,256,148,2,1,0.5,closed,False,False
57367,113,8,3,0,0.0,closed,False,False
57365,137,83,4,12,12.0,closed,False,False
57363,81,61,3,0,0.0,closed,False,False
57362,2,2,3,0,0.0,closed,False,False
57358,2,2,2,0,0.0,closed,False,False
57357,12,19,3,0,0.0,closed,False,False
57356,63,7,3,0,0.0,closed,False,False
57355,15,1,2,0,0.0,closed,False,False
57354,59,0,3,0,0.0,closed,False,False
57353,114,45,0,0,0.0,closed,False,False
57352,1437,186,1,0,0.0,closed,False,False
57351,2,2,4,2,2.0,closed,False,False
57350,58,52,3,0,0.0,closed,False,False
57348,2474,45,3,59,59.0,open,False,False
57347,289,11,2,0,0.0,closed,False,False
57346,371,56,9,31,15.5,closed,False,False
57344,659,44,3,0,0.0,closed,False,False
57343,6,3,3,0,0.0,closed,False,False
57342,984,22,11,24,24.0,closed,False,False
57340,4579,1813,3,0,0.0,closed,False,False
57338,13,12,5,0,0.0,closed,False,False
57337,139,29,0,0,0.0,open,False,False
57323,119,81,2,0,0.0,closed,False,False
57320,74,51,2,0,0.0,closed,False,False
57319,74,51,2,0,0.0,closed,False,False
57318,1437,186,2,0,0.0,closed,False,False
57317,3,4,2,0,0.0,closed,False,False
57315,676,16,2,1,1.0,closed,False,False
57314,1,1,2,0,0.0,closed,False,False
57311,3,3,2,0,0.0,closed,False,False
57309,5,2,2,0,0.0,closed,False,False
57308,119,81,4,0,0.0,closed,False,False
57307,28,28,4,0,0.0,closed,False,False
57306,2,1,2,0,0.0,closed,False,False
57303,55,26,3,0,0.0,closed,False,False
57300,73,4,3,0,0.0,closed,False,False
57299,135,3,3,0,0.0,closed,False,False
57298,181,56,3,0,0.0,closed,False,False
57297,24,1,1,0,0.0,closed,True,True
57296,24,1,1,0,0.0,closed,True,True
57295,18,0,1,0,0.0,closed,True,True
57294,19,1,1,0,0.0,closed,True,True
57292,352,62,3,0,0.0,closed,False,False
57291,5,2,2,0,0.0,closed,False,False
57283,7,2,1,0,0.0,closed,False,False
57282,49,7,2,7,2.3333333333333335,closed,False,False
57281,194,67,2,0,0.0,closed,False,False
57280,8,0,3,0,0.0,closed,False,False
57279,75,1,3,0,0.0,closed,False,False
57278,4,2,2,0,0.0,closed,False,False
57272,2,1,2,0,0.0,closed,False,False
57271,1,1,2,0,0.0,closed,False,False
57270,1,1,2,0,0.0,closed,False,False
57269,52,68,3,0,0.0,closed,False,False
57268,68,54,2,0,0.0,closed,False,False
57267,175,6,2,4,4.0,closed,False,False
57266,2,2,3,0,0.0,closed,False,False
57265,22,1,1,0,0.0,closed,True,True
57264,10,1,2,0,0.0,closed,False,False
57263,127,110,1,0,0.0,closed,False,False
57262,53,4,2,0,0.0,closed,False,False
57260,21,6,5,0,0.0,closed,False,False
57257,276,178,3,0,0.0,closed,False,False
57256,455,435,2,0,0.0,closed,False,False
57255,455,461,3,13,3.25,closed,False,False
57245,12,8,3,2,2.0,closed,False,False
57241,5674,64,5,0,0.0,closed,False,False
57240,25,13,3,0,0.0,closed,False,False
57239,35,22,3,0,0.0,closed,False,False
57235,623,16,1,0,0.0,closed,False,False
57234,3,1,3,0,0.0,closed,False,False
57233,10,0,8,0,0.0,closed,False,False
57232,3,5,3,0,0.0,closed,False,False
57231,3,9,2,0,0.0,closed,False,False
57230,156,156,3,0,0.0,closed,False,False
57229,1,5,3,0,0.0,closed,False,False
57228,1,1,3,0,0.0,closed,False,False
57226,3,3,2,0,0.0,closed,False,False
57222,0,9,4,0,0.0,closed,False,False
57221,3,3,4,0,0.0,closed,False,False
57220,1,1,1,0,0.0,closed,False,False
57218,32,1,1,0,0.0,closed,True,True
57217,19,1,1,0,0.0,closed,True,True
57216,19,1,1,0,0.0,closed,True,True
57215,54,68,3,0,0.0,closed,False,False
57214,591,154,2,10,1.6666666666666667,closed,False,False
57212,42,1,2,2,2.0,closed,False,False
57211,3374,3825,2,0,0.0,closed,False,False
57210,89,7,9,15,15.0,closed,False,False
57206,9,3,4,0,0.0,closed,False,False
57205,3367,3820,3,0,0.0,closed,False,False
57203,53,95,5,0,0.0,closed,False,False
57202,6,5,3,0,0.0,closed,False,False
57201,16,13,3,1,0.5,closed,False,False
57200,42,39,4,3,3.0,closed,False,False
57199,70,0,0,3,3.0,open,False,False
57198,62,6,2,4,2.0,closed,False,False
57195,1,1,4,0,0.0,closed,False,False
57194,150,28,18,1,0.3333333333333333,open,False,False
57192,231,243,3,7,7.0,closed,False,False
57191,5,4,2,0,0.0,closed,False,False
57190,40,27,2,7,7.0,closed,False,False
57189,1248,1290,1,0,0.0,closed,False,False
57187,21,22,9,0,0.0,closed,False,False
57186,25,38,2,0,0.0,closed,False,False
57181,176,156,4,0,0.0,closed,False,False
57179,246,45,2,0,0.0,closed,False,False
57178,10,10,2,0,0.0,closed,False,False
57176,2,1,12,0,0.0,closed,False,False
57175,1,1,2,0,0.0,closed,True,True
57173,73,1,2,0,0.0,closed,False,False
57172,1,1,3,0,0.0,closed,False,False
57170,2,2,2,0,0.0,closed,False,False
57166,1,1,2,0,0.0,closed,False,False
57165,16,6,9,0,0.0,closed,False,False
57164,4,4,2,0,0.0,closed,False,False
57163,9,9,2,0,0.0,closed,False,False
57162,1,3,2,0,0.0,closed,False,False
57161,6,6,2,0,0.0,closed,False,False
57153,63,58,3,0,0.0,closed,False,False
57152,30,11,2,0,0.0,closed,False,False
57150,2,2,2,0,0.0,closed,False,False
57149,5,5,1,0,0.0,closed,False,False
57148,5,5,1,0,0.0,closed,False,False
57147,51,2,5,0,0.0,closed,False,False
57146,1,1,5,0,0.0,closed,False,False
57144,216,191,3,7,7.0,closed,False,False
57142,129,745,2,0,0.0,closed,False,False
57141,135,5,3,4,4.0,closed,False,False
57138,6,5,3,0,0.0,closed,False,False
57137,25,15,4,0,0.0,closed,False,False
57134,43,7,2,0,0.0,closed,False,False
57132,28243,90,4,0,0.0,closed,False,False
57130,29,6,14,0,0.0,closed,False,False
57129,9,0,12,1,1.0,closed,False,False
57127,197,13,2,0,0.0,closed,False,False
57126,3,3,3,0,0.0,closed,False,False
57125,32,11,4,0,0.0,closed,False,False
57121,21,8,2,0,0.0,closed,False,False
57120,23,2,1,0,0.0,closed,True,True
57118,18,0,1,0,0.0,closed,True,True
57116,19,1,1,0,0.0,closed,True,True
57115,13,33,2,0,0.0,closed,False,False
57110,337,24,2,15,15.0,closed,False,False
57108,1,1,2,0,0.0,closed,False,False
57104,5,3,2,0,0.0,closed,False,False
57103,1,4,3,2,2.0,closed,False,False
57102,29,4,0,0,0.0,open,False,False
57100,55,25,2,2,2.0,closed,False,False
57099,273,3,3,16,16.0,closed,False,False
57098,46,5,4,0,0.0,closed,False,False
57097,5,6,4,1,1.0,closed,False,False
57096,353,518,2,5,1.6666666666666667,closed,False,False
57092,35,24,2,0,0.0,closed,False,False
57091,1,1,2,0,0.0,closed,False,False
57090,5,5,2,0,0.0,closed,False,False
57088,3,271,2,0,0.0,closed,False,False
57087,1,1,2,0,0.0,closed,False,False
57086,1,1,1,0,0.0,closed,False,False
57084,857,411,2,0,0.0,closed,False,False
57082,6794,1,3,22,1.5714285714285714,closed,False,False
57081,25,30,4,6,6.0,closed,False,False
57079,15,0,2,0,0.0,closed,False,False
57077,1,1,6,1,1.0,closed,False,False
57074,557,6,4,67,67.0,closed,False,False
57073,372,38,4,17,17.0,closed,False,False
57070,1,1,7,0,0.0,closed,False,False
57069,849,1,3,0,0.0,closed,False,False
57065,1,1,9,0,0.0,closed,False,False
57062,24,5,32,30,30.0,open,False,False
57060,357,231,3,1,0.25,closed,False,False
57059,707,261,4,3,3.0,closed,False,False
57057,3,1,3,0,0.0,closed,False,False
57056,2100,1,7,33,33.0,closed,False,False
57053,3,1,3,2,0.5,closed,False,False
57052,11,33,3,0,0.0,closed,False,False
57051,252,15,2,3,3.0,closed,False,False
57050,51,69,4,0,0.0,closed,False,False
57047,199,165,4,13,13.0,closed,False,False
57046,19633,7875,2,4,0.05970149253731343,closed,False,False
57045,147,12,2,0,0.0,closed,False,False
57038,1,1,2,0,0.0,closed,False,False
57036,1,1,3,0,0.0,closed,False,False
57035,5,4,2,8,8.0,closed,False,False
57033,305,7,5,0,0.0,closed,False,False
57030,11,1,2,0,0.0,closed,False,False
57029,14,2,2,0,0.0,closed,False,False
57028,33,1,1,0,0.0,closed,True,True
57027,58,5,3,0,0.0,closed,False,False
57026,26,0,1,0,0.0,closed,True,True
57025,27,1,1,0,0.0,closed,True,True
57024,6828,6596,3,0,0.0,closed,False,False
57023,9,0,1,0,0.0,closed,True,True
57022,10,1,1,0,0.0,closed,True,True
57020,70,9,5,1,1.0,closed,False,False
57018,105,3,4,0,0.0,closed,False,False
57010,205,15,3,0,0.0,closed,False,False
57009,1,1,3,0,0.0,closed,False,False
57007,4,4,9,0,0.0,closed,False,False
57006,1,1,3,0,0.0,closed,False,False
57004,2,1,0,0,0.0,open,False,False
57003,87,23,3,0,0.0,closed,False,False
57002,86,22,2,1,1.0,closed,False,False
57000,19,0,2,0,0.0,closed,False,False
56998,191,206,5,31,31.0,closed,False,False
56997,1,1,2,0,0.0,closed,False,False
56996,143,9,1,0,0.0,closed,False,False
56995,149,165,3,4,4.0,closed,False,False
56994,160,75,4,0,0.0,closed,False,False
56993,195,44,3,0,0.0,closed,False,False
56991,15,5,1,0,0.0,open,False,False
56986,3,3,3,0,0.0,closed,False,False
56981,87,1,2,5,5.0,closed,False,False
56980,49,1,3,0,0.0,closed,False,False
56978,2,1,1,0,0.0,closed,False,False
56976,7,82,2,0,0.0,closed,False,False
56974,2,2,2,0,0.0,closed,False,False
56973,32,3,3,1,1.0,closed,False,False
56972,66,2,1,0,0.0,closed,False,False
56971,35,32,8,0,0.0,closed,False,False
56968,64,1,2,0,0.0,closed,False,False
56963,983,930,4,1,1.0,closed,False,False
56961,4,0,3,0,0.0,closed,False,False
56960,10,10,3,0,0.0,closed,False,False
56959,158,3,1,1,1.0,closed,False,False
56955,1,1,3,0,0.0,closed,False,False
56954,3,3,2,0,0.0,closed,False,False
56952,2,1,2,0,0.0,closed,False,False
56951,135,0,2,0,0.0,closed,False,False
56947,5,0,4,0,0.0,closed,False,False
56946,410,182,2,0,0.0,closed,False,False
56944,1,1,2,0,0.0,closed,False,False
56942,5,5,2,0,0.0,closed,False,False
56940,3856,6898,3,0,0.0,closed,False,False
56939,2,3,0,0,0.0,closed,False,False
56938,4,4,3,0,0.0,closed,False,False
56936,4,11,2,0,0.0,closed,False,False
56934,95,32,2,0,0.0,closed,False,False
56933,1363731,0,3,0,0.0,closed,False,False
56932,233,31,4,2,2.0,closed,False,False
56931,1,1,3,2,2.0,closed,False,False
56930,36,26,0,0,0.0,open,False,False
56929,21,4,2,0,0.0,closed,False,False
56928,13,0,1,0,0.0,closed,True,True
56927,57,129,1,0,0.0,closed,True,True
56926,32,104,1,0,0.0,closed,True,True
56925,17,0,1,0,0.0,closed,True,True
56924,18,1,1,0,0.0,closed,True,True
56922,5,5,3,0,0.0,closed,False,False
56921,1,1,2,3,3.0,closed,False,False
56920,1,0,2,0,0.0,closed,False,False
56917,3,3,2,0,0.0,closed,False,False
56915,1,1,3,0,0.0,closed,False,False
56914,1,1,2,0,0.0,closed,False,False
56913,54,1,2,0,0.0,closed,False,False
56911,1,1,2,0,0.0,closed,False,False
56906,1,1,2,0,0.0,closed,False,False
56905,1,1,2,0,0.0,closed,False,False
56904,1,1,2,0,0.0,closed,False,False
56903,43,16,2,0,0.0,closed,False,False
56901,1,10,4,0,0.0,closed,False,False
56900,243,220,4,8,8.0,closed,False,False
56899,12,44,0,0,0.0,open,False,False
56898,16,1,3,1,1.0,open,False,False
56896,1,1,2,0,0.0,closed,False,False
56895,134,1,2,0,0.0,closed,False,False
56892,237,85,3,4,1.3333333333333333,closed,False,False
56886,125,14,3,3,3.0,closed,False,False
56883,137,3,3,0,0.0,closed,False,False
56882,1,1,2,0,0.0,closed,False,False
56881,27,0,2,0,0.0,closed,False,False
56880,1,1,2,0,0.0,closed,False,False
56877,4,4,2,0,0.0,closed,False,False
56874,6,6,6,0,0.0,closed,False,False
56870,1,1,6,0,0.0,closed,False,False
56861,1,1,10,3,1.5,closed,False,False
56859,26864,34184,3,0,0.0,closed,False,False
56852,164,64,9,4,4.0,closed,False,False
56851,0,1,3,0,0.0,closed,False,False
56848,1,1,4,0,0.0,closed,False,False
56847,1,1,2,0,0.0,closed,False,False
56844,2,1,3,0,0.0,closed,False,False
56843,158,21,3,1,0.5,closed,False,False
56840,1,0,3,0,0.0,closed,False,False
56839,38,53,2,0,0.0,closed,False,False
56837,1,1,4,0,0.0,closed,False,False
56836,2,2,2,0,0.0,closed,False,False
56834,18,0,1,0,0.0,closed,True,True
56833,19,1,1,0,0.0,closed,True,True
56831,1,1,2,0,0.0,closed,False,False
56830,3,0,6,0,0.0,closed,False,False
56829,1,0,6,0,0.0,closed,False,False
56828,33,0,4,5,5.0,closed,False,False
56825,3,0,2,0,0.0,closed,False,False
56820,6,1,2,1,0.5,closed,False,False
56819,2,2,2,0,0.0,closed,False,False
56817,1,1,3,0,0.0,closed,False,False
56816,101,0,4,7,7.0,closed,False,False
56814,16,0,2,0,0.0,closed,False,False
56813,0,0,3,0,0.0,closed,False,False
56812,21,21,13,2,2.0,closed,False,False
56811,10,5,2,0,0.0,closed,False,False
56810,12,486,2,0,0.0,closed,False,False
56808,4,4,2,0,0.0,closed,False,False
56807,1,1,3,0,0.0,closed,False,False
56806,0,14,2,0,0.0,closed,False,False
56804,1,0,3,0,0.0,closed,False,False
56803,1,1,2,0,0.0,closed,False,False
56802,9,9,3,0,0.0,closed,False,False
56801,19,11,2,0,0.0,closed,False,False
56800,71,4,7,5,5.0,closed,False,False
56799,46,9,3,0,0.0,closed,False,False
56798,78,32,3,4,4.0,closed,False,False
56796,22,1,1,0,0.0,closed,True,True
56795,22,1,1,0,0.0,closed,True,True
56794,1,1,3,0,0.0,closed,False,False
56793,45,7,3,3,3.0,closed,False,False
56789,1,1,4,0,0.0,closed,False,False
56787,23,0,2,0,0.0,closed,False,False
56779,14,0,3,6,6.0,closed,False,False
56778,1,1,2,0,0.0,closed,False,False
56776,40,27,4,3,3.0,closed,False,False
56771,1,1,2,0,0.0,closed,False,False
56770,30,4,3,2,1.0,closed,False,False
56769,5,5,2,0,0.0,closed,False,False
56766,11,11,4,0,0.0,closed,False,False
56765,0,5,1,0,0.0,open,False,False
56764,7,2,2,0,0.0,closed,False,False
56763,168,43,4,3,3.0,closed,False,False
56762,6,2,3,0,0.0,closed,False,False
56761,0,1,2,0,0.0,closed,False,False
56759,12,0,6,0,0.0,closed,False,False
56758,4,4,4,0,0.0,closed,False,False
56756,2,2,3,0,0.0,closed,False,False
56753,1,1,6,0,0.0,closed,False,False
56752,321,28,2,2,0.6666666666666666,closed,False,False
56748,26,26,2,0,0.0,closed,False,False
56747,26,16,4,4,1.3333333333333333,closed,False,False
56746,6,6,3,0,0.0,closed,False,False
56744,9,9,2,0,0.0,closed,False,False
56743,3,0,2,0,0.0,closed,False,False
56742,1,1,2,0,0.0,closed,False,False
56741,1,1,2,0,0.0,closed,False,False
56740,23,51,3,0,0.0,closed,False,False
56736,1,1,2,0,0.0,closed,False,False
56731,11,0,1,0,0.0,closed,True,True
56730,12,1,1,0,0.0,closed,True,True
56729,16,1,1,0,0.0,closed,True,True
56728,269,512,6,4,4.0,closed,False,False
56727,683,14,1,11,5.5,closed,False,False
56725,105,97,1,2,2.0,closed,False,False
56723,10,94,4,0,0.0,closed,False,False
56722,9,0,3,0,0.0,closed,False,False
56721,9,0,3,0,0.0,closed,False,False
56715,102,236,10,0,0.0,closed,False,False
56692,6,0,2,0,0.0,closed,False,False
56671,1,1,2,0,0.0,closed,False,False
56669,89,0,4,5,5.0,closed,False,False
56591,1,58,4,0,0.0,closed,False,False
56590,54,146,5,0,0.0,closed,False,False
56588,16,9,2,2,2.0,closed,False,False
56587,3,7,2,0,0.0,closed,False,False
56581,1,1,2,0,0.0,closed,False,False
56580,15,6,2,0,0.0,closed,False,False
56579,9,9,4,0,0.0,closed,False,False
56574,1,1,3,4,4.0,closed,False,False
56573,22,13,2,0,0.0,closed,False,False
56572,34,14,2,2,2.0,closed,False,False
56563,1,1,2,0,0.0,closed,False,False
56561,88,1,2,0,0.0,closed,False,False
56559,1,7,6,0,0.0,closed,False,False
56557,1,1,4,0,0.0,closed,False,False
56554,19,19,10,0,0.0,closed,False,False
56553,5,3,2,4,4.0,closed,False,False
56551,1,1,4,0,0.0,closed,False,False
56550,1,1,4,0,0.0,closed,False,False
56549,30,0,7,1,1.0,closed,False,False
56546,80,3,2,0,0.0,closed,False,False
56545,35,37,2,0,0.0,open,False,False
56544,201,0,1,3,3.0,closed,False,False
56542,1,1,2,0,0.0,closed,False,False
56541,13,2,3,3,3.0,closed,False,False
56540,76,2,3,8,8.0,closed,False,False
56538,5,1,2,0,0.0,closed,False,False
56535,26,5,2,0,0.0,closed,False,False
56534,1,1,2,0,0.0,closed,False,False
56533,318,1,4,5,5.0,closed,False,False
56532,31,1,1,0,0.0,closed,True,True
56531,1,1,5,0,0.0,closed,False,False
56530,17,0,1,0,0.0,closed,True,True
56529,18,1,1,0,0.0,closed,True,True
56527,831,43,3,8,4.0,closed,False,False
56526,29,29,2,0,0.0,closed,False,False
56525,2,0,4,0,0.0,closed,False,False
56524,65,47,4,2,2.0,closed,False,False
56522,10,6,6,0,0.0,closed,False,False
56521,36,0,3,0,0.0,closed,False,False
56520,56,3,2,0,0.0,closed,False,False
56518,3,1,7,0,0.0,closed,False,False
56512,2,2,2,0,0.0,closed,False,False
56509,85,15,4,3,1.5,closed,False,False
56508,1,1,2,2,2.0,closed,False,False
56507,866,61,4,20,10.0,closed,False,False
56506,181,20,2,1,0.2,closed,False,False
56505,107,0,3,8,8.0,closed,False,False
56503,20,4,4,0,0.0,closed,False,False
56501,2457,745,8,16,16.0,closed,False,False
56499,8,98,2,0,0.0,closed,False,False
56496,390,194194,4,0,0.0,closed,False,False
56494,4,1,2,0,0.0,closed,False,False
56493,48,48,1,0,0.0,closed,False,False
56491,1,1,4,0,0.0,closed,False,False
56489,47,4,8,15,15.0,closed,False,False
56486,1,1,2,0,0.0,closed,False,False
56485,2,2,2,0,0.0,closed,False,False
56484,6,6,2,0,0.0,closed,False,False
56483,3,3,2,0,0.0,closed,False,False
56481,208,202,3,0,0.0,closed,False,False
56480,0,1,2,0,0.0,closed,False,False
56478,53,11,3,0,0.0,closed,False,False
56475,1,1,2,0,0.0,closed,False,False
56472,1,1,2,0,0.0,closed,False,False
56469,1,1,2,0,0.0,closed,False,False
56464,86,117,3,0,0.0,closed,False,False
56462,4,4,2,0,0.0,closed,False,False
56460,2,0,2,0,0.0,closed,False,False
56459,1128,517,0,0,0.0,open,False,False
56456,72,44,2,0,0.0,closed,False,False
56453,2,1,2,2,2.0,closed,False,False
56452,7,9,2,0,0.0,closed,False,False
56449,22,3,3,6,6.0,closed,False,False
56447,70,13,2,0,0.0,closed,False,False
56445,1,1,2,1,0.5,closed,False,False
56442,230972,307203,0,0,0.0,closed,False,False
56441,2,2,2,0,0.0,closed,False,False
56440,1011,877,4,0,0.0,closed,False,False
56439,447,24,1,0,0.0,closed,False,False
56438,1,1,2,0,0.0,closed,False,False
56436,4,0,3,0,0.0,closed,False,False
56435,1,1,2,0,0.0,closed,False,False
56433,1,1,6,0,0.0,closed,False,False
56432,199,22,2,0,0.0,closed,False,False
56431,29,11,2,0,0.0,closed,False,False
56429,4,5,3,0,0.0,closed,False,False
56428,1567,0,7,60,60.0,closed,False,False
56426,1,44,5,0,0.0,closed,False,False
56422,26,2,3,0,0.0,closed,False,False
56421,34,1,1,0,0.0,closed,True,True
56420,22,0,1,0,0.0,closed,True,True
56419,23,1,1,0,0.0,closed,True,True
56417,4,0,3,0,0.0,closed,False,False
56416,17,15,4,2,2.0,closed,False,False
56415,1,1,2,0,0.0,closed,False,False
56414,2,4,2,0,0.0,closed,False,False
56412,11,14,3,0,0.0,closed,False,False
56411,3,3,3,0,0.0,closed,False,False
56408,36,59,6,0,0.0,closed,False,False
56406,33,3,2,2,2.0,closed,False,False
56405,14,1,3,0,0.0,closed,False,False
56402,71,31,2,2,1.0,closed,False,False
56397,7,2,1,0,0.0,closed,False,False
56394,99,64,3,0,0.0,closed,False,False
56393,3,3,2,0,0.0,closed,False,False
56391,2,2,2,0,0.0,closed,False,False
56390,2,2,3,0,0.0,closed,False,False
56389,20,81092,2,0,0.0,closed,False,False
56388,123,411,3,0,0.0,closed,False,False
56387,845,2113,1,0,0.0,closed,False,False
56385,2,0,2,0,0.0,closed,False,False
56384,5,2,1,0,0.0,closed,False,False
56383,2,8,2,0,0.0,closed,False,False
56381,14,14,1,0,0.0,closed,False,False
56380,1238,389,1,0,0.0,closed,False,False
56379,3453,3423,2,0,0.0,closed,False,False
56377,70,70,5,0,0.0,closed,False,False
56375,1,1,2,0,0.0,closed,False,False
56374,1,1,2,0,0.0,closed,False,False
56373,41,114,2,0,0.0,closed,False,False
56371,4,2,2,0,0.0,closed,False,False
56369,877,1011,6,0,0.0,closed,False,False
56368,5,9,3,0,0.0,closed,False,False
56367,2,1,2,0,0.0,closed,False,False
56365,20510,20543,5,0,0.0,closed,False,False
56364,20673,20700,3,0,0.0,closed,False,False
56362,14,4,2,2,1.0,closed,False,False
56361,2852,5061,2,0,0.0,closed,False,False
56360,17,2,5,0,0.0,closed,False,False
56358,377,383,3,1,1.0,closed,False,False
56352,39,0,2,0,0.0,closed,False,False
56347,22,5,1,0,0.0,open,False,False
56346,1,1,4,0,0.0,closed,False,False
56344,2,2,3,11,3.6666666666666665,closed,False,False
56340,23,2,2,0,0.0,closed,False,False
56338,1,0,2,0,0.0,closed,False,False
56334,1,1,2,0,0.0,closed,False,False
56333,5,2,3,0,0.0,closed,False,False
56332,2,2,1,0,0.0,closed,False,False
56329,4,4,3,0,0.0,closed,False,False
56328,4,4,3,0,0.0,closed,False,False
56327,9,4,1,0,0.0,closed,False,False
56326,4,4,3,0,0.0,closed,False,False
56322,23,21,2,0,0.0,closed,False,False
56320,241,6,1,6,6.0,open,False,False
56316,1,1,3,0,0.0,closed,False,False
56315,41,1,3,0,0.0,closed,False,False
56313,2,2,1,0,0.0,closed,False,False
56312,7,2,1,0,0.0,closed,False,False
56311,3998,629,1,0,0.0,closed,False,False
56308,53,53,3,0,0.0,closed,False,False
56306,11,1,2,0,0.0,closed,False,False
56302,9,5,2,0,0.0,closed,False,False
56300,64,2,2,3,1.0,closed,False,False
56299,2283,23,2,24,3.4285714285714284,closed,False,False
56295,486,12,14,33,33.0,closed,False,False
56294,19,1,3,1,1.0,closed,False,False
56292,10,1,1,0,0.0,closed,False,False
56291,21,1,1,0,0.0,closed,True,True
56289,16,0,1,0,0.0,closed,True,True
56288,17,1,1,0,0.0,closed,True,True
56287,6,1,2,0,0.0,closed,False,False
56286,14,14,1,0,0.0,closed,False,False
56285,6,1,1,0,0.0,closed,True,True
56284,14,14,1,0,0.0,closed,False,False
56281,44,11,2,0,0.0,closed,False,False
56280,6,1,3,0,0.0,closed,False,False
56279,2,2,4,0,0.0,closed,False,False
56278,0,4,3,0,0.0,closed,False,False
56275,1,0,2,0,0.0,closed,False,False
56274,78,4,8,26,26.0,closed,False,False
56272,3,3,3,0,0.0,closed,False,False
56270,346,31,2,4,4.0,closed,False,False
56265,139,73,3,0,0.0,closed,False,False
56261,461,675,1,0,0.0,closed,False,False
56260,3826,1210,2,0,0.0,closed,False,False
56259,3658,1159,2,0,0.0,closed,False,False
56258,5,9,2,0,0.0,closed,False,False
56257,3,8,3,0,0.0,closed,False,False
56254,11,4,3,0,0.0,closed,False,False
56251,1,1,2,0,0.0,closed,False,False
56248,5,5,3,0,0.0,closed,False,False
56247,454,29,3,54,6.0,closed,False,False
56245,1,1,2,0,0.0,closed,False,False
56243,55,2,1,10,10.0,closed,False,False
56242,2,2,2,0,0.0,closed,False,False
56241,10,0,3,0,0.0,closed,False,False
56239,122,1,5,9,9.0,open,False,False
56237,14,14,1,0,0.0,closed,False,False
56235,1,1,3,0,0.0,closed,False,False
56234,2,2,2,0,0.0,closed,False,False
56228,2,2,2,0,0.0,closed,False,False
56227,1580,1906,2,0,0.0,closed,False,False
56225,1,0,5,0,0.0,closed,False,False
56222,2,1,2,0,0.0,closed,False,False
56221,4,4,1,0,0.0,closed,False,False
56218,2,0,3,0,0.0,closed,False,False
56217,1321,2609,3,0,0.0,closed,False,False
56213,19,4,10,12,12.0,closed,False,False
56212,205,146,5,2,2.0,open,False,False
56210,2,47,2,0,0.0,closed,False,False
56209,14,14,1,0,0.0,closed,False,False
56202,1,1,3,0,0.0,closed,False,False
56201,1,1,2,0,0.0,closed,False,False
56199,1355,114,4,13,1.625,closed,False,False
56197,1,3,2,0,0.0,closed,False,False
56196,0,68,1,0,0.0,closed,False,False
56195,202,168,5,0,0.0,closed,False,False
56194,5,1,1,0,0.0,closed,False,False
56193,327,120,3,0,0.0,closed,False,False
56192,471,79,7,17,17.0,closed,False,False
56191,0,6,2,0,0.0,closed,False,False
56189,0,1,2,0,0.0,closed,False,False
56188,3,2,3,0,0.0,closed,False,False
56187,17,17,2,0,0.0,closed,False,False
56184,1167,1155,1,0,0.0,closed,False,False
56179,105,1,3,0,0.0,closed,False,False
56178,2,2,3,0,0.0,closed,False,False
56177,95,1,0,0,0.0,open,False,False
56175,31,0,3,0,0.0,closed,False,False
56173,1,1,2,0,0.0,closed,False,False
56172,207,110,4,50,50.0,closed,False,False
56171,113,85,1,0,0.0,closed,False,False
56169,18568,11962,2,0,0.0,closed,False,False
56168,3,3,2,0,0.0,closed,False,False
56167,4,61,2,0,0.0,closed,False,False
56165,4,0,3,0,0.0,closed,False,False
56161,4,6,3,0,0.0,closed,False,False
56160,122,27,4,2,2.0,closed,False,False
56159,10,0,1,0,0.0,closed,True,True
56158,24,1,1,0,0.0,closed,True,True
56156,25,2,1,0,0.0,closed,True,True
56154,74,8,2,0,0.0,closed,False,False
56153,4,3,10,0,0.0,closed,False,False
56151,14,14,1,0,0.0,closed,False,False
56149,21,1,3,0,0.0,closed,False,False
56143,27,6,5,0,0.0,closed,False,False
56142,532,0,0,0,0.0,closed,False,False
56141,509,538,4,15,15.0,closed,False,False
56140,6,4,5,0,0.0,closed,False,False
56139,124,39,1,0,0.0,closed,False,False
56138,10,10,3,0,0.0,closed,False,False
56137,4,1,2,0,0.0,closed,False,False
56133,17,17,2,0,0.0,closed,False,False
56132,2,2,2,0,0.0,closed,False,False
56131,1,1,1,2,2.0,closed,False,False
56130,6600,0,2,0,0.0,closed,False,False
56129,0,0,9,0,0,closed,False,False
56128,127,271,3,0,0.0,closed,False,False
56127,1,1,3,0,0.0,closed,False,False
56124,26,1,6,0,0.0,closed,False,False
56119,2,2,2,0,0.0,closed,False,False
56118,24,40,3,0,0.0,closed,False,False
56117,17,17,1,0,0.0,closed,False,False
56116,16,16,6,0,0.0,closed,False,False
56114,16,16,2,0,0.0,closed,False,False
56113,16,16,2,0,0.0,closed,False,False
56112,16,16,2,0,0.0,closed,False,False
56111,1,1,3,0,0.0,closed,False,False
56105,29,1,13,0,0.0,closed,False,False
56103,28,1,3,0,0.0,closed,False,False
56096,2350,1155,3,6,6.0,closed,False,False
56093,8,8,3,0,0.0,closed,False,False
56092,7,7,3,0,0.0,closed,False,False
56091,0,1,5,0,0.0,closed,False,False
56087,3,3,2,0,0.0,closed,False,False
56086,1,1,3,1,0.5,closed,False,False
56083,4,4,4,0,0.0,closed,False,False
56081,1,1,2,0,0.0,closed,False,False
56080,1,1,2,0,0.0,closed,False,False
56076,33,3,4,0,0.0,closed,False,False
56075,10,10,3,0,0.0,closed,False,False
56070,1,1,2,0,0.0,closed,False,False
56069,1,1,2,0,0.0,closed,False,False
56067,26,2,3,1,1.0,closed,False,False
56063,3,1,12,1,1.0,closed,False,False
56062,35,13,2,0,0.0,closed,False,False
56060,1,2,2,0,0.0,closed,False,False
56059,2,2,3,0,0.0,closed,False,False
56057,8,0,2,3,3.0,closed,False,False
56054,8,8,6,0,0.0,closed,False,False
56053,1,1,4,0,0.0,closed,False,False
56052,9,9,2,0,0.0,closed,False,False
56051,1,1,2,0,0.0,closed,False,False
56046,1,1,3,0,0.0,closed,False,False
56044,25,1,3,1,1.0,closed,False,False
56043,5930,21060,3,0,0.0,closed,False,False
56042,5930,21060,2,0,0.0,closed,False,False
56041,17814,11418,5,0,0.0,closed,False,False
56038,30,30,4,0,0.0,closed,False,False
56036,116,79,4,10,1.6666666666666667,closed,False,False
56034,6,5,3,7,7.0,closed,False,False
56031,30,30,3,0,0.0,closed,False,False
56028,32,32,3,0,0.0,closed,False,False
56027,1,1,7,1,0.5,closed,False,False
56023,1,1,3,0,0.0,closed,False,False
56022,5,5,2,0,0.0,closed,False,False
56019,22,42,1,0,0.0,closed,False,False
56018,3,3,2,0,0.0,closed,False,False
56017,4,0,3,0,0.0,closed,False,False
56016,1,0,3,0,0.0,closed,False,False
56015,4,1,2,0,0.0,closed,False,False
56014,7,3,5,1,1.0,closed,False,False
56012,1,9,2,0,0.0,closed,False,False
56011,1,181,2,0,0.0,closed,False,False
56010,3,2,3,0,0.0,closed,False,False
56009,2,2,6,0,0.0,closed,False,False
56008,5,0,1,0,0.0,closed,True,True
56007,9,2,1,0,0.0,closed,True,True
56006,276,468,1,0,0.0,closed,True,True
56005,252,444,1,0,0.0,closed,True,True
56004,4,4,1,0,0.0,closed,False,False
56003,3,3,1,0,0.0,closed,False,False
56002,120,39,2,0,0.0,closed,False,False
56001,17,6,8,0,0.0,closed,False,False
56000,2,6,2,0,0.0,closed,False,False
55999,1,0,2,0,0.0,closed,False,False
55998,49,8,2,0,0.0,closed,False,False
55997,4,0,2,0,0.0,closed,False,False
55996,3,2,2,0,0.0,closed,False,False
55995,0,0,2,0,0,closed,False,False
55994,24,10,2,0,0.0,closed,False,False
55993,192,3,3,0,0.0,closed,False,False
55992,4,4,2,0,0.0,closed,False,False
55988,14,16,2,0,0.0,closed,False,False
55981,6,9,1,0,0.0,closed,False,False
55980,12,13,2,0,0.0,closed,False,False
55979,66,42,3,8,8.0,closed,False,False
55978,26,0,1,0,0.0,closed,True,True
55977,122,41,3,10,10.0,closed,False,False
55976,27,1,1,0,0.0,closed,True,True
55974,1,1,2,0,0.0,closed,False,False
55973,54,23,6,27,27.0,closed,False,False
55972,9,1,2,0,0.0,closed,False,False
55971,13,3,2,0,0.0,closed,False,False
55970,4,6,4,0,0.0,closed,False,False
55969,65,48,2,0,0.0,closed,False,False
55967,1,1,3,0,0.0,closed,False,False
55966,49,0,2,0,0.0,closed,False,False
55965,2,2,3,0,0.0,closed,False,False
55929,10,10,3,0,0.0,open,False,False
55926,1,0,3,0,0.0,closed,False,False
55907,223,106,2,0,0.0,closed,False,False
55896,0,1,2,0,0.0,closed,False,False
55895,1,1,2,0,0.0,closed,False,False
55892,1,1,2,0,0.0,closed,False,False
55891,2,2,3,0,0.0,closed,False,False
55890,132,63,4,6,2.0,closed,False,False
55889,1,1,2,0,0.0,closed,False,False
55888,70,220,2,0,0.0,closed,False,False
55887,1,1,2,0,0.0,closed,False,False
55885,1,1,1,0,0.0,closed,False,False
55881,22,154,2,0,0.0,closed,False,False
55880,689,445,1,5,2.5,open,False,False
55879,2,7,2,0,0.0,closed,False,False
55878,0,92,2,0,0.0,closed,False,False
55876,65,1,2,0,0.0,closed,False,False
55875,30,1,4,0,0.0,closed,False,False
55873,776,13,1,29,29.0,closed,False,False
55872,84,1,2,0,0.0,closed,False,False
55871,1,2,3,0,0.0,closed,False,False
55866,23,2,3,0,0.0,open,False,False
55865,36,9,2,0,0.0,closed,False,False
55864,30,0,3,0,0.0,closed,False,False
55860,96,14,4,9,9.0,open,False,False
55859,4,4,1,0,0.0,closed,False,False
55858,3,3,1,0,0.0,closed,False,False
55857,6,0,2,0,0.0,closed,False,False
55855,111,34,2,4,4.0,closed,False,False
55851,5,0,2,0,0.0,closed,False,False
55848,734,6,10,4,1.3333333333333333,closed,False,False
55846,3,1,3,2,2.0,closed,False,False
55845,12,1,2,0,0.0,closed,False,False
55844,3,1,1,0,0.0,closed,False,False
55842,57,1,3,0,0.0,closed,False,False
55841,3,3,2,0,0.0,closed,False,False
55840,4,2,5,0,0.0,closed,False,False
55839,57,12,2,0,0.0,closed,False,False
55838,189,94,1,0,0.0,closed,False,False
55837,509,36,5,20,5.0,closed,False,False
55836,3,1,9,4,4.0,closed,False,False
55835,62,13,6,1,1.0,closed,False,False
55834,6,0,3,4,4.0,closed,False,False
55833,10,0,1,0,0.0,closed,False,False
55830,4,3,2,2,2.0,closed,False,False
55827,2,4,2,0,0.0,closed,False,False
55826,20,7,2,0,0.0,closed,False,False
55824,5,5,2,0,0.0,closed,False,False
55821,1,1,2,0,0.0,closed,False,False
55820,23,0,1,0,0.0,closed,True,True
55819,24,1,1,0,0.0,closed,True,True
55818,128,7,7,6,3.0,closed,False,False
55817,5,0,1,0,0.0,closed,True,True
55816,7,2,1,0,0.0,closed,True,True
55813,54,51,2,0,0.0,closed,False,False
55811,1,1,4,0,0.0,closed,False,False
55809,1,0,5,0,0.0,closed,False,False
55806,1342,720,2,0,0.0,closed,False,False
55805,47,7,10,30,30.0,closed,False,False
55803,70,14,2,0,0.0,closed,False,False
55802,13,1,3,4,4.0,closed,False,False
55801,47,0,2,0,0.0,closed,False,False
55800,2,2,2,0,0.0,closed,False,False
55799,131,48,4,16,2.0,closed,False,False
55797,1,0,2,0,0.0,closed,False,False
55796,106,15,4,2,2.0,closed,False,False
55795,4,67,3,0,0.0,closed,False,False
55794,1,1,2,0,0.0,closed,False,False
55793,61,7,10,0,0.0,open,False,False
55792,11636,29,2,0,0.0,closed,False,False
55790,41,34,1,5,5.0,closed,False,False
55787,200,39,4,1,1.0,closed,False,False
55786,3,3,2,0,0.0,closed,False,False
55785,12,12,2,0,0.0,closed,False,False
55784,75,773,4,8,2.6666666666666665,closed,False,False
55782,1,1,3,0,0.0,closed,False,False
55781,186,59,2,0,0.0,closed,False,False
55780,0,0,3,0,0.0,closed,False,False
55778,3,0,2,0,0.0,closed,False,False
55777,16,1,2,0,0.0,closed,False,False
55775,5,3,3,0,0.0,closed,False,False
55774,86,8,2,2,2.0,closed,False,False
55771,1,1,3,0,0.0,closed,False,False
55770,455,435,2,0,0.0,closed,False,False
55769,15,1,4,10,10.0,closed,False,False
55766,3,3,3,0,0.0,closed,False,False
55764,24,0,3,0,0.0,closed,False,False
55761,14,8,3,0,0.0,closed,False,False
55758,45,23,2,0,0.0,closed,False,False
55757,43,18,8,4,4.0,closed,False,False
55756,49,45,4,0,0.0,closed,False,False
55755,3,3,2,0,0.0,closed,False,False
55752,13,7,4,8,8.0,closed,False,False
55751,1,1,5,0,0.0,closed,False,False
55750,4,66,3,0,0.0,closed,False,False
55748,1,1,2,0,0.0,closed,False,False
55747,355,308,2,37,9.25,closed,False,False
55746,9,2,3,0,0.0,closed,False,False
55745,32,1105,3,3,3.0,closed,False,False
55743,10,1,3,0,0.0,closed,False,False
55742,33,32,3,0,0.0,closed,False,False
55741,1,1,1,0,0.0,closed,False,False
55737,32,0,1,0,0.0,closed,True,True
55736,33,1,1,0,0.0,closed,True,True
55735,13,0,1,0,0.0,closed,True,True
55734,14,1,1,0,0.0,closed,True,True
55729,22,22,1,0,0.0,closed,False,False
55723,11,62,6,0,0.0,closed,False,False
55722,54,32,2,0,0.0,closed,False,False
55721,413,393,4,13,6.5,closed,False,False
55720,288,30,4,0,0.0,closed,False,False
55719,327,42,2,2,2.0,closed,False,False
55718,412,365,2,0,0.0,closed,False,False
55717,10,3,2,0,0.0,closed,False,False
55716,14,14,3,0,0.0,closed,False,False
55715,3,3,3,0,0.0,closed,False,False
55711,1,1,3,0,0.0,closed,False,False
55710,28,14,3,0,0.0,closed,False,False
55708,7147,8,2,2,0.5,closed,False,False
55706,19,17,3,2,2.0,closed,False,False
55705,13,34,4,0,0.0,closed,False,False
55704,8,8,3,1,0.5,closed,False,False
55701,31,26,5,0,0.0,closed,False,False
55700,3,3,2,0,0.0,closed,False,False
55699,37,22,3,0,0.0,closed,False,False
55698,61,11,9,3,3.0,closed,False,False
55697,19,6,2,2,2.0,closed,False,False
55696,8,1,2,0,0.0,closed,False,False
55695,6,728,6,2,2.0,closed,False,False
55694,7,30,2,0,0.0,closed,False,False
55692,111,111,3,0,0.0,closed,False,False
55691,11,4,2,2,2.0,closed,False,False
55690,1,0,2,0,0.0,closed,False,False
55689,1,1,3,0,0.0,closed,False,False
55688,1,1,2,3,3.0,closed,False,False
55686,4,1,4,0,0.0,closed,False,False
55684,171,177,2,0,0.0,closed,False,False
55683,11,5,2,0,0.0,closed,False,False
55681,70,29,2,0,0.0,closed,False,False
55680,1416,1173,2,0,0.0,closed,False,False
55678,1,14,3,0,0.0,closed,False,False
55669,199,9,2,0,0.0,closed,False,False
55668,194,4,2,0,0.0,closed,False,False
55667,89,2,5,2,2.0,closed,False,False
55666,97,54,5,0,0.0,closed,False,False
55665,21,2,3,2,2.0,closed,False,False
55664,0,1,2,0,0.0,closed,False,False
55663,492,40,2,0,0.0,closed,False,False
55662,504,590,2,4,2.0,closed,False,False
55661,2783,3279,2,0,0.0,closed,False,False
55660,165,230,2,0,0.0,closed,False,False
55659,0,22,2,0,0.0,closed,False,False
55658,44359,45756,2,0,0.0,closed,False,False
55654,740,1270,2,0,0.0,closed,False,False
55653,1,1,2,0,0.0,closed,False,False
55652,127,125,2,3,3.0,closed,False,False
55651,1,1,2,0,0.0,closed,False,False
55648,990,146,4,23,7.666666666666667,closed,False,False
55645,243,158,3,0,0.0,closed,False,False
55643,3,3,2,0,0.0,closed,False,False
55642,139,232,3,2,2.0,closed,False,False
55640,199,62,3,5,5.0,closed,False,False
55639,1,0,2,0,0.0,closed,False,False
55638,2791,5,5,5,5.0,closed,False,False
55637,169,177,2,0,0.0,closed,False,False
55636,3,1,4,3,3.0,closed,False,False
55631,84,2,2,2,2.0,closed,False,False
55630,1,1,2,0,0.0,closed,False,False
55629,1081,346,2,75,18.75,open,False,False
55628,29,11,3,0,0.0,closed,False,False
55626,270,14,2,0,0.0,closed,False,False
55625,0,5,2,0,0.0,closed,False,False
55624,2,1,3,0,0.0,closed,False,False
55623,49,4,3,0,0.0,closed,False,False
55622,19,2,5,0,0.0,closed,False,False
55621,455,373,4,0,0.0,closed,False,False
55620,2,0,3,0,0.0,closed,False,False
55619,3,202,5,0,0.0,closed,False,False
55618,1,1,2,0,0.0,closed,False,False
55617,1,4,2,0,0.0,closed,False,False
55616,0,0,1,1,0,closed,False,False
55615,19,0,1,0,0.0,closed,True,True
55614,20,1,1,0,0.0,closed,True,True
55613,17,0,1,0,0.0,closed,True,True
55612,18,1,1,0,0.0,closed,True,True
55611,4,1,3,0,0.0,closed,False,False
55610,6,0,2,2,1.0,closed,False,False
55609,6,3,3,4,2.0,open,False,False
55607,6,3,2,0,0.0,closed,False,False
55606,14,14,1,0,0.0,closed,False,False
55605,21,11,2,0,0.0,closed,False,False
55603,77,1,3,2,2.0,closed,False,False
55602,3,3,2,0,0.0,closed,False,False
55600,111,98,3,2,2.0,closed,False,False
55599,12,1,2,0,0.0,closed,False,False
55598,1,1,3,0,0.0,closed,False,False
55597,3,198,2,0,0.0,closed,False,False
55595,256,113,8,3,3.0,closed,False,False
55594,1,2,2,0,0.0,closed,False,False
55591,111,5,5,2,2.0,closed,False,False
55589,2,2,2,0,0.0,closed,False,False
55588,195,42,3,0,0.0,closed,False,False
55587,98,106,7,38,2.923076923076923,closed,False,False
55586,152,35,6,52,2.888888888888889,closed,False,False
55585,5,45,0,0,0.0,open,False,False
55584,7,7,3,0,0.0,closed,False,False
55582,0,13,6,0,0.0,closed,False,False
55580,47,163,2,0,0.0,closed,False,False
55578,38,16,2,0,0.0,closed,False,False
55575,1021,937,3,0,0.0,closed,False,False
55568,1,1,2,0,0.0,closed,False,False
55566,25,4,3,0,0.0,closed,False,False
55565,122,143,5,12,12.0,closed,False,False
55564,34,79,3,0,0.0,closed,False,False
55563,2,2,2,0,0.0,closed,False,False
55562,0,1,2,0,0.0,closed,False,False
55558,89,10,4,0,0.0,closed,False,False
55557,190,137,2,0,0.0,closed,False,False
55554,30,30,3,1,1.0,closed,False,False
55553,3,4,2,0,0.0,closed,False,False
55551,2,0,3,0,0.0,closed,False,False
55550,19,50,3,0,0.0,closed,False,False
55549,74,3,4,16,8.0,closed,False,False
55548,247,43,7,0,0.0,closed,False,False
55547,1,1,2,0,0.0,closed,False,False
55545,3,3,2,0,0.0,closed,False,False
55543,73,1,1,0,0.0,closed,True,True
55542,73,1,1,0,0.0,closed,True,True
55541,11,0,1,0,0.0,closed,True,True
55540,14,14,1,0,0.0,closed,False,False
55539,12,1,1,0,0.0,closed,True,True
55538,14,14,1,0,0.0,closed,False,False
55537,1,1,2,0,0.0,closed,False,False
55536,7,8,2,0,0.0,closed,False,False
55532,76,6,2,0,0.0,closed,False,False
55531,16,25,2,0,0.0,closed,False,False
55530,5,1,2,0,0.0,closed,False,False
55528,23,11,1,0,0.0,closed,False,False
55527,296,79,2,0,0.0,closed,False,False
55526,203,7,2,0,0.0,closed,False,False
55525,140,27,3,0,0.0,closed,False,False
55524,95,170,2,0,0.0,closed,False,False
55523,378,359,4,2,2.0,closed,False,False
55522,4,3,1,0,0.0,closed,False,False
55521,272,0,4,20,20.0,closed,False,False
55519,4,4,3,1,1.0,closed,False,False
55517,30,11,2,14,7.0,closed,False,False
55516,1,4,4,4,4.0,closed,False,False
55515,7,3,2,0,0.0,closed,False,False
55514,4,4,2,0,0.0,closed,False,False
55513,7,10,2,0,0.0,closed,False,False
55509,20,8,4,2,2.0,closed,False,False
55506,3,3,2,0,0.0,closed,False,False
55505,5,1,2,0,0.0,closed,False,False
55502,44,19,4,4,1.3333333333333333,closed,False,False
55501,13,1,2,0,0.0,closed,False,False
55500,106,0,5,2,2.0,closed,False,False
55499,5,5,2,0,0.0,closed,False,False
55498,14,14,1,0,0.0,closed,False,False
55497,34,489,3,0,0.0,closed,False,False
55495,46,6,2,0,0.0,closed,False,False
55494,11,2,2,0,0.0,closed,False,False
55492,136,31,2,1,1.0,closed,False,False
55491,0,12,3,0,0.0,closed,False,False
55490,15,15,2,0,0.0,closed,False,False
55489,7,8,2,0,0.0,closed,False,False
55488,54924,43616,4,0,0.0,closed,False,False
55487,75,13,11,3,1.0,closed,False,False
55485,34526,20601,3,0,0.0,closed,False,False
55480,6,1,2,0,0.0,closed,False,False
55479,0,28,2,0,0.0,closed,False,False
55478,116,14,2,2,2.0,closed,False,False
55477,0,28,2,0,0.0,closed,False,False
55476,31,29,3,6,3.0,closed,False,False
55474,1,86,4,0,0.0,closed,False,False
55473,3,3,2,0,0.0,closed,False,False
55472,6,6,2,0,0.0,closed,False,False
55470,1,1,4,0,0.0,closed,False,False
55469,8,8,3,0,0.0,closed,False,False
55468,5,1,2,2,2.0,closed,False,False
55467,604,233,6,19,19.0,closed,False,False
55465,7,1,2,0,0.0,closed,False,False
55464,1,1,3,0,0.0,closed,False,False
55463,6,6,2,0,0.0,closed,False,False
55456,644,31,6,0,0.0,closed,False,False
55455,9,9,2,0,0.0,closed,False,False
55454,15,15,2,0,0.0,closed,False,False
55453,1,1,2,0,0.0,closed,False,False
55450,20,20,2,0,0.0,closed,False,False
55449,9,12,2,0,0.0,closed,False,False
55448,0,30,2,0,0.0,closed,False,False
55446,3,3,5,0,0.0,closed,False,False
55444,30,4,3,1,1.0,closed,False,False
55443,3,3,1,0,0.0,closed,False,False
55437,924,760,6,0,0.0,closed,False,False
55435,8,60,5,0,0.0,closed,False,False
55434,18,13,4,2,2.0,closed,False,False
55433,10,15,2,0,0.0,closed,False,False
55432,7,7,3,0,0.0,closed,False,False
55430,1491821,0,1,0,0.0,closed,False,False
55429,3,5,2,0,0.0,closed,False,False
55428,104,11,4,3,3.0,closed,False,False
55427,15494,12741,2,0,0.0,closed,False,False
55426,9,9,2,0,0.0,closed,False,False
55424,9,12,3,0,0.0,closed,False,False
55423,22762,19297,3,0,0.0,closed,False,False
55422,59,54,2,0,0.0,closed,False,False
55421,126,124,5,5,5.0,closed,False,False
55420,2,2,2,0,0.0,closed,False,False
55419,2,2,2,0,0.0,closed,False,False
55418,14,40,1,0,0.0,closed,False,False
55414,17,17,2,2,2.0,closed,False,False
55413,4,4,2,0,0.0,closed,False,False
55412,2,2,4,0,0.0,closed,False,False
55411,7,8,5,6,6.0,closed,False,False
55410,120,35,3,0,0.0,closed,False,False
55409,3,3,2,0,0.0,closed,False,False
55408,714,257,2,35,8.75,closed,False,False
55407,1,1,3,0,0.0,closed,False,False
55406,153,113,2,0,0.0,closed,False,False
55405,4046,2332,2,0,0.0,closed,False,False
55404,11458,10148,3,0,0.0,closed,False,False
55403,59,15,4,0,0.0,closed,False,False
55400,305,4,3,2,2.0,closed,False,False
55399,1,2,3,0,0.0,closed,False,False
55398,16083,9430,2,0,0.0,closed,False,False
55397,72,6,6,11,11.0,closed,False,False
55395,17419,10528,4,0,0.0,closed,False,False
55394,25,0,7,0,0.0,closed,False,False
55391,1,7052,4,0,0.0,closed,False,False
55390,1,1,2,0,0.0,closed,False,False
55389,94,5,2,8,8.0,open,False,False
55388,133,80,5,0,0.0,closed,False,False
55387,761,864,3,0,0.0,closed,False,False
55385,55,1,1,0,0.0,closed,True,True
55384,6,1,1,0,0.0,closed,True,True
55382,6,1,1,0,0.0,closed,True,True
55379,26,26,3,0,0.0,closed,False,False
55377,1,1,3,0,0.0,closed,False,False
55375,29,7,4,0,0.0,closed,False,False
55374,77,21,4,2,2.0,closed,False,False
55373,0,143,3,0,0.0,closed,False,False
55372,297,173,5,6,6.0,closed,False,False
55371,3,3,4,0,0.0,closed,False,False
55370,91,12,2,0,0.0,closed,False,False
55369,3,1,2,0,0.0,closed,False,False
55368,3,1,2,0,0.0,closed,False,False
55367,12,12,2,0,0.0,closed,False,False
55366,21,64,4,3,3.0,closed,False,False
55365,18,6,4,2,2.0,closed,False,False
55364,14,0,8,0,0.0,closed,False,False
55363,4,0,2,0,0.0,closed,False,False
55361,17,3,4,0,0.0,closed,False,False
55360,88,9,4,4,4.0,closed,False,False
55358,1,1,2,0,0.0,closed,False,False
55356,293,39,5,75,75.0,closed,False,False
55355,355,0,2,2,2.0,closed,False,False
55353,4,2,3,0,0.0,closed,False,False
55352,102,18,2,0,0.0,closed,False,False
55351,176,387,3,3,3.0,closed,False,False
55349,12,7,5,0,0.0,closed,False,False
55348,0,9,2,0,0.0,closed,False,False
55347,1,1,2,0,0.0,closed,False,False
55346,1,1,3,0,0.0,closed,False,False
55345,20,2,4,0,0.0,closed,False,False
55343,437,604,3,0,0.0,closed,False,False
55342,94,302,4,2,2.0,closed,False,False
55340,8,2,2,15,15.0,closed,False,False
55339,23,16,4,0,0.0,closed,False,False
55338,30,9,3,3,3.0,closed,False,False
55335,2,2,2,0,0.0,closed,False,False
55333,0,1,2,0,0.0,closed,False,False
55329,48,5,3,1,0.5,closed,False,False
55328,1,1,4,0,0.0,closed,False,False
55327,4,1,3,0,0.0,closed,False,False
55326,80982,48,2,0,0.0,closed,False,False
55325,7,36,3,4,4.0,closed,False,False
55324,10,2,2,0,0.0,closed,False,False
55323,46,44,3,0,0.0,closed,False,False
55321,18,12,2,0,0.0,closed,False,False
55319,47,0,4,0,0.0,closed,False,False
55318,7,1,1,0,0.0,closed,False,False
55317,7,2,2,0,0.0,closed,False,False
55315,59,26,1,0,0.0,closed,False,False
55314,132,5,4,7,7.0,closed,False,False
55308,24,0,2,0,0.0,closed,False,False
55307,3,3,2,0,0.0,closed,False,False
55306,0,6,6,0,0.0,closed,False,False
55302,0,32,2,0,0.0,closed,False,False
55300,20,2,1,0,0.0,closed,True,True
55297,10,0,1,0,0.0,closed,True,True
55296,11,1,1,0,0.0,closed,True,True
55294,3,3,3,0,0.0,closed,False,False
55293,0,66,2,0,0.0,closed,False,False
55292,14,14,1,0,0.0,closed,False,False
55291,9,9,2,0,0.0,closed,False,False
55290,85,12,3,3,1.0,closed,False,False
55289,2,2,2,0,0.0,closed,False,False
55288,13,69,4,0,0.0,closed,False,False
55287,1,1,3,0,0.0,closed,False,False
55286,2,1,2,0,0.0,closed,False,False
55285,14,14,1,0,0.0,closed,False,False
55284,0,4,2,0,0.0,closed,False,False
55283,1118,297,2,35,8.75,open,False,False
55282,184,45,4,0,0.0,closed,False,False
55275,1,2,5,0,0.0,closed,False,False
55274,283,21,5,42,42.0,closed,False,False
55273,3,18,2,2,2.0,closed,False,False
55272,0,0,2,0,0,closed,False,False
55271,42,5,2,0,0.0,closed,False,False
55270,7,3,3,0,0.0,closed,False,False
55269,6,0,2,0,0.0,closed,False,False
55268,14,14,2,0,0.0,closed,False,False
55267,13,13,2,0,0.0,closed,False,False
55266,14,50,2,0,0.0,closed,False,False
55265,3,3,2,0,0.0,closed,False,False
55264,8,0,2,0,0.0,closed,False,False
55263,48,80982,3,0,0.0,closed,False,False
55262,0,3,2,0,0.0,closed,False,False
55260,2,1,0,4,4.0,open,False,False
55258,1,1,2,0,0.0,closed,False,False
55257,9,38,3,0,0.0,closed,False,False
55255,3,0,2,1,1.0,closed,False,False
55253,13,22,2,0,0.0,closed,False,False
55252,42,67,3,4,4.0,closed,False,False
55251,2,38,4,0,0.0,closed,False,False
55250,2,38,2,0,0.0,closed,False,False
55249,22,9,3,0,0.0,closed,False,False
55247,0,0,6,0,0.0,closed,False,False
55246,0,0,3,0,0.0,closed,False,False
55245,170,375,2,0,0.0,closed,False,False
55243,162,0,8,4,2.0,closed,False,False
55242,9,9,4,0,0.0,closed,False,False
55241,1523,1040,4,0,0.0,closed,False,False
55239,1,1,5,2,2.0,closed,False,False
55234,88,77,3,0,0.0,closed,False,False
55233,72,36,2,12,12.0,closed,False,False
55231,174,18,2,0,0.0,closed,False,False
55230,3,13,2,0,0.0,closed,False,False
55229,0,3,3,0,0.0,closed,False,False
55228,76,54,2,0,0.0,closed,False,False
55226,1,2,6,0,0.0,closed,False,False
55224,0,1,2,0,0.0,closed,False,False
55220,22,22,2,0,0.0,closed,False,False
55217,90,0,2,0,0.0,closed,False,False
55215,85,148,2,1,1.0,closed,False,False
55214,1,3,4,6,6.0,closed,False,False
55212,56,76,3,0,0.0,closed,False,False
55211,21,1,4,0,0.0,closed,False,False
55209,2,2,3,2,2.0,closed,False,False
55208,3,3,2,0,0.0,closed,False,False
55206,5,5,5,0,0.0,closed,False,False
55205,22,22,2,0,0.0,closed,False,False
55204,56,2,1,0,0.0,closed,True,True
55203,15,1,1,0,0.0,closed,True,True
55201,49,3,2,10,10.0,closed,False,False
55200,0,17,2,0,0.0,closed,False,False
55199,2,2,2,0,0.0,closed,False,False
55198,8,8,3,6,6.0,closed,False,False
55197,0,1,2,0,0.0,closed,False,False
55193,13,10,3,5,1.25,closed,False,False
55190,36,53,2,0,0.0,closed,False,False
55189,1,1,4,0,0.0,closed,False,False
55186,8,8,3,0,0.0,closed,False,False
55185,328,109,6,0,0.0,closed,False,False
55184,141,8,3,2,2.0,closed,False,False
55183,41,51,22,2,1.0,closed,False,False
55182,485,696,4,0,0.0,closed,False,False
55181,1,1,2,0,0.0,closed,False,False
55180,5,0,4,0,0.0,closed,False,False
55179,1,1,3,0,0.0,closed,False,False
55178,1,1,3,0,0.0,closed,False,False
55176,1,1,2,0,0.0,closed,False,False
55174,3,1,1,0,0.0,closed,False,False
55173,41,93,1,0,0.0,closed,False,False
55172,34,38,2,0,0.0,closed,False,False
55168,31,68,2,0,0.0,closed,False,False
55167,89,203,3,0,0.0,closed,False,False
55165,52,53,1,0,0.0,closed,False,False
55164,13,22,2,0,0.0,closed,False,False
55162,57,21,2,15,15.0,closed,False,False
55161,56,90,5,1,1.0,closed,False,False
55160,1,1,2,0,0.0,closed,False,False
55159,68,15,3,0,0.0,closed,False,False
55158,243,30,1,0,0.0,closed,False,False
55157,33,5,1,0,0.0,closed,False,False
55156,3,1,1,0,0.0,closed,False,False
55155,2,2,3,0,0.0,closed,False,False
55154,98,58,3,0,0.0,closed,False,False
55152,31,85,2,0,0.0,closed,False,False
55150,1362087,487238,1,0,0.0,closed,False,False
55145,395,396,3,0,0.0,closed,False,False
55144,30,13,4,3,1.5,closed,False,False
55142,4,2,8,2,2.0,closed,False,False
55141,1,1,11,0,0.0,closed,False,False
55139,564,8,4,0,0.0,open,False,False
55138,1,1,2,0,0.0,closed,False,False
55134,67,13,7,0,0.0,closed,False,False
55133,7,7,5,0,0.0,closed,False,False
55132,45,75,3,7,3.5,closed,False,False
55130,176,107,5,4,4.0,closed,False,False
55129,16,16,3,0,0.0,closed,False,False
55128,29,29,2,0,0.0,closed,False,False
55127,4,4,2,0,0.0,closed,False,False
55126,5,5,2,0,0.0,closed,False,False
55124,87,64,3,0,0.0,closed,False,False
55123,0,0,2,0,0,closed,False,False
55122,3,1,1,0,0.0,closed,False,False
55121,8069,0,2,0,0.0,closed,False,False
55119,1,1,2,0,0.0,closed,False,False
55118,3,1,2,0,0.0,closed,False,False
55113,57,15,4,1,1.0,closed,False,False
55112,1,1,2,0,0.0,closed,False,False
55111,40,150,2,0,0.0,closed,False,False
55110,0,15978,3,0,0.0,closed,False,False
55109,0,1,3,0,0.0,closed,False,False
55108,342,1506,2,0,0.0,closed,False,False
55107,1,0,2,0,0.0,closed,False,False
55105,52,35,4,0,0.0,closed,False,False
55103,36,3,3,0,0.0,closed,False,False
55102,32,21,4,3,3.0,closed,False,False
55101,1,0,2,0,0.0,closed,False,False
55100,1,0,2,0,0.0,closed,False,False
55099,112,59,2,0,0.0,closed,False,False
55098,9,0,2,0,0.0,closed,False,False
55097,21,30,3,0,0.0,closed,False,False
55096,9,3,2,1,1.0,closed,False,False
55095,76,1,1,0,0.0,closed,True,True
55094,30,0,1,0,0.0,closed,True,True
55093,31,1,1,0,0.0,closed,True,True
55092,4,13,2,0,0.0,closed,False,False
55091,11,0,2,3,1.5,closed,False,False
55088,1,2,6,0,0.0,closed,False,False
55086,19,2,2,0,0.0,closed,False,False
55081,74,2,2,4,4.0,closed,False,False
55079,99,8,5,0,0.0,closed,False,False
55078,8193,0,1,5,0.8333333333333334,closed,False,False
55077,8203,0,2,0,0.0,closed,False,False
55076,4,8,2,0,0.0,closed,False,False
55075,259,29,0,1,1.0,open,False,False
55074,1,1,2,0,0.0,closed,False,False
55070,797,207,2,0,0.0,closed,False,False
55069,8,8,3,0,0.0,closed,False,False
55068,50,37,3,1,0.25,closed,False,False
55067,138,504,6,8,1.3333333333333333,open,False,False
55065,487,341,1,0,0.0,closed,True,True
55064,42,61,3,0,0.0,closed,False,False
55061,9,1,2,0,0.0,closed,False,False
55060,2,2,3,0,0.0,closed,False,False
55059,1,1,5,0,0.0,closed,False,False
55057,3,48,4,0,0.0,closed,False,False
55056,6,6,2,0,0.0,closed,False,False
55055,3,3,6,0,0.0,closed,False,False
55053,862,938,3,0,0.0,closed,False,False
55052,53,8,5,0,0.0,closed,False,False
55051,21,19,3,0,0.0,closed,False,False
55050,8,8,1,0,0.0,closed,False,False
55045,28,3,4,0,0.0,closed,False,False
55044,39,39,2,0,0.0,closed,False,False
55043,280,301,5,0,0.0,closed,False,False
55042,14,14,2,0,0.0,closed,False,False
55041,52,52,2,0,0.0,closed,False,False
55040,27,2,2,0,0.0,closed,False,False
55039,1,1,2,0,0.0,closed,False,False
55038,26,8,2,0,0.0,closed,False,False
55037,25,106,3,0,0.0,closed,False,False
55035,10,6,2,2,1.0,closed,False,False
55034,46,2,2,4,2.0,closed,False,False
55033,1,20,3,0,0.0,closed,False,False
55029,50,2,4,0,0.0,closed,False,False
55025,22,42,2,0,0.0,closed,False,False
55022,3514,3354,3,0,0.0,closed,False,False
55018,45,45,8,0,0.0,closed,False,False
55017,1,1,2,0,0.0,closed,False,False
55016,548,548,3,4,4.0,closed,False,False
55015,1250,1145,2,31,15.5,closed,False,False
55013,8,0,7,0,0.0,closed,False,False
55012,51,4,16,15,15.0,closed,False,False
55011,3,15,2,0,0.0,closed,False,False
55008,1,1,3,0,0.0,closed,False,False
55007,3,1,1,0,0.0,closed,False,False
55006,28,0,3,7,7.0,open,False,False
55003,12,11,2,0,0.0,closed,False,False
54998,1,1,5,0,0.0,closed,False,False
54997,1,1,2,0,0.0,closed,False,False
54996,8,0,4,0,0.0,closed,False,False
54993,576,52,3,8,1.6,closed,False,False
54989,136,7,9,0,0.0,closed,False,False
54984,65,0,9,6,6.0,closed,False,False
54983,1864,420,3,0,0.0,closed,False,False
54982,47,17,2,0,0.0,closed,False,False
54981,797,207,3,9,1.5,closed,False,False
54980,78,15,2,0,0.0,closed,False,False
54976,2,2,10,0,0.0,closed,False,False
54975,19,16,5,0,0.0,closed,False,False
54974,70,8,2,0,0.0,closed,False,False
54973,1592153,0,1,0,0.0,closed,False,False
54972,50,1,1,0,0.0,closed,True,True
54971,13,0,2,0,0.0,closed,False,False
54970,2,1,2,0,0.0,closed,False,False
54969,14,1,1,0,0.0,closed,True,True
54966,12,12,2,0,0.0,closed,False,False
54964,2,2,2,0,0.0,closed,False,False
54961,4,1948,2,0,0.0,closed,False,False
54960,26,2,2,0,0.0,closed,False,False
54954,2,2,3,2,2.0,closed,False,False
54953,0,5,7,0,0.0,closed,False,False
54952,370,37,7,2,2.0,closed,False,False
54950,1,1,2,0,0.0,closed,False,False
54949,31,87,2,2,2.0,closed,False,False
54947,1,1,2,0,0.0,closed,False,False
54946,141,0,6,21,21.0,closed,False,False
54945,4,3,5,0,0.0,open,False,False
54942,389,143,2,0,0.0,closed,False,False
54941,5,0,3,0,0.0,closed,False,False
54940,6,6,2,0,0.0,closed,False,False
54939,21,4,5,4,2.0,closed,False,False
54935,9,0,11,1,1.0,closed,False,False
54934,197,214,2,0,0.0,closed,False,False
54933,89,10,3,0,0.0,closed,False,False
54932,1,1,2,0,0.0,closed,False,False
54931,29,29,2,0,0.0,closed,False,False
54929,188,41313,4,0,0.0,closed,False,False
54928,5,5,2,0,0.0,closed,False,False
54926,48,66,2,0,0.0,closed,False,False
54925,801,791,5,5,0.7142857142857143,closed,False,False
54921,758,159,2,0,0.0,closed,False,False
54920,7744,14668,3,0,0.0,closed,False,False
54917,89,38,2,0,0.0,closed,False,False
54914,1,1,2,0,0.0,closed,False,False
54912,68,46,4,3,0.75,closed,False,False
54911,5,5,3,0,0.0,closed,False,False
54910,1,1,2,0,0.0,closed,False,False
54908,631,175,3,2,0.4,closed,False,False
54907,71,12,2,0,0.0,closed,False,False
54905,111,12,1,0,0.0,closed,False,False
54904,1,1,3,0,0.0,closed,False,False
54903,12,7,3,0,0.0,closed,False,False
54902,1,0,1,0,0.0,closed,False,False
54901,105,4,8,10,10.0,closed,False,False
54900,157,22,4,0,0.0,closed,False,False
54899,92,2,3,7,7.0,closed,False,False
54897,9,4,3,0,0.0,closed,False,False
54896,18,11,1,0,0.0,closed,False,False
54895,51,107,2,0,0.0,closed,False,False
54893,29,29,2,0,0.0,closed,False,False
54892,69,38,2,0,0.0,closed,False,False
54891,1094,514,2,0,0.0,closed,False,False
54890,1559,2080,2,0,0.0,closed,False,False
54888,27,34,2,0,0.0,closed,False,False
54887,3,3,2,0,0.0,closed,False,False
54886,1,1,2,0,0.0,closed,False,False
54885,143,792,2,0,0.0,closed,False,False
54883,6026,5248,2,0,0.0,closed,False,False
54882,2,1,2,0,0.0,closed,False,False
54879,204,52,4,4,4.0,closed,False,False
54876,177,33,3,2,2.0,closed,False,False
54875,1,131,2,0,0.0,closed,False,False
54874,13,153,2,0,0.0,closed,False,False
54868,2,2,3,0,0.0,closed,False,False
54865,30,10,5,2,2.0,closed,False,False
54862,73,0,1,0,0.0,closed,True,True
54861,2,1,2,0,0.0,closed,False,False
54857,23,2,2,0,0.0,closed,False,False
54855,0,2,7,0,0.0,closed,False,False
54854,1049,99,2,4,0.6666666666666666,closed,False,False
54851,1,1,1,0,0.0,closed,False,False
54850,94,17,4,8,8.0,closed,False,False
54849,5,56,1,0,0.0,closed,False,False
54848,16,12,2,0,0.0,closed,False,False
54847,3,3,1,0,0.0,closed,False,False
54846,22,46,1,0,0.0,closed,True,True
54845,23,47,1,0,0.0,closed,True,True
54844,4,1,1,0,0.0,closed,False,False
54843,3,3,2,0,0.0,closed,False,False
54842,18,72,1,0,0.0,closed,False,False
54841,55,0,2,0,0.0,closed,False,False
54839,7,4,0,1,1.0,open,False,False
54834,2,1,5,2,2.0,closed,False,False
54832,2,56,2,3,3.0,closed,False,False
54830,2,2,3,0,0.0,closed,False,False
54829,0,59697,8,0,0.0,closed,False,False
54828,2,2,3,0,0.0,closed,False,False
54824,5,13,3,0,0.0,closed,False,False
54823,1236,105,6,42,14.0,closed,False,False
54822,4,4,2,0,0.0,closed,False,False
54821,63,3,2,3,3.0,closed,False,False
54820,0,677,3,0,0.0,closed,False,False
54819,1864,416,3,11,1.1,closed,False,False
54818,5,5,2,0,0.0,closed,False,False
54817,1,1,3,0,0.0,closed,False,False
54816,13,78,2,0,0.0,closed,False,False
54815,4,4,2,0,0.0,closed,False,False
54814,6,1,2,1,1.0,closed,False,False
54810,1,1,2,4,4.0,closed,False,False
54805,2029,518,2,17,5.666666666666667,closed,False,False
54803,1,1,4,0,0.0,closed,False,False
54801,16,19,3,2,0.5,closed,False,False
54800,128,52,9,13,3.25,closed,False,False
54799,1,1,4,1,1.0,closed,False,False
54796,42,4,2,2,1.0,closed,False,False
54795,1,1,10,0,0.0,closed,False,False
54794,23,4,3,0,0.0,closed,False,False
54793,1,1,3,0,0.0,closed,False,False
54791,1,1,2,0,0.0,closed,False,False
54788,1745,2013,3,0,0.0,closed,False,False
54784,328,192,7,2,2.0,closed,False,False
54781,3,0,2,0,0.0,closed,False,False
54779,3,1,7,1,1.0,closed,False,False
54777,112,267015,2,0,0.0,closed,False,False
54776,1,17,4,0,0.0,closed,False,False
54775,2,2,2,0,0.0,closed,False,False
54774,21,34,1,0,0.0,closed,True,True
54773,1,1,3,0,0.0,closed,False,False
54772,14,1,3,1,1.0,closed,False,False
54765,0,222,2,0,0.0,closed,False,False
54764,34,0,3,0,0.0,open,False,False
54761,97,34,4,3,3.0,closed,False,False
54759,339,320,4,0,0.0,closed,False,False
54758,496,270,1,0,0.0,closed,True,True
54757,321,7340,3,0,0.0,closed,False,False
54756,1,1,2,0,0.0,closed,False,False
54755,17,189615,2,0,0.0,closed,False,False
54754,49,125,2,0,0.0,closed,False,False
54753,296,0,4,5,5.0,closed,False,False
54752,30,94,3,0,0.0,closed,False,False
54751,176,1,4,9,9.0,closed,False,False
54750,91,40,4,10,10.0,closed,False,False
54749,36,0,2,0,0.0,closed,False,False
54748,47,8,4,7,7.0,closed,False,False
54746,20,1,4,2,1.0,closed,False,False
54743,10,12,2,0,0.0,closed,False,False
54740,0,20,3,0,0.0,closed,False,False
54737,1,1,1,0,0.0,closed,True,True
54736,1,1,2,0,0.0,closed,False,False
54735,5,10,3,0,0.0,closed,False,False
54734,86,90,4,0,0.0,closed,False,False
54733,1,25,2,0,0.0,closed,False,False
54730,26,1,1,0,0.0,closed,True,True
54729,26,1,1,0,0.0,closed,True,True
54728,16,0,1,0,0.0,closed,True,True
54727,17,1,1,0,0.0,closed,True,True
54726,29,31,3,0,0.0,closed,False,False
54724,223,22,3,4,4.0,closed,False,False
54723,36,8,3,0,0.0,closed,False,False
54722,24,5,4,0,0.0,closed,False,False
54721,6,0,2,0,0.0,closed,False,False
54719,15,4,2,0,0.0,closed,False,False
54718,43,2,3,0,0.0,open,False,False
54717,41688,28193,3,0,0.0,closed,False,False
54715,4,4,2,0,0.0,closed,False,False
54714,539,163,3,22,4.4,closed,False,False
54712,6,1,2,0,0.0,closed,False,False
54711,43,4,2,0,0.0,closed,False,False
54710,66,7,4,0,0.0,closed,False,False
54708,4,4,2,0,0.0,closed,False,False
54707,4,4,2,0,0.0,closed,False,False
54706,14,4,5,2,2.0,closed,False,False
54705,5,18,2,0,0.0,closed,False,False
54700,0,0,3,5,0,closed,False,False
54698,0,5,2,0,0.0,closed,False,False
54697,23,11,2,0,0.0,closed,False,False
54696,118,0,3,0,0.0,closed,False,False
54695,161,163,3,0,0.0,closed,False,False
54694,1,1,6,0,0.0,closed,False,False
54691,6,25,1,0,0.0,closed,False,False
54677,5259,3728,3,0,0.0,closed,False,False
54676,1,1,4,0,0.0,closed,False,False
54674,8,0,6,0,0.0,closed,False,False
54671,27,5,6,16,16.0,closed,False,False
54669,1,1,6,0,0.0,closed,False,False
54667,111,8,3,0,0.0,closed,False,False
54666,34,24,2,2,1.0,closed,False,False
54665,10,20,4,0,0.0,closed,False,False
54664,23,0,2,5,5.0,closed,False,False
54663,17,7,2,0,0.0,closed,False,False
54662,18,5,2,0,0.0,closed,False,False
54658,13010,1597258,2,0,0.0,closed,False,False
54656,36,182,3,0,0.0,closed,False,False
54654,22,66,2,0,0.0,closed,False,False
54653,916,754,3,0,0.0,closed,False,False
54652,14,4,3,0,0.0,closed,False,False
54651,1,1,3,0,0.0,closed,False,False
54650,1967,790,12,25,1.3888888888888888,closed,False,False
54649,1,1,2,0,0.0,closed,False,False
54648,2,1,2,0,0.0,closed,False,False
54647,56,1,2,0,0.0,closed,False,False
54643,11,20,2,0,0.0,closed,False,False
54639,1,1,1,0,0.0,closed,False,False
54638,24,0,1,0,0.0,closed,True,True
54637,25,1,1,0,0.0,closed,True,True
54636,32,1,1,0,0.0,closed,True,True
54635,6540,5790,1,0,0.0,closed,False,False
54634,29,6,9,0,0.0,closed,False,False
54633,1,1,1,0,0.0,closed,False,False
54631,3,3,2,0,0.0,closed,False,False
54630,831,0,2,1,1.0,closed,False,False
54629,507,1910,2,0,0.0,closed,False,False
54627,1,0,3,3,3.0,closed,False,False
54625,6389,6760,3,0,0.0,closed,False,False
54623,6,3,9,6,6.0,closed,False,False
54621,28,15,5,0,0.0,closed,False,False
54616,31,17,2,0,0.0,closed,False,False
54615,3,3,2,0,0.0,closed,False,False
54614,447,160,11,0,0.0,closed,False,False
54612,19,30,2,0,0.0,closed,False,False
54611,3,24,2,0,0.0,closed,False,False
54610,3,3,3,0,0.0,closed,False,False
54609,592,129,2,0,0.0,closed,False,False
54608,0,1,2,0,0.0,closed,False,False
54606,4,4,2,0,0.0,closed,False,False
54604,396,5,2,0,0.0,closed,False,False
54602,39,2,6,3,3.0,closed,False,False
54600,24,3,6,2,2.0,closed,False,False
54598,14,1,4,0,0.0,closed,False,False
54596,1,1,2,0,0.0,closed,False,False
54595,129,560,2,0,0.0,closed,False,False
54594,26,19,2,0,0.0,closed,False,False
54593,129,560,1,0,0.0,closed,False,False
54591,162,71,5,0,0.0,closed,False,False
54590,105,37,4,0,0.0,closed,False,False
54588,32,2,2,0,0.0,closed,False,False
54585,66,25,2,0,0.0,closed,False,False
54580,63,65,3,0,0.0,closed,False,False
54579,618,41,8,24,24.0,closed,False,False
54578,128,116,3,3,1.5,closed,False,False
54577,54,61,7,0,0.0,closed,False,False
54575,1,0,5,3,3.0,closed,False,False
54574,21,2,8,5,5.0,closed,False,False
54573,2,1,3,0,0.0,closed,False,False
54572,24,6,2,0,0.0,closed,False,False
54571,20,21,2,0,0.0,closed,False,False
54570,1,1,2,0,0.0,closed,False,False
54569,1,1,2,0,0.0,closed,False,False
54567,1,1,3,0,0.0,closed,False,False
54566,2,7,2,0,0.0,closed,False,False
54563,12,4,5,0,0.0,closed,False,False
54561,9,0,1,0,0.0,closed,True,True
54560,30,0,1,0,0.0,closed,True,True
54559,31,1,1,0,0.0,closed,True,True
54558,1,0,3,0,0.0,closed,False,False
54557,11,14,3,0,0.0,closed,False,False
54556,34,3,3,0,0.0,closed,False,False
54555,109,672,3,0,0.0,closed,False,False
54554,13,4,4,0,0.0,closed,False,False
54553,3,7,1,1,1.0,closed,False,False
54552,1,1,3,0,0.0,closed,False,False
54551,109,672,2,0,0.0,closed,False,False
54550,1,2,3,1,1.0,closed,False,False
54549,6,0,2,0,0.0,closed,False,False
54547,75,75,2,0,0.0,closed,False,False
54540,2,2,2,0,0.0,closed,False,False
54539,39,102,2,0,0.0,closed,False,False
54538,39,102,2,0,0.0,closed,False,False
54533,40,4,4,1,1.0,closed,False,False
54530,24,3,3,0,0.0,closed,False,False
54528,39,102,3,0,0.0,closed,False,False
54525,92,16,2,2,2.0,closed,False,False
54524,4,2,2,2,2.0,closed,False,False
54523,3,3,2,0,0.0,closed,False,False
54522,11,0,3,0,0.0,closed,False,False
54521,8,0,2,0,0.0,closed,False,False
54517,24,4,4,0,0.0,closed,False,False
54516,3,0,1,2,2.0,closed,False,False
54515,31,20,2,0,0.0,closed,False,False
54514,163,0,4,6,6.0,closed,False,False
54510,41,41,2,0,0.0,closed,False,False
54508,82,1,2,0,0.0,closed,False,False
54507,5,5,6,0,0.0,closed,False,False
54505,196,0,4,0,0.0,closed,False,False
54502,90,74,0,0,0.0,open,False,False
54499,1305,1194,2,0,0.0,closed,False,False
54498,0,0,2,0,0.0,closed,False,False
54495,151,2,2,0,0.0,closed,False,False
54494,182,36,3,1,1.0,closed,False,False
54493,5,0,3,0,0.0,closed,False,False
54492,2,0,3,0,0.0,closed,False,False
54490,348,86,1,0,0.0,closed,False,False
54487,100,8,2,1,1.0,closed,False,False
54486,7,7,2,0,0.0,closed,False,False
54485,2,2,2,0,0.0,closed,False,False
54483,116,31,3,4,4.0,closed,False,False
54480,560,129,3,6,1.5,closed,False,False
54475,10,10,2,0,0.0,closed,False,False
54474,1,1,1,0,0.0,closed,False,False
54469,8,0,2,2,2.0,closed,False,False
54466,6,1,5,0,0.0,closed,False,False
54465,2,2,2,0,0.0,closed,False,False
54464,1,1,2,0,0.0,closed,False,False
54463,105,15,1,0,0.0,closed,False,False
54462,480,45,2,2,2.0,closed,False,False
54457,43,6,2,2,2.0,closed,False,False
54448,43,478,3,0,0.0,closed,False,False
54447,9,0,1,0,0.0,closed,True,True
54446,10,1,1,0,0.0,closed,True,True
54445,113,113,2,0,0.0,closed,False,False
54443,2,2,3,2,2.0,closed,False,False
54442,0,19,2,0,0.0,closed,False,False
54441,24,71,1,0,0.0,closed,True,True
54440,25,72,1,0,0.0,closed,True,True
54439,5,0,2,3,3.0,closed,False,False
54436,32,0,3,0,0.0,closed,False,False
54435,9,9,3,0,0.0,closed,False,False
54434,478,43,4,0,0.0,closed,False,False
54429,70,48,7,4,2.0,closed,False,False
54427,2,2,3,0,0.0,closed,False,False
54425,103,17,4,2,2.0,closed,False,False
54423,160,6,2,2,2.0,closed,False,False
54419,93,51,2,0,0.0,closed,False,False
54414,1098,47,5,7,3.5,closed,False,False
54412,33,15,2,4,4.0,closed,False,False
54409,13,1,2,0,0.0,closed,False,False
54408,4,22,0,0,0.0,open,False,False
54407,2,2,2,0,0.0,closed,False,False
54406,17,17,2,0,0.0,closed,False,False
54403,2,2,2,0,0.0,closed,False,False
54402,64,9,0,1,0.5,open,False,False
54400,1,1,2,0,0.0,closed,False,False
54399,12,2,3,0,0.0,closed,False,False
54398,63,141,3,0,0.0,closed,False,False
54397,22,20,3,2,2.0,closed,False,False
54396,4,1,4,0,0.0,closed,False,False
54395,200,0,4,46,46.0,closed,False,False
54394,4,3,2,0,0.0,closed,False,False
54392,94,1,3,2,2.0,closed,False,False
54387,1457,376,2,3,0.5,closed,False,False
54386,3,3,4,2,1.0,closed,False,False
54380,2,1,7,0,0.0,closed,False,False
54379,6,5,3,4,4.0,closed,False,False
54378,53,50,6,0,0.0,closed,False,False
54375,0,0,4,0,0,closed,False,False
54373,117,91,1,0,0.0,closed,False,False
54370,5,7,4,0,0.0,closed,False,False
54366,909,912,2,0,0.0,closed,False,False
54365,195,173,9,0,0.0,closed,False,False
54364,32,5,2,0,0.0,closed,False,False
54360,10,1,1,0,0.0,closed,True,True
54359,74,65,1,0,0.0,closed,True,True
54358,74,65,2,0,0.0,closed,False,False
54357,6,5,2,0,0.0,closed,False,False
54356,41,2,2,2,2.0,closed,False,False
54354,241,79,3,4,1.0,closed,False,False
54353,47,3,3,2,2.0,closed,False,False
54352,14627,12044,1,0,0.0,closed,False,False
54351,37,1,1,0,0.0,closed,True,True
54350,37,1,1,0,0.0,closed,True,True
54349,23,0,1,0,0.0,closed,True,True
54348,24,1,1,0,0.0,closed,True,True
54347,18,11,3,0,0.0,closed,False,False
54346,1,84,2,0,0.0,closed,False,False
54345,1,12,1,0,0.0,closed,False,False
54344,63,141,2,0,0.0,closed,False,False
54342,2,1,3,1,1.0,closed,False,False
54338,84,1,2,0,0.0,closed,False,False
54337,4,0,5,0,0.0,closed,False,False
54334,8,10,2,4,4.0,closed,False,False
54333,2,2,3,0,0.0,closed,False,False
54331,127,14,2,0,0.0,closed,False,False
54329,65,5,2,0,0.0,closed,False,False
54327,5,0,2,0,0.0,closed,False,False
54326,2,0,3,0,0.0,closed,False,False
54325,134,6,4,5,5.0,closed,False,False
54324,165,5,15,9,9.0,closed,False,False
54322,24,21,3,0,0.0,closed,False,False
54319,14885,12287,2,0,0.0,closed,False,False
54318,14627,12044,3,0,0.0,closed,False,False
54317,0,1,2,0,0.0,closed,False,False
54316,172,2,5,75,18.75,closed,False,False
54315,2,11,2,0,0.0,closed,False,False
54314,26,1,2,0,0.0,closed,False,False
54311,194,2,5,3,1.5,closed,False,False
54309,100,48,3,4,1.3333333333333333,closed,False,False
54306,137,0,3,0,0.0,closed,False,False
54299,2,2,2,0,0.0,closed,False,False
54298,121,66,2,0,0.0,closed,False,False
54297,2777,4371,1,0,0.0,closed,False,False
54296,7,7,2,0,0.0,closed,False,False
54295,47,10,3,0,0.0,closed,False,False
54294,56431,44719,1,0,0.0,closed,False,False
54293,5,5,1,0,0.0,closed,False,False
54292,137,165,2,0,0.0,closed,False,False
54291,23,107,2,0,0.0,closed,False,False
54290,11,5,2,0,0.0,closed,False,False
54289,5,5,2,0,0.0,closed,False,False
54288,5,5,3,0,0.0,closed,False,False
54287,0,7,2,0,0.0,closed,False,False
54286,1,1,3,0,0.0,closed,False,False
54283,374,421,3,0,0.0,closed,False,False
54282,4,4,3,0,0.0,closed,False,False
54281,1,1,2,0,0.0,closed,False,False
54280,14,5,2,0,0.0,closed,False,False
54276,6,1,3,0,0.0,closed,False,False
54275,1,1,2,0,0.0,closed,False,False
54273,197,125,2,0,0.0,closed,False,False
54268,1513,817,1,0,0.0,closed,False,False
54265,107,51,7,0,0.0,closed,False,False
54264,31,189,2,0,0.0,closed,False,False
