PR ID,PR Author,Title,State,Created At,Merged At,Closed At,Labels,Base Branch,Head Branch,Files Changed,Lines Added,Lines Deleted,Commits,Comments,Review Comments,Reviewers,Review States,Draft Status,Linked Issues,Repository ID,"Repository Size (Stars, Forks, Contributors, Commits)","Repository Activity (Commits, PRs, Issues)","Project Phase (Before Major Release, After Major Release, Active Phase)"
2340506417,fadara01,Enable a fast path for (static) qlinear for AArch64 through ACL directly.,open,2025-02-17T19:59:43Z,,,"module: cpu, open source, module: arm, release notes: quantization, release notes: releng, ciflow/linux-aarch64",main,acl_qlinear_static,,,,,,,"jeffdaily, jerryzh168, salilsdesai, kimishpatel, digantdesai, jianyuh",,False,,65600975,"86941, 23377, None, None"
2340414119,bobrenjc93,[inductor] GraphLowering code movement,open,2025-02-17T18:50:23Z,,,"topic: not user facing, module: inductor, ciflow/inductor",gh/bobrenjc93/279/base,gh/bobrenjc93/279/head,,,,,,,,,True,,65600975,"86941, 23377, None, None"
2340395997,m-gallus,[ROCm][Windows] Disable Composable Kernels for Windows builds,open,2025-02-17T18:37:33Z,,,"module: rocm, open source, topic: not user facing",main,windows/disable-ck,,,,,,,,,False,,65600975,"86941, 23377, None, None"
2340381059,bobrenjc93,add unbacked strict mode,open,2025-02-17T18:27:05Z,,,"release notes: fx, topic: not user facing, fx, module: dynamo, ciflow/inductor",gh/bobrenjc93/278/base,gh/bobrenjc93/278/head,,,,,,,,,True,,65600975,"86941, 23377, None, None"
2340311811,bobrenjc93,[inductor] Freeze runtime asserts after shape prop but before codegen,open,2025-02-17T17:42:08Z,,,"topic: not user facing, module: inductor, ciflow/inductor",gh/bobrenjc93/277/base,gh/bobrenjc93/277/head,,,,,,,,,True,,65600975,"86941, 23377, None, None"
2340183089,12v,Fix typo,open,2025-02-17T16:39:18Z,,,"open source, release notes: AO frontend",main,fix_typo,,,,,,,,,False,,65600975,"86941, 23377, None, None"
2339952040,blawrence-ont,[MPS] Fix incorrect size for uint3 arg,open,2025-02-17T14:49:55Z,,,"open source, release notes: mps",main,uint3-size-mismatch,,,,,,,"kulinseth, malfet",,False,,65600975,"86941, 23377, None, None"
2339951039,blawrence-ont,[MPS] Fix metallib embedding in static builds,open,2025-02-17T14:49:30Z,,,"open source, release notes: mps",main,static-macos-build,,,,,,,malfet,,False,,65600975,"86941, 23377, None, None"
2339818535,annop-w,Add NEON implementation for 8 bit quantized embedding bag on aarch64,closed,2025-02-17T13:49:39Z,,2025-02-17T17:10:50Z,"module: cpu, open source, module: arm, Merged, ciflow/trunk, release notes: quantization, topic: performance, ciflow/linux-aarch64, arm priority",main,qembedding_neon,,,,,,,"jerryzh168, salilsdesai, kimishpatel, digantdesai, jianyuh",,False,,65600975,"86941, 23377, None, None"
2339711394,jataylo,[TESTING] [NO MERGE] Testing new triton commit for release/2.7,open,2025-02-17T13:05:29Z,,,"open source, ciflow/trunk, topic: not user facing, ciflow/inductor, keep-going, ciflow/rocm, ci-no-td, ciflow/inductor-rocm",main,test-new-triton-commit-rel27,,,,,,,,,True,,65600975,"86941, 23377, None, None"
2339567888,FFFrog,Fix the tiny doc descriptions,open,2025-02-17T12:00:56Z,,,"open source, topic: not user facing",gh/fffrog/42/base,gh/fffrog/42/head,,,,,,,,,False,,65600975,"86941, 23377, None, None"
2339377851,m-gallus,[ROCm][Windows] Fix unrecognized constexpr std::memcpy for HIP-clang,open,2025-02-17T10:33:39Z,,,"module: rocm, open source, topic: not user facing",main,windows/builtin-memcpy,,,,,,,,,False,,65600975,"86941, 23377, None, None"
2339324400,jataylo,[ROCm] Introduce AMD specific inductor gemm tuning ,open,2025-02-17T10:10:15Z,,,"module: rocm, open source, release notes: rocm, module: inductor, ciflow/inductor, ciflow/rocm",main,amd-gemm-retune-pr,,,,,,,,,True,,65600975,"86941, 23377, None, None"
2339164436,CaoE,[Inductor][CPP] Eliminate the overhead of BRGEMM fetching for Half micro gemm on CPU Inductor,open,2025-02-17T08:58:00Z,,,"open source, ciflow/trunk, module: inductor, ciflow/inductor, release notes: inductor",main,opt_fp16_brgemm,,,,,,,,,True,,65600975,"86941, 23377, None, None"
2339077121,anijain2305,[pt2-benchmarks] Compiler reset on every run,open,2025-02-17T08:14:20Z,,,"ciflow/trunk, topic: not user facing, module: dynamo, ciflow/inductor",main,polyfill-class,,,,,,,"jansel, xuzhao9, williamwen42",,False,,65600975,"86941, 23377, None, None"
2339050972,Stonepia,Fix test_device_memory_allocated,closed,2025-02-17T08:00:20Z,,2025-02-17T19:00:56Z,"open source, Merged, module: testing, ciflow/trunk, topic: not user facing, ciflow/xpu, module: xpu",main,patch-2,,,,,,,"EikanWang, gujinghui",,False,,65600975,"86941, 23377, None, None"
2339014730,pytorchupdatebot,Update slow tests,closed,2025-02-17T07:39:52Z,,2025-02-17T12:03:43Z,"open source, Merged, ciflow/trunk, topic: not user facing, ciflow/slow, ci-no-td",main,update_slow_tests_1739777990,,,,,,,,,False,,65600975,"86941, 23377, None, None"
2339002475,pralay-das,"Match view node and _unsafe_view node, as they have same schema",open,2025-02-17T07:33:02Z,,,"open source, topic: not user facing, module: inductor",main,feat/unsafe_view_pattern,,,,,,,,,False,,65600975,"86941, 23377, None, None"
2338950534,xytintel,Allow XPU device for validating the arguments to sparse compressed tensor factory functions,open,2025-02-17T07:03:06Z,,,"open source, release notes: sparse, ciflow/xpu",main,xyt/sparse_csr_xpu,,,,,,,"albanD, atalman",,False,,65600975,"86941, 23377, None, None"
2338929158,shink,[Dynamo] Allow dynamo to handle 'or' operator between two dicts,open,2025-02-17T06:51:00Z,,,"open source, topic: not user facing, module: dynamo",main,fix/dynamo/dict-or,,,,,,,,,False,,65600975,"86941, 23377, None, None"
2338907567,zeshengzong,Optimize `Sequential` methods description,open,2025-02-17T06:36:29Z,,,"open source, topic: not user facing",main,opt/docs/nn,,,,,,,"albanD, jbschlosser, mikaylagawarecki",,False,,65600975,"86941, 23377, None, None"
2338813519,xytintel,Update torch-xpu-ops commit pin,open,2025-02-17T05:25:54Z,,,"open source, topic: not user facing, keep-going, ciflow/xpu",main,xyt/xpu_pin_b421032c8fed40df5eaee395c2e7f5f8a7bcc815,,,,,,,"EikanWang, gujinghui",,False,,65600975,"86941, 23377, None, None"
2338668311,zeshengzong,Remove deprecate method `LRScheduler.print_lr`,open,2025-02-17T03:21:10Z,,,"open source, release notes: optim",main,opt/deprecate/LRScheduler,,,,,,,"albanD, janeyx99",,False,,65600975,"86941, 23377, None, None"
2338652246,h-vetinari,switch from deprecated `find_package(CUDA)` to `find_package(CUDAToolkit)`,open,2025-02-17T03:10:05Z,,,"module: mkldnn, open source",main,cmake,,,,,,,,,True,,65600975,"86941, 23377, None, None"
2338617010,malfet,[MPS][BE] Turn `exec_unary_kernel` as MetalShaderLibrary method,closed,2025-02-17T02:37:49Z,,2025-02-17T08:31:28Z,"Merged, release notes: mps, ciflow/mps",gh/malfet/193/base,gh/malfet/193/head,,,,,,,"kulinseth, Skylion007",,False,,65600975,"86941, 23377, None, None"
2338593437,leslie-fang-intel,[Inductor][CPP] Add the legalize low fp support for index expr,closed,2025-02-17T02:19:19Z,,2025-02-17T07:11:22Z,"open source, Merged, ciflow/trunk, topic: not user facing, module: inductor, ciflow/inductor",gh/leslie-fang-intel/184/base,gh/leslie-fang-intel/184/head,,,,,,,,,False,,65600975,"86941, 23377, None, None"
2338592082,malfet,[BE] Make `exec_unary_kernel` take TensorIterator as argument,closed,2025-02-17T02:17:57Z,,2025-02-17T07:34:38Z,"Merged, topic: not user facing, release notes: mps, ciflow/mps",gh/malfet/192/base,gh/malfet/192/head,,,,,,,"kulinseth, Skylion007",,False,,65600975,"86941, 23377, None, None"
2338591972,malfet,[BE] Switch all structured funcs to stubs,closed,2025-02-17T02:17:48Z,,2025-02-17T07:34:37Z,"Merged, topic: not user facing, release notes: mps, ciflow/mps",gh/malfet/191/base,gh/malfet/191/head,,,,,,,"kulinseth, Skylion007",,False,,65600975,"86941, 23377, None, None"
2338497519,pytorchupdatebot,[executorch hash update] update the pinned executorch hash,closed,2025-02-17T00:25:52Z,,2025-02-17T05:03:07Z,"open source, Merged, ciflow/trunk, topic: not user facing, ciflow/inductor",main,update-executorch-commit-hash/13360269739-1463-1,,,,,,,jeffdaily,,False,,65600975,"86941, 23377, None, None"
2338454748,mikaylagawarecki,Fix overflow in checkInBoundsForStorage,open,2025-02-16T22:51:24Z,,,,gh/mikaylagawarecki/314/base,gh/mikaylagawarecki/314/head,,,,,,,,,True,,65600975,"86941, 23377, None, None"
2338413861,stepanhruda,Fix arvr macOS buck pytorch builds,closed,2025-02-16T21:10:44Z,,2025-02-17T18:47:26Z,"module: cpu, fb-exported, Merged, ciflow/trunk, release notes: quantization",main,export-D69722372,,,,,,,"jerryzh168, salilsdesai, kimishpatel, digantdesai, jianyuh",,False,,65600975,"86941, 23377, None, None"
2338402114,cocktailpeanut,Do not use username for inductor default_cache_dir,open,2025-02-16T20:39:38Z,,,"open source, topic: not user facing, module: inductor",main,main,,,,,,,,,False,,65600975,"86941, 23377, None, None"
2338305706,Skylion007,[BE]: Enable ruff rule SIM113,closed,2025-02-16T16:37:57Z,,2025-02-16T22:41:19Z,"oncall: distributed, open source, better-engineering, Merged, ciflow/trunk, release notes: onnx, release notes: quantization, topic: not user facing, fx, module: dynamo, ciflow/inductor",main,skylion007/enable-ruff-SIM113-2025-02-16,,,,,,,"malfet, avikchaudhuri, tugsbayasgalan, zhxchen17, ydwu4, angelayi, titaiwangms, shubhambhokare1, justinchuby, wschin",,False,,65600975,"86941, 23377, None, None"
2338301431,egg-west,fixed optimizer load_state_dict,open,2025-02-16T16:27:51Z,,,"open source, release notes: optim",main,fix_optimizer_load_state_dict,,,,,,,"albanD, janeyx99",,False,,65600975,"86941, 23377, None, None"
2338173711,malfet,[MPS][BE] Use stubs for floor/ceil/round/trunc,closed,2025-02-16T11:16:37Z,,2025-02-16T17:22:51Z,"Merged, topic: not user facing, release notes: mps, ciflow/mps",gh/malfet/190/base,gh/malfet/190/head,,,,,,,"kulinseth, dcci",,False,,65600975,"86941, 23377, None, None"
2338173354,malfet,[MPS][BE] Use stubs for floor/ceil/round/trunc,closed,2025-02-16T11:15:44Z,,2025-02-16T11:17:37Z,"topic: not user facing, release notes: mps, ciflow/mps",gh/malfet/189/base,gh/malfet/189/head,,,,,,,"kulinseth, Skylion007, dcci",,False,,65600975,"86941, 23377, None, None"
2338055949,mengluy0125,[Pyper] Enable GQA in PMA module,open,2025-02-16T05:27:35Z,,,"fb-exported, release notes: functorch",main,export-D69557675,,,,,,,,,False,,65600975,"86941, 23377, None, None"
2337973024,pytorchupdatebot,[executorch hash update] update the pinned executorch hash,closed,2025-02-16T00:25:47Z,,2025-02-16T05:11:35Z,"open source, Merged, ciflow/trunk, topic: not user facing, ciflow/inductor",main,update-executorch-commit-hash/13349943940-1462-1,,,,,,,jeffdaily,,False,,65600975,"86941, 23377, None, None"
2337967421,bobrenjc93,[experimental][fbcode] delayed compile,open,2025-02-16T00:08:13Z,,,"ciflow/trunk, module: dynamo, ciflow/inductor",gh/bobrenjc93/276/base,gh/bobrenjc93/276/head,,,,,,,,,True,,65600975,"86941, 23377, None, None"
2337966910,bobrenjc93,[experimental] delayed compile,closed,2025-02-16T00:06:39Z,,2025-02-16T00:07:43Z,,gh/bobrenjc93/275/base,gh/bobrenjc93/275/head,,,,,,,,,True,,65600975,"86941, 23377, None, None"
2337966892,bobrenjc93,[experimental] delayed compile,closed,2025-02-16T00:06:36Z,,2025-02-16T00:07:41Z,"module: dynamo, ciflow/inductor",gh/bobrenjc93/274/base,gh/bobrenjc93/274/head,,,,,,,,,True,,65600975,"86941, 23377, None, None"
2337948064,bobrenjc93,[experimental] delayed export,open,2025-02-15T22:49:00Z,,,"module: dynamo, ciflow/inductor",gh/bobrenjc93/273/base,gh/bobrenjc93/273/head,,,,,,,,,True,,65600975,"86941, 23377, None, None"
2337900684,malfet,[MPS] Implement and test round.decimals,closed,2025-02-15T20:13:58Z,,2025-02-16T23:17:15Z,"Merged, release notes: mps, ciflow/mps",gh/malfet/188/base,gh/malfet/188/head,,,,,,,"kulinseth, dcci",,False,,65600975,"86941, 23377, None, None"
2337872097,bobrenjc93,[experimental] delayed compile,open,2025-02-15T18:50:53Z,,,"ciflow/trunk, module: dynamo, ciflow/inductor",gh/bobrenjc93/272/base,gh/bobrenjc93/272/head,,,,,,,,,True,,65600975,"86941, 23377, None, None"
2337597618,jokercw147,Add the memory and dispatch to the logging module.,open,2025-02-15T07:45:56Z,,,open source,main,main,,,,,,,,,False,,65600975,"86941, 23377, None, None"
2337588057,zqwenn,add PrivateUse1 backend in fsdp collecitves,open,2025-02-15T07:19:25Z,,,"oncall: distributed, open source, release notes: distributed (fsdp)",main,main,,,,,,,,,False,,65600975,"86941, 23377, None, None"
2337502074,henrylhtsang,t2,closed,2025-02-15T05:09:37Z,,2025-02-15T05:15:38Z,"topic: not user facing, module: inductor, ciflow/inductor",gh/henrylhtsang/17/base,gh/henrylhtsang/17/head,,,,,,,,,True,,65600975,"86941, 23377, None, None"
2337501742,henrylhtsang,t1,closed,2025-02-15T05:09:33Z,,2025-02-15T05:15:41Z,"topic: not user facing, module: inductor, ciflow/inductor",gh/henrylhtsang/16/base,gh/henrylhtsang/16/head,,,,,,,,,True,,65600975,"86941, 23377, None, None"
2337401923,TroyGarden,[TorchRec][PT2] disable contextlib in PT2 train pipeline,open,2025-02-15T03:53:17Z,,,"oncall: distributed, internals, fb-exported",main,export-D68480678,,,,,,,"albanD, jbschlosser, mikaylagawarecki",,False,,65600975,"86941, 23377, None, None"
2337383544,cyyever,Fix clang-tidy warnings in torch/jit,open,2025-02-15T03:11:07Z,,,"oncall: jit, open source, NNC, release notes: jit",main,jit_lint2,,,,,,,"titaiwangms, shubhambhokare1",,False,,65600975,"86941, 23377, None, None"
2337383386,seemethere,utils: Update md5 call to be fips compliant,closed,2025-02-15T03:10:41Z,,2025-02-15T15:19:11Z,"Merged, ciflow/trunk, release notes: python_frontend, topic: not user facing",gh/seemethere/8/base,gh/seemethere/8/head,,,,,,,"jeffdaily, jithunnair-amd",,False,,65600975,"86941, 23377, None, None"
2337374630,jansel,[inductor] Simplify grid handling,open,2025-02-15T02:50:06Z,,,"topic: not user facing, ciflow/mps, module: inductor, ciflow/inductor, ciflow/inductor-rocm",gh/jansel/506/base,gh/jansel/506/head,,,,,,,,,True,,65600975,"86941, 23377, None, None"
2337356161,JBlitzar,Hipify: use usedforsecurity=False for MD5,closed,2025-02-15T02:26:41Z,,2025-02-15T02:37:44Z,"open source, topic: not user facing",main,main,,,,,,,"jeffdaily, jithunnair-amd",,False,,65600975,"86941, 23377, None, None"
2337342094,blaine-rister,[Inductor] Fix 3D tiling with permute,closed,2025-02-15T01:54:53Z,,2025-02-15T23:28:38Z,"Merged, ciflow/trunk, topic: not user facing, module: inductor, ciflow/inductor",main,brister/3d_permute_block_ptr,,,,,,,"nandesuka, arui-meta",,False,,65600975,"86941, 23377, None, None"
2337329782,dulinriley,Move ir_pre_fusion.txt and ir_post_fusion.txt to TORCH_LOGS,open,2025-02-15T01:28:22Z,,,"topic: not user facing, module: inductor, module: dynamo, ciflow/inductor",main,ir_pre_fusion,,,,,,,,,False,,65600975,"86941, 23377, None, None"
2337328206,cyyever,Remove CAFFE2_USE_EXCEPTION_PTR,open,2025-02-15T01:24:57Z,,,"open source, topic: not user facing",main,USE_EXCEPTION_PTR,,,,,,,,,False,,65600975,"86941, 23377, None, None"
2337326307,c00w,dynamo: Don't crash when encountering a object with no __name__,open,2025-02-15T01:22:48Z,,,"topic: not user facing, module: dynamo, ciflow/inductor",gh/c00w/40/base,gh/c00w/40/head,,,,,,,"yanboliang, jamesjwu",,False,,65600975,"86941, 23377, None, None"
2337318721,henrylhtsang,Update lintrunner sympy version to 1.13.3,closed,2025-02-15T01:11:59Z,,2025-02-15T01:12:33Z,topic: not user facing,gh/henrylhtsang/15/base,gh/henrylhtsang/15/head,,,,,,,,,False,,65600975,"86941, 23377, None, None"
2337315984,cyyever,Add SmallVectorImpl move constructor and other fixes,open,2025-02-15T01:07:37Z,,,"open source, topic: not user facing",main,small_v,,,,,,,,,False,,65600975,"86941, 23377, None, None"
2337299521,naromero77amd,[ROCm] [TunableOp] Track top solutions during tuning process,open,2025-02-15T00:40:16Z,,,"module: rocm, open source, topic: not user facing",main,tunableop_topN_solns,,,,,,,jeffdaily,,False,,65600975,"86941, 23377, None, None"
2337288519,xmfan,wip [ca] unpack hooks,open,2025-02-15T00:29:28Z,,,"module: dynamo, ciflow/inductor, module: compiled autograd",gh/xmfan/182/base,gh/xmfan/182/head,,,,,,,,,True,,65600975,"86941, 23377, None, None"
2337281135,pytorchupdatebot,[executorch hash update] update the pinned executorch hash,closed,2025-02-15T00:23:07Z,,2025-02-15T05:02:25Z,"open source, Merged, ciflow/trunk, topic: not user facing, ciflow/inductor",main,update-executorch-commit-hash/13339750520-1461-1,,,,,,,jeffdaily,,False,,65600975,"86941, 23377, None, None"
2337275677,angelayi,[symbolic shapes] Add replacement for backed symints,open,2025-02-15T00:17:43Z,,,"release notes: fx, fx, ciflow/inductor",gh/angelayi/73/base,gh/angelayi/73/head,,,,,,,bobrenjc93,,False,,65600975,"86941, 23377, None, None"
2337271536,angelayi,[apf] Fix input adapter,open,2025-02-15T00:13:24Z,,,"fb-exported, release notes: export",main,export-D69328093,,,,,,,"avikchaudhuri, tugsbayasgalan, zhxchen17, ydwu4",,False,,65600975,"86941, 23377, None, None"
2337219293,angelayi,[export] Loosen symint input serialization,open,2025-02-14T23:38:14Z,,,"ciflow/trunk, ciflow/inductor, release notes: export",main,angelayi/fix3,,,,,,,"tugsbayasgalan, zhxchen17, ydwu4",,False,,65600975,"86941, 23377, None, None"
2337194784,tebartsch,logging: close handler after removing it,open,2025-02-14T23:20:48Z,,,open source,main,patch-1,,,,,,,,,False,,65600975,"86941, 23377, None, None"
2337175286,jansel,[inductor] Don't leak pointers to cpp_wrapper with lru_cache,closed,2025-02-14T22:57:53Z,,2025-02-15T08:25:44Z,"Merged, ciflow/trunk, topic: not user facing, module: inductor, ciflow/inductor",gh/jansel/505/base,gh/jansel/505/head,,,,,,,"desertfire, eellison",,False,,65600975,"86941, 23377, None, None"
2337138099,AviralGoelAMD,[Inductor][ROCm][CK] Unhardedcoded kernel shapes for ck_conv_template codegen,open,2025-02-14T22:22:19Z,,,"module: rocm, open source, topic: not user facing, module: inductor",main,aviralgoel-amd-inductor,,,,,,,tenpercent,,False,,65600975,"86941, 23377, None, None"
2337134490,amjames,Ensure conj/neg flags are set in destination for CUDA->CPU copies,open,2025-02-14T22:18:29Z,,,"open source, topic: not user facing",gh/amjames/20/base,gh/amjames/20/head,,,,,,,"eqy, syed-ahmed, janeyx99",,False,,65600975,"86941, 23377, None, None"
2337092990,shengfukevin,Capture HCCL in PyTorch Execution Trace,open,2025-02-14T21:39:11Z,,,"oncall: distributed, fb-exported, release notes: distributed (c10d)",main,export-D69555405,,,,,,,kwen2501,,False,,65600975,"86941, 23377, None, None"
2337091129,eellison,Iterate over dense dim first in split reduction reindexing,open,2025-02-14T21:37:26Z,,,"topic: not user facing, module: inductor, ciflow/inductor",gh/eellison/763/base,gh/eellison/763/head,,,,,,,shunting314,,False,,65600975,"86941, 23377, None, None"
2337079557,jayfurmanek,Don't use '-e' when installing Triton,closed,2025-02-14T21:28:38Z,,2025-02-14T21:31:16Z,release notes: releng,main,fix-triton-build,,,,,,,"eqy, syed-ahmed, jeffdaily",,False,,65600975,"86941, 23377, None, None"
2337037316,ydwu4,[dynamo] fix error message when logging graph that contains hops,closed,2025-02-14T20:57:24Z,,2025-02-15T00:53:46Z,"Merged, ciflow/trunk, topic: not user facing, module: dynamo, ciflow/inductor",gh/ydwu4/214/base,gh/ydwu4/214/head,,,,,,,,,False,,65600975,"86941, 23377, None, None"
2337028483,benjaminglass1,cpp_wrapper: Fix even more tests,open,2025-02-14T20:50:32Z,,,"open source, topic: not user facing, module: inductor, ciflow/inductor",gh/benjaminglass1/72/base,gh/benjaminglass1/72/head,,,,,,,,,True,,65600975,"86941, 23377, None, None"
2337026700,mlazos,[Cutlass] Restore search space for swizzle,open,2025-02-14T20:48:56Z,,,"ciflow/trunk, module: inductor, ciflow/inductor, release notes: inductor",gh/mlazos/7/base,gh/mlazos/7/head,,,,,,,masnesral,,False,,65600975,"86941, 23377, None, None"
2337026643,mlazos,"[Cutlass] Add support for runtime param choices, starting with swizzle",open,2025-02-14T20:48:53Z,,,"ciflow/trunk, module: inductor, ciflow/inductor, release notes: inductor",gh/mlazos/6/base,gh/mlazos/6/head,,,,,,,"eellison, Chillee",,False,,65600975,"86941, 23377, None, None"
2337026589,mlazos,[Inductor] Add autotuning artifact logging,open,2025-02-14T20:48:50Z,,,"ciflow/trunk, module: inductor, module: dynamo, ciflow/inductor, release notes: inductor",gh/mlazos/5/base,gh/mlazos/5/head,,,,,,,"eellison, henrylhtsang",,False,,65600975,"86941, 23377, None, None"
2337026097,amdfaa,[ROCm] Update inductor-perf-test-nightly-rocm.yml to use the correct labels & frequency,closed,2025-02-14T20:48:22Z,,2025-02-17T19:29:29Z,"module: rocm, open source, Merged, topic: not user facing",main,patch-11,,,,,,,"malfet, jithunnair-amd",,False,,65600975,"86941, 23377, None, None"
2336970411,GulkoA,Periodic Activations Module,open,2025-02-14T20:05:29Z,,,"open source, release notes: nn, topic: improvements",main,main,,,,,,,"albanD, jbschlosser, mikaylagawarecki",,False,,65600975,"86941, 23377, None, None"
2336963694,anijain2305,[dynamo][mappingproxy][inspect] Support existing types.MappingProxyType,closed,2025-02-14T20:00:19Z,,2025-02-15T07:59:36Z,"Merged, ciflow/trunk, topic: not user facing, module: dynamo, ciflow/inductor",gh/anijain2305/683/base,gh/anijain2305/683/head,,,,,,,"StrongerXi, jansel",,False,,65600975,"86941, 23377, None, None"
2336917321,zhxchen17,[sigmoid] Test OSS model runner with test_export.py,open,2025-02-14T19:25:24Z,,,"fb-exported, release notes: export",main,export-D69060784,,,,,,,"avikchaudhuri, tugsbayasgalan, ydwu4, angelayi",,False,,65600975,"86941, 23377, None, None"
2336889034,benjaminglass1,cpp_wrapper: Fixup output code indentation,open,2025-02-14T19:05:13Z,,,"open source, topic: not user facing, module: inductor, ciflow/inductor",gh/benjaminglass1/71/base,gh/benjaminglass1/71/head,,,,,,,,,False,,65600975,"86941, 23377, None, None"
2336740099,malfet,Skip unsupported types by MPS in `test_torchinductor.py`,closed,2025-02-14T17:26:58Z,,2025-02-16T10:15:55Z,"Merged, topic: not user facing, ciflow/mps, module: inductor, ciflow/inductor",gh/malfet/187/base,gh/malfet/187/head,,,,,,,,,False,,65600975,"86941, 23377, None, None"
2336584702,danzimm,[torch] Make amdsmi cdll hook private,closed,2025-02-14T16:23:56Z,,2025-02-14T20:30:51Z,"module: cuda, fb-exported, Merged, ciflow/trunk, release notes: cuda",main,export-D69665234,,,,,,,"eqy, syed-ahmed",,False,,65600975,"86941, 23377, None, None"
2336529103,malfet,[MPSInductor] Adjust check_bounds,open,2025-02-14T16:02:51Z,,,"topic: not user facing, ciflow/mps, module: inductor, ciflow/inductor",gh/malfet/186/base,gh/malfet/186/head,,,,,,,,,False,,65600975,"86941, 23377, None, None"
2336468202,hl475,DO NOT REVIEW,open,2025-02-14T15:43:04Z,,,"fb-exported, ciflow/trunk, module: inductor, ciflow/inductor",main,export-D69642211,,,,,,,,,False,,65600975,"86941, 23377, None, None"
2336430502,riccardofelluga,Fix rms_norm in fp16/bf16,open,2025-02-14T15:29:39Z,,,"open source, topic: not user facing",main,rms-cast,,,,,,,eqy,,False,,65600975,"86941, 23377, None, None"
2336305148,desertfire,[inductor][refactor] Move _compile_file to cpp_builder,closed,2025-02-14T14:29:27Z,,2025-02-14T21:02:33Z,"fb-exported, Merged, ciflow/trunk, topic: not user facing, module: inductor, ciflow/inductor",main,export-D69595327,,,,,,,,,False,,65600975,"86941, 23377, None, None"
2335709954,leslie-fang-intel,[Inductor] Fix Inplace Buffer inner name conflict,closed,2025-02-14T10:01:17Z,,2025-02-15T08:31:08Z,"open source, Merged, ciflow/trunk, topic: not user facing, module: inductor, ciflow/inductor",gh/leslie-fang-intel/183/base,gh/leslie-fang-intel/183/head,,,,,,,jgong5,,False,,65600975,"86941, 23377, None, None"
2335622456,zqwenn,add PrivateUse1 backend in fsdp collecitves,closed,2025-02-14T09:22:15Z,,2025-02-15T07:18:27Z,"oncall: distributed, open source, release notes: distributed (fsdp)",main,main,,,,,,,,,False,,65600975,"86941, 23377, None, None"
2335591153,FFFrog,Unify all sympy versions to avoid conflicts within PyTorch,open,2025-02-14T09:08:33Z,,,"open source, ciflow/trunk, topic: not user facing, ciflow/inductor",gh/fffrog/41/base,gh/fffrog/41/head,,,,,,,jeffdaily,,False,,65600975,"86941, 23377, None, None"
2335541775,jianan-gu,[Draft][Inductor][CPP] Adopt block sparse for FlexAttention CPU ,open,2025-02-14T08:42:48Z,,,"open source, module: inductor",main,block_sparse_cpu,,,,,,,,,True,,65600975,"86941, 23377, None, None"
2335506034,briancoutinho,update kineto submodule to include fix for windows build,closed,2025-02-14T08:23:40Z,,2025-02-15T01:53:18Z,"Merged, ciflow/trunk, topic: not user facing",main,update_kineto_0214,,,,,,,,,False,,65600975,"86941, 23377, None, None"
2335492603,sandeepgupta12,Add ppc64le wheel build support,open,2025-02-14T08:15:55Z,,,"open source, topic: not user facing",main,ppc64le-ci-wheel-build-v1,,,,,,,"jeffdaily, AlekseiNikiforovIBM, malfet",,False,,65600975,"86941, 23377, None, None"
2335467525,kundaMwiza,[inductor][triton] Ignore block ptr advances for removed buffers,open,2025-02-14T07:59:25Z,,,"open source, topic: not user facing, module: inductor",main,mwizak/ignore-block-ptr-advancements-for-removed-buffers,,,,,,,Skylion007,,False,,65600975,"86941, 23377, None, None"
2335442807,zeshengzong,Add Torch Logs for ir_pre_fusion and ir_post_fusion,open,2025-02-14T07:43:20Z,,,"open source, module: inductor",main,opt/log/inductor,,,,,,,,,True,,65600975,"86941, 23377, None, None"
2335435563,DDEle,[Inductor] Add input value checking to randint meta function,open,2025-02-14T07:38:25Z,,,"open source, topic: not user facing",main,inductor-randint-input-check,,,,,,,malfet,,False,,65600975,"86941, 23377, None, None"
2335394608,sandeepgupta12,Wheel v1,closed,2025-02-14T07:10:11Z,,2025-02-14T07:11:23Z,topic: not user facing,main,wheel-v1,,,,,,,jeffdaily,,False,,65600975,"86941, 23377, None, None"
2335359168,coufon,[StaticRuntime] Support a new pattern (aten::to with 5 inputs) for ClipRangesToGatherToOffsets,closed,2025-02-14T06:46:01Z,,2025-02-16T22:16:05Z,"oncall: jit, fb-exported, Merged, ciflow/trunk, release notes: jit",main,export-D69627793,,,,,,,,,False,,65600975,"86941, 23377, None, None"
2335343657,FFFrog,Fix torch.mean out dtype check,open,2025-02-14T06:33:59Z,,,"open source, topic: not user facing",gh/fffrog/40/base,gh/fffrog/40/head,,,,,,,malfet,,False,,65600975,"86941, 23377, None, None"
2335306603,jagadish-amd,ROCm: Remove static specifier for allow_tf32 variable.,open,2025-02-14T06:04:19Z,,,"module: rocm, open source, topic: not user facing, ciflow/periodic, ciflow/rocm",main,origin/change_allowtf32_var,,,,,,,"xw285cornell, jeffdaily",,False,,65600975,"86941, 23377, None, None"
2335251090,henrylhtsang,[cutlass backend] forward fix of #146877,open,2025-02-14T05:10:25Z,,,"topic: not user facing, module: inductor, ciflow/inductor",gh/henrylhtsang/14/base,gh/henrylhtsang/14/head,,,,,,,chenyang78,,False,,65600975,"86941, 23377, None, None"
2335235646,malfet,[MPS][BE] Migrate polar to use functor,closed,2025-02-14T04:58:01Z,,2025-02-14T06:25:40Z,"Merged, topic: not user facing, release notes: mps, ciflow/mps",gh/malfet/185/base,gh/malfet/185/head,,,,,,,"kulinseth, Skylion007",,False,,65600975,"86941, 23377, None, None"
2335235592,malfet,[MPS][BE] Add copysign integral flavors as functor,closed,2025-02-14T04:57:58Z,,2025-02-14T06:25:39Z,"Merged, topic: not user facing, release notes: mps, ciflow/mps",gh/malfet/184/base,gh/malfet/184/head,,,,,,,"kulinseth, Skylion007",,False,,65600975,"86941, 23377, None, None"
2335235537,malfet,[BE][MPS]  Infer results of functor,closed,2025-02-14T04:57:54Z,,2025-02-14T06:25:38Z,"Merged, topic: not user facing, release notes: mps, ciflow/mps",gh/malfet/183/base,gh/malfet/183/head,,,,,,,"kulinseth, Skylion007",,False,,65600975,"86941, 23377, None, None"
2335220771,cyyever,Remove code for Python < 3.9,closed,2025-02-14T04:42:38Z,,2025-02-15T06:43:28Z,"open source, Merged, ciflow/trunk, topic: not user facing, module: dynamo, ciflow/inductor",main,py392,,,,,,,,,False,,65600975,"86941, 23377, None, None"
2335147036,henrylhtsang,[cutlass backend] Add numerical tests for speciality ops,open,2025-02-14T03:28:40Z,,,"topic: not user facing, module: inductor, ciflow/inductor",gh/henrylhtsang/13/base,gh/henrylhtsang/13/head,,,,,,,,,False,,65600975,"86941, 23377, None, None"
2335115554,zeshengzong,"Fix `torch.max` optional args `dim`, `keepdim` description",open,2025-02-14T02:51:56Z,,,"open source, release notes: python_frontend",main,opt/docs/max,,,,,,,,,False,,65600975,"86941, 23377, None, None"
2335102351,tousifanwar11,Fix failing export of DTensor toy model,open,2025-02-14T02:38:11Z,,,"open source, release notes: export",main,fix-dtensor-export,,,,,,,"avikchaudhuri, tugsbayasgalan, zhxchen17, ydwu4, angelayi",,False,,65600975,"86941, 23377, None, None"
2335082283,apakbin,Release/2.5: [ROCm] TopK optimizations for AMD GPUs,closed,2025-02-14T02:18:55Z,,2025-02-14T18:33:37Z,"oncall: distributed, module: rocm, open source, release notes: nn, fx, module: inductor",release/2.5,release/2.5,,,,,,,"eqy, syed-ahmed, mikaylagawarecki, albanD, jbschlosser",,False,,65600975,"86941, 23377, None, None"
2335078427,henrylhtsang,[cutlass backend] add subproc tests,open,2025-02-14T02:15:41Z,,,"topic: not user facing, module: inductor, ciflow/inductor",gh/henrylhtsang/12/base,gh/henrylhtsang/12/head,,,,,,,,,False,,65600975,"86941, 23377, None, None"
2335049069,henrylhtsang,[cutlass backend] remove triton from most tests and add an integration test,open,2025-02-14T01:49:09Z,,,"topic: not user facing, module: inductor, ciflow/inductor",gh/henrylhtsang/11/base,gh/henrylhtsang/11/head,,,,,,,"chenyang78, ColinPeppler",,False,,65600975,"86941, 23377, None, None"
2335041588,kqfu,[PT2]: allow empty dict to pass type check,open,2025-02-14T01:42:14Z,,,"oncall: jit, fb-exported, release notes: jit",main,export-D69482349,,,,,,,,,False,,65600975,"86941, 23377, None, None"
2335013340,justinchuby,[ONNX] Consolidate constants to a single location,closed,2025-02-14T01:12:28Z,,2025-02-14T19:08:24Z,"module: onnx, open source, Merged, ciflow/trunk, release notes: onnx, topic: not user facing",gh/justinchuby/106/base,gh/justinchuby/106/head,,,,,,,"shubhambhokare1, wschin",,False,,65600975,"86941, 23377, None, None"
2335013293,justinchuby,[ONNX] Set warning stacklevel so it appears at the torch.onnx call site,closed,2025-02-14T01:12:25Z,,2025-02-14T19:04:46Z,"module: onnx, open source, Merged, ciflow/trunk, release notes: onnx, topic: improvements",gh/justinchuby/105/base,gh/justinchuby/105/head,,,,,,,"titaiwangms, shubhambhokare1, wschin",,False,,65600975,"86941, 23377, None, None"
2335013246,justinchuby,[ONNX] Handle number of outputs in builder,closed,2025-02-14T01:12:22Z,,2025-02-14T19:03:54Z,"module: onnx, open source, Merged, ciflow/trunk, release notes: onnx, topic: bug fixes",gh/justinchuby/104/base,gh/justinchuby/104/head,,,,,,,"shubhambhokare1, wschin",,False,,65600975,"86941, 23377, None, None"
2335011286,malfet,[BE] Use `c10::multiply_integers` in cholesky_impl,closed,2025-02-14T01:10:06Z,,2025-02-14T03:59:19Z,"Merged, topic: not user facing, release notes: mps, ciflow/mps",main,malfet-patch-6,,,,,,,"Skylion007, kulinseth, dcci",,False,,65600975,"86941, 23377, None, None"
2335003511,pkourdis,Record the XPU and XCCL build settings in the compiled binary,open,2025-02-14T01:01:02Z,,,"caffe2, open source, topic: not user facing",main,panos/record-xpu-build-settings,,,,,,,,,False,,65600975,"86941, 23377, None, None"
2335001571,malfet,[MPS] Fix cholesky_ex for empty inputs,closed,2025-02-14T00:58:49Z,,2025-02-14T17:44:11Z,"Merged, topic: bug fixes, release notes: mps, ciflow/mps",main,malfet-patch-5,,,,,,,"Skylion007, dcci, kulinseth",,False,,65600975,"86941, 23377, None, None"
2335000929,henrylhtsang,[cutlass backend] forward fix of standalone runner for fbcode,open,2025-02-14T00:58:04Z,,,"topic: not user facing, module: inductor, ciflow/inductor",gh/henrylhtsang/10/base,gh/henrylhtsang/10/head,,,,,,,"huydhn, ColinPeppler",,False,,65600975,"86941, 23377, None, None"
2334968944,pytorchupdatebot,[executorch hash update] update the pinned executorch hash,closed,2025-02-14T00:24:11Z,,2025-02-14T05:04:20Z,"open source, Merged, ciflow/trunk, topic: not user facing, ciflow/inductor",main,update-executorch-commit-hash/13319730828-1460-1,,,,,,,jeffdaily,,False,,65600975,"86941, 23377, None, None"
2334957621,anijain2305,[dynamo][not ready] Handle builtin methods as f_locals,open,2025-02-14T00:12:01Z,,,"ciflow/trunk, topic: not user facing, module: dynamo, ciflow/inductor",gh/anijain2305/682/base,gh/anijain2305/682/head,,,,,,,,,False,,65600975,"86941, 23377, None, None"
2334940605,clee2000,[CI] Use job name to index into test times json,closed,2025-02-13T23:53:53Z,,2025-02-14T17:06:59Z,"Merged, topic: not user facing, ciflow/mps, ciflow/inductor",main,csl/sharding_build_env,,,,,,,,,False,,65600975,"86941, 23377, None, None"
2334924819,GregoryComer,Exclude upsample_bilinear2d.vec and nearest2d.vec from default export decomposition table,open,2025-02-13T23:36:27Z,,,"fb-exported, release notes: export",main,export-D69625112,,,,,,,"avikchaudhuri, tugsbayasgalan, zhxchen17, ydwu4, angelayi",,False,,65600975,"86941, 23377, None, None"
2334910709,StrongerXi,[dynamo][fx] Don't emit `call_function` node to construct dataclass instances for Dynamo and `make_fx` tracing,open,2025-02-13T23:22:11Z,,,"release notes: fx, fx, module: dynamo, ciflow/inductor",gh/StrongerXi/86/base,gh/StrongerXi/86/head,,,,,,,,,False,,65600975,"86941, 23377, None, None"
2334907589,eellison,Delete Mixed MM Special Casing,open,2025-02-13T23:19:19Z,,,"topic: not user facing, module: inductor, ciflow/inductor",gh/eellison/762/base,gh/eellison/762/head,,,,,,,,,False,,65600975,"86941, 23377, None, None"
2334901493,muchulee8,[AOTInductor] Guard RAII_cpuMalloc with macro,closed,2025-02-13T23:13:07Z,,2025-02-14T23:21:37Z,"fb-exported, Merged, ciflow/trunk, topic: not user facing, ciflow/inductor",main,export-D69623481,,,,,,,,,False,,65600975,"86941, 23377, None, None"
2334900565,c00w,[WIP] dynamo: Count number of opcodes processes,open,2025-02-13T23:12:11Z,,,"module: dynamo, ciflow/inductor",gh/c00w/39/base,gh/c00w/39/head,,,,,,,,,False,,65600975,"86941, 23377, None, None"
2334887812,henrylhtsang,"For addmm and bmm, check if config.autotune_fallback_to_aten before using aten as a fallback. Also fix bmm cutlass backend ",open,2025-02-13T22:59:56Z,,,"topic: not user facing, module: inductor, ciflow/inductor",gh/henrylhtsang/9/base,gh/henrylhtsang/9/head,,,,,,,"ColinPeppler, drisspg",,False,,65600975,"86941, 23377, None, None"
2334849185,anijain2305,[dynamo] Remove unintended lru_cache,closed,2025-02-13T22:25:12Z,,2025-02-14T03:55:42Z,"Merged, ciflow/trunk, topic: not user facing, module: dynamo, ciflow/inductor",main,fix-mem-leak,,,,,,,"jansel, StrongerXi",,False,,65600975,"86941, 23377, None, None"
2334809890,yifuwang,[fsdp] add an experimental allocator hook for buffers that participate in collective communication,open,2025-02-13T21:54:36Z,,,"oncall: distributed, release notes: distributed (fsdp), ciflow/inductor",gh/yifuwang/196/base,gh/yifuwang/196/head,,,,,,,"weifengpy, minsii",,True,,65600975,"86941, 23377, None, None"
2334809765,StrongerXi,[dynamo][fx] Don't emit `call_function` node to construct `NamedTuple` instances for Dynamo and `make_fx` tracing,open,2025-02-13T21:54:30Z,,,"release notes: fx, fx, module: dynamo, ciflow/inductor",gh/StrongerXi/85/base,gh/StrongerXi/85/head,,,,,,,zou3519,,False,,65600975,"86941, 23377, None, None"
2334717050,petrex,ROCm F8 Datatype Selector,open,2025-02-13T20:51:33Z,,,"module: rocm, open source, release notes: linalg_frontend",main,f8_type_selector,,,,,,,"eqy, syed-ahmed, jeffdaily, jithunnair-amd, lezcano, nikitaved, IvanYashchuk",,False,,65600975,"86941, 23377, None, None"
2334616145,henrylhtsang,test2,closed,2025-02-13T19:50:39Z,,2025-02-13T19:52:18Z,"topic: not user facing, module: inductor, ciflow/inductor",gh/henrylhtsang/8/base,gh/henrylhtsang/8/head,,,,,,,,,False,,65600975,"86941, 23377, None, None"
2334614322,henrylhtsang,test 1,closed,2025-02-13T19:49:34Z,,2025-02-13T19:52:19Z,"topic: not user facing, module: inductor, ciflow/inductor",gh/henrylhtsang/7/base,gh/henrylhtsang/7/head,,,,,,,,,False,,65600975,"86941, 23377, None, None"
2334587839,henrylhtsang,make subproc tests,closed,2025-02-13T19:34:01Z,,2025-02-15T00:12:33Z,"module: inductor, ciflow/inductor",gh/henrylhtsang/6/base,gh/henrylhtsang/6/head,,,,,,,,,False,,65600975,"86941, 23377, None, None"
2334550728,avikchaudhuri,all reduce non strict,closed,2025-02-13T19:11:16Z,,2025-02-15T19:37:11Z,"oncall: distributed, fb-exported, Merged, ciflow/trunk, ciflow/inductor, release notes: export",main,export-D69607140,,,,,,,"zhxchen17, ydwu4",,False,,65600975,"86941, 23377, None, None"
2334550134,henrylhtsang,test 2 ghstack,closed,2025-02-13T19:10:55Z,,2025-02-13T19:11:20Z,"topic: not user facing, module: inductor, ciflow/inductor",gh/henrylhtsang/5/base,gh/henrylhtsang/5/head,,,,,,,,,False,,65600975,"86941, 23377, None, None"
2334549037,henrylhtsang,test ghstack,closed,2025-02-13T19:10:14Z,,2025-02-13T19:11:15Z,"topic: not user facing, module: inductor, ciflow/inductor",gh/henrylhtsang/4/base,gh/henrylhtsang/4/head,,,,,,,,,False,,65600975,"86941, 23377, None, None"
2334511104,ydwu4,[cond] support output sizes mismatch in front end,open,2025-02-13T18:48:28Z,,,"topic: not user facing, module: inductor, module: dynamo, ciflow/inductor",gh/ydwu4/213/base,gh/ydwu4/213/head,,,,,,,,,False,,65600975,"86941, 23377, None, None"
2334506785,angelayi,[export] Add meta for aten.bincount,closed,2025-02-13T18:45:56Z,,2025-02-14T10:33:57Z,"Merged, ciflow/trunk, topic: not user facing",main,angelayi/bincount,,,,,,,,,False,,65600975,"86941, 23377, None, None"
2334498682,ydwu4,[cond] support output sizes mismatch in front end,closed,2025-02-13T18:41:06Z,,2025-02-14T22:02:06Z,"module: inductor, module: dynamo, ciflow/inductor",gh/ydwu4/212/base,gh/ydwu4/212/head,,,,,,,zou3519,,False,,65600975,"86941, 23377, None, None"
2334475320,zhxchen17,[export] Generate printers/parsers for serialization enum values.,closed,2025-02-13T18:28:09Z,,2025-02-14T02:14:38Z,"fb-exported, Merged, ciflow/trunk, ciflow/inductor, release notes: export",main,export-D69604850,,,,,,,"avikchaudhuri, tugsbayasgalan, ydwu4, angelayi",,False,,65600975,"86941, 23377, None, None"
2334459023,gajanan-choudhary,Remove outdated comment in ATen/mkl/Sparse.h about lack of Windows support,closed,2025-02-13T18:19:47Z,,2025-02-13T21:34:08Z,"triaged, open source, Merged, topic: not user facing",main,patch-1,,,,,,,,,False,,65600975,"86941, 23377, None, None"
2334437509,xmfan,[ddp] decouple python reducer from compilation mode,open,2025-02-13T18:06:45Z,,,"oncall: distributed, module: dynamo, ciflow/inductor",gh/xmfan/181/base,gh/xmfan/181/head,,,,,,,"albanD, jbschlosser, fegin",,False,,65600975,"86941, 23377, None, None"
2334391333,mikaylagawarecki,Make torch.cuda.gds APIs public,closed,2025-02-13T17:40:19Z,,2025-02-14T17:06:53Z,"Merged, ciflow/trunk, release notes: cuda, topic: new features",gh/mikaylagawarecki/313/base,gh/mikaylagawarecki/313/head,,,,,,,,,False,,65600975,"86941, 23377, None, None"
2334352527,MayureshMore,[Edited] Add docstring to improve documentation,closed,2025-02-13T17:22:31Z,,2025-02-13T18:33:17Z,"oncall: distributed, oncall: jit, module: rocm, module: cpu, module: mkldnn, open source, release notes: quantization, release notes: releng, fx, module: inductor, module: dynamo",main,2.1-dynamic-doc,,,,,,,"mikaylagawarecki, avikchaudhuri, tugsbayasgalan, zhxchen17, ydwu4, angelayi, kulinseth, malfet, jeffdaily, titaiwangms, shubhambhokare1, justinchuby, wschin, jerryzh168, albanD, jbschlosser",,False,,65600975,"86941, 23377, None, None"
2334316380,danzimm,[torch][amdsmi] Look for amdsmi in ROCM_HOME/ROCM_PATH before using rpath,closed,2025-02-13T17:03:55Z,,2025-02-14T01:12:02Z,"module: rocm, fb-exported, Merged, ciflow/trunk, topic: not user facing, ciflow/rocm",main,export-D69597647,,,,,,,"eqy, syed-ahmed",,False,,65600975,"86941, 23377, None, None"
2334311200,saumishr,[DCP] Cache save plans: planner helpers and interface updates,closed,2025-02-13T17:01:16Z,,2025-02-16T07:18:28Z,"oncall: distributed, fb-exported, Merged, ciflow/trunk, topic: not user facing, module: distributed_checkpoint",main,export-D69224488,,,,,,,"pradeepfn, Saiteja64",,False,,65600975,"86941, 23377, None, None"
2334242731,xunnanxu,[PT][FSDP] support custom all reduce hook across FSDP units,closed,2025-02-13T16:28:52Z,,2025-02-15T00:38:04Z,"oncall: distributed, fb-exported, Merged, ciflow/trunk, release notes: distributed (fsdp), ciflow/inductor",main,export-D68255583,,,,,,,"fegin, wconstab",,False,,65600975,"86941, 23377, None, None"
2334215077,mattpitkin,Add quantized BatchNorm1d module,open,2025-02-13T16:15:22Z,,,"triaged, open source, release notes: quantization",main,quantized_batch_norm1d,,,,,,,"salilsdesai, kimishpatel, digantdesai, jianyuh",,False,,65600975,"86941, 23377, None, None"
2334213636,bobrenjc93,[dsutil] shape-env logging,closed,2025-02-13T16:14:39Z,,2025-02-13T16:15:00Z,"fb-exported, release notes: fx, fx, ciflow/inductor",main,export-D69355332,,,,,,,,,False,,65600975,"86941, 23377, None, None"
2334148761,AlekseiNikiforovIBM,s390x: add cleanup for cancelled docker image builds,open,2025-02-13T15:47:28Z,,,"triaged, open source, topic: not user facing",main,s390x_cancelled_docker_build_cleanup,,,,,,,malfet,,False,,65600975,"86941, 23377, None, None"
2333992231,atalman,Use 2022 as default VC_YEAR for windows tests,open,2025-02-13T14:48:54Z,,,topic: not user facing,main,atalman-patch-7,,,,,,,,,False,,65600975,"86941, 23377, None, None"
2333836935,desertfire,[inductor][refactor] Make _compile_file only used for fbcode,closed,2025-02-13T13:44:30Z,,2025-02-13T20:22:34Z,"fb-exported, Merged, ciflow/trunk, topic: not user facing, module: inductor, ciflow/inductor",main,export-D69592025,,,,,,,,,False,,65600975,"86941, 23377, None, None"
2333828319,desertfire,[AOTI] Update test runner to use the new APIs,open,2025-02-13T13:40:37Z,,,"oncall: distributed, ciflow/trunk, topic: not user facing, module: inductor, ciflow/inductor",gh/desertfire/539/base,gh/desertfire/539/head,,,,,,,,,False,,65600975,"86941, 23377, None, None"
2333712903,aowenson-imm,Fix init CUDA preload: get correct versions (#147001),open,2025-02-13T12:49:30Z,,,"triaged, open source, topic: not user facing",main,fix/cuda-lib-preload-147001,,,,,,,ptrblck,,False,,65600975,"86941, 23377, None, None"
2333667511,zeshengzong,Opitmize `_inductor/debug.py` *args : Any with typing_extensions.TypeVarTuple,open,2025-02-13T12:27:23Z,,,"open source, topic: not user facing, module: inductor",main,opt/typing/args,,,,,,,,,False,,65600975,"86941, 23377, None, None"
2333597069,zeshengzong,Optimize `graph.py` typing,open,2025-02-13T11:53:37Z,,,"triaged, open source, ciflow/trunk, topic: not user facing, module: inductor",main,opt/typing/graph,,,,,,,aorenste,,False,,65600975,"86941, 23377, None, None"
2333577943,cyyever,Remove code for Python < 3.9,closed,2025-02-13T11:43:50Z,,2025-02-14T03:22:52Z,"open source, Merged, ciflow/trunk, release notes: fx, fx, module: dynamo, ciflow/inductor",main,lower_py,,,,,,,"mikaylagawarecki, Skylion007",,False,,65600975,"86941, 23377, None, None"
2333372123,FFFrog,Fix the Problems About Defining Static Variable in Inline Function,open,2025-02-13T10:06:12Z,,,"oncall: distributed, oncall: jit, open source, release notes: cpp",gh/fffrog/39/base,gh/fffrog/39/head,,,,,,,"albanD, ezyang",,False,,65600975,"86941, 23377, None, None"
2333301136,Zhenbin-8,OpenReg: Run test_openreg in CI,open,2025-02-13T09:33:48Z,,,"triaged, open source, topic: not user facing",main,mv_test_openreg,,,,,,,albanD,,False,,65600975,"86941, 23377, None, None"
2333286011,cdzhan,[torch][cuda] Remove redundant getting of pynvml handler,open,2025-02-13T09:26:40Z,,,"triaged, open source, topic: not user facing",main,rm_cuda,,,,,,,"eqy, syed-ahmed",,False,,65600975,"86941, 23377, None, None"
2333142520,chuanqi129,[DONT MRGE][XPU] Add arl-h AOT target for windows cd,open,2025-02-13T08:22:27Z,,,"open source, topic: not user facing, ciflow/binaries_wheel",release/2.6,patch-1,,,,,,,,,True,,65600975,"86941, 23377, None, None"
2333122211,jiayisunx,[DO NOT MERGE] Update oneDNN to the latest main branch,open,2025-02-13T08:11:19Z,,,"module: mkldnn, open source, topic: not user facing, ciflow/linux-aarch64",gh/jiayisunx/57/base,gh/jiayisunx/57/head,,,,,,,,,True,,65600975,"86941, 23377, None, None"
2333093533,jiayisunx,[Inductor] Set prop_kind to forward_inference when grad is not needed for mkldnn_linear_pointwise,open,2025-02-13T07:54:22Z,,,"module: cpu, open source, ciflow/trunk, release notes: inductor",gh/jiayisunx/56/base,gh/jiayisunx/56/head,,,,,,,"mingfeima, jansel",,False,,65600975,"86941, 23377, None, None"
2332994128,CaoE,[Inductor][CPP] Use micro gemm for flex attention,open,2025-02-13T06:55:29Z,,,"open source, module: inductor, ciflow/inductor",gh/CaoE/51/base,gh/CaoE/51/head,,,,,,,,,True,,65600975,"86941, 23377, None, None"
2332993898,CaoE,[Inductor][CPP]Add transposed B matrix support for CppMicroGemmFP32Vec,open,2025-02-13T06:55:20Z,,,"module: cpu, open source, ciflow/trunk, release notes: nn, module: inductor, ciflow/inductor, release notes: inductor",gh/CaoE/50/base,gh/CaoE/50/head,,,,,,,jgong5,,True,,65600975,"86941, 23377, None, None"
2332993694,CaoE,Separate transpose from memory load/store and add load size support for convert_to_int32,open,2025-02-13T06:55:12Z,,,"module: cpu, open source, ciflow/trunk, topic: not user facing, ciflow/inductor",gh/CaoE/49/base,gh/CaoE/49/head,,,,,,,jiayisunx,,True,,65600975,"86941, 23377, None, None"
2332989647,Zhenbin-8,OpenReg: Fix releasing tensor issue when using pin_memory,open,2025-02-13T06:52:22Z,,,"triaged, open source, topic: not user facing",main,fix_host_free,,,,,,,albanD,,False,,65600975,"86941, 23377, None, None"
2332945960,chunyuan-w,[DEBUG ONLY] vec flex attention and add UT,closed,2025-02-13T06:21:57Z,,2025-02-14T07:28:20Z,"open source, ciflow/trunk, topic: not user facing, ciflow/periodic, module: inductor, ciflow/inductor",main,chunyuan/flex_ut,,,,,,,,,True,,65600975,"86941, 23377, None, None"
2332843605,henrylhtsang,try print stacktrace for error,closed,2025-02-13T05:04:22Z,,2025-02-14T18:28:05Z,"fb-exported, Merged, ciflow/trunk, topic: not user facing, module: inductor, ciflow/inductor",main,export-D69573525,,,,,,,,,False,,65600975,"86941, 23377, None, None"
2332833441,henrylhtsang,check if config.autotune_fallback_to_aten before using aten as a fallback,closed,2025-02-13T04:54:42Z,,2025-02-13T21:46:05Z,"fb-exported, topic: not user facing, module: inductor, ciflow/inductor",main,export-D69213269,,,,,,,,,False,,65600975,"86941, 23377, None, None"
2332734033,leslie-fang-intel,[Inductor][CPP] Fix node name for wgt delete,closed,2025-02-13T03:15:47Z,,2025-02-14T06:27:43Z,"open source, Merged, ciflow/trunk, topic: not user facing, module: inductor, ciflow/inductor",gh/leslie-fang-intel/182/base,gh/leslie-fang-intel/182/head,,,,,,,,,False,,65600975,"86941, 23377, None, None"
2332730099,AmalDevHaridevan,"Fix for issue #142834, Segmentation fault in replication_pad2d_backward",open,2025-02-13T03:12:21Z,,,"module: cpu, triaged, open source",main,replication_pad2d_backward,,,,,,,mikaylagawarecki,,False,,65600975,"86941, 23377, None, None"
2332716651,atalman,Use 2022 as default VC_YEAR for windows builds,open,2025-02-13T02:57:35Z,,,"Merged, Reverted, topic: not user facing, ci-no-td",main,atalman-patch-5,,,,,,,,,False,,65600975,"86941, 23377, None, None"
2332640118,laithsakka,More precise check for shared storage check in inductor/reinplace pass,open,2025-02-13T01:39:16Z,,,"topic: not user facing, module: inductor, ciflow/inductor",gh/laithsakka/108/base,gh/laithsakka/108/head,,,,,,,"oulgen, bobrenjc93",,False,,65600975,"86941, 23377, None, None"
2332630243,c00w,fake_tensor: Handle op errors more gracefully,open,2025-02-13T01:28:37Z,,,"topic: not user facing, module: dynamo, ciflow/inductor",gh/c00w/38/base,gh/c00w/38/head,,,,,,,"eellison, anijain2305, mruberry, jansel",,False,,65600975,"86941, 23377, None, None"
2332598282,anijain2305,[dynamo] Make SliceVariable a subclass of VariableTracker,closed,2025-02-13T00:53:37Z,,2025-02-14T23:22:29Z,"Merged, ciflow/trunk, topic: not user facing, module: dynamo, ciflow/inductor",gh/anijain2305/681/base,gh/anijain2305/681/head,,,,,,,,,False,,65600975,"86941, 23377, None, None"
2332588142,ydwu4,[cond] make cond call fake kernel in dynamo,closed,2025-02-13T00:42:37Z,,2025-02-14T23:13:18Z,"Merged, ciflow/trunk, topic: not user facing, module: inductor, module: dynamo, ciflow/inductor",gh/ydwu4/211/base,gh/ydwu4/211/head,,,,,,,,,False,,65600975,"86941, 23377, None, None"
2332553353,BLOrange-AMD,Updated test_cuda.py to rerun tests,open,2025-02-13T00:10:15Z,,,"triaged, open source, topic: not user facing, ciflow/rocm",main,test_cuda_ut_enable,,,,,,,jithunnair-amd,,False,,65600975,"86941, 23377, None, None"
2332535108,MeetVadakkanchery,[DCP][Draft] Introduce process based async checkpointing,open,2025-02-12T23:53:09Z,,,"oncall: distributed, fb-exported, module: distributed_checkpoint",main,export-D69272583,,,,,,,"daulet-askarov, LucasLLC, pradeepfn, teja-rao, fegin",,False,,65600975,"86941, 23377, None, None"
2332524717,BoyuanFeng,[WIP] Inductor Graph Partition,open,2025-02-12T23:45:45Z,,,"topic: new features, module: inductor, ciflow/inductor, release notes: inductor",main,bf/cg-partition,,,,,,,,,True,,65600975,"86941, 23377, None, None"
2332520917,tinglvv,Add CUDA 12.8 windows nightly build,open,2025-02-12T23:43:47Z,,,"open source, ciflow/binaries, topic: not user facing",main,cu128-win-build,,,,,,,,,False,,65600975,"86941, 23377, None, None"
2332517065,eellison,test - bump up benchmarked epi choices,open,2025-02-12T23:41:41Z,,,"module: inductor, ciflow/inductor",gh/eellison/761/base,gh/eellison/761/head,,,,,,,,,False,,65600975,"86941, 23377, None, None"
2332507831,cccclai,fix pt2e block wise quantization test,closed,2025-02-12T23:34:50Z,,2025-02-13T19:45:00Z,"fb-exported, Merged, ciflow/trunk, release notes: quantization",main,export-D69559217,,,,,,,jerryzh168,,False,,65600975,"86941, 23377, None, None"
2332504037,naromero77amd,[ROCm] [TunableOp] Enable logging of BLAS parameters,open,2025-02-12T23:31:37Z,,,"module: rocm, open source, topic: not user facing, ciflow/rocm",main,tunableop_offline_blas_log,,,,,,,"eqy, syed-ahmed, jeffdaily",,True,,65600975,"86941, 23377, None, None"
2332488609,sanchitintel,"[Inductor-CPP] If activation scale is sized [1, 1], make it a 0D tensor",open,2025-02-12T23:18:43Z,,,"open source, topic: bug fixes, topic: not user facing, module: inductor, ciflow/inductor",main,sanchitintel/fix_llama_da8w8_corner_case,,,,,,,,,True,,65600975,"86941, 23377, None, None"
2332487485,davidberard98,[NJT] fix flop counter for SDPA & test,closed,2025-02-12T23:18:10Z,,2025-02-13T07:15:01Z,"module: nestedtensor, Merged, ciflow/trunk, topic: bug fixes, release notes: nested tensor",gh/davidberard98/338/base,gh/davidberard98/338/head,,,,,,,,,False,,65600975,"86941, 23377, None, None"
2332473374,zou3519,Add self to CODEOWNERS for fx/proxy.py; warn against adding new node arg types,closed,2025-02-12T23:06:16Z,,2025-02-13T18:21:25Z,"Merged, ciflow/trunk, topic: not user facing, fx",gh/zou3519/1138/base,gh/zou3519/1138/head,,,,,,,,,False,,65600975,"86941, 23377, None, None"
2332443207,TimAtGoogle,Added code to use the safe loader,open,2025-02-12T22:41:22Z,,,"triaged, open source, release notes: export",main,fixing_unsafe_yaml_loads,,,,,,,"avikchaudhuri, tugsbayasgalan, zhxchen17, ydwu4, angelayi",,False,,65600975,"86941, 23377, None, None"
2332420373,clee2000,[trymerge] Post initial starting merge comment on stacked PRs,open,2025-02-12T22:25:18Z,,,topic: not user facing,main,csl/trymerge_initial_comment_stack,,,,,,,,,False,,65600975,"86941, 23377, None, None"
2332413030,benjaminglass1,cpp_wrapper: compile main function without optimization,open,2025-02-12T22:19:42Z,,,"open source, topic: not user facing, module: inductor, ciflow/inductor",gh/benjaminglass1/70/base,gh/benjaminglass1/70/head,,,,,,,,,True,,65600975,"86941, 23377, None, None"
2332409751,XilunWu,[DTensor][random] defer DTensor RNG state sync until first random op call or manual_seed call; support more flexible OffsetBasedRNGTracker init,open,2025-02-12T22:17:02Z,,,"oncall: distributed, ciflow/trunk, topic: bug fixes, ciflow/periodic, ciflow/inductor, release notes: distributed (dtensor)",gh/XilunWu/114/base,gh/XilunWu/114/head,,,,,,,,,False,,65600975,"86941, 23377, None, None"
2332385103,angelayi,[export] Add initial export -> distributed tests,open,2025-02-12T22:00:43Z,,,topic: not user facing,main,angelayi/distribby,,,,,,,kwen2501,,False,,65600975,"86941, 23377, None, None"
2332354533,malfet,[BE] Toward Metal Iterator (step 2),closed,2025-02-12T21:38:39Z,,2025-02-13T01:50:45Z,"Merged, topic: improvements, release notes: mps, ciflow/mps",gh/malfet/182/base,gh/malfet/182/head,,,,,,,kulinseth,,False,,65600975,"86941, 23377, None, None"
2332329844,masnesral,[logging] Log individual Triton kernel compilation times to dynamo_compile,open,2025-02-12T21:22:07Z,,,"topic: not user facing, module: inductor, module: dynamo, ciflow/inductor",gh/masnesral/177/base,gh/masnesral/177/head,,,,,,,jamesjwu,,False,,65600975,"86941, 23377, None, None"
2332316496,xmfan,wip [ca] support DDP w/ c++ reducer via graph breaks,open,2025-02-12T21:13:25Z,,,"oncall: distributed, release notes: distributed (c10d), module: dynamo, ciflow/inductor, module: compiled autograd",gh/xmfan/180/base,gh/xmfan/180/head,,,,,,,,,True,,65600975,"86941, 23377, None, None"
2332313880,YUNQIUGUO,"[aoti_debug_printer][BE] explicitly dumping float32, bfloat16, float16 data type",closed,2025-02-12T21:11:38Z,,2025-02-13T04:41:02Z,"fb-exported, Merged, ciflow/trunk, topic: not user facing, module: inductor, ciflow/inductor",main,export-D69547344,,,,,,,,,False,,65600975,"86941, 23377, None, None"
2332262288,fulvius31,[Inductor] Record Triton’s Base32 Cache Key in `.best_config` for Debugging,open,2025-02-12T20:40:31Z,,,"triaged, open source, topic: not user facing, module: inductor",main,inductor_cache,,,,,,,eellison,,False,,65600975,"86941, 23377, None, None"
2332247082,malfet,[BE] Turn nextafter into functor,closed,2025-02-12T20:31:30Z,,2025-02-13T02:10:32Z,"Merged, topic: improvements, release notes: mps, ciflow/mps",gh/malfet/181/base,gh/malfet/181/head,,,,,,,"kulinseth, Skylion007",,False,,65600975,"86941, 23377, None, None"
2332219795,tugsbayasgalan,Fix meta impl for topk,closed,2025-02-12T20:14:13Z,,2025-02-13T03:18:50Z,"Merged, ciflow/trunk, topic: not user facing",gh/tugsbayasgalan/292/base,gh/tugsbayasgalan/292/head,,,,,,,,,False,,65600975,"86941, 23377, None, None"
2332210694,zou3519,Add some more docs to trace_rules.py,closed,2025-02-12T20:08:42Z,,2025-02-13T01:18:50Z,"Merged, topic: not user facing, module: dynamo, ciflow/inductor",gh/zou3519/1137/base,gh/zou3519/1137/head,,,,,,,anijain2305,,False,,65600975,"86941, 23377, None, None"
2332204196,briancoutinho,update kineto submodule,closed,2025-02-12T20:04:36Z,,2025-02-14T23:30:00Z,"Merged, Reverted, ciflow/trunk, topic: not user facing, ci-no-td",main,update_kineto_0212_3,,,,,,,davidberard98,,False,,65600975,"86941, 23377, None, None"
2332195538,tugsbayasgalan,[DRAFT] Support subclass constructor capturing in export,open,2025-02-12T19:59:40Z,,,"oncall: distributed, fb-exported, ciflow/trunk, fx, ciflow/inductor, release notes: export",gh/tugsbayasgalan/291/base,gh/tugsbayasgalan/291/head,,,,,,,"avikchaudhuri, zhxchen17, ydwu4, angelayi, zou3519",,False,,65600975,"86941, 23377, None, None"
2332189341,zou3519,[SkipFiles] Some more cleanup,closed,2025-02-12T19:56:05Z,,2025-02-13T01:18:51Z,"Merged, ciflow/trunk, topic: not user facing, module: dynamo, ciflow/inductor",gh/zou3519/1136/base,gh/zou3519/1136/head,,,,,,,anijain2305,,False,,65600975,"86941, 23377, None, None"
2332189258,zou3519,[SkipFiles] Some more cleanup,closed,2025-02-12T19:56:02Z,,2025-02-13T01:18:51Z,"Merged, topic: not user facing, module: dynamo, ciflow/inductor",gh/zou3519/1135/base,gh/zou3519/1135/head,,,,,,,anijain2305,,False,,65600975,"86941, 23377, None, None"
2332163929,drisspg,[FlexAttention] Make zero_length sequence handiling better,closed,2025-02-12T19:41:56Z,,2025-02-13T03:18:26Z,"Merged, ciflow/trunk, topic: not user facing, module: inductor, ciflow/inductor, module: flex attention",gh/drisspg/125/base,gh/drisspg/125/head,,,,,,,yanboliang,,False,,65600975,"86941, 23377, None, None"
2332131684,zou3519,Add some more docs to trace_rules.py,closed,2025-02-12T19:25:50Z,,2025-02-12T20:05:08Z,"module: dynamo, ciflow/inductor",gh/zou3519/1134/base,gh/zou3519/1134/head,,,,,,,"yanboliang, anijain2305",,False,,65600975,"86941, 23377, None, None"
2332105989,eellison,Turn on prologue fusion,closed,2025-02-12T19:11:40Z,,2025-02-14T23:36:23Z,"Merged, ciflow/trunk, module: inductor, ciflow/inductor, release notes: inductor",gh/eellison/760/base,gh/eellison/760/head,,,,,,,,,False,,65600975,"86941, 23377, None, None"
2332098224,mengluy0125,[Optimus][Inductor] Add select view cat aten pattern,open,2025-02-12T19:07:12Z,,,"fb-exported, module: inductor, ciflow/inductor, release notes: inductor, inductor_pattern_match",main,export-D69495415,,,,,,,,,False,,65600975,"86941, 23377, None, None"
2332071968,kwen2501,[TP] Add warning when module is distributed twice,closed,2025-02-12T18:54:40Z,,2025-02-13T06:49:19Z,"oncall: distributed, Merged, ciflow/trunk, ciflow/inductor, release notes: distributed (dtensor), keep-going",gh/kwen2501/125/base,gh/kwen2501/125/head,,,,,,,wz337,,False,,65600975,"86941, 23377, None, None"
2332068782,justinchuby,[ONNX] Deprecation message follow up,closed,2025-02-12T18:52:47Z,,2025-02-12T22:48:59Z,"module: onnx, open source, Merged, ciflow/trunk, release notes: onnx, topic: docs",main,justinchu/deprecation6,,,,,,,"shubhambhokare1, wschin, xadupre",,False,,65600975,"86941, 23377, None, None"
2332042850,justinchuby,[ONNX] Remove dort,open,2025-02-12T18:37:55Z,,,"open source, release notes: onnx",gh/justinchuby/103/base,gh/justinchuby/103/head,,,,,,,"titaiwangms, shubhambhokare1, wschin",,True,,65600975,"86941, 23377, None, None"
2332042779,justinchuby,[ONNX][dort] Remove reference to onnxscript rewriter,closed,2025-02-12T18:37:52Z,,2025-02-12T22:02:10Z,"module: onnx, open source, Merged, ciflow/trunk, release notes: onnx, topic: not user facing",gh/justinchuby/102/base,gh/justinchuby/102/head,,,,,,,wschin,,False,,65600975,"86941, 23377, None, None"
2331990234,H-Huang,Fix shape_inference for V-schedules,closed,2025-02-12T18:07:24Z,,2025-02-12T22:56:49Z,"oncall: distributed, Merged, ciflow/trunk, release notes: distributed (pipeline)",gh/H-Huang/167/base,gh/H-Huang/167/head,,,,,,,kwen2501,,False,,65600975,"86941, 23377, None, None"
2331980570,teja-rao,draft,open,2025-02-12T18:02:14Z,,,"oncall: distributed, module: distributed_checkpoint, oncall: distributed checkpointing",main,teja/dcp_poc,,,,,,,,,True,,65600975,"86941, 23377, None, None"
2331946175,Skylion007,[BE][Ez]: Apply FURB188: use str remove(pre|suf)fix,closed,2025-02-12T17:43:43Z,,2025-02-14T03:38:11Z,"oncall: distributed, open source, better-engineering, Merged, ciflow/trunk, release notes: onnx, fx, module: dynamo, ciflow/inductor",main,skylion007/ruff-apply-FURB188-2025-02-12,,,,,,,"eqy, syed-ahmed, avikchaudhuri, tugsbayasgalan, zhxchen17, ydwu4, angelayi, titaiwangms, shubhambhokare1, justinchuby, wschin, albanD, soulitzer, malfet, aorenste",,False,,65600975,"86941, 23377, None, None"
2331938535,oulgen,Turn on autograd local caches in fbcode,closed,2025-02-12T17:39:39Z,,2025-02-12T23:04:41Z,"Merged, ciflow/trunk, topic: not user facing",gh/oulgen/150/base,gh/oulgen/150/head,,,,,,,,,False,,65600975,"86941, 23377, None, None"
2331936888,anijain2305,[dynamo] Fix tensordict regression,closed,2025-02-12T17:38:54Z,,2025-02-13T01:00:02Z,"Merged, ciflow/trunk, topic: not user facing, module: dynamo, ciflow/inductor",gh/anijain2305/680/base,gh/anijain2305/680/head,,,,,,,"jansel, williamwen42",,False,,65600975,"86941, 23377, None, None"
2331918810,malfet,[BE] Towards MetalTensorIterator,closed,2025-02-12T17:30:01Z,,2025-02-12T21:40:42Z,"Merged, release notes: mps, ciflow/mps",gh/malfet/180/base,gh/malfet/180/head,,,,,,,kulinseth,,False,,65600975,"86941, 23377, None, None"
2331760015,lw,Make Inductor scheduler aware of _scaled_mm,open,2025-02-12T16:18:29Z,,,"ciflow/trunk, topic: not user facing, module: inductor, ciflow/inductor",gh/lw/8/base,gh/lw/8/head,,,,,,,,,False,,65600975,"86941, 23377, None, None"
2331717950,benjaminglass1,cpp_wrapper: use largeTensorTest for test memory checks,open,2025-02-12T16:05:25Z,,,"open source, topic: not user facing, module: inductor, ciflow/inductor",gh/benjaminglass1/69/base,gh/benjaminglass1/69/head,,,,,,,"mruberry, desertfire",,False,,65600975,"86941, 23377, None, None"
2331671521,Skylion007,[BE]: Try to remove unused type ignores - attempt 1,open,2025-02-12T15:48:53Z,,,"oncall: distributed, oncall: jit, module: rocm, module: cpu, open source, module: amp (automated mixed precision), release notes: quantization, release notes: distributed (c10d), fx, ciflow/mps, module: inductor, module: dynamo, ciflow/inductor, module: distributed_checkpoint, module: compiled autograd",main,skylion007/remove-typeignore-2025-02-12,,,,,,,,,True,,65600975,"86941, 23377, None, None"
2331512118,Skylion007,[BE][Ez]: Update fmtlib submodule to 11.1.3,closed,2025-02-12T14:51:22Z,,2025-02-13T06:47:15Z,"open source, better-engineering, Merged, ciflow/trunk, topic: not user facing",main,skylion007/update-fmtlib-11-1-3,,,,,,,"malfet, albanD, ngimel, aorenste",,False,,65600975,"86941, 23377, None, None"
2331501766,XuehaiPan,[Dynamo] support `isinstance(...)` check for type tuple,closed,2025-02-12T14:47:08Z,,2025-02-16T10:41:52Z,"open source, Merged, ciflow/trunk, topic: not user facing, module: dynamo, ciflow/inductor",gh/XuehaiPan/243/base,gh/XuehaiPan/243/head,,,,,,,anijain2305,,False,,65600975,"86941, 23377, None, None"
2331482045,KamathForAIX,Porting Pytorch to AIX Operating System.,open,2025-02-12T14:41:15Z,,,"oncall: jit, triaged, open source, release notes: jit, module: dynamo, ciflow/inductor",main,gh_146982,,,,,,,,,False,,65600975,"86941, 23377, None, None"
2331456955,m-gallus,[ROCm][Windows] Fix clang-cl error related to -Wmissing prototypes enabled,open,2025-02-12T14:31:16Z,,,"module: rocm, triaged, open source, ciflow/trunk, topic: not user facing",main,windows/missing-prototypes,,,,,,,albanD,,False,,65600975,"86941, 23377, None, None"
2331327317,AmdSampsa,[ROCm] Update meta_registration for efficient attention,open,2025-02-12T13:42:59Z,,,"module: rocm, open source, topic: not user facing, module: inductor, ciflow/inductor, ciflow/rocm",main,eff_aten_longsumexp,,,,,,,drisspg,,False,,65600975,"86941, 23377, None, None"
2330836611,bohnstingl,"[associative_scan] compile backend change to ""eager""",open,2025-02-12T09:58:23Z,,,"triaged, open source, topic: not user facing, module: dynamo",main,associative_scan_733,,,,,,,"ydwu4, zou3519",,False,,65600975,"86941, 23377, None, None"
2330753379,DDEle,[Inductor] Unify the data type propagation between Triton and CPP Backend,open,2025-02-12T09:21:40Z,,,"triaged, open source, topic: not user facing, oncall: pt2, module: inductor",main,inductor-unify-dtype-propagation,,,,,,,eellison,,False,,65600975,"86941, 23377, None, None"
2330566312,probli, fix doc string,closed,2025-02-12T07:43:43Z,,2025-02-12T21:43:18Z,"oncall: distributed, Merged, ciflow/trunk, release notes: distributed (torchelastic)",main,daxia6/fix/doc_string,,,,,,,,,False,,65600975,"86941, 23377, None, None"
2330521870,anijain2305,[prototype][not for review] How to use sources for input signature rewriting in export,closed,2025-02-12T07:15:28Z,,2025-02-14T23:32:28Z,"module: dynamo, ciflow/inductor",gh/anijain2305/679/base,gh/anijain2305/679/head,,,,,,,,,False,,65600975,"86941, 23377, None, None"
2330463095,jingxu10,remove unnecessary xpu availability check when retrieving aot flags,closed,2025-02-12T06:34:24Z,,2025-02-15T09:15:51Z,"open source, Merged, ciflow/trunk, topic: not user facing, ciflow/xpu",main,jingxu10/get_xpu_arch_list_main,,,,,,,,,False,,65600975,"86941, 23377, None, None"
2330435802,malfet,[BE] Unify kernel templates instantiation,closed,2025-02-12T06:15:39Z,,2025-02-12T18:40:48Z,"Merged, topic: not user facing, release notes: mps, ciflow/mps",gh/malfet/179/base,gh/malfet/179/head,,,,,,,kulinseth,,False,,65600975,"86941, 23377, None, None"
2330387998,cyyever,Fix clang-tidy warnings in torch/jit,closed,2025-02-12T05:34:46Z,,2025-02-15T03:37:01Z,"oncall: jit, triaged, open source, Merged, NNC, ciflow/trunk, release notes: jit",main,jit_lint,,,,,,,"titaiwangms, shubhambhokare1, Skylion007",,False,,65600975,"86941, 23377, None, None"
2330290502,cyyever,Improve typing of torch/_guards.py,open,2025-02-12T03:59:33Z,,,"open source, topic: not user facing, module: dynamo, ciflow/inductor",main,jit,,,,,,,,,True,,65600975,"86941, 23377, None, None"
2330288890,fangchenli,Port distributed backend tests to Pytest,open,2025-02-12T03:57:43Z,,,"oncall: distributed, triaged, open source, topic: not user facing",main,pytest-distributed-backend,,,,,,,"mruberry, wconstab",,False,,65600975,"86941, 23377, None, None"
2330251351,zeshengzong,Optimize `virtualized.py` typing,open,2025-02-12T03:15:40Z,,,"open source, module: inductor",main,opt/typing/virtualized,,,,,,,,,True,,65600975,"86941, 23377, None, None"
2330203960,leslie-fang-intel,[Inductor][CPP] Fix a CPP GEMM Template output data type issue,closed,2025-02-12T02:31:40Z,,2025-02-14T01:40:10Z,"open source, Merged, ciflow/trunk, topic: not user facing, module: inductor, ciflow/inductor",gh/leslie-fang-intel/181/base,gh/leslie-fang-intel/181/head,,,,,,,chunyuan-w,,False,,65600975,"86941, 23377, None, None"
2330154928,tinglvv,[cuDNN] cuDNN to 9.7.1.26 for CUDA 12.8,closed,2025-02-12T01:37:55Z,,2025-02-12T23:43:37Z,"open source, Merged, ciflow/trunk, topic: not user facing",main,cudnn-971-update,,,,,,,jeffdaily,,False,,65600975,"86941, 23377, None, None"
2330122990,angelayi,[export] Minor fix to locals,closed,2025-02-12T01:03:27Z,,2025-02-13T20:29:18Z,"Merged, ciflow/trunk, release notes: fx, fx, ciflow/inductor",gh/angelayi/72/base,gh/angelayi/72/head,,,,,,,pianpwk,,False,,65600975,"86941, 23377, None, None"
2330115913,ydwu4,[cond] make cond re-dispatch in proxy mode,closed,2025-02-12T00:56:03Z,,2025-02-14T23:13:17Z,"Merged, Reverted, ciflow/trunk, topic: not user facing, ci-no-td",gh/ydwu4/210/base,gh/ydwu4/210/head,,,,,,,,,False,,65600975,"86941, 23377, None, None"
2330070562,probli,Fix function name in doc string,closed,2025-02-12T00:21:04Z,,2025-02-12T07:32:12Z,"oncall: distributed, release notes: distributed (torchelastic)",main,doc_change,,,,,,,lgarg26,,False,,65600975,"86941, 23377, None, None"
2330047025,malfet,[BE] Unskip some tensor creation tests on Mac,closed,2025-02-12T00:08:59Z,,2025-02-12T01:59:18Z,"Merged, ciflow/trunk, topic: not user facing",main,malfet-patch-15,,,,,,,"ezyang, Skylion007",,False,,65600975,"86941, 23377, None, None"
2330015144,StrongerXi,[dynamo] Use the new `get_unique_name_wrt` helper when applicable,open,2025-02-11T23:45:52Z,,,"topic: not user facing, module: dynamo, ciflow/inductor",gh/StrongerXi/84/base,gh/StrongerXi/84/head,,,,,,,,,False,,65600975,"86941, 23377, None, None"
2330000381,benjaminglass1,Fix broken test stat upload jobs,closed,2025-02-11T23:30:21Z,,2025-02-12T00:51:54Z,"module: ci, open source, topic: not user facing",main,fix-test-stat-upload-failures,,,,,,,huydhn,,False,,65600975,"86941, 23377, None, None"
2329996266,trieuat,[Sigmoid] Fix issues with constant folding and fba_ops,open,2025-02-11T23:27:41Z,,,"fb-exported, ciflow/trunk, topic: not user facing, module: inductor, ciflow/inductor",main,export-D68716393,,,,,,,,,False,,65600975,"86941, 23377, None, None"
2329990394,eqy,[DO NOT MERGE][cuDNN][SDPA] Testing sm90/sm100 priority for cuDNN SDPA,open,2025-02-11T23:24:18Z,,,"module: cudnn, open source, topic: not user facing, module: sdpa",main,cudnnsdpasm90100,,,,,,,,,False,,65600975,"86941, 23377, None, None"
2329937170,cccclai,patch for block-wise quantization + pt2e,open,2025-02-11T22:55:15Z,,,"fb-exported, ciflow/trunk, release notes: quantization, ciflow/inductor, release notes: export",main,export-D69488779,,,,,,,"avikchaudhuri, tugsbayasgalan, zhxchen17, ydwu4, angelayi",,False,,65600975,"86941, 23377, None, None"
2329903912,malfet,[BE] Delete NCCL slimming,closed,2025-02-11T22:35:23Z,,2025-02-12T00:35:57Z,"Merged, ciflow/trunk, release notes: releng, topic: improvements",main,malfet-patch-14,,,,,,,,,False,,65600975,"86941, 23377, None, None"
2329901216,blaine-rister,[POC] Inductor FX backend via Wrapper IR,open,2025-02-11T22:33:24Z,,,"release notes: fx, module: inductor, ciflow/inductor",main,brister/wrapper_ir,,,,,,,"ezyang, oulgen, Chillee, eellison, shunting314, zou3519, mlazos, desertfire",,True,,65600975,"86941, 23377, None, None"
2329900724,huydhn,Update octokit/request-action to 2.4.0,closed,2025-02-11T22:33:03Z,,2025-02-12T05:36:30Z,"Merged, Reverted, topic: not user facing, test-config/default, ci-no-td",main,update-octokit-request-action,,,,,,,clee2000,,False,,65600975,"86941, 23377, None, None"
2329879739,angelayi,[export] Log evaluate_expr,open,2025-02-11T22:15:42Z,,,"ciflow/trunk, release notes: fx, fx, module: dynamo, ciflow/inductor",gh/angelayi/71/base,gh/angelayi/71/head,,,,,,,"laithsakka, bobrenjc93",,False,,65600975,"86941, 23377, None, None"
2329832701,petrex,[draft] ROCm MX-FP8 Scale_mm() Support,open,2025-02-11T21:53:12Z,,,"module: rocm, module: cpu, open source, release notes: quantization",main,mx_fp8_hipblastlt,,,,,,,"eqy, syed-ahmed, mikaylagawarecki, jerryzh168",,True,,65600975,"86941, 23377, None, None"
2329789421,YUNQIUGUO,Yguo/repro segfault triton aoti cpp wrapper,open,2025-02-11T21:34:39Z,,,"module: inductor, ciflow/inductor",main,yguo/repro-segfault-triton-aoti-cpp-wrapper,,,,,,,,,True,,65600975,"86941, 23377, None, None"
2329776158,jingsh,[oncall] Change error message to be more readable,closed,2025-02-11T21:25:56Z,,2025-02-12T23:33:11Z,"fb-exported, Merged, ciflow/trunk, release notes: fx, fx",main,export-D69482789,,,,,,,,,False,,65600975,"86941, 23377, None, None"
2329768865,atalman,[draft] nccl - Use checkout rather then submodule,open,2025-02-11T21:21:17Z,,,topic: not user facing,main,change_third_party_nccl,,,,,,,,,True,,65600975,"86941, 23377, None, None"
2329729244,coufon,[StaticRuntime] Support a new pattern for ClipRangesToGatherToOffsets,closed,2025-02-11T20:56:31Z,,2025-02-12T08:19:44Z,"oncall: jit, fb-exported, Merged, ciflow/trunk, release notes: jit",main,export-D69373835,,,,,,,,,False,,65600975,"86941, 23377, None, None"
2329629952,eleir9268,Support QNX SDP 8.0 in Pytorch Mobile,open,2025-02-11T19:57:14Z,,,"module: cpu, triaged, open source, oncall: mobile, release notes: quantization",main,qnx_main,,,,,,,"jerryzh168, salilsdesai, kimishpatel, digantdesai, jianyuh",,False,,65600975,"86941, 23377, None, None"
2329620264,benjaminglass1,cpp_wrapper: Precompile device-specific header files,open,2025-02-11T19:51:57Z,,,"open source, ciflow/trunk, topic: not user facing, module: inductor, ciflow/inductor",gh/benjaminglass1/68/base,gh/benjaminglass1/68/head,,,,,,,desertfire,,False,,65600975,"86941, 23377, None, None"
2329612234,yushangdi,Support static method of torchbind attributes in torch.compile with inductor backend,open,2025-02-11T19:47:22Z,,,"fb-exported, module: inductor, module: dynamo, ciflow/inductor, release notes: inductor",main,export-D69474578,,,,,,,"zou3519, eellison",,False,,65600975,"86941, 23377, None, None"
2329606632,titaiwangms,[ONNX] Update CI transformers cache,closed,2025-02-11T19:44:05Z,,2025-02-12T17:02:46Z,"open source, Merged, ciflow/trunk, topic: not user facing",main,titaiwang/update_ci_transformers_cache,,,,,,,jeffdaily,,False,,65600975,"86941, 23377, None, None"
2329606363,jamesjwu,Clear CompiledTritonKernel cache after each inductor compile,closed,2025-02-11T19:43:57Z,,2025-02-12T02:38:44Z,"fb-exported, Merged, ciflow/trunk, topic: not user facing, module: inductor, ciflow/inductor",gh/jamesjwu/109/base,gh/jamesjwu/109/head,,,,,,,"masnesral, aorenste, eellison",,False,,65600975,"86941, 23377, None, None"
2329554644,galv,Support pin_memory() during CUDA stream capture.,open,2025-02-11T19:22:34Z,,,open source,main,add-pinned-memory-stream-capture-supported,,,,,,,"eqy, syed-ahmed",,True,,65600975,"86941, 23377, None, None"
2329495586,justinchuby,[ONNX][reland2] Create deprecation warning on dynamo_export,closed,2025-02-11T18:54:49Z,,2025-02-12T18:28:39Z,"open source, Merged, ciflow/trunk, release notes: onnx, ci-no-td",main,justinchu/deprecation5,,,,,,,"shubhambhokare1, wschin",,False,,65600975,"86941, 23377, None, None"
2329490434,zdevito,Fix `ReferenceError: weakly-referenced object no longer exists` in cycle detector,open,2025-02-11T18:52:54Z,,,"fb-exported, topic: not user facing",main,export-D69270429,,,,,,,,,False,,65600975,"86941, 23377, None, None"
2329458111,XuehaiPan,[Dynamo][pytree] handle `isinstance(...)` check for polyfilled class,open,2025-02-11T18:37:49Z,,,"open source, topic: not user facing, module: pytree, module: dynamo, ciflow/inductor",gh/XuehaiPan/242/base,gh/XuehaiPan/242/head,,,,,,,anijain2305,,False,,65600975,"86941, 23377, None, None"
2329425902,Camyll,Revert commit that removed windows testing in VS2019-> update ,closed,2025-02-11T18:20:14Z,,2025-02-12T01:12:08Z,"Merged, ciflow/trunk, topic: not user facing",main,revert_commit_b57b38b,,,,,,,,,False,,65600975,"86941, 23377, None, None"
2329423238,yushangdi,Make export._trace._WrapperModule work in strict mode,open,2025-02-11T18:18:52Z,,,"fb-exported, topic: not user facing, module: dynamo, ciflow/inductor",main,export-D69434316,,,,,,,tugsbayasgalan,,False,,65600975,"86941, 23377, None, None"
2329422440,bobrenjc93,don't use Config for compile job id since it only supports bools and not strings,closed,2025-02-11T18:18:26Z,,2025-02-11T22:09:48Z,topic: not user facing,gh/bobrenjc93/271/base,gh/bobrenjc93/271/head,,,,,,,"oulgen, c00w",,False,,65600975,"86941, 23377, None, None"
2329416424,anmyachev,"[inductor] triton support port-#5512, update cpp wrapper for gpu",open,2025-02-11T18:15:12Z,,,"triaged, open source, oncall: pt2, module: inductor, release notes: inductor, ciflow/xpu",main,amyachev/cpu-wrapper,,,,,,,davidberard98,,False,,65600975,"86941, 23377, None, None"
2329377072,naromero77amd,[rocm6.4_internal_testing] [ROCm] [TunableOp] Future proof TunableOp unit test.,closed,2025-02-11T17:54:12Z,,2025-02-11T17:54:51Z,"oncall: distributed, module: rocm, release notes: releng, module: inductor, module: dynamo",main,rocm6.4_internal_testing_fix_tunableop_test_future_rocm,,,,,,,"eqy, syed-ahmed, jeffdaily, jithunnair-amd, zou3519, Chillee, kshitij12345, mruberry, lezcano, nikitaved, IvanYashchuk",,False,,65600975,"86941, 23377, None, None"
2329260557,zhxchen17,[export][ez] Update tag_ for union setters.,closed,2025-02-11T16:58:41Z,,2025-02-12T03:52:38Z,"fb-exported, Merged, ciflow/trunk, ciflow/inductor, release notes: export",main,export-D69467715,,,,,,,"avikchaudhuri, tugsbayasgalan, ydwu4, angelayi",,False,,65600975,"86941, 23377, None, None"
2329193156,matthewhagraphcore," Adjust TestInductorOpInfo to depend on backend, not device ",open,2025-02-11T16:32:46Z,,,"triaged, open source, topic: not user facing, oncall: pt2, module: inductor",main,update-test-torchinductor-opinfo,,,,,,,masnesral,,False,,65600975,"86941, 23377, None, None"
2329169273,desertfire,[AOTI][Draft] Extend torchgen to generate C shim with version number,open,2025-02-11T16:23:10Z,,,topic: not user facing,main,desertfire/torchgen_support_default_arg,,,,,,,,,True,,65600975,"86941, 23377, None, None"
2329145977,atalman,Fix var CUDA_PATH_V128 in cuda128.bat file,closed,2025-02-11T16:13:20Z,,2025-02-11T18:43:58Z,"Merged, topic: not user facing",main,atalman-patch-4,,,,,,,,,False,,65600975,"86941, 23377, None, None"
2329137777,malfet,[BE][OpInfo] Introduce generic `dtypesIf`,closed,2025-02-11T16:10:09Z,,2025-02-13T05:33:20Z,"Merged, ciflow/trunk, topic: not user facing, no-runner-experiments",gh/malfet/178/base,gh/malfet/178/head,,,,,,,"albanD, ezyang",,False,,65600975,"86941, 23377, None, None"
2329132898,Skylion007,[BE]: Make OrderedSet reversible,closed,2025-02-11T16:07:53Z,,2025-02-13T15:11:51Z,"open source, better-engineering, Merged, ciflow/trunk, topic: not user facing",main,skylion007/make-orderedset-reversible-2025-02-11,,,,,,,"malfet, aorenste",,False,,65600975,"86941, 23377, None, None"
2329116309,amdfaa,[DO NOT MERGE] ROCm sandbox PR ,open,2025-02-11T16:01:21Z,,,"module: rocm, open source, ciflow/trunk, topic: not user facing, ciflow/periodic, ciflow/slow, ciflow/rocm, ciflow/inductor-rocm",main,patch-10,,,,,,,,,True,,65600975,"86941, 23377, None, None"
2329048336,Skylion007,[BE][Ez]: Remove unnecessary type ignores from orderedset,closed,2025-02-11T15:32:53Z,,2025-02-12T15:00:16Z,"open source, better-engineering, Merged, ciflow/trunk, topic: not user facing",main,skylion007/cleanup-typeignore-orderedset-2025-02-11,,,,,,,"malfet, aorenste",,False,,65600975,"86941, 23377, None, None"
2328988839,guangyey,Friendly handle mem_get_info's runtime error message,closed,2025-02-11T15:07:22Z,,2025-02-13T06:26:21Z,"open source, Merged, ciflow/trunk, ciflow/xpu, release notes: xpu",gh/guangyey/123/base,gh/guangyey/123/head,,,,,,,gujinghui,,False,,65600975,"86941, 23377, None, None"
2328880506,IvanKobzarev,"[subclass] testing WrapperSubclass respect outer_size, outer_stride",closed,2025-02-11T14:21:05Z,,2025-02-13T15:21:21Z,"Merged, ciflow/trunk, topic: not user facing",gh/IvanKobzarev/101/base,gh/IvanKobzarev/101/head,,,,,,,,,False,,65600975,"86941, 23377, None, None"
2328769992,robert-hardwick,[ARM] Enable some additional Aarch64 unit tests,open,2025-02-11T13:36:58Z,,,"triaged, open source, module: arm, topic: not user facing, module: inductor, ciflow/inductor, ciflow/linux-aarch64",main,additional_tests,,,,,,,,,True,,65600975,"86941, 23377, None, None"
2328755134,rec,Enable bitwise operators between scalars and Tensors (and fix #145838),open,2025-02-11T13:30:05Z,,,"open source, release notes: fx, topic: not user facing, ciflow/inductor",gh/rec/134/base,gh/rec/134/head,,,,,,,,,True,,65600975,"86941, 23377, None, None"
2328727725,XuehaiPan,Add flatten/unflatten utility `c10::utils::nested` for C++ nested containers,open,2025-02-11T13:16:59Z,,,"module: internals, module: cpp, needs research, open source, needs design, module: pytree",gh/XuehaiPan/241/base,gh/XuehaiPan/241/head,,,,,,,,,True,,65600975,"86941, 23377, None, None"
2327829752,jianyizh,[Intel GPU] Fallback embedding_dense_backward on XPU,open,2025-02-11T06:27:32Z,,,"triaged, open source, topic: not user facing, module: inductor, ciflow/xpu",main,jianyi/embedding,,,,,,,desertfire,,False,,65600975,"86941, 23377, None, None"
2327802829,anijain2305,[dynamo][source] Remove index_is_slice from GetItemSource,closed,2025-02-11T06:03:42Z,,2025-02-11T19:04:13Z,"ciflow/trunk, topic: not user facing, module: dynamo, ciflow/inductor",gh/anijain2305/678/base,gh/anijain2305/678/head,,,,,,,,,False,,65600975,"86941, 23377, None, None"
2327641773,zeshengzong,Optimize transformer encoder/decoder init suggestion,open,2025-02-11T03:13:23Z,,,"triaged, open source, topic: not user facing",main,opt/docs/transformer,,,,,,,"jbschlosser, mikaylagawarecki",,False,,65600975,"86941, 23377, None, None"
2327595119,etaf,[XPU] Align XPU convolution_backward output layout between fake tensor and real output tensor.,closed,2025-02-11T02:20:16Z,,2025-02-14T01:39:24Z,"module: cpu, open source, Merged, topic: not user facing",gh/ZhiweiYan-96/41/base,gh/ZhiweiYan-96/41/head,,,,,,,"gujinghui, ZhiweiYan-96",,False,,65600975,"86941, 23377, None, None"
2327560515,eellison,Support torch.compile rng selective activation checkpointing with cudagraph,open,2025-02-11T01:40:24Z,,,"release notes: fx, fx, module: inductor, module: dynamo, ciflow/inductor",gh/eellison/759/base,gh/eellison/759/head,,,,,,,"bdhirsh, anijain2305, BoyuanFeng",,False,,65600975,"86941, 23377, None, None"
2327553107,henrylhtsang,[cutlass backend] Do not change dtype of GEMM template,open,2025-02-11T01:33:30Z,,,"fb-exported, Merged, Reverted, ciflow/trunk, topic: not user facing, module: inductor, ciflow/inductor, ci-no-td",main,export-D69085556,,,,,,,"chenyang78, Chillee, drisspg",,False,,65600975,"86941, 23377, None, None"
2327533329,zou3519,[SkipFiles] remove some more stuff from MOD_SKIPLIST,closed,2025-02-11T01:08:39Z,,2025-02-11T15:00:59Z,"Merged, ciflow/trunk, topic: not user facing, module: dynamo, ciflow/inductor",gh/zou3519/1133/base,gh/zou3519/1133/head,,,,,,,"yanboliang, williamwen42",,False,,65600975,"86941, 23377, None, None"
2327516175,xmfan,[ca] eliminate duplicate getitem graph nodes for shape inputs,closed,2025-02-11T00:46:31Z,,2025-02-13T21:41:36Z,"Merged, ciflow/trunk, topic: not user facing, module: dynamo, ciflow/inductor, module: compiled autograd",gh/xmfan/179/base,gh/xmfan/179/head,,,,,,,,,False,,65600975,"86941, 23377, None, None"
2327500361,mengluy0125,[Optimus][Inductor] Add full cat aten pattern,open,2025-02-11T00:27:56Z,,,"fb-exported, ciflow/trunk, module: inductor, ciflow/inductor, release notes: inductor, inductor_pattern_match",main,export-D69429984,,,,,,,,,False,,65600975,"86941, 23377, None, None"
2327493185,exclamaforte,update types on dynamo configs,open,2025-02-11T00:19:52Z,,,"ciflow/trunk, topic: not user facing, module: dynamo, ciflow/inductor, release notes: dynamo",main,exclamaforte/dynamo-types,,,,,,,StrongerXi,,False,,65600975,"86941, 23377, None, None"
2327489903,drisspg,[FlexAttention] Bug fix broken flag,closed,2025-02-11T00:16:06Z,,2025-02-11T19:42:42Z,"Merged, ciflow/trunk, topic: not user facing, module: inductor, ciflow/inductor",gh/drisspg/124/base,gh/drisspg/124/head,,,,,,,,,False,,65600975,"86941, 23377, None, None"
2327488293,malfet,[BE] Strip `#pragma once` when embedding the headers,closed,2025-02-11T00:14:18Z,,2025-02-11T16:49:03Z,"Merged, topic: not user facing, ciflow/mps",main,malfet-patch-13,,,,,,,Skylion007,,False,,65600975,"86941, 23377, None, None"
2327487607,exclamaforte,Don't look at TESTING_ONLY in fuzzer,open,2025-02-11T00:13:32Z,,,"topic: not user facing, module: inductor, ciflow/inductor, release notes: inductor",main,exclamaforte/testing_only,,,,,,,masnesral,,False,,65600975,"86941, 23377, None, None"
2327476815,tianyu-l,[dtensor] fix side-effect on dtype for _like ops,closed,2025-02-11T00:02:16Z,,2025-02-12T08:42:18Z,"oncall: distributed, Merged, ciflow/trunk, topic: not user facing, ciflow/inductor, release notes: distributed (dtensor)",gh/tianyu-l/7/base,gh/tianyu-l/7/head,,,,,,,"XilunWu, wz337",,False,,65600975,"86941, 23377, None, None"
2327469355,seemethere,ci: Add h100 nightly perf testing,open,2025-02-10T23:54:48Z,,,topic: not user facing,main,seemethere/add_h100_nightly_perf_benchmarks,,,,,,,Chillee,,False,,65600975,"86941, 23377, None, None"
2327464439,nandesuka,Add support for no-op concat with padded output,open,2025-02-10T23:49:46Z,,,"fb-exported, ciflow/trunk, topic: not user facing, module: inductor, ciflow/inductor",main,export-D68918810,,,,,,,shunting314,,False,,65600975,"86941, 23377, None, None"
2327409813,ydwu4,Disable test with dynamo for schema gen,closed,2025-02-10T22:59:30Z,,2025-02-13T15:20:54Z,"Merged, ciflow/trunk, topic: not user facing",gh/ydwu4/209/base,gh/ydwu4/209/head,,,,,,,,,False,,65600975,"86941, 23377, None, None"
2327409655,xmfan,wip [ca] wrap AOTDispatcher tests,open,2025-02-10T22:59:22Z,,,"topic: not user facing, module: inductor, ciflow/inductor",gh/xmfan/178/base,gh/xmfan/178/head,,,,,,,,,True,,65600975,"86941, 23377, None, None"
2327401757,GregoryComer,"Back out ""Exclude upsample_bilinear2d.vec and nearest2d.vec from default export decomposition table""",closed,2025-02-10T22:52:35Z,,2025-02-14T11:06:09Z,"fb-exported, ciflow/trunk, release notes: export",main,export-D69423952,,,,,,,"avikchaudhuri, tugsbayasgalan, zhxchen17, ydwu4, angelayi",,False,,65600975,"86941, 23377, None, None"
2327319798,angelayi,[export] Dedup expression_created logs,closed,2025-02-10T22:10:21Z,,2025-02-13T00:21:40Z,"Merged, ciflow/trunk, release notes: export",gh/angelayi/70/base,gh/angelayi/70/head,,,,,,,"avikchaudhuri, tugsbayasgalan, zhxchen17, ydwu4",,False,,65600975,"86941, 23377, None, None"
2327319680,angelayi,[tlparse] Add stacktrace filter utility,closed,2025-02-10T22:10:16Z,,2025-02-13T00:21:39Z,"Merged, fx, ciflow/inductor, release notes: export",gh/angelayi/69/base,gh/angelayi/69/head,,,,,,,"avikchaudhuri, tugsbayasgalan, zhxchen17, ydwu4, jamesjwu",,False,,65600975,"86941, 23377, None, None"
2327299425,huydhn,Update dynamo expected 20250210,closed,2025-02-10T22:01:30Z,,2025-02-12T18:01:22Z,"module: rocm, Merged, topic: not user facing, module: dynamo, ciflow/inductor, ciflow/inductor-periodic",main,update-dynamo-expected-20250210,,,,,,,,,False,,65600975,"86941, 23377, None, None"
2327251763,coufon,[StaticRuntime] Fix a bug that memory planner ignores subblocks (#146728),closed,2025-02-10T21:42:06Z,,2025-02-11T13:59:56Z,"oncall: jit, fb-exported, Merged, ciflow/trunk, release notes: jit",main,export-D69195886,,,,,,,,,False,,65600975,"86941, 23377, None, None"
2327225432,zou3519,[SkipFiles] remove some stuff from MOD_SKIPLIST,closed,2025-02-10T21:31:20Z,,2025-02-11T01:34:48Z,"Merged, ciflow/trunk, topic: not user facing, module: dynamo, ciflow/inductor",gh/zou3519/1132/base,gh/zou3519/1132/head,,,,,,,williamwen42,,False,,65600975,"86941, 23377, None, None"
2327208520,zou3519,Remove torch._higher_order_ops from MOD_SKIPLIST,closed,2025-02-10T21:24:08Z,,2025-02-11T04:38:29Z,"Merged, ciflow/trunk, topic: not user facing, module: dynamo, ciflow/inductor, keep-going",gh/zou3519/1131/base,gh/zou3519/1131/head,,,,,,,"yanboliang, ydwu4, anijain2305",,False,,65600975,"86941, 23377, None, None"
2327119029,fegin,Let _create_cpu_state_dict and _copy_state_dict support DTensor,closed,2025-02-10T20:47:16Z,,2025-02-12T18:43:55Z,"oncall: distributed, Merged, ciflow/trunk, topic: not user facing, module: distributed_checkpoint",gh/fegin/295/base,gh/fegin/295/head,,,,,,,"wz337, LucasLLC",,False,,65600975,"86941, 23377, None, None"
2327050316,tugsbayasgalan,STuff,open,2025-02-10T20:10:45Z,,,"fb-exported, fx, ciflow/inductor, release notes: export",gh/tugsbayasgalan/290/base,gh/tugsbayasgalan/290/head,,,,,,,"avikchaudhuri, zhxchen17, ydwu4, angelayi",,False,,65600975,"86941, 23377, None, None"
2327048853,shunting314,[inductor] skip _test_insignificant_strides on rocm,closed,2025-02-10T20:09:57Z,,2025-02-11T19:55:48Z,"module: rocm, Merged, ciflow/trunk, topic: not user facing, module: inductor, ciflow/inductor, ciflow/rocm",gh/shunting314/198/base,gh/shunting314/198/head,,,,,,,drisspg,,False,,65600975,"86941, 23377, None, None"
2326998280,tsunghsienlee,[FSDP2] Simplify shard_placement_fn in test,open,2025-02-10T19:45:16Z,,,"oncall: distributed, fb-exported, ciflow/trunk, topic: not user facing",main,export-D69412878,,,,,,,,,False,,65600975,"86941, 23377, None, None"
2326980245,angelayi,Fix lint,closed,2025-02-10T19:34:57Z,,2025-02-10T20:00:32Z,"Merged, release notes: fx, fx, ciflow/inductor",main,angelayi/lint,,,,,,,,,False,,65600975,"86941, 23377, None, None"
2326959493,rec,Fix non-bitwise type annotations for Tensor operators (see #145838),open,2025-02-10T19:26:10Z,,,"oncall: distributed, module: typing, open source, ciflow/trunk, topic: not user facing, ciflow/inductor, merging",gh/rec/133/base,gh/rec/133/head,,,,,,,"albanD, janeyx99",,False,,65600975,"86941, 23377, None, None"
2326926210,huxintong,[PT2] Enable relu_nan_to_num preset in pre_grad by default,open,2025-02-10T19:09:25Z,,,"fb-exported, topic: not user facing, module: inductor, ciflow/inductor",main,export-D69409881,,,,,,,frank-wei,,False,,65600975,"86941, 23377, None, None"
2326923299,frost-intel,[inductor][cpu] Move VNNI weight packing into AMX GEMM kernel for contiguous BMM weights,open,2025-02-10T19:07:46Z,,,"module: cpu, open source, topic: not user facing, module: inductor, ciflow/inductor",main,local_weight_packing,,,,,,,,,True,,65600975,"86941, 23377, None, None"
2326836885,kwen2501,[PGNCCL] Associate tensor allocation support with NCCL version,closed,2025-02-10T18:24:48Z,,2025-02-11T02:52:54Z,"oncall: distributed, Merged, ciflow/trunk, release notes: distributed (c10d)",gh/kwen2501/124/base,gh/kwen2501/124/head,,,,,,,shuqiangzhang,,False,,65600975,"86941, 23377, None, None"
2326821967,wconstab,[cuda] fix printing of num_gpus,closed,2025-02-10T18:17:47Z,,2025-02-10T18:19:20Z,,gh/wconstab/398/base,gh/wconstab/398/head,,,,,,,"eqy, syed-ahmed",,False,,65600975,"86941, 23377, None, None"
2326807972,huydhn,Fix bazel job after #144489,closed,2025-02-10T18:10:10Z,,2025-02-10T22:17:39Z,"Merged, topic: not user facing, ciflow/periodic, test-config/default",main,fix-bazel-144489,,,,,,,clee2000,,False,,65600975,"86941, 23377, None, None"
2326506542,amdfaa,[ROCm] Update periodic.yml to use 2GPU runners,closed,2025-02-10T16:05:22Z,,2025-02-10T23:41:13Z,"module: rocm, open source, Merged, topic: not user facing, ciflow/periodic, test-config/distributed, test-config/default, ciflow/rocm",main,patch-9,,,,,,,,,False,,65600975,"86941, 23377, None, None"
2326294167,wconstab,[cuda] fix printing of num_gpus,closed,2025-02-10T14:52:34Z,,2025-02-13T15:23:37Z,"Merged, ciflow/trunk, release notes: cuda",gh/wconstab/397/base,gh/wconstab/397/head,,,,,,,syed-ahmed,,False,,65600975,"86941, 23377, None, None"
2326151959,take-cheeze,Make cuda and xpu build coexist in same build,open,2025-02-10T14:03:31Z,,,"triaged, open source, topic: not user facing",main,cuda-xpu-coexist,,,,,,,,,False,,65600975,"86941, 23377, None, None"
2326093689,nikhil-arm,[Fix]: Disable KleidiAI if unsupported gcc/clang compiler is detected,closed,2025-02-10T13:43:10Z,,2025-02-13T17:49:29Z,"triaged, open source, Merged, ciflow/trunk, topic: not user facing",main,kleidiai_bf16_issue_fix,,,,,,,digantdesai,,False,,65600975,"86941, 23377, None, None"
2325922485,khushi-411,implement Size.__radd__,open,2025-02-10T12:26:48Z,,,"open source, topic: not user facing",main,size_radd,,,,,,,,,True,,65600975,"86941, 23377, None, None"
2325920913,zeshengzong,Enable ruff E721,open,2025-02-10T12:26:01Z,,,"open source, topic: not user facing",main,opt/ruff/E721,,,,,,,bdhirsh,,True,,65600975,"86941, 23377, None, None"
2325531070,Julfried,Improve Typing for Loss Functions to Fix VSCode Autocomplete,open,2025-02-10T09:25:03Z,,,"triaged, open source",main,improve-typing,,,,,,,"jbschlosser, mikaylagawarecki",,False,,65600975,"86941, 23377, None, None"
2325516960,matthewhagraphcore,Make codegen dynamic shapes more device agnostic,open,2025-02-10T09:18:48Z,,,"triaged, open source, topic: not user facing, module: inductor",main,make_codegen_dynamic_shapes_more_agnostic,,,,,,,,,False,,65600975,"86941, 23377, None, None"
2325433005,CaoE,add mkldnn_max_pool2d support CPU inductor,open,2025-02-10T08:43:37Z,,,"open source, module: inductor, ciflow/inductor",gh/CaoE/48/base,gh/CaoE/48/head,,,,,,,,,True,,65600975,"86941, 23377, None, None"
2325432717,CaoE,add mkldnn_max_pool2d support on CPU dispatch,open,2025-02-10T08:43:29Z,,,"module: cpu, open source, ciflow/trunk, topic: not user facing",gh/CaoE/47/base,gh/CaoE/47/head,,,,,,,,,True,,65600975,"86941, 23377, None, None"
2325417120,shingjan,[func] move rearrange to torch.func,open,2025-02-10T08:36:04Z,,,"triaged, open source, topic: not user facing",main,shingjan/add_torch_func_rearrange,,,,,,,,,False,,65600975,"86941, 23377, None, None"
2325360110,CaoE,Use mkldnn_max_pool2d for max_pool2d when indices is not needed,open,2025-02-10T08:05:21Z,,,"module: cpu, open source, ciflow/trunk, ciflow/periodic, module: inductor, ciflow/inductor, release notes: inductor",main,maxpool,,,,,,,,,True,,65600975,"86941, 23377, None, None"
2325318889,pytorchupdatebot,Update slow tests,closed,2025-02-10T07:40:44Z,,2025-02-13T15:21:01Z,"open source, Merged, ciflow/trunk, topic: not user facing, ciflow/slow, ci-no-td",main,update_slow_tests_1739173241,,,,,,,,,False,,65600975,"86941, 23377, None, None"
2325310686,zeshengzong,Deprecate DataLoader pin_memory_device param,open,2025-02-10T07:35:48Z,,,"triaged, open source, release notes: dataloader",main,opt/dataloader/pin_memory_device,,,,,,,"andrewkho, divyanshk, albanD",,False,,65600975,"86941, 23377, None, None"
2325307831,anijain2305,[dynamo] Support list subclasses and fix dict subclasses mutation bugs,closed,2025-02-10T07:34:00Z,,2025-02-12T17:46:04Z,"Merged, ciflow/trunk, topic: not user facing, module: dynamo, ciflow/inductor",gh/anijain2305/677/base,gh/anijain2305/677/head,,,,,,,williamwen42,,False,,65600975,"86941, 23377, None, None"
2325304127,dcci,[mps] Implement eager support for spherical_bessel_j0,closed,2025-02-10T07:31:42Z,,2025-02-10T16:58:08Z,"Merged, topic: not user facing, module: mps, ciflow/mps, module: inductor",main,eager-spherical-bessel-j0,,,,,,,"jansel, kulinseth",,False,,65600975,"86941, 23377, None, None"
2325221542,zeshengzong,Optimize dataloader Self typing,open,2025-02-10T06:37:21Z,,,"triaged, open source, release notes: dataloader",main,opt/typing/dataloader,,,,,,,"andrewkho, divyanshk",,False,,65600975,"86941, 23377, None, None"
2325190996,hanson-hschang,Fix: problems and imporvement in serialization,open,2025-02-10T06:19:38Z,,,"triaged, open source, topic: not user facing",main,main,,,,,,,mikaylagawarecki,,False,,65600975,"86941, 23377, None, None"
2324992595,AmalDevHaridevan,"fix #145064 , added error checking for empty tensor in _pdist_forward",open,2025-02-10T03:18:42Z,,,"triaged, open source, ciflow/trunk, topic: not user facing",main,pdist_forward,,,,,,,albanD,,False,,65600975,"86941, 23377, None, None"
2324985248,AmalDevHaridevan,Added error checking for empty Tensor in _pdist_forward,closed,2025-02-10T03:11:30Z,,2025-02-10T03:12:07Z,module: inductor,main,_p_dist_forward,,,,,,,,,False,,65600975,"86941, 23377, None, None"
2324896274,zhangxiaoli73,Generalize mixed precision in DDP,closed,2025-02-10T01:43:23Z,,2025-02-16T11:59:42Z,"oncall: distributed, open source, Merged, ciflow/trunk, release notes: distributed (ddp)",main,cherry/ddp-mp,,,,,,,"jbschlosser, mikaylagawarecki, albanD",,False,,65600975,"86941, 23377, None, None"
2324868204,AmalDevHaridevan,_is_gcc Function Incorrectly Classifies clang++ as g++,open,2025-02-10T01:06:06Z,,,"open source, ciflow/trunk, topic: not user facing, module: inductor",main,gcc_regex_fix,,,,,,,"malfet, Skylion007",,False,,65600975,"86941, 23377, None, None"
2324813023,universome,chore: fix typos in error messages in FSDP,closed,2025-02-09T23:33:50Z,,2025-02-13T15:22:16Z,"oncall: distributed, open source, Merged, ciflow/trunk, release notes: distributed (fsdp)",main,main,,,,,,,,,False,,65600975,"86941, 23377, None, None"
2324732659,drisspg,Add mechansim for small intra kernel reductions,open,2025-02-09T20:11:46Z,,,"module: inductor, ciflow/inductor",gh/drisspg/123/base,gh/drisspg/123/head,,,,,,,,,False,,65600975,"86941, 23377, None, None"
2324717596,jansel,[inductor] Remove _get_grid_fn_str,closed,2025-02-09T19:28:27Z,,2025-02-10T23:14:32Z,"Merged, ciflow/trunk, topic: not user facing, module: inductor, ciflow/inductor",gh/jansel/504/base,gh/jansel/504/head,,,,,,,,,False,,65600975,"86941, 23377, None, None"
2324690562,Isalia20,[MPS] cholesky ex version,closed,2025-02-09T18:48:32Z,,2025-02-13T07:00:24Z,"triaged, open source, Merged, topic: improvements, release notes: mps, ciflow/mps",main,mps-cholesky-ex-version,,,,,,,"kulinseth, lezcano, IvanYashchuk, albanD, soulitzer",,False,,65600975,"86941, 23377, None, None"
2324364847,pianpwk,[export] cache unflatten forward module,open,2025-02-09T07:35:48Z,,,"fb-exported, release notes: export",main,export-D69361235,,,,,,,"avikchaudhuri, tugsbayasgalan, zhxchen17, ydwu4, angelayi",,False,,65600975,"86941, 23377, None, None"
2324338745,cyyever,[4/N] Remove unnecessary once flag usage,closed,2025-02-09T06:04:13Z,,2025-02-11T13:55:08Z,"oncall: distributed, triaged, open source, Merged, ciflow/trunk, release notes: distributed (c10d)",main,callonce,,,,,,,"eqy, syed-ahmed, EikanWang, gujinghui",,False,,65600975,"86941, 23377, None, None"
2324333997,sanchitintel,[Inductor-CPU] FP16 X int8 WoQ GEMM for M <= 4 with FP16 accum & compute,open,2025-02-09T05:44:28Z,,,"module: cpu, open source, module: inductor, module: dynamo, ciflow/inductor",main,fp16_act_int8woq_gemm_small_M_dim,,,,,,,,,True,,65600975,"86941, 23377, None, None"
2324311299,jamesjwu,[not for commit] Add assert that is_parallel is true,open,2025-02-09T04:15:31Z,,,"module: inductor, ciflow/inductor",gh/jamesjwu/108/base,gh/jamesjwu/108/head,,,,,,,,,True,,65600975,"86941, 23377, None, None"
2324307233,sanchitintel,Enable explicitly vectorized `_weight_int8pack_mm` op on CPU for FP16,open,2025-02-09T04:00:57Z,,,"module: cpu, triaged, open source, ciflow/trunk, release notes: performance_as_product, intel",main,sanchitintel/refactor_aten_int8_woq_gemm,,,,,,,"lezcano, nikitaved, IvanYashchuk, malfet",,False,,65600975,"86941, 23377, None, None"
2324290770,dcci,[cuda] Simplify the sinc function a bit.,closed,2025-02-09T03:19:16Z,,2025-02-09T20:09:37Z,"Merged, ciflow/trunk, topic: not user facing",main,cuda-sinc,,,,,,,"eqy, syed-ahmed",,False,,65600975,"86941, 23377, None, None"
2324276244,dcci,[mps] Add a shader for spherical_bessel_j0.,closed,2025-02-09T02:21:23Z,,2025-02-09T05:11:20Z,"Merged, topic: not user facing, module: mps, ciflow/mps, module: inductor",main,bessel-j0,,,,,,,"kulinseth, jansel",,False,,65600975,"86941, 23377, None, None"
2324199699,malfet,[EZ] Add logic to build Metal shader with debug info,closed,2025-02-08T21:48:38Z,,2025-02-08T23:40:25Z,"Merged, topic: not user facing",main,malfet-patch-12,,,,,,,albanD,,False,,65600975,"86941, 23377, None, None"
2324089911,alexsamardzic,Fix standalone runner for CUTLASS auto-tuning backend,closed,2025-02-08T17:23:45Z,,2025-02-12T04:42:12Z,"open source, Merged, ciflow/trunk, topic: not user facing, module: inductor, ciflow/inductor",gh/alexsamardzic/26/base,gh/alexsamardzic/26/head,,,,,,,kadeng,,False,,65600975,"86941, 23377, None, None"
2324049421,etaf,[Break XPU] Align meta calculation for fft_r2c with _fft_r2c_mkl,closed,2025-02-08T16:20:39Z,,2025-02-14T01:39:25Z,"open source, Merged, ciflow/trunk, topic: not user facing, ciflow/inductor, ciflow/xpu",gh/etaf/98/base,gh/etaf/98/head,,,,,,,"ezyang, albanD, EikanWang",,False,,65600975,"86941, 23377, None, None"
2324049402,etaf,[Break XPU][Inductor UT] Fix XPU Inductor UT failures introduced from community.,closed,2025-02-08T16:20:35Z,,2025-02-14T01:39:21Z,"open source, Merged, topic: not user facing, module: inductor, ciflow/inductor",gh/etaf/97/base,gh/etaf/97/head,,,,,,,,,False,,65600975,"86941, 23377, None, None"
2323963325,Xia-Weiwen,[Inductor][CPU] Add GEMM templates for _weight_int4pack_mm_for_cpu with AVX512,open,2025-02-08T13:51:09Z,,,"open source, ciflow/trunk, topic: not user facing, intel, module: inductor, ciflow/inductor",gh/Xia-Weiwen/30/base,gh/Xia-Weiwen/30/head,,,,,,,,,True,,65600975,"86941, 23377, None, None"
2323836708,alexsamardzic,Fix CUTLASS 2.x kernels for auto-tuning,closed,2025-02-08T12:01:14Z,,2025-02-12T04:42:11Z,"open source, Merged, ciflow/trunk, topic: not user facing, module: inductor, ciflow/inductor, merging",gh/alexsamardzic/25/base,gh/alexsamardzic/25/head,,,,,,,"kadeng, ipiszy",,False,,65600975,"86941, 23377, None, None"
2323732615,Isalia20,[MPS] fix inverse bug for N>1024,open,2025-02-08T10:24:29Z,,,"triaged, open source, release notes: mps, ciflow/mps",main,mps-inverse-bugfix,,,,,,,"kulinseth, malfet, lezcano, nikitaved, IvanYashchuk",,False,,65600975,"86941, 23377, None, None"
2323680448,Isalia20,[MPS] fix lu factor for large tensors with bs>1,closed,2025-02-08T08:15:29Z,,2025-02-11T00:37:10Z,"open source, Merged, topic: bug fixes, release notes: mps, ciflow/mps",main,lu-factor-fix-batches,,,,,,,kulinseth,,False,,65600975,"86941, 23377, None, None"
2323650183,laithsakka,realize stride symbols in estimate_runtime,open,2025-02-08T07:30:03Z,,,"topic: not user facing, ciflow/inductor",gh/laithsakka/107/base,gh/laithsakka/107/head,,,,,,,Chillee,,False,,65600975,"86941, 23377, None, None"
2323645855,chaos5958,[MTIA] (4/n) Implement PyTorch APIs to query/reset device peak memory usage,closed,2025-02-08T07:16:36Z,,2025-02-11T03:51:50Z,"fb-exported, Merged, ciflow/trunk, topic: not user facing",main,export-D68989900,,,,,,,,,False,,65600975,"86941, 23377, None, None"
2323627575,oraluben,Update instructions about faster linker,closed,2025-02-08T06:30:17Z,,2025-02-12T03:14:10Z,"triaged, open source, Merged, ciflow/trunk, topic: not user facing",main,update-linker,,,,,,,,,False,,65600975,"86941, 23377, None, None"
2323548676,drisspg,Update strided test to float32,closed,2025-02-08T04:48:51Z,,2025-02-09T17:41:37Z,"Merged, ciflow/trunk, topic: not user facing, module: inductor, ciflow/inductor",gh/drisspg/122/base,gh/drisspg/122/head,,,,,,,"Chillee, yanboliang",,False,,65600975,"86941, 23377, None, None"
2323507483,zeshengzong,Add hint message for `pack_padded_sequence`,open,2025-02-08T04:28:15Z,,,"triaged, open source, topic: not user facing",main,opt/nn/rnn,,,,,,,"jbschlosser, mikaylagawarecki",,False,,65600975,"86941, 23377, None, None"
2323461020,leslie-fang-intel,[Inductor] Fix the lowering of squeeze when input is not contiguous,closed,2025-02-08T03:50:25Z,,2025-02-15T01:33:06Z,"open source, Merged, ciflow/trunk, topic: not user facing, module: inductor, ciflow/inductor",gh/leslie-fang-intel/180/base,gh/leslie-fang-intel/180/head,,,,,,,,,False,,65600975,"86941, 23377, None, None"
2323394207,henrylhtsang,[cutlass backend][BE] refactor tests to remove duplicate logic,closed,2025-02-08T01:36:44Z,,2025-02-14T20:50:29Z,"Merged, ciflow/trunk, topic: not user facing, module: inductor, ciflow/inductor",gh/henrylhtsang/3/base,gh/henrylhtsang/3/head,,,,,,,kadeng,,False,,65600975,"86941, 23377, None, None"
2323390413,yanboliang,[Dynamo][autograd.Function] Relax backward speculation strict mode: support .requires_grad,closed,2025-02-08T01:30:53Z,,2025-02-11T05:39:11Z,"Merged, ciflow/trunk, topic: not user facing, module: dynamo, ciflow/inductor",gh/yanboliang/65/base,gh/yanboliang/65/head,,,,,,,,,False,,65600975,"86941, 23377, None, None"
2323390385,yanboliang,[Dynamo][autograd.Function] Relax backward speculation strict mode: support .data,closed,2025-02-08T01:30:49Z,,2025-02-11T05:39:11Z,"Merged, topic: not user facing, module: dynamo, ciflow/inductor",gh/yanboliang/64/base,gh/yanboliang/64/head,,,,,,,,,False,,65600975,"86941, 23377, None, None"
2323349948,mikaylagawarecki,Testing,closed,2025-02-08T00:30:57Z,,2025-02-11T02:44:53Z,"release notes: releng, ciflow/binaries_wheel",gh/mikaylagawarecki/312/base,gh/mikaylagawarecki/312/head,,,,,,,,,True,,65600975,"86941, 23377, None, None"
2323343854,pytorchupdatebot,[audio hash update] update the pinned audio hash,closed,2025-02-08T00:23:09Z,,2025-02-13T04:29:49Z,"open source, Merged, ciflow/trunk, topic: not user facing, ciflow/inductor",main,update-audio-commit-hash/13210264744-1454-1,,,,,,,,,False,,65600975,"86941, 23377, None, None"
2323342383,anijain2305,[dynamo][user-defined] Unify standard and non-standard __new__ codebase,closed,2025-02-08T00:21:25Z,,2025-02-10T17:31:16Z,"Merged, ciflow/trunk, topic: not user facing, module: dynamo, ciflow/inductor, keep-going",gh/anijain2305/676/base,gh/anijain2305/676/head,,,,,,,,,False,,65600975,"86941, 23377, None, None"
2323338741,Raymo111,Document dynamo,closed,2025-02-08T00:15:41Z,,2025-02-13T00:02:24Z,"better-engineering, Merged, ciflow/trunk, topic: not user facing, module: inductor, module: dynamo, ciflow/inductor, module: compiled autograd",main,gh/raymo/document-dynamo,,,,,,,,,False,,65600975,"86941, 23377, None, None"
2323311386,xmfan,[ca] log graph before reodering passes,closed,2025-02-07T23:39:50Z,,2025-02-13T21:41:35Z,"Merged, topic: not user facing, module: dynamo, ciflow/inductor, module: compiled autograd",gh/xmfan/177/base,gh/xmfan/177/head,,,,,,,,,False,,65600975,"86941, 23377, None, None"
2323302467,eqy,[CUDA][CUDNN][SDPA] Pass dropout seed and offset to cuDNN in `int64`,closed,2025-02-07T23:30:33Z,,2025-02-12T00:24:41Z,"module: cudnn, module: cuda, triaged, open source, Merged, ciflow/trunk, topic: not user facing, module: sdpa",main,cudnnsm100dropoutworkaround,,,,,,,"syed-ahmed, drisspg",,False,,65600975,"86941, 23377, None, None"
2323301553,eqy,[CUDA][SDPA] Don't dispatch to mem eff attn for batch_size >= 65536,open,2025-02-07T23:29:27Z,,,"module: cuda, open source, topic: not user facing, module: sdpa",main,memeff65536,,,,,,,,,False,,65600975,"86941, 23377, None, None"
2323253939,bdhirsh,dont specialize symints when testing truthiness,closed,2025-02-07T22:48:49Z,,2025-02-12T20:57:14Z,"Merged, ciflow/trunk, release notes: composability, module: dynamo, ciflow/inductor",gh/bdhirsh/641/base,gh/bdhirsh/641/head,,,,,,,"albanD, antoniojkim, ezyang, miladm, SherlockNoMad",,False,,65600975,"86941, 23377, None, None"
2323246614,zou3519,"[BaseHOP] change hop(subgraph, operands) to hop(subgraph, *operands)",open,2025-02-07T22:42:43Z,,,"ciflow/trunk, release notes: foreach_frontend, module: inductor, module: dynamo, ciflow/inductor",gh/zou3519/1130/base,gh/zou3519/1130/head,,,,,,,eellison,,False,,65600975,"86941, 23377, None, None"
2323218975,bdhirsh,support meta_tensor.to(device='cpu') under fake_mode,closed,2025-02-07T22:19:32Z,,2025-02-12T20:57:13Z,"Merged, ciflow/trunk, release notes: composability, ciflow/inductor",gh/bdhirsh/640/base,gh/bdhirsh/640/head,,,,,,,"antoniojkim, ezyang, miladm",,False,,65600975,"86941, 23377, None, None"
2323212407,coufon,[StaticRuntime] Fix a bug that memory planner ignores subblocks,closed,2025-02-07T22:13:28Z,,2025-02-10T21:41:23Z,"oncall: jit, fb-exported, release notes: jit",main,export-D69195886,,,,,,,,,False,,65600975,"86941, 23377, None, None"
2323194965,zou3519,Rename PrimHOPBase to BaseHOP + minor changes,closed,2025-02-07T22:00:22Z,,2025-02-11T02:43:40Z,"Merged, ciflow/trunk, release notes: foreach_frontend, module: dynamo, ciflow/inductor, keep-going",gh/zou3519/1129/base,gh/zou3519/1129/head,,,,,,,eellison,,False,,65600975,"86941, 23377, None, None"
2323192132,YUNQIUGUO,[ez][BE] get rid of the extra printf('\n'),closed,2025-02-07T21:57:49Z,,2025-02-10T17:45:58Z,"fb-exported, Merged, ciflow/trunk, topic: not user facing, module: inductor, ciflow/inductor",main,export-D69328701,,,,,,,,,False,,65600975,"86941, 23377, None, None"
2323154151,ngimel,remove incorrect warnings from min/max documentation,closed,2025-02-07T21:28:36Z,,2025-02-08T05:10:11Z,"Merged, ciflow/trunk, release notes: python_frontend",main,ngimel/min_docs,,,,,,,albanD,,False,,65600975,"86941, 23377, None, None"
2323111720,c00w,torch: Log a unified waitcounter for torch.compile and triton.autotune,closed,2025-02-07T20:59:32Z,,2025-02-14T02:05:18Z,"fb-exported, Merged, ciflow/trunk, topic: not user facing, module: inductor, ciflow/inductor",main,export-D69215401,,,,,,,"oulgen, jamesjwu",,False,,65600975,"86941, 23377, None, None"
2323044571,jbschlosser,Test on in-graph constructed NJTs,open,2025-02-07T20:09:15Z,,,topic: not user facing,gh/jbschlosser/229/base,gh/jbschlosser/229/head,,,,,,,,,True,,65600975,"86941, 23377, None, None"
2323044490,jbschlosser,Use inductor backend for NJT compile tests,open,2025-02-07T20:09:11Z,,,topic: not user facing,gh/jbschlosser/228/base,gh/jbschlosser/228/head,,,,,,,,,False,,65600975,"86941, 23377, None, None"
2323040250,xmfan,[ca] remove private API: _compiled_autograd_should_lift,closed,2025-02-07T20:06:08Z,,2025-02-10T04:30:00Z,"Merged, ciflow/trunk, ciflow/inductor, release notes: dynamo",gh/xmfan/176/base,gh/xmfan/176/head,,,,,,,"bdhirsh, albanD, soulitzer",,False,,65600975,"86941, 23377, None, None"
2322982619,BoyuanFeng,[CUDAGraph] add skip message for unbacked symint,open,2025-02-07T19:29:37Z,,,"ciflow/trunk, topic: not user facing, module: inductor, module: dynamo, ciflow/inductor",main,bf/cg-skip-unbacked-symint-msg,,,,,,,eellison,,True,,65600975,"86941, 23377, None, None"
2322970775,eqy,[BE][cuDNN] cuDNN to 9.7.1.26 for CUDA 12.8,open,2025-02-07T19:25:00Z,,,"module: build, module: cudnn, triaged, open source, ciflow/binaries, topic: not user facing, topic: build",main,cudnn971,,,,,,,jeffdaily,,False,,65600975,"86941, 23377, None, None"
2322912662,janeyx99,[BE] Remove outdated RPC benchmark,open,2025-02-07T18:52:53Z,,,"release notes: distributed (rpc), skip-pr-sanity-checks",gh/janeyx99/223/base,gh/janeyx99/223/head,,,,,,,,,False,,65600975,"86941, 23377, None, None"
2322869623,zhxchen17,[export][ez] Allow math.trunc for serialization.,closed,2025-02-07T18:24:55Z,,2025-02-10T19:05:10Z,"fb-exported, Merged, ciflow/trunk, ciflow/inductor, release notes: export",main,export-D69317084,,,,,,,"avikchaudhuri, tugsbayasgalan, ydwu4",,False,,65600975,"86941, 23377, None, None"
2322809212,StrongerXi,[hop] Support more output types for `flat_apply`,open,2025-02-07T17:43:34Z,,,"module: dynamo, ciflow/inductor",gh/StrongerXi/83/base,gh/StrongerXi/83/head,,,,,,,,,False,,65600975,"86941, 23377, None, None"
2322809073,StrongerXi,[dynamo][fx] Support dataclass whose fields have `init=False`,open,2025-02-07T17:43:29Z,,,"release notes: fx, fx, module: dynamo, ciflow/inductor",gh/StrongerXi/82/base,gh/StrongerXi/82/head,,,,,,,,,False,,65600975,"86941, 23377, None, None"
2322708367,chaos5958,[MTIA] (3/n) Implement PyTorch APIs to query/reset device peak memory usage,closed,2025-02-07T16:52:00Z,,2025-02-10T16:57:11Z,"fb-exported, Merged, ciflow/trunk, topic: not user facing",main,export-D68988673,,,,,,,egienvalue,,False,,65600975,"86941, 23377, None, None"
2322680625,bdhirsh,FSDP: avoid resetting version counter of all_gather_output in inference_mode,closed,2025-02-07T16:39:54Z,,2025-02-10T16:56:43Z,"oncall: distributed, fb-exported, Merged, ciflow/trunk, release notes: distributed (fsdp), ciflow/inductor",main,export-D69311496,,,,,,,,,False,,65600975,"86941, 23377, None, None"
2322615940,benjaminglass1,cpp_wrapper: persist autotune example tensors until last use,open,2025-02-07T16:08:21Z,,,"open source, topic: not user facing, module: inductor, ciflow/inductor",gh/benjaminglass1/67/base,gh/benjaminglass1/67/head,,,,,,,"desertfire, eellison",,False,,65600975,"86941, 23377, None, None"
2322520534,cyyever,Remove NO_MULTIPROCESSING_SPAWN checks,open,2025-02-07T15:19:32Z,,,"oncall: distributed, triaged, open source, release notes: distributed (torchelastic)",main,NO_MULTIPROCESSING_SPAWN,,,,,,,"Skylion007, colesbury, albanD, malfet",,False,,65600975,"86941, 23377, None, None"
2322503864,malfet,[MPSInductor] Implement Welford reduction ,closed,2025-02-07T15:11:47Z,,2025-02-08T05:00:03Z,"Merged, topic: not user facing, ciflow/mps, module: inductor, ciflow/inductor",gh/malfet/177/base,gh/malfet/177/head,,,,,,,,,False,,65600975,"86941, 23377, None, None"
2322460077,cyyever,Cleanup CallOnce.h,closed,2025-02-07T14:51:19Z,,2025-02-07T16:44:47Z,"oncall: distributed, oncall: jit, open source, Merged, ciflow/trunk, release notes: distributed (c10d)",main,once_flag7,,,,,,,"eqy, syed-ahmed, EikanWang, gujinghui, soulitzer",,False,,65600975,"86941, 23377, None, None"
2322080784,Erik-Lundell,Add full_like.default to list of ops with kwargs,open,2025-02-07T11:34:31Z,,,"triaged, open source, release notes: quantization, release notes: AO frontend",main,main,,,,,,,"jerryzh168, drisspg",,False,,65600975,"86941, 23377, None, None"
2322080636,cyyever,Enable Windows tests,open,2025-02-07T11:34:26Z,,,"module: windows, triaged, open source, topic: not user facing",main,win_test294,,,,,,,"mruberry, malfet, albanD",,False,,65600975,"86941, 23377, None, None"
2322069739,cyyever,Enable Windows tests,closed,2025-02-07T11:28:07Z,,2025-02-08T01:21:41Z,"open source, topic: not user facing",main,win_test293,,,,,,,,,True,,65600975,"86941, 23377, None, None"
2321913804,dmpolukhin,[clang-tidy] Add suppression clang-diagnostic-shadow,open,2025-02-07T10:06:04Z,,,"fb-exported, topic: not user facing",main,export-D69182465,,,,,,,,,False,,65600975,"86941, 23377, None, None"
2321834505,choudhary-devang,Enable pt2e quantization path for arm,open,2025-02-07T09:23:48Z,,,"module: cpu, triaged, open source, module: arm, release notes: quantization, release notes: AO frontend",main,devang/pt2e_quantization_arm,,,,,,,Xia-Weiwen,,False,,65600975,"86941, 23377, None, None"
2321788249,zeshengzong,"Update addbmm, addmm, addmv and baddbmm description",closed,2025-02-07T08:57:51Z,,2025-02-13T01:30:53Z,"triaged, open source, Merged, ciflow/trunk, release notes: python_frontend",main,opt/docs/add,,,,,,,,,False,,65600975,"86941, 23377, None, None"
2321782008,FFFrog,Make GetCPUAllocatorMaybePinned to be Device-Agnostic,closed,2025-02-07T08:54:31Z,,2025-02-13T13:09:51Z,"open source, Merged, ciflow/trunk, topic: not user facing",gh/fffrog/38/base,gh/fffrog/38/head,,,,,,,ezyang,,False,,65600975,"86941, 23377, None, None"
2321776787,Flamefire,Fix integer overflow in (fake) quantization,closed,2025-02-07T08:51:43Z,,2025-02-07T08:52:11Z,"module: cpu, release notes: quantization",main,fix-fake_quant,,,,,,,"jerryzh168, salilsdesai, kimishpatel, digantdesai, jianyuh",,False,,65600975,"86941, 23377, None, None"
2321760192,zeshengzong,Optimize LRScheduler docs,open,2025-02-07T08:42:57Z,,,"triaged, open source, release notes: optim",main,opt/docs/LRScheduler,,,,,,,,,False,,65600975,"86941, 23377, None, None"
2321694792,Isalia20,[MPS] lu unpack,closed,2025-02-07T08:01:57Z,,2025-02-08T00:16:20Z,"open source, Merged, topic: improvements, release notes: mps, ciflow/mps",main,mps-lu-unpack-new,,,,,,,kulinseth,,False,,65600975,"86941, 23377, None, None"
2321580168,anijain2305,[dynamo][not ready] polyfill infra for classes,open,2025-02-07T06:41:35Z,,,"module: dynamo, ciflow/inductor",gh/anijain2305/675/base,gh/anijain2305/675/head,,,,,,,,,False,,65600975,"86941, 23377, None, None"
2321580098,anijain2305,[dynamo][user-defined] User class.__new__ instead of special casing,closed,2025-02-07T06:41:32Z,,2025-02-10T17:31:15Z,"Merged, ciflow/trunk, topic: not user facing, module: dynamo, ciflow/inductor, keep-going",gh/anijain2305/674/base,gh/anijain2305/674/head,,,,,,,StrongerXi,,False,,65600975,"86941, 23377, None, None"
2321489195,amdfaa,[ROCm] Move ROCm unstable MI300 jobs back to stable,open,2025-02-07T05:22:51Z,,,"module: rocm, triaged, open source, topic: not user facing, ciflow/inductor, ciflow/rocm, ciflow/inductor-rocm",main,patch-8,,,,,,,,,True,,65600975,"86941, 23377, None, None"
2321384264,xytintel,Update torch-xpu-ops commit pin,closed,2025-02-07T03:28:45Z,,2025-02-14T09:30:38Z,"triaged, open source, Merged, ciflow/trunk, topic: not user facing, keep-going, ciflow/xpu",main,xyt/xpu_pin_662837e722cbbc0701fbcf6ea9ad6383158cc44e,,,,,,,gujinghui,,False,,65600975,"86941, 23377, None, None"
2321355836,zeshengzong,[Dynamo] Eliminate single `Self` import from typing_extensions,closed,2025-02-07T02:53:03Z,,2025-02-07T06:12:50Z,"open source, topic: not user facing, module: dynamo",main,opt/dynamo/typing,,,,,,,,,False,,65600975,"86941, 23377, None, None"
2321309651,zeshengzong,Optimize inductor `Self` typing,closed,2025-02-07T01:59:49Z,,2025-02-10T20:39:59Z,"triaged, open source, Merged, ciflow/trunk, topic: not user facing, module: inductor",main,opt/inductor/typing,,,,,,,,,False,,65600975,"86941, 23377, None, None"
2321305620,henrylhtsang,Make sure cutlass kernel .cu file has configuration name and nvcc compile command,closed,2025-02-07T01:54:45Z,,2025-02-10T18:16:47Z,"fb-exported, Merged, ciflow/trunk, topic: not user facing, module: inductor, ciflow/inductor",main,export-D69281295,,,,,,,"mlazos, ColinPeppler",,False,,65600975,"86941, 23377, None, None"
2321281260,cyyever,Enable Windows tests,closed,2025-02-07T01:32:30Z,,2025-02-08T00:55:22Z,"open source, Merged, ciflow/trunk, topic: not user facing",main,windows_test34,,,,,,,,,False,,65600975,"86941, 23377, None, None"
2321280697,cyyever,Fix linter F821 error,closed,2025-02-07T01:32:12Z,,2025-02-08T07:19:40Z,"open source, Merged, ciflow/trunk, topic: not user facing",main,f821_2,,,,,,,,,False,,65600975,"86941, 23377, None, None"
2321273072,shink,[Docs] Fix description of `input` in `torch.addbmm()`,closed,2025-02-07T01:27:52Z,,2025-02-11T01:22:13Z,"open source, Merged, ciflow/trunk, release notes: python_frontend, topic: docs",main,docs/addbmm,,,,,,,,,False,,65600975,"86941, 23377, None, None"
2321220623,mengluy0125,[Optimus] Include more corner cases in the select cat aten pass,closed,2025-02-07T00:50:59Z,,2025-02-13T03:40:28Z,"fb-exported, Merged, ciflow/trunk, module: inductor, ciflow/inductor, release notes: inductor, inductor_pattern_match",main,export-D69278487,,,,,,,,,False,,65600975,"86941, 23377, None, None"
2321208282,ydwu4,[cond] Refactor cond_op's signature to take *operands.,open,2025-02-07T00:44:09Z,,,"ciflow/trunk, topic: not user facing, module: inductor, module: dynamo, ciflow/inductor, keep-going, release notes: export",gh/ydwu4/208/base,gh/ydwu4/208/head,,,,,,,"avikchaudhuri, tugsbayasgalan, zhxchen17, angelayi, ezyang, Chillee, titaiwangms, shubhambhokare1, justinchuby, wschin",,False,,65600975,"86941, 23377, None, None"
2321208147,ydwu4,[hop][inductor] don't promote arg type for cond and while_loop,closed,2025-02-07T00:44:03Z,,2025-02-10T21:24:55Z,"Merged, ciflow/trunk, topic: not user facing, module: inductor, ciflow/inductor",gh/ydwu4/207/base,gh/ydwu4/207/head,,,,,,,"Chillee, desertfire",,False,,65600975,"86941, 23377, None, None"
2321192228,chaos5958,[MTIA] (2/n) Implement PyTorch APIs to query/reset device peak memory usage,closed,2025-02-07T00:28:30Z,,2025-02-07T23:06:37Z,"fb-exported, Merged, ciflow/trunk, topic: not user facing, module: mtia",main,export-D68988435,,,,,,,,,False,,65600975,"86941, 23377, None, None"
2321192031,bohnstingl,[HOP] Mutation and alias rework,open,2025-02-07T00:28:18Z,,,"open source, topic: not user facing, module: dynamo",main,mutation_alias_rework,,,,,,,,,True,,65600975,"86941, 23377, None, None"
2321172324,drisspg,[FlexAttention] Fix dynamic shapes in max-autotune,closed,2025-02-07T00:13:42Z,,2025-02-07T22:34:31Z,"Merged, ciflow/trunk, topic: not user facing, module: inductor, ciflow/inductor, module: flex attention",gh/drisspg/121/base,gh/drisspg/121/head,,,,,,,,,False,,65600975,"86941, 23377, None, None"
2321162881,ZelboK,Optimize isclose() for CPU and GPU by adding specific implementations,open,2025-02-07T00:09:02Z,,,"module: cpu, triaged, open source",main,feature/isclose-kernels,,,,,,,"eqy, syed-ahmed",,False,,65600975,"86941, 23377, None, None"
2321149592,vkuzo,add MXFP8 support to torch._scaled_mm,open,2025-02-07T00:02:24Z,,,"topic: improvements, ciflow/inductor",gh/vkuzo/2/head,gh/vkuzo/3/head,,,,,,,"eqy, syed-ahmed",,False,,65600975,"86941, 23377, None, None"
2321120841,saumishr,[DCP] Introduce modules metadata in the storage_meta,closed,2025-02-06T23:43:44Z,,2025-02-13T17:44:32Z,"oncall: distributed, fb-exported, Merged, ciflow/trunk, topic: not user facing, module: distributed_checkpoint",main,export-D69154628,,,,,,,pradeepfn,,False,,65600975,"86941, 23377, None, None"
2321109600,tinglvv,windows Magma build for cu128,closed,2025-02-06T23:33:34Z,,2025-02-10T18:35:02Z,"open source, Merged, Reverted, ciflow/trunk, release notes: releng, ciflow/binaries_wheel, ci-no-td",main,cu128-win-magma,,,,,,,,,False,,65600975,"86941, 23377, None, None"
2321095656,jansel,[inductor] Better exception error messages for cache_on_self,closed,2025-02-06T23:20:09Z,,2025-02-07T21:22:24Z,"Merged, ciflow/trunk, topic: not user facing, module: inductor, ciflow/inductor",gh/jansel/503/base,gh/jansel/503/head,,,,,,,,,False,,65600975,"86941, 23377, None, None"
2321069830,jansel,[inductor] Use index_dtype (int32/int64 depending on size) for argmax accumulators,closed,2025-02-06T22:56:59Z,,2025-02-07T21:21:23Z,"Merged, ciflow/trunk, topic: not user facing, module: inductor, ciflow/inductor",gh/jansel/502/base,gh/jansel/502/head,,,,,,,,,False,,65600975,"86941, 23377, None, None"
2321057950,exclamaforte,"fuzzer: disable ""fail_on_recompile_limit_hit"" and ""suppress_errors""",closed,2025-02-06T22:46:18Z,,2025-02-07T18:25:03Z,"Merged, ciflow/trunk, topic: not user facing, module: inductor, ciflow/inductor",main,exclamaforte/disable-dynamo-config,,,,,,,,,False,,65600975,"86941, 23377, None, None"
2321045762,jamesjwu,"Fix get_top() to return the base level event of the stack, not the most recently started event",closed,2025-02-06T22:35:45Z,,2025-02-07T18:04:53Z,"Merged, ciflow/trunk, topic: not user facing, module: dynamo, ciflow/inductor",gh/jamesjwu/107/base,gh/jamesjwu/107/head,,,,,,,,,False,,65600975,"86941, 23377, None, None"
2321025164,malfet,[MPS] Extend `torch.special.sinc` to complex,closed,2025-02-06T22:21:27Z,,2025-02-07T01:12:40Z,"Merged, topic: improvements, release notes: mps, ciflow/mps",gh/malfet/176/base,gh/malfet/176/head,,,,,,,"kulinseth, dcci",,False,,65600975,"86941, 23377, None, None"
2320985656,desertfire,[Inductor] Add a unit test,closed,2025-02-06T21:56:32Z,,2025-02-07T21:48:26Z,"topic: not user facing, module: inductor, ciflow/inductor",gh/desertfire/538/base,gh/desertfire/538/head,,,,,,,,,False,,65600975,"86941, 23377, None, None"
2320976868,bdhirsh,[poc] force UntypedStorage.from_buffer(buf) to return meta storage under FakeTensorMode,closed,2025-02-06T21:50:27Z,,2025-02-12T20:57:12Z,"Merged, release notes: composability",gh/bdhirsh/639/base,gh/bdhirsh/639/head,,,,,,,"mikaylagawarecki, albanD, antoniojkim, ezyang, miladm, SherlockNoMad",,False,,65600975,"86941, 23377, None, None"
2320974973,Gasoonjia,[dim order]  solve broken doc,closed,2025-02-06T21:49:03Z,,2025-02-10T07:51:29Z,"fb-exported, Merged, ciflow/trunk, topic: not user facing",gh/gasoonjia/2/base,gh/gasoonjia/2/head,,,,,,,,,False,,65600975,"86941, 23377, None, None"
2320945720,janeyx99,POC for mixed prec optim frontend,open,2025-02-06T21:31:50Z,,,release notes: optim,gh/janeyx99/222/base,gh/janeyx99/222/head,,,,,,,albanD,,True,,65600975,"86941, 23377, None, None"
2320938083,justinchuby,[ONNX] Adjust and add deprecation messages,closed,2025-02-06T21:27:21Z,,2025-02-11T18:59:03Z,"module: onnx, open source, Merged, Reverted, ciflow/trunk, release notes: onnx, topic: deprecation, ci-no-td",main,justinchu/deprecation4,,,,,,,"shubhambhokare1, wschin",,False,,65600975,"86941, 23377, None, None"
2320884690,henrylhtsang,use None to slice when list has one element only,closed,2025-02-06T21:08:40Z,,2025-02-10T18:15:48Z,"fb-exported, Merged, ciflow/trunk, topic: not user facing, module: inductor, ciflow/inductor",main,export-D69265168,,,,,,,"Chillee, ColinPeppler",,False,,65600975,"86941, 23377, None, None"
2320877237,nlbrown2,gloo: fix building system gloo with CUDA/HIP,open,2025-02-06T21:04:17Z,,,"module: build, module: cuda, triaged, open source, topic: not user facing",main,gloo_cuda,,,,,,,malfet,,False,,65600975,"86941, 23377, None, None"
2320871580,c00w,example repro failure,open,2025-02-06T21:00:47Z,,,"module: dynamo, ciflow/inductor",gh/c00w/37/base,gh/c00w/37/head,,,,,,,,,True,,65600975,"86941, 23377, None, None"
2320813368,basilwong,Add Structured Tracing for Traced Graph Edge Details for AC Debugging,closed,2025-02-06T20:29:48Z,,2025-02-14T02:04:28Z,"fb-exported, Merged, ciflow/trunk, topic: not user facing, ciflow/inductor",main,export-D61557220,,,,,,,Chillee,,False,,65600975,"86941, 23377, None, None"
2320763245,soulitzer,[NJT] Fix inference mode for composite implicit ops without nested-specific kernel,closed,2025-02-06T20:02:09Z,,2025-02-10T16:59:51Z,"Merged, ciflow/trunk, topic: bug fixes, release notes: nested tensor",gh/soulitzer/352/base,gh/soulitzer/352/head,,,,,,,,,False,,65600975,"86941, 23377, None, None"
2320650706,petrex,[ROCm] OCP FP8 Support for new GPUs,open,2025-02-06T18:57:21Z,,,"module: rocm, open source, release notes: linalg_frontend",main,ocp_gfx950,,,,,,,"eqy, syed-ahmed, jithunnair-amd, lezcano, nikitaved, IvanYashchuk, pruthvistony",,False,,65600975,"86941, 23377, None, None"
2320633904,ckluk2,Support ignoring parameters in FSDP2,closed,2025-02-06T18:46:40Z,,2025-02-10T23:20:31Z,"oncall: distributed, fb-exported, Merged, ciflow/trunk, release notes: distributed (fsdp), ciflow/inductor",main,export-D69153051,,,,,,,,,False,,65600975,"86941, 23377, None, None"
2320588343,suo,[torch] fix builds for older pybind,closed,2025-02-06T18:19:28Z,,2025-02-06T21:22:04Z,"oncall: jit, fb-exported, Merged, ciflow/trunk, release notes: jit",main,export-D69254629,,,,,,,,,False,,65600975,"86941, 23377, None, None"
2320558081,Skylion007,[BE]: Inline special functions for MPS,closed,2025-02-06T18:03:12Z,,2025-02-07T05:15:19Z,"open source, better-engineering, Merged, ciflow/trunk, topic: not user facing",main,skylion007/inline-mps-special-functions-2025-02-06,,,,,,,malfet,,False,,65600975,"86941, 23377, None, None"
2320547698,rec, [inductor] Improve type annotations in _inductor/pattern_matcher.py,open,2025-02-06T17:59:04Z,,,"open source, release notes: fx, topic: not user facing, fx, module: inductor, ciflow/inductor, suppress-api-compatibility-check, suppress-bc-linter",gh/rec/132/base,gh/rec/132/head,,,,,,,,,False,,65600975,"86941, 23377, None, None"
2320536223,angelayi,Move capture_provenance to make_node_impl,closed,2025-02-06T17:53:35Z,,2025-02-10T19:00:54Z,"Merged, ciflow/trunk, release notes: fx, fx, ciflow/inductor",main,angelayi/test_expression_created,,,,,,,,,False,,65600975,"86941, 23377, None, None"
2320470411,hellopahe,bug fix: ensure 4d input in _scaled_dot_product_attention_math_mps,closed,2025-02-06T17:15:59Z,,2025-02-13T07:00:54Z,"triaged, open source, Merged, topic: bug fixes, release notes: mps, ciflow/mps",main,main,,,,,,,kulinseth,,False,,65600975,"86941, 23377, None, None"
2320459890,nicholasw-gc,Fix inductor non-stable argsort/sort test,open,2025-02-06T17:10:12Z,,,"triaged, open source, topic: not user facing, module: inductor",main,PYT-466,,,,,,,eellison,,False,,65600975,"86941, 23377, None, None"
2320423068,davsva01,Enable qint8 and quint8 add for AArch64 using ACL directly,open,2025-02-06T16:54:08Z,,,"module: cpu, triaged, open source, release notes: quantization, release notes: releng",main,acl_qadd,,,,,,,"jeffdaily, jerryzh168, salilsdesai, kimishpatel, digantdesai, jianyuh",,False,,65600975,"86941, 23377, None, None"
2320404157,dcci,[mps] Remove a stale comment.,closed,2025-02-06T16:47:40Z,,2025-02-06T17:25:34Z,"Merged, ciflow/trunk, topic: not user facing, module: mps, ciflow/mps, module: inductor",main,stale-erfinv,,,,,,,"jansel, kulinseth",,False,,65600975,"86941, 23377, None, None"
2320312840,Flamefire,Generate test reports for pytest when option is given,open,2025-02-06T16:12:06Z,,,"triaged, open source, topic: not user facing",main,Flamefire-patch-1,,,,,,,,,False,,65600975,"86941, 23377, None, None"
2320293519,xuhancn,[don't merge] test baseline,closed,2025-02-06T16:04:22Z,,2025-02-10T09:06:02Z,"open source, topic: not user facing, ciflow/binaries_wheel, ciflow/xpu",main,test_main,,,,,,,,,True,,65600975,"86941, 23377, None, None"
2320293452,Skylion007,[BE][Ez]: Enable ruff rule banning print in assert,closed,2025-02-06T16:04:20Z,,2025-02-13T21:14:03Z,"triaged, open source, better-engineering, Merged, ciflow/trunk, topic: not user facing, module: dynamo, ciflow/inductor",main,skylion007/enable-RUF-2025-02-06,,,,,,,"malfet, albanD, soulitzer, drisspg, aorenste",,False,,65600975,"86941, 23377, None, None"
2320271140,chuanqi129,[CD] Add python 3.13t build for xpu,closed,2025-02-06T15:55:52Z,,2025-02-12T07:01:40Z,"open source, Merged, ciflow/trunk, topic: not user facing, ciflow/binaries_wheel",main,xpu_py_3_13t,,,,,,,EikanWang,,False,,65600975,"86941, 23377, None, None"
2320215130,IvanKobzarev,[WIP] BaseSubclass,open,2025-02-06T15:33:23Z,,,,gh/IvanKobzarev/100/base,gh/IvanKobzarev/100/head,,,,,,,"ezyang, Chillee",,False,,65600975,"86941, 23377, None, None"
2320209193,cyyever,Remove some NOLINT,closed,2025-02-06T15:30:47Z,,2025-02-07T01:50:12Z,"oncall: distributed, open source, Merged, ciflow/trunk, release notes: distributed (c10d)",main,nolint2235,,,,,,,"salilsdesai, kimishpatel, digantdesai, jianyuh, albanD, soulitzer",,False,,65600975,"86941, 23377, None, None"
2320207543,Skylion007,[BE][Ez]: Enable some additional pylint ruff warnings,closed,2025-02-06T15:30:07Z,,2025-02-06T21:58:12Z,"open source, better-engineering, Merged, ciflow/trunk, topic: not user facing",main,skylion007/add-PLW1501-2025-02-06,,,,,,,"albanD, ngimel, malfet",,False,,65600975,"86941, 23377, None, None"
2320096214,LucasLLC,Gh/lucasllc/1/head,closed,2025-02-06T14:41:37Z,,2025-02-06T14:41:56Z,oncall: distributed,main,gh/lucasllc/1/head,,,,,,,,,False,,65600975,"86941, 23377, None, None"
2320006924,m-gallus,[ROCm][Windows] Remove external linkage from an anonymous namespace,closed,2025-02-06T14:03:55Z,,2025-02-06T23:48:22Z,"oncall: jit, module: rocm, open source, Merged, ciflow/trunk, release notes: jit, topic: not user facing",main,windows/ext-linkage-anonoymous-namespace,,,,,,,,,False,,65600975,"86941, 23377, None, None"
2319992174,m-gallus,[ROCm][Windows] Fix unrecognized _BitScanReverse intrinsic,closed,2025-02-06T13:57:39Z,,2025-02-06T23:47:21Z,"module: rocm, open source, Merged, ciflow/trunk, topic: not user facing",main,windows/float8-builtin-clz,,,,,,,,,False,,65600975,"86941, 23377, None, None"
2319975622,m-gallus,[ROCm][Windows] Fix isnan integer overload errors on MS STL,closed,2025-02-06T13:51:04Z,,2025-02-06T23:44:15Z,"module: rocm, open source, Merged, ciflow/trunk, release notes: cuda, topic: not user facing",main,windows/fix-isnan,,,,,,,"eqy, syed-ahmed",,False,,65600975,"86941, 23377, None, None"
2319959276,mgmtea,[Profiler] Enable CUPTI teardown to reduce profiler overhead,open,2025-02-06T13:43:37Z,,,"triaged, open source, oncall: profiler, topic: not user facing",main,fix/144455_teardown_cupti,,,,,,,"davidberard98, sraikund16",,False,,65600975,"86941, 23377, None, None"
2319660678,Zhou32,Fixed a typo in dataset.py,closed,2025-02-06T11:17:59Z,,2025-02-07T05:09:53Z,"open source, Merged, ciflow/trunk, release notes: dataloader, topic: not user facing",main,main,,,,,,,"andrewkho, divyanshk",,False,,65600975,"86941, 23377, None, None"
2319660528,m-gallus,[Windows][ROCm] Fix c10 hip tests,closed,2025-02-06T11:17:55Z,,2025-02-06T23:41:29Z,"module: rocm, open source, Merged, ciflow/trunk, topic: not user facing",main,windows/fix-c10-hip-tests,,,,,,,"eqy, syed-ahmed",,False,,65600975,"86941, 23377, None, None"
2319639138,robert-hardwick,[ARM] Fix bug in _ref_test_helper in test_ops and fix failing test on Aarch64,open,2025-02-06T11:07:07Z,,,"triaged, open source, module: arm, topic: not user facing",main,test_fix,,,,,,,"mruberry, malfet",,False,,65600975,"86941, 23377, None, None"
2319621340,Ryo-not-rio,separate f16 vectorized class from bf16,open,2025-02-06T10:58:15Z,,,"module: cpu, open source, module: arm, topic: not user facing, arm priority",main,refactor,,,,,,,,,False,,65600975,"86941, 23377, None, None"
2319597804,GeorgeWigley,skip test_torch_dynamo_codegen_pow if CPU backend is not cpp,open,2025-02-06T10:46:32Z,,,"triaged, open source, topic: not user facing, module: dynamo",main,skip-if-cpu-backend-not-cpp,,,,,,,williamwen42,,False,,65600975,"86941, 23377, None, None"
2319555581,yifuwang,[NOT FOR LANDING] experimental NVSHMEM integration,open,2025-02-06T10:26:18Z,,,"oncall: distributed, release notes: distributed (c10d)",gh/yifuwang/195/base,gh/yifuwang/195/head,,,,,,,,,True,,65600975,"86941, 23377, None, None"
2319555433,yifuwang,clang-format CUDASymmetricMemory.cu,open,2025-02-06T10:26:14Z,,,"oncall: distributed, release notes: distributed (c10d)",gh/yifuwang/194/base,gh/yifuwang/194/head,,,,,,,,,True,,65600975,"86941, 23377, None, None"
2319386908,kwen2501,[DDP] Use NCCL allocated memory for gradient bucket,closed,2025-02-06T09:01:24Z,,2025-02-10T05:23:13Z,"oncall: distributed, Merged, ciflow/trunk, release notes: distributed (c10d), release notes: distributed (ddp)",gh/kwen2501/123/base,gh/kwen2501/123/head,,,,,,,"shuqiangzhang, wconstab",,False,,65600975,"86941, 23377, None, None"
2319377680,Isalia20,[METAL] inline bfloat min/max,closed,2025-02-06T08:56:16Z,,2025-02-06T17:57:34Z,"open source, Merged, ciflow/trunk, topic: not user facing",main,fix-metal-build,,,,,,,,,False,,65600975,"86941, 23377, None, None"
2319361000,shink,[Dynamo] Allow dynamo to handle `str.xxx()`,closed,2025-02-06T08:47:14Z,,2025-02-12T08:54:13Z,"open source, Merged, ciflow/trunk, topic: not user facing, module: dynamo",main,fix/dynamo/str,,,,,,,"anijain2305, williamwen42",,False,,65600975,"86941, 23377, None, None"
2319285913,swgu98,Create aa,closed,2025-02-06T08:02:51Z,,2025-02-06T08:09:04Z,open source,main,2.6-1,,,,,,,,,False,,65600975,"86941, 23377, None, None"
2319271881,swgu98,Create aa.yml,closed,2025-02-06T07:54:06Z,,2025-02-06T08:09:13Z,"open source, topic: not user facing",main,2.6,,,,,,,,,False,,65600975,"86941, 23377, None, None"
2319258113,angelayi,[symbolic shapes] Log symnode id,closed,2025-02-06T07:45:13Z,,2025-02-10T19:13:09Z,"Merged, ciflow/trunk, release notes: fx, fx, ciflow/inductor",main,angelayi/test,,,,,,,,,False,,65600975,"86941, 23377, None, None"
2319243900,lingzhiz1998,[Partitioner] Reduce time consuming of partitions merger,open,2025-02-06T07:35:55Z,,,"triaged, open source, release notes: fx, topic: not user facing, fx",main,lingzhiz/optimize_partition_merger,,,,,,,"XuehaiPan, tarun292",,False,,65600975,"86941, 23377, None, None"
2319242249,zeshengzong,Clarify that compile(module) only affects the forward method,open,2025-02-06T07:34:49Z,,,"triaged, open source, topic: not user facing",main,opt/docs/compile,,,,,,,Chillee,,False,,65600975,"86941, 23377, None, None"
2319238216,lingzhiz1998,[Partitioner] Remove unnecessary upstream nodes in dependency viewer,open,2025-02-06T07:32:01Z,,,"triaged, open source, release notes: fx, topic: not user facing, fx",main,lingzhiz/remove_upstream_nodes,,,,,,,tarun292,,False,,65600975,"86941, 23377, None, None"
2319203221,vkuzo,add `torch.float4_e2m1fn_x2` to PyTorch,open,2025-02-06T07:08:42Z,,,release notes: quantization,gh/vkuzo/1/head,gh/vkuzo/2/head,,,,,,,jerryzh168,,False,,65600975,"86941, 23377, None, None"
2319171088,houseroad,Clean up op BC check list,closed,2025-02-06T06:46:27Z,,2025-02-07T22:40:52Z,"fb-exported, Merged, ciflow/trunk, topic: not user facing",main,export-D69226556,,,,,,,larryliu0820,,False,,65600975,"86941, 23377, None, None"
2319116178,naromero77amd,[ROCm][TunableOp] Close offline tuning results file when offline tuning is disabled.,closed,2025-02-06T06:04:28Z,,2025-02-12T18:03:09Z,"module: rocm, open source, Merged, ciflow/trunk, topic: not user facing, ciflow/rocm",main,fix_tunableop_untuned_fileio,,,,,,,"eqy, syed-ahmed",,False,,65600975,"86941, 23377, None, None"
2319109082,xuhancn,add python root bin to windows load path.,open,2025-02-06T05:58:55Z,,,"module: windows, open source, ciflow/trunk, topic: not user facing, ciflow/binaries_wheel, intel",main,xu_add_init_path,,,,,,,"malfet, ezyang",,False,,65600975,"86941, 23377, None, None"
2319048196,yanboliang,[Dynamo][autograd.Function] Relax backward speculation strict mode a bit,closed,2025-02-06T05:05:51Z,,2025-02-11T05:39:10Z,"Merged, topic: not user facing, module: dynamo, ciflow/inductor",gh/yanboliang/63/base,gh/yanboliang/63/head,,,,,,,,,False,,65600975,"86941, 23377, None, None"
2318916635,jansel,[copy-for-import][inductor] Refactor op handlers part 2,closed,2025-02-06T02:55:02Z,,2025-02-07T17:26:42Z,"ciflow/trunk, topic: not user facing, module: inductor, ciflow/inductor",main,reland146252,,,,,,,,,True,,65600975,"86941, 23377, None, None"
2318873916,jansel,[inductor] Fix test error test_force_cutlass_backend_aoti_cexpr_codegen,closed,2025-02-06T02:08:51Z,,2025-02-06T23:02:44Z,"fb-exported, Merged, ciflow/trunk, topic: not user facing, module: inductor, ciflow/inductor",main,export-D69219873,,,,,,,atalman,,False,,65600975,"86941, 23377, None, None"
2318844123,drisspg,Fix broken meta function for flex-attention backwards,closed,2025-02-06T01:43:46Z,,2025-02-08T04:13:56Z,"Merged, ciflow/trunk, release notes: nn, topic: bug fixes, module: inductor, ciflow/inductor, module: flex attention",gh/drisspg/120/base,gh/drisspg/120/head,,,,,,,zou3519,,False,,65600975,"86941, 23377, None, None"
2318840212,wconstab,[pt2d] Add reorder_comms_preserving_peak_memory pass,open,2025-02-06T01:41:51Z,,,"module: inductor, ciflow/inductor, release notes: inductor",gh/wconstab/396/base,gh/wconstab/396/head,,,,,,,,,False,,65600975,"86941, 23377, None, None"
2318839819,wconstab,Improve comms debug visualization,open,2025-02-06T01:41:46Z,,,"ciflow/trunk, topic: not user facing, module: inductor, ciflow/inductor",gh/wconstab/395/base,gh/wconstab/395/head,,,,,,,,,False,,65600975,"86941, 23377, None, None"
2318839723,wconstab,enable reorder,closed,2025-02-06T01:41:41Z,,2025-02-10T23:18:21Z,"module: inductor, ciflow/inductor",gh/wconstab/394/base,gh/wconstab/394/head,,,,,,,,,False,,65600975,"86941, 23377, None, None"
2318839619,wconstab,Apply changes from https://github.com/pytorch/pytorch/commit/211847de3c1c3d6cbd299e14a001b794eabf2a2d,closed,2025-02-06T01:41:36Z,,2025-02-10T23:16:44Z,"oncall: distributed, ciflow/inductor",gh/wconstab/393/base,gh/wconstab/393/head,,,,,,,,,False,,65600975,"86941, 23377, None, None"
2318839404,wconstab,[not for land] temp changes to enable 'simple_fsdp',open,2025-02-06T01:41:31Z,,,"oncall: distributed, ciflow/inductor",gh/wconstab/392/base,gh/wconstab/392/head,,,,,,,,,False,,65600975,"86941, 23377, None, None"
2318808375,mori360,Add fqn_modifier at loading_state_dict and unit test,open,2025-02-06T01:16:54Z,,,"oncall: distributed, ciflow/trunk, topic: not user facing, module: distributed_checkpoint",main,dsd_fqn_modifiers,,,,,,,,,False,,65600975,"86941, 23377, None, None"
2318794223,mori360,Add fqn_modifier at loading_state_dict and unit test,closed,2025-02-06T00:58:51Z,,2025-02-06T01:08:23Z,"oncall: distributed, topic: not user facing, module: distributed_checkpoint",main,fqn_modifier,,,,,,,,,True,,65600975,"86941, 23377, None, None"
2318787739,d4l3k,distributed/serialization: add experimental streaming torch.save/load methods,closed,2025-02-06T00:50:58Z,,2025-02-07T18:08:14Z,"oncall: distributed, Merged, ciflow/trunk, topic: not user facing",main,d4l3k/streaming_save,,,,,,,"teja-rao, c-p-i-o, H-Huang, LucasLLC",,False,,65600975,"86941, 23377, None, None"
2318786947,henrylhtsang,"[cutlass backend] Set no fallback to aten, disabled a few broken tests, default to test on H100",closed,2025-02-06T00:49:59Z,,2025-02-07T19:59:31Z,"fb-exported, Merged, ciflow/trunk, topic: not user facing, module: inductor, ciflow/inductor",main,export-D69209929,,,,,,,"kadeng, ColinPeppler, alexsamardzic, Chillee",,False,,65600975,"86941, 23377, None, None"
2318770800,anijain2305,[dynamo] Remove the suggestion to use suppress_errors on compiler error,closed,2025-02-06T00:30:29Z,,2025-02-07T17:28:46Z,"Merged, ciflow/trunk, topic: not user facing, module: dynamo, ciflow/inductor",gh/anijain2305/673/base,gh/anijain2305/673/head,,,,,,,williamwen42,,False,,65600975,"86941, 23377, None, None"
2318763902,malfet,[MPSInductor] Fix min/max for bfloat16,closed,2025-02-06T00:22:40Z,,2025-02-06T05:15:03Z,"Merged, ciflow/trunk, topic: not user facing, ciflow/mps, module: inductor, ciflow/inductor",gh/malfet/175/base,gh/malfet/175/head,,,,,,,,,False,,65600975,"86941, 23377, None, None"
2318757248,anijain2305,[dynamo] Actionable message on recompilations for fullgraph=True,closed,2025-02-06T00:15:22Z,,2025-02-07T17:28:47Z,"Merged, ciflow/trunk, topic: not user facing, module: dynamo, ciflow/inductor",gh/anijain2305/672/base,gh/anijain2305/672/head,,,,,,,williamwen42,,False,,65600975,"86941, 23377, None, None"
2318751522,malfet,[BE][Metal] Fix signed unsigned comparison warning,closed,2025-02-06T00:09:17Z,,2025-02-06T00:40:19Z,"Merged, topic: not user facing, ciflow/mps",main,malfet-patch-11,,,,,,,,,False,,65600975,"86941, 23377, None, None"
2318750209,naromero77amd,[ROCm][TunableOp] Future proof TunableOp unit test.,closed,2025-02-06T00:07:52Z,,2025-02-06T20:26:05Z,"module: rocm, open source, Merged, ciflow/trunk, topic: not user facing, ciflow/rocm",main,fix_tunableop_test_future_rocm,,,,,,,"lezcano, nikitaved, IvanYashchuk",,False,,65600975,"86941, 23377, None, None"
2318746617,malfet,[BE][MPS]Reduce number BitwiseOps parameters to 1,closed,2025-02-06T00:03:47Z,,2025-02-07T00:01:36Z,"release notes: mps, ciflow/mps",gh/malfet/174/base,gh/malfet/174/head,,,,,,,kulinseth,,False,,65600975,"86941, 23377, None, None"
2318728223,zhxchen17,[export] Fix tensor variants to scalar variants.,closed,2025-02-05T23:43:22Z,,2025-02-06T22:38:55Z,"fb-exported, ciflow/trunk, release notes: quantization, release notes: export",main,export-D69212362,,,,,,,"avikchaudhuri, ydwu4, angelayi, jerryzh168",,False,,65600975,"86941, 23377, None, None"
2318725590,christinaburge,Update test.sh to run a greater set of unit tests on aarch64,open,2025-02-05T23:41:27Z,,,"module: ci, triaged, open source, topic: not user facing",main,expanded_unit_tests,,,,,,,malfet,,False,,65600975,"86941, 23377, None, None"
2318717306,xmfan,[dynamo] fix dynamo_compile logging on RecompileLimitExceeded,closed,2025-02-05T23:33:23Z,,2025-02-06T16:20:45Z,"Merged, ciflow/trunk, topic: not user facing, module: dynamo, ciflow/inductor",gh/xmfan/175/base,gh/xmfan/175/head,,,,,,,bobrenjc93,,False,,65600975,"86941, 23377, None, None"
2318716998,christinaburge,Update local_timer.py to improve queue handling,open,2025-02-05T23:33:01Z,,,"oncall: distributed, triaged, open source, release notes: distributed (torchelastic)",main,update-local-timer,,,,,,,wconstab,,False,,65600975,"86941, 23377, None, None"
2318708609,angelayi,[export] Draft export custom streamer,closed,2025-02-05T23:24:25Z,,2025-02-12T16:27:08Z,release notes: export,main,angelayi/draft_logger,,,,,,,"pianpwk, avikchaudhuri, tugsbayasgalan, zhxchen17, ydwu4",,False,,65600975,"86941, 23377, None, None"
2318708510,dcci,[mps] Implement support for sinc() operator (inductor and eager).,closed,2025-02-05T23:24:19Z,,2025-02-06T16:37:32Z,"Merged, topic: not user facing, module: mps, ciflow/mps, module: inductor, ciflow/inductor",main,sinc-op-mps,,,,,,,kulinseth,,False,,65600975,"86941, 23377, None, None"
2318688056,Raymo111,Log graph breaks,open,2025-02-05T23:08:22Z,,,"topic: not user facing, module: inductor, module: dynamo, ciflow/inductor, dynamo-logging",main,gh/raymo/log-graph-breaks,,,,,,,,,False,,65600975,"86941, 23377, None, None"
2318670964,xmfan,[wip] disable decorator for ca,open,2025-02-05T22:52:10Z,,,"module: dynamo, ciflow/inductor, module: compiled autograd",gh/xmfan/174/base,gh/xmfan/174/head,,,,,,,,,True,,65600975,"86941, 23377, None, None"
2318666112,angelayi,[export] Add additional tlparse logging,closed,2025-02-05T22:47:23Z,,2025-02-13T00:21:38Z,"Merged, release notes: fx, fx, ciflow/inductor",gh/angelayi/68/base,gh/angelayi/68/head,,,,,,,"avikchaudhuri, tugsbayasgalan, zhxchen17, ydwu4",,False,,65600975,"86941, 23377, None, None"
2318666039,angelayi,[export] Use custom stream logger in draft-export,closed,2025-02-05T22:47:19Z,,2025-02-13T00:21:37Z,"Merged, ciflow/inductor, release notes: export",gh/angelayi/67/base,gh/angelayi/67/head,,,,,,,"tugsbayasgalan, zhxchen17, ydwu4",,False,,65600975,"86941, 23377, None, None"
2318665956,angelayi,[symbolic shapes] Log SymNode id for provenance,closed,2025-02-05T22:47:15Z,,2025-02-13T00:21:36Z,"Merged, ciflow/trunk, release notes: fx, fx, ciflow/inductor",gh/angelayi/66/base,gh/angelayi/66/head,,,,,,,,,False,,65600975,"86941, 23377, None, None"
2318648206,Isalia20,[MPS] linalg solve implementation,closed,2025-02-05T22:31:24Z,,2025-02-06T00:57:52Z,"open source, Merged, topic: improvements, release notes: mps, ciflow/mps",main,mps-linalg-solve,,,,,,,"kulinseth, lezcano, nikitaved, IvanYashchuk",,False,,65600975,"86941, 23377, None, None"
2318642119,yushangdi,  [aoti] Add a Tracing Context with FakeTensorMode to AOT Inductor Lowering,open,2025-02-05T22:25:56Z,,,"fb-exported, ciflow/trunk, module: inductor, ciflow/inductor, release notes: export, module: aotinductor",main,export-D69158049,,,,,,,"bobrenjc93, angelayi",,False,,65600975,"86941, 23377, None, None"
2318636049,desertfire,[Inductor] Add a JIT Inductor unit test following #146293,closed,2025-02-05T22:21:48Z,,2025-02-06T19:21:18Z,"Merged, ciflow/trunk, topic: not user facing, module: inductor, ciflow/inductor",gh/desertfire/537/base,gh/desertfire/537/head,,,,,,,,,False,,65600975,"86941, 23377, None, None"
2318633241,zou3519,Add torch.func.debug_unwrap,closed,2025-02-05T22:20:24Z,,2025-02-06T18:48:14Z,"Merged, ciflow/trunk, release notes: functorch",gh/zou3519/1128/base,gh/zou3519/1128/head,,,,,,,guilhermeleobas,,False,,65600975,"86941, 23377, None, None"
2318608233,anijain2305,[dynamo][fullgraph] Do not skip frame with fullgraph=True,closed,2025-02-05T22:02:17Z,,2025-02-06T18:56:11Z,"oncall: distributed, Merged, ciflow/trunk, topic: not user facing, module: dynamo, ciflow/inductor, keep-going",gh/anijain2305/671/base,gh/anijain2305/671/head,,,,,,,"jansel, guilhermeleobas, williamwen42",,False,,65600975,"86941, 23377, None, None"
2318598992,xmfan,[inductor] add units to estimated runtime log,open,2025-02-05T21:57:04Z,,,"module: inductor, ciflow/inductor",gh/xmfan/173/base,gh/xmfan/173/head,,,,,,,bdhirsh,,False,,65600975,"86941, 23377, None, None"
2318585727,williamwen42,[dynamo] improved graph break messages for some common graph break sites,open,2025-02-05T21:47:17Z,,,"module: dynamo, ciflow/inductor, release notes: dynamo, module: compile ux",gh/williamwen42/205/base,gh/williamwen42/205/head,,,,,,,,,False,,65600975,"86941, 23377, None, None"
2318558235,malfet,[BE][EZ][Metal] Do not pass tensor length as arg,closed,2025-02-05T21:26:46Z,,2025-02-06T00:03:44Z,"Merged, topic: not user facing, release notes: mps, ciflow/mps",gh/malfet/173/base,gh/malfet/173/head,,,,,,,kulinseth,,False,,65600975,"86941, 23377, None, None"
2318558156,malfet,[BE][EZ][Metal] Mark constant inputs as constant,closed,2025-02-05T21:26:43Z,,2025-02-06T00:03:43Z,"Merged, topic: not user facing, release notes: mps, ciflow/mps",gh/malfet/172/base,gh/malfet/172/head,,,,,,,kulinseth,,False,,65600975,"86941, 23377, None, None"
2318548214,jeffdaily,CUDA CachingHostAllocator tracks registrations to call correct free,open,2025-02-05T21:19:31Z,,,"triaged, open source, topic: not user facing",main,cuda_host_allocator_free,,,,,,,"eqy, syed-ahmed, zdevito",,False,,65600975,"86941, 23377, None, None"
2318516558,huydhn,Debug OIDC role on #139760,open,2025-02-05T20:56:57Z,,,"ciflow/trunk, release notes: releng, test-config/default",main,139760,,,,,,,,,True,,65600975,"86941, 23377, None, None"
2318399416,suo,[torch] fix exception types in custom class magic setattr/getattr,closed,2025-02-05T19:42:57Z,,2025-02-06T02:14:13Z,"oncall: jit, fb-exported, Merged, ciflow/trunk, release notes: jit",main,export-D69197217,,,,,,,,,False,,65600975,"86941, 23377, None, None"
2318395102,fenypatel99,add record function end callback in hccl,closed,2025-02-05T19:40:14Z,,2025-02-06T21:11:04Z,"oncall: distributed, fb-exported, release notes: distributed (c10d)",main,export-D69191139,,,,,,,,,False,,65600975,"86941, 23377, None, None"
2318387063,wz337,[DTensor][Test] Create a simple unit test for tensordot,closed,2025-02-05T19:35:29Z,,2025-02-11T21:57:58Z,"oncall: distributed, Merged, Reverted, ciflow/trunk, topic: not user facing, ci-no-td",main,tensordot,,,,,,,,,False,,65600975,"86941, 23377, None, None"
2318343587,xmfan,[dynamo] check for incompatible configs,closed,2025-02-05T19:09:40Z,,2025-02-10T00:44:26Z,"Merged, Reverted, ciflow/trunk, module: inductor, module: dynamo, ciflow/inductor, release notes: dynamo, ci-no-td",gh/xmfan/172/base,gh/xmfan/172/head,,,,,,,anijain2305,,False,,65600975,"86941, 23377, None, None"
2318308794,anmyachev,Fix `DispatchStub.cpp` compilation for gcc 14,closed,2025-02-05T18:51:17Z,,2025-02-13T15:22:01Z,"triaged, open source, module: dispatch, Merged, ciflow/trunk, topic: not user facing",main,patch-2,,,,,,,davidberard98,,False,,65600975,"86941, 23377, None, None"
2318300738,justinchuby,[ONNX] Bump torchlib opset to 22,open,2025-02-05T18:47:25Z,,,"open source, release notes: onnx",main,justinchu/torchlib-opset22,,,,,,,,,True,,65600975,"86941, 23377, None, None"
2318293664,XuehaiPan,[BE][CI][Easy] bump `ruff` to 0.9.0: long statements in docstrings,open,2025-02-05T18:43:13Z,,,"open source, ciflow/trunk, release notes: onnx, topic: not user facing, fx",gh/XuehaiPan/240/base,gh/XuehaiPan/240/head,,,,,,,"mikaylagawarecki, titaiwangms, shubhambhokare1, wschin, malfet, Skylion007",,False,,65600975,"86941, 23377, None, None"
2318244608,anijain2305,[dynamo][tests] Prepare for tightening fullgraph constraints,closed,2025-02-05T18:16:24Z,,2025-02-05T21:21:56Z,"ciflow/trunk, topic: not user facing, module: dynamo, ciflow/inductor",gh/anijain2305/670/base,gh/anijain2305/670/head,,,,,,,"jansel, zou3519",,False,,65600975,"86941, 23377, None, None"
2318147540,guilhermeleobas,Support contextlib.ExitStack,open,2025-02-05T17:22:12Z,,,"open source, module: dynamo, ciflow/inductor",gh/guilhermeleobas/107/base,gh/guilhermeleobas/107/head,,,,,,,,,True,,65600975,"86941, 23377, None, None"
2318147337,guilhermeleobas,Allow setting attribute to NestedUserFunctionVariable,open,2025-02-05T17:22:05Z,,,"open source, module: dynamo, ciflow/inductor",gh/guilhermeleobas/106/base,gh/guilhermeleobas/106/head,,,,,,,,,True,,65600975,"86941, 23377, None, None"
2318147131,guilhermeleobas,Introduce `UserDefinedExceptionClassVariable`,open,2025-02-05T17:21:58Z,,,"open source, module: dynamo, ciflow/inductor, release notes: dynamo",gh/guilhermeleobas/105/base,gh/guilhermeleobas/105/head,,,,,,,,,False,,65600975,"86941, 23377, None, None"
2318146942,guilhermeleobas,Create new dynamo ObservedExceptions at runtime,open,2025-02-05T17:21:52Z,,,"open source, module: dynamo, ciflow/inductor",gh/guilhermeleobas/104/base,gh/guilhermeleobas/104/head,,,,,,,,,True,,65600975,"86941, 23377, None, None"
2318146782,guilhermeleobas,Correctly propagate exception to parent tx,open,2025-02-05T17:21:46Z,,,"open source, module: dynamo, ciflow/inductor",gh/guilhermeleobas/103/base,gh/guilhermeleobas/103/head,,,,,,,,,True,,65600975,"86941, 23377, None, None"
2318146592,guilhermeleobas,Update CPython tests for ctx manager to use unittest,open,2025-02-05T17:21:40Z,,,"open source, topic: not user facing, module: dynamo, ciflow/inductor",gh/guilhermeleobas/102/base,gh/guilhermeleobas/102/head,,,,,,,,,True,,65600975,"86941, 23377, None, None"
2318146431,guilhermeleobas,Allow trace through unittest,open,2025-02-05T17:21:34Z,,,"open source, module: dynamo, ciflow/inductor, release notes: dynamo",gh/guilhermeleobas/101/base,gh/guilhermeleobas/101/head,,,,,,,,,True,,65600975,"86941, 23377, None, None"
2318146236,guilhermeleobas,Add `__context/cause/suppress_context/traceback__` to Exception,open,2025-02-05T17:21:27Z,,,"open source, module: dynamo, ciflow/inductor, release notes: dynamo",gh/guilhermeleobas/100/base,gh/guilhermeleobas/100/head,,,,,,,,,False,,65600975,"86941, 23377, None, None"
2318146024,guilhermeleobas,Add `sys.exc_info` and `sys.exception`,closed,2025-02-05T17:21:20Z,,2025-02-14T13:37:26Z,"open source, Merged, module: dynamo, ciflow/inductor, release notes: dynamo",gh/guilhermeleobas/99/base,gh/guilhermeleobas/99/head,,,,,,,,,False,,65600975,"86941, 23377, None, None"
2318145786,guilhermeleobas,Propagate `AttributeError` to user code in user_defined.py,open,2025-02-05T17:21:13Z,,,"open source, topic: not user facing, module: dynamo, ciflow/inductor",gh/guilhermeleobas/98/base,gh/guilhermeleobas/98/head,,,,,,,,,False,,65600975,"86941, 23377, None, None"
2318145590,guilhermeleobas,Handle `is`/`is not`,open,2025-02-05T17:21:06Z,,,"open source, module: dynamo, ciflow/inductor, release notes: dynamo",gh/guilhermeleobas/97/base,gh/guilhermeleobas/97/head,,,,,,,zou3519,,False,,65600975,"86941, 23377, None, None"
2318145334,guilhermeleobas,Fix round(...) with constants,closed,2025-02-05T17:20:59Z,,2025-02-10T15:08:11Z,"open source, Merged, ciflow/trunk, module: dynamo, ciflow/inductor, release notes: dynamo",gh/guilhermeleobas/96/base,gh/guilhermeleobas/96/head,,,,,,,,,False,,65600975,"86941, 23377, None, None"
2318145144,guilhermeleobas,Fix STOPITERATION_ERROR opcode,open,2025-02-05T17:20:54Z,,,"open source, module: dynamo, ciflow/inductor, release notes: dynamo",gh/guilhermeleobas/95/base,gh/guilhermeleobas/95/head,,,,,,,,,False,,65600975,"86941, 23377, None, None"
2318144953,guilhermeleobas,Add `RAISE_VARARGS 0`,closed,2025-02-05T17:20:47Z,,2025-02-14T13:37:28Z,"open source, Merged, ciflow/trunk, module: dynamo, ciflow/inductor, release notes: dynamo",gh/guilhermeleobas/94/base,gh/guilhermeleobas/94/head,,,,,,,,,False,,65600975,"86941, 23377, None, None"
2318144755,guilhermeleobas,Add `WITH_EXCEPT_START` opcode,closed,2025-02-05T17:20:40Z,,2025-02-14T13:37:27Z,"open source, Merged, module: dynamo, ciflow/inductor, release notes: dynamo",gh/guilhermeleobas/93/base,gh/guilhermeleobas/93/head,,,,,,,,,False,,65600975,"86941, 23377, None, None"
2318144567,guilhermeleobas,Add `make_dynamo_test`,closed,2025-02-05T17:20:34Z,,2025-02-12T22:54:32Z,"open source, Merged, ciflow/trunk, topic: not user facing, module: dynamo, ciflow/inductor",gh/guilhermeleobas/92/base,gh/guilhermeleobas/92/head,,,,,,,,,False,,65600975,"86941, 23377, None, None"
2318057729,zhxchen17,[export] Serialize special values of float into strings for json.,closed,2025-02-05T16:36:50Z,,2025-02-11T20:01:30Z,"fb-exported, Merged, ciflow/trunk, ciflow/inductor, release notes: export",main,export-D69186425,,,,,,,"avikchaudhuri, tugsbayasgalan, ydwu4, angelayi",,False,,65600975,"86941, 23377, None, None"
2318031160,umer066,Update code_template.py re.compile() is directly applied to the regex…,open,2025-02-05T16:23:56Z,,,"open source, topic: not user facing",main,patch-1,,,,,,,,,False,,65600975,"86941, 23377, None, None"
2318014823,zou3519,[opcheck] Improve error reporting; allow atol/rtol overrides,closed,2025-02-05T16:16:24Z,,2025-02-05T21:25:09Z,"Merged, ciflow/trunk, release notes: composability",gh/zou3519/1127/base,gh/zou3519/1127/head,,,,,,,,,False,,65600975,"86941, 23377, None, None"
2317920936,ILCSFNO,Update quantile doc,open,2025-02-05T15:33:15Z,,,"triaged, open source, release notes: python_frontend",main,patch-1,,,,,,,colesbury,,False,,65600975,"86941, 23377, None, None"
2317629459,albanD,Update addr doc,open,2025-02-05T13:29:04Z,,,topic: not user facing,main,albanD-patch-1,,,,,,,"antoniojkim, bdhirsh, ezyang, miladm, SherlockNoMad, jbschlosser",,False,,65600975,"86941, 23377, None, None"
2317615256,etaf,[WIP][Windows][Inductor] Enable Inductor UT on XPU Windows.,open,2025-02-05T13:22:21Z,,,"open source, topic: not user facing, module: inductor, module: dynamo, ciflow/inductor, keep-going, ciflow/xpu",gh/etaf/96/base,gh/etaf/96/head,,,,,,,,,True,,65600975,"86941, 23377, None, None"
2317558860,nikhil-arm,[Submodule]: Update KleidiAI submodule to v1.3.0,closed,2025-02-05T12:54:37Z,,2025-02-13T15:23:06Z,"module: cpu, open source, module: arm, Merged, ciflow/trunk, topic: not user facing",main,kleidiai_submodule_update,,,,,,,,,False,,65600975,"86941, 23377, None, None"
2317501586,maajidkhann,"Implement blend operation for float, double, int in VEC ATen backend for SVE",closed,2025-02-05T12:31:15Z,,2025-02-05T16:29:16Z,"module: cpu, open source, module: arm, Merged, ciflow/trunk, topic: bug fixes, release notes: intel",main,sve_blend_operator,,,,,,,,,False,,65600975,"86941, 23377, None, None"
2317456839,ankurneog,[c10d] Add hccl distributed backend to c10d data structures,open,2025-02-05T12:10:24Z,,,"oncall: distributed, triaged, open source, release notes: distributed (c10d)",main,c10d_add_hccl_to_backends,,,,,,,,,False,,65600975,"86941, 23377, None, None"
2317453981,taras-janea,Improve error handling when checking CUDA version in case nvcc is not found,open,2025-02-05T12:09:22Z,,,"module: windows, triaged, open source, release notes: fx",main,pytorch-101138,,,,,,,"fmassa, soumith, ezyang, malfet, eqy",,False,,65600975,"86941, 23377, None, None"
2317410674,nikhil-arm,[Feat]: Improve KleidiAI 4 bit kernel performance,closed,2025-02-05T11:50:00Z,,2025-02-10T21:31:00Z,"module: cpu, triaged, open source, module: arm, Merged, ciflow/trunk, topic: performance, release notes: intel",main,kleidiai_threading_improvement,,,,,,,digantdesai,,False,,65600975,"86941, 23377, None, None"
2317248251,yousoumar,fix: replace stderr with stdout for download messages in hub.py,closed,2025-02-05T10:29:29Z,,2025-02-10T10:46:13Z,"triaged, open source, Merged, ciflow/trunk, topic: not user facing",main,main,,,,,,,,,False,,65600975,"86941, 23377, None, None"
2317188026,zeshengzong,Fix torch.take_along_dim param type and default description,closed,2025-02-05T10:01:46Z,,2025-02-10T01:19:32Z,"triaged, open source, Merged, ciflow/trunk, release notes: python_frontend",main,opt/docs/take_along_dim,,,,,,,,,False,,65600975,"86941, 23377, None, None"
2316993168,angelayi,[export] Fix logger handler,closed,2025-02-05T08:28:27Z,,2025-02-13T17:01:13Z,"fb-exported, release notes: export",main,export-D69169179,,,,,,,"avikchaudhuri, tugsbayasgalan, zhxchen17, ydwu4",,False,,65600975,"86941, 23377, None, None"
2316931133,AnantGulati,Refactoring pipeline parallelism test cases to be device agnostic [1/n],closed,2025-02-05T07:53:31Z,,2025-02-11T00:13:25Z,"oncall: distributed, triaged, open source, Merged, ciflow/trunk, topic: not user facing, module: pipelining",main,AnantGulati_pipeline_refactoring,,,,,,,,,False,,65600975,"86941, 23377, None, None"
2316833011,zeshengzong,Fix torch.nn.functional.one_hot param num_classes optional description,closed,2025-02-05T06:54:55Z,,2025-02-06T07:48:07Z,"open source, Merged, ciflow/trunk, topic: not user facing",main,opt/docs/one_hot,,,,,,,"jbschlosser, mikaylagawarecki",,False,,65600975,"86941, 23377, None, None"
2316588305,yifuwang,Fix an issue where functional collectives don't force fx stride on inputs when compiled,closed,2025-02-05T03:54:36Z,,2025-02-10T19:15:54Z,"oncall: distributed, Merged, ciflow/trunk, release notes: distributed (c10d), module: inductor, ciflow/inductor",gh/yifuwang/193/base,gh/yifuwang/193/head,,,,,,,,,False,,65600975,"86941, 23377, None, None"
2316518121,zeshengzong,Fix one_hot inconsistent errors after compile,open,2025-02-05T02:47:27Z,,,"triaged, open source, topic: not user facing, module: dynamo",main,fix/aten/one_hot,,,,,,,,,False,,65600975,"86941, 23377, None, None"
2316486533,dcci,[MPS] Implement support for zeta (both eager and inductor).,closed,2025-02-05T02:14:01Z,,2025-02-05T13:55:52Z,"Merged, topic: improvements, module: mps, release notes: mps, ciflow/mps, module: inductor, ciflow/inductor",main,zeta-mps,,,,,,,"jansel, kulinseth",,False,,65600975,"86941, 23377, None, None"
2316447211,angelayi,[symbolic shapes] Log id for each SymNode,closed,2025-02-05T01:32:37Z,,2025-02-13T17:01:21Z,"release notes: fx, fx, ciflow/inductor",main,angelayi/provenance_id,,,,,,,,,True,,65600975,"86941, 23377, None, None"
2316435252,ydwu4,[inductor] fix custom op returning unbacked symint,closed,2025-02-05T01:19:02Z,,2025-02-06T19:35:47Z,"topic: not user facing, module: inductor, ciflow/inductor",gh/ydwu4/206/base,gh/ydwu4/206/head,,,,,,,,,False,,65600975,"86941, 23377, None, None"
2316431410,ColinPeppler,[aotinductor] add option to disable runtime assertions,closed,2025-02-05T01:14:02Z,,2025-02-05T23:55:21Z,"topic: not user facing, module: inductor, ciflow/inductor",gh/ColinPeppler/62/base,gh/ColinPeppler/62/head,,,,,,,"chenyang78, desertfire",,False,,65600975,"86941, 23377, None, None"
2316424100,eqy,[CUDA][SDPA] Compute reference in `test_triton_scaled_dot_product_attention_block_size_16_cuda_float32` in `float64`,closed,2025-02-05T01:05:37Z,,2025-02-06T23:28:59Z,"module: sparse, module: cuda, triaged, open source, Merged, ciflow/trunk, topic: not user facing, module: sdpa",main,eqy-patch-4,,,,,,,cpuhrsch,,False,,65600975,"86941, 23377, None, None"
2316403258,malfet,[MPSInductor] Scope-down test_prod running in MPS,closed,2025-02-05T00:43:43Z,,2025-02-05T01:47:05Z,"Merged, topic: not user facing, ciflow/mps, module: inductor, ciflow/inductor",gh/malfet/171/base,gh/malfet/171/head,,,,,,,,,False,,65600975,"86941, 23377, None, None"
2316396197,malfet,[MPS] Add error checking when dispatching kernel,closed,2025-02-05T00:36:07Z,,2025-02-05T02:56:42Z,"Merged, topic: improvements, release notes: mps, ciflow/mps",gh/malfet/170/base,gh/malfet/170/head,,,,,,,"kulinseth, Skylion007",,False,,65600975,"86941, 23377, None, None"
2316386161,wdvr,Fix workarea compute in lapackSyevd,closed,2025-02-05T00:24:37Z,,2025-02-10T21:29:52Z,"Merged, ciflow/trunk, release notes: linalg_frontend",main,wdvr/iss_145801,,,,,,,"lezcano, nikitaved, IvanYashchuk",,False,,65600975,"86941, 23377, None, None"
2316385539,masnesral,[logging] Save compile state in CompiledFxGraph and make it available at runtime,open,2025-02-05T00:23:56Z,,,"topic: not user facing, module: inductor, module: dynamo, ciflow/inductor",gh/masnesral/176/base,gh/masnesral/176/head,,,,,,,"jamesjwu, eellison, ppanchalia",,False,,65600975,"86941, 23377, None, None"
2316350636,anijain2305,[dynamo][fullgraph] Raise NoGraphError if no graph with fullgraph=True,closed,2025-02-04T23:50:47Z,,2025-02-14T23:32:40Z,"ciflow/trunk, topic: not user facing, module: dynamo, ciflow/inductor",gh/anijain2305/669/base,gh/anijain2305/669/head,,,,,,,,,True,,65600975,"86941, 23377, None, None"
2316328260,dmwu,revert PTD's change that leads to signature mismatch of printNcclCommProxyTrace,closed,2025-02-04T23:33:10Z,,2025-02-07T22:43:54Z,"oncall: distributed, fb-exported, Merged, ciflow/trunk, release notes: distributed (c10d)",main,export-D69149588,,,,,,,,,False,,65600975,"86941, 23377, None, None"
2316293172,benjaminglass1,cpp_wrapper: enable all CI inductor tests,closed,2025-02-04T22:58:10Z,,2025-02-12T16:06:41Z,"open source, topic: not user facing, module: inductor, ciflow/inductor, keep-going, ci-no-test-timeout",gh/benjaminglass1/66/base,gh/benjaminglass1/66/head,,,,,,,,,True,,65600975,"86941, 23377, None, None"
2316261052,c00w,"distributed; If we are in fbcode, set a default log_line_prefix_template of",closed,2025-02-04T22:28:18Z,,2025-02-06T00:05:37Z,"oncall: distributed, topic: not user facing, module: dynamo, ciflow/inductor",gh/c00w/36/base,gh/c00w/36/head,,,,,,,,,False,,65600975,"86941, 23377, None, None"
2316235769,benjaminglass1,cpp_wrapper: handle mixed-device C-shim fallbacks,closed,2025-02-04T22:07:25Z,,2025-02-12T23:21:07Z,"open source, Merged, ciflow/trunk, topic: not user facing, module: inductor, ciflow/inductor",gh/benjaminglass1/65/base,gh/benjaminglass1/65/head,,,,,,,,,False,,65600975,"86941, 23377, None, None"
2316222083,amd-hhashemi,[ROCm] Indexing perf optimization via Unroll/WideFetch/IdxReuse/OneDupOpt,open,2025-02-04T21:56:59Z,,,"module: rocm, triaged, open source, release notes: cuda, ciflow/rocm",main,main,,,,,,,"eqy, syed-ahmed, jeffdaily",,False,,65600975,"86941, 23377, None, None"
2316216903,clee2000,Fix workflow for closing nonexistent disable issues,closed,2025-02-04T21:53:06Z,,2025-02-05T22:29:08Z,"Merged, topic: not user facing",main,csl/fix_close_nonexistent,,,,,,,,,False,,65600975,"86941, 23377, None, None"
2316166365,Fuzzkatt,fix tf32 issue in test_inductor_freezing.py unit tests,closed,2025-02-04T21:18:52Z,,2025-02-06T23:34:33Z,"triaged, open source, Merged, ciflow/trunk, topic: not user facing, module: inductor, ciflow/inductor",main,Fuzzkatt/fix_tf32_issue_in_test_inductor_freezing,,,,,,,,,False,,65600975,"86941, 23377, None, None"
2316129104,albanD,Stop poisoning fork on Dataloader creation when pin_memory is enabled,open,2025-02-04T20:54:13Z,,,"release notes: dataloader, topic: bug fixes",main,fix_dataloader,,,,,,,"mikaylagawarecki, divyanshk",,False,,65600975,"86941, 23377, None, None"
2316123258,henryhu6,[TreeSpec] Add custom comparision function,closed,2025-02-04T20:50:25Z,,2025-02-07T22:39:23Z,"fb-exported, Merged, ciflow/trunk, topic: not user facing",main,export-D69137706,,,,,,,,,False,,65600975,"86941, 23377, None, None"
2315998732,zhxchen17,[sigmoid] Implement a OSS only model runner.,closed,2025-02-04T19:38:20Z,,2025-02-10T18:54:08Z,"fb-exported, Merged, ciflow/trunk, ciflow/inductor, release notes: export",main,export-D68846877,,,,,,,"avikchaudhuri, tugsbayasgalan, ydwu4, angelayi",,False,,65600975,"86941, 23377, None, None"
2315976152,gmagogsfm,[Codemod][AddExplicitStrictExportArg] caffe2/torch,closed,2025-02-04T19:24:39Z,,2025-02-05T22:56:57Z,"fb-exported, Merged, ciflow/trunk, topic: not user facing, fx, module: inductor, module: dynamo, ciflow/inductor",main,export-D69068432,,,,,,,,,False,,65600975,"86941, 23377, None, None"
2315948918,pianpwk,[export] make stack_trace optional in insert_custom_op_guards,closed,2025-02-04T19:10:14Z,,2025-02-06T01:48:28Z,"fb-exported, Merged, ciflow/trunk, ciflow/inductor, release notes: export",main,export-D69132186,,,,,,,"avikchaudhuri, tugsbayasgalan, zhxchen17, ydwu4",,False,,65600975,"86941, 23377, None, None"
2315925685,avikchaudhuri,Revert D68880766,closed,2025-02-04T18:56:04Z,,2025-02-06T21:07:04Z,"fb-exported, ciflow/trunk, ciflow/inductor, release notes: export",main,export-D69129334,,,,,,,"tugsbayasgalan, zhxchen17, ydwu4, angelayi",,False,,65600975,"86941, 23377, None, None"
2315922490,malfet,[Testing] Reduce `test_exp` flakiness,open,2025-02-04T18:54:11Z,,,"Merged, Reverted, topic: not user facing, ciflow/mps, module: inductor, ciflow/inductor, ci-no-td",gh/malfet/169/base,gh/malfet/169/head,,,,,,,,,False,,65600975,"86941, 23377, None, None"
2315854962,malfet,[MPSInductor] Implement `argmax`/`argmin`,closed,2025-02-04T18:15:04Z,,2025-02-04T19:16:08Z,"Merged, topic: not user facing, ciflow/mps, module: inductor, ciflow/inductor",gh/malfet/168/base,gh/malfet/168/head,,,,,,,jansel,,False,,65600975,"86941, 23377, None, None"
2315854863,malfet,[Metal] Small speedup for `sum`/`prod`,closed,2025-02-04T18:15:00Z,,2025-02-04T19:10:37Z,"Merged, topic: not user facing, ciflow/mps",gh/malfet/167/base,gh/malfet/167/head,,,,,,,,,False,,65600975,"86941, 23377, None, None"
2315840991,vkuzo,add the `torch.float8_e8m0fnu` dtype to PyTorch,open,2025-02-04T18:07:11Z,,,"module: cpu, release notes: quantization, module: float8",main,gh/vkuzo/1/head,,,,,,,"eqy, syed-ahmed, jerryzh168, malfet, albanD, drisspg, mikaylagawarecki",,False,,65600975,"86941, 23377, None, None"
2315840396,rec,Test typing of arithmetic operators on Tensor (see #145838),closed,2025-02-04T18:06:50Z,,2025-02-10T12:19:58Z,"open source, Merged, ciflow/trunk, topic: not user facing",gh/rec/131/base,gh/rec/131/head,,,,,,,,,False,,65600975,"86941, 23377, None, None"
2315837915,justinchuby,[ONNX] Create deprecation warning on dynamo_export,closed,2025-02-04T18:05:19Z,,2025-02-11T18:58:55Z,"module: onnx, open source, Merged, Reverted, ciflow/trunk, release notes: onnx, topic: deprecation, ci-no-td",main,justinchu/deprecation2,,,,,,,"shubhambhokare1, wschin",,False,,65600975,"86941, 23377, None, None"
2315836017,benjaminglass1,cpp_wrapper: fix test_torchinductor* tests,open,2025-02-04T18:04:13Z,,,"module: cpu, open source, topic: not user facing, module: inductor, ciflow/inductor",gh/benjaminglass1/64/base,gh/benjaminglass1/64/head,,,,,,,desertfire,,False,,65600975,"86941, 23377, None, None"
2315833322,malfet,[Metal][BE] Add `#pragma once` to all headers,closed,2025-02-04T18:02:39Z,,2025-02-04T19:10:36Z,"Merged, ciflow/trunk, topic: not user facing, ciflow/mps",gh/malfet/166/base,gh/malfet/166/head,,,,,,,,,False,,65600975,"86941, 23377, None, None"
2315793296,dcci,[metal] Add a missing cast to make the call to copysign unambiguous.,closed,2025-02-04T17:43:56Z,,2025-02-04T22:04:27Z,"Merged, topic: not user facing, module: mps, ciflow/mps",main,missing-cast-copysign,,,,,,,"jansel, malfet",,False,,65600975,"86941, 23377, None, None"
2315776188,bobrenjc93,experimental specialization logging,open,2025-02-04T17:34:46Z,,,"ciflow/trunk, release notes: fx, fx, ciflow/inductor",gh/bobrenjc93/270/base,gh/bobrenjc93/270/head,,,,,,,,,True,,65600975,"86941, 23377, None, None"
2315759086,doru1004,[ROCm] Enable tunable warp size for stride one indexing backwards kernel,open,2025-02-04T17:24:38Z,,,"module: rocm, triaged, open source, topic: not user facing, ciflow/periodic, rocm, ciflow/rocm",main,improve-backwards-indexing-with-stride-1,,,,,,,"eqy, syed-ahmed, jeffdaily",,False,,65600975,"86941, 23377, None, None"
2315688070,Skylion007,[BE]: Add TypeVarTuple to RNN Args for better type inference,open,2025-02-04T16:46:07Z,,,open source,main,skylion007/typevartuple-nn-rnn-2025-02-04,,,,,,,,,True,,65600975,"86941, 23377, None, None"
2315636516,jamesjwu,"Only call triton in worker process, kick off worker processes earlier, during inductor codegen",closed,2025-02-04T16:20:19Z,,2025-02-11T03:46:19Z,"fb-exported, Merged, ciflow/trunk, topic: not user facing, module: inductor, ciflow/inductor",gh/jamesjwu/106/base,gh/jamesjwu/106/head,,,,,,,"aorenste, oulgen, masnesral",,False,,65600975,"86941, 23377, None, None"
2315624612,jamesjwu,"Only call triton in worker process, ahead of time compile",open,2025-02-04T16:14:20Z,,,"fb-exported, module: inductor, ciflow/inductor",gh/jamesjwu/105/base,gh/jamesjwu/105/head,,,,,,,,,True,,65600975,"86941, 23377, None, None"
2315582641,bobrenjc93,add support for capturing provenance of unary operations,closed,2025-02-04T15:57:14Z,,2025-02-05T08:31:40Z,"Merged, Reverted, ciflow/trunk, release notes: fx, topic: not user facing, fx, ciflow/inductor, ci-no-td",gh/bobrenjc93/269/base,gh/bobrenjc93/269/head,,,,,,,,,False,,65600975,"86941, 23377, None, None"
2315582532,bobrenjc93,use DTRACE_ENV_VAR as the trace logs directory of set,closed,2025-02-04T15:57:11Z,,2025-02-04T20:55:35Z,"Merged, ciflow/trunk, topic: not user facing",gh/bobrenjc93/268/base,gh/bobrenjc93/268/head,,,,,,,,,False,,65600975,"86941, 23377, None, None"
2315560472,Skylion007,[BE][Ez]: Enable ruff rule E731. use `def` instead of anonymous lambda ,closed,2025-02-04T15:46:52Z,,2025-02-05T01:44:44Z,"open source, Merged, ciflow/trunk, topic: not user facing",main,skylion007/enable-ruff-E731-2025-02-04,,,,,,,malfet,,False,,65600975,"86941, 23377, None, None"
2315484693,Skylion007,[BE][Ez]: ISC001 Auto concatenate implicit one line strings,closed,2025-02-04T15:13:51Z,,2025-02-04T19:07:07Z,"oncall: distributed, oncall: jit, open source, better-engineering, Merged, ciflow/trunk, release notes: distributed (fsdp), fx, module: dynamo, ciflow/inductor",main,skylion007/apply-ISC001-implicit-concat-2025-02-04,,,,,,,"andrewkho, divyanshk, zou3519, titaiwangms, shubhambhokare1, wschin, albanD, jbschlosser, mikaylagawarecki, malfet, lezcano",,False,,65600975,"86941, 23377, None, None"
2315337168,jataylo,[ROCm] Unskip std:bad_alloc failures,closed,2025-02-04T14:14:17Z,,2025-02-10T11:01:59Z,"module: rocm, triaged, open source, Merged, ciflow/trunk, topic: not user facing, module: inductor, ciflow/inductor, ciflow/rocm",main,unskip-bad-alloc,,,,,,,,,False,,65600975,"86941, 23377, None, None"
2315235909,Xeonacid,Only enable aotriton on x86_64 and aarch64,open,2025-02-04T13:33:47Z,,,"triaged, open source, topic: not user facing",main,patch-1,,,,,,,"malfet, drisspg",,False,,65600975,"86941, 23377, None, None"
2315185189,michael-diggin,Small improvements to NJT matrix multiplies,closed,2025-02-04T13:16:54Z,,2025-02-06T04:51:15Z,"triaged, open source, Merged, ciflow/trunk, topic: bug fixes, release notes: nested tensor",main,njt-matmul-fixes,,,,,,,,,False,,65600975,"86941, 23377, None, None"
2315146075,cyyever,Use std::string_view,open,2025-02-04T12:59:16Z,,,"open source, topic: not user facing",main,string_view_gen2,,,,,,,,,True,,65600975,"86941, 23377, None, None"
2315021924,cyyever,[2/N] Remove NOLINT suppressions,closed,2025-02-04T12:12:42Z,,2025-02-05T08:38:55Z,"oncall: jit, triaged, open source, Merged, release notes: cpp",main,MOLINTFIX2,,,,,,,Skylion007,,False,,65600975,"86941, 23377, None, None"
2314568106,Aidyn-A,[TEST][Sparse] Force CUTLASS backend in TestSparseSemiStructuredCUTLASS,closed,2025-02-04T09:11:55Z,,2025-02-04T22:07:15Z,"module: sparse, module: cuda, module: tests, open source, Merged, ciflow/trunk, topic: not user facing",main,fix_test_sparse_semi_structured,,,,,,,drisspg,,False,,65600975,"86941, 23377, None, None"
2314481328,XilunWu,[2/N][cp][example] flex attention in context parallel (backward pass),closed,2025-02-04T08:24:05Z,,2025-02-06T19:51:11Z,"oncall: distributed, Merged, ciflow/trunk, topic: not user facing, ciflow/inductor, module: context parallel",gh/XilunWu/113/base,gh/XilunWu/113/head,,,,,,,,,False,,65600975,"86941, 23377, None, None"
2314287198,malfet,[MPSInductor] Implement `prod` reduction,closed,2025-02-04T06:20:42Z,,2025-02-04T14:08:07Z,"Merged, topic: not user facing, ciflow/mps, module: inductor, ciflow/inductor",gh/malfet/165/base,gh/malfet/165/head,,,,,,,jansel,,False,,65600975,"86941, 23377, None, None"
2314232947,anijain2305,[dynamo][builtin-skipfile-cleanup] Remove random,open,2025-02-04T05:35:35Z,,,"module: dynamo, ciflow/inductor, keep-going",gh/anijain2305/668/base,gh/anijain2305/668/head,,,,,,,,,False,,65600975,"86941, 23377, None, None"
2314173129,henrylhtsang,[cpp_builder] refactor to reduce libcudart_static logs,closed,2025-02-04T04:41:58Z,,2025-02-05T00:41:33Z,"fb-exported, Merged, ciflow/trunk, topic: not user facing, module: inductor, ciflow/inductor",main,export-D69096354,,,,,,,"desertfire, xuhancn, Skylion007",,False,,65600975,"86941, 23377, None, None"
2314146018,aorenste,PEP585: More fixes 2,open,2025-02-04T04:20:02Z,,,"oncall: distributed, oncall: jit, release notes: quantization, fx, ciflow/inductor, release notes: AO frontend",gh/aorenste/217/base,gh/aorenste/217/head,,,,,,,,,True,,65600975,"86941, 23377, None, None"
2314145951,aorenste,PEP585: More fixes,open,2025-02-04T04:19:56Z,,,"release notes: onnx, module: inductor, module: dynamo, ciflow/inductor",gh/aorenste/216/base,gh/aorenste/216/head,,,,,,,,,True,,65600975,"86941, 23377, None, None"
2314145883,aorenste,PEP585: Add noqa to necessary tests,closed,2025-02-04T04:19:51Z,,2025-02-12T15:29:55Z,"Merged, ciflow/trunk, topic: not user facing",gh/aorenste/215/base,gh/aorenste/215/head,,,,,,,"bobrenjc93, titaiwangms, shubhambhokare1, wschin, soulitzer, albanD",,False,,65600975,"86941, 23377, None, None"
2314083842,malfet,[MPSInductor] Implement `min` and `max` reductions,closed,2025-02-04T03:09:54Z,,2025-02-04T14:04:13Z,"Merged, topic: not user facing, ciflow/mps, module: inductor, ciflow/inductor",gh/malfet/164/base,gh/malfet/164/head,,,,,,,,,False,,65600975,"86941, 23377, None, None"
2314070803,eqy,[WIP][CUDA][cuDNN] Experimental `cudnn_rms_norm`,open,2025-02-04T02:55:56Z,,,"module: cudnn, module: cuda, open source, module: norms and normalization, topic: not user facing",main,cudnnrmsforward,,,,,,,"syed-ahmed, soulitzer",,False,,65600975,"86941, 23377, None, None"
2314064521,apakbin,[ROCm] TopK optimizations for AMD GPUs,open,2025-02-04T02:49:19Z,,,"module: rocm, open source, ciflow/trunk, topic: not user facing, rocm, rocm priority, ciflow/rocm, ciflow/inductor-rocm",main,topk_rocm_tune,,,,,,,"eqy, syed-ahmed",,False,,65600975,"86941, 23377, None, None"
2314058206,xmfan,[ca] refactor compile reasons and log to tlparse,closed,2025-02-04T02:42:06Z,,2025-02-05T23:33:24Z,"Merged, ciflow/trunk, module: inductor, module: dynamo, ciflow/inductor, release notes: dynamo, module: compiled autograd",gh/xmfan/171/base,gh/xmfan/171/head,,,,,,,,,False,,65600975,"86941, 23377, None, None"
2314045705,EikanWang,[WIP] Confirm XPU Regression,closed,2025-02-04T02:32:40Z,,2025-02-11T07:05:39Z,"triaged, open source, topic: not user facing, ciflow/xpu",gh/EikanWang/74/base,gh/EikanWang/74/head,,,,,,,,,True,,65600975,"86941, 23377, None, None"
2314027588,desertfire,[Experiment] Fix an unaligned memory access issue in mm_template,closed,2025-02-04T02:18:06Z,,2025-02-04T13:00:58Z,"topic: not user facing, module: inductor, ciflow/inductor-rocm",gh/desertfire/536/base,gh/desertfire/536/head,,,,,,,,,False,,65600975,"86941, 23377, None, None"
2314010619,dcci,[Metal][BE] Fix the arguments of `polygamma`,closed,2025-02-04T01:57:36Z,,2025-02-04T06:40:36Z,"Merged, topic: not user facing, module: mps, ciflow/mps, module: inductor, ciflow/inductor",main,fix-polygamma-args,,,,,,,kulinseth,,False,,65600975,"86941, 23377, None, None"
2314009843,pianpwk,[dynamic shapes][real tensor tracing] propagate unbacked hint when creating mod replacement,closed,2025-02-04T01:56:35Z,,2025-02-06T01:48:43Z,"Merged, ciflow/trunk, release notes: fx, fx, ciflow/inductor",main,pianpwk/unbacked_mod_hint,,,,,,,"avikchaudhuri, bobrenjc93",,False,,65600975,"86941, 23377, None, None"
2314000652,malfet,[MPSInductor] Add support for `sum` reduction,closed,2025-02-04T01:44:31Z,,2025-02-04T06:23:47Z,"Merged, topic: not user facing, ciflow/mps, module: inductor, ciflow/inductor",gh/malfet/163/base,gh/malfet/163/head,,,,,,,,,False,,65600975,"86941, 23377, None, None"
2313973447,jackzhxng,Re-add stft option to align window for center = false,closed,2025-02-04T01:13:13Z,,2025-02-06T14:07:19Z,"Merged, ciflow/trunk, release notes: onnx, ciflow/slow",main,jz/stft-test,,,,,,,"titaiwangms, shubhambhokare1, wschin",,False,,65600975,"86941, 23377, None, None"
2313970046,tinglvv,[aarch64] CUDA 12.8 aarch64 builds to nightly binaries,closed,2025-02-04T01:09:17Z,,2025-02-05T02:55:24Z,"open source, Merged, ciflow/binaries, ciflow/trunk, topic: not user facing",main,cu128-armbuild,,,,,,,,,False,,65600975,"86941, 23377, None, None"
2313956946,d4l3k,PyWork: preserve Python reference counting when used in functional collectives,closed,2025-02-04T00:54:06Z,,2025-02-07T18:07:56Z,"oncall: distributed, Merged, ciflow/trunk, release notes: distributed (c10d)",main,d4l3k/py_work_register,,,,,,,"fegin, H-Huang, c-p-i-o",,False,,65600975,"86941, 23377, None, None"
2313951367,jansel,[inductor] Remove SimplifyIndexing pass in codegen,closed,2025-02-04T00:47:29Z,,2025-02-05T00:54:45Z,"topic: not user facing, module: inductor, ciflow/inductor",gh/jansel/501/base,gh/jansel/501/head,,,,,,,,,True,,65600975,"86941, 23377, None, None"
2313949614,mlazos,[Dynamo] Fix spammy optimizer warning,closed,2025-02-04T00:45:35Z,,2025-02-05T01:03:51Z,"Merged, ciflow/trunk, module: dynamo, ciflow/inductor, release notes: dynamo",main,mlazos/opt-warn,,,,,,,,,False,,65600975,"86941, 23377, None, None"
2313947388,jansel,[inductor] Pre-populate cache for simplify_with_ranges return value,closed,2025-02-04T00:42:58Z,,2025-02-08T18:00:58Z,"Merged, Reverted, ciflow/trunk, topic: not user facing, module: inductor, ciflow/inductor, ci-no-td",gh/jansel/500/base,gh/jansel/500/head,,,,,,,,,False,,65600975,"86941, 23377, None, None"
2313940608,drisspg,[Submodule] Turning flash-attention integration into 3rd party submod (#144120),open,2025-02-04T00:34:54Z,,,"fb-exported, ciflow/trunk, topic: not user facing, skip-pr-sanity-checks, ciflow/inductor, suppress-bc-linter, module: sdpa",main,export-D68502879,,,,,,,"albanD, soulitzer",,False,,65600975,"86941, 23377, None, None"
2313935014,malfet,[MPSInductor] Add support for any reduction,closed,2025-02-04T00:28:52Z,,2025-02-04T02:45:05Z,"Merged, topic: not user facing, ciflow/mps, module: inductor, ciflow/inductor",gh/malfet/162/base,gh/malfet/162/head,,,,,,,,,False,,65600975,"86941, 23377, None, None"
2313934940,malfet,[MPSInductor] Prep change for reduction support,closed,2025-02-04T00:28:47Z,,2025-02-04T02:38:10Z,"Merged, topic: not user facing, ciflow/mps, module: inductor, ciflow/inductor",gh/malfet/161/base,gh/malfet/161/head,,,,,,,,,False,,65600975,"86941, 23377, None, None"
2313910138,StrongerXi,[dynamo] Initial support for `mark_traceable`,open,2025-02-04T00:05:53Z,,,"module: dynamo, ciflow/inductor, release notes: dynamo",gh/StrongerXi/81/base,gh/StrongerXi/81/head,,,,,,,anijain2305,,False,,65600975,"86941, 23377, None, None"
2313883817,dcci,[mps/inductor] Adjust more tests that expect float64 as input.,closed,2025-02-03T23:39:25Z,,2025-02-04T00:48:05Z,"Merged, topic: not user facing, module: mps, ciflow/mps, module: inductor, ciflow/inductor",main,float64-more-tests,,,,,,,jansel,,False,,65600975,"86941, 23377, None, None"
2313874007,henrylhtsang,[RFC][LOGS] Add options to show cutlass logs,closed,2025-02-03T23:30:11Z,,2025-02-04T22:28:17Z,"fb-exported, topic: not user facing, module: dynamo, ciflow/inductor",main,export-D69082809,,,,,,,"chenyang78, mlazos, Chillee, masnesral, ColinPeppler",,False,,65600975,"86941, 23377, None, None"
2313834151,wz337,[DeviceMesh] Add some documentation for `from_group` API and add a 2D test,open,2025-02-03T22:54:40Z,,,"oncall: distributed, module: dtensor, release notes: distributed (dtensor)",main,add_from_group_doc_and_test,,,,,,,,,False,,65600975,"86941, 23377, None, None"
2313828914,bobrenjc93,print out partial fx graph for all data-dependent errors,closed,2025-02-03T22:50:06Z,,2025-02-06T04:21:36Z,"Merged, ciflow/trunk, release notes: fx, fx, module: dynamo, ciflow/inductor",gh/bobrenjc93/267/base,gh/bobrenjc93/267/head,,,,,,,"avikchaudhuri, laithsakka",,False,,65600975,"86941, 23377, None, None"
2313800871,jackzhxng,Jz/test old stft,closed,2025-02-03T22:30:34Z,,2025-02-04T01:29:02Z,"release notes: onnx, ciflow/slow",main,jz/test-old-stft,,,,,,,"titaiwangms, shubhambhokare1, justinchuby, wschin",,False,,65600975,"86941, 23377, None, None"
2313764375,naromero77amd,[ROCm][TunableOp] Support leading dimensions in TunableOp signature.,closed,2025-02-03T22:14:17Z,,2025-02-04T10:27:46Z,"module: rocm, open source, Merged, ciflow/trunk, topic: not user facing, ciflow/rocm",main,rocm_tunableop_ld,,,,,,,"eqy, syed-ahmed, leitian",,False,,65600975,"86941, 23377, None, None"
2313752948,zou3519,[Dynamo] Better unsupported message for Fake Tensor Exception,closed,2025-02-03T22:09:26Z,,2025-02-04T18:52:14Z,"Merged, ciflow/trunk, topic: not user facing, module: dynamo, ciflow/inductor",gh/zou3519/1126/base,gh/zou3519/1126/head,,,,,,,anijain2305,,False,,65600975,"86941, 23377, None, None"
2313739044,henrylhtsang,[cutlass backend] fix bug for accuminator dtype,closed,2025-02-03T22:03:13Z,,2025-02-10T18:21:00Z,"Merged, Reverted, ciflow/trunk, topic: not user facing, module: inductor, ciflow/inductor, ci-no-td",gh/henrylhtsang/2/base,gh/henrylhtsang/2/head,,,,,,,"bertmaher, ColinPeppler, masnesral",,False,,65600975,"86941, 23377, None, None"
2313735890,williamwen42,[dynamo] replace hardcoded eval frame control flags skip_code_recursive_flag/cache_limit_hit_flag,open,2025-02-03T22:01:46Z,,,"topic: not user facing, module: dynamo, ciflow/inductor",gh/williamwen42/204/base,gh/williamwen42/204/head,,,,,,,anijain2305,,False,,65600975,"86941, 23377, None, None"
2313730796,Chillee,Remove fp16 accumulation default from inductor cutlass backend,closed,2025-02-03T21:59:28Z,,2025-02-05T01:13:44Z,"module: inductor, ciflow/inductor",gh/chillee/380/base,gh/chillee/380/head,,,,,,,ezyang,,False,,65600975,"86941, 23377, None, None"
2313702291,dmpots,Fix assertion failure in gemm template lowering,closed,2025-02-03T21:46:40Z,,2025-02-08T01:52:23Z,"fb-exported, Merged, ciflow/trunk, topic: not user facing, module: inductor, ciflow/inductor",main,export-D68814625,,,,,,,,,False,,65600975,"86941, 23377, None, None"
2313663995,ankitageorge,Build a storage reader/writer to write checkpoints in HF format,open,2025-02-03T21:20:40Z,,,"oncall: distributed, fb-exported, ciflow/trunk, module: distributed_checkpoint",main,export-D68444967,,,,,,,"pradeepfn, MeetVadakkanchery",,False,,65600975,"86941, 23377, None, None"
2313653380,angelayi,[export] Fix requires_grad deserialization,closed,2025-02-03T21:13:31Z,,2025-02-04T08:02:42Z,"fb-exported, Merged, ciflow/trunk, ciflow/inductor, release notes: export",main,export-D69072095,,,,,,,"avikchaudhuri, tugsbayasgalan, ydwu4",,False,,65600975,"86941, 23377, None, None"
2313622956,jamesjwu,"Only call triton in worker process, ahead of time compile",closed,2025-02-03T20:54:02Z,,2025-02-04T16:24:07Z,"fb-exported, ciflow/trunk, topic: not user facing, module: inductor, ciflow/inductor",main,export-D69070616,,,,,,,,,False,,65600975,"86941, 23377, None, None"
2313619545,jamesjwu,"Only call triton in worker process, ahead of time compile",closed,2025-02-03T20:51:49Z,,2025-02-03T20:53:12Z,"module: inductor, ciflow/inductor",gh/jamesjwu/104/base,gh/jamesjwu/104/head,,,,,,,,,False,,65600975,"86941, 23377, None, None"
2313613569,jamesjwu,Only call triton in worker process; run async_compile.triton ahead of time in Scheduler.codegen,closed,2025-02-03T20:48:17Z,,2025-02-03T20:49:06Z,"module: inductor, ciflow/inductor",gh/jamesjwu/103/base,gh/jamesjwu/103/head,,,,,,,,,False,,65600975,"86941, 23377, None, None"
2313611188,jamesjwu,Only call triton in worker process; run async_compile.triton ahead of time in Scheduler.codegen,open,2025-02-03T20:46:41Z,,,"module: inductor, ciflow/inductor",gh/jamesjwu/102/base,gh/jamesjwu/102/head,,,,,,,,,True,,65600975,"86941, 23377, None, None"
2313580522,anijain2305,[dynamo] Support functools.partial variables through inspect.signature,closed,2025-02-03T20:26:41Z,,2025-02-04T04:39:42Z,"Merged, ciflow/trunk, topic: not user facing, module: dynamo, ciflow/inductor",gh/anijain2305/667/base,gh/anijain2305/667/head,,,,,,,"zou3519, williamwen42, StrongerXi",,False,,65600975,"86941, 23377, None, None"
2313572600,huydhn,Honor Dr.CI classification results on auto commit hash update,closed,2025-02-03T20:22:29Z,,2025-02-06T20:33:41Z,"Merged, topic: not user facing, test-config/default",main,relax-commit-pin-update-rule,,,,,,,"malfet, wdvr",,False,,65600975,"86941, 23377, None, None"
2313527304,pianpwk,[dynamic shapes][WIP] mark backed size symbols as size-like,open,2025-02-03T19:56:25Z,,,"ciflow/trunk, release notes: fx, fx, module: dynamo, ciflow/inductor",main,pianpwk/treat_sizes_as_size_like,,,,,,,,,True,,65600975,"86941, 23377, None, None"
2313521471,jamesjwu,"Only call triton in worker process, ahead of time compile",closed,2025-02-03T19:52:59Z,,2025-02-03T20:48:06Z,"fb-exported, module: inductor, ciflow/inductor",gh/jamesjwu/101/base,gh/jamesjwu/101/head,,,,,,,,,False,,65600975,"86941, 23377, None, None"
2313513585,vladoovtcharov,Add optional generator to distribution sampler/rsample methods.,open,2025-02-03T19:47:59Z,,,"module: distributions, triaged, open source, topic: not user facing",main,features/distribution_generator,,,,,,,fritzo,,False,,65600975,"86941, 23377, None, None"
2313505144,shengfukevin,Fix random crash in PyPer,closed,2025-02-03T19:42:39Z,,2025-02-04T04:50:44Z,"fb-exported, Merged, ciflow/trunk, topic: not user facing",main,export-D69065509,,,,,,,,,False,,65600975,"86941, 23377, None, None"
2313448692,justinchuby,[benchmark] Remove ONNX,closed,2025-02-03T19:08:14Z,,2025-02-04T04:02:49Z,"open source, Merged, module: benchmark, ciflow/trunk, release notes: benchmark, module: dynamo, ciflow/inductor, topic: devs",main,justinchu/onnx-benchmark,,,,,,,,,False,,65600975,"86941, 23377, None, None"
2313430582,danzimm,[torch][amdsmi] Avoid ODR violation when loading amdsmi,closed,2025-02-03T18:59:18Z,,2025-02-12T00:01:05Z,"fb-exported, Merged, ciflow/trunk, topic: not user facing",main,export-D69064038,,,,,,,"eqy, syed-ahmed",,False,,65600975,"86941, 23377, None, None"
2313429042,henrylhtsang,[easy] Add type annotation for autotune_num_choices_displayed,closed,2025-02-03T18:58:32Z,,2025-02-03T23:04:23Z,"fb-exported, Merged, ciflow/trunk, topic: not user facing, module: inductor, ciflow/inductor",main,export-D69064447,,,,,,,,,False,,65600975,"86941, 23377, None, None"
2313347144,anijain2305,[dynamo][skip-function] Add missing unimplemented line,closed,2025-02-03T18:13:00Z,,2025-02-03T22:11:58Z,"Merged, ciflow/trunk, topic: not user facing, module: dynamo, ciflow/inductor",gh/anijain2305/666/base,gh/anijain2305/666/head,,,,,,,williamwen42,,False,,65600975,"86941, 23377, None, None"
2313325546,titaiwangms,[ONNX] Support custom axis name through dynamic_shapes,closed,2025-02-03T18:00:09Z,,2025-02-12T17:00:07Z,"open source, Merged, ciflow/trunk, release notes: onnx, topic: new features",main,titaiwang/support_axis_name,,,,,,,"shubhambhokare1, wschin",,False,,65600975,"86941, 23377, None, None"
2313316727,stas00,DeepSpeed github repo move sync,closed,2025-02-03T17:54:52Z,,2025-02-03T23:20:52Z,"oncall: distributed, open source, Merged, ciflow/trunk, topic: not user facing",main,patch-9,,,,,,,,,False,,65600975,"86941, 23377, None, None"
2313277567,pianpwk,[export][dynamic shapes] use size-oblivious upper bound reasoning for backed symbols,open,2025-02-03T17:31:50Z,,,"release notes: fx, fx, ciflow/inductor",main,pianpwk/backed_symint_endofbounds,,,,,,,,,True,,65600975,"86941, 23377, None, None"
2313273506,soulitzer,Hack AC to not clear recomputed activations,open,2025-02-03T17:29:36Z,,,,gh/soulitzer/351/base,gh/soulitzer/351/head,,,,,,,,,False,,65600975,"86941, 23377, None, None"
2313261099,rec,[inductor] Improve type annotations in _inductor/pattern_matcher.py,closed,2025-02-03T17:22:39Z,,2025-02-03T18:08:35Z,"module: typing, open source, better-engineering, release notes: fx, topic: not user facing, fx, module: inductor, ciflow/inductor",gh/rec/130/base,gh/rec/130/head,,,,,,,,,False,,65600975,"86941, 23377, None, None"
2313225527,Isalia20,Fix not inlining functions used in metal files,closed,2025-02-03T17:03:19Z,,2025-02-03T19:33:55Z,"open source, Merged, release notes: build, topic: bug fixes, ciflow/binaries_wheel",main,mps-inline-special-math,,,,,,,,,False,,65600975,"86941, 23377, None, None"
2313193939,bobrenjc93,print partial fx graph for all tracing errors,closed,2025-02-03T16:47:11Z,,2025-02-03T19:01:43Z,"release notes: fx, topic: not user facing, fx, module: dynamo, ciflow/inductor",gh/bobrenjc93/266/base,gh/bobrenjc93/266/head,,,,,,,bdhirsh,,False,,65600975,"86941, 23377, None, None"
2313098106,matthewfl,[Dynamo] fix torch._dynamo.assume_constant_result when used on class method,open,2025-02-03T16:00:09Z,,,"triaged, open source, module: dynamo",main,dynamo-fixes-6,,,,,,,anijain2305,,False,,65600975,"86941, 23377, None, None"
2312881157,cyyever,Enable TemporaryFileName tests on Windows,closed,2025-02-03T14:27:39Z,,2025-02-07T06:06:22Z,"triaged, open source, module: amp (automated mixed precision), Merged, ciflow/trunk, topic: not user facing",main,skip_test2,,,,,,,,,False,,65600975,"86941, 23377, None, None"
2312839054,lw,Fix type stubs for SymmetricMemory,open,2025-02-03T14:11:18Z,,,release notes: distributed (c10d),gh/lw/7/base,gh/lw/7/head,,,,,,,,,False,,65600975,"86941, 23377, None, None"
2312756315,lw,Support SymmetricMemory's signaling kernels on sm60 and sm70,open,2025-02-03T13:35:20Z,,,"oncall: distributed, release notes: distributed (c10d)",gh/lw/6/base,gh/lw/6/head,,,,,,,,,False,,65600975,"86941, 23377, None, None"
2311952513,pytorchupdatebot,Update slow tests,closed,2025-02-03T07:39:39Z,,2025-02-03T11:37:19Z,"open source, Merged, ciflow/trunk, topic: not user facing, ciflow/slow, ci-no-td",main,update_slow_tests_1738568376,,,,,,,,,False,,65600975,"86941, 23377, None, None"
2311845419,bobrenjc93,log out partial fx graph when guard on data dependent during non stirct tracing,closed,2025-02-03T06:25:49Z,,2025-02-03T22:16:05Z,"Merged, ciflow/trunk, release notes: fx, topic: not user facing, fx",gh/bobrenjc93/265/base,gh/bobrenjc93/265/head,,,,,,,avikchaudhuri,,False,,65600975,"86941, 23377, None, None"
2311844088,jansel,[inductor] Refactor CaptureIndexing into global scope,closed,2025-02-03T06:24:51Z,,2025-02-08T18:00:57Z,"Merged, Reverted, topic: not user facing, module: inductor, ciflow/inductor, ci-no-td",gh/jansel/499/base,gh/jansel/499/head,,,,,,,,,False,,65600975,"86941, 23377, None, None"
2311808664,bobrenjc93,dump partial fx graph to stderr when dynamo tracing fails with guard on data-dependent,closed,2025-02-03T05:56:28Z,,2025-02-04T19:12:41Z,"Merged, ciflow/trunk, topic: not user facing, module: dynamo, ciflow/inductor",gh/bobrenjc93/264/base,gh/bobrenjc93/264/head,,,,,,,"avikchaudhuri, bdhirsh, laithsakka",,False,,65600975,"86941, 23377, None, None"
2311768155,cyyever,Enable TemporaryFileName tests on Windows,closed,2025-02-03T05:19:10Z,,2025-02-04T02:35:12Z,"open source, windows-triaged, topic: not user facing",main,skip_test,,,,,,,,,False,,65600975,"86941, 23377, None, None"
2311749666,desertfire,[AOTI] Fix an unaligned memory access issue in mm_template,closed,2025-02-03T05:02:50Z,,2025-02-04T17:12:07Z,"fb-exported, Merged, ciflow/trunk, topic: bug fixes, module: inductor, ciflow/inductor, release notes: inductor, ciflow/inductor-rocm",main,export-D69034578,,,,,,,shunting314,,False,,65600975,"86941, 23377, None, None"
2311692998,dcci,[mps/inductor] Add support for digamma().,closed,2025-02-03T04:10:44Z,,2025-02-03T22:48:16Z,"Merged, topic: not user facing, module: mps, ciflow/mps, module: inductor, ciflow/inductor",main,digamma-inductor,,,,,,,,,False,,65600975,"86941, 23377, None, None"
2311671513,cyyever,Enable some tests on Windows,closed,2025-02-03T03:48:26Z,,2025-02-05T04:08:01Z,"open source, topic: not user facing",main,test_macos3,,,,,,,"mruberry, malfet",,True,,65600975,"86941, 23377, None, None"
2311648496,ankurneog,[ c10d ] modify API to get device string from device with torch.device,closed,2025-02-03T03:24:49Z,,2025-02-11T23:31:00Z,"oncall: distributed, triaged, open source, Merged, ciflow/trunk, release notes: distributed (c10d)",main,c10d_api_modification,,,,,,,kwen2501,,False,,65600975,"86941, 23377, None, None"
2311636169,ankurneog,Use device agnostic APIs for device_count and backend in common_fsdp,open,2025-02-03T03:10:30Z,,,"triaged, open source, ciflow/trunk, topic: not user facing",main,fsdp_common_cleanup,,,,,,,"kwen2501, awgu",,False,,65600975,"86941, 23377, None, None"
2311585555,yanboliang,[Trace PyDispatcher] Capture Vmapped autograd function as graph,open,2025-02-03T02:14:22Z,,,"topic: not user facing, module: dynamo, ciflow/inductor",gh/yanboliang/62/base,gh/yanboliang/62/head,,,,,,,,,False,,65600975,"86941, 23377, None, None"
2311569336,cyyever,Test macos2,closed,2025-02-03T01:56:19Z,,2025-02-03T02:55:37Z,"open source, release notes: dataloader",main,test_macos2,,,,,,,,,True,,65600975,"86941, 23377, None, None"
2311507297,bohnstingl,[scan] Autograd with partial gradient support,open,2025-02-03T00:36:42Z,,,"triaged, open source, topic: not user facing",main,scan_autograd22,,,,,,,,,False,,65600975,"86941, 23377, None, None"
2311504989,dcci,[metal] Move digamma to special_math.h,closed,2025-02-03T00:33:28Z,,2025-02-03T01:29:16Z,"Merged, topic: not user facing, module: mps, ciflow/mps, module: inductor",main,move-digamma-pr,,,,,,,"kulinseth, malfet",,False,,65600975,"86941, 23377, None, None"
2311460640,anijain2305,[dynamo] misc fixes for inspect,closed,2025-02-02T22:58:17Z,,2025-02-03T04:26:12Z,"Merged, ciflow/trunk, topic: not user facing, module: dynamo, ciflow/inductor",gh/anijain2305/665/base,gh/anijain2305/665/head,,,,,,,StrongerXi,,False,,65600975,"86941, 23377, None, None"
2311437341,jansel,[inductor] Minor compile time optimizations in DefaultHandler,closed,2025-02-02T22:08:02Z,,2025-02-08T18:00:56Z,"Merged, Reverted, topic: not user facing, module: inductor, module: dynamo, ciflow/inductor, ci-no-td",gh/jansel/498/base,gh/jansel/498/head,,,,,,,eellison,,False,,65600975,"86941, 23377, None, None"
2311403517,dcci,[metal] Refactor digamma in preparation for moving it.,closed,2025-02-02T20:40:41Z,,2025-02-02T23:54:47Z,"Merged, topic: not user facing, module: mps, ciflow/mps, module: inductor",main,digamma-refactor,,,,,,,"kulinseth, malfet",,False,,65600975,"86941, 23377, None, None"
2311396156,sanchitintel,[Inductor-CPU] Avoid redundant compute of index in AVX512 FP32 acc GEMM micro-kernel,open,2025-02-02T20:19:37Z,,,"open source, topic: not user facing, module: inductor, ciflow/inductor",main,sanchitintel/modify_fp32_micro_gemm,,,,,,,,,True,,65600975,"86941, 23377, None, None"
2311394130,Isalia20,[MPS] Add linalg det and fix lu factor for non contiguous tensors,closed,2025-02-02T20:14:05Z,,2025-02-03T06:06:46Z,"open source, Merged, release notes: mps, ciflow/mps",main,mps-linalg-det,,,,,,,kulinseth,,False,,65600975,"86941, 23377, None, None"
2311388562,dcci,[inductor] Guard a member variable with a define.,closed,2025-02-02T19:59:19Z,,2025-02-03T02:20:11Z,"Merged, ciflow/trunk, topic: not user facing, module: inductor, ciflow/inductor",main,silence-warning-blob,,,,,,,"malfet, muchulee8",,False,,65600975,"86941, 23377, None, None"
2311370657,bobrenjc93,shapeenv and prov logging,closed,2025-02-02T19:05:06Z,,2025-02-03T15:32:03Z,"ciflow/trunk, release notes: fx, fx, ciflow/inductor",gh/bobrenjc93/263/base,gh/bobrenjc93/263/head,,,,,,,,,True,,65600975,"86941, 23377, None, None"
2311354339,Skylion007,[BE]: Enable ruff SLOT checks,closed,2025-02-02T18:18:29Z,,2025-02-04T19:18:25Z,"oncall: distributed, open source, Merged, ciflow/trunk, release notes: quantization, topic: not user facing, fx, module: dynamo, ciflow/inductor, release notes: export",main,skylion007/ruff-enable-slots-2025-02-02,,,,,,,"avikchaudhuri, tugsbayasgalan, zhxchen17, ydwu4, angelayi, albanD, jbschlosser, mikaylagawarecki",,False,,65600975,"86941, 23377, None, None"
2311332352,ysiraichi,Correctly handle duplicated arguments when merging input views.,open,2025-02-02T17:20:19Z,,,"open source, ciflow/trunk, topic: not user facing, ciflow/inductor",gh/ysiraichi/82/base,gh/ysiraichi/82/head,,,,,,,"ezyang, Chillee",,False,,65600975,"86941, 23377, None, None"
2311132653,ananthsub,[dcp] Minor improvements to filesystem writer,open,2025-02-02T07:47:24Z,,,"oncall: distributed, triaged, open source, topic: not user facing, module: distributed_checkpoint",main,dist-ckpt-clone-patch,,,,,,,"fegin, kwen2501, pradeepfn, saumishr",,False,,65600975,"86941, 23377, None, None"
2311122219,yanboliang,[Trace PyDispatcher] Add CustomFunctionHigherOrderOperatorVariable,closed,2025-02-02T07:07:23Z,,2025-02-04T20:55:54Z,"Merged, ciflow/trunk, topic: not user facing, module: dynamo, ciflow/inductor",gh/yanboliang/61/base,gh/yanboliang/61/head,,,,,,,,,False,,65600975,"86941, 23377, None, None"
2311122205,yanboliang,[Trace PyDispatcher] Support temporarily_pop_interpreter_stack ctx manager,closed,2025-02-02T07:07:19Z,,2025-02-03T21:47:58Z,"Merged, ciflow/trunk, topic: not user facing, module: dynamo, ciflow/inductor",gh/yanboliang/60/base,gh/yanboliang/60/head,,,,,,,,,False,,65600975,"86941, 23377, None, None"
2311122191,yanboliang,[Dynamo][Trace PyDispatcher] Remove disable from HigherOrderOperator.__call__,closed,2025-02-02T07:07:16Z,,2025-02-03T21:47:57Z,"Merged, topic: not user facing, module: dynamo, ciflow/inductor",gh/yanboliang/59/base,gh/yanboliang/59/head,,,,,,,,,False,,65600975,"86941, 23377, None, None"
2311122168,yanboliang,[Dynamo][Trace PyDispatcher] Support calling id function over class,closed,2025-02-02T07:07:13Z,,2025-02-02T22:29:32Z,"Merged, ciflow/trunk, topic: not user facing, module: dynamo, ciflow/inductor",gh/yanboliang/58/base,gh/yanboliang/58/head,,,,,,,"jansel, StrongerXi",,False,,65600975,"86941, 23377, None, None"
2311073267,cyyever,Enable some tests on MacOS,closed,2025-02-02T04:10:13Z,,2025-02-03T05:04:26Z,"module: macos, open source, Merged, ciflow/trunk, topic: not user facing",main,test_macos,,,,,,,,,False,,65600975,"86941, 23377, None, None"
2311071675,cyyever,Format tests by PYFMT,open,2025-02-02T04:02:51Z,,,"oncall: distributed, triaged, open source, topic: not user facing, ciflow/inductor, module: distributed_checkpoint",main,ruff_import,,,,,,,"EikanWang, gujinghui, albanD",,False,,65600975,"86941, 23377, None, None"
2311068133,cyyever,Remove unused import in tests,closed,2025-02-02T03:44:50Z,,2025-02-03T03:40:20Z,"open source, Merged, ciflow/trunk, topic: not user facing, oncall: export",main,win_cutlass,,,,,,,,,False,,65600975,"86941, 23377, None, None"
2311053772,tinglvv,Add libtorch nightly build for CUDA 12.8 ,open,2025-02-02T02:42:46Z,,,"module: cuda, triaged, open source, ciflow/binaries, topic: not user facing",main,cu128-libtorch-build,,,,,,,ngimel,,False,,65600975,"86941, 23377, None, None"
2311017253,pragupta,[ROCm] opportunistic fastatomics for ReduceAdd operations for MI300 GPUs,open,2025-02-02T00:23:33Z,,,"module: rocm, open source, topic: not user facing, ciflow/periodic, keep-going, ciflow/unstable, ciflow/rocm",main,pg-scatter-add-dup-fix,,,,,,,"jeffdaily, xw285cornell",,True,,65600975,"86941, 23377, None, None"
2311015131,zhxchen17,"[aoti] Assign proxy call args by name, and support default values.",closed,2025-02-02T00:17:06Z,,2025-02-05T15:43:08Z,"fb-exported, Merged, Reverted, ciflow/trunk, topic: not user facing, module: inductor, ciflow/inductor, ci-no-td",main,zhxchen17/aoti/0,,,,,,,desertfire,,False,,65600975,"86941, 23377, None, None"
2311013902,lancelotnd,Fix unreachable code,closed,2025-02-02T00:12:56Z,,2025-02-02T21:35:29Z,"open source, Merged, ciflow/trunk, topic: not user facing",main,unreachable-code,,,,,,,,,False,,65600975,"86941, 23377, None, None"
2311001263,dcci,[mps/inductor] Implement support for polygamma().,closed,2025-02-01T23:30:22Z,,2025-02-02T01:54:25Z,"Merged, topic: not user facing, module: mps, ciflow/mps, module: inductor, ciflow/inductor",main,polygamma-inductor,,,,,,,malfet,,False,,65600975,"86941, 23377, None, None"
2310997481,anijain2305,[dynamo] Add return to python_type,closed,2025-02-01T23:19:03Z,,2025-02-02T03:12:39Z,"Merged, ciflow/trunk, topic: not user facing, module: dynamo, ciflow/inductor",gh/anijain2305/664/base,gh/anijain2305/664/head,,,,,,,"mlazos, williamwen42, StrongerXi",,False,,65600975,"86941, 23377, None, None"
2310987497,jansel,[inductor] Refactor op handlers part 5,closed,2025-02-01T22:48:23Z,,2025-02-08T18:00:54Z,"module: cpu, Merged, Reverted, topic: not user facing, ciflow/mps, module: inductor, ciflow/inductor, ci-no-td",gh/jansel/497/base,gh/jansel/497/head,,,,,,,eellison,,False,,65600975,"86941, 23377, None, None"
2310937858,ngimel,use copy2d in h2d/d2h copy when possible,closed,2025-02-01T20:53:19Z,,2025-02-03T23:07:59Z,"Merged, ciflow/trunk, release notes: cuda, ciflow/slow",main,ngimel/copy2d,,,,,,,syed-ahmed,,False,,65600975,"86941, 23377, None, None"
2310920527,jansel,[inductor] Refactor op handlers part 4,closed,2025-02-01T20:09:56Z,,2025-02-08T18:00:54Z,"Merged, Reverted, topic: not user facing, module: inductor, module: dynamo, ciflow/inductor, ci-no-td",gh/jansel/496/base,gh/jansel/496/head,,,,,,,eellison,,False,,65600975,"86941, 23377, None, None"
2310920494,jansel,[inductor] Refactor op handlers part 3,closed,2025-02-01T20:09:53Z,,2025-02-08T18:00:53Z,"Merged, Reverted, topic: not user facing, module: inductor, ciflow/inductor, ci-no-td",gh/jansel/495/base,gh/jansel/495/head,,,,,,,eellison,,False,,65600975,"86941, 23377, None, None"
2310918021,dcci,[mps] Move polygamma to special_math.h.,closed,2025-02-01T20:02:46Z,,2025-02-01T21:45:26Z,"Merged, topic: not user facing, module: mps, ciflow/mps, module: inductor",main,another-day-another-move,,,,,,,"jansel, kulinseth",,False,,65600975,"86941, 23377, None, None"
2310893156,jansel,[inductor] Refactor op handlers part 2,closed,2025-02-01T18:55:39Z,,2025-02-08T18:00:52Z,"Merged, Reverted, topic: not user facing, module: inductor, ciflow/inductor, ci-no-td",gh/jansel/494/base,gh/jansel/494/head,,,,,,,"eellison, shunting314",,False,,65600975,"86941, 23377, None, None"
2310874604,rec,Make fx.node.map_arg() and .map_aggregate() generic,closed,2025-02-01T18:09:17Z,,2025-02-14T19:25:35Z,"oncall: distributed, module: typing, open source, better-engineering, Merged, ciflow/trunk, release notes: fx, topic: not user facing, fx, module: dynamo, ciflow/inductor, suppress-api-compatibility-check, suppress-bc-linter",gh/rec/129/base,gh/rec/129/head,,,,,,,,,False,,65600975,"86941, 23377, None, None"
2310873679,kuraga,torch/nn/modules/conv.py: docs: improvements,open,2025-02-01T18:06:45Z,,,"triaged, open source, topic: not user facing",main,patch-2,,,,,,,"jbschlosser, mikaylagawarecki",,False,,65600975,"86941, 23377, None, None"
2310859516,Skylion007,[BE][Ez]: Make c10/special arrays constexpr,closed,2025-02-01T17:30:06Z,,2025-02-01T21:03:20Z,"open source, better-engineering, Merged, ciflow/trunk, topic: not user facing",main,skylion007/constexpr-special-metal-2025-02-01,,,,,,,albanD,,False,,65600975,"86941, 23377, None, None"
2310849917,Skylion007,[BE]: Remove redundant int cast calls,closed,2025-02-01T17:06:43Z,,2025-02-01T17:15:27Z,"oncall: distributed, open source, better-engineering, release notes: quantization, release notes: distributed (fsdp), ciflow/inductor",main,skylion007/ruff-apply-RUFF046-2025-02-01,,,,,,,"EikanWang, gujinghui, andrewkho, divyanshk, lezcano, nikitaved, IvanYashchuk, titaiwangms, shubhambhokare1, justinchuby, wschin, jerryzh168, albanD, jbschlosser, mikaylagawarecki",,False,,65600975,"86941, 23377, None, None"
2310791026,cyyever,Simplify CUDA version checking on tests,open,2025-02-01T14:37:48Z,,,"oncall: distributed, triaged, open source, release notes: distributed (c10d)",main,windows_tests2,,,,,,,kwen2501,,False,,65600975,"86941, 23377, None, None"
2310782316,cyyever,Enable some tests on Windows,closed,2025-02-01T14:16:21Z,,2025-02-05T03:54:30Z,"open source, Merged, ciflow/trunk, topic: not user facing",main,windows_tests,,,,,,,"malfet, mruberry",,False,,65600975,"86941, 23377, None, None"
2310677025,cyyever,Remove NOLINTNEXTLINE,closed,2025-02-01T09:48:02Z,,2025-02-04T02:45:35Z,"oncall: distributed, module: cpu, open source, Merged, ciflow/trunk, release notes: quantization",main,nolintnextlint3,,,,,,,"sraikund16, jerryzh168, salilsdesai, kimishpatel, digantdesai, jianyuh, Skylion007",,False,,65600975,"86941, 23377, None, None"
2310660575,cyyever,[2/N] Fix cppcoreguidelines-init-variables suppression,open,2025-02-01T09:07:08Z,,,"triaged, open source, topic: not user facing",main,fix_init_variable,,,,,,,"eqy, syed-ahmed, mikaylagawarecki, albanD, Skylion007",,False,,65600975,"86941, 23377, None, None"
2310544262,jansel,[inductor] Refactor op handlers part 1,closed,2025-02-01T05:09:49Z,,2025-02-04T23:36:48Z,"Merged, Reverted, topic: not user facing, ciflow/mps, module: inductor, module: dynamo, ciflow/inductor, ci-no-td",gh/jansel/493/base,gh/jansel/493/head,,,,,,,eellison,,False,,65600975,"86941, 23377, None, None"
2310539052,cyyever,[1/N] Fix F401 errors in tests,open,2025-02-01T05:05:54Z,,,"triaged, open source, topic: not user facing",main,win_tests,,,,,,,"Skylion007, albanD",,False,,65600975,"86941, 23377, None, None"
2310461899,cyyever,Remove unactivated test,closed,2025-02-01T04:14:10Z,,2025-02-04T05:26:06Z,"open source, Merged, ciflow/trunk, topic: not user facing",main,fix_outdated,,,,,,,Skylion007,,False,,65600975,"86941, 23377, None, None"
2310394397,isuruf,Disable has_relational_guards check for dict_tag optimization for now,closed,2025-02-01T03:10:59Z,,2025-02-03T07:56:09Z,"open source, Merged, ciflow/trunk, module: dynamo, ciflow/inductor, release notes: dynamo",gh/isuruf/118/base,gh/isuruf/118/head,,,,,,,,,False,,65600975,"86941, 23377, None, None"
2310368057,dcci,[mps] Move zeta() to special_math.h.,closed,2025-02-01T02:39:19Z,,2025-02-01T19:23:01Z,"Merged, topic: not user facing, module: mps, ciflow/mps, module: inductor",main,zetamove,,,,,,,"jansel, kulinseth",,False,,65600975,"86941, 23377, None, None"
2310337936,henrylhtsang,[cutlass backend] Add instantiation level for generating configs,closed,2025-02-01T02:01:06Z,,2025-02-04T02:36:07Z,"fb-exported, Merged, ciflow/trunk, topic: not user facing, module: inductor, ciflow/inductor",main,export-D68989194,,,,,,,"chenyang78, eellison",,False,,65600975,"86941, 23377, None, None"
2310316489,xmfan,[ca] no longer require is_traceable annotations for c++ autograd functions,closed,2025-02-01T01:35:23Z,,2025-02-05T08:49:20Z,"Merged, ciflow/trunk, module: inductor, module: dynamo, ciflow/inductor, release notes: dynamo, module: compiled autograd",gh/xmfan/168/base,gh/xmfan/168/head,,,,,,,soulitzer,,False,,65600975,"86941, 23377, None, None"
2310292177,mengluy0125,[PT2][Inductor][reland] Add runtime numeric check for the post grad pass,open,2025-02-01T01:13:15Z,,,"fb-exported, module: inductor, ciflow/inductor, release notes: inductor, ci-no-td",main,export-D68979204,,,,,,,,,False,,65600975,"86941, 23377, None, None"
2310289651,naromero77amd,[ROCm][TunableOp] Add bias data type to TunableOp signature.,open,2025-02-01T01:09:32Z,,,"module: rocm, open source, topic: not user facing, ciflow/rocm",main,tunableop_fp8_bias,,,,,,,"eqy, syed-ahmed, jeffdaily",,True,,65600975,"86941, 23377, None, None"
2310273981,jansel,[inductor] Refactor CSEProxy into global scope,closed,2025-02-01T00:55:25Z,,2025-02-04T23:36:47Z,"Merged, Reverted, topic: not user facing, module: inductor, ciflow/inductor, ci-no-td",gh/jansel/492/base,gh/jansel/492/head,,,,,,,"williamwen42, Skylion007, eellison",,False,,65600975,"86941, 23377, None, None"
2310273937,jansel,[inductor] Finish typing common.py,closed,2025-02-01T00:55:21Z,,2025-02-04T23:36:46Z,"Merged, Reverted, topic: not user facing, module: inductor, ciflow/inductor, ci-no-td",gh/jansel/491/base,gh/jansel/491/head,,,,,,,,,False,,65600975,"86941, 23377, None, None"
2310272075,justinchuby,[ONNX] Migrate onnx decomps into PyTorch,open,2025-02-01T00:54:16Z,,,"module: onnx, triaged, open source, ciflow/trunk, release notes: onnx, topic: new features, merging",main,justinchu/ghstack/torchlib,,,,,,,"shubhambhokare1, wschin, albanD",,True,,65600975,"86941, 23377, None, None"
2310239953,malfet,What will happen?,open,2025-02-01T00:25:10Z,,,topic: not user facing,main,malfet-patch-10,,,,,,,,,True,,65600975,"86941, 23377, None, None"
2310238368,ydwu4,[while_loop][inductor] support sym expression as cond_fn output,closed,2025-02-01T00:23:46Z,,2025-02-10T21:25:43Z,"Merged, Reverted, ciflow/trunk, topic: not user facing, module: inductor, ciflow/inductor, ci-no-td",gh/ydwu4/205/base,gh/ydwu4/205/head,,,,,,,"Chillee, eellison",,False,,65600975,"86941, 23377, None, None"
2310204820,yushangdi,Fix aten.to when input is a tensor constant,closed,2025-01-31T23:52:52Z,,2025-02-01T11:07:35Z,"fb-exported, Merged, ciflow/trunk, topic: not user facing",main,export-D68984244,,,,,,,,,False,,65600975,"86941, 23377, None, None"
2310198536,anijain2305,[dynamo] Disable compiling on elementwise_type_promotion_wrapper,closed,2025-01-31T23:47:12Z,,2025-02-03T18:02:51Z,"Merged, ciflow/trunk, topic: not user facing, keep-going",gh/anijain2305/663/base,gh/anijain2305/663/head,,,,,,,,,False,,65600975,"86941, 23377, None, None"
2310187591,weifengpy,[FSDP2][DEBUG] enforcing ReduceOp.SUM to avoid bug in ReduceOp.AVG,open,2025-01-31T23:34:19Z,,,"oncall: distributed, release notes: distributed (fsdp), ciflow/inductor",gh/weifengpy/21/base,gh/weifengpy/21/head,,,,,,,,,False,,65600975,"86941, 23377, None, None"
2310176254,H-Huang,Remove stage_index_to_group_rank from schedule,closed,2025-01-31T23:23:36Z,,2025-02-05T21:26:49Z,"oncall: distributed, Merged, ciflow/trunk, release notes: distributed (pipeline)",gh/H-Huang/166/base,gh/H-Huang/166/head,,,,,,,kwen2501,,False,,65600975,"86941, 23377, None, None"
2310169283,shunting314,[inductor] use ftz variant of exp,closed,2025-01-31T23:15:36Z,,2025-02-06T19:12:38Z,"Merged, Reverted, ciflow/trunk, topic: not user facing, module: inductor, ciflow/inductor, ci-no-td",gh/shunting314/197/base,gh/shunting314/197/head,,,,,,,Chillee,,False,,65600975,"86941, 23377, None, None"
2310168044,longlene,Update Dependencies.cmake,open,2025-01-31T23:14:29Z,,,"triaged, open source",main,patch-1,,,,,,,,,False,,65600975,"86941, 23377, None, None"
2310167829,anijain2305,[dynamo] Graph break on tensor.retain_grad,closed,2025-01-31T23:14:12Z,,2025-02-02T03:12:40Z,"Merged, ciflow/trunk, topic: not user facing, module: dynamo, ciflow/inductor, keep-going",gh/anijain2305/662/base,gh/anijain2305/662/head,,,,,,,"yanboliang, zou3519, bdhirsh",,False,,65600975,"86941, 23377, None, None"
2310084892,zhxchen17,[export][ez] Fix generated header file.,closed,2025-01-31T21:52:31Z,,2025-02-03T06:01:07Z,"fb-exported, Merged, ciflow/trunk, ciflow/inductor, release notes: export",main,export-D68978788,,,,,,,"avikchaudhuri, tugsbayasgalan, ydwu4, angelayi",,False,,65600975,"86941, 23377, None, None"
2310082720,malfet,[CPUInductor] Fix SVE256 detection,closed,2025-01-31T21:50:41Z,,2025-02-01T18:51:37Z,"module: cpu, Merged, ciflow/trunk, topic: bug fixes, module: inductor, module: dynamo, ciflow/inductor, release notes: inductor",gh/malfet/160/base,gh/malfet/160/head,,,,,,,,,False,,65600975,"86941, 23377, None, None"
2310076719,yushangdi,"Add ""//caffe2:libtorch""  to minifier TARGET file",closed,2025-01-31T21:45:02Z,,2025-02-01T05:37:26Z,"fb-exported, Merged, ciflow/trunk, topic: not user facing, module: dynamo, ciflow/inductor",main,export-D68978430,,,,,,,,,False,,65600975,"86941, 23377, None, None"
2310071904,jeffdaily,"[ROCm] follow up to #138964, remove work-around",open,2025-01-31T21:42:15Z,,,"module: rocm, open source, release notes: cuda, ciflow/rocm",main,rocm_followup_128964,,,,,,,"eqy, syed-ahmed",,True,,65600975,"86941, 23377, None, None"
2310003959,atalman,Manylinux 2.28 migration - remove pre-cxx11 abi libtorch builds,closed,2025-01-31T20:47:53Z,,2025-01-31T21:43:14Z,"Merged, topic: not user facing",main,pre_cxx11_abi_removal,,,,,,,,,False,,65600975,"86941, 23377, None, None"
2310003880,Serenazhu,docs: change log to ln in Softplus function and class,open,2025-01-31T20:47:48Z,,,"triaged, open source",main,docs,,,,,,,"jbschlosser, mikaylagawarecki",,False,,65600975,"86941, 23377, None, None"
2309999219,anijain2305,[dynamo][exceptions][3.10] Clean symbolic stack on exception handling,closed,2025-01-31T20:43:59Z,,2025-02-01T02:51:47Z,"Merged, ciflow/trunk, topic: not user facing, module: dynamo, ciflow/inductor",gh/anijain2305/661/base,gh/anijain2305/661/head,,,,,,,,,False,,65600975,"86941, 23377, None, None"
2309979481,bdhirsh,include entire GraphModule instead of current node when erroring inside of fx interpreter,closed,2025-01-31T20:27:35Z,,2025-02-01T01:09:29Z,"Merged, ciflow/trunk, release notes: fx, fx",gh/bdhirsh/638/base,gh/bdhirsh/638/head,,,,,,,"antoniojkim, ezyang, miladm, SherlockNoMad",,False,,65600975,"86941, 23377, None, None"
2309957303,amd-hhashemi,[ROCm] Indexing perf optimization via Unroll/WideFetch/IdxReuse/OneDupOpt,closed,2025-01-31T20:09:08Z,,2025-02-04T21:45:09Z,"module: rocm, triaged, open source, release notes: cuda, ciflow/rocm",main,main,,,,,,,"eqy, syed-ahmed, jeffdaily",,False,,65600975,"86941, 23377, None, None"
2309936039,ydwu4,Add non-strict export while_loop test back,closed,2025-01-31T19:57:34Z,,2025-02-03T19:28:26Z,"Merged, ciflow/trunk, topic: not user facing",gh/ydwu4/204/base,gh/ydwu4/204/head,,,,,,,,,False,,65600975,"86941, 23377, None, None"
2309935936,ydwu4,[hop] enable while_loop return torch.ones with unbacked symbol expression.,closed,2025-01-31T19:57:30Z,,2025-02-03T19:28:25Z,"Merged, topic: not user facing",gh/ydwu4/203/base,gh/ydwu4/203/head,,,,,,,,,False,,65600975,"86941, 23377, None, None"
2309930726,H-Huang,Add generate_stage_to_rank_mapping utility,closed,2025-01-31T19:54:40Z,,2025-02-05T21:26:48Z,"oncall: distributed, Merged, release notes: distributed (pipeline)",gh/H-Huang/165/base,gh/H-Huang/165/head,,,,,,,kwen2501,,False,,65600975,"86941, 23377, None, None"
2309915467,angelayi,torch.check distributions,open,2025-01-31T19:46:52Z,,,,main,angelayi/distribution,,,,,,,,,True,,65600975,"86941, 23377, None, None"
2309914055,ahmadsharif1,[cuda] Speed up layernorm backward by ~13% by using warp shuffles for the 16x32 kernel invocation,open,2025-01-31T19:45:47Z,,,release notes: cuda,main,ln1,,,,,,,,,True,,65600975,"86941, 23377, None, None"
2309850123,clee2000,[test],open,2025-01-31T19:04:04Z,,,"release notes: releng, topic: not user facing",main,csl/build_test_more_procs,,,,,,,,,True,,65600975,"86941, 23377, None, None"
2309832653,c00w,dynamo: fsdp throw unimplemented vs attribute error,closed,2025-01-31T18:51:49Z,,2025-02-04T21:45:58Z,"oncall: distributed, Merged, ciflow/trunk, topic: not user facing, module: dynamo, ciflow/inductor",gh/c00w/35/base,gh/c00w/35/head,,,,,,,anijain2305,,False,,65600975,"86941, 23377, None, None"
2309828820,titaiwangms,[ONNX] torch.onnx.export(dynamo=True) changes optimization to default,closed,2025-01-31T18:48:53Z,,2025-02-03T22:44:58Z,"open source, Merged, ciflow/trunk, release notes: onnx, topic: improvements",main,titaiwang/enable_optimization_inside_export,,,,,,,"shubhambhokare1, wschin",,False,,65600975,"86941, 23377, None, None"
2309793617,zhxchen17,[export] Allow bypassing version check with unsafe API.,open,2025-01-31T18:22:22Z,,,"fb-exported, ciflow/trunk, release notes: export",main,export-D68791202,,,,,,,"avikchaudhuri, tugsbayasgalan, ydwu4",,False,,65600975,"86941, 23377, None, None"
2309755807,avikchaudhuri,fix internal error with reorder submodules,closed,2025-01-31T17:54:41Z,,2025-02-01T00:30:45Z,"fb-exported, Merged, ciflow/trunk, release notes: export",main,export-D68963033,,,,,,,"tugsbayasgalan, zhxchen17, ydwu4",,False,,65600975,"86941, 23377, None, None"
2309753550,desertfire,[AOTI] Improve readability of package_cpp_only,open,2025-01-31T17:53:29Z,,,"topic: improvements, module: inductor, ciflow/inductor, release notes: inductor",gh/desertfire/535/base,gh/desertfire/535/head,,,,,,,,,False,,65600975,"86941, 23377, None, None"
2309744032,briancoutinho,execution trace export supports gzip format,closed,2025-01-31T17:48:29Z,,2025-02-01T01:25:28Z,"Merged, ciflow/trunk, topic: not user facing",main,execution_trace_gzip,,,,,,,sanrise,,False,,65600975,"86941, 23377, None, None"
2309738399,avikchaudhuri,fix internal error with reorder submodules,closed,2025-01-31T17:45:37Z,,2025-01-31T17:47:36Z,release notes: export,gh/avikchaudhuri/53/base,gh/avikchaudhuri/53/head,,,,,,,"tugsbayasgalan, zhxchen17, ydwu4, angelayi",,False,,65600975,"86941, 23377, None, None"
2309732134,anijain2305,[dynamo] Revert abc change due to internal failures,closed,2025-01-31T17:42:19Z,,2025-01-31T21:28:09Z,"Merged, ciflow/trunk, topic: not user facing, module: dynamo, ciflow/inductor",gh/anijain2305/660/base,gh/anijain2305/660/head,,,,,,,,,False,,65600975,"86941, 23377, None, None"
2309722389,mergennachin,[executorch hash update] update the pinned executorch hash,open,2025-01-31T17:35:35Z,,,"ciflow/trunk, topic: not user facing, ciflow/inductor",main,et_pin_bump,,,,,,,"jeffdaily, metascroy",,False,,65600975,"86941, 23377, None, None"
2309708643,burak-turk,add WaitCounter type interface and get rid of type errors,closed,2025-01-31T17:26:53Z,,2025-02-01T23:24:54Z,"fb-exported, Merged, ciflow/trunk, topic: not user facing",main,export-D68960123,,,,,,,,,False,,65600975,"86941, 23377, None, None"
2309698379,malfet,Temp disable MKL in  DistributionKernels.cpp,closed,2025-01-31T17:19:45Z,,2025-02-01T18:53:13Z,"module: cpu, Merged, ciflow/trunk, release notes: python_frontend, topic: bug fixes",main,malfet/disable-mkl-in-distribution-kernels,,,,,,,,,False,,65600975,"86941, 23377, None, None"
2309683695,malfet,[CI] Get rid of UCC builds,open,2025-01-31T17:09:55Z,,,topic: not user facing,gh/malfet/159/base,gh/malfet/159/head,,,,,,,"jeffdaily, eqy, ptrblck",,False,,65600975,"86941, 23377, None, None"
2309673758,soulitzer,Factory function support for NestedTensor,open,2025-01-31T17:03:29Z,,,"release notes: nested tensor, module: dynamo, ciflow/inductor",gh/soulitzer/350/base,gh/soulitzer/350/head,,,,,,,,,False,,65600975,"86941, 23377, None, None"
2309629257,janeyx99,Noob attempt at tensor_pointer_to_tensor_handle accepting const,open,2025-01-31T16:35:50Z,,,"ciflow/inductor, release notes: inductor",gh/janeyx99/221/base,gh/janeyx99/221/head,,,,,,,,,True,,65600975,"86941, 23377, None, None"
2309620422,doru1004,[ROCm] Tune 3d tensor sums when not using fastest dimension,closed,2025-01-31T16:30:40Z,,2025-02-04T04:02:18Z,"module: rocm, triaged, open source, Merged, ciflow/trunk, topic: not user facing, ciflow/periodic, rocm, ciflow/rocm, ciflow/inductor-rocm",main,tune-3d-tensor-sum-upstream,,,,,,,"eqy, syed-ahmed, pruthvistony",,False,,65600975,"86941, 23377, None, None"
2309615635,janeyx99,Remove trivial dispatch_key_allowlist_check function,closed,2025-01-31T16:28:21Z,,2025-01-31T19:59:42Z,"Merged, ciflow/trunk, topic: not user facing",gh/janeyx99/220/base,gh/janeyx99/220/head,,,,,,,,,False,,65600975,"86941, 23377, None, None"
2308904706,kundaMwiza,[AArch64] Build on Graviton 3 so that SVE is used in Graviton 3 tests,closed,2025-01-31T11:33:34Z,,2025-01-31T17:13:18Z,"open source, release notes: releng",main,mwizak/aarch64-build-test-use-g3,,,,,,,mruberry,,False,,65600975,"86941, 23377, None, None"
2308668390,nmacchioni,[CUDAEvent.h] support external cuda events in cudagraphs,open,2025-01-31T09:36:23Z,,,release notes: cuda,gh/nmacchioni/39/base,gh/nmacchioni/39/head,,,,,,,"eqy, syed-ahmed, jeffdaily, jithunnair-amd",,False,,65600975,"86941, 23377, None, None"
2308573623,cyyever,Remove outdated test skipif conditions for Python3.9,closed,2025-01-31T08:37:31Z,,2025-01-31T19:01:07Z,"oncall: jit, open source, Merged, ciflow/trunk, topic: not user facing, module: dynamo, ciflow/inductor",main,old_py,,,,,,,rec,,False,,65600975,"86941, 23377, None, None"
2308548310,cyyever,Fix C++20 build errors,open,2025-01-31T08:21:24Z,,,"oncall: jit, triaged, open source, NNC, release notes: jit",main,cxx20_error,,,,,,,Skylion007,,False,,65600975,"86941, 23377, None, None"
2308470833,redwrasse,Fix condition number invertible input(s) documented results,closed,2025-01-31T07:29:14Z,,2025-02-12T05:54:38Z,"triaged, open source, release notes: linalg_frontend",main,redwrasse/linalg-cond-non-invertible-err,,,,,,,IvanYashchuk,,False,,65600975,"86941, 23377, None, None"
2308464509,anijain2305,[hotfix][dynamo] Skip linecache due to a flaky issue,closed,2025-01-31T07:24:48Z,,2025-01-31T17:45:08Z,"Merged, ciflow/trunk, topic: not user facing, module: dynamo, ciflow/inductor",gh/anijain2305/659/base,gh/anijain2305/659/head,,,,,,,"yanboliang, jansel",,False,,65600975,"86941, 23377, None, None"
2308418813,cyyever,Apply ruff fixes to tests,closed,2025-01-31T06:54:56Z,,2025-02-04T05:41:03Z,"triaged, open source, Merged, ciflow/trunk, topic: not user facing, module: dynamo, ciflow/inductor",main,test_ruff,,,,,,,"titaiwangms, shubhambhokare1, justinchuby, wschin",,False,,65600975,"86941, 23377, None, None"
2308315401,aorenste,WIP: async compile,open,2025-01-31T05:36:47Z,,,"module: inductor, ciflow/inductor",gh/aorenste/214/base,gh/aorenste/214/head,,,,,,,,,True,,65600975,"86941, 23377, None, None"
2308315320,aorenste,Subprocess compile,open,2025-01-31T05:36:42Z,,,"release notes: fx, fx, module: inductor, ciflow/inductor",gh/aorenste/213/base,gh/aorenste/213/head,,,,,,,"eellison, oulgen",,False,,65600975,"86941, 23377, None, None"
2308289278,cyyever,Apply ruff fixes to torch/**/*py,open,2025-01-31T05:10:03Z,,,"oncall: distributed, oncall: jit, triaged, open source, release notes: quantization, fx, module: inductor, module: dynamo, ciflow/inductor, release notes: export",main,ruff_fix,,,,,,,"eqy, justinchuby, albanD, soulitzer, Skylion007",,False,,65600975,"86941, 23377, None, None"
2308266690,cyyever,[2/N] Enable ruff F841 on distributed tests,closed,2025-01-31T04:43:24Z,,2025-02-02T03:44:50Z,"oncall: distributed, open source, Merged, ciflow/trunk, release notes: distributed (pipeline)",main,ruff_8412,,,,,,,albanD,,False,,65600975,"86941, 23377, None, None"
2308260160,cyyever,Enable ruff F841 on distributed tests,closed,2025-01-31T04:36:37Z,,2025-02-01T03:06:18Z,"oncall: distributed, open source, Merged, ciflow/trunk, topic: not user facing",main,ruff_841,,,,,,,rohan-varma,,False,,65600975,"86941, 23377, None, None"
2308215331,cyyever,Enable ruff F841 on numpy tests,closed,2025-01-31T03:44:43Z,,2025-02-01T03:07:31Z,"module: tests, module: numpy, open source, Merged, ciflow/trunk, topic: not user facing",main,ruff_np_test,,,,,,,lezcano,,False,,65600975,"86941, 23377, None, None"
2308211702,Mingming-Ding,Adding the best autotuner config,closed,2025-01-31T03:39:14Z,,2025-02-01T03:43:36Z,"fb-exported, Merged, ciflow/trunk, topic: not user facing, module: inductor, ciflow/inductor",main,export-D68931164,,,,,,,,,False,,65600975,"86941, 23377, None, None"
2308193687,cyyever,Use std::string_view in tests,closed,2025-01-31T03:13:19Z,,2025-02-04T09:51:38Z,"triaged, open source, Merged, ciflow/trunk, topic: not user facing",main,string_view237,,,,,,,"r-barnes, Skylion007",,False,,65600975,"86941, 23377, None, None"
2308162830,xmfan,[dynamo] log recompile reason to dynamo_compile,closed,2025-01-31T02:39:13Z,,2025-02-03T21:04:06Z,"Merged, ciflow/trunk, topic: not user facing, module: dynamo, ciflow/inductor",gh/xmfan/167/base,gh/xmfan/167/head,,,,,,,masnesral,,False,,65600975,"86941, 23377, None, None"
2308080545,anijain2305,[dynamo][builtin-skipfiles-cleanup] Remove inspect,closed,2025-01-31T01:13:16Z,,2025-02-04T03:36:10Z,"Merged, ciflow/trunk, topic: not user facing, module: dynamo, ciflow/inductor, keep-going",gh/anijain2305/658/base,gh/anijain2305/658/head,,,,,,,,,False,,65600975,"86941, 23377, None, None"
2308079049,avikchaudhuri,move and fix logic to update unbacked bindings,open,2025-01-31T01:11:44Z,,,"fb-exported, Merged, Reverted, ciflow/trunk, ciflow/inductor, release notes: export, ci-no-td",main,export-D68880766,,,,,,,"tugsbayasgalan, zhxchen17, ydwu4, angelayi",,False,,65600975,"86941, 23377, None, None"
2308053883,danielvegamyhre,"Fix logging and test files which misspell ""precision""",closed,2025-01-31T00:51:57Z,,2025-02-10T21:54:18Z,"Merged, ciflow/trunk, release notes: linalg_frontend",main,spell,,,,,,,"eqy, syed-ahmed, lezcano, nikitaved, IvanYashchuk",,False,,65600975,"86941, 23377, None, None"
2308047145,angelayi,[export] Fix symfloat serialization,closed,2025-01-31T00:47:03Z,,2025-02-01T02:28:46Z,"Merged, ciflow/trunk, ciflow/inductor, release notes: export",main,angelayi/symfloat_serde,,,,,,,"avikchaudhuri, tugsbayasgalan, zhxchen17, ydwu4",,False,,65600975,"86941, 23377, None, None"
2308023695,bohnstingl,[scan] Corrections for scan,open,2025-01-31T00:26:28Z,,,"triaged, open source, topic: not user facing, module: dynamo",main,scan_hop_fixes,,,,,,,ydwu4,,False,,65600975,"86941, 23377, None, None"
2308008132,benjaminglass1,cpp_wrapper: fix inductor triton tests,open,2025-01-31T00:12:22Z,,,"open source, topic: not user facing, module: inductor, ciflow/inductor",gh/benjaminglass1/63/base,gh/benjaminglass1/63/head,,,,,,,desertfire,,False,,65600975,"86941, 23377, None, None"
2307998030,angelayi,[export] Include metadata in FlatArgsAdapter,closed,2025-01-31T00:02:49Z,,2025-02-05T00:30:00Z,"fb-exported, Merged, ciflow/trunk, release notes: export",main,export-D68928416,,,,,,,"avikchaudhuri, tugsbayasgalan, zhxchen17, ydwu4",,False,,65600975,"86941, 23377, None, None"
2307986053,angelayi,[export] Fix draft-export logging,closed,2025-01-30T23:55:33Z,,2025-02-05T05:49:24Z,"fb-exported, Merged, ciflow/trunk, release notes: export",main,export-D68928070,,,,,,,"avikchaudhuri, tugsbayasgalan, zhxchen17, ydwu4",,False,,65600975,"86941, 23377, None, None"
2307980629,malfet,[CMake] Delete Caffe2 inspect_gpu binary,closed,2025-01-30T23:51:25Z,,2025-01-31T06:42:55Z,"Merged, ciflow/trunk, topic: not user facing",main,malfet/delete-unbuildable-target,,,,,,,,,False,,65600975,"86941, 23377, None, None"
2307978826,saienduri,[DO NOT MERGE] Testing C2 MI300 cluster.,open,2025-01-30T23:49:22Z,,,"module: rocm, open source, topic: not user facing, ciflow/unstable",main,test-c2,,,,,,,,,False,,65600975,"86941, 23377, None, None"
2307961424,yushangdi,add node mapping processing,closed,2025-01-30T23:38:12Z,,2025-02-01T08:29:32Z,"fb-exported, Merged, ciflow/trunk, topic: not user facing, fx, module: inductor, module: dynamo, ciflow/inductor",main,export-D68190173,,,,,,,"desertfire, YUNQIUGUO",,False,,65600975,"86941, 23377, None, None"
2307943490,masnesral,Use OrderedSet in _functorch/partitioners,closed,2025-01-30T23:26:49Z,,2025-02-04T17:43:10Z,"Merged, ciflow/trunk, topic: not user facing, ciflow/inductor",gh/masnesral/175/base,gh/masnesral/175/head,,,,,,,Chillee,,False,,65600975,"86941, 23377, None, None"
2307937004,soulitzer,(WIP) Update NJT ops to check data for raggedness check,open,2025-01-30T23:22:38Z,,,"release notes: nested tensor, module: dynamo, ciflow/inductor",gh/soulitzer/349/base,gh/soulitzer/349/head,,,,,,,bdhirsh,,False,,65600975,"86941, 23377, None, None"
2307935332,desertfire,[AOTI] Fix a memory leak in package boxed_run,closed,2025-01-30T23:21:29Z,,2025-01-31T13:32:32Z,"Merged, ciflow/trunk, topic: bug fixes, module: inductor, ciflow/inductor, release notes: inductor",gh/desertfire/534/base,gh/desertfire/534/head,,,,,,,"bdhirsh, angelayi",,False,,65600975,"86941, 23377, None, None"
2307922875,nWEIdia,"[CI][Distributed] Fix edge case: One rank case (Rank 0) should get [False, False]",closed,2025-01-30T23:15:56Z,,2025-01-31T20:31:16Z,"oncall: distributed, open source, Merged, ciflow/trunk, topic: not user facing",main,main-fix-nccl-reduce-bug,,,,,,,,,False,,65600975,"86941, 23377, None, None"
2307917722,albanD,Move get accelerator to use build time flags when possible,open,2025-01-30T23:13:45Z,,,"Merged, Reverted, ciflow/trunk, release notes: python_frontend, topic: bug fixes, ciflow/mps, ciflow/xpu, ci-no-td",main,acc_clean,,,,,,,"eqy, syed-ahmed, kulinseth, gujinghui",,False,,65600975,"86941, 23377, None, None"
2307903006,justinchuby,[ONNX] Bump onnx and onnxscript versions in CI,closed,2025-01-30T23:05:41Z,,2025-02-05T21:00:29Z,"open source, Merged, ciflow/trunk, topic: not user facing",main,justinchu/bump-ort-119,,,,,,,"titaiwangms, jeffdaily, shubhambhokare1, wschin",,False,,65600975,"86941, 23377, None, None"
2307887485,titaiwangms,[ONNX] Migrate test_torch_export_with_onnxruntime.py to test_small_models_e2e.py,closed,2025-01-30T22:53:51Z,,2025-01-31T03:40:30Z,"module: onnx, open source, Merged, ciflow/trunk, release notes: onnx, topic: not user facing",main,titaiwang/migrate_tests,,,,,,,"shubhambhokare1, wschin",,False,,65600975,"86941, 23377, None, None"
2307863515,ZainRizvi,TEST3,open,2025-01-30T22:36:55Z,,,"oncall: distributed, release notes: releng, ciflow/inductor",main,zainr/mypy-break-test3,,,,,,,,,True,,65600975,"86941, 23377, None, None"
2307862471,ZainRizvi,TEST2,open,2025-01-30T22:36:11Z,,,"oncall: distributed, release notes: releng, ciflow/inductor",main,zainr/mypy-break-test2,,,,,,,,,True,,65600975,"86941, 23377, None, None"
2307861513,ZainRizvi,[WIP] TEST 1,open,2025-01-30T22:35:18Z,,,"oncall: distributed, release notes: releng, ciflow/inductor",main,zainr/mypy-break-test,,,,,,,,,True,,65600975,"86941, 23377, None, None"
2307861467,robert-hardwick,[ARM] Fix TestDataLoader.test_segfault unexpected success on Aarch6[4,open,2025-01-30T22:35:15Z,,,"triaged, open source, module: arm, release notes: dataloader",main,dataloader,,,,,,,,,False,,65600975,"86941, 23377, None, None"
2307853516,yiming0416,[draft_export] Clear pending unbacked symbols when overriding mismatched fake kernels,closed,2025-01-30T22:29:38Z,,2025-02-01T03:32:52Z,"fb-exported, Merged, ciflow/trunk, topic: not user facing, ciflow/inductor",main,export-D68920990,,,,,,,"zou3519, ezyang",,False,,65600975,"86941, 23377, None, None"
2307853220,masnesral,Make the CUTLASS swizzle options configurable and default to 2.,closed,2025-01-30T22:29:21Z,,2025-02-04T22:07:28Z,"Merged, ciflow/trunk, topic: not user facing, module: inductor, ciflow/inductor",gh/masnesral/174/base,gh/masnesral/174/head,,,,,,,,,False,,65600975,"86941, 23377, None, None"
2307829841,manav-a,Expose ToIValueAllowNumbersAsTensors to TORCH_PYTHON_API so we can use it in monarch,closed,2025-01-30T22:08:53Z,,2025-01-31T05:08:13Z,"oncall: jit, fb-exported, Merged, ciflow/trunk, release notes: jit",main,export-D68917233,,,,,,,colin2328,,False,,65600975,"86941, 23377, None, None"
2307798389,malfet,[MPS] Fix regression in con-contig bitwise ops,closed,2025-01-30T21:43:38Z,,2025-01-30T22:37:00Z,"Merged, topic: bug fixes, release notes: mps, ciflow/mps",main,malfet/mps-fix-bitiwse-ops,,,,,,,"kulinseth, manuelcandales",,False,,65600975,"86941, 23377, None, None"
2307796700,tinglvv,Libtorch CUDA 12.8 Test with --host-linker-script=use-lcs,closed,2025-01-30T21:42:21Z,,2025-02-02T02:12:28Z,"triaged, open source, ciflow/binaries, topic: not user facing",main,cu128-libtorch,,,,,,,,,False,,65600975,"86941, 23377, None, None"
2307784595,anijain2305,[dynamo][functions] Improve getattr on functions,closed,2025-01-30T21:33:07Z,,2025-02-03T02:01:59Z,"Merged, ciflow/trunk, topic: not user facing, module: dynamo, ciflow/inductor, keep-going",gh/anijain2305/657/base,gh/anijain2305/657/head,,,,,,,"StrongerXi, williamwen42",,False,,65600975,"86941, 23377, None, None"
2307751922,atalman,Nccl update to 2.25.1 for cuda 12.4-12.8 ,closed,2025-01-30T21:09:07Z,,2025-02-14T21:23:22Z,"oncall: distributed, Merged, Reverted, ciflow/trunk, topic: not user facing, ciflow/binaries_wheel, module: dynamo, ciflow/inductor, keep-going, ci-no-td, no-runner-experiments",main,nccl_module_test,,,,,,,jeffdaily,,False,,65600975,"86941, 23377, None, None"
2307749655,burak-turk,add WaitCounter type interface and get rid of type errors,closed,2025-01-30T21:07:29Z,,2025-01-31T17:32:38Z,"fb-exported, ciflow/trunk, topic: not user facing",main,export-D68795144,,,,,,,,,False,,65600975,"86941, 23377, None, None"
2307739799,masnesral,Cap size of thread pool in select_algorithm to cpu count,closed,2025-01-30T21:00:33Z,,2025-02-01T00:41:38Z,"Merged, ciflow/trunk, topic: not user facing, module: inductor, ciflow/inductor",gh/masnesral/173/base,gh/masnesral/173/head,,,,,,,eellison,,False,,65600975,"86941, 23377, None, None"
2307702981,anijain2305,[dynamo][enum] Trace through enum.py for enum construction,closed,2025-01-30T20:38:23Z,,2025-02-02T03:12:41Z,"Merged, ciflow/trunk, topic: not user facing, module: dynamo, ciflow/inductor",gh/anijain2305/656/base,gh/anijain2305/656/head,,,,,,,"StrongerXi, yanboliang",,False,,65600975,"86941, 23377, None, None"
2307695612,taras-janea,Set /NODEFAULTLIB:vcomp for MSVC when linking caffe2::mkl with libiomp5md.lib ,open,2025-01-30T20:33:33Z,,,"module: build, module: windows, triaged, open source, ciflow/trunk, release notes: build, topic: bug fixes",main,pytorch-113490,,,,,,,malfet,,False,,65600975,"86941, 23377, None, None"
2307684480,manojks1999,Error handling for launcher method in CachingAutotuner,open,2025-01-30T20:25:52Z,,,"triaged, open source, function request, topic: not user facing, module: inductor",main,error_handling_caching_autotuner,,,,,,,exclamaforte,,False,,65600975,"86941, 23377, None, None"
2307668521,eellison,"Expand inductor codegen dtype asserts, fix scan",closed,2025-01-30T20:15:11Z,,2025-02-07T06:35:49Z,"Merged, ciflow/trunk, topic: not user facing, module: inductor, ciflow/inductor",gh/eellison/758/base,gh/eellison/758/head,,,,,,,Chillee,,False,,65600975,"86941, 23377, None, None"
2307600536,oulgen,Turn on fx graph cache and automatic dynamic pgo local caches in fbcode,closed,2025-01-30T19:31:54Z,,2025-01-31T01:11:50Z,"Merged, ciflow/trunk, topic: not user facing, module: inductor, module: dynamo, ciflow/inductor",gh/oulgen/149/base,gh/oulgen/149/head,,,,,,,"ezyang, c00w",,False,,65600975,"86941, 23377, None, None"
2307577754,huxintong,[PT2] Support add/remove passes in pre_grad,open,2025-01-30T19:17:34Z,,,"fb-exported, ciflow/trunk, topic: not user facing, module: inductor, ciflow/inductor",main,export-D68909278,,,,,,,,,False,,65600975,"86941, 23377, None, None"
2307572577,xmfan,[wip] torch._dynamo.disable on the CA graph,open,2025-01-30T19:14:34Z,,,"module: dynamo, ciflow/inductor, module: compiled autograd",gh/xmfan/166/base,gh/xmfan/166/head,,,,,,,,,True,,65600975,"86941, 23377, None, None"
2307559257,anijain2305,[dynamo] Support frozenset({..}).__contains__,closed,2025-01-30T19:05:46Z,,2025-01-31T23:23:00Z,"Merged, ciflow/trunk, topic: not user facing, module: dynamo, ciflow/inductor",gh/anijain2305/655/base,gh/anijain2305/655/head,,,,,,,,,False,,65600975,"86941, 23377, None, None"
2307541392,kundaMwiza,[inductor][triton] Fix average pool nd for int64 dtype,open,2025-01-30T18:54:43Z,,,"triaged, open source, topic: not user facing, module: inductor, ciflow/inductor",main,mwizak/fix-avg-pool-int64-dtype,,,,,,,"davidberard98, eellison",,False,,65600975,"86941, 23377, None, None"
2307531187,zou3519,Barebones flat_apply HOP,closed,2025-01-30T18:48:01Z,,2025-02-01T16:17:51Z,"Merged, ciflow/trunk, release notes: fx, fx, module: dynamo, ciflow/inductor",gh/zou3519/1125/base,gh/zou3519/1125/head,,,,,,,,,False,,65600975,"86941, 23377, None, None"
2307531081,zou3519,Add torch.utils._pytree.register_dataclass,closed,2025-01-30T18:47:57Z,,2025-02-01T16:17:51Z,"Merged, topic: not user facing",gh/zou3519/1124/base,gh/zou3519/1124/head,,,,,,,,,False,,65600975,"86941, 23377, None, None"
2307518393,oulgen,Turn on local caches for fbcode,closed,2025-01-30T18:40:26Z,,2025-01-30T18:41:24Z,"module: inductor, module: dynamo, ciflow/inductor",gh/oulgen/148/base,gh/oulgen/148/head,,,,,,,,,False,,65600975,"86941, 23377, None, None"
2307514932,oulgen,Turn on local caches for fbcode,closed,2025-01-30T18:38:12Z,,2025-01-30T19:19:56Z,"ciflow/trunk, topic: not user facing, module: inductor, module: dynamo, ciflow/inductor",gh/oulgen/147/base,gh/oulgen/147/head,,,,,,,"ezyang, jamesjwu, masnesral",,False,,65600975,"86941, 23377, None, None"
2307477152,malfet,[Win][CD] Install cmake and setuptools from PyPI,open,2025-01-30T18:14:34Z,,,"topic: not user facing, ciflow/binaries_wheel",main,malfet-patch-8,,,,,,,,,False,,65600975,"86941, 23377, None, None"
2307476597,eellison,Check meta strides for expanded dims in effn_attn_bias,closed,2025-01-30T18:14:15Z,,2025-02-07T06:35:59Z,"Merged, ciflow/trunk, topic: not user facing, module: inductor, ciflow/inductor",gh/eellison/757/base,gh/eellison/757/head,,,,,,,drisspg,,False,,65600975,"86941, 23377, None, None"
2307470866,mori360,Add fqn_modifier at loading_state_dict and unit test,closed,2025-01-30T18:11:08Z,,2025-02-06T00:50:01Z,"oncall: distributed, topic: not user facing, module: distributed_checkpoint",main,fqn_modifier,,,,,,,,,True,,65600975,"86941, 23377, None, None"
2307463558,soulitzer,Add manual override flag for core ATen op detection during bc check,closed,2025-01-30T18:06:45Z,,2025-01-30T23:57:04Z,"Merged, ciflow/trunk, topic: not user facing",gh/soulitzer/348/base,gh/soulitzer/348/head,,,,,,,larryliu0820,,False,,65600975,"86941, 23377, None, None"
2307436935,exclamaforte,inductor.config.descriptive_names = False is not actually supported (#145523) (#145523),open,2025-01-30T17:52:47Z,,,"fb-exported, ciflow/trunk, topic: docs, module: inductor, ciflow/inductor, release notes: inductor",main,export-D68846308,,,,,,,,,False,,65600975,"86941, 23377, None, None"
2307405466,angelayi,[export] Add distributed test,closed,2025-01-30T17:37:18Z,,2025-01-31T02:56:44Z,"Merged, ciflow/trunk, topic: not user facing",main,angelayi/distribby_test,,,,,,,,,False,,65600975,"86941, 23377, None, None"
2307300086,bobrenjc93,[experimental] filter logs by subgraph,closed,2025-01-30T16:41:41Z,,2025-02-04T19:11:47Z,"Merged, ciflow/trunk, topic: not user facing",gh/bobrenjc93/262/base,gh/bobrenjc93/262/head,,,,,,,,,False,,65600975,"86941, 23377, None, None"
2307059886,desertfire,[AOTI] Support composed dynamic shape constraint,closed,2025-01-30T14:56:57Z,,2025-02-01T00:02:16Z,"Merged, ciflow/trunk, topic: improvements, module: inductor, ciflow/inductor, release notes: inductor",gh/desertfire/533/base,gh/desertfire/533/head,,,,,,,,,False,,65600975,"86941, 23377, None, None"
2307059747,desertfire,[AOTI] Refactor codegen_input_symbol_assignment,closed,2025-01-30T14:56:53Z,,2025-01-31T21:55:20Z,"Merged, ciflow/trunk, topic: not user facing, module: inductor, ciflow/inductor",gh/desertfire/532/base,gh/desertfire/532/head,,,,,,,,,False,,65600975,"86941, 23377, None, None"
2306911316,AlekseiNikiforovIBM,S390x nightly builds timeouts,closed,2025-01-30T13:42:53Z,,2025-01-31T17:29:13Z,"open source, Merged, ciflow/trunk, topic: not user facing, test-config/default, ciflow/s390",main,s390x_nightly_builds_timeouts,,,,,,,,,False,,65600975,"86941, 23377, None, None"
2306811422,desertfire,[AOTI] Remove AOTI_USE_CREATE_TENSOR_FROM_BLOB_V1,closed,2025-01-30T12:54:11Z,,2025-01-30T19:01:21Z,"fb-exported, Merged, ciflow/trunk, topic: not user facing, module: inductor, ciflow/inductor",main,export-D68871245,,,,,,,,,False,,65600975,"86941, 23377, None, None"
2306720771,haampie,fix incorrect literal strings / accidental tuples,closed,2025-01-30T12:10:09Z,,2025-02-03T15:08:14Z,"triaged, open source, Merged, ciflow/trunk, topic: not user facing, module: inductor, module: dynamo",main,hs/fix/unused-values,,,,,,,"EikanWang, gujinghui",,False,,65600975,"86941, 23377, None, None"
2306023573,tinglvv,Use Magma-cuda 12.8 for libtorch,closed,2025-01-30T04:35:19Z,,2025-01-31T02:19:25Z,"open source, Merged, ciflow/trunk, topic: not user facing",main,use-magma-cuda128,,,,,,,jeffdaily,,False,,65600975,"86941, 23377, None, None"
2305937089,avikchaudhuri,nonzero_static with symint size,closed,2025-01-30T02:53:23Z,,2025-01-30T23:42:45Z,"fb-exported, Merged, ciflow/trunk, topic: not user facing",main,export-D68874784,,,,,,,,,False,,65600975,"86941, 23377, None, None"
2305930883,avikchaudhuri,nonzero_static with symint size,closed,2025-01-30T02:45:04Z,,2025-01-30T02:46:47Z,,gh/avikchaudhuri/52/base,gh/avikchaudhuri/52/head,,,,,,,,,False,,65600975,"86941, 23377, None, None"
2305928687,avikchaudhuri,nonzero_static with symint size,closed,2025-01-30T02:41:40Z,,2025-01-30T02:46:19Z,,gh/avikchaudhuri/51/base,gh/avikchaudhuri/51/head,,,,,,,,,False,,65600975,"86941, 23377, None, None"
2305919515,justinchuby,[ONNX] Create deprecation warning on dynamo_export,closed,2025-01-30T02:32:32Z,,2025-02-04T18:08:01Z,"module: onnx, open source, Merged, Reverted, ciflow/trunk, release notes: onnx, topic: deprecation, ci-no-td",main,justinchu/deprecation,,,,,,,"shubhambhokare1, wschin",,False,,65600975,"86941, 23377, None, None"
2305912882,titaiwangms,[ONNX] Delete `rename_dynamic_shapes_with_model_inputs`,closed,2025-01-30T02:23:56Z,,2025-01-30T16:01:41Z,"module: onnx, open source, Merged, ciflow/trunk, release notes: onnx, topic: bug fixes",main,titaiwang/delete_rename_dynamic_shapes,,,,,,,"shubhambhokare1, wschin",,False,,65600975,"86941, 23377, None, None"
2305870051,ColinPeppler,Allow replacing unbacked with very large upperbound by returning no-op for FloorToInt(int),closed,2025-01-30T01:37:04Z,,2025-01-31T00:25:22Z,"module: cpu, Merged, ciflow/trunk, release notes: fx, topic: not user facing, fx, ciflow/inductor",gh/ColinPeppler/61/base,gh/ColinPeppler/61/head,,,,,,,,,False,,65600975,"86941, 23377, None, None"
2305867193,blaine-rister,[Inductor] Expand Identity ops prior to block pattern matching,closed,2025-01-30T01:33:11Z,,2025-02-08T18:11:55Z,"module: cpu, Merged, ciflow/trunk, topic: not user facing, module: inductor, ciflow/inductor",main,brister/simplify_id,,,,,,,,,False,,65600975,"86941, 23377, None, None"
2305849207,YyWangCS,"[CUDA] Optimize CUDA occupancy for indexing operators like index_select, index_add and index_reduce",open,2025-01-30T01:14:03Z,,,"triaged, open source, release notes: cuda",main,YyWangCS/opt_embedding,,,,,,,"eqy, syed-ahmed, nWEIdia",,False,,65600975,"86941, 23377, None, None"
2305847047,kwen2501,[DCP] Remove all-gather of state dict keys,closed,2025-01-30T01:11:13Z,,2025-02-04T03:16:16Z,"oncall: distributed, Merged, ciflow/trunk, release notes: distributed (checkpoint), module: distributed_checkpoint",gh/kwen2501/122/base,gh/kwen2501/122/head,,,,,,,"LucasLLC, pradeepfn",,False,,65600975,"86941, 23377, None, None"
2305830032,eqy,[CUDA][CUDA Graphs] Fix debug mode warning message,closed,2025-01-30T00:53:00Z,,2025-02-07T08:04:52Z,"module: cuda, open source, Merged, module: cuda graphs, ciflow/trunk, topic: not user facing",main,eqy-patch-3,,,,,,,syed-ahmed,,False,,65600975,"86941, 23377, None, None"
2305822484,anijain2305,[dynamo][dicts] Support construction of types.MappingProxyType,closed,2025-01-30T00:44:17Z,,2025-01-31T00:47:35Z,"Merged, ciflow/trunk, topic: not user facing, module: dynamo, ciflow/inductor",gh/anijain2305/654/base,gh/anijain2305/654/head,,,,,,,williamwen42,,False,,65600975,"86941, 23377, None, None"
2305814654,jansel,[inductor] Add typing to common.CSE,closed,2025-01-30T00:36:23Z,,2025-02-04T16:05:43Z,"Merged, Reverted, ciflow/trunk, topic: not user facing, module: inductor, ciflow/inductor, ci-no-td",gh/jansel/490/base,gh/jansel/490/head,,,,,,,,,False,,65600975,"86941, 23377, None, None"
2305807397,FindHao,fix indirect broadcast,open,2025-01-30T00:27:28Z,,,"topic: not user facing, module: inductor, ciflow/inductor",main,findhao/fix-indirect-access,,,,,,,,,True,,65600975,"86941, 23377, None, None"
2305806150,tugsbayasgalan,Add buffers to parameterizaiton rule,closed,2025-01-30T00:26:02Z,,2025-02-03T16:49:05Z,"Merged, ciflow/trunk, ciflow/inductor, release notes: export",gh/tugsbayasgalan/289/base,gh/tugsbayasgalan/289/head,,,,,,,"avikchaudhuri, zhxchen17, ydwu4, angelayi",,False,,65600975,"86941, 23377, None, None"
2305805474,sraikund16,[Profiler] Add Full PG ranks to Metadata,closed,2025-01-30T00:25:11Z,,2025-02-10T18:27:56Z,"enhancement, fb-exported, release notes: profiler",main,export-D68867518,,,,,,,"sanrise, briancoutinho",,False,,65600975,"86941, 23377, None, None"
2305804545,anijain2305,[dynamo][polyfills]Support getrecursionlimit,closed,2025-01-30T00:24:27Z,,2025-01-31T00:47:36Z,"Merged, ciflow/trunk, topic: not user facing, module: dynamo, ciflow/inductor",gh/anijain2305/653/base,gh/anijain2305/653/head,,,,,,,williamwen42,,False,,65600975,"86941, 23377, None, None"
2305802350,pytorchupdatebot,[audio hash update] update the pinned audio hash,closed,2025-01-30T00:22:56Z,,2025-02-02T04:19:31Z,"open source, Merged, ciflow/trunk, topic: not user facing, ciflow/inductor",main,update-audio-commit-hash/13043025845-1444-1,,,,,,,,,False,,65600975,"86941, 23377, None, None"
2305791531,anijain2305,[dynamo][functions] Support `id` on function,closed,2025-01-30T00:15:08Z,,2025-01-31T00:47:34Z,"Merged, ciflow/trunk, topic: not user facing, module: dynamo, ciflow/inductor",gh/anijain2305/652/base,gh/anijain2305/652/head,,,,,,,williamwen42,,False,,65600975,"86941, 23377, None, None"
2305786600,anijain2305,[dynamo][dicts] Raise exception on pop,closed,2025-01-30T00:09:39Z,,2025-01-31T00:47:33Z,"Merged, ciflow/trunk, topic: not user facing, module: dynamo, ciflow/inductor",gh/anijain2305/651/base,gh/anijain2305/651/head,,,,,,,yanboliang,,False,,65600975,"86941, 23377, None, None"
2305782866,yangw-dev,[Utilization] Convert timestamp to str for datetime64 ,closed,2025-01-30T00:06:36Z,,2025-02-03T21:05:21Z,"Merged, ciflow/trunk, topic: not user facing, suppress-bc-linter",main,fixBug,,,,,,,,,False,,65600975,"86941, 23377, None, None"
2305749907,williamwen42,[dynamo] remove always-failing eval_frame.c debug check,closed,2025-01-29T23:30:28Z,,2025-01-31T20:41:02Z,"Merged, ciflow/trunk, topic: not user facing, module: dynamo, ciflow/inductor",gh/williamwen42/203/base,gh/williamwen42/203/head,,,,,,,anijain2305,,False,,65600975,"86941, 23377, None, None"
2305749828,williamwen42,[dynamo] disable eval_frame callback in _TorchDynamoContext __enter__/__exit__,closed,2025-01-29T23:30:23Z,,2025-01-31T20:41:01Z,"Merged, topic: not user facing, module: dynamo, ciflow/inductor",gh/williamwen42/202/base,gh/williamwen42/202/head,,,,,,,"anijain2305, StrongerXi",,False,,65600975,"86941, 23377, None, None"
2305741219,c00w,config: Support str env variables,closed,2025-01-29T23:21:53Z,,2025-01-30T00:13:05Z,"Merged, ciflow/trunk, topic: not user facing",gh/c00w/34/base,gh/c00w/34/head,,,,,,,ezyang,,False,,65600975,"86941, 23377, None, None"
2305723059,pianpwk,[draft_export] better stack logging for strict mode,open,2025-01-29T23:04:26Z,,,"ciflow/trunk, fx, ciflow/inductor, release notes: export",main,pianpwk/draft_strict_stack,,,,,,,"avikchaudhuri, tugsbayasgalan, zhxchen17, ydwu4, angelayi",,False,,65600975,"86941, 23377, None, None"
2305525604,jamesjwu,Test of triton.compile in worker processes,open,2025-01-29T20:57:45Z,,,"module: inductor, ciflow/inductor",gh/jamesjwu/100/base,gh/jamesjwu/100/head,,,,,,,,,True,,65600975,"86941, 23377, None, None"
2305522013,jamesjwu,jjwu triton compiler test,closed,2025-01-29T20:55:25Z,,2025-01-29T20:56:17Z,"module: inductor, ciflow/inductor",gh/jamesjwu/99/base,gh/jamesjwu/99/head,,,,,,,,,False,,65600975,"86941, 23377, None, None"
2305504774,ZainRizvi,[BE] Upgrade to mypy 1.14,open,2025-01-29T20:48:32Z,,,"oncall: distributed, release notes: releng, ciflow/inductor",main,zainr/mypy-update,,,,,,,,,False,,65600975,"86941, 23377, None, None"
2305461875,kwen2501,[PGNCCL] Simplify support macro definition,closed,2025-01-29T20:31:06Z,,2025-01-30T23:26:34Z,"oncall: distributed, Merged, ciflow/trunk, release notes: distributed (c10d), topic: not user facing",gh/kwen2501/121/base,gh/kwen2501/121/head,,,,,,,"c-p-i-o, wconstab",,False,,65600975,"86941, 23377, None, None"
2305402470,mlazos,Update fuzzer guidance to include rng,closed,2025-01-29T20:09:34Z,,2025-01-30T21:34:00Z,"Merged, ciflow/trunk, topic: not user facing",main,mlazos/fuzz-update,,,,,,,,,False,,65600975,"86941, 23377, None, None"
2305402386,ZainRizvi,Don't use mypy daemon in CI,closed,2025-01-29T20:09:30Z,,2025-01-29T21:15:32Z,"Merged, topic: not user facing",main,zainr/mypy-daemon,,,,,,,,,False,,65600975,"86941, 23377, None, None"
2305401014,mlazos,Update to remind users to use torch.compile template,closed,2025-01-29T20:08:37Z,,2025-01-30T21:34:43Z,"Merged, ciflow/trunk, topic: not user facing",main,mlazos/ct,,,,,,,,,False,,65600975,"86941, 23377, None, None"
2305398663,zhxchen17,[export] Sync model container types to schema.py,closed,2025-01-29T20:07:03Z,,2025-01-31T18:17:59Z,"fb-exported, Merged, ciflow/trunk, ciflow/inductor, release notes: export",main,export-D68846532,,,,,,,"avikchaudhuri, tugsbayasgalan, ydwu4, angelayi",,False,,65600975,"86941, 23377, None, None"
2305375868,anijain2305,[dynamo][builtin-skipfiles-cleanup] Remove inspect,closed,2025-01-29T19:53:14Z,,2025-02-04T02:55:27Z,"module: dynamo, ciflow/inductor",gh/anijain2305/650/base,gh/anijain2305/650/head,,,,,,,,,False,,65600975,"86941, 23377, None, None"
2305353571,jbschlosser,Fix invalid nested int guarding in broadcast_shapes(),open,2025-01-29T19:40:37Z,,,topic: not user facing,gh/jbschlosser/227/base,gh/jbschlosser/227/head,,,,,,,"bdhirsh, laithsakka",,False,,65600975,"86941, 23377, None, None"
2305347805,angelayi,[export] Additionally save pytree namedtuple field names,closed,2025-01-29T19:37:56Z,,2025-02-04T04:42:32Z,"Merged, ciflow/trunk, ciflow/inductor, release notes: export",main,angelayi/namedtuple_fields,,,,,,,"avikchaudhuri, tugsbayasgalan, ydwu4",,False,,65600975,"86941, 23377, None, None"
2305324117,skotapati,"Add MPS OpInfo db, rework test_mps to use OpInfo",open,2025-01-29T19:29:09Z,,,"triaged, open source, release notes: mps, ciflow/mps, keep-going",main,dev/skotapati/mps_op_db,,,,,,,"kulinseth, malfet",,False,,65600975,"86941, 23377, None, None"
2305315338,yushangdi,add inductor_triton_kernel_mapping_post_grad.json to tlparseadd changes,closed,2025-01-29T19:26:10Z,,2025-01-30T06:18:51Z,"Merged, ciflow/trunk, topic: not user facing, module: inductor, module: dynamo, ciflow/inductor",main,strcutred_trace_dump,,,,,,,,,False,,65600975,"86941, 23377, None, None"
2305280225,eellison,"Fix signif_strides_equal for symints, dedupe",closed,2025-01-29T19:09:59Z,,2025-01-30T16:44:34Z,"Merged, ciflow/trunk, topic: not user facing, module: inductor, ciflow/inductor",gh/eellison/756/base,gh/eellison/756/head,,,,,,,,,False,,65600975,"86941, 23377, None, None"
2305204047,clee2000,[linter] Grep linter batches long command,closed,2025-01-29T18:33:35Z,,2025-01-29T21:23:29Z,"Merged, topic: not user facing",main,csl/grep_linter_1m,,,,,,,,,False,,65600975,"86941, 23377, None, None"
2305169912,eellison,give emulate_precision_casts an envar,closed,2025-01-29T18:13:52Z,,2025-01-29T22:43:35Z,"Merged, ciflow/trunk, topic: not user facing, module: inductor, ciflow/inductor",gh/eellison/755/base,gh/eellison/755/head,,,,,,,,,False,,65600975,"86941, 23377, None, None"
2305158263,jeffdaily,[ROCm][TunableOp] hipblaslt tf32 support,open,2025-01-29T18:06:41Z,,,"module: rocm, open source, ciflow/trunk, topic: not user facing, ciflow/rocm",main,rocm_tunableop_tf32,,,,,,,"leitian, eqy, syed-ahmed",,False,,65600975,"86941, 23377, None, None"
2305158263,jeffdaily,[ROCm][TunableOp] hipblaslt tf32 support,open,2025-01-29T18:06:41Z,,,"module: rocm, open source, ciflow/trunk, topic: not user facing, ciflow/rocm",main,rocm_tunableop_tf32,,,,,,,"leitian, eqy, syed-ahmed",,False,,65600975,"86941, 23377, None, None"
2305155558,haifeng-jin,Make regex error catching compatible with Python 3.12+.,closed,2025-01-29T18:05:04Z,,2025-02-05T00:57:38Z,"oncall: distributed, triaged, open source, Merged, ciflow/trunk, topic: not user facing",main,py312,,,,,,,,,False,,65600975,"86941, 23377, None, None"
2305078045,fadara01,Enable fast qlinear_dynamic path for AArch64 through ACL directly,open,2025-01-29T17:19:32Z,,,"module: cpu, triaged, open source, module: arm, release notes: quantization, release notes: releng, ciflow/linux-aarch64",main,acl_qlinear_dynamic,,,,,,,"jeffdaily, jerryzh168, salilsdesai, kimishpatel, digantdesai, jianyuh, nikhil-arm",,False,,65600975,"86941, 23377, None, None"
2305051625,andrewor14,Resolve affine quantization namespace collision with torchao,closed,2025-01-29T17:07:04Z,,2025-01-31T21:29:50Z,"fb-exported, Merged, ciflow/trunk, release notes: quantization, release notes: AO frontend",main,export-D68838437,,,,,,,jerryzh168,,False,,65600975,"86941, 23377, None, None"
2305017590,bobrenjc93,[not ready for review] add structured logs for shape env mutations over time,closed,2025-01-29T16:49:31Z,,2025-02-02T19:05:42Z,"ciflow/trunk, release notes: fx, fx, ciflow/inductor",gh/bobrenjc93/261/base,gh/bobrenjc93/261/head,,,,,,,,,True,,65600975,"86941, 23377, None, None"
2305000123,zou3519,Require that all HOPs be imported at `import torch` time,closed,2025-01-29T16:40:23Z,,2025-01-29T22:27:55Z,"Merged, ciflow/trunk, topic: not user facing",gh/zou3519/1123/base,gh/zou3519/1123/head,,,,,,,tugsbayasgalan,,False,,65600975,"86941, 23377, None, None"
2305000002,zou3519,Better hop_db comment; move test to a non-export test file,closed,2025-01-29T16:40:20Z,,2025-01-29T22:27:54Z,"Merged, topic: not user facing",gh/zou3519/1122/base,gh/zou3519/1122/head,,,,,,,tugsbayasgalan,,False,,65600975,"86941, 23377, None, None"
2304972262,jamesjwu,Disable AOTAutogradCache for triton version < 3.2,closed,2025-01-29T16:26:49Z,,2025-01-29T21:32:19Z,"Merged, ciflow/trunk, topic: not user facing, ciflow/inductor",gh/jamesjwu/98/base,gh/jamesjwu/98/head,,,,,,,,,False,,65600975,"86941, 23377, None, None"
2304955698,nikitaved,`torch.tensordot`: performance improvements when contracting to a scalar.,open,2025-01-29T16:18:48Z,,,"oncall: distributed, open source, ciflow/trunk, release notes: python_frontend, topic: performance, ciflow/inductor",main,nikitaved/tensordot,,,,,,,"mruberry, kulinseth, malfet",,False,,65600975,"86941, 23377, None, None"
2304882915,jvandebon,[CPU Stream] Add noop for CPU stream record_event() and wait_event(),open,2025-01-29T15:45:43Z,,,"module: cpu, fb-exported, ciflow/trunk, topic: not user facing",main,export-D68833927,,,,,,,weifengpy,,False,,65600975,"86941, 23377, None, None"
2304859579,guangyey,[Break XPU] Fix Inductor cuda bias UT,closed,2025-01-29T15:34:45Z,,2025-01-31T01:39:41Z,"open source, Merged, ciflow/trunk, topic: not user facing, module: inductor, ciflow/inductor, ciflow/xpu",gh/guangyey/122/base,gh/guangyey/122/head,,,,,,,,,False,,65600975,"86941, 23377, None, None"
2304856103,zou3519,Better hop_db comment; move test to a non-export test file,closed,2025-01-29T15:33:07Z,,2025-01-29T16:40:06Z,ciflow/trunk,gh/zou3519/1121/base,gh/zou3519/1121/head,,,,,,,"tugsbayasgalan, ydwu4",,False,,65600975,"86941, 23377, None, None"
2304707484,desertfire,cpp_wrapper: Move #includes to per-device header files,closed,2025-01-29T14:30:47Z,,2025-01-29T21:08:48Z,"fb-exported, Merged, ciflow/trunk, release notes: releng, module: inductor, ciflow/inductor, ciflow/xpu",main,export-D68656960,,,,,,,,,False,,65600975,"86941, 23377, None, None"
2304697377,albanD,[no ci] Edits on release notes,closed,2025-01-29T14:26:26Z,2025-01-29T16:56:14Z,2025-01-29T16:56:14Z,topic: not user facing,HDCharles-2.6.0-release-notes,alb_edits,,,,,,,,,False,,65600975,"86941, 23377, None, None"
2304688279,Aidyn-A,[Test][Linalg][CUDA] Increase niter in test_svd_lowrank_cuda_float64,open,2025-01-29T14:22:18Z,,,"module: cuda, triaged, open source, module: linear algebra, topic: not user facing",main,increase_niter_in_test_svd_lowrank_cuda_float64,,,,,,,"lezcano, nikitaved, IvanYashchuk, eqy",,False,,65600975,"86941, 23377, None, None"
2303989245,saienduri,Update mi300 labels to account for multiple clusters.,open,2025-01-29T08:51:26Z,,,"module: rocm, triaged, open source, Merged, Reverted, topic: not user facing, ci-no-td",main,mi300-labels,,,,,,,,,False,,65600975,"86941, 23377, None, None"
2303987724,soulitzer,Update NestedInt equality to take into account all metadata,open,2025-01-29T08:50:27Z,,,"module: cpu, release notes: fx, fx, module: dynamo, ciflow/inductor",gh/soulitzer/347/base,gh/soulitzer/347/head,,,,,,,,,False,,65600975,"86941, 23377, None, None"
2303956092,kfojcik-intel,Add retain-output argument,closed,2025-01-29T08:30:20Z,,2025-02-05T19:45:11Z,"triaged, open source, Merged, ciflow/trunk, topic: not user facing, module: dynamo",main,kfojcik/retain_output,,,,,,,,,False,,65600975,"86941, 23377, None, None"
2303952697,kfojcik-intel,Add basic Gaudi support to benchmarks/dynamo,open,2025-01-29T08:28:00Z,,,"triaged, open source, topic: not user facing, oncall: pt2, module: dynamo",main,kfojcik/basic_hpu_dynamo_benchmark,,,,,,,avikchaudhuri,,False,,65600975,"86941, 23377, None, None"
2303730034,mengluy0125,[Customized Optimus] Add select cat aten pass,closed,2025-01-29T05:47:38Z,,2025-01-31T02:35:12Z,"fb-exported, Merged, ciflow/trunk, module: inductor, ciflow/inductor, release notes: inductor, inductor_pattern_match",main,export-D68803384,,,,,,,,,False,,65600975,"86941, 23377, None, None"
2303703196,joda01,Draft: fix: Some smaller mingw fixes,open,2025-01-29T05:27:38Z,,,open source,main,fix-mingw,,,,,,,,,True,,65600975,"86941, 23377, None, None"
2303700112,jansel,[inductor] Add typing to common.KernelArgs,closed,2025-01-29T05:24:13Z,,2025-02-04T16:05:42Z,"Merged, Reverted, topic: not user facing, module: inductor, ciflow/inductor, ci-no-td",gh/jansel/489/base,gh/jansel/489/head,,,,,,,Skylion007,,False,,65600975,"86941, 23377, None, None"
2303639603,jansel,[inductor] Add typing to common.OpDecompositions,closed,2025-01-29T04:14:18Z,,2025-02-01T16:34:22Z,"Merged, topic: not user facing, ciflow/mps, module: inductor, ciflow/inductor",gh/jansel/488/base,gh/jansel/488/head,,,,,,,,,False,,65600975,"86941, 23377, None, None"
2303639559,jansel,[inductor] Combine regexp checks in OpOverrides.paren,closed,2025-01-29T04:14:14Z,,2025-02-01T16:34:21Z,"Merged, topic: not user facing, module: inductor, ciflow/inductor",gh/jansel/487/base,gh/jansel/487/head,,,,,,,,,False,,65600975,"86941, 23377, None, None"
2303639436,jansel,[inductor] Add types to DeviceOpOverrides,closed,2025-01-29T04:14:04Z,,2025-02-01T16:34:20Z,"Merged, topic: not user facing, module: inductor, ciflow/inductor",gh/jansel/486/base,gh/jansel/486/head,,,,,,,,,False,,65600975,"86941, 23377, None, None"
2303604972,kurtamohler,Deprecate conditional view for `torch.reshape`,closed,2025-01-29T03:28:01Z,,2025-01-31T22:10:06Z,"module: cpu, open source, release notes: python_frontend",gh/kurtamohler/32/base,gh/kurtamohler/32/head,,,,,,,,,True,,65600975,"86941, 23377, None, None"
2303604918,kurtamohler,Add future lazy clone setting and deprecate `torch.reshape` view,open,2025-01-29T03:27:56Z,,,"oncall: distributed, module: cpu, open source, release notes: python_frontend, module: inductor, module: dynamo, ciflow/inductor",gh/kurtamohler/31/base,gh/kurtamohler/31/head,,,,,,,,,True,,65600975,"86941, 23377, None, None"
2303597065,cyyever,Fix redundant move,open,2025-01-29T03:21:22Z,,,"oncall: jit, open source, NNC, release notes: jit",main,move,,,,,,,,,True,,65600975,"86941, 23377, None, None"
2303580818,anijain2305,[dynamo][builin-skipfiles-cleanup] Remove types,closed,2025-01-29T03:10:31Z,,2025-01-29T16:47:05Z,"Merged, ciflow/trunk, topic: not user facing, module: dynamo, ciflow/inductor",gh/anijain2305/649/base,gh/anijain2305/649/head,,,,,,,"yanboliang, StrongerXi",,False,,65600975,"86941, 23377, None, None"
2303554196,huydhn,Debug perf regression,closed,2025-01-29T02:37:45Z,,2025-01-31T17:24:41Z,"module: dynamo, ciflow/inductor, no-runner-experiments, ciflow/inductor-periodic, test-config/inductor_torchbench_smoketest_perf",main,debug-perf-regression,,,,,,,,,True,,65600975,"86941, 23377, None, None"
2303548924,cyyever,Use std::string_view,closed,2025-01-29T02:30:55Z,,2025-01-30T03:14:30Z,"oncall: jit, open source, Merged, ciflow/trunk, topic: not user facing, ciflow/periodic",main,string_view235,,,,,,,"mikaylagawarecki, lezcano, nikitaved, IvanYashchuk, r-barnes",,False,,65600975,"86941, 23377, None, None"
2303543687,cyyever,Let PYTORCH_NO_CUDA_MEMORY_CACHING has effect only when value is 1,closed,2025-01-29T02:24:33Z,,2025-01-30T05:11:14Z,"triaged, open source, Merged, ciflow/trunk, release notes: cuda, topic: bug fixes",main,cuda_allocator,,,,,,,"syed-ahmed, albanD",,False,,65600975,"86941, 23377, None, None"
2303521483,shunting314,[inductor] add size-asserts for fallback ops,closed,2025-01-29T01:53:11Z,,2025-02-07T18:44:36Z,"Merged, ciflow/trunk, topic: not user facing, module: inductor, module: dynamo, ciflow/inductor, keep-going",gh/shunting314/196/base,gh/shunting314/196/head,,,,,,,"Chillee, ezyang, mruberry",,False,,65600975,"86941, 23377, None, None"
2303496717,ketansingh,[NJT] Add cumsum support for nested tensors,open,2025-01-29T01:24:45Z,,,"fb-exported, topic: improvements, release notes: nested tensor",main,export-D68307097,,,,,,,,,False,,65600975,"86941, 23377, None, None"
2303477767,pianpwk,[export] nested terms in nn_module_stack deserialization,closed,2025-01-29T01:00:43Z,,2025-01-31T10:00:16Z,"fb-exported, Merged, ciflow/trunk, ciflow/inductor, release notes: export",main,export-D68784736,,,,,,,"avikchaudhuri, tugsbayasgalan, zhxchen17, ydwu4",,False,,65600975,"86941, 23377, None, None"
2303462838,ColinPeppler,re-use FloorDiv for RShift,closed,2025-01-29T00:42:45Z,,2025-01-29T22:50:24Z,"module: cpu, Merged, ciflow/trunk, topic: not user facing, module: inductor, ciflow/inductor",gh/ColinPeppler/60/base,gh/ColinPeppler/60/head,,,,,,,"ezyang, laithsakka",,False,,65600975,"86941, 23377, None, None"
2303442292,XilunWu,[1/N][cp][example] flex attention in context parallel (forward pass),closed,2025-01-29T00:20:17Z,,2025-02-06T19:50:05Z,"oncall: distributed, Merged, topic: not user facing, ciflow/inductor, module: context parallel",main,gh/XilunWu/112/head,,,,,,,,,False,,65600975,"86941, 23377, None, None"
2303439888,davidberard98,[BE] reduce log spew from test_triton_kernels.py,closed,2025-01-29T00:17:50Z,,2025-02-04T03:44:26Z,"Merged, ciflow/trunk, topic: not user facing, module: inductor, ciflow/inductor",gh/davidberard98/337/base,gh/davidberard98/337/head,,,,,,,"SamGinzburg, Skylion007",,False,,65600975,"86941, 23377, None, None"
2303434874,sanchitintel,[Inductor-CPU] Add profiling support for codegened flex attention kernels,closed,2025-01-29T00:11:52Z,,2025-01-29T20:54:50Z,"open source, Merged, ciflow/trunk, module: inductor, ciflow/inductor, release notes: inductor",main,sanchitintel/add_inductor_cpu_flex_attention_profiling,,,,,,,jgong5,,False,,65600975,"86941, 23377, None, None"
2303411174,kwen2501,[PGNCCL] Correct some ifdef's,closed,2025-01-28T23:46:30Z,,2025-01-30T01:05:24Z,"oncall: distributed, Merged, ciflow/trunk, release notes: distributed (c10d), topic: not user facing",gh/kwen2501/120/base,gh/kwen2501/120/head,,,,,,,"shuqiangzhang, fduwjj",,False,,65600975,"86941, 23377, None, None"
2303396510,anijain2305,"[dynamo][builtin-skipfiles-cleanup] remove abc, enum, importlib",closed,2025-01-28T23:28:53Z,,2025-01-29T05:30:11Z,"Merged, ciflow/trunk, topic: not user facing, module: dynamo, ciflow/inductor",gh/anijain2305/648/base,gh/anijain2305/648/head,,,,,,,yanboliang,,False,,65600975,"86941, 23377, None, None"
2303392543,henrylhtsang,[cutlass backend] update try_import_cutlass to accomodate for pip install,closed,2025-01-28T23:24:12Z,,2025-02-03T20:05:44Z,"Merged, ciflow/trunk, topic: not user facing, module: inductor, ciflow/inductor",gh/henrylhtsang/1/base,gh/henrylhtsang/1/head,,,,,,,"chenyang78, eellison",,False,,65600975,"86941, 23377, None, None"
2303384549,malfet,[CD][MacOS] Don't install `libuv` from conda,closed,2025-01-28T23:15:06Z,,2025-01-29T01:47:10Z,"topic: not user facing, ciflow/binaries_wheel",main,malfet-patch-7-1,,,,,,,atalman,,False,,65600975,"86941, 23377, None, None"
2303380303,malfet,[CD] Install OpenMP from homebrew,closed,2025-01-28T23:10:35Z,,2025-01-30T03:19:55Z,"Merged, release notes: releng, topic: improvements, ciflow/binaries_wheel",gh/malfet/158/base,gh/malfet/158/head,,,,,,,,,False,,65600975,"86941, 23377, None, None"
2303373231,Gasoonjia,[pytorch] raise exception when calling dim order on sparse tensor,closed,2025-01-28T23:03:39Z,,2025-01-29T06:15:46Z,"fb-exported, Merged, ciflow/trunk, topic: not user facing",gh/gasoonjia/1/base,gh/gasoonjia/1/head,,,,,,,,,False,,65600975,"86941, 23377, None, None"
2303368341,davidberard98,update aotdispatcher_inference_subclass_cpu results,closed,2025-01-28T22:58:56Z,,2025-01-29T17:57:11Z,"ciflow/trunk, topic: not user facing, module: dynamo, ciflow/inductor",gh/davidberard98/336/base,gh/davidberard98/336/head,,,,,,,laithsakka,,False,,65600975,"86941, 23377, None, None"
2303355104,angelayi,[export] Add distributed tests,closed,2025-01-28T22:50:41Z,,2025-01-30T17:43:21Z,"fb-exported, ciflow/trunk, topic: not user facing",main,export-D68799386,,,,,,,,,False,,65600975,"86941, 23377, None, None"
2303354495,jamesjwu,Hacky solution to bad interaction between AOTAutogradcache and Triton 3.1,open,2025-01-28T22:50:12Z,,,"topic: not user facing, ciflow/inductor",gh/jamesjwu/97/base,gh/jamesjwu/97/head,,,,,,,oulgen,,False,,65600975,"86941, 23377, None, None"
2303351490,pytorchbot,change the test wheel to release wheel when release wheel available,closed,2025-01-28T22:47:25Z,2025-01-29T00:09:34Z,2025-01-29T00:09:34Z,open source,release/2.6,cherry-pick-145252-by-pytorch_bot_bot_,,,,,,,,,False,,65600975,"86941, 23377, None, None"
2303338324,avikchaudhuri,bump counters for unbacked binding names,closed,2025-01-28T22:34:57Z,,2025-01-29T17:46:24Z,"fb-exported, Merged, ciflow/trunk, ciflow/inductor, release notes: export",gh/avikchaudhuri/50/base,gh/avikchaudhuri/50/head,,,,,,,"tugsbayasgalan, zhxchen17, ydwu4, angelayi",,False,,65600975,"86941, 23377, None, None"
2303283271,anijain2305,[dynamo][builtin-skipfiles-cleanup] Remove threading and multithreading,closed,2025-01-28T21:52:41Z,,2025-01-28T23:28:55Z,"topic: not user facing, module: dynamo, ciflow/inductor",gh/anijain2305/647/base,gh/anijain2305/647/head,,,,,,,,,False,,65600975,"86941, 23377, None, None"
2303283151,anijain2305,[dynamo][builtin-skipfiles-cleanup] Remove operator,closed,2025-01-28T21:52:36Z,,2025-01-28T23:29:05Z,"topic: not user facing, module: dynamo, ciflow/inductor",gh/anijain2305/646/base,gh/anijain2305/646/head,,,,,,,,,False,,65600975,"86941, 23377, None, None"
2303282812,anijain2305,[dynamo][bulitin-skipfiles-cleanup] Remove traceback,closed,2025-01-28T21:52:31Z,,2025-01-28T23:29:11Z,"topic: not user facing, module: dynamo, ciflow/inductor",gh/anijain2305/645/base,gh/anijain2305/645/head,,,,,,,,,False,,65600975,"86941, 23377, None, None"
2303277837,anijain2305,"[dynamo][builtin-skipfiles-cleanup] Remove threading, _collections_abc, _weakrefset, threading",closed,2025-01-28T21:48:50Z,,2025-01-29T05:30:10Z,"Merged, ciflow/trunk, topic: not user facing, module: dynamo, ciflow/inductor",gh/anijain2305/644/base,gh/anijain2305/644/head,,,,,,,yanboliang,,False,,65600975,"86941, 23377, None, None"
2303258765,VasuAgrawal,[pytorch] Sprinkle in a few `template` keywords,closed,2025-01-28T21:35:31Z,,2025-01-30T00:57:42Z,"fb-exported, Merged, ciflow/trunk, topic: not user facing",main,export-D68787925,,,,,,,,,False,,65600975,"86941, 23377, None, None"
2303257761,anijain2305,[dynamo][builtin-skipfiles-cleanup] Remove copy,closed,2025-01-28T21:34:46Z,,2025-02-04T19:02:56Z,"ciflow/trunk, topic: not user facing, module: dynamo, ciflow/inductor",gh/anijain2305/643/base,gh/anijain2305/643/head,,,,,,,,,False,,65600975,"86941, 23377, None, None"
2303253771,anijain2305,[dynamo][builtin-skipfiles-removal] Remove logging,closed,2025-01-28T21:31:46Z,,2025-01-29T05:30:09Z,"Merged, ciflow/trunk, topic: not user facing, module: inductor, module: dynamo, ciflow/inductor",gh/anijain2305/642/base,gh/anijain2305/642/head,,,,,,,"yanboliang, zou3519, StrongerXi",,False,,65600975,"86941, 23377, None, None"
2303202720,kundaMwiza,[WIP] Allow generation of inductor backend specific tests using instantiate_device_type_tests ,open,2025-01-28T20:54:32Z,,,"open source, module: inductor",main,mwizak/extend-device-agnostic-testing-with-inductor,,,,,,,,,True,,65600975,"86941, 23377, None, None"
2303196380,malfet,[CD] Install ninja and setuptools from PyPI,closed,2025-01-28T20:50:03Z,,2025-01-29T19:47:19Z,"Merged, Reverted, topic: not user facing, ciflow/binaries_wheel, ci-no-td",gh/malfet/157/base,gh/malfet/157/head,,,,,,,,,False,,65600975,"86941, 23377, None, None"
2303186022,malfet,[CMake] Find HomeBrew OpenMP on MacOS,closed,2025-01-28T20:43:29Z,,2025-01-30T03:19:53Z,"Merged, Reverted, ciflow/trunk, release notes: build, topic: improvements, ciflow/binaries_wheel, ci-no-td",gh/malfet/156/base,gh/malfet/156/head,,,,,,,,,False,,65600975,"86941, 23377, None, None"
2303170351,masnesral,Fix code cache + freezing compile-time regression,closed,2025-01-28T20:33:11Z,,2025-01-31T02:04:17Z,"Merged, ciflow/trunk, topic: not user facing, module: inductor, ciflow/inductor",gh/masnesral/172/base,gh/masnesral/172/head,,,,,,,,,False,,65600975,"86941, 23377, None, None"
2303163684,bertmaher,[triton] Update pin to tip of 3.2 release,closed,2025-01-28T20:28:38Z,,2025-02-05T01:42:36Z,"Merged, Reverted, ciflow/trunk, topic: not user facing, ciflow/inductor, ci-no-td",gh/bertmaher/5/base,gh/bertmaher/5/head,,,,,,,"desertfire, Chillee, eellison, shunting314, jeffdaily, jataylo, jithunnair-amd, pruthvistony, cpuhrsch",,False,,65600975,"86941, 23377, None, None"
2303160707,ahmadsharif1,[pytorch][cuda] Improve softmax backward pass native CUDA implementation,closed,2025-01-28T20:26:34Z,,2025-02-12T07:54:44Z,"Merged, ciflow/trunk, release notes: cuda",main,softmax1,,,,,,,"eqy, syed-ahmed, malfet",,False,,65600975,"86941, 23377, None, None"
2303152420,davidberard98,[WIP] Add test_torchinductor_opinfo.py to triton-cpu tests,open,2025-01-28T20:21:09Z,,,"ciflow/inductor, keep-going",gh/davidberard98/335/base,gh/davidberard98/335/head,,,,,,,,,True,,65600975,"86941, 23377, None, None"
2303062109,Camyll,Cleanup VS 2019 refs in pytorch,closed,2025-01-28T19:26:12Z,,2025-02-10T19:05:39Z,"Merged, ciflow/binaries, ciflow/trunk, release notes: releng, test-config/default",main,cleanup_vs_2019,,,,,,,,,False,,65600975,"86941, 23377, None, None"
2303055321,albanD,Extend abi-stable nitpick message to all the c stable files,closed,2025-01-28T19:21:57Z,,2025-01-28T23:22:26Z,"Merged, ciflow/trunk, topic: not user facing",main,abi_lint_more,,,,,,,,,False,,65600975,"86941, 23377, None, None"
2303017948,justinchuby,[ONNX] Support subgraphs with 1+ outputs,closed,2025-01-28T18:57:54Z,,2025-01-29T04:13:26Z,"module: onnx, open source, Merged, ciflow/trunk, release notes: onnx, topic: bug fixes",main,justinchu/multi-output,,,,,,,"shubhambhokare1, wschin, xadupre",,False,,65600975,"86941, 23377, None, None"
2302987814,nautsimon,[be][pytorch] Fix backend in autocast,closed,2025-01-28T18:38:58Z,,2025-01-29T03:13:11Z,"fb-exported, module: amp (automated mixed precision), Merged, ciflow/trunk, topic: not user facing",main,export-D68573324,,,,,,,guangyey,,False,,65600975,"86941, 23377, None, None"
2302945672,angelayi,Copy model before benchmark warmup runs,closed,2025-01-28T18:13:42Z,,2025-01-30T00:36:36Z,"Merged, ciflow/trunk, topic: not user facing, module: dynamo, ciflow/inductor",main,angelayi/144772,,,,,,,zou3519,,False,,65600975,"86941, 23377, None, None"
2302938950,pianpwk,[export] don't always print GM in serdes logging,closed,2025-01-28T18:09:22Z,,2025-01-29T01:03:04Z,"fb-exported, Merged, ciflow/trunk, ciflow/inductor, release notes: export",main,export-D68781525,,,,,,,"avikchaudhuri, tugsbayasgalan, zhxchen17, ydwu4",,False,,65600975,"86941, 23377, None, None"
2302931280,anijain2305,[dynamo][builtin-skipfiles-cleanup] Remove some builtins,closed,2025-01-28T18:04:31Z,,2025-01-29T05:30:08Z,"Merged, ciflow/trunk, topic: not user facing, module: dynamo, ciflow/inductor",gh/anijain2305/641/base,gh/anijain2305/641/head,,,,,,,yanboliang,,False,,65600975,"86941, 23377, None, None"
2302882609,fduwjj,[c10d][ez] Remove goto in PGNCCL and make linter happy for PGNCCL and NCCLUtils,closed,2025-01-28T17:38:27Z,,2025-01-28T21:19:52Z,"oncall: distributed, Merged, ciflow/trunk, release notes: distributed (c10d)",gh/fduwjj/110/base,gh/fduwjj/110/head,,,,,,,"wconstab, shuqiangzhang",,False,,65600975,"86941, 23377, None, None"
2302837934,samnordmann,[c10d][UCC] Support coalesing in `c10d::ProcessGroupUCC` through alltoallv,open,2025-01-28T17:16:51Z,,,"oncall: distributed, triaged, open source, release notes: distributed (c10d)",main,ucc_coalesced_a2av,,,,,,,"wconstab, kwen2501",,False,,65600975,"86941, 23377, None, None"
2302816210,Harry-Chen,cmake: fix detection logic when using system XNNPACK,open,2025-01-28T17:05:50Z,,,"triaged, open source, topic: not user facing",main,fix-system-xnnpack,,,,,,,,,False,,65600975,"86941, 23377, None, None"
2302763963,malfet,Skip search for MKL on ARM cpus,open,2025-01-28T16:40:35Z,,,topic: not user facing,gh/malfet/155/base,gh/malfet/155/head,,,,,,,Skylion007,,False,,65600975,"86941, 23377, None, None"
2302763815,malfet,[BE] Include CheckFunctionExists in `FindBLAS.cmake`,closed,2025-01-28T16:40:31Z,,2025-01-28T19:47:08Z,"Merged, ciflow/trunk, topic: not user facing",gh/malfet/154/base,gh/malfet/154/head,,,,,,,,,False,,65600975,"86941, 23377, None, None"
2302738908,bobrenjc93,Integrate sympy expression provenance logging with structured logs,closed,2025-01-28T16:29:33Z,,2025-02-04T01:21:40Z,"Merged, ciflow/trunk, release notes: fx, topic: not user facing, fx, ciflow/inductor",gh/bobrenjc93/260/base,gh/bobrenjc93/260/head,,,,,,,pianpwk,,False,,65600975,"86941, 23377, None, None"
2302721432,charlie-wt,Improve the guards on some cpp wrapper tests ,open,2025-01-28T16:22:39Z,,,"triaged, open source, topic: not user facing, module: inductor",main,charliew/test-skip,,,,,,,,,False,,65600975,"86941, 23377, None, None"
2302654668,lw,[async-TP] Fix scheduling in matmul+reduce-scatter for 2 ranks,closed,2025-01-28T15:54:27Z,,2025-01-30T18:26:36Z,"oncall: distributed, Merged, ciflow/trunk, topic: not user facing",main,lw_async_tp_rs_2,,,,,,,,,False,,65600975,"86941, 23377, None, None"
2302643494,ankitageorge,[OSS] Add kwargs to fsspec reader/writer,closed,2025-01-28T15:49:21Z,,2025-01-30T21:01:03Z,"oncall: distributed, fb-exported, Merged, ciflow/trunk, topic: not user facing, module: distributed_checkpoint",main,export-D68738777,,,,,,,,,False,,65600975,"86941, 23377, None, None"
2302637694,atalman,Move trunk windows builds to CUDA-12.4,closed,2025-01-28T15:46:53Z,,2025-01-28T18:00:54Z,"Merged, ciflow/trunk, topic: not user facing",main,move_trunk_windows_builds,,,,,,,,,False,,65600975,"86941, 23377, None, None"
2302635485,daniil-lyakhov,WIP OpenVINOQuantizer,closed,2025-01-28T15:45:55Z,,2025-01-28T15:55:56Z,"open source, release notes: quantization, release notes: AO frontend",main,dl/openvino_quantizer,,,,,,,,,False,,65600975,"86941, 23377, None, None"
2302549887,jvandebon,[MTIA][FSDP2] Enable MTIA device in FSDP2 library code,closed,2025-01-28T15:09:50Z,,2025-01-31T21:21:03Z,"oncall: distributed, fb-exported, Merged, ciflow/trunk, release notes: distributed (fsdp), ciflow/inductor",main,export-D68560256,,,,,,,"awgu, egienvalue",,False,,65600975,"86941, 23377, None, None"
2302464744,AlekseiNikiforovIBM,s390x ci: ensure CI starts correctly if token pipe is not removed,closed,2025-01-28T14:40:15Z,,2025-01-31T17:46:12Z,"triaged, open source, Merged, topic: not user facing",main,s390x_ci_updates,,,,,,,malfet,,False,,65600975,"86941, 23377, None, None"
2302370700,danzimm,[ATen] Implement exception handling for hipsolver APIs,closed,2025-01-28T14:03:08Z,,2025-01-28T21:37:25Z,"fb-exported, Merged, ciflow/trunk, topic: not user facing",main,export-D68741194,,,,,,,"eqy, syed-ahmed",,False,,65600975,"86941, 23377, None, None"
2302132579,AlekseiNikiforovIBM,s390x: disable test_model_exports_to_core_aten.py test,closed,2025-01-28T12:26:56Z,,2025-01-31T17:45:13Z,"triaged, open source, Merged, topic: not user facing, ciflow/s390",main,s390x_periodic_tests_update,,,,,,,,,False,,65600975,"86941, 23377, None, None"
2302082565,rec,[inductor] Add features to docstring_linter (see #142496),open,2025-01-28T12:03:29Z,,,"module: lint, open source, better-engineering, topic: not user facing, suppress-api-compatibility-check, suppress-bc-linter",gh/rec/128/base,gh/rec/128/head,,,,,,,amjames,,False,,65600975,"86941, 23377, None, None"
2301892968,moghadas76,Implement KL for studentT,open,2025-01-28T10:37:07Z,,,"triaged, open source",main,fix/student_t_kl,,,,,,,fritzo,,False,,65600975,"86941, 23377, None, None"
2301862160,jataylo,[DO NOT MERGE] [TESTING] [ROCm] Triton cherry-picks for AMD backend perf optimisation,open,2025-01-28T10:21:32Z,,,"module: rocm, open source, ciflow/trunk, topic: not user facing, ciflow/periodic, ciflow/inductor, ciflow/rocm, ciflow/inductor-rocm",main,rc32-cps,,,,,,,,,True,,65600975,"86941, 23377, None, None"
2301780432,GregoryComer,Update ET pin to 41e7ffa,closed,2025-01-28T09:46:24Z,,2025-02-07T23:52:24Z,"Merged, ciflow/trunk, topic: not user facing, ciflow/inductor",main,et-pin-update,,,,,,,jeffdaily,,False,,65600975,"86941, 23377, None, None"
2301718533,saienduri,Ensure GPU isolation for kubernetes pod MI300 runners.,closed,2025-01-28T09:15:18Z,,2025-01-28T17:20:49Z,"module: rocm, open source, Merged, topic: not user facing, rocm, ciflow/unstable, ciflow/rocm",main,gpu-isolation-env,,,,,,,,,False,,65600975,"86941, 23377, None, None"
2301497351,anijain2305,[dynamo][builtin-skipfiles-cleanup] Remove posixpath,closed,2025-01-28T07:08:03Z,,2025-01-28T16:14:39Z,"Merged, ciflow/trunk, topic: not user facing, module: dynamo, ciflow/inductor",gh/anijain2305/640/base,gh/anijain2305/640/head,,,,,,,,,False,,65600975,"86941, 23377, None, None"
2301477132,anijain2305,[dynamo][builtin-skipfiles-cleanup] Remove re,closed,2025-01-28T06:51:56Z,,2025-01-28T16:14:38Z,"Merged, ciflow/trunk, topic: not user facing, module: dynamo, ciflow/inductor",gh/anijain2305/639/base,gh/anijain2305/639/head,,,,,,,,,False,,65600975,"86941, 23377, None, None"
2301422268,aorenste,"Back out ""Revert ""pickler for GraphModule (#141659)""""",closed,2025-01-28T06:11:28Z,,2025-01-30T22:09:14Z,"oncall: distributed, release notes: distributed (fsdp), fx, module: inductor, module: dynamo, ciflow/inductor",gh/aorenste/212/base,gh/aorenste/212/head,,,,,,,,,True,,65600975,"86941, 23377, None, None"
2301326270,huydhn,Fix environment deployment spam,closed,2025-01-28T04:39:28Z,,2025-01-28T17:46:34Z,"module: rocm, Merged, topic: not user facing, test-config/default, ciflow/rocm",main,fix-env-deployment-spam,,,,,,,,,False,,65600975,"86941, 23377, None, None"
2301272472,cyyever,Remove unneeded CUDA logic from _create_build_env,open,2025-01-28T03:34:42Z,,,"triaged, open source, topic: not user facing",main,cmake_find,,,,,,,"huydhn, malfet, albanD",,False,,65600975,"86941, 23377, None, None"
2301266879,bobrenjc93,add test for capture_dynamic_output_shape_ops=True changing expected output between eager and compiled versions,closed,2025-01-28T03:28:49Z,,2025-01-29T04:36:35Z,"Merged, ciflow/trunk, topic: not user facing, module: dynamo, ciflow/inductor",gh/bobrenjc93/259/base,gh/bobrenjc93/259/head,,,,,,,,,False,,65600975,"86941, 23377, None, None"
2301264043,cyyever,Simplify handling of max jobs in CMake builds,closed,2025-01-28T03:24:32Z,,2025-01-31T00:55:42Z,"triaged, open source, Merged, ciflow/trunk, topic: not user facing",main,cmake_max_job,,,,,,,,,False,,65600975,"86941, 23377, None, None"
2301258689,cyyever,Replace distutils.version with  copied looseversion,open,2025-01-28T03:17:56Z,,,"triaged, open source, topic: not user facing",main,looseversion,,,,,,,"malfet, janeyx99",,False,,65600975,"86941, 23377, None, None"
2301244592,henrylhtsang,Update cutlass pin from 3.6 to 3.7,closed,2025-01-28T03:03:19Z,,2025-01-28T03:04:19Z,topic: not user facing,main,gh/henrylhtsang/0/orig,,,,,,,,,False,,65600975,"86941, 23377, None, None"
2301244177,henrylhtsang,Update cutlass pin from 3.6 to 3.7,closed,2025-01-28T03:02:44Z,,2025-01-29T18:44:54Z,"ciflow/trunk, topic: not user facing, ciflow/inductor",gh/henrylhtsang/0/base,gh/henrylhtsang/0/head,,,,,,,,,False,,65600975,"86941, 23377, None, None"
2301242453,wz337,[DTensor] Add pointwise ops strategy for `aten.minimum`,closed,2025-01-28T03:00:22Z,,2025-01-29T01:19:03Z,"oncall: distributed, Merged, ciflow/trunk, topic: not user facing, ciflow/inductor, module: dtensor",main,add_aten_minimum_sharding_prop,,,,,,,"fduwjj, tianyu-l",,False,,65600975,"86941, 23377, None, None"
2301217810,henryhu6,[AOTI] Cache treespec_loads calculation,closed,2025-01-28T02:29:17Z,,2025-01-31T06:38:23Z,"fb-exported, Merged, ciflow/trunk, topic: not user facing",main,export-D68749539,,,,,,,,,False,,65600975,"86941, 23377, None, None"
2301196310,malfet,[BE][Inductor] Simplify `custom_op` tests,closed,2025-01-28T02:12:27Z,,2025-01-28T05:58:53Z,"Merged, ciflow/trunk, topic: not user facing, ciflow/mps, module: inductor, ciflow/inductor",gh/malfet/153/base,gh/malfet/153/head,,,,,,,dcci,,False,,65600975,"86941, 23377, None, None"
2301193235,henrylhtsang,test oss ci whether will run cutlass backend test or not,closed,2025-01-28T02:08:16Z,,2025-01-28T17:56:01Z,"fb-exported, topic: not user facing, module: inductor, ciflow/inductor",main,export-D68748965,,,,,,,,,False,,65600975,"86941, 23377, None, None"
2301189640,henrylhtsang,[cutlass backend] check against arch >= 100,closed,2025-01-28T02:03:04Z,,2025-02-10T22:41:10Z,"fb-exported, Merged, ciflow/trunk, topic: not user facing, module: inductor, ciflow/inductor",main,export-D68748705,,,,,,,kadeng,,False,,65600975,"86941, 23377, None, None"
2301186984,yifuwang,[AsyncMM] re-enable and adapt to cutlass 3.6.0 (#144011),open,2025-01-28T01:59:16Z,,,"oncall: distributed, fb-exported, release notes: distributed (c10d)",main,export-D68734003,,,,,,,,,False,,65600975,"86941, 23377, None, None"
2301150261,angelayi,[export] Add tlparse to draft-export,closed,2025-01-28T01:27:37Z,,2025-01-29T19:26:02Z,"Merged, ciflow/trunk, release notes: export",main,angelayi/tlparse_export,,,,,,,"avikchaudhuri, tugsbayasgalan, zhxchen17, ydwu4",,False,,65600975,"86941, 23377, None, None"
2301147707,malfet,[MPS] Extend `torch.mm`/`torch.bmm` to integral types,closed,2025-01-28T01:24:03Z,,2025-01-30T19:35:28Z,"Merged, topic: improvements, release notes: mps, ciflow/mps",gh/malfet/152/base,gh/malfet/152/head,,,,,,,"kulinseth, Skylion007",,False,,65600975,"86941, 23377, None, None"
2301147645,malfet,[MPS] Add `op_math_t`,closed,2025-01-28T01:23:59Z,,2025-01-28T18:03:55Z,"Merged, topic: not user facing, ciflow/mps",gh/malfet/151/base,gh/malfet/151/head,,,,,,,,,False,,65600975,"86941, 23377, None, None"
2301118994,anijain2305,[dynamo][builtin-skipfiles-cleanup] Remove random,closed,2025-01-28T00:51:49Z,,2025-02-04T17:39:00Z,"ciflow/trunk, topic: not user facing, module: dynamo, ciflow/inductor",gh/anijain2305/638/base,gh/anijain2305/638/head,,,,,,,williamwen42,,False,,65600975,"86941, 23377, None, None"
2301097974,desertfire,Revert D68278174,closed,2025-01-28T00:29:00Z,,2025-01-28T19:50:33Z,"fb-exported, ciflow/trunk, topic: not user facing, module: inductor, ciflow/inductor",main,export-D68744749,,,,,,,,,False,,65600975,"86941, 23377, None, None"
2301089378,ColinPeppler,[export] allow bit shift builtin ops,closed,2025-01-28T00:20:34Z,,2025-01-29T03:05:50Z,"Merged, ciflow/trunk, ciflow/inductor, release notes: export",gh/ColinPeppler/59/base,gh/ColinPeppler/59/head,,,,,,,"avikchaudhuri, tugsbayasgalan, zhxchen17, ydwu4, angelayi",,False,,65600975,"86941, 23377, None, None"
2301087719,c00w,config: Don't spam warnings about reference type configs,closed,2025-01-28T00:18:38Z,,2025-01-30T18:57:21Z,"Merged, ciflow/trunk, topic: not user facing",gh/c00w/33/base,gh/c00w/33/head,,,,,,,"ezyang, oulgen",,False,,65600975,"86941, 23377, None, None"
2301057023,c00w,inductor: Test for crash when nn.module has a bad getattr call.,closed,2025-01-27T23:47:24Z,,2025-01-30T18:50:19Z,"topic: not user facing, module: dynamo, ciflow/inductor",gh/c00w/32/base,gh/c00w/32/head,,,,,,,,,True,,65600975,"86941, 23377, None, None"
2301052713,yifuwang,[will-not-merge] tuning,open,2025-01-27T23:43:34Z,,,"oncall: distributed, release notes: distributed (c10d)",gh/yifuwang/192/base,gh/yifuwang/192/head,,,,,,,,,True,,65600975,"86941, 23377, None, None"
2301052654,yifuwang,[Async-TP] improve algo selection,open,2025-01-27T23:43:30Z,,,oncall: distributed,gh/yifuwang/191/base,gh/yifuwang/191/head,,,,,,,,,True,,65600975,"86941, 23377, None, None"
2301052587,yifuwang,[Async-TP] _pipelined_multi_all_gather_and_consume reduce overhead,open,2025-01-27T23:43:25Z,,,oncall: distributed,gh/yifuwang/190/base,gh/yifuwang/190/head,,,,,,,,,True,,65600975,"86941, 23377, None, None"
2301052231,yifuwang,[AsyncMM] preliminary tuning,open,2025-01-27T23:43:21Z,,,"oncall: distributed, release notes: distributed (c10d)",gh/yifuwang/189/base,gh/yifuwang/189/head,,,,,,,,,True,,65600975,"86941, 23377, None, None"
2301052151,yifuwang,[Async-TP] Port _fused_all_gather_matmul_native to cpp to reduce launching overhead,open,2025-01-27T23:43:16Z,,,"oncall: distributed, release notes: distributed (c10d)",gh/yifuwang/188/base,gh/yifuwang/188/head,,,,,,,,,True,,65600975,"86941, 23377, None, None"
2301043570,nWEIdia,[CI][CUDA][cuSPARSELt] cusparselt 0.6.3 and cu121 related cleanups,closed,2025-01-27T23:34:34Z,,2025-01-28T21:02:00Z,"open source, Merged, ciflow/trunk, topic: not user facing",main,main-update-cusparselt-0.6.3-for-CI,,,,,,,jeffdaily,,False,,65600975,"86941, 23377, None, None"
2301026274,tinglvv,Add CUDA 12.8 manywheel x86 Builds to Binaries Matrix,closed,2025-01-27T23:21:58Z,,2025-01-31T16:12:05Z,"open source, Merged, ciflow/binaries, ciflow/trunk, topic: not user facing",main,cu128-binaries,,,,,,,,,False,,65600975,"86941, 23377, None, None"
2301015862,benjaminglass1,cpp_wrapper: enable in aarch64 and x86 nightly dashboard performance runs,closed,2025-01-27T23:16:20Z,,2025-01-30T02:55:48Z,"open source, Merged, ciflow/trunk, topic: not user facing",gh/benjaminglass1/62/base,gh/benjaminglass1/62/head,,,,,,,,,False,,65600975,"86941, 23377, None, None"
2300993536,ZainRizvi,Move ROCm MI300 jobs to unstable to make CI green,closed,2025-01-27T23:00:40Z,,2025-01-28T17:25:17Z,"module: rocm, Merged, ciflow/trunk, topic: not user facing, ciflow/unstable, ciflow/rocm",main,zainr/rocm-unstable,,,,,,,"jeffdaily, seemethere",,False,,65600975,"86941, 23377, None, None"
2300982408,tinglvv,Add CUDA 12.8 libtorch image,closed,2025-01-27T22:51:29Z,,2025-01-29T02:59:40Z,"open source, Merged, ciflow/trunk, topic: not user facing",main,libtorch-cu128-docker,,,,,,,jeffdaily,,False,,65600975,"86941, 23377, None, None"
2300972825,Isalia20,[MPS] masked_fill_ tiling for large tensors,closed,2025-01-27T22:43:33Z,,2025-02-02T15:11:04Z,"open source, release notes: mps",main,mps-masked-fill-tiling,,,,,,,"kulinseth, malfet",,True,,65600975,"86941, 23377, None, None"
2300967613,janeyx99,Add ignorable commits on run_test.py to git blame ignore,closed,2025-01-27T22:39:00Z,,2025-01-27T23:24:51Z,"Merged, topic: not user facing",main,ignore-67d8e7b,,,,,,,,,False,,65600975,"86941, 23377, None, None"
2300934064,StrongerXi,[dynamo] Properly branch on an unspecialized NN module,closed,2025-01-27T22:12:52Z,,2025-01-28T19:45:21Z,"Merged, ciflow/trunk, topic: not user facing, module: dynamo, ciflow/inductor",gh/StrongerXi/80/base,gh/StrongerXi/80/head,,,,,,,anijain2305,,False,,65600975,"86941, 23377, None, None"
2300921420,janeyx99,Run AOT custom extensions tests on Windows,closed,2025-01-27T22:03:45Z,,2025-01-28T20:08:05Z,"ciflow/trunk, topic: not user facing",gh/janeyx99/219/base,gh/janeyx99/219/head,,,,,,,,,False,,65600975,"86941, 23377, None, None"
2300901927,Skylion007,[BE]: Update typing of OrderedSet ancestor,closed,2025-01-27T21:50:02Z,,2025-01-28T04:43:51Z,"open source, better-engineering, Merged, ciflow/trunk, topic: not user facing",main,skylion007/update-mutable-set-generic-2025-01-27,,,,,,,"ezyang, albanD, aorenste, malfet",,False,,65600975,"86941, 23377, None, None"
2300895128,StrongerXi,[dynamo] Properly prune dead input cell object,closed,2025-01-27T21:45:18Z,,2025-01-28T18:28:16Z,"Merged, ciflow/trunk, topic: not user facing, module: dynamo, ciflow/inductor",gh/StrongerXi/79/base,gh/StrongerXi/79/head,,,,,,,,,False,,65600975,"86941, 23377, None, None"
2300879572,Skylion007,Update CUDNN frontend submodule to 1.10.0,closed,2025-01-27T21:34:47Z,,2025-01-28T22:54:27Z,"open source, Merged, ciflow/trunk, topic: not user facing, release notes: cudnn",main,skylion007/test-cudnn-frontend-1.10.0-rc,,,,,,,"ngimel, eqy",,False,,65600975,"86941, 23377, None, None"
2300877258,eqy,[CUDNN][CUDNN V8 API] Allow user-specified CUDNN V8 API benchmarking technique,open,2025-01-27T21:33:12Z,,,"module: cudnn, triaged, open source, topic: not user facing",main,cudnnv8technique,,,,,,,syed-ahmed,,False,,65600975,"86941, 23377, None, None"
2300869331,jbschlosser,NJT support for cat() on the ragged dim,open,2025-01-27T21:28:00Z,,,topic: not user facing,gh/jbschlosser/226/base,gh/jbschlosser/226/head,,,,,,,,,False,,65600975,"86941, 23377, None, None"
2300851769,avikchaudhuri,relax assertion to warning for unbacked binding names,closed,2025-01-27T21:16:44Z,,2025-01-28T07:52:42Z,"fb-exported, Merged, ciflow/trunk, ciflow/inductor, release notes: export",main,export-D68731710,,,,,,,"tugsbayasgalan, zhxchen17, ydwu4",,False,,65600975,"86941, 23377, None, None"
2300851725,tinglvv,Update to NCCL 2.25.1 for 12.8,open,2025-01-27T21:16:42Z,,,"triaged, open source, topic: not user facing",main,nccl-update-12.8,,,,,,,"jeffdaily, malfet, nWEIdia",,False,,65600975,"86941, 23377, None, None"
2300805122,zou3519,[POC] flat_apply HOP,open,2025-01-27T20:46:12Z,,,"release notes: fx, fx",main,flat_apply,,,,,,,,,True,,65600975,"86941, 23377, None, None"
2300755434,tugsbayasgalan,Implement serializable getattr support for tensor subclasses,closed,2025-01-27T20:19:13Z,,2025-02-11T19:05:17Z,"Merged, ciflow/trunk, module: dynamo, ciflow/inductor, release notes: export",gh/tugsbayasgalan/288/base,gh/tugsbayasgalan/288/head,,,,,,,"avikchaudhuri, zhxchen17, ydwu4, angelayi, zou3519",,False,,65600975,"86941, 23377, None, None"
2300753215,avikchaudhuri,Revert D68232274,closed,2025-01-27T20:17:44Z,,2025-01-28T17:04:42Z,"fb-exported, ciflow/inductor, release notes: export",main,export-D68725051,,,,,,,"tugsbayasgalan, zhxchen17, ydwu4, angelayi",,False,,65600975,"86941, 23377, None, None"
2300744246,suo,[torch][distributed] re-merge NCCLComm::split impl,open,2025-01-27T20:12:04Z,,,"oncall: distributed, fb-exported, release notes: distributed (c10d)",main,export-D68727854,,,,,,,"wconstab, shuqiangzhang",,False,,65600975,"86941, 23377, None, None"
2300740624,avikchaudhuri,Revert D68232274,closed,2025-01-27T20:09:50Z,,2025-01-27T20:11:31Z,"fb-exported, ciflow/inductor, release notes: export",main,export-D68725051,,,,,,,"tugsbayasgalan, zhxchen17, ydwu4, angelayi",,False,,65600975,"86941, 23377, None, None"
2300738294,jamesjwu,Log info for AOTAutogradCache bypasses instead of warning,closed,2025-01-27T20:08:19Z,,2025-01-28T19:25:39Z,"Merged, ciflow/trunk, topic: not user facing, ciflow/inductor",gh/jamesjwu/96/base,gh/jamesjwu/96/head,,,,,,,masnesral,,False,,65600975,"86941, 23377, None, None"
2300708806,pianpwk,[cond] remove warning for unsupported tuple returns,closed,2025-01-27T19:49:21Z,,2025-01-28T03:13:39Z,"Merged, ciflow/trunk, topic: not user facing",main,pianpwk/cond_tuple_return_warn,,,,,,,,,False,,65600975,"86941, 23377, None, None"
2300708354,tinglvv,Add magma cuda build 12.8,closed,2025-01-27T19:49:06Z,,2025-01-29T08:43:40Z,"open source, Merged, ciflow/trunk, topic: not user facing",main,magma-128,,,,,,,atalman,,False,,65600975,"86941, 23377, None, None"
2300706420,janeyx99,Set -DPy_LIMITED_API flag for py_limited_api=True extensions,closed,2025-01-27T19:47:54Z,,2025-01-28T20:11:07Z,"Merged, ciflow/trunk, release notes: python_frontend",gh/janeyx99/218/base,gh/janeyx99/218/head,,,,,,,"fmassa, soumith",,False,,65600975,"86941, 23377, None, None"
2300705007,huydhn,Run inductor perf benchmark on ROCm,closed,2025-01-27T19:47:11Z,,2025-01-27T20:19:07Z,"module: rocm, Merged, release notes: releng, test-config/default, ciflow/rocm",main,enable-rocm-perf-dashboard,,,,,,,,,False,,65600975,"86941, 23377, None, None"
2300696638,ydwu4,[export] fix non-strict pre_dispatch exporting while_loop,closed,2025-01-27T19:41:50Z,,2025-01-30T18:58:37Z,"Merged, ciflow/trunk, release notes: fx, fx, keep-going",gh/ydwu4/202/base,gh/ydwu4/202/head,,,,,,,desertfire,,False,,65600975,"86941, 23377, None, None"
2300669888,c-p-i-o,[chore][ez] change alloc buffer size from 4000 to 4096,closed,2025-01-27T19:26:04Z,,2025-01-28T09:14:09Z,"oncall: distributed, Merged, ciflow/trunk, release notes: distributed (c10d)",gh/c-p-i-o/9/base,gh/c-p-i-o/9/head,,,,,,,"wconstab, kwen2501",,False,,65600975,"86941, 23377, None, None"
2300669767,c-p-i-o,[bug] fix memory leaks for failed queries,closed,2025-01-27T19:26:00Z,,2025-01-28T03:18:51Z,"oncall: distributed, release notes: distributed (c10d)",gh/c-p-i-o/8/base,gh/c-p-i-o/8/head,,,,,,,"wconstab, kwen2501, fduwjj",,False,,65600975,"86941, 23377, None, None"
2300669655,c-p-i-o,[bug] handle case when remote peer closes connection,closed,2025-01-27T19:25:56Z,,2025-01-28T03:06:41Z,"oncall: distributed, Merged, ciflow/trunk, release notes: distributed (c10d)",gh/c-p-i-o/7/base,gh/c-p-i-o/7/head,,,,,,,"wconstab, kwen2501",,False,,65600975,"86941, 23377, None, None"
2300669488,c-p-i-o,[chore] fix new linter,closed,2025-01-27T19:25:50Z,,2025-01-27T22:48:14Z,"oncall: distributed, Merged, ciflow/trunk, release notes: distributed (c10d)",gh/c-p-i-o/6/base,gh/c-p-i-o/6/head,,,,,,,"wconstab, kwen2501",,False,,65600975,"86941, 23377, None, None"
2300630033,ankitageorge,[OSS] Add no dist as an argument to DCP top level apis,closed,2025-01-27T19:03:23Z,,2025-01-29T20:33:40Z,"oncall: distributed, fb-exported, Merged, ciflow/trunk, topic: not user facing, module: distributed_checkpoint",main,export-D68714246,,,,,,,,,False,,65600975,"86941, 23377, None, None"
2300622981,anijain2305,[dynamo][builtin-skipfile-cleanup] Remove signal,closed,2025-01-27T18:59:47Z,,2025-01-28T16:14:36Z,"Merged, ciflow/trunk, topic: not user facing, module: dynamo, ciflow/inductor, keep-going",gh/anijain2305/637/base,gh/anijain2305/637/head,,,,,,,"yanboliang, jansel",,False,,65600975,"86941, 23377, None, None"
2300621477,ngimel,"initialize device when pinning memory on this device, short circuit i…",closed,2025-01-27T18:58:49Z,,2025-01-30T21:37:32Z,"Merged, ciflow/trunk, release notes: cuda",main,ngimel/pinned_init,,,,,,,,,False,,65600975,"86941, 23377, None, None"
2300618967,ankitageorge,[OSS] Update FileSystem methods to properly handle a string argument,open,2025-01-27T18:57:16Z,,,"oncall: distributed, fb-exported, topic: not user facing, module: distributed_checkpoint",main,export-D68713937,,,,,,,,,False,,65600975,"86941, 23377, None, None"
2300615103,williamwen42,[dynamo] save/restore system random state more carefully,open,2025-01-27T18:55:10Z,,,"Merged, Reverted, ciflow/trunk, topic: bug fixes, topic: not user facing, module: dynamo, ciflow/inductor, ci-no-td",gh/williamwen42/201/base,gh/williamwen42/201/head,,,,,,,anijain2305,,False,,65600975,"86941, 23377, None, None"
2300610241,ankitageorge,[checkpointing] Add support for HuggingFace filesystem to read and write DCP checkpoints,closed,2025-01-27T18:52:47Z,,2025-01-27T22:33:32Z,"oncall: distributed, fb-exported, topic: not user facing, module: distributed_checkpoint",main,export-D68440250,,,,,,,,,False,,65600975,"86941, 23377, None, None"
2300601219,mikaylagawarecki,Set USE_CUFILE=1 by default and add pypi package to binary build matrix,closed,2025-01-27T18:47:54Z,,2025-02-11T15:49:04Z,"Merged, ciflow/trunk, topic: not user facing, ciflow/binaries_wheel",gh/mikaylagawarecki/311/base,gh/mikaylagawarecki/311/head,,,,,,,,,False,,65600975,"86941, 23377, None, None"
2300600340,PatriceVignola,[Torch] Extract arange_out resizing logic into a helper function that can be used by other devices,closed,2025-01-27T18:47:23Z,,2025-01-30T22:37:03Z,"fb-exported, Merged, ciflow/trunk, topic: not user facing",main,export-D68694489,,,,,,,"Skylion007, yuguo68, ezyang",,False,,65600975,"86941, 23377, None, None"
2300588767,Aidyn-A,[ATen][CUDA] Implement 128 bit vectorization v2,closed,2025-01-27T18:40:41Z,,2025-01-31T06:42:10Z,"module: cuda, open source, Merged, Reverted, ciflow/trunk, topic: not user facing, ci-no-td, module: core aten",main,cuda_128_bit_vectorization,,,,,,,"syed-ahmed, Skylion007",,False,,65600975,"86941, 23377, None, None"
2300567157,ezyang,Add nitpick warning that aoti_torch/c/shim.h is ABI stable,closed,2025-01-27T18:28:09Z,,2025-01-27T19:25:40Z,"Merged, topic: not user facing",gh/ezyang/3072/base,gh/ezyang/3072/head,,,,,,,"antoniojkim, bdhirsh, miladm, SherlockNoMad",,False,,65600975,"86941, 23377, None, None"
2300551102,anijain2305,[dynamo][builtin-skiplist-cleanup] Remove weakref,closed,2025-01-27T18:22:12Z,,2025-01-28T07:55:15Z,"Merged, ciflow/trunk, topic: not user facing, module: dynamo, ciflow/inductor, keep-going",gh/anijain2305/636/base,gh/anijain2305/636/head,,,,,,,"zou3519, williamwen42",,False,,65600975,"86941, 23377, None, None"
2300518961,psaab,[aarch64] Rebuild everything with ArmPL,closed,2025-01-27T18:04:35Z,,2025-01-28T20:48:44Z,"fb-exported, Merged, ciflow/trunk, topic: not user facing",main,export-D68219559,,,,,,,,,False,,65600975,"86941, 23377, None, None"
2300469966,Skylion007,[BE]: Update Cutlass submodule to 3.8 candidate for SM100+ support,open,2025-01-27T17:39:08Z,,,"open source, better-engineering, ciflow/trunk, release notes: cuda, topic: not user facing",main,skylion007/update-cutlass-3-8-0-prc-0,,,,,,,"Aidyn-A, drisspg, eqy, malfet, ngimel, albanD",,True,,65600975,"86941, 23377, None, None"
2300458712,malfet,[MPS] Fix `c0::metal::log_gamma` correctness on M4,closed,2025-01-27T17:34:14Z,,2025-01-27T21:24:25Z,"Merged, topic: not user facing, ciflow/mps",gh/malfet/150/base,gh/malfet/150/head,,,,,,,,,False,,65600975,"86941, 23377, None, None"
2300319315,Edenzzzz,[Docs] Make comm handle wait & is_completed docs more clear for multi-stream,open,2025-01-27T16:31:18Z,,,"triaged, open source, release notes: distributed (c10d)",main,dist_docs,,,,,,,,,False,,65600975,"86941, 23377, None, None"
2300275684,malfet,[MPS][BE] Use conveinence methods to set args,closed,2025-01-27T16:11:54Z,,2025-01-27T17:42:03Z,"Merged, topic: not user facing, release notes: mps, ciflow/mps",main,malfet/mps-be-use-conveinecne-methods,,,,,,,kulinseth,,False,,65600975,"86941, 23377, None, None"
2300136012,burak-turk,add pt2 callbacks for backward pass and prevent duplicate callbacks,closed,2025-01-27T15:08:05Z,,2025-01-28T03:50:04Z,"fb-exported, Merged, ciflow/trunk, topic: not user facing, module: inductor, module: dynamo, ciflow/inductor",main,export-D68577593,,,,,,,atuljangra,,False,,65600975,"86941, 23377, None, None"
2299694764,Aidyn-A,[ATen][Native][CUDA][SCALED_MM] limit f8f8bf16 rowwise scaled matmul to sm_90,closed,2025-01-27T11:41:04Z,,2025-01-30T11:20:00Z,"module: cuda, triaged, open source, Merged, ciflow/trunk, topic: not user facing, matrix multiplication, module: float8, module: core aten",main,limit_f8f8bf16_rowwise_to_sm_90,,,,,,,malfet,,False,,65600975,"86941, 23377, None, None"
2299243567,anijain2305,[dynamo][dicts] Fix dict.__new__ bug,closed,2025-01-27T07:34:59Z,,2025-01-27T21:42:47Z,"Merged, ciflow/trunk, topic: not user facing, module: dynamo, ciflow/inductor",gh/anijain2305/635/base,gh/anijain2305/635/head,,,,,,,,,False,,65600975,"86941, 23377, None, None"
2299204129,Isalia20,[MPS] optimize cholesky,closed,2025-01-27T07:05:56Z,,2025-01-31T19:52:34Z,"triaged, open source, Merged, module: mps, release notes: mps, ciflow/mps",main,mps-cholesky-optimization,,,,,,,kulinseth,,False,,65600975,"86941, 23377, None, None"
2299195438,mengluy0125,[Customized Optimus][Inductor] Add split cat pattern in aten level,closed,2025-01-27T06:59:15Z,,2025-01-29T01:59:08Z,"fb-exported, Merged, ciflow/trunk, module: inductor, ciflow/inductor, release notes: inductor, inductor_pattern_match",main,export-D68695717,,,,,,,,,False,,65600975,"86941, 23377, None, None"
2299136170,oraluben,Fix support for nccl < 2.17,open,2025-01-27T06:09:47Z,,,"oncall: distributed, open source, ciflow/trunk, release notes: distributed (c10d), topic: not user facing",main,nccl-wraps,,,,,,,"eqy, syed-ahmed, kwen2501",,False,,65600975,"86941, 23377, None, None"
2299065043,malfet,[BE] Use copy_method to import all tests,closed,2025-01-27T04:57:07Z,,2025-01-27T16:01:15Z,"Merged, topic: not user facing, ciflow/mps, module: inductor, ciflow/inductor",gh/malfet/149/base,gh/malfet/149/head,,,,,,,Skylion007,,False,,65600975,"86941, 23377, None, None"
2299023597,jiayisunx,add input shape check for _local_scalar_dense,open,2025-01-27T04:03:36Z,,,"open source, ciflow/trunk, topic: not user facing",gh/jiayisunx/55/base,gh/jiayisunx/55/head,,,,,,,malfet,,False,,65600975,"86941, 23377, None, None"
2298954149,jamesjwu,Log cache state for AOTAutograd in title of file,closed,2025-01-27T02:23:58Z,,2025-01-28T02:14:21Z,"fb-exported, Merged, ciflow/trunk, topic: not user facing, module: dynamo, ciflow/inductor",gh/jamesjwu/95/base,gh/jamesjwu/95/head,,,,,,,"bdhirsh, ezyang, oulgen, aorenste",,False,,65600975,"86941, 23377, None, None"
2298945360,leslie-fang-intel,setitem node shouldn't be deadcode eliminated,closed,2025-01-27T02:10:37Z,,2025-01-27T15:08:24Z,"open source, Merged, ciflow/trunk, release notes: fx, fx",gh/leslie-fang-intel/179/base,gh/leslie-fang-intel/179/head,,,,,,,SherlockNoMad,,False,,65600975,"86941, 23377, None, None"
2298834039,jansel,[inductor] Remove type ignores from scheduler.py,closed,2025-01-26T22:17:31Z,,2025-01-28T01:44:35Z,"Merged, ciflow/trunk, topic: not user facing, module: inductor, ciflow/inductor",gh/jansel/485/base,gh/jansel/485/head,,,,,,,,,False,,65600975,"86941, 23377, None, None"
2298785638,aorenste,PEP585: .github release triggers,closed,2025-01-26T19:53:43Z,,2025-02-04T01:02:48Z,"Merged, ciflow/trunk, topic: not user facing",gh/aorenste/211/base,gh/aorenste/211/head,,,,,,,,,False,,65600975,"86941, 23377, None, None"
2298785614,aorenste,PEP585: .github,closed,2025-01-26T19:53:37Z,,2025-01-27T21:21:03Z,"Merged, ciflow/trunk, topic: not user facing",gh/aorenste/210/base,gh/aorenste/210/head,,,,,,,bobrenjc93,,False,,65600975,"86941, 23377, None, None"
2298766776,rec,Modify torch/_functorch/_aot_autograd/dispatch_and_compile_graph.py,closed,2025-01-26T19:04:31Z,,2025-01-26T19:05:35Z,ciflow/inductor,gh/rec/127/base,gh/rec/127/head,,,,,,,bdhirsh,,False,,65600975,"86941, 23377, None, None"
2298760907,malfet,[MPSInductor] Add rand support,closed,2025-01-26T18:48:15Z,,2025-01-27T06:07:38Z,"Merged, topic: not user facing, ciflow/mps, module: inductor, ciflow/inductor",gh/malfet/148/base,gh/malfet/148/head,,,,,,,,,False,,65600975,"86941, 23377, None, None"
2298545368,Isalia20,[MPS] cholesky implementation,closed,2025-01-26T11:24:48Z,,2025-01-27T01:53:05Z,"open source, Merged, ciflow/trunk, topic: improvements, release notes: mps, ciflow/mps, ciflow/inductor",main,mps-cholesky,,,,,,,"kulinseth, albanD, soulitzer",,False,,65600975,"86941, 23377, None, None"
2298457173,Valentine233,[POC] [CPU][Inductor] Support INT8 SDPA based on CPP template,open,2025-01-26T07:15:35Z,,,"open source, topic: not user facing, module: inductor, ciflow/inductor",main,int8_sdpa_template,,,,,,,,,True,,65600975,"86941, 23377, None, None"
2298414475,aorenste,PEP585: .github 1b1,closed,2025-01-26T04:38:05Z,,2025-01-26T19:49:55Z,topic: not user facing,gh/aorenste/209/base,gh/aorenste/209/head,,,,,,,,,True,,65600975,"86941, 23377, None, None"
2298403171,aorenste,PEP585: .github 1b2,closed,2025-01-26T03:48:00Z,,2025-01-26T19:49:59Z,topic: not user facing,gh/aorenste/208/base,gh/aorenste/208/head,,,,,,,,,True,,65600975,"86941, 23377, None, None"
2298399148,nWEIdia,[CI][CUDA][cuSPARSELt] cusparselt 0.6.3 and cu121 related cleanups,closed,2025-01-26T03:30:23Z,,2025-01-27T23:02:03Z,"oncall: distributed, open source, module: amp (automated mixed precision), topic: not user facing, ciflow/mps, module: inductor, module: dynamo, ciflow/inductor, module: distributed_checkpoint, module: compiled autograd",main,main-update-cusparselt-0.6.3-for-CI,,,,,,,"jeffdaily, syed-ahmed, mikaylagawarecki, avikchaudhuri, tugsbayasgalan, zhxchen17, ydwu4, angelayi, EikanWang, gujinghui, ezyang, Chillee, sraikund16, kulinseth, malfet, bdhirsh, zou3519, kshitij12345, mruberry, titaiwangms, shubhambhokare1, justinchuby, wschin, albanD, jbschlosser, soulitzer, fmassa, soumith",,False,,65600975,"86941, 23377, None, None"
2298392132,jansel,[inductor] Remove mask_str from IndexingOptions,closed,2025-01-26T03:00:32Z,,2025-01-29T21:56:45Z,"Merged, topic: not user facing, module: inductor, ciflow/inductor",gh/jansel/484/base,gh/jansel/484/head,,,,,,,,,False,,65600975,"86941, 23377, None, None"
2298386355,MattGPT-ai,feat: improve indexing error messages,open,2025-01-26T02:35:49Z,,,"triaged, open source, release notes: mps",main,mattb.feat.improve-indexing-error-msg,,,,,,,"kulinseth, malfet",,False,,65600975,"86941, 23377, None, None"
2298382203,jansel,[inductor] Change type of get_backend_features to OrderedSet,closed,2025-01-26T02:18:41Z,,2025-01-28T01:44:34Z,"Merged, topic: not user facing, module: inductor, ciflow/inductor",gh/jansel/483/base,gh/jansel/483/head,,,,,,,,,False,,65600975,"86941, 23377, None, None"
2298382123,jansel,[inductor] Add some typing to common.py,closed,2025-01-26T02:18:18Z,,2025-01-27T06:27:16Z,"module: rocm, Merged, ciflow/trunk, topic: not user facing, ciflow/mps, module: inductor, ciflow/inductor",gh/jansel/482/base,gh/jansel/482/head,,,,,,,,,False,,65600975,"86941, 23377, None, None"
2298349063,jansel,[inductor] Add some typing to simd.py,closed,2025-01-26T00:10:12Z,,2025-01-27T06:27:15Z,"Merged, topic: not user facing, ciflow/mps, module: inductor, ciflow/inductor",gh/jansel/481/base,gh/jansel/481/head,,,,,,,,,False,,65600975,"86941, 23377, None, None"
2298340929,jansel,[inductor] Support non-power-of-2 cooperative RSPLIT,closed,2025-01-25T23:37:31Z,,2025-02-05T16:36:56Z,"Merged, ciflow/trunk, module: inductor, ciflow/inductor, release notes: inductor",gh/jansel/480/base,gh/jansel/480/head,,,,,,,,,False,,65600975,"86941, 23377, None, None"
2298340901,jansel,[inductor] Add some typing to triton.py,closed,2025-01-25T23:37:24Z,,2025-01-29T21:56:45Z,"Merged, ciflow/trunk, topic: not user facing, module: inductor, ciflow/inductor",gh/jansel/479/base,gh/jansel/479/head,,,,,,,,,False,,65600975,"86941, 23377, None, None"
2298291606,dcci,[inductor] Adjust test_log_fp64 to only run when float64 is supported.,closed,2025-01-25T20:28:51Z,,2025-01-26T15:58:21Z,"Merged, ciflow/trunk, topic: not user facing, module: mps, ciflow/mps, module: inductor, ciflow/inductor",main,mps-supported-fp64,,,,,,,,,False,,65600975,"86941, 23377, None, None"
2298261740,XuehaiPan,[Easy] update pip sources for ROCm in nightly pull tool,open,2025-01-25T18:44:59Z,,,"module: rocm, open source, topic: not user facing, ciflow/rocm",gh/XuehaiPan/239/base,gh/XuehaiPan/239/head,,,,,,,,,False,,65600975,"86941, 23377, None, None"
2298252503,benjaminglass1,[inductor triton] Disable incorrect TF32 usage on CUDA capability < 8,closed,2025-01-25T18:20:49Z,,2025-01-28T22:01:11Z,"open source, Merged, ciflow/trunk, release notes: cuda, module: inductor, ciflow/inductor",gh/benjaminglass1/61/base,gh/benjaminglass1/61/head,,,,,,,"syed-ahmed, EikanWang, gujinghui, albanD",,False,,65600975,"86941, 23377, None, None"
2298249510,benjaminglass1,cpp_wrapper: fix CPU cpp_wrapper and max-autotune tests,closed,2025-01-25T18:11:28Z,,2025-02-04T22:06:04Z,"open source, Merged, ciflow/trunk, topic: not user facing, module: inductor, ciflow/inductor",gh/benjaminglass1/60/base,gh/benjaminglass1/60/head,,,,,,,,,False,,65600975,"86941, 23377, None, None"
2298232192,aorenste,PEP585: .github 2,closed,2025-01-25T17:22:59Z,,2025-01-26T19:50:06Z,topic: not user facing,gh/aorenste/207/base,gh/aorenste/207/head,,,,,,,,,True,,65600975,"86941, 23377, None, None"
2298205616,ysiraichi,Avoid data-dependent errors by runtime assert substitution.,open,2025-01-25T16:08:37Z,,,"open source, release notes: fx, fx, module: dynamo, ciflow/inductor",gh/ysiraichi/81/base,gh/ysiraichi/81/head,,,,,,,,,False,,65600975,"86941, 23377, None, None"
2298192779,moghadas76,Add icdf to Gamma dist,open,2025-01-25T15:30:52Z,,,"triaged, open source",main,fix/chi2,,,,,,,fritzo,,False,,65600975,"86941, 23377, None, None"
2298092202,cyyever,[1/N] Improve typing in  torch/_C/__init__.pyi.in,open,2025-01-25T10:39:28Z,,,"oncall: distributed, triaged, open source, module: amp (automated mixed precision), ciflow/trunk, topic: not user facing",main,C_init_py2,,,,,,,"zou3519, jbschlosser, mikaylagawarecki, albanD",,False,,65600975,"86941, 23377, None, None"
2298084872,alexsamardzic,Build RowwiseScaledMM.cu for SM89,closed,2025-01-25T10:16:05Z,,2025-02-01T11:45:00Z,"oncall: distributed, open source, Merged, ciflow/trunk, topic: not user facing, topic: build, module: inductor, ciflow/inductor",gh/alexsamardzic/24/base,gh/alexsamardzic/24/head,,,,,,,syed-ahmed,,False,,65600975,"86941, 23377, None, None"
2298008728,kwen2501,[c10d] Add NCCL memory allocator,closed,2025-01-25T06:58:51Z,,2025-01-30T18:19:03Z,"oncall: distributed, module: nccl, Merged, Reverted, ciflow/trunk, release notes: distributed (c10d), ci-no-td",gh/kwen2501/119/base,gh/kwen2501/119/head,,,,,,,"lw, yifuwang, shuqiangzhang, fduwjj",,False,,65600975,"86941, 23377, None, None"
2298006796,Tony-Y,Convert Tensor lr to 0-dim as needed for the optimizer to normally work,open,2025-01-25T06:52:07Z,,,"triaged, open source, release notes: optim",main,fix-tensor-lr-check,,,,,,,albanD,,False,,65600975,"86941, 23377, None, None"
2297950656,yanboliang,[Custom Ops] Fix f-strings in custom ops error message,closed,2025-01-25T04:08:47Z,,2025-01-27T19:22:47Z,"module: custom-operators, Merged, ciflow/trunk, topic: not user facing",gh/yanboliang/57/base,gh/yanboliang/57/head,,,,,,,,,False,,65600975,"86941, 23377, None, None"
2297946399,cyyever,[3/N] Remove unnecessary once flag usage,closed,2025-01-25T03:53:47Z,,2025-01-28T04:28:20Z,"open source, Merged, ciflow/trunk, topic: not user facing",main,once_flag10,,,,,,,"eqy, syed-ahmed",,False,,65600975,"86941, 23377, None, None"
2297902908,jansel,[inductor] Fix handling of fixed XBLOCK larger than xnumel=1,closed,2025-01-25T01:54:47Z,,2025-01-29T21:56:44Z,"Merged, topic: not user facing, module: inductor, ciflow/inductor",gh/jansel/478/base,gh/jansel/478/head,,,,,,,,,False,,65600975,"86941, 23377, None, None"
2297884981,eqy,[CUDA][B200] Update the number of threads in `avg_pool2d` backward for SM 10.0,closed,2025-01-25T01:10:51Z,,2025-02-06T18:57:37Z,"module: cuda, open source, Merged, module: pooling, ciflow/trunk, topic: not user facing",main,sm100avgpool,,,,,,,syed-ahmed,,False,,65600975,"86941, 23377, None, None"
2297865544,rohansudarshan1810,Pull request,closed,2025-01-25T00:43:06Z,,2025-01-27T18:26:37Z,open source,main,pull-request,,,,,,,"albanD, jbschlosser",,False,,65600975,"86941, 23377, None, None"
2297864058,aorenste,Make sure to evaluate annotation strings in the context of where the prototype was created,closed,2025-01-25T00:40:13Z,,2025-01-29T00:14:48Z,"Merged, ciflow/trunk, topic: not user facing",gh/aorenste/206/base,gh/aorenste/206/head,,,,,,,,,False,,65600975,"86941, 23377, None, None"
2297850587,nautsimon,[autocast][pytorch] Support autocast for MTIA (policy),closed,2025-01-25T00:22:05Z,,2025-01-27T18:26:07Z,"fb-exported, module: amp (automated mixed precision), Merged, ciflow/trunk, topic: not user facing, module: mtia",main,export-D68604796,,,,,,,"jvandebon, egienvalue",,False,,65600975,"86941, 23377, None, None"
2297793336,huydhn,Remove FBGEMM sccache hack,closed,2025-01-24T23:28:39Z,,2025-01-27T22:00:08Z,"Merged, topic: not user facing",main,remove-fbgemm-sccache-hack,,,,,,,,,False,,65600975,"86941, 23377, None, None"
2297728762,pytorchbot,[CUDA] Change slim-wheel libraries load order,closed,2025-01-24T22:37:00Z,2025-01-24T22:54:25Z,2025-01-24T22:54:25Z,open source,release/2.6,cherry-pick-145638-by-pytorch_bot_bot_,,,,,,,,,False,,65600975,"86941, 23377, None, None"
2297683506,bobrenjc93,"Reapply ""refactor tensorify restart logic to use sources (#141517)"" (#143623)",closed,2025-01-24T22:00:44Z,,2025-01-29T16:38:14Z,"release notes: fx, fx, module: dynamo, ciflow/inductor",gh/bobrenjc93/258/base,gh/bobrenjc93/258/head,,,,,,,,,True,,65600975,"86941, 23377, None, None"
2297683422,bobrenjc93,add speculation log divergence test,closed,2025-01-24T22:00:40Z,,2025-02-01T09:39:24Z,"Merged, ciflow/trunk, topic: not user facing, module: dynamo, ciflow/inductor",gh/bobrenjc93/257/base,gh/bobrenjc93/257/head,,,,,,,,,False,,65600975,"86941, 23377, None, None"
2297666817,StrongerXi,[dynamo] Fix read/write conflicts in a cuda test,closed,2025-01-24T21:46:41Z,,2025-01-27T19:56:00Z,"Merged, ciflow/trunk, topic: not user facing, module: dynamo, ciflow/inductor",gh/StrongerXi/78/base,gh/StrongerXi/78/head,,,,,,,,,False,,65600975,"86941, 23377, None, None"
2297643325,aorenste,PEP585: .github 1a,closed,2025-01-24T21:28:52Z,,2025-01-26T19:50:02Z,topic: not user facing,gh/aorenste/205/base,gh/aorenste/205/head,,,,,,,,,True,,65600975,"86941, 23377, None, None"
2297624656,benjaminglass1,cpp_wrapper: enable all CPU repro tests,closed,2025-01-24T21:13:18Z,,2025-02-04T22:06:03Z,"open source, Merged, topic: not user facing, module: inductor, ciflow/inductor",gh/benjaminglass1/59/base,gh/benjaminglass1/59/head,,,,,,,,,False,,65600975,"86941, 23377, None, None"
2297624603,benjaminglass1,cpp_wrapper: fix set_.source_Tensor lowering,closed,2025-01-24T21:13:15Z,,2025-02-04T22:06:02Z,"open source, Merged, topic: not user facing, module: inductor, ciflow/inductor",gh/benjaminglass1/58/base,gh/benjaminglass1/58/head,,,,,,,eellison,,False,,65600975,"86941, 23377, None, None"
2297614565,pianpwk,[draft_export] fix dense-in-memory check for inferring fakes,closed,2025-01-24T21:05:10Z,,2025-01-28T02:52:16Z,"fb-exported, Merged, ciflow/trunk, ciflow/inductor, release notes: export",main,export-D68644028,,,,,,,angelayi,,False,,65600975,"86941, 23377, None, None"
2297603388,yifuwang,[c10d] implement ReduceOp.unbox(),open,2025-01-24T20:55:44Z,,,"oncall: distributed, release notes: distributed (c10d)",gh/yifuwang/187/base,gh/yifuwang/187/head,,,,,,,avikchaudhuri,,True,,65600975,"86941, 23377, None, None"
2297594659,vmoens,Add link to non_blocking/pinmem tutorial in `Tensor.to` docstrings,open,2025-01-24T20:48:22Z,,,"module: docs, topic: not user facing",gh/vmoens/19/base,gh/vmoens/19/head,,,,,,,,,False,,65600975,"86941, 23377, None, None"
2297585219,bobrenjc93,Fix nonzero meta function striding,closed,2025-01-24T20:40:44Z,,2025-01-25T16:39:36Z,"topic: not user facing, module: dynamo, ciflow/inductor",gh/bobrenjc93/256/base,gh/bobrenjc93/256/head,,,,,,,,,True,,65600975,"86941, 23377, None, None"
2297555526,zou3519,Add fake_impl for unique_consecutive,closed,2025-01-24T20:16:11Z,,2025-01-29T22:33:18Z,"Merged, ciflow/trunk, release notes: composability, module: dynamo, ciflow/inductor",gh/zou3519/1120/base,gh/zou3519/1120/head,,,,,,,,,False,,65600975,"86941, 23377, None, None"
2297540966,vmoens,Test distributions compilation,open,2025-01-24T20:04:23Z,,,topic: not user facing,gh/vmoens/18/base,gh/vmoens/18/head,,,,,,,,,False,,65600975,"86941, 23377, None, None"
2297540819,vmoens,"Fix distributions dynamo tracing (`__init__`, sample and log_prob)",open,2025-01-24T20:04:15Z,,,"module: dynamo, ciflow/inductor",gh/vmoens/17/base,gh/vmoens/17/head,,,,,,,,,False,,65600975,"86941, 23377, None, None"
2297540664,vmoens,refactor Distribution class for compile support,open,2025-01-24T20:04:07Z,,,,gh/vmoens/16/base,gh/vmoens/16/head,,,,,,,,,False,,65600975,"86941, 23377, None, None"
2297540491,vmoens,Parametrize distributions tests,open,2025-01-24T20:03:59Z,,,topic: not user facing,gh/vmoens/15/base,gh/vmoens/15/head,,,,,,,,,False,,65600975,"86941, 23377, None, None"
2297533238,mgraczyk,[inductor] Fix crash running wrapper_benchmark with no device,closed,2025-01-24T19:58:29Z,,2025-01-28T07:31:39Z,"open source, Merged, ciflow/trunk, topic: not user facing, module: inductor",main,main,,,,,,,,,False,,65600975,"86941, 23377, None, None"
2297521746,dcci,[mps/inductor] Add support for `erfinv`.,closed,2025-01-24T19:49:17Z,,2025-01-24T22:55:46Z,"Merged, topic: not user facing, module: mps, ciflow/mps, module: inductor, ciflow/inductor",main,erfinv-inductor-mps,,,,,,,kulinseth,,False,,65600975,"86941, 23377, None, None"
2297500232,nWEIdia,[CI][CUDA][Blackwell] sm_\d\d no longer matches sm_100. ,closed,2025-01-24T19:32:20Z,,2025-01-24T23:20:25Z,"open source, Merged, ciflow/trunk, topic: not user facing",main,fix_test_jit_cuda_archflags_blackwell,,,,,,,,,False,,65600975,"86941, 23377, None, None"
2297447544,StrongerXi,[dynamo] clear out traced frames at the start of `test_log_traced_frames`,closed,2025-01-24T18:55:38Z,,2025-01-27T20:50:03Z,"Merged, ciflow/trunk, topic: not user facing, module: dynamo, ciflow/inductor",gh/StrongerXi/77/base,gh/StrongerXi/77/head,,,,,,,,,False,,65600975,"86941, 23377, None, None"
2297440828,muchulee8,[AOTInductor] Refactor CPU and GPU to remove ifdef macros,closed,2025-01-24T18:52:19Z,,2025-01-28T16:46:03Z,"fb-exported, Merged, ciflow/trunk, topic: not user facing, ciflow/inductor",main,export-D68636743,,,,,,,,,False,,65600975,"86941, 23377, None, None"
2297405360,nWEIdia,[CUDA] Change slim-wheel libraries load order,closed,2025-01-24T18:35:07Z,,2025-01-24T22:00:59Z,"open source, Merged, ciflow/trunk, release notes: build",main,try_preload_sequence,,,,,,,,,False,,65600975,"86941, 23377, None, None"
2297403131,rec,Remove duplicate code in _aot_autograd/dispatch_and_compile_graph.py,closed,2025-01-24T18:34:05Z,,2025-01-24T18:35:56Z,"topic: not user facing, ciflow/inductor",gh/rec/126/base,gh/rec/126/head,,,,,,,,,True,,65600975,"86941, 23377, None, None"
2297402750,rec,Simplify functional composition in _aot_autograd/dispatch_and_compile_graph.py,open,2025-01-24T18:34:01Z,,,"open source, topic: not user facing, ciflow/inductor",gh/rec/125/base,gh/rec/125/head,,,,,,,bdhirsh,,False,,65600975,"86941, 23377, None, None"
2297400903,jerrymannil,[ROCm] Improvements to non-vectorized elementwise kernels,closed,2025-01-24T18:33:17Z,,2025-02-03T22:16:53Z,"module: rocm, open source, topic: not user facing, ciflow/periodic, rocm, ciflow/rocm, ciflow/inductor-rocm",main,non_vec_elemwise_fixes,,,,,,,"eqy, syed-ahmed, jeffdaily",,True,,65600975,"86941, 23377, None, None"
2297394846,ezyang,Revert D68241649,closed,2025-01-24T18:30:41Z,,2025-01-24T18:58:15Z,fb-exported,main,export-D68636019,,,,,,,,,False,,65600975,"86941, 23377, None, None"
2297386220,albanD,Simplify inplace decomp logic by avoiding recursion,closed,2025-01-24T18:26:35Z,,2025-01-24T19:16:16Z,"topic: not user facing, ciflow/inductor",main,fix_inplace_decomp,,,,,,,ezyang,,False,,65600975,"86941, 23377, None, None"
2297361406,ezyang,"Back out ""Add generator parameter to rand*_like functions (#136780)""",closed,2025-01-24T18:15:48Z,,2025-01-27T15:09:20Z,fb-exported,main,export-D68635488,,,,,,,,,False,,65600975,"86941, 23377, None, None"
2297319709,SherlockNoMad,Introduce aoti_call_delegate HOP,closed,2025-01-24T17:56:50Z,,2025-01-31T04:57:39Z,"fb-exported, Merged, ciflow/trunk, ciflow/inductor, release notes: export",main,export-D68359391,,,,,,,"avikchaudhuri, tugsbayasgalan, zhxchen17, ydwu4",,False,,65600975,"86941, 23377, None, None"
2297245368,amdfaa,[ROCm] trunk.yml only runs pre-merge via ciflow/trunk label,closed,2025-01-24T17:26:26Z,,2025-01-24T18:31:36Z,"module: rocm, open source, Merged, ciflow/trunk, topic: not user facing, ciflow/rocm",main,patch-7,,,,,,,,,False,,65600975,"86941, 23377, None, None"
2297223396,mikaylagawarecki,Add __all__ for torch.nn.init,open,2025-01-24T17:17:45Z,,,,gh/mikaylagawarecki/310/base,gh/mikaylagawarecki/310/head,,,,,,,,,True,,65600975,"86941, 23377, None, None"
2297192994,nautsimon,[autocast][pytorch] Support autocast for MTIA,closed,2025-01-24T17:01:08Z,,2025-01-25T03:25:02Z,"fb-exported, module: amp (automated mixed precision), Merged, ciflow/trunk, topic: not user facing, module: mtia",main,export-D68572548,,,,,,,jvandebon,,False,,65600975,"86941, 23377, None, None"
2297176884,tenpercent,[Rocm][Inductor][CK] silence ck package not installed warning when CK backend is not used to autotune bmm,closed,2025-01-24T16:52:31Z,,2025-01-25T08:44:38Z,"module: rocm, open source, Merged, ciflow/trunk, topic: not user facing, module: inductor, ciflow/inductor, ciflow/rocm",main,fix-ck-warning-bmm,,,,,,,jataylo,,False,,65600975,"86941, 23377, None, None"
2297155045,apakbin,Additional operators in operator benchmark,closed,2025-01-24T16:39:21Z,,2025-01-26T19:20:04Z,"open source, Merged, ciflow/trunk, release notes: benchmark",main,benchmark_additional_ops,,,,,,,,,False,,65600975,"86941, 23377, None, None"
2297100893,IvanKobzarev,[torchbench] Inductor freezing bfloat16 conv folding needs high tolerance,closed,2025-01-24T16:06:59Z,,2025-01-30T12:46:38Z,"Merged, ciflow/trunk, topic: not user facing, module: inductor, module: dynamo, ciflow/inductor",gh/IvanKobzarev/99/base,gh/IvanKobzarev/99/head,,,,,,,zou3519,,False,,65600975,"86941, 23377, None, None"
2297056499,desertfire,[AOTI] Update test runner to use the new APIs,closed,2025-01-24T15:42:41Z,,2025-02-13T13:40:14Z,"oncall: distributed, ciflow/trunk, topic: not user facing, module: inductor, ciflow/inductor, keep-going",gh/desertfire/531/base,gh/desertfire/531/head,,,,,,,,,False,,65600975,"86941, 23377, None, None"
2297034668,amdfaa,[ROCm] Create inductor-rocm-mi300,closed,2025-01-24T15:31:41Z,,2025-01-24T17:04:20Z,"module: rocm, open source, Merged, topic: not user facing",main,patch-6,,,,,,,,,False,,65600975,"86941, 23377, None, None"
2297024633,mikaylagawarecki,Remove `public_allowlist` from `TestPublicBindings.test_correct_module_names` and ensure private_allowlist-ed things are actually private,closed,2025-01-24T15:26:10Z,,2025-01-27T17:30:05Z,"Merged, ciflow/trunk, topic: not user facing",gh/mikaylagawarecki/309/base,gh/mikaylagawarecki/309/head,,,,,,,,,False,,65600975,"86941, 23377, None, None"
2297006199,Skylion007,[BE][Ez]: FURB148 - remove useless enumerate calls,closed,2025-01-24T15:16:03Z,,2025-01-24T23:37:20Z,"oncall: distributed, oncall: jit, open source, Merged, ciflow/trunk, release notes: distributed (c10d), topic: not user facing, module: inductor, ciflow/inductor",main,skylion007/RUFF-FURB148-2025-01-24,,,,,,,"malfet, albanD, avikchaudhuri, tugsbayasgalan, zhxchen17, ydwu4, angelayi, zou3519, mruberry",,False,,65600975,"86941, 23377, None, None"
2296988397,mikaylagawarecki,Remove tensorboard from public_allowlist in test_modules_can_be_imported,closed,2025-01-24T15:06:24Z,,2025-01-24T19:01:47Z,topic: not user facing,gh/mikaylagawarecki/308/base,gh/mikaylagawarecki/308/head,,,,,,,,,True,,65600975,"86941, 23377, None, None"
2296961175,atalman,[Release-Only] Remove ptx from Linux CUDA 12.6 binary builds,closed,2025-01-24T14:52:42Z,2025-01-24T16:39:52Z,2025-01-24T16:39:52Z,,release/2.6,remove_ptx_from_cu126,,,,,,,,,False,,65600975,"86941, 23377, None, None"
2296910740,ezyang,"Back out ""Fix triton masked loading for non-block tl.loads (#144782)""",closed,2025-01-24T14:28:05Z,,2025-01-24T19:53:02Z,"fb-exported, module: inductor, ciflow/inductor",main,export-D68605114,,,,,,,,,False,,65600975,"86941, 23377, None, None"
2296894209,pytorchbot,[CD] Fix slim-wheel cuda_nvrtc import problem,closed,2025-01-24T14:19:35Z,2025-01-24T16:40:14Z,2025-01-24T16:40:14Z,open source,release/2.6,cherry-pick-145582-by-pytorch_bot_bot_,,,,,,,,,False,,65600975,"86941, 23377, None, None"
2296836447,kundaMwiza,[Inductor][Triton] Change propagated dtype for fp16/bf16 unwrapped 0d tensors,closed,2025-01-24T13:50:11Z,,2025-01-29T00:23:47Z,"triaged, open source, Merged, ciflow/trunk, topic: not user facing, module: inductor, ciflow/inductor",main,mwizak/fix-unspec-arg-load-dtype,,,,,,,,,False,,65600975,"86941, 23377, None, None"
2296830990,desertfire,[BE] Bump huggingface pin,open,2025-01-24T13:47:11Z,,,"topic: not user facing, ciflow/inductor, ciflow/inductor-periodic",main,desertfire/update_hf_pin,,,,,,,jeffdaily,,False,,65600975,"86941, 23377, None, None"
2296821363,kundaMwiza,Torch device backend autoload fix,closed,2025-01-24T13:42:12Z,,2025-01-31T19:27:44Z,"triaged, open source, Merged, ciflow/trunk, topic: not user facing",main,mwizak/fix-backend-autoload-import-order,,,,,,,,,False,,65600975,"86941, 23377, None, None"
2296647390,XuehaiPan,[BE][CI] bump ruff to 0.9.6,open,2025-01-24T12:12:33Z,,,"open source, ciflow/trunk, topic: not user facing",gh/XuehaiPan/238/base,gh/XuehaiPan/238/head,,,,,,,Skylion007,,False,,65600975,"86941, 23377, None, None"
2296597900,IvanKobzarev,WIP error_prop sc,open,2025-01-24T11:44:25Z,,,"module: dynamo, ciflow/inductor",gh/IvanKobzarev/98/base,gh/IvanKobzarev/98/head,,,,,,,"ezyang, Chillee",,False,,65600975,"86941, 23377, None, None"
2296551988,williamwen42,"[dynamo] refactor dynamo__custom_eval_frame to C++, refactor SKIP_CODE[_RECURSIVE]",open,2025-01-24T11:19:43Z,,,"topic: not user facing, module: dynamo, ciflow/inductor",gh/williamwen42/200/base,gh/williamwen42/200/head,,,,,,,,,False,,65600975,"86941, 23377, None, None"
2296418453,Aidyn-A,[ATen][CUDA][Transformers] Add Blackwell support to SDPA,closed,2025-01-24T10:07:40Z,,2025-01-24T22:27:41Z,"module: cuda, open source, Merged, ciflow/trunk, topic: new features, topic: not user facing, module: core aten",main,blackwell_sdpa,,,,,,,,,False,,65600975,"86941, 23377, None, None"
2296403525,dmitry-monakhov,Dmonakhov/mpi backend enablement,closed,2025-01-24T10:00:10Z,,2025-01-24T10:00:44Z,"module: rocm, release notes: quantization, release notes: releng, fx, module: inductor, module: dynamo",main,dmonakhov/mpi-backend-enablement,,,,,,,"avikchaudhuri, tugsbayasgalan, zhxchen17, ydwu4, angelayi, sraikund16, bdhirsh, zou3519, albanD, soulitzer",,False,,65600975,"86941, 23377, None, None"
2296346075,chen8491,"Add device support for chunk_cat, all_gather_copy_in, and split_with_…",open,2025-01-24T09:29:41Z,,,"oncall: distributed, open source, release notes: distributed (fsdp)",main,fsdp_add_device,,,,,,,,,False,,65600975,"86941, 23377, None, None"
2296336282,c8ef,[NFC] Fix some minor typos.,closed,2025-01-24T09:24:05Z,,2025-01-24T18:59:03Z,"oncall: distributed, oncall: jit, open source, Merged, release notes: jit, topic: not user facing, module: inductor",main,main,,,,,,,,,False,,65600975,"86941, 23377, None, None"
2296303340,zeshengzong,Add `torch._foreach_copy_` doc,closed,2025-01-24T09:05:59Z,,2025-01-26T01:31:27Z,"triaged, open source, topic: not user facing",main,opt/docs/_foreach_copy_,,,,,,,janeyx99,,False,,65600975,"86941, 23377, None, None"
2296176954,yifuwang,[micro_pipeline_tp] support pattern matching row-wise scaled_mm with sharded scale,open,2025-01-24T07:46:58Z,,,"oncall: distributed, release notes: distributed (pipeline), module: inductor, ciflow/inductor",gh/yifuwang/186/base,gh/yifuwang/186/head,,,,,,,,,True,,65600975,"86941, 23377, None, None"
2296176863,yifuwang,[micro_pipeline_tp] add logging for all-gather-matmul fusion,open,2025-01-24T07:46:54Z,,,"module: inductor, ciflow/inductor",gh/yifuwang/185/base,gh/yifuwang/185/head,,,,,,,,,True,,65600975,"86941, 23377, None, None"
2296027677,tugsbayasgalan,Fix constants with non-functional operators,closed,2025-01-24T06:29:12Z,,2025-02-05T17:44:22Z,"Merged, ciflow/trunk, fx, ciflow/inductor, release notes: export",gh/tugsbayasgalan/287/base,gh/tugsbayasgalan/287/head,,,,,,,"zhxchen17, ydwu4, angelayi, justinchuby, xadupre",,False,,65600975,"86941, 23377, None, None"
2296011210,1274085042,[CCA] remove TODO for hardware_destructive_interference_size,closed,2025-01-24T06:15:08Z,,2025-02-06T14:41:28Z,"triaged, open source, Merged, ciflow/trunk, topic: not user facing",main,hardware_destructive_interference_main,,,,,,,"eqy, syed-ahmed, albanD",,False,,65600975,"86941, 23377, None, None"
2296009112,xmfan,[dynamo][benchmarks] Stop benchmarking compile time of dead code,closed,2025-01-24T06:14:02Z,,2025-01-29T22:14:51Z,"Merged, ciflow/trunk, topic: not user facing, module: dynamo, ciflow/inductor",gh/xmfan/165/base,gh/xmfan/165/head,,,,,,,"zou3519, ezyang",,False,,65600975,"86941, 23377, None, None"
2295983612,ankurneog,Open up PT UTs  to cover additional devices,open,2025-01-24T05:51:12Z,,,"triaged, open source, topic: not user facing, module: inductor",main,expand_ops_execution,,,,,,,"mruberry, lezcano, nikitaved, IvanYashchuk, jbschlosser",,False,,65600975,"86941, 23377, None, None"
2295967247,yanboliang,[Custom Ops] Add a new API to allow users to register an autocast for the custom op,closed,2025-01-24T05:36:36Z,,2025-01-27T19:22:46Z,"module: custom-operators, Merged, ciflow/trunk, topic: not user facing",gh/yanboliang/56/base,gh/yanboliang/56/head,,,,,,,,,False,,65600975,"86941, 23377, None, None"
2295863364,zou3519,"Revert ""[compiled autograd] support Tensor Subclasses in AOTBackward (#144115)""",closed,2025-01-24T03:48:42Z,,2025-01-24T03:49:19Z,"module: inductor, module: dynamo, ciflow/inductor, module: compiled autograd",gh/zou3519/1119/base,gh/zou3519/1119/head,,,,,,,bdhirsh,,False,,65600975,"86941, 23377, None, None"
2295863323,zou3519,"Revert ""[compiled_autograd] Rename interface to pyinterface (#145495)""",closed,2025-01-24T03:48:39Z,,2025-01-24T03:49:19Z,,gh/zou3519/1118/base,gh/zou3519/1118/head,,,,,,,"albanD, soulitzer",,False,,65600975,"86941, 23377, None, None"
2295856256,doru1004,layer_norm_kernel.cu eliminate the need for divisions for default vector size,open,2025-01-24T03:39:02Z,,,"module: rocm, triaged, open source, release notes: cuda, ciflow/rocm",main,remove-divisions-from-layernorm,,,,,,,"eqy, syed-ahmed",,True,,65600975,"86941, 23377, None, None"
2295807566,davidberard98,"[inductor][4/N] triton support post-#5512, fix constexpr signatures",closed,2025-01-24T02:45:37Z,,2025-01-29T05:46:07Z,"Merged, ciflow/trunk, topic: bug fixes, module: inductor, ciflow/inductor, release notes: inductor",gh/davidberard98/334/base,gh/davidberard98/334/head,,,,,,,"SamGinzburg, eellison, shunting314",,False,,65600975,"86941, 23377, None, None"
2295805922,atalman,[CD] Fix slim-wheel cuda_nvrtc import problem,closed,2025-01-24T02:43:33Z,,2025-01-24T04:48:00Z,"module: binaries, Merged, topic: not user facing, ciflow/binaries_wheel, topic: binaries",main,try_to_fix_nvrtc,,,,,,,,,False,,65600975,"86941, 23377, None, None"
2295804300,malfet,[MPS][BE] Implement bilineard2d as shader,closed,2025-01-24T02:41:37Z,,2025-01-25T21:09:48Z,"Merged, topic: improvements, release notes: mps, ciflow/mps",gh/malfet/147/base,gh/malfet/147/head,,,,,,,kulinseth,,False,,65600975,"86941, 23377, None, None"
2295786544,ezyang,Spruce up docs for emulate_precision_casts,closed,2025-01-24T02:20:58Z,,2025-01-24T19:28:39Z,"Merged, ciflow/trunk, topic: not user facing, module: inductor, ciflow/inductor",gh/ezyang/3071/base,gh/ezyang/3071/head,,,,,,,"antoniojkim, miladm, SherlockNoMad",,False,,65600975,"86941, 23377, None, None"
2295770988,malfet,[MPS][BE] Turn `bicubic2d` into generic metal template,closed,2025-01-24T02:03:09Z,,2025-01-24T04:01:25Z,"Merged, topic: not user facing, release notes: mps, ciflow/mps",gh/malfet/146/base,gh/malfet/146/head,,,,,,,kulinseth,,False,,65600975,"86941, 23377, None, None"
2295764739,jansel,[inductor] Fix duplicate detection in _dynamic_scale_rblock,closed,2025-01-24T01:55:22Z,,2025-01-25T04:58:57Z,"Merged, ciflow/trunk, topic: not user facing, module: inductor, ciflow/inductor",gh/jansel/477/base,gh/jansel/477/head,,,,,,,,,False,,65600975,"86941, 23377, None, None"
2295748762,leslie-fang-intel,[Inductor][CPP] fix torch logit decomposition,closed,2025-01-24T01:38:25Z,,2025-01-27T19:37:53Z,"open source, Merged, ciflow/trunk, topic: not user facing, module: inductor, ciflow/inductor",gh/leslie-fang-intel/178/base,gh/leslie-fang-intel/178/head,,,,,,,,,False,,65600975,"86941, 23377, None, None"
2295747375,davidberard98,"[inductor][3/N] triton support post-#5512, tt.divisibility format",closed,2025-01-24T01:36:49Z,,2025-01-27T21:49:01Z,"Merged, ciflow/trunk, topic: bug fixes, module: inductor, ciflow/inductor, release notes: inductor",gh/davidberard98/333/base,gh/davidberard98/333/head,,,,,,,"eellison, robieta",,False,,65600975,"86941, 23377, None, None"
2295740030,briancoutinho,[inductor/profiler] add kernel kwargs instrumentation,closed,2025-01-24T01:28:14Z,,2025-02-07T17:44:33Z,"Merged, Reverted, ciflow/trunk, topic: not user facing, module: inductor, ciflow/inductor, ci-no-td",main,profiler_triton_kwargs,,,,,,,shengfukevin,,False,,65600975,"86941, 23377, None, None"
2295726185,masnesral,[BE] mv test/inductor_skips/* to test/inductor_expected_failures/,closed,2025-01-24T01:12:21Z,,2025-01-24T19:41:40Z,"Merged, ciflow/trunk, topic: not user facing, ciflow/inductor",gh/masnesral/171/base,gh/masnesral/171/head,,,,,,,,,False,,65600975,"86941, 23377, None, None"
2295701892,ColinPeppler,[aotinductor] update unbacked symint runtime assertion msg,closed,2025-01-24T00:48:11Z,,2025-01-28T21:43:00Z,"Merged, ciflow/trunk, topic: not user facing, module: inductor, ciflow/inductor",gh/ColinPeppler/58/base,gh/ColinPeppler/58/head,,,,,,,desertfire,,False,,65600975,"86941, 23377, None, None"
2295700403,dcci,[mps] Hoist erfinv logic out of the kernel in preparation for moving.,closed,2025-01-24T00:46:30Z,,2025-01-24T18:51:11Z,"Merged, topic: not user facing, module: mps, ciflow/mps, module: inductor",main,erfinv-hoist,,,,,,,"jansel, kulinseth",,False,,65600975,"86941, 23377, None, None"
2295697179,tinglvv,Add CUDA 12.8 installation and manylinux-cuda12.8,closed,2025-01-24T00:42:58Z,,2025-01-27T20:49:09Z,"triaged, open source, Merged, ciflow/trunk, topic: not user facing",main,cu128-manywheel,,,,,,,"jeffdaily, malfet",,False,,65600975,"86941, 23377, None, None"
2295690880,atalman,Advance docker release latest verison to cuda 12.4,closed,2025-01-24T00:35:51Z,,2025-01-24T15:27:27Z,"Merged, topic: not user facing",main,fix_docker_latest,,,,,,,,,False,,65600975,"86941, 23377, None, None"
2295690792,exclamaforte,Refactor fuzzer and add support for Dynamo,closed,2025-01-24T00:35:44Z,,2025-01-28T00:45:32Z,"Merged, ciflow/trunk, topic: improvements, module: inductor, ciflow/inductor, release notes: inductor",main,exclamaforte/fuzzer-dynamo,,,,,,,eellison,,False,,65600975,"86941, 23377, None, None"
2295662638,drisspg,[Not for land] hacking up mx,open,2025-01-24T00:08:37Z,,,ciflow/inductor,gh/drisspg/119/base,gh/drisspg/119/head,,,,,,,,,True,,65600975,"86941, 23377, None, None"
2295631115,anijain2305,[dynamo][builtin-skipfile-cleanup] Remove collections,open,2025-01-23T23:43:02Z,,,"ciflow/trunk, topic: not user facing, module: dynamo, ciflow/inductor, keep-going",gh/anijain2305/634/base,gh/anijain2305/634/head,,,,,,,,,True,,65600975,"86941, 23377, None, None"
2295629844,anijain2305,[dynamo][builtin-skipfile-cleanup] Support tuple.__new__,closed,2025-01-23T23:42:14Z,,2025-01-27T21:42:45Z,"Merged, ciflow/trunk, topic: not user facing, module: dynamo, ciflow/inductor",gh/anijain2305/633/base,gh/anijain2305/633/head,,,,,,,williamwen42,,False,,65600975,"86941, 23377, None, None"
2295628802,tinglvv,Add CUDA 12.8 installation and Linux CD Docker images,closed,2025-01-23T23:41:43Z,,2025-01-27T19:32:36Z,"triaged, open source, topic: not user facing",main,12.8-docker,,,,,,,"jeffdaily, malfet",,False,,65600975,"86941, 23377, None, None"
2295579023,aorenste,Fix dynamo use of `list[int]` in graph break,closed,2025-01-23T22:55:46Z,,2025-01-30T22:21:47Z,"Merged, ciflow/trunk, topic: not user facing, module: dynamo, ciflow/inductor",gh/aorenste/204/base,gh/aorenste/204/head,,,,,,,,,False,,65600975,"86941, 23377, None, None"
2295578898,aorenste,Fix call to create_load_global,closed,2025-01-23T22:55:39Z,,2025-01-30T22:21:45Z,"Merged, ciflow/trunk, topic: not user facing, module: dynamo, ciflow/inductor",gh/aorenste/203/base,gh/aorenste/203/head,,,,,,,,,False,,65600975,"86941, 23377, None, None"
2295578797,aorenste,Turn on mypy for _dynamo/variables/builtin.py,closed,2025-01-23T22:55:33Z,,2025-01-30T22:21:45Z,"oncall: distributed, Merged, ciflow/trunk, topic: not user facing, module: dynamo, ciflow/inductor",gh/aorenste/202/base,gh/aorenste/202/head,,,,,,,,,False,,65600975,"86941, 23377, None, None"
2295578715,aorenste,Remove incorrect BuiltinVariable.call_hasattr(),closed,2025-01-23T22:55:28Z,,2025-01-30T22:21:44Z,"Merged, ciflow/trunk, topic: not user facing, module: dynamo, ciflow/inductor",gh/aorenste/201/base,gh/aorenste/201/head,,,,,,,,,False,,65600975,"86941, 23377, None, None"
2295578561,aorenste,If mypy fails it should report the error back to lintrunner,closed,2025-01-23T22:55:22Z,,2025-01-24T15:40:33Z,"Merged, ciflow/trunk, topic: not user facing",gh/aorenste/200/base,gh/aorenste/200/head,,,,,,,,,False,,65600975,"86941, 23377, None, None"
2295564754,xmfan,[ca] add test_reset for 2.6 release validation,closed,2025-01-23T22:44:07Z,,2025-01-25T06:29:00Z,"Merged, ciflow/trunk, topic: not user facing, module: inductor, ciflow/inductor",gh/xmfan/164/base,gh/xmfan/164/head,,,,,,,,,False,,65600975,"86941, 23377, None, None"
2295542460,eellison,fix unbacked + view incorrectness,closed,2025-01-23T22:33:41Z,,2025-01-28T16:03:48Z,"Merged, ciflow/trunk, topic: not user facing, module: inductor, ciflow/inductor",gh/eellison/754/base,gh/eellison/754/head,,,,,,,"ezyang, shunting314",,False,,65600975,"86941, 23377, None, None"
2295520024,anijain2305,[dynamo][refactor] Move collections.namedtuple out of SkipFunctionVariable,closed,2025-01-23T22:22:40Z,,2025-01-24T17:39:35Z,"Merged, ciflow/trunk, topic: not user facing, module: dynamo, ciflow/inductor",gh/anijain2305/632/base,gh/anijain2305/632/head,,,,,,,"yanboliang, jansel",,False,,65600975,"86941, 23377, None, None"
2295511137,huydhn,Testing #144594,closed,2025-01-23T22:18:06Z,,2025-01-31T17:24:50Z,"module: rocm, release notes: releng, module: dynamo, ciflow/inductor",main,144594,,,,,,,,,True,,65600975,"86941, 23377, None, None"
2295510994,henrylhtsang,"[cutlass backend tests] Manually clear cache, test more tests in fbcode and limit configs in some tests",closed,2025-01-23T22:18:00Z,,2025-01-24T03:07:01Z,"fb-exported, Merged, ciflow/trunk, topic: not user facing, module: inductor, ciflow/inductor",main,export-D68584071,,,,,,,"kadeng, chenyang78",,False,,65600975,"86941, 23377, None, None"
2295489396,huydhn,Testing #144594,closed,2025-01-23T22:00:15Z,,2025-01-23T22:07:07Z,"module: rocm, release notes: releng, module: dynamo, ciflow/inductor",main,144594,,,,,,,,,True,,65600975,"86941, 23377, None, None"
2295474966,BoyuanFeng,[BE] Type annotate wrapper_benchmark.py and cuda_combined_scheduling.py,closed,2025-01-23T21:51:38Z,,2025-01-30T03:53:54Z,"Merged, ciflow/trunk, topic: not user facing, module: inductor, ciflow/inductor",main,bf/be-wrapper-benchmark,,,,,,,,,False,,65600975,"86941, 23377, None, None"
2295471577,drisspg,Add sm10a to cpp extensions,closed,2025-01-23T21:50:29Z,,2025-01-23T22:01:04Z,"module: cpp-extensions, topic: not user facing",gh/drisspg/118/base,gh/drisspg/118/head,,,,,,,"fmassa, soumith, ezyang, eqy",,False,,65600975,"86941, 23377, None, None"
2295470898,ydwu4,[BE][hop] make it easier to use speculate_subgraph,open,2025-01-23T21:50:20Z,,,"topic: not user facing, module: dynamo, ciflow/inductor",gh/ydwu4/201/base,gh/ydwu4/201/head,,,,,,,"drisspg, tugsbayasgalan, Chillee, yanboliang",,False,,65600975,"86941, 23377, None, None"
2295469251,yushangdi,Add accuracy issue support in AOTI Minifier,closed,2025-01-23T21:49:18Z,,2025-01-24T23:07:21Z,"fb-exported, Merged, ciflow/trunk, module: inductor, module: dynamo, ciflow/inductor, release notes: export",main,export-D68294638,,,,,,,,,False,,65600975,"86941, 23377, None, None"
2295458809,exclamaforte,Make sure not using cpp wrapper when setting nvtx training annotation,closed,2025-01-23T21:42:11Z,,2025-01-30T18:34:25Z,"Merged, ciflow/trunk, topic: bug fixes, module: inductor, ciflow/inductor, release notes: inductor",main,exclamaforte/cpp-wrapper-training-annotation,,,,,,,,,False,,65600975,"86941, 23377, None, None"
2295453265,StrongerXi,[dynamo] Properly model torch profiler context objects,closed,2025-01-23T21:38:18Z,,2025-01-28T00:03:39Z,"Merged, ciflow/trunk, topic: not user facing, module: dynamo, ciflow/inductor, keep-going",gh/StrongerXi/76/base,gh/StrongerXi/76/head,,,,,,,yanboliang,,False,,65600975,"86941, 23377, None, None"
2295447303,ngimel,Removes threadfence from topk kernel to improve AMD performance,closed,2025-01-23T21:35:09Z,,2025-01-29T01:29:17Z,"Merged, ciflow/trunk, release notes: cuda",main,ngimel/topk2,,,,,,,syed-ahmed,,False,,65600975,"86941, 23377, None, None"
2295441724,dcci,[BE/mps] Mark input args as `constant` to prevent incorrect usage.,closed,2025-01-23T21:31:43Z,,2025-01-24T00:11:46Z,"Merged, topic: not user facing, module: mps, ciflow/mps, module: inductor",main,const-unary,,,,,,,kulinseth,,False,,65600975,"86941, 23377, None, None"
2295434511,huydhn,Increase the number of perf benchmark shards,closed,2025-01-23T21:28:43Z,,2025-01-27T16:20:44Z,"Merged, topic: not user facing, test-config/default",main,increase-perf-benchmark-shard,,,,,,,desertfire,,False,,65600975,"86941, 23377, None, None"
2295404703,soulitzer,Remove det_singular OpInfo,closed,2025-01-23T21:13:10Z,,2025-01-25T00:58:09Z,"oncall: distributed, Merged, ciflow/trunk, topic: not user facing, ciflow/mps, module: inductor, ciflow/inductor",gh/soulitzer/346/base,gh/soulitzer/346/head,,,,,,,"kulinseth, zou3519, Chillee, kshitij12345",,False,,65600975,"86941, 23377, None, None"
2295395833,exclamaforte,Make sure that benchmark_harness is set before running,closed,2025-01-23T21:07:59Z,,2025-01-30T01:25:55Z,"Merged, ciflow/trunk, topic: bug fixes, module: inductor, ciflow/inductor, release notes: inductor",main,exclamaforte/benchmark-harness,,,,,,,frank-wei,,False,,65600975,"86941, 23377, None, None"
2295382609,soulitzer,Disable slow gradcheck for nn.Transformer ModuleInfo,closed,2025-01-23T21:00:39Z,,2025-01-25T00:58:08Z,"Merged, ciflow/trunk, topic: not user facing",gh/soulitzer/345/base,gh/soulitzer/345/head,,,,,,,,,False,,65600975,"86941, 23377, None, None"
2295378866,ezyang,Work around buggy use_const_ref_for_mutable_tensors,closed,2025-01-23T20:58:42Z,,2025-01-24T14:38:52Z,"Merged, ciflow/trunk, release notes: python_frontend, topic: bug fixes",gh/ezyang/3070/base,gh/ezyang/3070/head,,,,,,,"eqy, syed-ahmed, antoniojkim, miladm, SherlockNoMad",,False,,65600975,"86941, 23377, None, None"
2295374649,mhorowitz,[utils] add try_import method for importing optional modules,closed,2025-01-23T20:55:55Z,,2025-01-25T00:14:09Z,"Merged, topic: not user facing",gh/mhorowitz/11/base,gh/mhorowitz/11/head,,,,,,,"saumishr, pradeepfn, ankitageorge",,False,,65600975,"86941, 23377, None, None"
2295370632,exclamaforte,fix intermediate debug information with cpp_wrapper,closed,2025-01-23T20:53:07Z,,2025-02-10T22:24:29Z,"Merged, ciflow/trunk, topic: bug fixes, module: inductor, ciflow/inductor, release notes: inductor",main,exclamaforte/cpp-wrapper-debug,,,,,,,,,False,,65600975,"86941, 23377, None, None"
2295369541,malfet,[MPS] Add bilineard2d_aa implementation,closed,2025-01-23T20:52:21Z,,2025-02-10T15:03:16Z,"Merged, topic: improvements, release notes: mps, ciflow/mps",main,malfet/mps-add-bilineard2d-aa,,,,,,,"kulinseth, manuelcandales",,False,,65600975,"86941, 23377, None, None"
2295369064,pytorchbot,Fix IdentationError of code example ,closed,2025-01-23T20:52:02Z,2025-01-24T14:16:58Z,2025-01-24T14:16:58Z,open source,release/2.6,cherry-pick-145251-by-pytorch_bot_bot_,,,,,,,,,False,,65600975,"86941, 23377, None, None"
2295359991,manuelcandales,Only include RMSNorm.h in layer_norm.cpp for MPS,closed,2025-01-23T20:46:09Z,,2025-01-24T02:08:51Z,"fb-exported, Merged, ciflow/trunk, topic: not user facing",main,export-D68578213,,,,,,,,,False,,65600975,"86941, 23377, None, None"
2295357467,exclamaforte,inductor.config.descriptive_names = False is not actually supported,open,2025-01-23T20:44:23Z,,,"Merged, Reverted, ciflow/trunk, topic: deprecation, module: inductor, ciflow/inductor, release notes: inductor, ci-no-td",main,exclamaforte/remove-desc-names,,,,,,,"masnesral, Chillee",,False,,65600975,"86941, 23377, None, None"
2295317332,rahulsingh-intel,General Changes for multi accelerators,open,2025-01-23T20:17:22Z,,,"oncall: distributed, triaged, open source, release notes: distributed (fsdp)",main,common_fsdp,,,,,,,albanD,,False,,65600975,"86941, 23377, None, None"
2295307405,soulitzer,Fix allow_mutation_on_saved_tensors for inplace foreach,closed,2025-01-23T20:10:50Z,,2025-01-25T00:58:06Z,"Merged, release notes: autograd, topic: bug fixes",gh/soulitzer/344/base,gh/soulitzer/344/head,,,,,,,,,False,,65600975,"86941, 23377, None, None"
2295302846,anijain2305,[dynamo][trace-rules-cleanup] Remove functools from the Builtins skiplist,closed,2025-01-23T20:07:34Z,,2025-01-24T06:02:06Z,"Merged, ciflow/trunk, topic: not user facing, module: inductor, module: dynamo, ciflow/inductor",gh/anijain2305/631/base,gh/anijain2305/631/head,,,,,,,jansel,,False,,65600975,"86941, 23377, None, None"
2295285433,jataylo,[ROCM MI300 skips for flaky unit tests,closed,2025-01-23T19:56:25Z,,2025-01-29T16:49:01Z,"module: rocm, open source, topic: not user facing, module: inductor, module: dynamo, ciflow/inductor, ciflow/rocm, ciflow/inductor-rocm",main,mi300-skips-upstream,,,,,,,"jeffdaily, pruthvistony",,True,,65600975,"86941, 23377, None, None"
2295266138,albanD,Document dispatch trace build flag,closed,2025-01-23T19:44:01Z,,2025-01-24T03:19:42Z,"Merged, ciflow/trunk, topic: not user facing",main,document_dispatch_trace,,,,,,,zou3519,,False,,65600975,"86941, 23377, None, None"
2295210583,davidberard98,"[inductor][5/N] triton support post-#5512, fix 1 and None handling",closed,2025-01-23T19:08:00Z,,2025-02-01T02:11:50Z,"Merged, ciflow/trunk, topic: bug fixes, module: inductor, ciflow/inductor, release notes: inductor",gh/davidberard98/332/base,gh/davidberard98/332/head,,,,,,,"eellison, shunting314",,False,,65600975,"86941, 23377, None, None"
2295173270,masnesral,Don't fail if fresh_inductor_cache fails to clean up its tmp dir.,closed,2025-01-23T18:47:18Z,,2025-01-24T03:17:07Z,"Merged, ciflow/trunk, topic: not user facing, module: inductor, ciflow/inductor",gh/masnesral/170/base,gh/masnesral/170/head,,,,,,,jgong5,,False,,65600975,"86941, 23377, None, None"
2295161061,jhavukainen,Add missing autoreleasepool around runUniqueGraph to prevent leaks,closed,2025-01-23T18:41:38Z,,2025-02-13T01:58:21Z,"module: memory usage, triaged, open source, Merged, module: mps, release notes: mps, ciflow/mps",main,dev/joona/unique_leak,,,,,,,kulinseth,,False,,65600975,"86941, 23377, None, None"
2295150433,jackzhxng,Add istft option to align window for center = false,open,2025-01-23T18:36:31Z,,,release notes: onnx,jz/stft-old-fc,jz/istft,,,,,,,"titaiwangms, shubhambhokare1, justinchuby, wschin",,False,,65600975,"86941, 23377, None, None"
2295117755,anijain2305,[dynamo][guards] Log guard latency to tlparse,closed,2025-01-23T18:14:59Z,,2025-01-24T16:33:31Z,"Merged, ciflow/trunk, topic: not user facing, module: dynamo, ciflow/inductor",gh/anijain2305/630/base,gh/anijain2305/630/head,,,,,,,jamesjwu,,False,,65600975,"86941, 23377, None, None"
2295105245,xinyazhang,[ROCm] Bump AOTriton to 0.8.2b,closed,2025-01-23T18:08:37Z,,2025-01-28T18:34:28Z,"module: rocm, open source, Merged, ciflow/trunk, topic: not user facing, keep-going, ciflow/rocm",main,xinyazhang/SWDEV-508774-upstream,,,,,,,,,False,,65600975,"86941, 23377, None, None"
2295097017,c-p-i-o,[c10d] fix memory leak on shutdown,closed,2025-01-23T18:03:40Z,,2025-01-23T23:36:18Z,"oncall: distributed, fb-exported, Merged, ciflow/trunk, release notes: distributed (c10d)",main,export-D68566104,,,,,,,,,False,,65600975,"86941, 23377, None, None"
2295095082,avikchaudhuri,serde and_ operator,closed,2025-01-23T18:02:32Z,,2025-01-24T03:48:05Z,"fb-exported, Merged, ciflow/trunk, ciflow/inductor, release notes: export",gh/avikchaudhuri/49/base,gh/avikchaudhuri/49/head,,,,,,,"tugsbayasgalan, ydwu4, angelayi",,False,,65600975,"86941, 23377, None, None"
2295071288,nikhil-arm,"Revert ""Reverting the PR adding Kleidiai-based int4 kernels (#145392)""",closed,2025-01-23T17:52:26Z,,2025-01-23T18:51:03Z,"module: cpu, open source, Merged, ciflow/trunk, release notes: linalg_frontend, module: inductor, module: dynamo, ciflow/inductor, arm priority",main,kleidiai_github_mirror,,,,,,,"lezcano, nikitaved, IvanYashchuk, digantdesai",,False,,65600975,"86941, 23377, None, None"
2295052364,amdfaa,[DO NOT MERGE] Update workflow to use root user instead of jenkins user,open,2025-01-23T17:41:06Z,,,"module: rocm, open source, topic: not user facing, ciflow/periodic, ciflow/unstable, ciflow/rocm, ci-no-td, ciflow/inductor-rocm",main,patch-5,,,,,,,,,True,,65600975,"86941, 23377, None, None"
2295052347,jhavukainen,Missing autorelease in lstm_mps caused a ton of leaked memory,closed,2025-01-23T17:41:05Z,,2025-01-23T18:54:33Z,"open source, Merged, release notes: mps, ciflow/mps",main,dev/joona/lstm_leak,,,,,,,kulinseth,,False,,65600975,"86941, 23377, None, None"
2295046748,drisspg,[Submodule] Add flash as third-party submodule [Prep for later PRs],closed,2025-01-23T17:37:32Z,,2025-01-24T09:21:44Z,"module: cuda, Merged, ciflow/trunk, topic: not user facing",gh/drisspg/117/base,gh/drisspg/117/head,,,,,,,,,False,,65600975,"86941, 23377, None, None"
2294992317,hjlee1371,Remove truncated normal initialization for 16-bit (and lower) tensors,open,2025-01-23T17:09:38Z,,,"module: nn, triaged, open source",main,fix-bf16-inits,,,,,,,"albanD, jbschlosser, mikaylagawarecki",,False,,65600975,"86941, 23377, None, None"
2294897075,zou3519,[compiled_autograd] Rename interface to pyinterface,closed,2025-01-23T16:23:46Z,,2025-01-27T16:29:36Z,"fb-exported, Merged, Reverted, ciflow/trunk, topic: not user facing, ci-no-td",main,export-D68561379,,,,,,,soulitzer,,False,,65600975,"86941, 23377, None, None"
2294879070,bertmaher,[inductor] Make triton kernel autotune config defaults backward-compatible,closed,2025-01-23T16:16:10Z,,2025-01-29T00:31:42Z,"fb-exported, Merged, ciflow/trunk, topic: not user facing",gh/bertmaher/4/base,gh/bertmaher/4/head,,,,,,,"zou3519, SamGinzburg, oulgen, SherlockNoMad",,False,,65600975,"86941, 23377, None, None"
2294814253,Skylion007,[BE]: Fix OrderedSet equality oversight,closed,2025-01-23T15:47:17Z,,2025-02-14T15:55:41Z,"open source, topic: bug fixes",main,skylion007/fix-orderedset-equality-2025-01-23,,,,,,,,,True,,65600975,"86941, 23377, None, None"
2294807085,benjaminglass1,cpp_wrapper: Move #includes to per-device header files,closed,2025-01-23T15:43:49Z,,2025-01-29T15:21:57Z,"open source, ciflow/trunk, topic: not user facing, module: inductor, ciflow/inductor, ciflow/rocm, ciflow/xpu",gh/benjaminglass1/57/base,gh/benjaminglass1/57/head,,,,,,,,,False,,65600975,"86941, 23377, None, None"
2294769827,IvanKobzarev,[torchbench] Add meta function for _cudnn_rnn_flatten_weight,closed,2025-01-23T15:29:25Z,,2025-01-24T19:08:16Z,"Merged, ciflow/trunk, topic: not user facing",gh/IvanKobzarev/97/base,gh/IvanKobzarev/97/head,,,,,,,"syed-ahmed, desertfire",,False,,65600975,"86941, 23377, None, None"
2294731368,mgorny,"Remove unnecessary ""special linking"" for `BLAS_LIBRARIES`",open,2025-01-23T15:13:03Z,,,"module: build, triaged, open source, topic: not user facing",main,blas-libs-special-linking,,,,,,,,,False,,65600975,"86941, 23377, None, None"
2294716812,Sqvid,feat: add SVE dispatch for non-FBGEMM qembeddingbag,open,2025-01-23T15:06:46Z,,,"module: cpu, triaged, open source, module: arm, release notes: quantization",main,qembeddingbag,,,,,,,"jerryzh168, salilsdesai, kimishpatel, digantdesai, jianyuh",,False,,65600975,"86941, 23377, None, None"
2294504839,xadupre,Add a test for onnx exporter: export in a file,closed,2025-01-23T13:30:27Z,,2025-01-23T18:12:44Z,"open source, topic: not user facing",main,external,,,,,,,"titaiwangms, shubhambhokare1, justinchuby, wschin",,False,,65600975,"86941, 23377, None, None"
2294495262,shaymolcho,emphasized two words in the code,closed,2025-01-23T13:25:47Z,,2025-01-24T03:43:05Z,"open source, topic: not user facing",main,main,,,,,,,,,False,,65600975,"86941, 23377, None, None"
2294466373,BartlomiejStemborowski,[ca][bug_fix] Fix ref counting of objects in the set_autograd_compiler function.,closed,2025-01-23T13:11:33Z,,2025-01-23T17:13:59Z,"open source, Merged, ciflow/trunk, topic: not user facing, module: dynamo, module: compiled autograd",main,main,,,,,,,,,False,,65600975,"86941, 23377, None, None"
2294310693,h-vetinari,simplify torch.utils.cpp_extension.include_paths; use it in cpp_builder,closed,2025-01-23T11:50:19Z,,2025-01-27T07:19:44Z,"triaged, open source, Merged, ciflow/trunk, topic: not user facing, module: inductor",main,headers,,,,,,,"fmassa, soumith",,False,,65600975,"86941, 23377, None, None"
2294270649,mlazos,[Dynamo] Fix names collisions with foreach decomps,closed,2025-01-23T11:28:54Z,,2025-01-24T18:47:01Z,"Merged, ciflow/trunk, module: dynamo, ciflow/inductor, release notes: dynamo",main,mlazos/names,,,,,,,"anijain2305, williamwen42",,False,,65600975,"86941, 23377, None, None"
2294262102,jushg,Modify enable logic of COLLECTIVE_COMM profiler activity type,closed,2025-01-23T11:25:17Z,,2025-01-24T22:21:12Z,"fb-exported, Merged, ciflow/trunk, topic: not user facing",main,export-D68515945,,,,,,,,,False,,65600975,"86941, 23377, None, None"
2294128376,amathewc,Adapt Dynamo Tests to HPUs,open,2025-01-23T10:20:41Z,,,"triaged, open source, topic: not user facing, module: dynamo",main,dynamo_changes1,,,,,,,"yanboliang, anijain2305",,False,,65600975,"86941, 23377, None, None"
2294100021,chenyang78,[dynamo] added support to trace torch.cuda.is_current_stream_capturing,open,2025-01-23T10:06:58Z,,,"topic: not user facing, module: dynamo, ciflow/inductor, ciflow/rocm",gh/chenyang78/1/base,gh/chenyang78/1/head,,,,,,,,,False,,65600975,"86941, 23377, None, None"
2294088592,mengph,fix test_convolution error when use cudnn.flags,closed,2025-01-23T10:01:29Z,,2025-02-12T08:38:49Z,"module: cudnn, module: convolution, triaged, open source, topic: not user facing",main,cudnn_flags_use_fix,,,,,,,,,False,,65600975,"86941, 23377, None, None"
2293854620,min-jean-cho,[Intel GPU] Add TORCH_API macro to export symbol NestedTensor_to_mask for libtorch_xpu,closed,2025-01-23T08:00:27Z,,2025-01-24T15:38:49Z,"open source, Merged, ciflow/trunk, topic: not user facing",main,minjean/nested_tensor_xpu,,,,,,,"albanD, malfet, atalman",,False,,65600975,"86941, 23377, None, None"
2293757430,Zhenbin-8,OpenReg: Refactor impl_registry,closed,2025-01-23T06:58:22Z,,2025-01-25T03:31:51Z,"open source, Merged, ciflow/trunk, topic: not user facing",main,impl_registry_refactor,,,,,,,,,False,,65600975,"86941, 23377, None, None"
2293744125,xmfan,[fx] low overhead checking of nondeterministic_seeded,closed,2025-01-23T06:48:34Z,,2025-01-23T18:21:35Z,"release notes: fx, fx",gh/xmfan/163/base,gh/xmfan/163/head,,,,,,,ezyang,,False,,65600975,"86941, 23377, None, None"
2293652476,chunyuan-w,[TEST ONLY] Conv with `oc = 0`,closed,2025-01-23T05:40:42Z,,2025-01-26T02:09:57Z,"open source, ciflow/trunk, topic: not user facing",gh/chunyuan-w/4/base,gh/chunyuan-w/4/head,,,,,,,,,True,,65600975,"86941, 23377, None, None"
2293581055,muchulee8,[AOTInductor] Align behavior between CPU and GPU,closed,2025-01-23T04:33:17Z,,2025-02-13T09:50:21Z,"fb-exported, Merged, ciflow/trunk, topic: not user facing, ciflow/inductor, merging",main,export-D68540744,,,,,,,,,False,,65600975,"86941, 23377, None, None"
2293567150,c-p-i-o,[c10d] Flush file in file recorder,closed,2025-01-23T04:19:28Z,,2025-01-27T23:15:55Z,"oncall: distributed, Merged, ciflow/trunk, release notes: distributed (c10d)",gh/c-p-i-o/5/base,gh/c-p-i-o/5/head,,,,,,,"d4l3k, fduwjj",,False,,65600975,"86941, 23377, None, None"
2293518589,huydhn,Update TorchBench commit to main,closed,2025-01-23T03:31:29Z,,2025-02-01T06:44:29Z,"Merged, topic: not user facing, test-config/default, module: dynamo, ciflow/inductor, ciflow/inductor-perf-compare, no-runner-experiments, ciflow/inductor-periodic",main,torchbench-pin-commit,,,,,,,xuzhao9,,False,,65600975,"86941, 23377, None, None"
2293516012,Raymo111,Add check that envvar configs are boolean,closed,2025-01-23T03:28:49Z,,2025-02-05T19:40:13Z,"Merged, ciflow/trunk, topic: not user facing",main,gh/raymo/add-envvars-bool-check,,,,,,,oulgen,,False,,65600975,"86941, 23377, None, None"
2293487076,huydhn,Update TorchBench commit to main,closed,2025-01-23T02:56:59Z,,2025-01-23T03:31:07Z,"topic: not user facing, ciflow/inductor",main,torchbench-pin-commit,,,,,,,,,True,,65600975,"86941, 23377, None, None"
2293462220,zeshengzong,Replace is_same with is_same_v for concise syntax,closed,2025-01-23T02:28:06Z,,2025-02-13T03:29:41Z,"module: cpu, open source, Merged, Reverted, ciflow/trunk, release notes: sparse, ci-no-td",main,opt/aten/syntax,,,,,,,"eqy, syed-ahmed",,False,,65600975,"86941, 23377, None, None"
2293457111,aorenste,Fix incorrect type comparison,closed,2025-01-23T02:22:17Z,,2025-01-26T04:40:28Z,"fb-exported, Merged, ciflow/trunk, release notes: fx, fx",main,export-D68536221,,,,,,,Skylion007,,False,,65600975,"86941, 23377, None, None"
2293415901,eellison,"Record inputs at time of tracing, constrain to them for triton fn",closed,2025-01-23T01:43:26Z,,2025-01-30T16:54:10Z,"Merged, Reverted, ciflow/trunk, release notes: fx, fx, module: inductor, ciflow/inductor, ci-no-td",gh/eellison/753/base,gh/eellison/753/head,,,,,,,,,False,,65600975,"86941, 23377, None, None"
2293411416,xmfan,[dynamo][benchmarks] update compile time benchmarks to dump compile times to stdout and csv,closed,2025-01-23T01:39:42Z,,2025-01-23T18:49:22Z,"Merged, ciflow/trunk, topic: not user facing, module: dynamo, ciflow/inductor",gh/xmfan/162/base,gh/xmfan/162/head,,,,,,,,,False,,65600975,"86941, 23377, None, None"
2293407209,spzala,[Docs] Add clarification for target types in CrossEntropyLoss doc,closed,2025-01-23T01:34:38Z,,2025-02-01T18:56:01Z,"module: nn, triaged, open source, Merged, ciflow/trunk, topic: not user facing",main,issue137188,,,,,,,jbschlosser,,False,,65600975,"86941, 23377, None, None"
2293401168,pianpwk,[draft_export] add LOC for data-dep error logging,closed,2025-01-23T01:27:41Z,,2025-01-28T18:55:18Z,"fb-exported, Merged, ciflow/trunk, release notes: export",main,export-D68534017,,,,,,,"avikchaudhuri, tugsbayasgalan, zhxchen17, ydwu4",,False,,65600975,"86941, 23377, None, None"
2293389506,justinchuby,[ONNX] Remove LegacyDynamoStrategy,closed,2025-01-23T01:12:51Z,,2025-01-23T07:56:07Z,"module: onnx, open source, Merged, ciflow/trunk, release notes: onnx, topic: improvements",main,justinchu/remove-legacy,,,,,,,"shubhambhokare1, wschin",,False,,65600975,"86941, 23377, None, None"
2293383354,shunting314,reset dynamo cache for Inductor tests under test_ops_gradients.py,closed,2025-01-23T01:05:07Z,,2025-01-23T01:14:34Z,"ciflow/trunk, ciflow/inductor, keep-going",gh/shunting314/195/base,gh/shunting314/195/head,,,,,,,,,False,,65600975,"86941, 23377, None, None"
2293381763,Raymo111,Add check that envvar configs are boolean,closed,2025-01-23T01:03:07Z,,2025-01-23T03:05:33Z,topic: not user facing,main,gh/raymo/add-envvars-bool-check,,,,,,,c00w,,False,,65600975,"86941, 23377, None, None"
2293371734,aorenste,Backout PEP585 use of Iterable,closed,2025-01-23T00:54:32Z,,2025-01-23T11:45:39Z,"fb-exported, Merged, ciflow/trunk, release notes: dataloader, topic: not user facing",main,export-D68531443,,,,,,,"andrewkho, divyanshk, bobrenjc93",,False,,65600975,"86941, 23377, None, None"
2293367413,jackzhxng,Advance past fc window for stft center,closed,2025-01-23T00:49:05Z,,2025-02-13T06:09:49Z,"Merged, Reverted, ciflow/trunk, topic: not user facing, ciflow/slow, ci-no-td",main,jz/stft-old-fc,,,,,,,"shubhambhokare1, wschin",,False,,65600975,"86941, 23377, None, None"
2293365647,johnnynunez,[NVIDIA] Full Family Blackwell Support codegen,closed,2025-01-23T00:46:46Z,,2025-01-24T04:36:03Z,"module: cuda, open source, Merged, ciflow/trunk, release notes: build",main,master,,,,,,,"fmassa, soumith, ezyang, malfet, eqy, syed-ahmed, ptrblck",,False,,65600975,"86941, 23377, None, None"
2293360551,williamwen42,[dynamo] save/restore system random state more carefully,open,2025-01-23T00:41:37Z,,,"ciflow/trunk, topic: bug fixes, module: dynamo, ciflow/inductor, release notes: dynamo",gh/williamwen42/199/base,gh/williamwen42/199/head,,,,,,,"anijain2305, StrongerXi",,False,,65600975,"86941, 23377, None, None"
2293337368,anijain2305,[dynamo][dicts] Insert LENTGH guard on an if condition on dict,closed,2025-01-23T00:23:14Z,,2025-01-23T04:40:58Z,"Merged, ciflow/trunk, topic: not user facing, module: dynamo, ciflow/inductor",gh/anijain2305/629/base,gh/anijain2305/629/head,,,,,,,,,False,,65600975,"86941, 23377, None, None"
2293323569,StrongerXi,[dynamo] Re-enable `test_torch_name_rule_map_updated`,closed,2025-01-23T00:10:08Z,,2025-01-25T00:02:52Z,"topic: not user facing, module: dynamo, ciflow/inductor",gh/StrongerXi/75/base,gh/StrongerXi/75/head,,,,,,,yanboliang,,False,,65600975,"86941, 23377, None, None"
2293321449,dcci,[c10/metal] Add a vectype variant for `short`/`int`/`long`,closed,2025-01-23T00:08:12Z,,2025-01-23T04:52:58Z,"Merged, topic: not user facing, module: mps, ciflow/mps, module: inductor",main,vectypes-short,,,,,,,,,False,,65600975,"86941, 23377, None, None"
2293318168,xmfan,[ca][hop] test CA on all HOPs,closed,2025-01-23T00:06:20Z,,2025-01-31T20:45:25Z,"Merged, ciflow/trunk, topic: not user facing, module: inductor, ciflow/inductor",gh/xmfan/161/base,gh/xmfan/161/head,,,,,,,,,False,,65600975,"86941, 23377, None, None"
2293313333,burak-turk,add pt2 callbacks for backward pass,closed,2025-01-23T00:01:33Z,,2025-01-27T15:11:46Z,"fb-exported, topic: not user facing, module: inductor, ciflow/inductor",main,export-D68515699,,,,,,,"atuljangra, williamwen42",,False,,65600975,"86941, 23377, None, None"
2293308049,exclamaforte,Fix aot inductor intermediate debug printing,open,2025-01-22T23:55:41Z,,,"ciflow/trunk, topic: bug fixes, module: inductor, ciflow/inductor, release notes: inductor, module: aotinductor",main,exclamaforte/aot-inductor-debug,,,,,,,YUNQIUGUO,,False,,65600975,"86941, 23377, None, None"
2293286568,mikaylagawarecki,Tag storages with offset in file when  with FakeTensorMode,open,2025-01-22T23:33:36Z,,,,gh/mikaylagawarecki/307/base,gh/mikaylagawarecki/307/head,,,,,,,,,True,,65600975,"86941, 23377, None, None"
2293270789,yushangdi,Implement deepcopy for AOTICompiledModel,closed,2025-01-22T23:18:42Z,,2025-01-23T21:05:34Z,"fb-exported, Merged, ciflow/trunk, topic: not user facing, module: inductor, ciflow/inductor",main,export-D68524673,,,,,,,,,False,,65600975,"86941, 23377, None, None"
2293266685,xmfan,[dynamo][hop] test torch.compiling all HOPs,closed,2025-01-22T23:14:11Z,,2025-01-31T20:45:24Z,"Merged, topic: not user facing, module: dynamo, ciflow/inductor",gh/xmfan/160/base,gh/xmfan/160/head,,,,,,,,,False,,65600975,"86941, 23377, None, None"
2293261365,XilunWu,[cp] override compute_log_sumexp to True for aten._scaled_dot_product_efficient_attention.default if False,closed,2025-01-22T23:08:25Z,,2025-01-24T06:17:57Z,"oncall: distributed, Merged, ciflow/trunk, topic: not user facing, ciflow/inductor, module: context parallel",gh/XilunWu/111/base,gh/XilunWu/111/head,,,,,,,"wconstab, fegin",,False,,65600975,"86941, 23377, None, None"
2293250748,anijain2305,[dynamo][guards] Turn on profiling of guard manager,closed,2025-01-22T22:58:53Z,,2025-01-23T18:17:45Z,"Merged, ciflow/trunk, topic: not user facing, module: dynamo, ciflow/inductor, keep-going",gh/anijain2305/628/base,gh/anijain2305/628/head,,,,,,,,,False,,65600975,"86941, 23377, None, None"
2293250663,anijain2305,[dynamo][fbcode] Turn on inline_inbuilt_nn_modules,closed,2025-01-22T22:58:47Z,,2025-01-22T23:02:59Z,"module: dynamo, ciflow/inductor",gh/anijain2305/627/base,gh/anijain2305/627/head,,,,,,,,,False,,65600975,"86941, 23377, None, None"
2293239854,BoyuanFeng,[BE] Type annotate metrics.py,closed,2025-01-22T22:47:58Z,,2025-01-23T18:14:02Z,"Merged, ciflow/trunk, topic: not user facing, module: inductor, ciflow/inductor",main,bf/be-metrics,,,,,,,,,False,,65600975,"86941, 23377, None, None"
2293238547,malfet,[BE] Use `value_or` in layer_norm.cpp,closed,2025-01-22T22:46:44Z,,2025-01-24T04:02:34Z,"Merged, ciflow/trunk, topic: not user facing",main,malfet-patch-2,,,,,,,r-barnes,,False,,65600975,"86941, 23377, None, None"
2293234400,apakbin,TopK ROCm Tuning,closed,2025-01-22T22:42:37Z,,2025-02-04T02:34:45Z,"module: rocm, open source, release notes: cuda, ciflow/periodic, rocm, ciflow/rocm",main,topk_rocm_tune,,,,,,,"eqy, syed-ahmed",,True,,65600975,"86941, 23377, None, None"
2293225665,anijain2305,[dynamo][not ready - just for CI] Remove all builtin skiplist,closed,2025-01-22T22:34:13Z,,2025-01-29T06:12:26Z,"topic: not user facing, module: dynamo, ciflow/inductor, keep-going",gh/anijain2305/626/base,gh/anijain2305/626/head,,,,,,,,,False,,65600975,"86941, 23377, None, None"
2293213488,StrongerXi,[BE] Fix edge case in translation validation bisector,closed,2025-01-22T22:23:10Z,,2025-01-23T17:35:33Z,"Merged, topic: not user facing, fx, ciflow/inductor",gh/StrongerXi/74/base,gh/StrongerXi/74/head,,,,,,,ezyang,,False,,65600975,"86941, 23377, None, None"
2293210405,c-p-i-o,[c10] catch c10 error and log message,closed,2025-01-22T22:20:28Z,,2025-01-23T03:45:50Z,"oncall: distributed, fb-exported, Merged, ciflow/trunk, release notes: distributed (c10d)",main,export-D68516080,,,,,,,,,False,,65600975,"86941, 23377, None, None"
2293196473,jainapurva,Add Torchao docs link to Pytorch libraries,closed,2025-01-22T22:08:16Z,,2025-01-24T17:11:22Z,"module: docs, Merged, ciflow/trunk, release notes: quantization",main,add_torchao_docs,,,,,,,"andrewor14, supriyar",,False,,65600975,"86941, 23377, None, None"
2293187552,shunting314,[inductor] fix autotuning memory usage,closed,2025-01-22T22:01:14Z,,2025-01-23T09:34:26Z,"Merged, ciflow/trunk, topic: not user facing, module: inductor, ciflow/inductor",gh/shunting314/194/base,gh/shunting314/194/head,,,,,,,"eellison, Chillee, BoyuanFeng",,False,,65600975,"86941, 23377, None, None"
2293179524,BoyuanFeng,[BE] Type annotate pad_mm.py,closed,2025-01-22T21:56:03Z,,2025-01-23T18:34:26Z,"Merged, ciflow/trunk, topic: not user facing, module: inductor, ciflow/inductor",main,bf/be-pad-mm,,,,,,,,,False,,65600975,"86941, 23377, None, None"
2293171563,daulet-askarov,Fix staging for CPU tensors in OSS DCP async_save,closed,2025-01-22T21:52:27Z,2025-01-23T20:49:27Z,2025-01-23T20:49:27Z,"oncall: distributed, fb-exported, Merged, ciflow/trunk, topic: not user facing, module: distributed_checkpoint",main,export-D68518689,,,,,,,"LucasLLC, mhorowitz",,False,,65600975,"86941, 23377, None, None"
2293151349,anijain2305,[dynamo][fbcode] Turn on inline_inbuilt_nn_modules,closed,2025-01-22T21:41:15Z,,2025-02-06T13:18:39Z,"Merged, ciflow/trunk, topic: not user facing, module: dynamo, ciflow/inductor",main,safe-rollout,,,,,,,,,False,,65600975,"86941, 23377, None, None"
2293148621,zhxchen17,[export][be] Clean up local imports from export [2/n],open,2025-01-22T21:39:02Z,,,"fb-exported, ciflow/trunk, release notes: export",main,export-D68450108,,,,,,,"avikchaudhuri, ydwu4, angelayi",,False,,65600975,"86941, 23377, None, None"
2293132076,StrongerXi,[dynamo] Install guard when branching on empty dictionary,closed,2025-01-22T21:28:16Z,,2025-01-23T18:40:42Z,"topic: not user facing, module: dynamo, ciflow/inductor",gh/StrongerXi/73/base,gh/StrongerXi/73/head,,,,,,,,,False,,65600975,"86941, 23377, None, None"
2293131440,michael-diggin,[distributions] Catch inf gradient in beta distribution,open,2025-01-22T21:27:50Z,,,"triaged, open source, topic: not user facing",main,fix-dirichlet-grad-inf-cpu,,,,,,,"soulitzer, fritzo",,False,,65600975,"86941, 23377, None, None"
2293078444,bobrenjc93,Use guard_size_oblivious in debug tensor writer,closed,2025-01-22T20:52:11Z,,2025-02-05T05:19:18Z,"module: dynamo, ciflow/inductor",gh/bobrenjc93/255/base,gh/bobrenjc93/255/head,,,,,,,,,True,,65600975,"86941, 23377, None, None"
2293047850,jbschlosser,Update OSS nested tensor docs to focus on NJT,closed,2025-01-22T20:30:06Z,,2025-01-25T04:08:21Z,"module: nestedtensor, Merged, ciflow/trunk, topic: docs, release notes: nested tensor",gh/jbschlosser/225/base,gh/jbschlosser/225/head,,,,,,,cpuhrsch,,False,,65600975,"86941, 23377, None, None"
2293027362,zou3519,[auto_functionalized] Support `Tensor(a!)[]?`,closed,2025-01-22T20:15:47Z,,2025-02-05T14:52:42Z,"Merged, ciflow/trunk, topic: not user facing, module: inductor, ciflow/inductor",gh/zou3519/1117/base,gh/zou3519/1117/head,,,,,,,williamwen42,,False,,65600975,"86941, 23377, None, None"
2292982305,soulitzer,Update NJT linear_backward to return non-aliased tensor bias grad,closed,2025-01-22T19:46:44Z,,2025-01-25T00:58:11Z,"Merged, ciflow/trunk, topic: not user facing",gh/soulitzer/343/base,gh/soulitzer/343/head,,,,,,,,,False,,65600975,"86941, 23377, None, None"
2292969726,amdfaa,[ROCm] Update rocm.yml and add rocm-mi300.yml,closed,2025-01-22T19:38:06Z,,2025-01-23T00:07:52Z,"module: rocm, open source, Merged, topic: not user facing, ciflow/rocm",main,patch-4,,,,,,,,,False,,65600975,"86941, 23377, None, None"
2292961870,amdfaa,Add MI200 workflow to rocm,closed,2025-01-22T19:32:56Z,,2025-01-22T19:43:01Z,"module: rocm, topic: not user facing",main,patch-3,,,,,,,,,True,,65600975,"86941, 23377, None, None"
2292957129,H-Huang,Make torchelastic etcd rendezvous publicly importable,closed,2025-01-22T19:29:46Z,,2025-01-23T23:56:48Z,"oncall: distributed, Merged, ciflow/trunk, release notes: distributed (torchelastic)",gh/H-Huang/164/base,gh/H-Huang/164/head,,,,,,,d4l3k,,False,,65600975,"86941, 23377, None, None"
2292946253,johnnynunez,[NVIDIA] Jetson Thor Blackwell Support codegen,closed,2025-01-22T19:23:20Z,,2025-01-22T20:13:21Z,"open source, Merged, ciflow/trunk, release notes: cuda, topic: build",main,master,,,,,,,"fmassa, soumith, ezyang",,False,,65600975,"86941, 23377, None, None"
2292912331,aorenste,Fix tests broken by #145176,closed,2025-01-22T19:01:42Z,,2025-01-22T19:33:19Z,"Merged, topic: not user facing, module: dynamo, ciflow/inductor",gh/aorenste/199/base,gh/aorenste/199/head,,,,,,,,,False,,65600975,"86941, 23377, None, None"
2292909324,albanD,Reverting the PR adding Kleidiai-based int4 kernels,closed,2025-01-22T18:59:54Z,,2025-01-22T20:11:52Z,"module: cpu, Merged, ciflow/trunk, release notes: linalg_frontend, skip-pr-sanity-checks, module: inductor, module: dynamo, ciflow/inductor",main,revert_kleidiai,,,,,,,"nikhil-arm, lezcano, nikitaved, IvanYashchuk",,False,,65600975,"86941, 23377, None, None"
2292905303,yiming0416,[BE][export] Fix hop tests with flaky memory leak,closed,2025-01-22T18:57:10Z,,2025-01-24T09:53:23Z,"fb-exported, Merged, ciflow/trunk, topic: not user facing",main,export-D68506280,,,,,,,,,False,,65600975,"86941, 23377, None, None"
2292883924,zou3519,Move Dynamo test to skip from expected_failures,closed,2025-01-22T18:43:45Z,,2025-01-22T19:06:43Z,"Merged, topic: not user facing",gh/zou3519/1116/base,gh/zou3519/1116/head,,,,,,,StrongerXi,,False,,65600975,"86941, 23377, None, None"
2292867694,ethanwee1,[DO NOT MERGE] pre-merge runs only on MI200 and post-merge runs on both MI300,closed,2025-01-22T18:33:33Z,,2025-01-29T16:50:34Z,"open source, topic: not user facing",main,post_merge_mi300_mi200,,,,,,,,,True,,65600975,"86941, 23377, None, None"
2292829511,H-Huang,Fix test_modules_can_be_imported,closed,2025-01-22T18:12:15Z,,2025-01-23T16:03:03Z,"Merged, ciflow/trunk, topic: not user facing",gh/H-Huang/163/base,gh/H-Huang/163/head,,,,,,,,,False,,65600975,"86941, 23377, None, None"
2292808031,bobrenjc93,Bail on checking internal overlap when dealing with unbacked symints,closed,2025-01-22T17:59:14Z,,2025-01-23T22:31:33Z,"Merged, ciflow/trunk, topic: not user facing, module: inductor, module: dynamo, ciflow/inductor",gh/bobrenjc93/254/base,gh/bobrenjc93/254/head,,,,,,,laithsakka,,False,,65600975,"86941, 23377, None, None"
2292805696,malfet,[Doc] Add period at the end of the sentence,closed,2025-01-22T17:57:49Z,,2025-01-22T19:56:34Z,"Merged, topic: not user facing",main,malfet-patch-1,,,,,,,msaroufim,,False,,65600975,"86941, 23377, None, None"
2292640995,zhxchen17,Use AOTI as inductor backend with precompile mode.,open,2025-01-22T16:27:55Z,,,"fb-exported, ciflow/trunk, topic: not user facing, module: inductor, ciflow/inductor",main,export-D68459341,,,,,,,"desertfire, oulgen",,False,,65600975,"86941, 23377, None, None"
2292608493,albanD,Move privateuse1 test out of test_utils and make them serial,closed,2025-01-22T16:11:24Z,,2025-01-23T00:31:42Z,"Merged, ciflow/trunk, topic: not user facing",main,fix_test_utils_flakyness,,,,,,,,,False,,65600975,"86941, 23377, None, None"
2292463729,IvanKobzarev,[torchbench] Increase tolerance for amp only poolformer_m36,closed,2025-01-22T15:03:24Z,,2025-01-24T19:56:24Z,"Merged, ciflow/trunk, topic: not user facing, module: dynamo, ciflow/inductor",gh/IvanKobzarev/96/base,gh/IvanKobzarev/96/head,,,,,,,zou3519,,False,,65600975,"86941, 23377, None, None"
2292363833,desertfire,[inductor][BE] Enable test_cpu_cpp_wrapper in fbcode,closed,2025-01-22T14:19:00Z,,2025-01-29T16:35:22Z,"fb-exported, Merged, Reverted, ciflow/trunk, topic: not user facing, module: inductor, ciflow/inductor, ci-no-td",main,export-D68278174,,,,,,,,,False,,65600975,"86941, 23377, None, None"
2292165795,murste01,Enable C++ API parity tests on AArch64,closed,2025-01-22T12:45:08Z,,2025-01-30T22:42:51Z,"triaged, open source, Merged, ciflow/trunk, topic: not user facing",main,murste01/enable-cpp-api-parity-tests,,,,,,,,,False,,65600975,"86941, 23377, None, None"
2292018691,robert-hardwick,[ARM] Fix `test_float_to_int_conversion_nonfinite`,closed,2025-01-22T11:29:20Z,,2025-02-11T22:22:13Z,"triaged, open source, module: arm, Merged, ciflow/trunk, topic: not user facing",main,tensor_creation,,,,,,,,,False,,65600975,"86941, 23377, None, None"
2291877791,mlaves,removed check for ConvTranspose3D on MPS,open,2025-01-22T10:20:05Z,,,"triaged, open source, release notes: mps",main,convtranspose_mps_remove_check,,,,,,,"kulinseth, malfet",,False,,65600975,"86941, 23377, None, None"
2291696006,HarryWangATX,Fix avg_pool crash with negative numbers,open,2025-01-22T08:53:13Z,,,"module: cpu, triaged, open source, release notes: quantization",main,avg_pool_positive,,,,,,,"jerryzh168, salilsdesai, kimishpatel, digantdesai, jianyuh",,False,,65600975,"86941, 23377, None, None"
2291502243,laithsakka,ehnace logging statically known by adding size_oblivious(..),closed,2025-01-22T06:58:54Z,,2025-01-31T23:26:40Z,"Merged, ciflow/trunk, release notes: fx, fx, ciflow/inductor",gh/laithsakka/106/base,gh/laithsakka/106/head,,,,,,,bobrenjc93,,False,,65600975,"86941, 23377, None, None"
2291491642,XilunWu,[dtensor][cp] experiment: call flex_attention on DTensor,open,2025-01-22T06:51:47Z,,,"oncall: distributed, ciflow/inductor",gh/XilunWu/110/base,gh/XilunWu/110/head,,,,,,,,,True,,65600975,"86941, 23377, None, None"
2291449020,anijain2305,[dynamo] Support fx map_aggregate,closed,2025-01-22T06:23:24Z,,2025-01-23T03:19:32Z,"Merged, ciflow/trunk, topic: not user facing, module: dynamo, ciflow/inductor, keep-going",gh/anijain2305/625/base,gh/anijain2305/625/head,,,,,,,yanboliang,,False,,65600975,"86941, 23377, None, None"
2291340317,davidberard98,"[inductor][2/N] triton support post-#5512, user-defined triton kernels",closed,2025-01-22T04:54:30Z,,2025-01-24T00:34:05Z,"Merged, ciflow/trunk, topic: bug fixes, module: inductor, ciflow/inductor, release notes: inductor",gh/davidberard98/331/base,gh/davidberard98/331/head,,,,,,,"zou3519, oulgen, SamGinzburg, eellison",,False,,65600975,"86941, 23377, None, None"
2291338253,huydhn,Fix deprecated pytorch_sphinx_theme editable installation in PyTorch CI,closed,2025-01-22T04:52:39Z,,2025-01-23T23:17:23Z,"Merged, Reverted, topic: not user facing, ciflow/nightly, test-config/default, ci-no-td",main,update-pytorch_sphinx_theme,,,,,,,jeffdaily,,False,,65600975,"86941, 23377, None, None"
2291251564,aorenste,PEP585: Missed conversions,closed,2025-01-22T03:26:39Z,,2025-01-29T05:24:38Z,"oncall: distributed, Merged, ciflow/trunk, module: distributed_checkpoint, keep-going, suppress-bc-linter, release notes: optim",gh/aorenste/198/base,gh/aorenste/198/head,,,,,,,"janeyx99, jbschlosser, mikaylagawarecki",,False,,65600975,"86941, 23377, None, None"
2291209755,malfet,[MPSInductor] Add `gamma` op,closed,2025-01-22T02:39:34Z,,2025-01-22T19:37:47Z,"Merged, topic: not user facing, release notes: mps, ciflow/mps, module: inductor, ciflow/inductor",gh/malfet/145/base,gh/malfet/145/head,,,,,,,"kulinseth, jansel",,False,,65600975,"86941, 23377, None, None"
2291154205,CaoE,Add MKLDNN support for Half GELU,closed,2025-01-22T01:34:27Z,,2025-01-22T15:14:54Z,"open source, Merged, ciflow/trunk, topic: not user facing, ciflow/periodic, ciflow/inductor, ciflow/linux-aarch64",main,fp16_gelu,,,,,,,,,False,,65600975,"86941, 23377, None, None"
2291153017,chaos5958,[S481486] [MTIA] Correct mtia.device_count() API,closed,2025-01-22T01:33:01Z,,2025-01-22T17:45:18Z,"fb-exported, Merged, ciflow/trunk, topic: not user facing",main,export-D68472668,,,,,,,,,False,,65600975,"86941, 23377, None, None"
2291116605,muchulee8,[WIP] [AOTInductor] Use AtenTensorHandle as the constant map's holder.,open,2025-01-22T00:52:35Z,,,"ciflow/trunk, topic: not user facing, module: inductor, ciflow/inductor",gh/muchulee8/41/base,gh/muchulee8/41/head,,,,,,,,,False,,65600975,"86941, 23377, None, None"
2291105119,ydwu4,[be] fix flaky test aot_export_ cond caused by free symbol lifting and automatic dynamic shape,closed,2025-01-22T00:41:07Z,,2025-01-23T18:13:01Z,"Merged, ciflow/trunk, topic: not user facing",gh/ydwu4/200/base,gh/ydwu4/200/head,,,,,,,"ezyang, Chillee",,False,,65600975,"86941, 23377, None, None"
2291088225,pytorchupdatebot,[audio hash update] update the pinned audio hash,closed,2025-01-22T00:23:22Z,,2025-01-22T19:39:06Z,"open source, Merged, ciflow/trunk, topic: not user facing, ciflow/inductor",main,update-audio-commit-hash/12898458761-1429-1,,,,,,,,,False,,65600975,"86941, 23377, None, None"
2291085078,yangw-dev,[utilization] pipeline to create clean db records,closed,2025-01-22T00:20:19Z,,2025-01-29T23:48:52Z,"Merged, ciflow/trunk, topic: not user facing",main,uploadJobTestArtifact,,,,,,,,,False,,65600975,"86941, 23377, None, None"
2291056264,shunting314,[inductor] let inplace-padding support cpp-wrapper,closed,2025-01-21T23:49:09Z,,2025-01-23T09:22:41Z,"Merged, ciflow/trunk, topic: not user facing, module: inductor, ciflow/inductor",gh/shunting314/193/base,gh/shunting314/193/head,,,,,,,"eellison, Chillee",,False,,65600975,"86941, 23377, None, None"
2291047840,jackzhxng,Add stft option to align window for center = false,closed,2025-01-21T23:39:28Z,2025-01-30T22:40:27Z,2025-01-30T22:40:28Z,release notes: onnx,jz/stft-old-fc,jz/stft,,,,,,,"titaiwangms, shubhambhokare1, justinchuby, wschin",,False,,65600975,"86941, 23377, None, None"
2291046879,haifeng-jin,fix a small typo in comments,closed,2025-01-21T23:38:21Z,,2025-01-31T06:45:47Z,"open source, Merged, ciflow/trunk, topic: not user facing, ciflow/inductor",main,typo,,,,,,,,,False,,65600975,"86941, 23377, None, None"
2291037418,chaos5958,[S481486] Move MTIA dynamic library loading from __init__.py to a separate module,closed,2025-01-21T23:29:17Z,,2025-01-22T23:39:45Z,"fb-exported, Merged, ciflow/trunk, topic: not user facing",main,export-D68463242,,,,,,,ezyang,,False,,65600975,"86941, 23377, None, None"
2291033230,c00w,inductor: Explicitly test that torch.compile(option=...) does something,closed,2025-01-21T23:24:59Z,,2025-01-25T00:48:28Z,"Merged, ciflow/trunk, topic: not user facing, module: inductor, ciflow/inductor",gh/c00w/31/base,gh/c00w/31/head,,,,,,,exclamaforte,,False,,65600975,"86941, 23377, None, None"
2291030973,desertfire,[BE] Bump TIMM pin,closed,2025-01-21T23:23:20Z,,2025-01-23T20:44:29Z,"Merged, ciflow/trunk, topic: not user facing, module: dynamo, ciflow/inductor",main,desertfire/update_timm_pin,,,,,,,jeffdaily,,False,,65600975,"86941, 23377, None, None"
2291021005,Camyll,Windows builds with VS2022,closed,2025-01-21T23:14:48Z,,2025-01-28T19:07:27Z,"Merged, ciflow/trunk, topic: not user facing, ciflow/binaries_wheel, test-config/default",main,camyllh_update_vs_build_to_2022,,,,,,,,,False,,65600975,"86941, 23377, None, None"
2291017878,nWEIdia,[CI][CUDA][MultiGPU][Regression] Skip a failure due to https://github.com/pytorch/pytorch/issues/139520,closed,2025-01-21T23:11:25Z,,2025-01-24T06:58:07Z,"triaged, open source, Merged, ciflow/trunk, topic: not user facing, module: inductor, ciflow/inductor",main,skip_test_move_constructors_cuda_unit_tests,,,,,,,eellison,,False,,65600975,"86941, 23377, None, None"
2291017566,masnesral,[testing] Consult test/dynamo_expected_failures and test/dynamo_skips when PYTORCH_TEST_WITH_INDUCTOR=1,closed,2025-01-21T23:11:06Z,,2025-01-22T22:10:43Z,"topic: not user facing, ciflow/inductor",gh/masnesral/169/base,gh/masnesral/169/head,,,,,,,,,True,,65600975,"86941, 23377, None, None"
2291016656,FindHao,[do not land] test base commit ,closed,2025-01-21T23:10:08Z,,2025-01-23T18:31:33Z,"ciflow/trunk, topic: not user facing, not4land, ciflow/inductor, keep-going",main,findhao/base_commit_test1,,,,,,,,,False,,65600975,"86941, 23377, None, None"
2291002569,yiming0416,[BE][export] Change custom_op registeration style,closed,2025-01-21T22:57:27Z,,2025-01-22T23:46:53Z,"fb-exported, Merged, ciflow/trunk, topic: not user facing",main,export-D68465258,,,,,,,pianpwk,,False,,65600975,"86941, 23377, None, None"
2290995060,huydhn,"Fix ExecuTorch, XLA, Triton hash updates",closed,2025-01-21T22:50:43Z,,2025-01-21T23:24:24Z,"Merged, topic: not user facing, test-config/default",main,update-merge-rules-lf-rename,,,,,,,,,False,,65600975,"86941, 23377, None, None"
2290993694,clee2000,[test] editable install pytorch sphinx,closed,2025-01-21T22:49:27Z,,2025-01-23T23:04:45Z,topic: not user facing,main,csl/editable_install,,,,,,,,,True,,65600975,"86941, 23377, None, None"
2290941456,malfet,[MPS][BE] Move vectypes from Quantized to utils,closed,2025-01-21T22:10:31Z,,2025-01-22T00:37:30Z,"better-engineering, Merged, topic: not user facing, release notes: mps, ciflow/mps",gh/malfet/144/base,gh/malfet/144/head,,,,,,,kulinseth,,False,,65600975,"86941, 23377, None, None"
2290911484,BoyuanFeng,[BE] Type annotation for `_inductor/dependencies.py`,closed,2025-01-21T21:50:11Z,,2025-01-24T06:32:50Z,"Merged, ciflow/trunk, topic: not user facing, module: inductor, ciflow/inductor",main,bf/be-dependencies,,,,,,,Skylion007,,False,,65600975,"86941, 23377, None, None"
2290903636,yangw-dev,[Utilization] post-test-process workflow,closed,2025-01-21T21:44:31Z,,2025-02-13T18:51:22Z,"Merged, ciflow/trunk, topic: not user facing",main,addDispatchPr,,,,,,,,,False,,65600975,"86941, 23377, None, None"
2290889383,malfet,[MPS][BE] Prepare Gamma funcs to be moved ot headers,closed,2025-01-21T21:34:57Z,,2025-01-22T16:14:09Z,"Merged, ciflow/trunk, topic: not user facing, release notes: mps, ciflow/mps",gh/malfet/143/base,gh/malfet/143/head,,,,,,,kulinseth,,False,,65600975,"86941, 23377, None, None"
2290886102,masnesral,[BE] Remove test_ops_gradients from FIXME_inductor_dont_reset_dynamo,closed,2025-01-21T21:32:35Z,,2025-01-23T17:25:06Z,"Merged, ciflow/trunk, topic: not user facing, ciflow/inductor, keep-going",gh/masnesral/168/base,gh/masnesral/168/head,,,,,,,FindHao,,False,,65600975,"86941, 23377, None, None"
2290883822,masnesral,[BE] Remove test_ops from FIXME_inductor_dont_reset_dynamo,closed,2025-01-21T21:31:24Z,,2025-01-27T18:12:42Z,"Merged, ciflow/trunk, topic: not user facing, ciflow/inductor, keep-going",gh/masnesral/167/base,gh/masnesral/167/head,,,,,,,,,False,,65600975,"86941, 23377, None, None"
2290880876,masnesral,[BE] Remove test_modules from FIXME_inductor_dont_reset_dynamo,closed,2025-01-21T21:29:30Z,,2025-01-23T06:37:23Z,"Merged, ciflow/trunk, topic: not user facing, ciflow/inductor, keep-going",gh/masnesral/166/base,gh/masnesral/166/head,,,,,,,FindHao,,False,,65600975,"86941, 23377, None, None"
2290880562,anijain2305,[dynamo] Use ConstDictVariable tracker for obj.__dict__,closed,2025-01-21T21:29:18Z,,2025-01-22T00:16:57Z,"ciflow/trunk, topic: not user facing, module: dynamo, ciflow/inductor",gh/anijain2305/624/base,gh/anijain2305/624/head,,,,,,,,,False,,65600975,"86941, 23377, None, None"
2290874497,aorenste,Fix for failure in D68425364,closed,2025-01-21T21:24:57Z,,2025-01-22T23:33:05Z,"fb-exported, Merged, ciflow/trunk, release notes: fx, fx, keep-going",main,export-D68459095,,,,,,,,,False,,65600975,"86941, 23377, None, None"
2290864887,dmpots,Add unique identifer to bmm thread_mm functions,closed,2025-01-21T21:18:36Z,,2025-01-24T17:35:52Z,"fb-exported, Merged, ciflow/trunk, topic: not user facing, module: inductor, ciflow/inductor",main,export-D68364772,,,,,,,desertfire,,False,,65600975,"86941, 23377, None, None"
2290861100,StrongerXi,[dynamo] Re-enable `test_fs` family for dynamo,closed,2025-01-21T21:15:53Z,,2025-01-22T17:50:08Z,"Merged, ciflow/trunk, topic: not user facing",gh/StrongerXi/70/base,gh/StrongerXi/70/head,,,,,,,huydhn,,False,,65600975,"86941, 23377, None, None"
2290849344,manuelcandales,Add fused rms_norm implementation for MPS backend,closed,2025-01-21T21:07:45Z,,2025-01-23T18:07:12Z,"Merged, topic: improvements, release notes: mps, ciflow/mps",main,rms_norm,,,,,,,kulinseth,,False,,65600975,"86941, 23377, None, None"
2290808749,StrongerXi,[dynamo] Re-enable a AOT-Dispatch test with Dynamo,closed,2025-01-21T20:41:32Z,,2025-01-22T03:47:07Z,"Merged, ciflow/trunk, topic: not user facing",gh/StrongerXi/69/base,gh/StrongerXi/69/head,,,,,,,,,False,,65600975,"86941, 23377, None, None"
2290795358,ydwu4,[hop][be] add utils for more comprehensive input alias and mutation,closed,2025-01-21T20:32:40Z,,2025-01-23T18:12:30Z,"Merged, ciflow/trunk, topic: not user facing",gh/ydwu4/199/base,gh/ydwu4/199/head,,,,,,,,,False,,65600975,"86941, 23377, None, None"
2290783411,Shoaib-git20,Added new lines of code to force cuda aware MPI usage and also to support fp16 and reduce_scatter communication operation,closed,2025-01-21T20:24:50Z,,2025-01-21T22:52:39Z,"oncall: distributed, open source, release notes: distributed (c10d)",main,nowlab-dev,,,,,,,,,False,,65600975,"86941, 23377, None, None"
2290760275,IvanKobzarev,[torchbench] Fix mobilenetv2 inductor freezing fail_accuracy,closed,2025-01-21T20:10:03Z,,2025-01-22T15:54:12Z,"Merged, ciflow/trunk, topic: not user facing, module: dynamo, ciflow/inductor",gh/IvanKobzarev/95/base,gh/IvanKobzarev/95/head,,,,,,,,,False,,65600975,"86941, 23377, None, None"
2290742232,malfet,[BE][MPS] Mark gamma inputs as const,closed,2025-01-21T19:59:09Z,,2025-01-22T01:00:57Z,"Merged, topic: not user facing, release notes: mps, ciflow/mps",gh/malfet/142/base,gh/malfet/142/head,,,,,,,kulinseth,,False,,65600975,"86941, 23377, None, None"
2290728607,jeffdaily,[ROCm] miopen benchmark behavior now better aligns with cudnn,closed,2025-01-21T19:51:55Z,,2025-02-05T17:19:55Z,"module: rocm, triaged, open source, Merged, release notes: rocm, release notes: nn, ciflow/rocm",main,miopen_benchmark_false,,,,,,,jithunnair-amd,,False,,65600975,"86941, 23377, None, None"
2290706904,StrongerXi,[dynamo] Fix numpy test accuracy error induced by randomness divergence,closed,2025-01-21T19:37:30Z,,2025-01-22T20:53:05Z,"Merged, ciflow/trunk, topic: not user facing",gh/StrongerXi/68/base,gh/StrongerXi/68/head,,,,,,,ev-br,,False,,65600975,"86941, 23377, None, None"
2290674539,yiming0416,[BE][export] Remove disabled floordiv test in export,closed,2025-01-21T19:15:16Z,,2025-01-22T05:17:59Z,"fb-exported, Merged, ciflow/trunk, topic: not user facing",main,export-D68450650,,,,,,,,,False,,65600975,"86941, 23377, None, None"
2290668767,BoyuanFeng,[BE] Add type annotations to cudagraph_utils.py and test_cases.py,closed,2025-01-21T19:11:27Z,,2025-01-22T14:54:47Z,"Merged, ciflow/trunk, topic: not user facing, module: inductor, ciflow/inductor",main,bf/be-cudagraph-utils,,,,,,,eellison,,False,,65600975,"86941, 23377, None, None"
2290645163,malfet,[BE][MPS] Move Gamma kernels to its own file,closed,2025-01-21T18:56:31Z,,2025-01-22T01:00:56Z,"Merged, topic: not user facing, release notes: mps, ciflow/mps",gh/malfet/141/base,gh/malfet/141/head,,,,,,,kulinseth,,False,,65600975,"86941, 23377, None, None"
2290620135,oulgen,Add multi env variable support to configs,closed,2025-01-21T18:40:41Z,,2025-01-24T10:04:26Z,"Merged, Reverted, ciflow/trunk, topic: not user facing, ci-no-td",gh/oulgen/146/base,gh/oulgen/146/head,,,,,,,ezyang,,False,,65600975,"86941, 23377, None, None"
2290614914,zhxchen17,[export][be] Clean up local imports from export [1/n],closed,2025-01-21T18:37:56Z,,2025-01-22T19:09:20Z,"fb-exported, Merged, ciflow/trunk, release notes: export",main,export-D68449844,,,,,,,"avikchaudhuri, tugsbayasgalan, ydwu4, angelayi",,False,,65600975,"86941, 23377, None, None"
2290605244,pytorchbot,update get start xpu,closed,2025-01-21T18:31:28Z,2025-01-24T14:15:54Z,2025-01-24T14:15:54Z,open source,release/2.6,cherry-pick-143183-by-pytorch_bot_bot_,,,,,,,,,False,,65600975,"86941, 23377, None, None"
2290600092,syed-ahmed,Updates NCCL user buffer registration test for NCCL 2.24.3,closed,2025-01-21T18:28:05Z,,2025-01-28T00:24:55Z,"oncall: distributed, open source, Merged, ciflow/trunk, topic: not user facing",gh/syed-ahmed/1/base,gh/syed-ahmed/1/head,,,,,,,,,False,,65600975,"86941, 23377, None, None"
2290572861,pianpwk,"[BE][export] add ""+export"" logging to de/serialization",closed,2025-01-21T18:10:23Z,,2025-01-23T19:47:51Z,"Merged, ciflow/trunk, ciflow/inductor, release notes: export",main,pianpwk/serdes_logging,,,,,,,"avikchaudhuri, tugsbayasgalan, zhxchen17",,False,,65600975,"86941, 23377, None, None"
2290423628,janeyx99,Use TORCH_CHECK instead of std::runtime_error in stack.h and ivalue.h,closed,2025-01-21T16:44:27Z,,2025-01-21T21:59:02Z,"better-engineering, Merged, ciflow/trunk, topic: not user facing",gh/janeyx99/217/base,gh/janeyx99/217/head,,,,,,,albanD,,False,,65600975,"86941, 23377, None, None"
2290340334,zou3519,[SkipFiles] New modules added to torch.* are inlined by default,closed,2025-01-21T16:02:16Z,,2025-01-21T23:24:15Z,"Merged, ciflow/trunk, topic: not user facing, module: dynamo, ciflow/inductor",gh/zou3519/1115/base,gh/zou3519/1115/head,,,,,,,anijain2305,,False,,65600975,"86941, 23377, None, None"
2290320655,ethanwee1,[DO NOT MERGE] Testing mi300 on periodic,closed,2025-01-21T15:52:43Z,,2025-01-21T16:47:28Z,"open source, ciflow/trunk, release notes: rocm, topic: not user facing",main,test_mi300_periodic,,,,,,,,,True,,65600975,"86941, 23377, None, None"
2290203399,ezyang,[HOTFIX] Remove third_party/kleidai,closed,2025-01-21T14:58:46Z,,2025-01-21T14:58:59Z,topic: not user facing,gh/ezyang/3069/base,gh/ezyang/3069/head,,,,,,,,,False,,65600975,"86941, 23377, None, None"
2290021746,moksiuc,Remove unnecessary HPUHooksInterface method,closed,2025-01-21T13:37:37Z,,2025-01-26T01:06:37Z,"triaged, open source, Merged, ciflow/trunk, topic: not user facing",main,moksiucik_215844_torch_generator_pt26,,,,,,,albanD,,False,,65600975,"86941, 23377, None, None"
2289993761,Aidyn-A,[Test][Inductor] Fix test_tma_graph_breaks,closed,2025-01-21T13:25:25Z,,2025-01-22T19:19:01Z,"open source, Merged, ciflow/trunk, topic: not user facing, module: inductor, ciflow/inductor",main,fix_test_tma_graph_breaks_after_data_ptr,,,,,,,"SherlockNoMad, aakhundov",,False,,65600975,"86941, 23377, None, None"
2289949516,johnnynunez,[NVIDIA] RTX50 Blackwell Support codegen,closed,2025-01-21T13:05:55Z,,2025-01-21T21:10:07Z,"open source, Merged, ciflow/trunk, release notes: cuda, topic: new features",main,master,,,,,,,"fmassa, soumith",,False,,65600975,"86941, 23377, None, None"
2289933920,1274085042,Improve the caching allocator test for raw alloc,closed,2025-01-21T12:58:55Z,,2025-01-24T21:07:19Z,"open source, Merged, ciflow/trunk, topic: not user facing",main,cca_ci,,,,,,,,,False,,65600975,"86941, 23377, None, None"
2289723981,Tytskiy,Fix SEGFAULT when None arg was passed in GraphContext.op(..),open,2025-01-21T11:32:33Z,,,"module: onnx, triaged, open source, onnx-triaged, release notes: onnx, topic: bug fixes",main,fix_optional_arg_onnx_export,,,,,,,"titaiwangms, shubhambhokare1, wschin",,False,,65600975,"86941, 23377, None, None"
2289642505,robert-hardwick,[ARM] Add test_ops and test_memory_profiler to aarch64 tests,open,2025-01-21T10:59:02Z,,,"triaged, open source, module: arm, topic: not user facing",main,test_ops,,,,,,,,,False,,65600975,"86941, 23377, None, None"
2289230856,chuanqi129,[CD] Disable Kineto for XPU Windows CD,closed,2025-01-21T08:16:10Z,,2025-01-23T14:09:55Z,"open source, Merged, ciflow/trunk, topic: not user facing, ciflow/binaries_wheel",main,xpu_win_profiling_disable,,,,,,,,,False,,65600975,"86941, 23377, None, None"
2289199435,muchulee8,[TEST] tmp storage with CONSTANTHANDLE,open,2025-01-21T08:02:18Z,,,"ciflow/trunk, module: inductor, ciflow/inductor",gh/muchulee8/40/base,gh/muchulee8/40/head,,,,,,,,,False,,65600975,"86941, 23377, None, None"
2289067103,ZhaoqiongZ,change the test wheel to release wheel when release wheel available,closed,2025-01-21T06:32:57Z,,2025-01-28T21:23:55Z,"triaged, open source, Merged, ciflow/trunk, topic: docs, release notes: xpu",main,preview_to_release/zzq,,,,,,,,,False,,65600975,"86941, 23377, None, None"
2289052847,ZhaoqiongZ,Fix IdentationError of code example ,closed,2025-01-21T06:23:17Z,,2025-01-23T18:17:14Z,"triaged, open source, Merged, ciflow/trunk, topic: not user facing",main,fix_format/zzq,,,,,,,,,False,,65600975,"86941, 23377, None, None"
2289045989,Xia-Weiwen,[Inductor][CPU] Add a lowering pass for _weight_int4pack_mm_for_cpu,closed,2025-01-21T06:17:47Z,,2025-02-13T08:40:15Z,"module: cpu, open source, Merged, ciflow/trunk, release notes: quantization, topic: not user facing, intel, module: inductor, ciflow/inductor",gh/Xia-Weiwen/29/base,gh/Xia-Weiwen/29/head,,,,,,,"jgong5, salilsdesai, kimishpatel, digantdesai, jianyuh",,False,,65600975,"86941, 23377, None, None"
2289040428,LifengWang,fake PR for validating oneDNN upgrade to v3.7 on windows,closed,2025-01-21T06:13:27Z,,2025-01-21T10:25:48Z,"module: mkldnn, open source, release notes: releng, ciflow/binaries_wheel, module: inductor",main,onednn3.7_windows,,,,,,,jeffdaily,,False,,65600975,"86941, 23377, None, None"
2289036158,etaf,[Break XPU][Inductor UT] Set input tensors to corresponding device for test case in test_aot_indutor.py,closed,2025-01-21T06:09:54Z,,2025-02-14T01:39:22Z,"open source, Merged, ciflow/trunk, topic: not user facing, module: inductor, ciflow/inductor",gh/etaf/95/base,gh/etaf/95/head,,,,,,,malfet,,False,,65600975,"86941, 23377, None, None"
2288985378,anijain2305,[dynamo] Support types.MappingProxyType,closed,2025-01-21T05:27:31Z,,2025-01-22T19:50:43Z,"ciflow/trunk, topic: not user facing, module: dynamo, ciflow/inductor",gh/anijain2305/623/base,gh/anijain2305/623/head,,,,,,,,,False,,65600975,"86941, 23377, None, None"
2288967045,Xia-Weiwen,[Quant][CPU] add a wrapper op for _weight_int4pack_mm_for_cpu with tensor args,closed,2025-01-21T05:08:51Z,,2025-02-12T08:46:41Z,"module: cpu, open source, Merged, ciflow/trunk, release notes: quantization, release notes: linalg_frontend, intel, module: inductor, ciflow/inductor",gh/Xia-Weiwen/28/base,gh/Xia-Weiwen/28/head,,,,,,,"salilsdesai, kimishpatel, digantdesai, jianyuh",,False,,65600975,"86941, 23377, None, None"
2288950501,cyyever,Improve typing by using bool and int,open,2025-01-21T04:52:30Z,,,"triaged, open source, topic: not user facing",main,buildin_type,,,,,,,ezyang,,False,,65600975,"86941, 23377, None, None"
2288941272,kareemshaik80,[inductor] Make serialized inductor patterns path configurable instead of using …,open,2025-01-21T04:42:58Z,,,"triaged, open source, module: inductor, release notes: inductor",main,expose_inductor_patt_path,,,,,,,aorenste,,False,,65600975,"86941, 23377, None, None"
2288932903,jiayisunx,add grad_output shape check for adaptive_avg_pool2d_backward,open,2025-01-21T04:33:24Z,,,"open source, ciflow/trunk, topic: not user facing",gh/jiayisunx/54/base,gh/jiayisunx/54/head,,,,,,,malfet,,False,,65600975,"86941, 23377, None, None"
2288874651,aorenste,Teach dynamo to handle GenericAlias without a graph break,closed,2025-01-21T03:23:32Z,,2025-01-22T01:55:54Z,"Merged, ciflow/trunk, topic: not user facing, module: dynamo, ciflow/inductor",gh/aorenste/197/base,gh/aorenste/197/head,,,,,,,,,False,,65600975,"86941, 23377, None, None"
2288859830,cyyever,Turn Stream into protocol and improve typing in torch/_C/__init__.pyi.in,open,2025-01-21T03:10:24Z,,,"oncall: jit, triaged, open source, topic: not user facing",main,C_init_py,,,,,,,albanD,,True,,65600975,"86941, 23377, None, None"
2288849706,cyyever,Improve typing in torch/__init__.py,closed,2025-01-21T02:57:10Z,,2025-01-25T10:19:41Z,"triaged, open source, ciflow/trunk, topic: not user facing",main,init_type,,,,,,,,,False,,65600975,"86941, 23377, None, None"
2288842690,cyyever,Improve typing in torch/types.py,closed,2025-01-21T02:47:57Z,,2025-01-28T05:29:15Z,"open source, Merged, ciflow/trunk, topic: not user facing, ciflow/inductor",main,types,,,,,,,"aorenste, Skylion007",,False,,65600975,"86941, 23377, None, None"
2288831227,guangyey,[Don't Review] test CI,closed,2025-01-21T02:33:01Z,,2025-01-21T02:33:36Z,topic: not user facing,gh/guangyey/121/base,gh/guangyey/121/head,,,,,,,,,False,,65600975,"86941, 23377, None, None"
2288800874,huydhn,Fix broken gpt_fast micro benchmark after #144315,closed,2025-01-21T01:51:04Z,,2025-01-21T17:42:28Z,"Merged, release notes: releng, ciflow/inductor-micro-benchmark, ciflow/inductor-micro-benchmark-cpu-x86",main,fix-gpt-fast-benchmark,,,,,,,eellison,,False,,65600975,"86941, 23377, None, None"
2288748263,jansel,"[inductor] Simplify mode options, only apply CompilerBisector changes once",closed,2025-01-21T00:33:15Z,,2025-01-21T19:25:48Z,"Merged, ciflow/trunk, topic: not user facing, module: inductor, ciflow/inductor",gh/jansel/476/base,gh/jansel/476/head,,,,,,,,,False,,65600975,"86941, 23377, None, None"
2288729210,dcci,[BE] [mps] Refactor UnaryConstants to be its own kernel.,closed,2025-01-21T00:05:00Z,,2025-01-23T20:58:45Z,"Merged, topic: not user facing, ciflow/mps, module: inductor",main,inductor-unary-kernel,,,,,,,kulinseth,,False,,65600975,"86941, 23377, None, None"
2288678497,carmocca,Expose the rendezvous keepalive arguments,open,2025-01-20T22:58:17Z,,,"oncall: distributed, triaged, open source, release notes: distributed (torchelastic)",main,patch-1,,,,,,,,,False,,65600975,"86941, 23377, None, None"
2288671886,dnikolaev-amd,[ROCm] fix test_cublas_workspace_explicit_allocation for gfx12,closed,2025-01-20T22:50:04Z,,2025-01-28T16:19:29Z,"module: rocm, open source, Merged, ciflow/trunk, topic: not user facing, rocm, ciflow/rocm",main,dnikolev/fix_test_cublas_workspace_explicit_allocation_for_navi,,,,,,,syed-ahmed,,False,,65600975,"86941, 23377, None, None"
2288526707,stevenleeS0ht,update sympy version 1.13.3 in setup.py (previously update only in requirement.txt),open,2025-01-20T20:18:42Z,,,"open source, ciflow/binaries, ciflow/trunk, topic: not user facing",main,main,,,,,,,Skylion007,,False,,65600975,"86941, 23377, None, None"
2288368962,guilhermeleobas,Raise MutationError if there are side effects when returning generator,closed,2025-01-20T18:05:17Z,,2025-02-08T22:42:20Z,"open source, Merged, module: dynamo, ciflow/inductor, release notes: dynamo",gh/guilhermeleobas/91/base,gh/guilhermeleobas/91/head,,,,,,,,,False,,65600975,"86941, 23377, None, None"
2288130577,AnantGulati,Refactoring Distributed test cases to be device agnostic [1/n],closed,2025-01-20T16:24:11Z,,2025-02-05T18:47:12Z,"oncall: distributed, module: cpu, triaged, open source, module: amp (automated mixed precision), Merged, ciflow/trunk, topic: not user facing, module: inductor, module: dynamo, module: distributed_checkpoint, module: compiled autograd",main,AnantGulati_clean_refactored_dist_test_cases,,,,,,,"eqy, syed-ahmed, EikanWang, gujinghui, jeffdaily, jithunnair-amd, andrewkho, divyanshk, sraikund16, kulinseth, malfet, fegin, avikchaudhuri, tugsbayasgalan, zhxchen17, ydwu4, angelayi, lezcano, nikitaved, IvanYashchuk",,False,,65600975,"86941, 23377, None, None"
2287320113,alinpahontu2912,solve apl dependency issue,closed,2025-01-20T10:43:12Z,,2025-01-27T13:02:19Z,"triaged, open source, Merged, ciflow/trunk, topic: not user facing",main,apl_dependencies_fix,,,,,,,,,False,,65600975,"86941, 23377, None, None"
2287125003,kyo-takano,Fix incorrect citation of authors in documentation,open,2025-01-20T09:19:08Z,,,"open source, release notes: optim",main,fix-adafactor-citation,,,,,,,,,False,,65600975,"86941, 23377, None, None"
2286915514,pytorchupdatebot,Update slow tests,closed,2025-01-20T07:39:47Z,,2025-01-27T11:40:41Z,"open source, Merged, ciflow/trunk, topic: not user facing, ciflow/slow, ci-no-td",main,update_slow_tests_1737358785,,,,,,,,,False,,65600975,"86941, 23377, None, None"
2286831076,yanboliang,CI test: TestAutograd.test_gradcheck_nondeterministic,closed,2025-01-20T06:54:18Z,,2025-01-25T06:21:28Z,topic: not user facing,gh/yanboliang/55/base,gh/yanboliang/55/head,,,,,,,,,False,,65600975,"86941, 23377, None, None"
2286826658,nWEIdia,[CI][CUDA][Dynamic Shape] xfail: DynamicShapesCodegenGPUTests.test_linspace4_dynamic_shapes_cuda,closed,2025-01-20T06:51:08Z,,2025-01-24T06:57:37Z,"triaged, open source, Merged, ciflow/trunk, topic: not user facing, module: inductor, ciflow/inductor",main,skip_dynamic_shape_unit_test,,,,,,,,,False,,65600975,"86941, 23377, None, None"
2286725883,aorenste,PEP585 update - torch/_higher_order_ops torch/_subclasses torch/backends torch/compiler torch/cuda torch/masked torch/mtia torch/nested,closed,2025-01-20T05:36:00Z,,2025-01-20T22:37:28Z,"Merged, ciflow/trunk, release notes: foreach_frontend, topic: not user facing, ciflow/inductor",gh/aorenste/196/base,gh/aorenste/196/head,,,,,,,"eqy, syed-ahmed, zou3519",,False,,65600975,"86941, 23377, None, None"
2286724307,aorenste,PEP585 update - torch/utils,closed,2025-01-20T05:34:36Z,,2025-01-21T21:04:12Z,"oncall: jit, module: cpu, Merged, ciflow/trunk, release notes: foreach_frontend, topic: not user facing, suppress-bc-linter",gh/aorenste/195/base,gh/aorenste/195/head,,,,,,,"jeffdaily, jithunnair-amd, andrewkho, divyanshk, fmassa, soumith, ezyang",,False,,65600975,"86941, 23377, None, None"
2286723154,aorenste,PEP585 update - torch/testing,closed,2025-01-20T05:33:41Z,,2025-01-20T22:42:45Z,"oncall: distributed, oncall: jit, Merged, ciflow/trunk, release notes: distributed (rpc), topic: not user facing",gh/aorenste/194/base,gh/aorenste/194/head,,,,,,,mruberry,,False,,65600975,"86941, 23377, None, None"
2286721463,aorenste,PEP585 update - torch/ao,closed,2025-01-20T05:32:10Z,,2025-01-20T22:32:38Z,"Merged, ciflow/trunk, topic: not user facing, fx, release notes: AO frontend",gh/aorenste/193/base,gh/aorenste/193/head,,,,,,,,,False,,65600975,"86941, 23377, None, None"
2286720508,aorenste,PEP585 update - torch/_inductor,closed,2025-01-20T05:31:15Z,,2025-01-21T21:04:35Z,"Merged, ciflow/trunk, topic: not user facing, module: inductor, ciflow/inductor, suppress-bc-linter",gh/aorenste/192/base,gh/aorenste/192/head,,,,,,,,,False,,65600975,"86941, 23377, None, None"
2286594714,cyyever,Use std::string_view in get_fully_qualified_type_name,open,2025-01-20T03:28:55Z,,,"triaged, open source, topic: not user facing",main,stringview30,,,,,,,r-barnes,,False,,65600975,"86941, 23377, None, None"
2286590495,bobrenjc93,Guard size oblivious within empty_tensor_restride_symint,closed,2025-01-20T03:24:45Z,,2025-02-05T05:19:36Z,ciflow/inductor,gh/bobrenjc93/253/base,gh/bobrenjc93/253/head,,,,,,,,,True,,65600975,"86941, 23377, None, None"
2286571635,nWEIdia,[CI][CUDA][Distributed][FSDP] Remove hardcoded world size of 2 ,closed,2025-01-20T03:03:57Z,,2025-01-21T20:25:55Z,"oncall: distributed, open source, Merged, ciflow/trunk, topic: not user facing",main,fix_hardcoded_wordsize,,,,,,,,,False,,65600975,"86941, 23377, None, None"
2286503550,CaoE,Add transpose support for CppMicroGemmFP32Vec,open,2025-01-20T01:45:49Z,,,"module: cpu, open source, ciflow/trunk, topic: improvements, module: inductor, ciflow/inductor, release notes: inductor",main,trans_gemm,,,,,,,,,True,,65600975,"86941, 23377, None, None"
2286425657,abcarlisle,Added torch check to ensure indices are not empty,open,2025-01-19T23:49:19Z,,,"triaged, open source, topic: not user facing",main,max-pool3d,,,,,,,,,False,,65600975,"86941, 23377, None, None"
2286339348,bohnstingl,[scan] scan dim handling in user-facing scan(),closed,2025-01-19T19:23:43Z,,2025-01-30T21:09:10Z,"triaged, open source, Merged, ciflow/trunk, topic: not user facing, module: dynamo",main,scan_autograd41,,,,,,,ydwu4,,False,,65600975,"86941, 23377, None, None"
2286327717,aorenste,PEP585 update - mostly toplevels,closed,2025-01-19T18:48:58Z,,2025-01-22T02:21:16Z,"oncall: jit, module: amp (automated mixed precision), Merged, ciflow/trunk, release notes: jit, topic: not user facing, suppress-bc-linter",gh/aorenste/191/base,gh/aorenste/191/head,,,,,,,"mikaylagawarecki, albanD, soulitzer",,False,,65600975,"86941, 23377, None, None"
2286327392,aorenste,PEP585 update - .ci android aten,closed,2025-01-19T18:47:59Z,,2025-01-21T06:31:28Z,"Merged, ciflow/trunk, release notes: releng, topic: not user facing, suppress-bc-linter",gh/aorenste/190/base,gh/aorenste/190/head,,,,,,,bobrenjc93,,False,,65600975,"86941, 23377, None, None"
2286327264,aorenste,PEP585 update - test,closed,2025-01-19T18:47:36Z,,2025-01-22T04:48:31Z,"oncall: distributed, oncall: jit, Merged, ciflow/trunk, release notes: quantization, topic: not user facing, fx, module: inductor, module: dynamo, ciflow/inductor, module: distributed_checkpoint",gh/aorenste/189/base,gh/aorenste/189/head,,,,,,,"ezyang, Chillee, titaiwangms, shubhambhokare1, justinchuby, wschin, jerryzh168",,False,,65600975,"86941, 23377, None, None"
2286326681,aorenste,PEP585 update -  torch/nn torch/optim torch/package torch/profiler torch/serialization torch/sparse torch/xpu,closed,2025-01-19T18:45:48Z,,2025-01-21T16:57:30Z,"Merged, Reverted, ciflow/trunk, topic: not user facing, suppress-bc-linter, release notes: optim, ci-no-td",gh/aorenste/188/base,gh/aorenste/188/head,,,,,,,"mikaylagawarecki, EikanWang, gujinghui, sraikund16, albanD, janeyx99, jbschlosser",,False,,65600975,"86941, 23377, None, None"
2286326315,aorenste,PEP585 update - torch/onnx,closed,2025-01-19T18:44:45Z,,2025-01-20T05:48:55Z,"Merged, ciflow/trunk, release notes: onnx, topic: not user facing, fx",gh/aorenste/187/base,gh/aorenste/187/head,,,,,,,"titaiwangms, shubhambhokare1, wschin, bobrenjc93",,False,,65600975,"86941, 23377, None, None"
2286291763,Skylion007,[BE]: Improve typing for torch/fx/_pytree.py and torch/utils/_pytree.py,closed,2025-01-19T17:09:01Z,,2025-01-20T22:18:21Z,"open source, better-engineering, Merged, ciflow/trunk, release notes: fx, fx",main,skylion007/update-typing-torch-fx-pytree-2025-01-19,,,,,,,"aorenste, drisspg, XuehaiPan, malfet, albanD",,False,,65600975,"86941, 23377, None, None"
2286279740,Skylion007,[BE]: Update CUTLASS submodule to 3.7.0,closed,2025-01-19T16:36:58Z,,2025-01-29T21:48:04Z,"open source, better-engineering, Merged, ciflow/trunk, topic: not user facing",main,skylion007/update-cutlass-3-7-0,,,,,,,"drisspg, ngimel",,False,,65600975,"86941, 23377, None, None"
2286127847,JacobGlennAyers,Added weight to MSELoss Criterion,open,2025-01-19T09:40:11Z,,,"triaged, open source, release notes: nn, topic: improvements",main,add_weighted_MSELoss,,,,,,,"jbschlosser, mikaylagawarecki",,False,,65600975,"86941, 23377, None, None"
2286023478,tmm1,[BE]: Update NCCL submodule to 2.24.3,closed,2025-01-19T04:12:34Z,,2025-02-15T04:31:15Z,"triaged, open source, topic: not user facing",main,tmm1/bump-nccl-dep,,,,,,,malfet,,False,,65600975,"86941, 23377, None, None"
2285905963,aorenste,PEP585 update - torch/fx,closed,2025-01-18T23:04:02Z,,2025-01-20T18:11:56Z,"Merged, ciflow/trunk, release notes: fx, topic: not user facing, fx, ciflow/inductor",gh/aorenste/186/base,gh/aorenste/186/head,,,,,,,,,False,,65600975,"86941, 23377, None, None"
2285905850,aorenste,PEP585 update - torch/export,closed,2025-01-18T23:03:22Z,,2025-01-19T20:56:58Z,"Merged, ciflow/trunk, topic: not user facing, release notes: export, suppress-bc-linter",gh/aorenste/185/base,gh/aorenste/185/head,,,,,,,"avikchaudhuri, tugsbayasgalan, zhxchen17, ydwu4, angelayi",,False,,65600975,"86941, 23377, None, None"
2285905590,aorenste,PEP585 update - torch/distributed,closed,2025-01-18T23:02:11Z,,2025-01-21T04:23:31Z,"oncall: distributed, Merged, Reverted, ciflow/trunk, release notes: distributed (sharded), topic: not user facing, suppress-bc-linter, ci-no-td",gh/aorenste/184/base,gh/aorenste/184/head,,,,,,,,,False,,65600975,"86941, 23377, None, None"
2285905449,aorenste,PEP585 update - torch/distributed/elastic torch/distributed/checkpoint,closed,2025-01-18T23:01:28Z,,2025-01-19T20:56:02Z,"oncall: distributed, Merged, ciflow/trunk, topic: not user facing, module: distributed_checkpoint, suppress-bc-linter, release notes: distributed (torchelastic)",gh/aorenste/183/base,gh/aorenste/183/head,,,,,,,bobrenjc93,,False,,65600975,"86941, 23377, None, None"
2285904052,aorenste,PEP585 update - torch/distributed/fsdp,closed,2025-01-18T22:57:55Z,,2025-01-19T20:04:07Z,"oncall: distributed, Merged, ciflow/trunk, release notes: distributed (fsdp), topic: not user facing, ciflow/inductor, suppress-bc-linter",gh/aorenste/182/base,gh/aorenste/182/head,,,,,,,,,False,,65600975,"86941, 23377, None, None"
2285898323,dcci,[mps/inductor] Introduce a metal approx for erf() and use it.,closed,2025-01-18T22:45:39Z,,2025-01-19T02:29:07Z,"Merged, ciflow/trunk, topic: not user facing, module: mps, ciflow/mps, module: inductor, ciflow/inductor",main,erf-approx-mps,,,,,,,jansel,,False,,65600975,"86941, 23377, None, None"
2285862687,malfet,[MPSInductor] Add `TrueDiv` and `Round[Int|Decimal]`,closed,2025-01-18T21:50:13Z,,2025-01-20T04:29:44Z,"Merged, ciflow/trunk, topic: not user facing, ciflow/mps, module: inductor, ciflow/inductor",gh/malfet/140/base,gh/malfet/140/head,,,,,,,,,False,,65600975,"86941, 23377, None, None"
2285860858,malfet,Enable bfloat16 testing on MacOS14+,closed,2025-01-18T21:44:59Z,,2025-01-19T19:35:33Z,"Merged, ciflow/trunk, topic: not user facing, module: inductor, ciflow/inductor",gh/malfet/139/base,gh/malfet/139/head,,,,,,,dcci,,False,,65600975,"86941, 23377, None, None"
2285818700,malfet,[MPSInductor][BE] NaN-propagating min/max to header,closed,2025-01-18T20:40:26Z,,2025-01-18T22:52:46Z,"Merged, topic: not user facing, ciflow/mps, module: inductor, ciflow/inductor",gh/malfet/138/base,gh/malfet/138/head,,,,,,,jansel,,False,,65600975,"86941, 23377, None, None"
2285818686,malfet,Make `inductor_utils.requires_gpu` accept MPS,closed,2025-01-18T20:40:23Z,,2025-02-06T01:14:39Z,"Merged, ciflow/trunk, topic: not user facing, module: inductor, ciflow/inductor, keep-going",gh/malfet/137/base,gh/malfet/137/head,,,,,,,,,False,,65600975,"86941, 23377, None, None"
2285739745,aorenste,Tweak schema_check to handle annotated builtin types,closed,2025-01-18T16:46:29Z,,2025-01-19T18:48:37Z,"Merged, ciflow/inductor, release notes: export",gh/aorenste/181/base,gh/aorenste/181/head,,,,,,,"avikchaudhuri, tugsbayasgalan, zhxchen17, ydwu4, angelayi",,False,,65600975,"86941, 23377, None, None"
2285737038,Skylion007,[BE]: Apply ruff PERF401 to torch,open,2025-01-18T16:38:34Z,,,"oncall: distributed, oncall: jit, open source, better-engineering, ciflow/trunk, release notes: quantization, fx, module: inductor, module: dynamo, ciflow/inductor, release notes: AO frontend",main,skylion007/apply-ruff-PERF401-2025-01-18,,,,,,,"malfet, titaiwangms, shubhambhokare1, justinchuby, wschin, jbschlosser, mikaylagawarecki, bobrenjc93, drisspg",,False,,65600975,"86941, 23377, None, None"
2285731099,Skylion007,[BE]: Simplify set add with set update,closed,2025-01-18T16:23:57Z,,2025-01-23T20:18:16Z,"open source, better-engineering, Merged, Reverted, ciflow/trunk, ciflow/inductor, release notes: export, ci-no-td",main,skylion007/apply-ruff-furb142-2025-01-18,,,,,,,"malfet, avikchaudhuri, Chillee, tugsbayasgalan, zhxchen17, ydwu4, angelayi, drisspg, bobrenjc93",,False,,65600975,"86941, 23377, None, None"
2285719105,rec,[inductor] Simplify _inductor/utils.py slightly,open,2025-01-18T15:51:22Z,,,"oncall: distributed, module: rocm, open source, better-engineering, topic: not user facing, module: inductor, ciflow/inductor",gh/rec/124/base,gh/rec/124/head,,,,,,,,,False,,65600975,"86941, 23377, None, None"
2285719076,rec,[inductor] Add type annotations to _inductor/utils.py,closed,2025-01-18T15:51:17Z,,2025-01-18T15:51:58Z,"module: inductor, ciflow/inductor",gh/rec/123/base,gh/rec/123/head,,,,,,,,,False,,65600975,"86941, 23377, None, None"
2285690290,XuehaiPan,[BE][PYFMT] bump `ruff format` target version to py39: add parentheses around long `with`-statements,open,2025-01-18T14:34:48Z,,,"open source, ciflow/trunk, release notes: onnx, topic: not user facing, fx, module: dynamo, ciflow/inductor",gh/XuehaiPan/237/base,gh/XuehaiPan/237/head,,,,,,,"mikaylagawarecki, mruberry, titaiwangms, shubhambhokare1, wschin, Skylion007, malfet",,False,,65600975,"86941, 23377, None, None"
2285644952,XuehaiPan,[BE][Easy] increase pip timeout for nightly tool: 15s -> 60s,open,2025-01-18T12:30:38Z,,,"open source, topic: not user facing",gh/XuehaiPan/236/base,gh/XuehaiPan/236/head,,,,,,,Skylion007,,False,,65600975,"86941, 23377, None, None"
2285642074,ywq880611,improve perf for layer_norm,open,2025-01-18T12:21:27Z,,,"triaged, open source, release notes: cuda",main,layernorm,,,,,,,"eqy, syed-ahmed",,False,,65600975,"86941, 23377, None, None"
2285503134,aorenste,PEP585 update - torch/distributed/tensor,closed,2025-01-18T06:11:36Z,,2025-01-18T20:03:05Z,"oncall: distributed, Merged, ciflow/trunk, release notes: distributed (ddp), topic: not user facing, ciflow/inductor",gh/aorenste/180/base,gh/aorenste/180/head,,,,,,,,,False,,65600975,"86941, 23377, None, None"
2285502947,aorenste,PEP585 update - torch/ao/quantization,closed,2025-01-18T06:10:59Z,,2025-01-19T10:20:03Z,"Merged, ciflow/trunk, release notes: quantization, topic: not user facing, fx, release notes: AO frontend",gh/aorenste/179/base,gh/aorenste/179/head,,,,,,,,,False,,65600975,"86941, 23377, None, None"
2285502746,aorenste,PEP585 update - torch/_functorch,closed,2025-01-18T06:10:18Z,,2025-01-19T07:06:13Z,"Merged, ciflow/trunk, topic: not user facing, ciflow/inductor, release notes: AO frontend",gh/aorenste/178/base,gh/aorenste/178/head,,,,,,,bdhirsh,,False,,65600975,"86941, 23377, None, None"
2285502461,aorenste,PEP585 update - torch/_export,closed,2025-01-18T06:09:41Z,,2025-01-19T18:48:38Z,"Merged, ciflow/trunk, topic: not user facing, ciflow/inductor, release notes: export",gh/aorenste/177/base,gh/aorenste/177/head,,,,,,,"avikchaudhuri, tugsbayasgalan, zhxchen17, ydwu4, angelayi",,False,,65600975,"86941, 23377, None, None"
2285502242,aorenste,PEP585 update - torch/_inductor/[_-i]*,closed,2025-01-18T06:08:55Z,,2025-01-19T01:22:50Z,"Merged, ciflow/trunk, topic: not user facing, module: inductor, ciflow/inductor",gh/aorenste/176/base,gh/aorenste/176/head,,,,,,,,,False,,65600975,"86941, 23377, None, None"
2285329200,shaoyuyoung,[inductor] [bug fix] Fix `conv` on processing uint ,open,2025-01-18T02:55:12Z,,,"open source, ciflow/trunk, topic: not user facing, module: inductor",main,fix_conv_uint,,,,,,,jansel,,False,,65600975,"86941, 23377, None, None"
2285300934,shunting314,[inductor] fix MA on poor gpu,closed,2025-01-18T01:31:00Z,,2025-01-21T09:31:37Z,"Merged, ciflow/trunk, topic: not user facing, module: inductor, ciflow/inductor",gh/shunting314/192/base,gh/shunting314/192/head,,,,,,,eellison,,False,,65600975,"86941, 23377, None, None"
2285277699,anijain2305,[dynamo] Log guard latency,closed,2025-01-18T00:51:22Z,,2025-01-25T03:01:20Z,"Merged, Reverted, ciflow/trunk, topic: not user facing, module: dynamo, ciflow/inductor, ci-no-td",gh/anijain2305/622/base,gh/anijain2305/622/head,,,,,,,,,False,,65600975,"86941, 23377, None, None"
2285266430,jansel,[inductor] Fix ignored options for torch.compile,closed,2025-01-18T00:36:35Z,,2025-01-18T03:39:52Z,"Merged, ciflow/trunk, module: inductor, ciflow/inductor, release notes: inductor",gh/jansel/475/base,gh/jansel/475/head,,,,,,,"yanboliang, eellison, c00w",,False,,65600975,"86941, 23377, None, None"
2285263221,eqy,[cuBLAS][cuBLASLt] Unify `cuBLASLt` workspaces with `cuBLAS` workspaces,open,2025-01-18T00:33:07Z,,,"module: cuda, triaged, module: cublas, open source, Merged, Reverted, ciflow/trunk, topic: not user facing, ciflow/periodic, module: dynamo, ciflow/inductor, matrix multiplication, ciflow/rocm, ci-no-td",main,unifiedcublasltworkspace,,,,,,,syed-ahmed,,False,,65600975,"86941, 23377, None, None"
2285256717,FindHao,[do not land] check unit tests in test_modules,closed,2025-01-18T00:29:11Z,,2025-01-23T18:31:33Z,"ciflow/trunk, topic: not user facing, ciflow/inductor, keep-going",main,findhao/test2,,,,,,,,,False,,65600975,"86941, 23377, None, None"
2285251012,pytorchupdatebot,[executorch hash update] update the pinned executorch hash,closed,2025-01-18T00:22:18Z,,2025-02-13T05:06:46Z,"open source, Merged, ciflow/trunk, topic: not user facing, ciflow/inductor",main,update-executorch-commit-hash/12838938822-1425-1,,,,,,,jeffdaily,,False,,65600975,"86941, 23377, None, None"
2285250071,FindHao,[do not land] check unit tests,closed,2025-01-18T00:20:36Z,,2025-01-23T18:31:32Z,"ciflow/trunk, topic: not user facing, ciflow/inductor, keep-going",main,findhao/test1,,,,,,,,,False,,65600975,"86941, 23377, None, None"
2285242585,yangw-dev,test trigger dispatch,closed,2025-01-18T00:10:59Z,,2025-01-27T20:31:04Z,topic: not user facing,main,addTestCompleteTriggerWorkflow,,,,,,,,,True,,65600975,"86941, 23377, None, None"
2285239848,wconstab,Repro collective timeout and FR dump,closed,2025-01-18T00:05:59Z,,2025-02-11T18:37:18Z,"oncall: distributed, topic: not user facing",gh/wconstab/391/base,gh/wconstab/391/head,,,,,,,,,False,,65600975,"86941, 23377, None, None"
2285239645,yangw-dev,Add upload testlog,closed,2025-01-18T00:05:39Z,,2025-01-22T18:57:41Z,topic: not user facing,main,addUploadTestlog,,,,,,,,,True,,65600975,"86941, 23377, None, None"
2285229659,dcci,"[mps/inductor] Skip ""double"" tests as 64-bits FP is not supported.",closed,2025-01-17T23:52:45Z,,2025-01-18T19:13:36Z,"Merged, ciflow/trunk, topic: not user facing, module: mps, ciflow/mps, module: inductor, ciflow/inductor",main,more-sweep-tests,,,,,,,,,False,,65600975,"86941, 23377, None, None"
2285220741,c00w,inductor: Don't throw an internal error when a nn.module is missing a attribute,closed,2025-01-17T23:39:43Z,,2025-02-05T05:49:34Z,"Merged, Reverted, ciflow/trunk, topic: not user facing, module: dynamo, ciflow/inductor, ci-no-td",gh/c00w/30/base,gh/c00w/30/head,,,,,,,"davidberard98, anijain2305",,False,,65600975,"86941, 23377, None, None"
2285219279,apakbin,Operator Benchmark: Additional operators,closed,2025-01-17T23:37:31Z,,2025-01-22T22:25:49Z,"open source, ciflow/trunk, release notes: benchmark",main,main,,,,,,,,,False,,65600975,"86941, 23377, None, None"
2285209362,htyu,[triton] Update triton pin to include warp specialization support,closed,2025-01-17T23:24:55Z,,2025-01-24T14:45:15Z,"Merged, Reverted, ciflow/trunk, topic: not user facing, ciflow/inductor, ci-no-td",main,hoy/ws,,,,,,,"desertfire, Chillee, eellison, shunting314, jeffdaily, jataylo, jithunnair-amd, pruthvistony",,False,,65600975,"86941, 23377, None, None"
2285178154,wdvr,WIP sccache simplified,open,2025-01-17T22:50:05Z,,,"ciflow/binaries, ciflow/trunk, topic: not user facing, ciflow/inductor",main,wdvr/sccache_simplified,,,,,,,,,True,,65600975,"86941, 23377, None, None"
2285177474,xmfan,[fx] move DCE rand check to import time,closed,2025-01-17T22:49:35Z,,2025-01-22T02:23:05Z,"Merged, ciflow/trunk, release notes: fx, fx, module: dynamo, ciflow/inductor",gh/xmfan/159/base,gh/xmfan/159/head,,,,,,,,,False,,65600975,"86941, 23377, None, None"
2285170957,StrongerXi,[EXPERIMENTAL][dynamo] optimize `DictGetItemGuardAccessor`,open,2025-01-17T22:44:58Z,,,"module: dynamo, ciflow/inductor",gh/StrongerXi/67/base,gh/StrongerXi/67/head,,,,,,,,,False,,65600975,"86941, 23377, None, None"
2285168800,wdvr,WIP remove -E workaround for nvcc,open,2025-01-17T22:41:59Z,,,"ciflow/trunk, topic: not user facing",main,wdvr/sccache_nvcc,,,,,,,,,True,,65600975,"86941, 23377, None, None"
2285127973,yangw-dev,[Utilization][Usage Log] Add data model for record,closed,2025-01-17T21:59:59Z,,2025-01-23T19:04:44Z,"Merged, ciflow/trunk, topic: not user facing",main,addDataModelForLog,,,,,,,,,False,,65600975,"86941, 23377, None, None"
2285121311,yangw-dev,[Utilization]  Add datamodel for logging record,closed,2025-01-17T21:54:07Z,,2025-01-18T00:07:23Z,topic: not user facing,main,modifyMonitor,,,,,,,,,True,,65600975,"86941, 23377, None, None"
2285017448,huydhn,Update ci_expected_accuracy for TIMM levit_128 for further investigation,closed,2025-01-17T20:37:42Z,,2025-01-18T01:55:36Z,"Merged, ciflow/trunk, topic: not user facing, module: dynamo, ciflow/inductor",main,update-levit_128-eager,,,,,,,desertfire,,False,,65600975,"86941, 23377, None, None"
2285002318,pytorchbot,Prevent legacy_load when weights_only=True (correctly),closed,2025-01-17T20:24:50Z,2025-01-17T23:02:29Z,2025-01-17T23:02:29Z,"open source, ciflow/trunk",release/2.6,cherry-pick-145020-by-pytorch_bot_bot_,,,,,,,mikaylagawarecki,,False,,65600975,"86941, 23377, None, None"
2284998427,zou3519,Delete torch._library.register_functional_op,closed,2025-01-17T20:21:30Z,,2025-01-18T00:58:29Z,"Merged, ciflow/trunk, topic: not user facing",gh/zou3519/1114/base,gh/zou3519/1114/head,,,,,,,"albanD, bdhirsh",,False,,65600975,"86941, 23377, None, None"
2284998362,zou3519,Skip test responsible for causing flakiness,closed,2025-01-17T20:21:27Z,,2025-01-18T00:58:27Z,"Merged, topic: not user facing",gh/zou3519/1113/base,gh/zou3519/1113/head,,,,,,,"albanD, bdhirsh",,False,,65600975,"86941, 23377, None, None"
2284979703,aorenste,PEP585 update - torch/_inductor/fx_passes,closed,2025-01-17T20:05:55Z,,2025-01-18T02:04:32Z,"Merged, ciflow/trunk, topic: not user facing, module: inductor, ciflow/inductor",gh/aorenste/175/base,gh/aorenste/175/head,,,,,,,,,False,,65600975,"86941, 23377, None, None"
2284979263,aorenste,PEP585 update - torch/_inductor/codegen,closed,2025-01-17T20:05:33Z,,2025-01-18T06:56:05Z,"module: rocm, Merged, ciflow/trunk, topic: not user facing, module: inductor, ciflow/inductor",gh/aorenste/174/base,gh/aorenste/174/head,,,,,,,,,False,,65600975,"86941, 23377, None, None"
2284978224,aorenste,PEP585 update - torch/_dynamo,closed,2025-01-17T20:04:39Z,,2025-01-18T20:47:15Z,"Merged, topic: not user facing, module: dynamo, ciflow/inductor, module: compiled autograd",gh/aorenste/173/base,gh/aorenste/173/head,,,,,,,zou3519,,False,,65600975,"86941, 23377, None, None"
2284978212,eellison,"futher scheduler changes for invoke_quant: prologue low prec, (slightly) more aggressive fusion",closed,2025-01-17T20:04:38Z,,2025-02-10T15:50:22Z,"Merged, ciflow/trunk, topic: not user facing, module: inductor, ciflow/inductor",gh/eellison/752/base,gh/eellison/752/head,,,,,,,"zou3519, drisspg, Chillee",,False,,65600975,"86941, 23377, None, None"
2284978129,eellison,Maintain multiple configs,closed,2025-01-17T20:04:34Z,,2025-01-28T18:32:17Z,"Merged, ciflow/trunk, topic: not user facing, module: inductor, ciflow/inductor",gh/eellison/751/base,gh/eellison/751/head,,,,,,,,,False,,65600975,"86941, 23377, None, None"
2284977744,aorenste,PEP585 update - torch/_C torch/_decomp torch/_lazy torch/_library torch/_numpy torch/_prims torch/_refs torch/_strobelight,closed,2025-01-17T20:04:12Z,,2025-01-18T20:47:16Z,"Merged, ciflow/trunk, topic: not user facing, ciflow/inductor",gh/aorenste/172/base,gh/aorenste/172/head,,,,,,,,,False,,65600975,"86941, 23377, None, None"
2284964353,aorenste,PEP585 update - benchmarks tools torchgen,closed,2025-01-17T19:53:05Z,,2025-01-18T05:05:10Z,"Merged, ciflow/trunk, release notes: releng, topic: not user facing, module: dynamo, ciflow/inductor",gh/aorenste/171/base,gh/aorenste/171/head,,,,,,,,,False,,65600975,"86941, 23377, None, None"
2284934175,wconstab,Make MultiProcContinuousTest timeout configurable,closed,2025-01-17T19:28:45Z,,2025-01-18T04:37:15Z,"Merged, ciflow/trunk, topic: not user facing",gh/wconstab/390/base,gh/wconstab/390/head,,,,,,,,,False,,65600975,"86941, 23377, None, None"
2284928272,r-barnes,Use STL string_view header,open,2025-01-17T19:24:03Z,,,"oncall: distributed, oncall: jit, release notes: cpp, topic: improvements",main,richard/string_view_header,,,,,,,"lezcano, nikitaved, IvanYashchuk",,False,,65600975,"86941, 23377, None, None"
2284912728,xmfan,[ca] Use aot_eager on flex attention test,closed,2025-01-17T19:11:52Z,,2025-01-18T02:47:16Z,"module: rocm, Merged, ciflow/trunk, topic: not user facing, module: inductor, ciflow/inductor, ciflow/rocm",gh/xmfan/158/base,gh/xmfan/158/head,,,,,,,,,False,,65600975,"86941, 23377, None, None"
2284873522,benjaminglass1,cpp_wrapper/aot_inductor: handle conjugation and negation dispatch keys,closed,2025-01-17T18:41:24Z,,2025-02-04T22:06:01Z,"open source, Merged, topic: not user facing, module: inductor, ciflow/inductor",gh/benjaminglass1/56/base,gh/benjaminglass1/56/head,,,,,,,,,False,,65600975,"86941, 23377, None, None"
2284820547,malfet,[MPSInductor] Implement `i0` and `i1` ops,closed,2025-01-17T18:07:30Z,,2025-01-18T15:41:05Z,"Merged, topic: not user facing, ciflow/mps, module: inductor, ciflow/inductor",gh/malfet/136/base,gh/malfet/136/head,,,,,,,,,False,,65600975,"86941, 23377, None, None"
2284800966,zhxchen17,"[aoti] Deduplicate ""V.aot_compilation"" and ""V.graph.aot_mode"" flags. [2/n]",closed,2025-01-17T17:55:36Z,,2025-01-20T19:09:13Z,"fb-exported, Merged, ciflow/trunk, topic: not user facing, module: inductor, ciflow/inductor",main,export-D68158512,,,,,,,"desertfire, angelayi",,False,,65600975,"86941, 23377, None, None"
2284782905,svekars,Test,open,2025-01-17T17:43:35Z,,,topic: not user facing,main,try-speedup-docbuild,,,,,,,,,True,,65600975,"86941, 23377, None, None"
2284762459,ezyang,"[POC] Extend torch function support to ALL arguments, not just scalar type (but not insides of list)",open,2025-01-17T17:28:38Z,,,"release notes: fx, no-stale",gh/ezyang/3068/base,gh/ezyang/3068/head,,,,,,,"albanD, antoniojkim, bdhirsh, miladm, SherlockNoMad, vmoens",,False,,65600975,"86941, 23377, None, None"
