PR ID,PR Author,Title,State,Created At,Merged At,Closed At,Labels,Base Branch,Head Branch,Files Changed,Lines Added,Lines Deleted,Commits,Comments,Review Comments,Reviewers,Review States,Draft Status,Linked Issues,Repository ID,"Repository Size (Stars, Forks, Contributors, Commits)","Repository Activity (Commits, PRs, Issues)","Project Phase (Before Major Release, After Major Release, Active Phase)"
2340432996,gurgunday,timers: simplify the compareTimersLists function,open,2025-02-17T19:04:28Z,,,"timers, needs-ci",main,compare-timers-simplify,,,,,,,,,False,,27193779,"109660, 30630, None, None"
2340254644,1ilsang,"doc,test: fix docs/api copy",open,2025-02-17T17:11:43Z,,,tools,main,test/md-lint,,,,,,,,,False,,27193779,"109660, 30630, None, None"
2340102501,1ilsang,build: print 'Formatting Markdown...' for long task markdown formatting,open,2025-02-17T16:00:22Z,,,"build, needs-ci",main,feat/makefile-info,,,,,,,,,False,,27193779,"109660, 30630, None, None"
2339972086,joyeecheung,tls: implement tls.getCACertificates(),open,2025-02-17T14:58:49Z,,,"tls, crypto, c++, needs-ci",main,certs-api,,,,,,,,,False,,27193779,"109660, 30630, None, None"
2339350817,targos,doc: update Xcode version used for arm64 and pkg,closed,2025-02-17T10:21:58Z,2025-02-17T13:50:40Z,2025-02-17T13:50:40Z,"doc, build, fast-track, lts-watch-v18.x, lts-watch-v20.x, lts-watch-v22.x",main,doc-xcode,,,,,,,,,False,,27193779,"109660, 30630, None, None"
2339191691,koplas,fs: fix rmSync error code,open,2025-02-17T09:10:33Z,,,"c++, fs, needs-ci",main,error-typo,,,,,,,,,False,,27193779,"109660, 30630, None, None"
2338838154,ShogunPanda,[20.x backport] worker: add postMessageToThread,open,2025-02-17T05:46:29Z,,,"lib / src, needs-ci, v20.x",v20.x-staging,post-message-to-thread-v20.x,,,,,,,,,False,,27193779,"109660, 30630, None, None"
2338523606,gurgunday,lib: optimize priority queue,open,2025-02-17T00:59:25Z,,,"needs-ci, needs-benchmark-ci",main,optimize-priority,,,,,,,,,False,,27193779,"109660, 30630, None, None"
2338377505,puskin94,url: improve performance of the format function,open,2025-02-16T19:33:16Z,,,"url, needs-ci, needs-benchmark-ci",main,url-format-performance-improvements,,,,,,,,,False,,27193779,"109660, 30630, None, None"
2338371682,aduh95,doc: fix link and history of `SourceMap` sections,open,2025-02-16T19:17:18Z,,,"doc, module, backport-requested-v18.x, backport-requested-v20.x",main,fix-sourcemap-links,,,,,,,,,False,,27193779,"109660, 30630, None, None"
2338369853,irisfaustina,doc: fix broken links in modules.md,open,2025-02-16T19:12:17Z,,,"doc, module",main,docs-api-module,,,,,,,,,False,,27193779,"109660, 30630, None, None"
2338368756,jasnell,src: replace NewFromUtf8 with OneByteString where appropriate,open,2025-02-16T19:09:33Z,,,"c++, lib / src, needs-ci",main,jasnell/use-onebytestring-where-appropriate,,,,,,,,,False,,27193779,"109660, 30630, None, None"
2338190721,dario-piotrowicz,doc: add `module namespace object` links,open,2025-02-16T12:02:18Z,,,"doc, module, fast-track",main,dario/docs/connonjs-page/add-module-namespace-object-link,,,,,,,,,False,,27193779,"109660, 30630, None, None"
2338184139,dario-piotrowicz,doc: disambiguate pseudo-code statement,open,2025-02-16T11:45:12Z,,,"doc, module, fast-track",main,dario/docs/51780,,,,,,,,,False,,27193779,"109660, 30630, None, None"
2338181298,dario-piotrowicz,doc: fix wrong verb form,closed,2025-02-16T11:37:19Z,2025-02-16T15:28:33Z,2025-02-16T15:28:33Z,"doc, module, fast-track, author ready",main,dario/docs/wrong-verb-form,,,,,,,,,False,,27193779,"109660, 30630, None, None"
2338179338,dario-piotrowicz,doc: fix wrong articles used to address modules,closed,2025-02-16T11:31:48Z,2025-02-17T11:50:50Z,2025-02-17T11:50:50Z,"doc, fast-track",main,dario/docs/fix-modules-articles,,,,,,,,,False,,27193779,"109660, 30630, None, None"
2338177119,dario-piotrowicz,doc: update `module.builtinModules` sentence,closed,2025-02-16T11:26:04Z,2025-02-16T22:31:15Z,2025-02-16T22:31:15Z,"doc, module, baking-for-lts, fast-track",main,dario/docs/commonjs-page/builtinModules,,,,,,,,,False,,27193779,"109660, 30630, None, None"
2338150147,puskin94,assert: make comparisons file more performant,closed,2025-02-16T10:12:27Z,,2025-02-16T19:13:50Z,"util, needs-ci, needs-benchmark-ci",main,comparisons-low-hanging-fruit-performance-improvements,,,,,,,,,False,,27193779,"109660, 30630, None, None"
2337982463,joyeecheung,doc: update clang-cl on Windows building guide,open,2025-02-16T00:57:49Z,,,"doc, build",main,fix-clang-cl-guide,,,,,,,StefanStojanovic,,False,,27193779,"109660, 30630, None, None"
2337979458,koooge,sea: suppress builtin warning with disableExperimentalSEAWarning option,open,2025-02-16T00:46:43Z,,,needs-ci,main,sea-disable-builtin-warning,,,,,,,,,False,,27193779,"109660, 30630, None, None"
2337975843,nodejs-github-bot,tools: update doc to new version,open,2025-02-16T00:34:18Z,,,"doc, tools",main,actions/tools-update-doc,,,,,,,,,False,,27193779,"109660, 30630, None, None"
2337975838,nodejs-github-bot,deps: update simdjson to 3.12.2,open,2025-02-16T00:34:17Z,,,"needs-ci, dependencies",main,actions/tools-update-simdjson,,,,,,,,,False,,27193779,"109660, 30630, None, None"
2337975832,nodejs-github-bot,deps: update ada to 3.1.0,open,2025-02-16T00:34:17Z,,,"author ready, needs-ci, dependencies",main,actions/tools-update-ada,,,,,,,lemire,,False,,27193779,"109660, 30630, None, None"
2337975820,nodejs-github-bot,deps: update googletest to c00fd25,open,2025-02-16T00:34:13Z,,,"test, needs-ci, dependencies",main,actions/tools-update-googletest,,,,,,,,,False,,27193779,"109660, 30630, None, None"
2337960807,aduh95,src: port `defineLazyProperties` to native code,open,2025-02-15T23:40:50Z,,,"c++, lib / src, needs-ci, commit-queue-squash",main,define-lazy-properties,,,,,,,,,False,,27193779,"109660, 30630, None, None"
2337956835,laverdet,docs: module resolution pseudocode corrections,open,2025-02-15T23:23:32Z,,,"doc, esm",main,docs-fixes,,,,,,,,,False,,27193779,"109660, 30630, None, None"
2337914003,jasnell,src: improve error handling in node_blob,open,2025-02-15T20:56:34Z,,,"c++, author ready, needs-ci",main,jasnell/improve-errorhandling-blob,,,,,,,,,False,,27193779,"109660, 30630, None, None"
2337880909,SamB,doc fix web.libera.chat link in pull-requests.md,open,2025-02-15T19:15:55Z,,,doc,main,patch-1,,,,,,,,,False,,27193779,"109660, 30630, None, None"
2337850433,ericfortis,doc: clarify path.isAbsolute doesn’t resolve paths,open,2025-02-15T17:51:19Z,,,"doc, path",main,doc-is-absolute,,,,,,,,,False,,27193779,"109660, 30630, None, None"
2337841121,gurgunday,timers: Optimize timer functions with improved argument handling,open,2025-02-15T17:25:50Z,,,"timers, needs-ci, needs-benchmark-ci, commit-queue-squash",main,timers-preallocate,,,,,,,,,False,,27193779,"109660, 30630, None, None"
2337813562,gurgunday,crypto: check for nullptr before dereferencing identity_buf,open,2025-02-15T16:23:57Z,,,"crypto, c++, needs-ci",main,fix-tls,,,,,,,,,False,,27193779,"109660, 30630, None, None"
2337751705,gurgunday,timers: (clearImmediate) only accept immediate,open,2025-02-15T14:25:49Z,,,"timers, needs-ci",main,timers-fix,,,,,,,"jasnell, lpinca, anonrig",,False,,27193779,"109660, 30630, None, None"
2337603421,rawatmohit165,updated the editor name,closed,2025-02-15T08:02:22Z,,2025-02-15T08:44:01Z,invalid,main,main,,,,,,,,,False,,27193779,"109660, 30630, None, None"
2337570338,Trott,tools: do not run major-release workflow on forks,closed,2025-02-15T06:32:38Z,2025-02-15T15:01:25Z,2025-02-15T15:01:25Z,"meta, fast-track, author ready",main,major,,,,,,,,,False,,27193779,"109660, 30630, None, None"
2337517747,nileshsheth,Improve documentation for fs.statfs with detailed descriptions and examples,open,2025-02-15T05:17:21Z,,,"doc, fs",main,docs/update-fs-statfs-description,,,,,,,,,False,,27193779,"109660, 30630, None, None"
2337341814,khai2006108,SPAM,closed,2025-02-15T01:54:19Z,,2025-02-15T01:57:06Z,,main,main,,,,,,,,,False,,27193779,"109660, 30630, None, None"
2337301443,gurgunday,os: (cpus) pre-allocate the size of the result array,open,2025-02-15T00:42:29Z,,,"os, needs-ci",main,os-preallocate,,,,,,,,,False,,27193779,"109660, 30630, None, None"
2337271613,gurgunday,path: (dirname) move early exits to the top,open,2025-02-15T00:13:33Z,,,"path, needs-ci, commit-queue-squash",main,dirname,,,,,,,,,False,,27193779,"109660, 30630, None, None"
2337230754,joyeecheung,module: allow omitting context in synchronous next hooks,open,2025-02-14T23:44:10Z,,,"module, needs-ci",main,hooks-merged-context,,,,,,,,,False,,27193779,"109660, 30630, None, None"
2337213510,dario-piotrowicz,doc: update and improve the CommonJS page,closed,2025-02-14T23:33:15Z,,2025-02-16T10:23:24Z,"doc, module",main,dario/docs/cjs-modules,,,,,,,,,False,,27193779,"109660, 30630, None, None"
2337202304,Ankush1oo8,process: improve error message for process.cwd() when directory is deleted,open,2025-02-14T23:25:34Z,,,"c++, lib / src, needs-ci",main,fix-cwd-error-message,,,,,,,,,False,,27193779,"109660, 30630, None, None"
2337111283,Ankush1oo8,process: improve error message for process.cwd() when directory is deleted,closed,2025-02-14T21:55:48Z,,2025-02-14T22:36:56Z,"c++, lib / src, needs-ci",main,main,,,,,,,,,False,,27193779,"109660, 30630, None, None"
2337011285,elvessilvavieira,benchmark: add a warmup on bench-openSync,closed,2025-02-14T20:35:50Z,2025-02-16T20:37:42Z,2025-02-16T20:37:42Z,"fs, benchmark",main,warmup-benchOpenSync,,,,,,,,,False,,27193779,"109660, 30630, None, None"
2336950380,elvessilvavieira,extract loop into runBench function,closed,2025-02-14T19:50:21Z,,2025-02-14T20:17:53Z,"fs, benchmark",main,warmup-benchOpenSync,,,,,,,RafaelGSS,,False,,27193779,"109660, 30630, None, None"
2336823376,alexweej,doc: `modules.md`: fix `distance` definition,closed,2025-02-14T18:19:55Z,2025-02-16T18:26:31Z,2025-02-16T18:26:31Z,"doc, module, author ready",main,patch-1,,,,,,,,,False,,27193779,"109660, 30630, None, None"
2334517442,guybedford,esm: unflag --experimental-wasm-modules,open,2025-02-13T18:52:00Z,,,"c++, semver-major, notable-change, esm, needs-ci",main,unflag-esm-integration,,,,,,,,,False,,27193779,"109660, 30630, None, None"
2334422502,joyeecheung,doc: fix transpiler loader hooks documentation,closed,2025-02-13T17:58:06Z,2025-02-16T12:48:56Z,2025-02-16T12:48:56Z,"doc, module",main,module-hooks-doc,,,,,,,,,False,,27193779,"109660, 30630, None, None"
2334406984,nathanjjohnson7,tls: change TLSWrap::GetProtocol to fix #56935,open,2025-02-13T17:49:14Z,,,"crypto, c++, needs-ci",main,fix-tlsSocket-getProtocol-branch,,,,,,,,,False,,27193779,"109660, 30630, None, None"
2334112745,joyeecheung,test: fix test-without-async-context-frame.mjs in debug mode,closed,2025-02-13T15:31:04Z,2025-02-15T19:37:31Z,2025-02-15T19:37:31Z,"test, needs-ci",main,python-mode,,,,,,,,,False,,27193779,"109660, 30630, None, None"
2333943272,joyeecheung,src: lock the isolate properly in IsolateData destructor,closed,2025-02-13T14:28:48Z,2025-02-15T23:49:39Z,2025-02-15T23:49:39Z,"c++, needs-ci, commit-queue-squash",main,isolate-data-locker,,,,,,,,,False,,27193779,"109660, 30630, None, None"
2333786904,inwenis,doc: correct definition of v8.getHeapStatistics().heap_size_limit,open,2025-02-13T13:21:59Z,,,doc,main,heap-docs,,,,,,,,,False,,27193779,"109660, 30630, None, None"
2333712626,joyeecheung,doc: recommend writing tests in new files and including comments,closed,2025-02-13T12:49:20Z,2025-02-15T12:58:09Z,2025-02-15T12:58:09Z,"doc, author ready",main,test-style,,,,,,,,,False,,27193779,"109660, 30630, None, None"
2333595533,legendecas,inspector: convert event params to protocol without json,open,2025-02-13T11:52:50Z,,,"c++, lib / src, inspector, needs-ci",main,inspector/stringify,,,,,,,,,False,,27193779,"109660, 30630, None, None"
2333572765,JakobJingleheimer,"test: add case for unrecognised fields within pjson ""exports""",closed,2025-02-13T11:41:08Z,,2025-02-15T19:45:30Z,"module, test, author ready, commit-queue-failed, loaders, commit-queue-squash",main,module/add-case-for-types-within-exports,,,,,,,targos,,False,,27193779,"109660, 30630, None, None"
2333398395,jules-ai,Update n-api.md,closed,2025-02-13T10:18:08Z,,2025-02-13T12:59:05Z,"doc, node-api",main,patch-1,,,,,,,,,False,,27193779,"109660, 30630, None, None"
2333304567,codebytere,crypto: remove BoringSSL dh-primes addition,open,2025-02-13T09:35:24Z,,,"needs-ci, dependencies",main,remove-dh-primes,,,,,,,jasnell,,False,,27193779,"109660, 30630, None, None"
2333229701,mcollina,test: resolve race condition in test-net-write-fully-async-*,open,2025-02-13T09:00:51Z,,,"test, needs-ci",main,unflaky-net-write-fully-async,,,,,,,"targos, mhdawson",,False,,27193779,"109660, 30630, None, None"
2333227719,codebytere,"test,crypto: make tests work for BoringSSL",closed,2025-02-13T08:59:55Z,2025-02-15T09:08:02Z,2025-02-15T09:08:02Z,"test, needs-ci",main,boringssl-test-tweaks,,,,,,,,,False,,27193779,"109660, 30630, None, None"
2333223604,codebytere,test: make eval snapshot comparison more flexible,open,2025-02-13T08:58:47Z,,,"test, needs-ci",main,eval-message-fixup,,,,,,,,,False,,27193779,"109660, 30630, None, None"
2332858173,shgcs,Update README.md,closed,2025-02-13T05:17:40Z,,2025-02-13T11:04:40Z,invalid,main,main,,,,,,,,,False,,27193779,"109660, 30630, None, None"
2332127386,Ceres6,cli: allow --cpu-prof* in NODE_OPTIONS,open,2025-02-12T19:23:56Z,,,"c++, needs-ci",main,feat/cpu-prof-node-options,,,,,,,,,False,,27193779,"109660, 30630, None, None"
2332116718,Ceres6,test: allow especial characters in snapshot keys,open,2025-02-12T19:17:45Z,,,"needs-ci, test_runner",main,feat/test-snapshot-special-characters,,,,,,,,,False,,27193779,"109660, 30630, None, None"
2332011975,marco-ippolito,src: add config file support,open,2025-02-12T18:19:53Z,,,"c++, semver-minor, lib / src, needs-ci",main,feat/config-file,,,,,,,joyeecheung,,True,,27193779,"109660, 30630, None, None"
2331506020,tpoisseau,doc: buffer: fix typo on `Buffer.copyBytesFrom(` `offset` option,closed,2025-02-12T14:48:56Z,2025-02-14T14:54:29Z,2025-02-14T14:54:29Z,"buffer, doc, author ready",main,patch-1,,,,,,,,,False,,27193779,"109660, 30630, None, None"
2331280621,zcbenz,src: fix accessing empty string,closed,2025-02-12T13:22:11Z,2025-02-16T06:45:41Z,2025-02-16T06:45:41Z,"c++, needs-ci",main,empty-string-access,,,,,,,,,False,,27193779,"109660, 30630, None, None"
2331276757,zcbenz,build: fix GN build failure,closed,2025-02-12T13:20:34Z,2025-02-15T12:11:49Z,2025-02-15T12:11:49Z,"needs-ci, dependencies",main,gn-build-src,,,,,,,,,False,,27193779,"109660, 30630, None, None"
2331138256,codebytere,crypto: fix missing `OPENSSL_NO_ENGINE` guard,closed,2025-02-12T12:17:23Z,2025-02-14T12:26:16Z,2025-02-14T12:26:16Z,"crypto, c++, author ready, needs-ci",main,openssl-no-engine,,,,,,,,,False,,27193779,"109660, 30630, None, None"
2330142588,joyeecheung,crypto: support --use-system-ca on non-Windows and non-macOS,closed,2025-02-12T01:25:02Z,2025-02-15T22:54:31Z,2025-02-15T22:54:31Z,"c++, lib / src, needs-ci, commit-queue-squash",main,certs-others,,,,,,,,,False,,27193779,"109660, 30630, None, None"
2330072677,dario-piotrowicz,test: remove unnecessary assert requiring from tests,closed,2025-02-12T00:22:06Z,2025-02-14T17:19:20Z,2025-02-14T17:19:20Z,"test, node-api, author ready, needs-ci",main,dario/remove-unnecessary-require-assert-from-tests,,,,,,,jasnell,,False,,27193779,"109660, 30630, None, None"
2329045789,jkrems,meta: update last name for jkrems,closed,2025-02-11T15:31:43Z,2025-02-13T16:47:53Z,2025-02-13T16:47:53Z,"doc, meta, author ready, commit-queue",main,mv-krems-martin,,,,,,,,,False,,27193779,"109660, 30630, None, None"
2328961547,github-actions[bot],"2025-02-13, Version 23.8.0 (Current)",closed,2025-02-11T14:55:48Z,2025-02-13T17:29:32Z,2025-02-13T17:29:32Z,"release, v23.x",v23.x,v23.8.0-proposal,,,,,,,,,False,,27193779,"109660, 30630, None, None"
2328857895,RafaelGSS,doc: update cleanup to trust on vuln db automation,closed,2025-02-11T14:11:25Z,2025-02-13T14:20:15Z,2025-02-13T14:20:15Z,"doc, author ready",main,update-cleanup-security-release,,,,,,,,,False,,27193779,"109660, 30630, None, None"
2328411982,JakobJingleheimer,esm: avoid `import.meta` setup costs for unused properties,open,2025-02-11T10:54:37Z,,,"esm, needs-ci",main,esm/avoid-setup-costs-for-unused-importmeta-props,,,,,,,,,False,,27193779,"109660, 30630, None, None"
2328296892,GoldFish2500,Fix possible dereference of null pointer,open,2025-02-11T10:00:48Z,,,"needs-ci, wasi",main,fix-possible-dereference-of-null,,,,,,,,,False,,27193779,"109660, 30630, None, None"
2327472753,aduh95,[v18.x] test: skip and mark flaky some tests,closed,2025-02-10T23:58:13Z,2025-02-12T13:48:16Z,2025-02-12T13:48:16Z,"test, fast-track, needs-ci, v18.x",v18.x-staging,skip-test-perf-hook-smartos,,,,,,,,,False,,27193779,"109660, 30630, None, None"
2326925125,joyeecheung,crypto: cleanup root certificates and skip PEM deserialization,closed,2025-02-10T19:08:47Z,2025-02-13T15:58:22Z,2025-02-13T15:58:22Z,"c++, lib / src, author ready, needs-ci, commit-queue-squash",main,certs-refactor,,,,,,,,,False,,27193779,"109660, 30630, None, None"
2326907138,muditbhatt-5,Update README.md,closed,2025-02-10T18:59:21Z,,2025-02-10T21:32:11Z,doc,main,patch-1,,,,,,,,,False,,27193779,"109660, 30630, None, None"
2326813696,aduh95,doc: move stability index after history section for consistency,closed,2025-02-10T18:13:11Z,2025-02-12T18:25:10Z,2025-02-12T18:25:10Z,"doc, author ready",main,stability-after-history,,,,,,,,,False,,27193779,"109660, 30630, None, None"
2326691005,juanarbol,fs: handle UV_ENOTDIR in `is_uv_error_except_no_entry`,closed,2025-02-10T17:19:26Z,,2025-02-15T19:47:54Z,"c++, fs, author ready, needs-ci, commit-queue-failed",main,juan/statsync-no-throw,,,,,,,,,False,,27193779,"109660, 30630, None, None"
2326403669,aduh95,[v18.x] tools: fix failing GHA workflows,closed,2025-02-10T15:28:09Z,2025-02-10T17:02:51Z,2025-02-10T17:02:51Z,"meta, tools, fast-track, v18.x",v18.x-staging,v18-fix-failing-gha,,,,,,,,,False,,27193779,"109660, 30630, None, None"
2326327201,aduh95,tools: add support for `import source` syntax in linter,closed,2025-02-10T15:01:43Z,2025-02-12T21:56:04Z,2025-02-12T21:56:05Z,"tools, author ready",main,source-import-lint,,,,,,,,,False,,27193779,"109660, 30630, None, None"
2326307250,geeksilva97,"[WIP] sqlite,test,doc: accept Buffer and URL as paths",open,2025-02-10T14:56:15Z,,,"c++, needs-ci, sqlite",main,sqlite-accept-buffer,,,,,,,,,True,,27193779,"109660, 30630, None, None"
2326222235,julismannata140,V22.x,closed,2025-02-10T14:28:00Z,,2025-02-10T14:35:26Z,"invalid, meta, v22.x",v22.x,v22.x,,,,,,,,,True,,27193779,"109660, 30630, None, None"
2326207979,targos,src: use `args.This()` in zlib,closed,2025-02-10T14:23:03Z,2025-02-11T07:26:46Z,2025-02-11T07:26:46Z,"c++, zlib, fast-track, author ready, needs-ci",main,args-holder,,,,,,,,,False,,27193779,"109660, 30630, None, None"
2325290228,wooffie,src: add self-assigment memcpy checks,closed,2025-02-10T07:23:02Z,2025-02-12T13:13:03Z,2025-02-12T13:13:03Z,"c++, needs-ci",main,fix-issue-56718,,,,,,,,,False,,27193779,"109660, 30630, None, None"
2324826388,github-actions[bot],doc: run license-builder,closed,2025-02-10T00:07:41Z,2025-02-12T00:32:23Z,2025-02-12T00:32:23Z,"meta, author ready",main,actions/license-builder,,,,,,,,,False,,27193779,"109660, 30630, None, None"
2324824857,nodejs-github-bot,test: update WPT for urlpattern to ef6d83d789,closed,2025-02-10T00:04:59Z,2025-02-12T00:32:08Z,2025-02-12T00:32:08Z,"test, author ready, needs-ci",main,actions/update-wpt-urlpattern,,,,,,,,,False,,27193779,"109660, 30630, None, None"
2324782627,dario-piotrowicz,src: improve node::Dotenv trimming,closed,2025-02-09T22:13:39Z,2025-02-11T22:26:51Z,2025-02-11T22:26:51Z,"c++, author ready, needs-ci",main,dario/56686/spaces-tabs-in-env-file,,,,,,,,,False,,27193779,"109660, 30630, None, None"
2324718431,anonrig,test: reduce flakiness on test-net-write-fully-async-buffer,closed,2025-02-09T19:30:43Z,,2025-02-09T19:36:59Z,"test, needs-ci",main,yagiz/remove-flakiness-test-net-write-fully-async-buffer.js,,,,,,,jasnell,,False,,27193779,"109660, 30630, None, None"
2324712567,anonrig,test: lazily load modules on test runner,open,2025-02-09T19:14:14Z,,,"test, author ready, needs-ci, commit-queue-failed",main,yagiz/improve-testing,,,,,,,,,False,,27193779,"109660, 30630, None, None"
2324689020,anonrig,test: remove unnecessary skipIf32Bits calls,closed,2025-02-09T18:44:15Z,,2025-02-09T19:03:02Z,"test, needs-ci",main,yagiz/remove-32-bit,,,,,,,,,False,,27193779,"109660, 30630, None, None"
2324621184,jasnell,src: improve error handling in string_bytes/decoder,closed,2025-02-09T16:36:56Z,2025-02-11T16:40:03Z,2025-02-11T16:40:03Z,"buffer, c++, author ready, needs-ci",main,jasnell/string_bytes_errorhandling,,,,,,,,,False,,27193779,"109660, 30630, None, None"
2324609928,jasnell,src: improve error handling in process_wrap,closed,2025-02-09T16:18:47Z,2025-02-11T16:28:04Z,2025-02-11T16:28:04Z,"child_process, c++, author ready, needs-ci",main,jasnell/process_wrap_errorhandling,,,,,,,,,False,,27193779,"109660, 30630, None, None"
2324343050,y-hsgw,docs: update options in filehandle.appendFile(),open,2025-02-09T06:19:44Z,,,"needs-ci, commit-queue-rebase",main,docs/fs-file-handle-append-file,,,,,,,,,False,,27193779,"109660, 30630, None, None"
2324249181,anonrig,test: remove flakiness on macOS test,closed,2025-02-09T00:52:35Z,,2025-02-11T15:24:27Z,"test, author ready, needs-ci, review wanted, commit-queue-rebase",main,yagiz/remove-flakiness-macos,,,,,,,"ljharb, jasnell, lpinca, aduh95",,False,,27193779,"109660, 30630, None, None"
2324224305,anonrig,test: improve timeout duration for debugger events,closed,2025-02-08T23:19:11Z,2025-02-10T23:27:09Z,2025-02-10T23:27:09Z,"test, author ready, needs-ci",main,yagiz/improve-timeout-debugger,,,,,,,,,False,,27193779,"109660, 30630, None, None"
2324218752,anonrig,test: use skipIfInspectorDisabled,closed,2025-02-08T22:55:52Z,,2025-02-08T23:57:32Z,"test, needs-ci",main,yagiz/use-skip-if-inspector-disabled,,,,,,,,,False,,27193779,"109660, 30630, None, None"
2324207614,anonrig,test: remove unnecessary syscall to cpuinfo,closed,2025-02-08T22:14:21Z,2025-02-10T22:17:47Z,2025-02-10T22:17:47Z,"test, author ready, needs-ci",main,yagiz/reduce-fs-calls,,,,,,,,,False,,27193779,"109660, 30630, None, None"
2324200358,anonrig,src: remove redundant qualifiers in src/quic,open,2025-02-08T21:50:59Z,,,"c++, lib / src, author ready, needs-ci",main,yagiz/remove-redundant-qualifiers,,,,,,,,,False,,27193779,"109660, 30630, None, None"
2324150508,anonrig,timers: set several methods EOL,closed,2025-02-08T19:54:12Z,2025-02-10T21:09:42Z,2025-02-10T21:09:42Z,"timers, semver-major, deprecations, needs-ci, commit-queue-squash",main,yagiz/eol-timers-fns,,,,,,,,,False,,27193779,"109660, 30630, None, None"
2324144334,anonrig,zlib: use modern class syntax for zstd classes,closed,2025-02-08T19:33:07Z,2025-02-10T19:42:21Z,2025-02-10T19:42:21Z,"zlib, author ready, needs-ci",main,yagiz/make-zstd-classes,,,,,,,jasnell,,False,,27193779,"109660, 30630, None, None"
2324142559,anonrig,zlib: make all zstd functions experimental,closed,2025-02-08T19:27:20Z,2025-02-10T19:34:05Z,2025-02-10T19:34:06Z,"doc, zlib, author ready",main,yagiz/zstd-experimental,,,,,,,"mcollina, KhafraDev",,False,,27193779,"109660, 30630, None, None"
2324130792,anonrig,test: update webstorage wpt,closed,2025-02-08T18:54:54Z,2025-02-10T19:10:18Z,2025-02-10T19:10:18Z,"test, author ready, needs-ci",main,yagiz/update-webstorage-wpt,,,,,,,,,False,,27193779,"109660, 30630, None, None"
2324125756,jasnell,src: improve error handling in multiple files,open,2025-02-08T18:40:21Z,,,"c++, lib / src, author ready, needs-ci",main,jasnell/improve-errorhandling-multiple-files,,,,,,,,,False,,27193779,"109660, 30630, None, None"
2324119394,cjihrig,sqlite: fix coverity warnings related to backup(),closed,2025-02-08T18:22:59Z,2025-02-10T18:27:02Z,2025-02-10T18:27:02Z,"c++, author ready, sqlite",main,backup-cleanup,,,,,,,,,False,,27193779,"109660, 30630, None, None"
2324116788,anonrig,test: update compression wpt,open,2025-02-08T18:15:15Z,,,"test, author ready, needs-ci, commit-queue-failed",main,yagiz/update-compression,,,,,,,,,False,,27193779,"109660, 30630, None, None"
2323963601,targos,deps: update V8 to 13.3.415.20,open,2025-02-08T13:51:54Z,,,"help wanted, semver-major, build, v8 engine, needs-ci",main,v8-133,,,,,,,,,False,,27193779,"109660, 30630, None, None"
2323634939,zcbenz,build: fix GN build of uv,closed,2025-02-08T06:50:20Z,2025-02-12T00:58:31Z,2025-02-12T00:58:31Z,"libuv, author ready, needs-ci, commit-queue-failed",main,gn-build-uv,,,,,,,,,False,,27193779,"109660, 30630, None, None"
2323129469,Aditi-1400,doc: improve documentation on argument validation,closed,2025-02-07T21:11:29Z,2025-02-14T15:27:34Z,2025-02-14T15:27:34Z,"c++, author ready, needs-ci",main,doc-update,,,,,,,,,False,,27193779,"109660, 30630, None, None"
2323086893,Aditi-1400,doc: update testing documentation,closed,2025-02-07T20:42:22Z,2025-02-15T22:11:00Z,2025-02-15T22:11:00Z,test,main,test-doc-update,,,,,,,,,False,,27193779,"109660, 30630, None, None"
2322538798,JonasBa,url: expose urlpattern as global,closed,2025-02-07T15:28:10Z,2025-02-09T15:33:00Z,2025-02-09T15:33:00Z,"semver-major, lib / src, notable-change, author ready, needs-ci",main,jb/urlpattern-global,,,,,,,,,False,,27193779,"109660, 30630, None, None"
2322507865,JonasBa,test: automatically sync wpt urlpattern tests,closed,2025-02-07T15:13:28Z,2025-02-09T15:24:51Z,2025-02-09T15:24:51Z,"meta, author ready",main,jb/url-pattern,,,,,,,,,False,,27193779,"109660, 30630, None, None"
2321849640,marco-ippolito,[v20.x backport] doc: add documentation for process.features ,closed,2025-02-07T09:32:04Z,,2025-02-10T14:34:35Z,"doc, process, v20.x",v20.x-staging,backports-some-stuff,,,,,,,,,False,,27193779,"109660, 30630, None, None"
2321054301,jakecastelli,test: improve test description,closed,2025-02-06T22:43:08Z,2025-02-09T10:38:33Z,2025-02-09T10:38:33Z,"test, fast-track, author ready, needs-ci, dont-land-on-v18.x, dont-land-on-v20.x, dont-land-on-v22.x, dont-land-on-v23.x",main,test-fix-pipeline-typo,,,,,,,,,False,,27193779,"109660, 30630, None, None"
2320649861,Aditi-1400,module: prevent crashes in require.resolve() when path is not a string,closed,2025-02-06T18:56:49Z,2025-02-11T15:24:04Z,2025-02-11T15:24:04Z,"module, author ready, needs-ci",main,issue-47698,,,,,,,,,False,,27193779,"109660, 30630, None, None"
2320490363,RafaelGSS,build: add skip_apidoc_files and include QUIC,open,2025-02-06T17:27:17Z,,,"build, needs-ci",main,hide-quic-documentation,,,,,,,,,False,,27193779,"109660, 30630, None, None"
2318941204,Harshni1,Update README.md,closed,2025-02-06T03:23:58Z,,2025-02-06T09:59:12Z,doc,main,main,,,,,,,,,False,,27193779,"109660, 30630, None, None"
2318879932,Yeaseen,fs: fix rmSync to handle non-ASCII characters,open,2025-02-06T02:16:26Z,,,"c++, fs, needs-ci",main,fix-non-ascii-filepath-issue,,,,,,,,,False,,27193779,"109660, 30630, None, None"
2318738213,aduh95,[20.x backport] src: add `--env-file-if-exists` flag,open,2025-02-05T23:54:20Z,,,"c++, semver-minor, lib / src, needs-ci, v20.x",v20.x-staging,env-file-if-exists-20.x,,,,,,,,,False,,27193779,"109660, 30630, None, None"
2318387267,lemire,inspector: make dispatching_messages_ atomic,open,2025-02-05T19:35:36Z,,,inspector,main,dispatching_messages_atomic,,,,,,,targos,,False,,27193779,"109660, 30630, None, None"
2318332498,hkleungai,doc: update history of stream.Readable.toWeb(),closed,2025-02-05T19:02:50Z,2025-02-07T19:05:05Z,2025-02-07T19:05:05Z,"doc, stream, author ready",main,stream-Writable-fromWeb-history-update,,,,,,,,,False,,27193779,"109660, 30630, None, None"
2318094600,joyeecheung,[v20.x] backport unflagging of require(esm) to v20,closed,2025-02-05T16:54:53Z,,2025-02-11T10:58:58Z,"lib / src, needs-ci, v20.x",v20.x-staging,backport-require-esm-20-3,,,,,,,,,False,,27193779,"109660, 30630, None, None"
2317755001,aduh95,doc: make MDN links to global classes more consistent in other files,closed,2025-02-05T14:25:10Z,2025-02-07T14:33:07Z,2025-02-07T14:33:07Z,"doc, author ready",main,misc-mdn-links,,,,,,,,,False,,27193779,"109660, 30630, None, None"
2317746579,aduh95,doc: make MDN links to global classes more consistent in `worker_threads.md`,closed,2025-02-05T14:21:43Z,2025-02-07T14:24:04Z,2025-02-07T14:24:04Z,"doc, author ready, worker",main,worker-mdn-links,,,,,,,,,False,,27193779,"109660, 30630, None, None"
2317737918,aduh95,doc: make MDN links to global classes more consistent in `util.md`,closed,2025-02-05T14:17:54Z,2025-02-07T14:23:48Z,2025-02-07T14:23:48Z,"doc, tools, author ready, commit-queue-squash",main,util-mdn-links,,,,,,,,,False,,27193779,"109660, 30630, None, None"
2317704081,aduh95,doc: make MDN links to global classes more consistent in `buffer.md`,closed,2025-02-05T14:03:31Z,2025-02-07T14:06:29Z,2025-02-07T14:06:30Z,"buffer, doc, author ready",main,buffer-mdn-links,,,,,,,,,False,,27193779,"109660, 30630, None, None"
2317696671,aduh95,doc: make MDN links to global classes more consistent in `assert.md`,closed,2025-02-05T14:00:13Z,2025-02-07T14:27:59Z,2025-02-07T14:27:59Z,"doc, tools, author ready",main,assert-mdn-links,,,,,,,,,False,,27193779,"109660, 30630, None, None"
2316497357,guybedford,esm: Source Phase Imports for WebAssembly,open,2025-02-05T02:26:03Z,,,"semver-minor, lib / src, esm, needs-ci, wasm, dont-land-on-v18.x, dont-land-on-v20.x, dont-land-on-v22.x, dont-land-on-v23.x",main,source-phase-imports,,,,,,,,,False,,27193779,"109660, 30630, None, None"
2316410957,jackyzha0,fs: fix fs.promises.mkdir to also report ENOSPC correctly,open,2025-02-05T00:52:08Z,,,"c++, fs, needs-ci",main,jackyzha0/enoent-mkdir-async,,,,,,,,,False,,27193779,"109660, 30630, None, None"
2315739525,nodejs-github-bot,deps: update amaro to 0.3.2,closed,2025-02-04T17:13:30Z,,2025-02-07T10:34:22Z,"c++, doc, author ready, needs-ci, dependencies, commit-queue-rebase, strip-types",main,actions/tools-update-amaro,,,,,,,,,False,,27193779,"109660, 30630, None, None"
2315596555,jasnell,src: improve error handling in multiple c++ files,closed,2025-02-04T16:02:35Z,2025-02-06T16:12:42Z,2025-02-06T16:12:43Z,"c++, lib / src, author ready, needs-ci, commit-queue-squash",main,jasnell/improve-errorhandling,,,,,,,,,False,,27193779,"109660, 30630, None, None"
2315226283,jasnell,src: remove obsolete NoArrayBufferZeroFillScope,closed,2025-02-04T13:30:35Z,2025-02-06T13:38:14Z,2025-02-06T13:38:14Z,"c++, author ready, needs-ci",main,jasnell/remove-noarraybufferzerofillscope,,,,,,,anonrig,,False,,27193779,"109660, 30630, None, None"
2314896987,marco-ippolito,[v22.x backport] typescript syntax detection,closed,2025-02-04T11:30:38Z,2025-02-06T09:58:09Z,2025-02-06T09:58:09Z,"lib / src, needs-ci, v22.x, strip-types",v22.x-staging,backport-typescript,,,,,,,,,False,,27193779,"109660, 30630, None, None"
2314619794,pmarchini,test_runner: print formatted errors on summary,closed,2025-02-04T09:37:33Z,2025-02-09T18:03:38Z,2025-02-09T18:03:38Z,"author ready, needs-ci, commit-queue-squash, dont-land-on-v18.x, test_runner, dont-land-on-v20.x",main,issue/56902,,,,,,,"mcollina, MoLow, jakecastelli",,False,,27193779,"109660, 30630, None, None"
2314583491,github-actions[bot],22.14.0 'Jod' (LTS) release proposal,closed,2025-02-04T09:19:55Z,2025-02-11T10:42:13Z,2025-02-11T10:42:14Z,"release, v22.x",v22.x,v22.14.0-proposal,,,,,,,,,False,,27193779,"109660, 30630, None, None"
2314128910,cjihrig,sqlite: restore changes from #55373,closed,2025-02-04T04:01:12Z,2025-02-06T04:12:15Z,2025-02-06T04:12:15Z,"c++, author ready, sqlite",main,sqlite-all-perf,,,,,,,,,False,,27193779,"109660, 30630, None, None"
2313500624,RafaelGSS,doc: update post sec release process,closed,2025-02-03T19:39:46Z,2025-02-05T19:48:05Z,2025-02-05T19:48:05Z,doc,main,update-sec-release-process,,,,,,,,,False,,27193779,"109660, 30630, None, None"
2313322751,RafaelGSS,"Revert ""test: temporary remove resource check from fs read-write""",open,2025-02-03T17:58:28Z,,,"test, author ready, needs-ci, commit-queue-failed",main,fix-windows-flaky-pm,,,,,,,,,False,,27193779,"109660, 30630, None, None"
2313194247,lemire,src: simplify base64 decoding in the lenient case,closed,2025-02-03T16:47:21Z,,2025-02-03T18:51:16Z,,main,simplify_base64_decoding,,,,,,,targos,,False,,27193779,"109660, 30630, None, None"
2313089230,jasnell,src: improve error handling in permission.cc,closed,2025-02-03T15:56:30Z,,2025-02-05T15:55:48Z,"c++, author ready, needs-ci, commit-queue",main,jasnell/permission-errorhandling,,,,,,,RafaelGSS,,False,,27193779,"109660, 30630, None, None"
2313055539,louwers,sqlite: handle exceptions in filter callback database.applyChangeset(),open,2025-02-03T15:42:21Z,,,"c++, needs-ci, sqlite",main,sqlite-filter-test-cov,,,,,,,,,True,,27193779,"109660, 30630, None, None"
2312941760,deepak1556,build: remove explicit linker call to libm on macOS,closed,2025-02-03T14:53:25Z,,2025-02-07T18:10:44Z,"libuv, needs-ci, brotli, dependencies, commit-queue-rebase",main,robo/fix_macos_asan_build,,,,,,,,,False,,27193779,"109660, 30630, None, None"
2312795292,wooffie,src: add nullptr handling for `NativeKeyObject`,closed,2025-02-03T13:52:57Z,2025-02-10T15:09:23Z,2025-02-10T15:09:23Z,"crypto, c++, author ready, needs-ci",main,fix-issue-56899,,,,,,,,,False,,27193779,"109660, 30630, None, None"
2312419802,legendecas,doc: update websocket link to avoid linking to self,closed,2025-02-03T10:54:33Z,2025-02-05T11:01:19Z,2025-02-05T11:01:19Z,"http, doc, author ready",main,doc-websocket,,,,,,,,,False,,27193779,"109660, 30630, None, None"
2312281091,zcbenz,build: link with Security.framework in GN build,closed,2025-02-03T09:52:26Z,,2025-02-07T01:36:42Z,author ready,main,gn-crypto-mac,,,,,,,,,False,,27193779,"109660, 30630, None, None"
2311776932,juanarbol,doc: mark `--env-file-if-exists` flag as experimental,closed,2025-02-03T05:27:59Z,2025-02-05T05:34:10Z,2025-02-05T05:34:10Z,"doc, cli, author ready",main,juan/stability-doc,,,,,,,,,False,,27193779,"109660, 30630, None, None"
2311733284,jasnell,src: improve error handling in node_sqlite,closed,2025-02-03T04:49:20Z,,2025-02-05T15:44:46Z,"c++, author ready, needs-ci, commit-queue-failed, sqlite",main,jasnell/sqlite-errorhandling,,,,,,,legendecas,,False,,27193779,"109660, 30630, None, None"
2311693899,nodejs-github-bot,meta: move one or more collaborators to emeritus,closed,2025-02-03T04:11:40Z,2025-02-05T09:32:06Z,2025-02-05T09:32:06Z,"doc, meta, author ready, commit-queue-squash",main,actions/inactive-collaborators,,,,,,,,,False,,27193779,"109660, 30630, None, None"
2311688782,jasnell,src: improve error handling in node_os by removing ToLocalChecked,closed,2025-02-03T04:06:45Z,2025-02-05T04:20:01Z,2025-02-05T04:20:01Z,"c++, os, author ready, needs-ci",main,jasnell/os_errorhandling,,,,,,,"anonrig, legendecas",,False,,27193779,"109660, 30630, None, None"
2311663687,jasnell,src: improve error handling in node_url,closed,2025-02-03T03:39:35Z,2025-02-05T03:47:55Z,2025-02-05T03:47:55Z,"c++, whatwg-url, author ready, needs-ci",main,jasnell/url-errorhandling,,,,,,,,,False,,27193779,"109660, 30630, None, None"
2311586493,zcbenz,build: do not put commands in sources variables,closed,2025-02-03T02:15:33Z,2025-02-05T02:26:24Z,2025-02-05T02:26:24Z,"build, needs-ci",main,cctest-sources-gn,,,,,,,,,False,,27193779,"109660, 30630, None, None"
2311345225,jasnell,benchmarks: add simple parse and test benchmarks for URLPattern,closed,2025-02-02T17:53:38Z,2025-02-04T17:57:46Z,2025-02-04T17:57:46Z,"benchmark, author ready, whatwg-urlpattern",main,jasnell/urlpattern-benchmarks,,,,,,,,,False,,27193779,"109660, 30630, None, None"
2311325445,legendecas,src: add memory retainer traits for external types,closed,2025-02-02T17:02:13Z,2025-02-04T17:07:12Z,2025-02-04T17:07:12Z,"c++, whatwg-url, author ready, needs-ci",main,memory-track-trait,,,,,,,,,False,,27193779,"109660, 30630, None, None"
2311293486,nodoubtz,Exotic ,closed,2025-02-02T15:37:23Z,,2025-02-02T15:42:26Z,meta,main,main,,,,,,,,,False,,27193779,"109660, 30630, None, None"
2311080896,jasnell,"src,test: expand test coverage for urlpattern and fix error",closed,2025-02-02T04:46:09Z,2025-02-04T04:52:39Z,2025-02-04T04:52:39Z,"c++, author ready, needs-ci, whatwg-urlpattern",main,jasnell/urlpatterns-typechecks,,,,,,,,,False,,27193779,"109660, 30630, None, None"
2311064199,jasnell,src: prevent URLPattern property getters from crashing with invalid this,closed,2025-02-02T03:25:35Z,2025-02-04T03:34:31Z,2025-02-04T03:34:31Z,"c++, lib / src, author ready, needs-ci, whatwg-urlpattern",main,jasnell/fix-urlpattern-getters-crash,,,,,,,,,False,,27193779,"109660, 30630, None, None"
2311020277,nodejs-github-bot,deps: update timezone to 2025a,closed,2025-02-02T00:33:26Z,2025-02-04T00:45:56Z,2025-02-04T00:45:56Z,"notable-change, author ready, needs-ci, dependencies",main,actions/timezone-update,,,,,,,,,False,,27193779,"109660, 30630, None, None"
2311020049,nodejs-github-bot,deps: update cjs-module-lexer to 2.0.0,closed,2025-02-02T00:32:42Z,,2025-02-02T10:36:29Z,"lib / src, needs-ci, dependencies",main,actions/tools-update-cjs-module-lexer,,,,,,,,,False,,27193779,"109660, 30630, None, None"
2311020043,nodejs-github-bot,deps: update simdjson to 3.12.0,closed,2025-02-02T00:32:41Z,2025-02-04T00:45:39Z,2025-02-04T00:45:39Z,"needs-ci, dependencies",main,actions/tools-update-simdjson,,,,,,,,,False,,27193779,"109660, 30630, None, None"
2311020036,nodejs-github-bot,deps: update googletest to e235eb3,closed,2025-02-02T00:32:40Z,2025-02-04T00:45:22Z,2025-02-04T00:45:22Z,"test, author ready, needs-ci, dependencies",main,actions/tools-update-googletest,,,,,,,,,False,,27193779,"109660, 30630, None, None"
2311018107,dario-piotrowicz,src: fix process exit listeners not receiving unsettled tla codes,open,2025-02-02T00:26:19Z,,,"c++, author ready, needs-ci",main,dario/53551/process-on-exit-unsettled-tlas,,,,,,,,,False,,27193779,"109660, 30630, None, None"
2310960463,jasnell,src: multiple urlpattern cleanups/improvements,closed,2025-02-01T21:39:20Z,,2025-02-03T21:54:41Z,"c++, lib / src, author ready, needs-ci, commit-queue-squash, whatwg-urlpattern",main,jasnell/minor-urlpattern-cleanups,,,,,,,"lemire, aduh95",,False,,27193779,"109660, 30630, None, None"
2310895445,jasnell,lib: filter node:quic from builtinModules when flag not used,closed,2025-02-01T19:01:46Z,2025-02-03T19:14:06Z,2025-02-03T19:14:06Z,"module, author ready, needs-ci",main,jasnell/filter-quic-from-builtinmodules,,,,,,,,,False,,27193779,"109660, 30630, None, None"
2310895296,dependabot[bot],tools: Bump the eslint group in /tools/eslint with 5 updates,closed,2025-02-01T19:01:24Z,2025-02-11T13:32:26Z,2025-02-11T13:32:27Z,"tools, author ready, dependencies, javascript",main,dependabot/npm_and_yarn/tools/eslint/eslint-2b1d2f9135,,,,,,,,,False,,27193779,"109660, 30630, None, None"
2310893702,dependabot[bot],meta: Bump actions/setup-node from 4.1.0 to 4.2.0,closed,2025-02-01T18:57:06Z,2025-02-08T09:40:23Z,2025-02-08T09:40:23Z,"meta, author ready, dependencies, github_actions",main,dependabot/github_actions/actions/setup-node-4.2.0,,,,,,,,,False,,27193779,"109660, 30630, None, None"
2310893654,dependabot[bot],meta: Bump actions/setup-python from 5.3.0 to 5.4.0,open,2025-02-01T18:56:58Z,,,"meta, dependencies, github_actions",main,dependabot/github_actions/actions/setup-python-5.4.0,,,,,,,,,False,,27193779,"109660, 30630, None, None"
2310893628,dependabot[bot],meta: Bump peter-evans/create-pull-request from 7.0.5 to 7.0.6,open,2025-02-01T18:56:53Z,,,"meta, dependencies, github_actions",main,dependabot/github_actions/peter-evans/create-pull-request-7.0.6,,,,,,,,,False,,27193779,"109660, 30630, None, None"
2310893604,dependabot[bot],meta: Bump mozilla-actions/sccache-action from 0.0.6 to 0.0.7,open,2025-02-01T18:56:50Z,,,"meta, dependencies, github_actions",main,dependabot/github_actions/mozilla-actions/sccache-action-0.0.7,,,,,,,,,False,,27193779,"109660, 30630, None, None"
2310893598,dependabot[bot],meta: Bump codecov/codecov-action from 5.0.7 to 5.3.1,open,2025-02-01T18:56:50Z,,,"meta, dependencies, github_actions",main,dependabot/github_actions/codecov/codecov-action-5.3.1,,,,,,,,,False,,27193779,"109660, 30630, None, None"
2310893576,dependabot[bot],meta: Bump step-security/harden-runner from 2.10.2 to 2.10.4,open,2025-02-01T18:56:47Z,,,"meta, dependencies, github_actions",main,dependabot/github_actions/step-security/harden-runner-2.10.4,,,,,,,,,False,,27193779,"109660, 30630, None, None"
2310893558,dependabot[bot],meta: Bump actions/cache from 4.1.2 to 4.2.0,open,2025-02-01T18:56:44Z,,,"meta, dependencies, github_actions",main,dependabot/github_actions/actions/cache-4.2.0,,,,,,,,,False,,27193779,"109660, 30630, None, None"
2310893533,dependabot[bot],meta: Bump actions/upload-artifact from 4.4.3 to 4.6.0,closed,2025-02-01T18:56:42Z,2025-02-10T15:24:22Z,2025-02-10T15:24:22Z,"meta, dependencies, github_actions",main,dependabot/github_actions/actions/upload-artifact-4.6.0,,,,,,,,,False,,27193779,"109660, 30630, None, None"
2310893511,dependabot[bot],meta: Bump actions/stale from 9.0.0 to 9.1.0,open,2025-02-01T18:56:38Z,,,"meta, dependencies, github_actions",main,dependabot/github_actions/actions/stale-9.1.0,,,,,,,,,False,,27193779,"109660, 30630, None, None"
2310893494,dependabot[bot],meta: Bump github/codeql-action from 3.27.5 to 3.28.8,open,2025-02-01T18:56:34Z,,,"meta, dependencies, github_actions",main,dependabot/github_actions/github/codeql-action-3.28.8,,,,,,,,,False,,27193779,"109660, 30630, None, None"
2310887699,jasnell,src: pull in more electron boringssl adjustments,closed,2025-02-01T18:41:03Z,,2025-02-04T02:27:44Z,"c++, lib / src, author ready, needs-ci, commit-queue",main,jasnell/port-more-electron-boring-adjustments,,,,,,,codebytere,,False,,27193779,"109660, 30630, None, None"
2310814356,acidiney,docs: fix permission source code ref on docs,open,2025-02-01T15:36:44Z,,,doc,main,patch-1,,,,,,,,,False,,27193779,"109660, 30630, None, None"
2309723142,mhdawson,deps: update cjs-module-lexer to 2.0.0,closed,2025-01-31T17:36:00Z,2025-02-04T13:12:33Z,2025-02-04T13:12:33Z,"lib / src, needs-ci, commit-queue-squash",main,cjs-module-lexer-updater,,,,,,,,,False,,27193779,"109660, 30630, None, None"
2309563927,lemire,src: remove workaround for container-overflow,open,2025-01-31T16:02:54Z,,,,main,simplify_simdjson,,,,,,,addaleax,,False,,27193779,"109660, 30630, None, None"
2309519719,StefanStojanovic,Enable ccache on Windows v2,closed,2025-01-31T15:39:33Z,2025-02-09T12:11:16Z,2025-02-09T12:11:16Z,"doc, windows, install, build, v8 engine, tools, needs-ci, commit-queue-squash",main,mefi-ccache-2,,,,,,,,,False,,27193779,"109660, 30630, None, None"
2309481337,richardlau,"Revert ""src: modernize cleanup queue to use c++20""",closed,2025-01-31T15:20:57Z,2025-02-01T08:14:19Z,2025-02-01T08:14:19Z,"c++, fast-track, needs-ci, dont-land-on-v18.x, dont-land-on-v20.x, dont-land-on-v22.x, dont-land-on-v23.x",main,revert-56063,,,,,,,,,False,,27193779,"109660, 30630, None, None"
2309431305,cjihrig,test: fix race condition in test-child-process-bad-stdio,closed,2025-01-31T14:58:28Z,2025-02-03T03:12:19Z,2025-02-03T03:12:19Z,"test, author ready, commit-queue-squash",main,test-fix,,,,,,,,,False,,27193779,"109660, 30630, None, None"
2309375357,targos,src: use `std::ranges::greater` instead of `std::greater`,closed,2025-01-31T14:31:51Z,,2025-01-31T14:45:31Z,"c++, needs-ci",main,targos-patch-1,,,,,,,,,False,,27193779,"109660, 30630, None, None"
2309296944,joyeecheung,tools: fix release URL computation in update-root-certs.mjs,closed,2025-01-31T13:58:34Z,2025-02-14T14:15:14Z,2025-02-14T14:15:14Z,tools,main,fix-root-cert,,,,,,,,,False,,27193779,"109660, 30630, None, None"
2309285707,targos,deps: update V8 to 13.2.152.37,closed,2025-01-31T13:53:09Z,,2025-02-08T13:52:02Z,"semver-major, v8 engine",main,v8-132,,,,,,,,,False,,27193779,"109660, 30630, None, None"
2309066236,littledivy,sqlite: fix use-after-free in StatementSync due to premature GC,closed,2025-01-31T12:34:15Z,2025-02-05T14:34:00Z,2025-02-05T14:34:00Z,"c++, author ready, sqlite",main,sqlite-gc-crash,,,,,,,,,False,,27193779,"109660, 30630, None, None"
2308169691,dsanders11,doc: fix rendering of DEP0174 description,open,2025-01-31T02:47:15Z,,,"doc, deprecations",main,patch-1,,,,,,,,,False,,27193779,"109660, 30630, None, None"
2307893550,dmichon-msft,src: cache negative results in GetPackageJSON,open,2025-01-30T22:59:27Z,,,"c++, needs-ci",main,readpackage-negative,,,,,,,,,False,,27193779,"109660, 30630, None, None"
2307390243,joyeecheung,crypto: support --use-system-ca on Windows,closed,2025-01-30T17:28:22Z,2025-02-07T16:32:26Z,2025-02-07T16:32:26Z,"crypto, c++, semver-minor, needs-ci",main,win-certs,,,,,,,,,False,,27193779,"109660, 30630, None, None"
2307353028,joyeecheung,crypto: fix X509* leak in --use-system-ca,closed,2025-01-30T17:07:14Z,,2025-02-06T17:19:13Z,"crypto, c++, needs-ci",main,fix-leak,,,,,,,,,False,,27193779,"109660, 30630, None, None"
2307145146,targos,tools: run macOS test workflow with Xcode 16.1,closed,2025-01-30T15:30:00Z,2025-01-31T12:28:57Z,2025-01-31T12:28:57Z,"meta, fast-track",main,xcode-16-gh,,,,,,,,,False,,27193779,"109660, 30630, None, None"
2307008731,wooffie,src: Add enum handle for `ToStringHelper` + formatting,open,2025-01-30T14:28:55Z,,,"c++, needs-ci, debugger",main,fix-issue-56666,,,,,,,,,False,,27193779,"109660, 30630, None, None"
2306742714,Qard,src: fix platform shutdown deadlock,open,2025-01-30T12:20:36Z,,,"confirmed-bug, c++, lib / src, needs-ci, v8 platform",main,fix-process-shutdown-deadlock,,,,,,,,,False,,27193779,"109660, 30630, None, None"
2306651907,lpinca,build: add double quotes around <(python),closed,2025-01-30T11:34:03Z,2025-01-31T22:48:56Z,2025-01-31T22:48:56Z,"build, fast-track, author ready, needs-ci",main,fix/build,,,,,,,,,False,,27193779,"109660, 30630, None, None"
2306287511,targos,build: increase minimum Xcode version to 16.1,closed,2025-01-30T08:16:17Z,2025-02-01T12:28:18Z,2025-02-01T12:28:18Z,"doc, semver-major, build, author ready",main,upgrade-xcode,,,,,,,,,False,,27193779,"109660, 30630, None, None"
2306251130,targos,tools: remove test-asan/ubsan workflows,closed,2025-01-30T07:49:48Z,2025-02-01T07:53:53Z,2025-02-01T07:53:53Z,"meta, author ready",main,rm-test-san,,,,,,,,,False,,27193779,"109660, 30630, None, None"
2305627978,mhdawson,test: adjust check to use OpenSSL sec level,closed,2025-01-29T21:55:01Z,2025-01-31T21:57:59Z,2025-01-31T21:58:00Z,"test, author ready",main,use-sec-level-1,,,,,,,,,False,,27193779,"109660, 30630, None, None"
2305582613,npm-cli-bot,deps: upgrade npm to 11.1.0,closed,2025-01-29T21:26:06Z,2025-02-02T15:09:59Z,2025-02-02T15:09:59Z,"npm, fast-track, needs-ci, dont-land-on-v18.x, dont-land-on-v20.x, dont-land-on-v22.x, dont-land-on-v23.x",main,npm-v11.1.0-main,,,,,,,,,False,,27193779,"109660, 30630, None, None"
2304251581,sevenc-nanashi,backport #56696 to v22.x,closed,2025-01-29T11:03:57Z,,2025-01-29T17:57:35Z,"c++, fs, needs-ci, v22.x",v22.x-staging,backport-56696-to-v22.x,,,,,,,,,False,,27193779,"109660, 30630, None, None"
2304050597,targos,tools: update sccache and sccache-action,closed,2025-01-29T09:26:07Z,2025-01-31T09:30:59Z,2025-01-31T09:30:59Z,"meta, author ready",main,update-sccache,,,,,,,,,False,,27193779,"109660, 30630, None, None"
2303901586,targos,tools: fix license-builder for inspector_protocol,closed,2025-01-29T07:58:10Z,2025-01-29T13:33:55Z,2025-01-29T13:33:55Z,"tools, fast-track",main,fix-lb,,,,,,,,,False,,27193779,"109660, 30630, None, None"
2303655351,chetanfaris,Test CI Run,closed,2025-01-29T04:32:08Z,,2025-01-29T04:35:56Z,"c++, needs-ci",main,TestCI,,,,,,,,,False,,27193779,"109660, 30630, None, None"
2303539541,jasnell,"src,deps: port some electron boringssl workarounds",closed,2025-01-29T02:18:41Z,,2025-02-04T01:12:29Z,"lib / src, author ready, needs-ci",main,jasnell/ncrypto-bssl-electron,,,,,,,,,False,,27193779,"109660, 30630, None, None"
2303471520,anonrig,src: disallow copy/move fns/constructors,closed,2025-01-29T00:53:02Z,2025-02-10T10:49:50Z,2025-02-10T10:49:51Z,"c++, needs-ci, commit-queue-squash",main,yagiz/disallow-copy-move,,,,,,,,,False,,27193779,"109660, 30630, None, None"
2303288620,Ceres6,test: change jenkins reporter,closed,2025-01-28T21:56:33Z,2025-02-03T14:30:34Z,2025-02-03T14:30:34Z,"build, author ready, commit-queue-squash",main,chore/jenkins-report,,,,,,,jasnell,,False,,27193779,"109660, 30630, None, None"
2303101907,KhafraDev,events: getMaxListeners detects 0 listeners,closed,2025-01-28T19:50:28Z,2025-01-30T19:55:18Z,2025-01-30T19:55:18Z,"events, author ready",main,getmaxlisteners-0-listeners,,,,,,,,,False,,27193779,"109660, 30630, None, None"
2302552901,legendecas,inspector: add Network.Initiator in inspector protocol,closed,2025-01-28T15:10:47Z,,2025-02-08T13:39:22Z,"c++, lib / src, inspector, needs-ci, commit-queue-rebase",main,inspector/network-initiator,,,,,,,,,False,,27193779,"109660, 30630, None, None"
2302436105,y-hsgw,doc: update options to include signal in filehandle.writeFile(),closed,2025-01-28T14:29:33Z,2025-02-12T08:33:06Z,2025-02-12T08:33:06Z,"doc, fs, author ready",main,docs-fs,,,,,,,,,False,,27193779,"109660, 30630, None, None"
2302270726,richardlau,test: mark `test-esm-loader-hooks-inspect-wait` flaky,closed,2025-01-28T13:23:12Z,2025-01-29T09:14:46Z,2025-01-29T09:14:46Z,"test, fast-track, author ready, needs-ci",main,flaky,,,,,,,,,False,,27193779,"109660, 30630, None, None"
2301947337,github-actions[bot],"2025-01-30, Version 23.7.0 (Current)",closed,2025-01-28T11:03:41Z,2025-01-30T17:58:40Z,2025-01-30T17:58:40Z,"release, v23.x",v23.x,v23.7.0-proposal,,,,,,,,,False,,27193779,"109660, 30630, None, None"
2301918016,StefanStojanovic,test: set `test-fs-cp` as flaky,closed,2025-01-28T10:49:37Z,2025-01-30T10:58:42Z,2025-01-30T10:58:42Z,"test, author ready",main,mefi-fs-cp-flaky,,,,,,,,,False,,27193779,"109660, 30630, None, None"
2301463705,zcbenz,inspector: fix GN build,closed,2025-01-28T06:41:05Z,2025-01-30T06:44:39Z,2025-01-30T06:44:39Z,"c++, inspector, author ready, needs-ci",main,gn-inspector-protocol,,,,,,,,,False,,27193779,"109660, 30630, None, None"
2301316646,jasnell,src: remove v8::Maybe<void> uses in favor of simple bool returns,closed,2025-01-28T04:30:23Z,,2025-01-28T16:56:13Z,"c++, lib / src, author ready, needs-ci",main,jasnell/crypto-remove-maybevoid,,,,,,,mcollina,,False,,27193779,"109660, 30630, None, None"
2300992137,nodejs-github-bot,deps: update corepack to 0.31.0,closed,2025-01-27T22:59:32Z,2025-01-28T10:58:56Z,2025-01-28T10:58:56Z,"fast-track, author ready, needs-ci, dependencies, lts-watch-v20.x",main,actions/tools-update-corepack,,,,,,,,,False,,27193779,"109660, 30630, None, None"
2300458062,mfdebian,doc: add esm examples to `node:util`,open,2025-01-27T17:33:54Z,,,"util, doc",main,docs-util-esm,,,,,,,,,False,,27193779,"109660, 30630, None, None"
2300268749,jasnell,src: more ncrypto,closed,2025-01-27T16:08:27Z,,2025-02-03T16:58:52Z,"lib / src, author ready, needs-ci",main,jasnell/ncrypto-big-push-next,,,,,,,,,False,,27193779,"109660, 30630, None, None"
2300214897,legendecas,test: convert test_encoding_binding.cc to a JS test,closed,2025-01-27T15:44:01Z,,2025-01-29T21:55:08Z,"build, needs-ci, commit-queue-rebase",main,cctest-scan-files,,,,,,,,,False,,27193779,"109660, 30630, None, None"
2300185306,Renegade334,sqlite: allow returning `ArrayBufferView`s from user-defined functions,closed,2025-01-27T15:30:10Z,2025-02-01T21:19:54Z,2025-02-01T21:19:54Z,"c++, semver-minor, author ready, sqlite",main,sqlite-function-arraybufferview,,,,,,,,,False,,27193779,"109660, 30630, None, None"
2300146222,RafaelGSS,test: temporary remove resource check from fs read-write,closed,2025-01-27T15:12:42Z,2025-01-29T15:21:48Z,2025-01-29T15:21:48Z,"test, needs-ci, permission",main,temporary-disable-resource,,,,,,,,,False,,27193779,"109660, 30630, None, None"
2300094510,legendecas,inspector: fix StringUtil::CharacterCount for unicodes,closed,2025-01-27T14:49:29Z,2025-01-29T14:58:26Z,2025-01-29T14:58:26Z,"lib / src, inspector, needs-ci",main,inspector/test-protocol,,,,,,,,,False,,27193779,"109660, 30630, None, None"
2300050906,cjihrig,sqlite: handle conflicting SQLite and JS errors,closed,2025-01-27T14:29:43Z,2025-02-04T13:58:33Z,2025-02-04T13:58:33Z,"c++, author ready, commit-queue-squash, sqlite",main,dualing-errors,,,,,,,"jasnell, anonrig",,False,,27193779,"109660, 30630, None, None"
2300012249,Renegade334,doc: clarify sqlite user-defined function behaviour,closed,2025-01-27T14:12:24Z,2025-01-29T14:21:14Z,2025-01-29T14:21:14Z,"doc, sqlite",main,doc-sqlite-function,,,,,,,,,False,,27193779,"109660, 30630, None, None"
2299946322,nodejs-github-bot,deps: update amaro to 0.3.1,closed,2025-01-27T13:42:17Z,2025-01-29T13:50:28Z,2025-01-29T13:50:28Z,"lib / src, needs-ci, dependencies, strip-types",main,actions/tools-update-amaro,,,,,,,,,False,,27193779,"109660, 30630, None, None"
2299945227,lpinca,test: remove unnecessary code,closed,2025-01-27T13:41:46Z,2025-01-29T13:50:10Z,2025-01-29T13:50:10Z,"test, author ready, needs-ci",main,remove/unused-openssl-cli,,,,,,,,,False,,27193779,"109660, 30630, None, None"
2299542018,legendecas,meta: add @nodejs/url as codeowner,closed,2025-01-27T10:23:34Z,2025-01-29T10:36:17Z,2025-01-29T10:36:17Z,meta,main,meta-url,,,,,,,,,False,,27193779,"109660, 30630, None, None"
2299357096,kxxt,[v20.x backport] deps: V8: backport 9ab40592f697,closed,2025-01-27T08:48:20Z,,2025-02-11T15:26:20Z,"build, v8 engine, needs-ci, v20.x",v20.x-staging,v20-rv-fix,,,,,,,,,False,,27193779,"109660, 30630, None, None"
2299316829,kxxt,deps: V8: cherry-pick 9ab40592f697,closed,2025-01-27T08:24:30Z,2025-02-04T16:11:38Z,2025-02-04T16:11:39Z,"build, v8 engine, needs-ci, riscv64, dont-land-on-v18.x, backport-open-v20.x, lts-watch-v22.x",main,riscv-flush,,,,,,,,,False,,27193779,"109660, 30630, None, None"
2298866354,nodejs-github-bot,test: update WPT for url to a23788b77a,closed,2025-01-27T00:04:35Z,2025-01-29T00:16:39Z,2025-01-29T00:16:39Z,"test, needs-ci",main,actions/update-wpt-url,,,,,,,lemire,,False,,27193779,"109660, 30630, None, None"
2298858822,AugustinMauroy,util: fix parseEnv handling of invalid lines,open,2025-01-26T23:39:33Z,,,"c++, needs-ci",main,util-fix-parseEnv-handling-of-invalid-lines,,,,,,,,,False,,27193779,"109660, 30630, None, None"
2298738479,mdanish-kh,tools: update winget manifest on new release,open,2025-01-26T17:51:30Z,,,meta,main,winget-ci,,,,,,,,,False,,27193779,"109660, 30630, None, None"
2298730842,Charlesnorris509,Fix sqlite custom function callback errors reporting,closed,2025-01-26T17:36:17Z,,2025-01-28T00:26:51Z,"c++, needs-ci, sqlite",main,fix-sqlite-custom-function-errors,,,,,,,,,False,,27193779,"109660, 30630, None, None"
2298624733,vienatjeee,Rename devcontainer.json to devcontainer.jsonb,closed,2025-01-26T13:31:51Z,,2025-01-26T15:08:41Z,,main,patch-1,,,,,,,,,False,,27193779,"109660, 30630, None, None"
2298537292,deokjinkim,doc: fix typo in cjs example of `util.styleText`,closed,2025-01-26T11:00:46Z,2025-01-30T02:02:58Z,2025-01-30T02:02:58Z,"util, doc, author ready",main,250126_fix_typo,,,,,,,,,False,,27193779,"109660, 30630, None, None"
2298456404,lpinca,test: do not use common.isMainThread,closed,2025-01-26T07:13:30Z,2025-01-26T16:41:22Z,2025-01-26T16:41:22Z,"test, fast-track, author ready, needs-ci",main,fix/failing-test,,,,,,,,,False,,27193779,"109660, 30630, None, None"
2298402617,ywave620,http: be more generational GC friendly,closed,2025-01-26T03:45:19Z,2025-01-31T15:22:31Z,2025-01-31T15:22:31Z,"http, needs-ci, commit-queue-squash",main,gc,,,,,,,,,False,,27193779,"109660, 30630, None, None"
2298359114,pmarchini,test_runner: add timeout support to test plan,open,2025-01-26T00:44:49Z,,,"needs-ci, test_runner",main,issue/56758,,,,,,,"MoLow, jakecastelli",,False,,27193779,"109660, 30630, None, None"
2298355693,nodejs-github-bot,deps: update simdutf to 6.2.0,open,2025-01-26T00:31:17Z,,,"needs-ci, dependencies",main,actions/tools-update-simdutf,,,,,,,,,False,,27193779,"109660, 30630, None, None"
2298347400,nodejs-github-bot,test: update WPT for url to a23788b77a,closed,2025-01-26T00:04:49Z,,2025-01-26T22:22:47Z,"test, needs-ci",main,actions/update-wpt-url,,,,,,,,,False,,27193779,"109660, 30630, None, None"
2298184520,Renegade334,child_process: validate options.shell and correctly enforce shell invocation in exec/execSync,open,2025-01-25T15:06:33Z,,,"child_process, needs-ci",main,child-process-exec-shell,,,,,,,,,False,,27193779,"109660, 30630, None, None"
2298148814,islandryu,inspector: support for worker inspection in chrome devtools,open,2025-01-25T13:31:05Z,,,"c++, lib / src, inspector, needs-ci",main,feat/cdpTarget,,,,,,,,,False,,27193779,"109660, 30630, None, None"
2298086749,lpinca,test: reduce number of written chunks,closed,2025-01-25T10:22:13Z,2025-01-27T10:35:11Z,2025-01-27T10:35:11Z,"test, author ready, needs-ci",main,reduce/written-chunks,,,,,,,,,False,,27193779,"109660, 30630, None, None"
2298081078,lpinca,test: fix invalid common.mustSucceed() usage,closed,2025-01-25T10:05:11Z,2025-01-27T10:09:38Z,2025-01-27T10:09:38Z,"test, author ready, needs-ci",main,fix/invalid-common-must-succeed-usage,,,,,,,,,False,,27193779,"109660, 30630, None, None"
2297706137,aduh95,doc: fix styles of the expandable TOC,closed,2025-01-24T22:17:18Z,2025-01-26T22:24:30Z,2025-01-26T22:24:30Z,"doc, author ready",main,expandable-toc,,,,,,,,,False,,27193779,"109660, 30630, None, None"
2297415442,jasnell,test: mark test-without-async-context-frame flaky on windows,closed,2025-01-24T18:39:58Z,,2025-01-29T15:15:51Z,"test, author ready, needs-ci, async_local_storage",main,jasnell/flaky-test-without-async-context-frame-win,,,,,,,mcollina,,False,,27193779,"109660, 30630, None, None"
2297398514,aduh95,"doc: add ""Skip to content"" button",closed,2025-01-24T18:32:23Z,2025-01-26T18:41:45Z,2025-01-26T18:41:45Z,"doc, author ready, lts-watch-v20.x",main,skip-to-content,,,,,,,,,False,,27193779,"109660, 30630, None, None"
2297368866,aduh95,doc: improve accessibility of expandable lists,closed,2025-01-24T18:19:07Z,2025-01-26T18:31:36Z,2025-01-26T18:31:36Z,"doc, tools, author ready, commit-queue-squash, lts-watch-v20.x",main,accessibility-expandables,,,,,,,,,False,,27193779,"109660, 30630, None, None"
2297222111,jasnell,test: cleanup and simplify test-crypto-aes-wrap,closed,2025-01-24T17:17:18Z,2025-01-26T17:19:39Z,2025-01-26T17:19:39Z,"test, author ready, needs-ci, commit-queue-squash",main,jasnell/cleanup-crypto-tests,,,,,,,,,False,,27193779,"109660, 30630, None, None"
2297067820,JonasBa,test: mark test-tls-min-max-version as flaky,open,2025-01-24T15:49:03Z,,,"test, smartos, needs-ci",main,jb/flaky/test-tls-min-max-version,,,,,,,,,False,,27193779,"109660, 30630, None, None"
2297055799,JonasBa,test: mark test-runner-module-mocking as flaky,closed,2025-01-24T15:42:18Z,,2025-01-25T02:08:29Z,"test, needs-ci",main,jb/flaky/parallel-module-mocking,,,,,,,,,False,,27193779,"109660, 30630, None, None"
2296945587,Trott,test: use strict mode in global setters test,closed,2025-01-24T14:45:39Z,2025-01-27T00:02:05Z,2025-01-27T00:02:05Z,"test, author ready, needs-ci, commit-queue-squash",main,strict,,,,,,,,,False,,27193779,"109660, 30630, None, None"
2296628265,KunalKumar-1,events: refactored emit to improve performance,open,2025-01-24T12:01:33Z,,,"events, needs-ci, needs-benchmark-ci",main,event-emitter-emit,,,,,,,,,False,,27193779,"109660, 30630, None, None"
2296323032,tjuhaszrh,src: adding #include <cstdint> to worker_inspector. h for gcc v15,closed,2025-01-24T09:16:44Z,2025-01-25T09:34:54Z,2025-01-25T09:34:54Z,"c++, fast-track, author ready, needs-ci, lts-watch-v20.x",main,main,,,,,,,,,False,,27193779,"109660, 30630, None, None"
2296216211,Ceres6,Chore/remove test reporter duplicate,closed,2025-01-24T08:12:41Z,2025-01-28T16:41:52Z,2025-01-28T16:41:52Z,"meta, author ready, commit-queue-squash",main,chore/remove-test-reporter-duplicate,,,,,,,,,False,,27193779,"109660, 30630, None, None"
2295955211,hvanness,Temporarily increase network_family_autoselection_attempt_timeout to 500ms,open,2025-01-24T05:25:55Z,,,"c++, needs-ci",main,network_family_autoselection_attempt_timeout_500,,,,,,,ShogunPanda,,False,,27193779,"109660, 30630, None, None"
2295735259,dario-piotrowicz,doc: add note regarding commit message trailers,closed,2025-01-24T01:23:01Z,2025-01-26T01:30:11Z,2025-01-26T01:30:11Z,"doc, author ready",main,dario/contributing-clarify-fixes-optional,,,,,,,"mcollina, anonrig",,False,,27193779,"109660, 30630, None, None"
2295606859,dario-piotrowicz,fix `require.resolve` not considering paths `.` and `..` relative,closed,2025-01-23T23:22:43Z,2025-01-25T23:32:14Z,2025-01-25T23:32:14Z,"module, author ready, needs-ci, commit-queue-squash",main,dario/require-resolve-opts-paths-dot-dot-fix,,,,,,,,,False,,27193779,"109660, 30630, None, None"
2294993569,tjuhaszrh,Added <cstdint> for uint64_t support,closed,2025-01-23T17:10:22Z,,2025-01-24T09:17:07Z,"c++, needs-ci, v20.x",v20.x-staging,v20.x-staging,,,,,,,legendecas,,False,,27193779,"109660, 30630, None, None"
2294743158,joyeecheung,"[v20.x] backport unflagging of require(esm), part 1 (of 4?)",closed,2025-01-23T15:18:23Z,,2025-01-24T23:13:13Z,"semver-minor, lib / src, needs-ci, v20.x",v20.x-staging,backport-require-esm-20,,,,,,,,,False,,27193779,"109660, 30630, None, None"
2294467382,Nadeemahmad78,Update README.md,closed,2025-01-23T13:12:05Z,,2025-01-23T13:21:59Z,invalid,main,main,,,,,,,,,False,,27193779,"109660, 30630, None, None"
2294440394,snapdrsgon,Docker node,closed,2025-01-23T12:58:29Z,,2025-01-23T13:04:51Z,invalid,main,docker-node,,,,,,,,,False,,27193779,"109660, 30630, None, None"
2294403015,marco-ippolito,[v20.x] test: skip test-buffer-tostring-range on smartos,closed,2025-01-23T12:39:27Z,,2025-01-31T09:20:30Z,"test, needs-ci, v20.x",v20.x-staging,fix/smart-os,,,,,,,,,False,,27193779,"109660, 30630, None, None"
2294094709,aduh95,[20.x backport] doc: add history info for Permission Model,closed,2025-01-23T10:04:23Z,,2025-01-23T15:35:17Z,"doc, v20.x",v20.x-staging,permission-model-history,,,,,,,,,False,,27193779,"109660, 30630, None, None"
2294062868,aduh95,[22.x backport] doc: add note for features using `InternalWorker` with permission model,closed,2025-01-23T09:48:53Z,2025-02-03T10:51:29Z,2025-02-03T10:51:29Z,"doc, v22.x",v22.x-staging,internal-worker--permission-22,,,,,,,,,False,,27193779,"109660, 30630, None, None"
2294059021,marco-ippolito,util: enforce shouldColorize in styleText array arg,closed,2025-01-23T09:47:01Z,2025-01-29T09:43:58Z,2025-01-29T09:43:58Z,"util, author ready, needs-ci",main,fix-color-style-trxt,,,,,,,,,False,,27193779,"109660, 30630, None, None"
2294049040,aduh95,[v20.x backport] doc: add note for features using `InternalWorker` with permission model,closed,2025-01-23T09:42:17Z,,2025-01-23T15:31:40Z,"doc, v20.x",v20.x-staging,internal-worker--permission,,,,,,,,,False,,27193779,"109660, 30630, None, None"
2294004691,rmehner,doc: fix typo in example code for util.styleText,closed,2025-01-23T09:21:39Z,2025-01-25T11:02:31Z,2025-01-25T11:02:31Z,"util, doc, author ready",main,patch-1,,,,,,,,,False,,27193779,"109660, 30630, None, None"
2293399637,jasnell,test: move hasMultiLocalhost to common/net,closed,2025-01-23T01:25:46Z,2025-01-25T01:35:59Z,2025-01-25T01:35:59Z,"test, author ready, needs-ci",main,jasnell/move-hasmultilocalhost,,,,,,,mcollina,,False,,27193779,"109660, 30630, None, None"
2293378634,jasnell,test: make some requires lazy in common/index,closed,2025-01-23T01:00:29Z,,2025-01-25T18:45:13Z,"test, author ready",main,jasnell/test-lazy-requires,,,,,,,,,False,,27193779,"109660, 30630, None, None"
2293367845,jasnell,test: move crypto related common utilities in common/crypto,closed,2025-01-23T00:49:39Z,2025-01-25T00:58:32Z,2025-01-25T00:58:32Z,"test, addons, author ready",main,jasnell/cleanup-test-common-crypto,,,,,,,mcollina,,False,,27193779,"109660, 30630, None, None"
2293286686,jasnell,test: simplify common/index.js,closed,2025-01-22T23:33:46Z,,2025-01-25T07:23:14Z,"test, async_hooks, esm, author ready, needs-ci, commit-queue-rebase",main,jasnell/simplify-common-test-harness,,,,,,,,,False,,27193779,"109660, 30630, None, None"
2293267293,joyeecheung,[v20.x] backport V8 changes related to compile cache,closed,2025-01-22T23:14:53Z,,2025-02-10T14:51:52Z,"build, v8 engine, needs-ci, v20.x",v20.x-staging,backport-cache-fixes,,,,,,,,,False,,27193779,"109660, 30630, None, None"
2293002295,Rachel1731,Update .gitignore,closed,2025-01-22T19:59:39Z,,2025-01-22T20:00:19Z,"test, needs-ci",main,patch-1,,,,,,,,,False,,27193779,"109660, 30630, None, None"
2292553878,aduh95,doc: add history info for Permission Model,closed,2025-01-22T15:45:05Z,2025-01-22T20:02:10Z,2025-01-22T20:02:10Z,"doc, fast-track, author ready, backport-open-v20.x, backported-to-v22.x, backported-to-v23.x",main,permission-model-history,,,,,,,,,False,,27193779,"109660, 30630, None, None"
2292539857,aduh95,doc: add note for features using `InternalWorker` with permission model,closed,2025-01-22T15:38:16Z,2025-01-23T08:11:23Z,2025-01-23T08:11:23Z,"doc, fast-track, author ready, backport-open-v20.x, backport-open-v22.x, backported-to-v23.x",main,internal-worker--permission,,,,,,,,,False,,27193779,"109660, 30630, None, None"
2292469830,StefanStojanovic,Enable ccache on Windows,open,2025-01-22T15:06:06Z,,,"doc, windows, install, build, v8 engine, tools, needs-ci",main,mefi-ccache,,,,,,,,,False,,27193779,"109660, 30630, None, None"
2292353065,aduh95,tools: do not throw on missing `create-release-proposal.sh`,closed,2025-01-22T14:13:58Z,2025-01-24T14:22:12Z,2025-01-24T14:22:12Z,"meta, author ready",main,fix-create-release-proposal,,,,,,,,,False,,27193779,"109660, 30630, None, None"
2292264895,wooffie,src: add check for Bignum in GroupOrderSize,closed,2025-01-22T13:33:50Z,2025-01-29T15:21:31Z,2025-01-29T15:21:31Z,"crypto, c++, needs-ci",main,fix-56692,,,,,,,,,False,,27193779,"109660, 30630, None, None"
2292256917,wooffie,src: add default value for RSACipherConfig mode field,closed,2025-01-22T13:29:59Z,,2025-01-25T15:36:07Z,"crypto, c++, needs-ci, commit-queue-failed",main,fix-56693,,,,,,,,,False,,27193779,"109660, 30630, None, None"
2292242980,wooffie,src: add nullptr handling from X509_STORE_new(),closed,2025-01-22T13:23:09Z,,2025-01-26T14:02:24Z,"crypto, c++, needs-ci, commit-queue-failed",main,fix-56694,,,,,,,,,False,,27193779,"109660, 30630, None, None"
2292206816,marco-ippolito,v20.18.3 proposal,closed,2025-01-22T13:05:26Z,2025-02-10T13:45:19Z,2025-02-10T13:45:19Z,"v8 engine, needs-ci, needs-citgm, release, v20.x",v20.x,v20.18.3-proposal,,,,,,,,,False,,27193779,"109660, 30630, None, None"
2292158078,zcbenz,deps: macro ENODATA is deprecated in libc++,closed,2025-01-22T12:41:38Z,2025-01-26T22:12:33Z,2025-01-26T22:12:33Z,"libuv, needs-ci",main,fix-uv-gn,,,,,,,,,False,,27193779,"109660, 30630, None, None"
2292031657,yamachu,src: fix generation of path objects in Windows,closed,2025-01-22T11:36:15Z,,2025-01-25T07:34:43Z,"c++, needs-ci, commit-queue-failed, commit-queue-rebase",main,fix-windows-path-string,,,,,,,,,False,,27193779,"109660, 30630, None, None"
2292029197,aduh95,tools: do not throw on missing `create-release-proposal.sh`,closed,2025-01-22T11:34:57Z,2025-01-22T12:54:31Z,2025-01-22T12:54:32Z,"meta, fast-track, author ready",main,fix-create-release-proposal,,,,,,,,,False,,27193779,"109660, 30630, None, None"
2291175585,Trott,test: enforce strict mode in test-zlib-const,closed,2025-01-22T02:01:00Z,2025-01-24T04:38:49Z,2025-01-24T04:38:49Z,"test, author ready, needs-ci",main,sloppy,,,,,,,,,False,,27193779,"109660, 30630, None, None"
2290737011,RafaelGSS,test: use --permission instead of --experimental-permission,closed,2025-01-21T19:55:45Z,2025-01-22T15:09:01Z,2025-01-22T15:09:01Z,"test, fast-track, needs-ci",main,fix-sec-release-tests,,,,,,,,,False,,27193779,"109660, 30630, None, None"
2290682786,lemire,tools: fix tools-deps-update,closed,2025-01-21T19:20:33Z,2025-01-23T19:24:39Z,2025-01-23T19:24:39Z,"meta, author ready, commit-queue-squash",main,update-patch-peter-evans,,,,,,,,,False,,27193779,"109660, 30630, None, None"
2290678858,ishon19,doc: fix inconsistencies in `WeakSet` and `WeakMap` comparison details,closed,2025-01-21T19:17:48Z,2025-01-23T19:24:28Z,2025-01-23T19:24:28Z,"assert, doc, author ready",main,56640-fix-missing-doc-changes,,,,,,,,,False,,27193779,"109660, 30630, None, None"
2290656084,RafaelGSS,doc: add RafaelGSS as latest sec release stewards,closed,2025-01-21T19:03:02Z,2025-01-23T19:05:11Z,2025-01-23T19:05:11Z,"doc, author ready",main,add-rafaelgss-stewards,,,,,,,,,False,,27193779,"109660, 30630, None, None"
2290353054,qwerzl,http: return `Content-Length` header for `HEAD`s,open,2025-01-21T16:08:25Z,,,"http, needs-ci, needs-citgm",main,fix/head-content-length,,,,,,,,,False,,27193779,"109660, 30630, None, None"
2290040372,DebapamP, 3Update README.md,closed,2025-01-21T13:45:46Z,,2025-01-21T13:46:46Z,doc,main,main,,,,,,,,,False,,27193779,"109660, 30630, None, None"
2290000244,yamachu,Win CI,closed,2025-01-21T13:28:18Z,,2025-01-21T13:28:33Z,"c++, meta, needs-ci",main,with-win-ci,,,,,,,,,False,,27193779,"109660, 30630, None, None"
2289158812,nektro,test: test-crypto-prime.js doesn't use internals anymore,closed,2025-01-21T07:36:55Z,2025-01-29T20:23:02Z,2025-01-29T20:23:02Z,"test, author ready, needs-ci",main,patch-2,,,,,,,,,False,,27193779,"109660, 30630, None, None"
2288954506,nektro,test: test-crypto-scrypt.js doesn't need internals,closed,2025-01-21T04:56:20Z,2025-01-31T02:07:19Z,2025-01-31T02:07:19Z,"test, needs-ci",main,patch-1,,,,,,,,,False,,27193779,"109660, 30630, None, None"
2288723228,dario-piotrowicz,improve the structure of the `test-event-emitter-num-args` file and use the node test runner,closed,2025-01-20T23:57:06Z,,2025-01-22T18:36:40Z,"test, needs-ci",main,dario/test-event-emitter-num-args-refactor,,,,,,,,,False,,27193779,"109660, 30630, None, None"
2288424160,ljharb,util: inspect: avoid a crash on a DataView with a detached buffer,open,2025-01-20T18:47:55Z,,,"util, needs-ci",main,detached-data-view,,,,,,,,,False,,27193779,"109660, 30630, None, None"
2286524283,cjihrig,"test_runner: remove Promise return values from test(), suite(), and t.test()",closed,2025-01-20T02:12:01Z,,2025-01-31T20:56:37Z,"semver-major, author ready, commit-queue-rebase, test_runner",main,subtest-wait,,,,,,,,,False,,27193779,"109660, 30630, None, None"
2286501484,lemire,deps: update simdjson to 3.11.6,closed,2025-01-20T01:43:11Z,,2025-02-09T11:42:23Z,"needs-ci, dependencies",main,lemire/tools-update-simdjson,,,,,,,,,False,,27193779,"109660, 30630, None, None"
2286413287,pmarchini,test_runner: print failing assertion only once with spec reporter,closed,2025-01-19T23:10:43Z,,2025-01-24T16:23:47Z,"author ready, needs-ci, dont-land-on-v18.x, test_runner, dont-land-on-v20.x",main,issue/56316,,,,,,,MoLow,,False,,27193779,"109660, 30630, None, None"
2286405956,aduh95,test: fix localization data for ICU 74.2,closed,2025-01-19T22:46:50Z,2025-01-23T22:14:10Z,2025-01-23T22:14:10Z,"test, author ready, needs-ci",main,icu-74.2-test-data,,,,,,,,,False,,27193779,"109660, 30630, None, None"
2286293029,dario-piotrowicz,doc: clarify cjs and esm scheduling difference between `queueMicrotask()` and `process.nextTick()`,closed,2025-01-19T17:12:24Z,2025-01-21T17:16:17Z,2025-01-21T17:16:17Z,"doc, process, author ready",main,dario/45048/process-next-tick-example,,,,,,,,,False,,27193779,"109660, 30630, None, None"
2286260763,jasnell,src: replace NoArrayBufferZeroFillScope with v8 option,closed,2025-01-19T15:45:03Z,,2025-01-23T23:02:23Z,"c++, lib / src, author ready, needs-ci, backport-requested-v22.x",main,use-v8-option-for-no-zero-fill,,,,,,,aduh95,,False,,27193779,"109660, 30630, None, None"
2286100391,yamachu,Fixed an issue that caused a segmentation fault when resolving a module in certain environments,closed,2025-01-19T08:25:04Z,,2025-01-23T10:04:07Z,"c++, needs-ci",main,resolve-path-by-using-u8string,,,,,,,,,False,,27193779,"109660, 30630, None, None"
2285945208,nodejs-github-bot,deps: update zlib to 1.3.0.1-motley-788cb3c,closed,2025-01-19T00:33:01Z,2025-02-09T12:44:13Z,2025-02-09T12:44:13Z,"zlib, lib / src, author ready, needs-ci, dependencies",main,actions/tools-update-zlib,,,,,,,,,False,,27193779,"109660, 30630, None, None"
2285945207,nodejs-github-bot,deps: update sqlite to 3.49.0,closed,2025-01-19T00:33:01Z,2025-02-09T09:55:19Z,2025-02-09T09:55:19Z,"needs-ci, dependencies, sqlite",main,actions/tools-update-sqlite,,,,,,,,,False,,27193779,"109660, 30630, None, None"
2285920376,jasnell,src: move more crypto to ncrypto,closed,2025-01-18T23:45:40Z,,2025-01-26T13:48:19Z,"lib / src, author ready, needs-ci, backport-requested-v22.x",main,jasnell/ncrypto-big-push,,,,,,,,,False,,27193779,"109660, 30630, None, None"
2285234265,legendecas,inspector: roll inspector_protocol to match v8's,closed,2025-01-17T23:57:45Z,,2025-01-26T23:20:12Z,"inspector, needs-ci, dependencies, commit-queue-rebase",main,inspector/roll-protocol,,,,,,,,,False,,27193779,"109660, 30630, None, None"
2285018523,ishon19,doc: `WeakSet` and `WeakMap` comparison details,closed,2025-01-17T20:38:39Z,2025-01-20T20:18:21Z,2025-01-20T20:18:21Z,"assert, doc, commit-queue-squash",main,56640-outdated-comparison-weakset-and-weakmap,,,,,,,,,False,,27193779,"109660, 30630, None, None"
2284979468,mhdawson,build: add build option suppress_all_error_on_warn,closed,2025-01-17T20:05:44Z,,2025-01-28T19:02:53Z,"build, needs-ci, commit-queue-squash",main,allow-werror-opt-out,,,,,,,,,False,,27193779,"109660, 30630, None, None"
2284870554,aduh95,module: use more defensive code when handling SWC errors,closed,2025-01-17T18:38:58Z,2025-01-23T15:17:32Z,2025-01-23T15:17:32Z,"module, author ready, needs-ci, backport-open-v22.x, strip-types",main,swc-error-handling,,,,,,,,,False,,27193779,"109660, 30630, None, None"
2284588524,JonasBa,watch: reload env file for --env-file-if-exists,closed,2025-01-17T15:45:35Z,2025-01-25T22:02:54Z,2025-01-25T22:02:54Z,"author ready, needs-ci",main,jb/watch/env-exists,,,,,,,,,False,,27193779,"109660, 30630, None, None"
2284541984,JonasBa,test: add missing test for env file,closed,2025-01-17T15:19:36Z,2025-01-24T16:22:55Z,2025-01-24T16:22:55Z,"test, author ready, needs-ci",main,jb/dotenv/flag-prefix-match,,,,,,,,,False,,27193779,"109660, 30630, None, None"
2284150995,legendecas,lib: allow skipping source maps in node_modules,closed,2025-01-17T11:45:20Z,2025-01-23T22:44:10Z,2025-01-23T22:44:10Z,source maps,main,source-maps/node_modules,,,,,,,,,False,,27193779,"109660, 30630, None, None"
2283947866,himan-10,add new list,closed,2025-01-17T10:13:09Z,,2025-01-17T11:05:15Z,invalid,v0.8.16-release,main,,,,,,,,,False,,27193779,"109660, 30630, None, None"
2282435667,cjihrig,punycode: limit deprecation warning,closed,2025-01-16T17:57:06Z,2025-01-18T18:01:55Z,2025-01-18T18:01:55Z,"author ready, needs-ci, commit-queue-squash, dont-land-on-v18.x, dont-land-on-v20.x",main,warning,,,,,,,,,False,,27193779,"109660, 30630, None, None"
2282389383,pmarchini,[v22.x backport] lib: ensure FORCE_COLOR forces color output in non-TTY environments,closed,2025-01-16T17:29:17Z,2025-02-03T12:12:33Z,2025-02-03T12:12:34Z,"util, needs-ci, v22.x",v22.x-staging,backport/v22.x-force-color,,,,,,,ruyadorno,,False,,27193779,"109660, 30630, None, None"
2282343543,mcollina,workers: refactor stdio to improve performance,closed,2025-01-16T17:03:32Z,2025-01-23T08:36:53Z,2025-01-23T08:36:53Z,"author ready, worker, needs-ci",main,worker_stdio_refactor,,,,,,,"jasnell, addaleax",,False,,27193779,"109660, 30630, None, None"
2282313873,joyeecheung,module: integrate TypeScript into compile cache,closed,2025-01-16T16:48:28Z,2025-01-25T02:30:27Z,2025-01-25T02:30:27Z,"c++, module, author ready, needs-ci, commit-queue-squash, backport-requested-v22.x",main,ts-cache,,,,,,,,,False,,27193779,"109660, 30630, None, None"
2282110518,mertcanaltin,module: add dynamic file-specific ESM warnings,open,2025-01-16T15:11:47Z,,,"c++, module, vm, esm, needs-ci, review wanted, commit-queue-squash",main,mert/improve-esm-warning,,,,,,,"joyeecheung, legendecas, aduh95, marco-ippolito",,False,,27193779,"109660, 30630, None, None"
2281758045,Alisuleman2003,Update README.md,closed,2025-01-16T12:48:53Z,,2025-01-16T13:56:14Z,"invalid, doc",main,main,,,,,,,,,False,,27193779,"109660, 30630, None, None"
2281390873,jazelly,child_process: check array readability in spawn,open,2025-01-16T10:03:30Z,,,"child_process, needs-ci, request-ci-failed",main,fix-56531,,,,,,,,,True,,27193779,"109660, 30630, None, None"
2281311317,nodejs-github-bot,deps: update undici to 7.3.0,closed,2025-01-16T09:29:39Z,2025-02-05T09:08:28Z,2025-02-05T09:08:28Z,"lib / src, author ready, needs-ci, dependencies, dont-land-on-v18.x, dont-land-on-v20.x, dont-land-on-v22.x, dont-land-on-v23.x",main,actions/tools-update-undici,,,,,,,,,False,,27193779,"109660, 30630, None, None"
2280614085,nektro,test: test-stream-compose.js doesn't need internals,closed,2025-01-16T00:58:59Z,2025-01-19T16:56:09Z,2025-01-19T16:56:09Z,"test, author ready",main,patch-1,,,,,,,,,False,,27193779,"109660, 30630, None, None"
2280342575,wongprom,Fixes: #56518 - Warning Message for .cjs Files Using import Statements,open,2025-01-15T22:32:44Z,,,"c++, vm, needs-ci",main,error_message_using_import_in_CJS_file_#56518,,,,,,,,,False,,27193779,"109660, 30630, None, None"
2280240168,RafaelGSS,doc: mention prepare --security,closed,2025-01-15T21:45:12Z,2025-01-17T21:50:56Z,2025-01-17T21:50:56Z,doc,main,mention-security-release-automation,,,,,,,,,False,,27193779,"109660, 30630, None, None"
2279875307,nodejs-github-bot,deps: update libuv to 1.50.0,closed,2025-01-15T18:51:08Z,2025-01-17T18:54:52Z,2025-01-17T18:54:52Z,"libuv, author ready, needs-ci, dependencies, backport-requested-v22.x",main,actions/tools-update-libuv,,,,,,,,,False,,27193779,"109660, 30630, None, None"
2279768316,mhdawson,crypto: add missing return value check,closed,2025-01-15T17:52:42Z,2025-01-17T17:58:48Z,2025-01-17T17:58:48Z,"crypto, c++, needs-ci",main,fix-unused,,,,,,,,,False,,27193779,"109660, 30630, None, None"
2279611723,aduh95,tools: fix permissions in `lint-release-proposal` workflow,closed,2025-01-15T16:31:42Z,2025-01-17T16:43:26Z,2025-01-17T16:43:26Z,"meta, author ready",main,fix-lint-permissions,,,,,,,,,False,,27193779,"109660, 30630, None, None"
2279164258,targos,src: initialize FSReqWrapSync in path that uses it,closed,2025-01-15T13:07:08Z,2025-01-19T16:47:50Z,2025-01-19T16:47:51Z,"c++, fs, needs-ci",main,coverity_node_file,,,,,,,,,False,,27193779,"109660, 30630, None, None"
2279151100,jasnell,deps: fixup some minor coverity warnings,closed,2025-01-15T13:01:10Z,2025-01-19T16:55:54Z,2025-01-19T16:55:54Z,"needs-ci, dependencies",main,jasnell/ncrypto-coverity-fixups,,,,,,,,,False,,27193779,"109660, 30630, None, None"
2279049962,marco-ippolito,module: add ERR_UNSUPPORTED_TYPESCRIPT_SYNTAX,closed,2025-01-15T12:22:14Z,2025-01-17T12:42:50Z,2025-01-17T12:42:50Z,"module, semver-minor, process, errors, author ready, needs-ci, commit-queue-squash, backport-open-v22.x, strip-types",main,update-error-to-syntax-error,,,,,,,,,False,,27193779,"109660, 30630, None, None"
2278920625,yahyokhoja,Actions/update wpt web crypto api,closed,2025-01-15T11:26:54Z,,2025-01-15T11:36:02Z,"test, needs-ci",main,actions/update-wpt-WebCryptoAPI,,,,,,,,,False,,27193779,"109660, 30630, None, None"
2278798766,pmarchini,test_runner: remove unused errors,closed,2025-01-15T10:26:28Z,2025-01-17T10:34:56Z,2025-01-17T10:34:56Z,"errors, author ready, needs-ci, test_runner",main,test_runner/remove-unsued-tap-errors,,,,,,,,,False,,27193779,"109660, 30630, None, None"
2278724964,huseyinacacak-janea,"win,build: add option to enable cfg",open,2025-01-15T09:50:33Z,,,"windows, build, needs-ci",main,huseyin-10270-enable-cfg,,,,,,,,,False,,27193779,"109660, 30630, None, None"
2277919997,mhdawson,Expose security levels,closed,2025-01-14T22:49:20Z,,2025-01-28T19:01:40Z,"crypto, c++, needs-ci",main,expose_security_levels,,,,,,,,,False,,27193779,"109660, 30630, None, None"
2277606118,geeksilva97,sqlite: add aggregate function,open,2025-01-14T19:05:19Z,,,"c++, needs-ci, sqlite",main,sqlite-aggregate-function,,,,,,,,,True,,27193779,"109660, 30630, None, None"
2277162589,timja,feat: added support for reading certificates from macOS system store,closed,2025-01-14T16:03:07Z,2025-01-28T15:54:50Z,2025-01-28T15:54:50Z,"c++, semver-minor, lib / src, needs-ci",main,macos-system-ca-support,,,,,,,addaleax,,False,,27193779,"109660, 30630, None, None"
2277123475,marco-ippolito,doc: add type stripping to ambassadors program,closed,2025-01-14T15:48:04Z,2025-01-16T17:26:55Z,2025-01-16T17:26:55Z,"doc, author ready, commit-queue-squash",main,add-ts-to-ambassadors,,,,,,,,,False,,27193779,"109660, 30630, None, None"
2275757079,cjihrig,test_runner: add TestContext.prototype.waitFor(),closed,2025-01-14T02:23:17Z,2025-01-16T02:32:37Z,2025-01-16T02:32:37Z,"semver-minor, author ready, commit-queue-squash, test_runner",main,waits-for,,,,,,,,,False,,27193779,"109660, 30630, None, None"
2275072090,mhdawson,doc: move anatoli to emeritus,closed,2025-01-13T20:23:47Z,2025-01-27T20:32:02Z,2025-01-27T20:32:02Z,doc,main,anatoli-emeritus,,,,,,,,,False,,27193779,"109660, 30630, None, None"
2275028044,RafaelGSS,src: handle duplicate paths granted,closed,2025-01-13T20:07:24Z,2025-01-16T14:53:39Z,2025-01-16T14:53:39Z,"c++, needs-ci, permission",main,fix-pm-crash-on-duplicate-path,,,,,,,,,False,,27193779,"109660, 30630, None, None"
2274653020,joyeecheung,[v20.x backport] src: move package_json_reader cache to c++ ,closed,2025-01-13T18:12:08Z,,2025-01-24T23:33:01Z,"lib / src, needs-ci, v20.x",v20.x-staging,backport-json-reader,,,,,,,,,False,,27193779,"109660, 30630, None, None"
2274603830,mhdawson,doc: tweak info on reposts in ambassador program,closed,2025-01-13T17:58:29Z,2025-01-16T22:44:07Z,2025-01-16T22:44:07Z,doc,main,bluesky-advocacy,,,,,,,,,False,,27193779,"109660, 30630, None, None"
2274554264,RafaelGSS,test: add line break at end of file,closed,2025-01-13T17:40:46Z,2025-01-16T14:54:48Z,2025-01-16T14:54:48Z,"test, author ready, needs-ci",main,follow-up-56441,,,,,,,,,False,,27193779,"109660, 30630, None, None"
2274430015,omkoli77,Update README.md om koli,closed,2025-01-13T16:54:28Z,,2025-01-13T16:57:32Z,doc,main,main,,,,,,,,,False,,27193779,"109660, 30630, None, None"
2273854823,legendecas,src: add BaseObjectPtr nullptr operations,open,2025-01-13T13:36:50Z,,,"c++, lib / src, needs-ci",main,base-object-ptr-nullptr,,,,,,,,,False,,27193779,"109660, 30630, None, None"
2273820582,legendecas,util: rename CallSite.column to columnNumber,closed,2025-01-13T13:20:14Z,2025-01-15T13:28:53Z,2025-01-15T13:28:53Z,"util, c++, needs-ci",main,util/callsites-column-number,,,,,,,,,False,,27193779,"109660, 30630, None, None"
2273724350,joyeecheung,test: mark test-worker-prof as flaky on smartos,closed,2025-01-13T12:33:08Z,2025-01-15T12:48:42Z,2025-01-15T12:48:42Z,"test, needs-ci",main,flaky-worker-prof,,,,,,,,,False,,27193779,"109660, 30630, None, None"
2273420017,omkoli77,Update README.md omkoli,closed,2025-01-13T09:57:15Z,,2025-01-13T09:58:37Z,doc,main,main,,,,,,,,,False,,27193779,"109660, 30630, None, None"
2272936935,nodejs-github-bot,meta: move one or more collaborators to emeritus,closed,2025-01-13T04:11:41Z,2025-01-27T22:15:54Z,2025-01-27T22:15:54Z,"doc, meta, author ready",main,actions/inactive-collaborators,,,,,,,,,False,,27193779,"109660, 30630, None, None"
2272844700,nbbeeken,buffer: make methods work on Uint8Array instances,open,2025-01-13T02:23:26Z,,,"buffer, needs-ci, needs-benchmark-ci",main,buffer-generic-methods,,,,,,,addaleax,,False,,27193779,"109660, 30630, None, None"
2272742336,jasnell,src: some general c++ cleanups,closed,2025-01-12T23:29:14Z,,2025-01-14T20:35:12Z,"c++, lib / src, needs-ci",main,jasnell/node_process_methods_cleanup,,,,,,,"joyeecheung, legendecas",,False,,27193779,"109660, 30630, None, None"
2272695364,ljharb,util: inspect: do not crash on an Error with a regex `name`,closed,2025-01-12T21:16:17Z,2025-01-15T19:27:22Z,2025-01-15T19:27:23Z,"util, author ready",main,inspect-regex-error-stack,,,,,,,,,False,,27193779,"109660, 30630, None, None"
2272692102,ljharb,util: inspect: do not crash on an Error stack that contains a Symbol,closed,2025-01-12T21:06:20Z,,2025-01-24T16:05:42Z,"util, author ready",main,inspect-symbol-error-stack,,,,,,,,,False,,27193779,"109660, 30630, None, None"
2272688519,ljharb,util: inspect: do not crash on Symbol function names,closed,2025-01-12T20:55:38Z,2025-01-15T00:16:48Z,2025-01-15T00:16:49Z,"util, author ready",main,inspect-symbol-fn-names,,,,,,,,,False,,27193779,"109660, 30630, None, None"
2272608748,aduh95,[v22.x backport] process: add `process.ref()` and `process.unref()` methods,closed,2025-01-12T17:03:04Z,2025-02-04T09:16:04Z,2025-02-04T09:16:04Z,"process, lib / src, needs-ci, v22.x",v22.x-staging,backport-unref-ref,,,,,,,,,False,,27193779,"109660, 30630, None, None"
2272314083,nodejs-github-bot,deps: update undici to 7.2.1,closed,2025-01-12T00:35:35Z,2025-01-14T00:56:47Z,2025-01-14T00:56:47Z,"lib / src, author ready, needs-ci, dependencies, dont-land-on-v18.x, dont-land-on-v20.x, dont-land-on-v22.x, dont-land-on-v23.x",main,actions/tools-update-undici,,,,,,,,,False,,27193779,"109660, 30630, None, None"
2272313893,nodejs-github-bot,deps: update amaro to 0.3.0,closed,2025-01-12T00:34:50Z,,2025-01-15T10:03:08Z,"c++, author ready, needs-ci, dependencies, commit-queue-rebase, backported-to-v22.x, strip-types",main,actions/tools-update-amaro,,,,,,,,,False,,27193779,"109660, 30630, None, None"
2272313847,nodejs-github-bot,deps: update simdutf to 6.0.3,closed,2025-01-12T00:34:40Z,2025-01-14T00:56:11Z,2025-01-14T00:56:11Z,"author ready, needs-ci, dependencies",main,actions/tools-update-simdutf,,,,,,,,,False,,27193779,"109660, 30630, None, None"
2272313831,nodejs-github-bot,crypto: update root-certificates to 3.107,closed,2025-01-12T00:34:36Z,2025-01-14T00:55:57Z,2025-01-14T00:55:57Z,"crypto, c++, lib / src, notable-change, author ready, lts-watch-v20.x",main,actions/tools-update-root-certificates,,,,,,,,,False,,27193779,"109660, 30630, None, None"
2272313829,nodejs-github-bot,deps: update zlib to 1.3.0.1-motley-b763971,closed,2025-01-12T00:34:35Z,,2025-01-13T20:02:27Z,"c++, zlib, needs-ci, dependencies",main,actions/tools-update-zlib,,,,,,,,,False,,27193779,"109660, 30630, None, None"
2272267621,jasnell,quic: fixup errant LocalVector usage,closed,2025-01-11T21:18:46Z,,2025-01-14T21:28:41Z,"c++, author ready, needs-ci, quic",main,jasnell/fixup-errant-localvector,,,,,,,addaleax,,False,,27193779,"109660, 30630, None, None"
2272267473,tniessen,doc: fix parentheses in options,closed,2025-01-11T21:18:08Z,2025-01-12T17:58:56Z,2025-01-12T17:58:56Z,"child_process, doc, fast-track",main,doc-child-process-parenthesis,,,,,,,,,False,,27193779,"109660, 30630, None, None"
2272260033,cjihrig,test: update test-child-process-bad-stdio to use node:test,closed,2025-01-11T20:49:16Z,2025-01-13T20:51:55Z,2025-01-13T20:51:55Z,"test, author ready",main,cp-test,,,,,,,,,False,,27193779,"109660, 30630, None, None"
2272098024,MattiasBuelens,stream: fix typo in `ReadableStreamBYOBReader.readIntoRequests`,closed,2025-01-11T15:07:56Z,2025-01-13T15:11:47Z,2025-01-13T15:11:47Z,"author ready, web streams",main,webstreams-fix-typo,,,,,,,,,False,,27193779,"109660, 30630, None, None"
2272037831,santigimeno,crypto: fix checkPrime crash with large buffers,closed,2025-01-11T13:21:11Z,,2025-01-13T22:54:37Z,"crypto, c++, needs-ci",main,santi/fix_crypt,,,,,,,,,False,,27193779,"109660, 30630, None, None"
2271269370,RafaelGSS,benchmark: add validateStream to styleText bench,closed,2025-01-10T20:05:41Z,2025-01-12T20:16:40Z,2025-01-12T20:16:40Z,"util, benchmark",main,add-validateStream-bench,,,,,,,,,False,,27193779,"109660, 30630, None, None"
2271115779,puskin94,assert: improve partialDeepStrictEqual performance and add benchmark,open,2025-01-10T18:50:50Z,,,"assert, needs-ci",main,partial-deep-strict-equal-perf,,,,,,,,,False,,27193779,"109660, 30630, None, None"
2271085100,joyeecheung,tls: fix error stack conversion in cryptoErrorListToException(),closed,2025-01-10T18:34:55Z,2025-01-12T20:53:04Z,2025-01-12T20:53:04Z,"crypto, c++",main,fix-error-list,,,,,,,,,False,,27193779,"109660, 30630, None, None"
2271028075,KunalKumar-1,doc: update gcc-version and build for Ubuntu 22.04.5 LTS,closed,2025-01-10T18:05:49Z,2025-01-12T18:09:50Z,2025-01-12T18:09:50Z,"doc, build, author ready, review wanted, commit-queue-squash",main,ubuntu-gcc-12-version,,,,,,,,,False,,27193779,"109660, 30630, None, None"
2270673469,aduh95,process: remove support for undocumented symbol,closed,2025-01-10T14:59:33Z,2025-01-12T15:05:44Z,2025-01-12T15:05:44Z,"process, author ready, needs-ci, backport-open-v22.x, dont-land-on-v23.x",main,remove-node-un-ref-symbol,,,,,,,,,False,,27193779,"109660, 30630, None, None"
2270667315,legendecas,util: expose CallSite.scriptId,closed,2025-01-10T14:56:06Z,2025-01-13T12:30:19Z,2025-01-13T12:30:19Z,"util, c++, needs-ci",main,util/callsites-scriptid,,,,,,,,,False,,27193779,"109660, 30630, None, None"
2270362066,aduh95,fs: only show deprecation warning when error code matches,open,2025-01-10T12:09:36Z,,,"fs, needs-ci, dont-land-on-v18.x, dont-land-on-v20.x, dont-land-on-v22.x, dont-land-on-v23.x",main,fs-existsSync-deprecation-warning,,,,,,,,,False,,27193779,"109660, 30630, None, None"
2270305863,metcoder95,feat: mark MIMEType as stable,open,2025-01-10T11:37:58Z,,,"util, doc",main,feat/mime_stable,,,,,,,,,False,,27193779,"109660, 30630, None, None"
2269643713,cjihrig,sqlite: disable memstatus APIs at build time,closed,2025-01-10T03:57:07Z,2025-01-12T04:08:05Z,2025-01-12T04:08:05Z,"author ready, dependencies, sqlite",main,memstatus,,,,,,,,,False,,27193779,"109660, 30630, None, None"
2269354650,aduh95,tools: small edits to `create-release-proposal` workflow,closed,2025-01-09T22:46:37Z,2025-01-11T22:55:08Z,2025-01-11T22:55:08Z,"meta, tools, author ready",main,create-release-proposal,,,,,,,,,False,,27193779,"109660, 30630, None, None"
2269277554,RafaelGSS,doc: add section about using npx with permission model,closed,2025-01-09T21:49:15Z,2025-01-13T09:49:45Z,2025-01-13T09:49:45Z,"doc, author ready",main,mention-npx-node-options,,,,,,,,,False,,27193779,"109660, 30630, None, None"
2268976571,RafaelGSS,tools: replace pull_request_target to pull_request,closed,2025-01-09T18:08:14Z,,2025-02-03T18:48:34Z,meta,main,no-pull-request-target,,,,,,,,,False,,27193779,"109660, 30630, None, None"
2268843929,joyeecheung,src: track cppgc wrappers with CppgcWrapperList in Environment,open,2025-01-09T16:56:38Z,,,"c++, needs-ci",main,cppgc-list,,,,,,,,,False,,27193779,"109660, 30630, None, None"
2267806649,islandryu,http2: omit server name when HTTP2 host is IP address,closed,2025-01-09T08:41:18Z,,2025-01-20T14:59:35Z,"http2, needs-ci, commit-queue-failed, commit-queue-squash",main,fix/http2,,,,,,,,,False,,27193779,"109660, 30630, None, None"
2267777446,lpinca,"test: use spawnSyncAndExit{,WithoutError}()",closed,2025-01-09T08:24:26Z,,2025-01-10T12:45:12Z,"test, needs-ci",main,improve/test-macos-app-sandbox,,,,,,,,,False,,27193779,"109660, 30630, None, None"
2267372905,zcbenz,crypto: fix warning of ignoring return value,closed,2025-01-09T02:22:51Z,2025-01-11T14:55:31Z,2025-01-11T14:55:31Z,"author ready, needs-ci, dependencies",main,fix-ncrypto-gn,,,,,,,,,False,,27193779,"109660, 30630, None, None"
2267339015,jasnell,src: cleaning up more crypto internals for ncrypto,closed,2025-01-09T01:14:02Z,,2025-01-14T23:54:43Z,"lib / src, author ready, commit-queue-rebase",main,jasnell/moar-ncrypto-cleanup,,,,,,,tniessen,,False,,27193779,"109660, 30630, None, None"
2267254834,cjihrig,doc: fix location of NO_COLOR in CLI docs,closed,2025-01-08T23:58:18Z,2025-01-11T00:03:08Z,2025-01-11T00:03:08Z,"doc, cli, author ready",main,cli-docs,,,,,,,,,False,,27193779,"109660, 30630, None, None"
2267160508,RafaelGSS,test: clarify fork inherit permission flags,closed,2025-01-08T22:21:49Z,2025-01-11T21:11:17Z,2025-01-11T21:11:17Z,"test, author ready, permission",main,fork-usage-pm,,,,,,,,,False,,27193779,"109660, 30630, None, None"
2266713716,joyeecheung,src: integrate ContextifyContext to cppgc,closed,2025-01-08T17:43:58Z,,2025-01-17T13:50:32Z,"c++, lib / src, needs-ci, commit-queue-rebase, backport-requested-v22.x",main,contextify-cppgc,,,,,,,,,False,,27193779,"109660, 30630, None, None"
2266640352,RafaelGSS,meta: add codeowners of security release document,closed,2025-01-08T17:00:22Z,2025-01-15T03:04:53Z,2025-01-15T03:04:54Z,meta,main,add-sec-release-codeowners,,,,,,,,,False,,27193779,"109660, 30630, None, None"
2266635769,RafaelGSS,doc: include CVE to EOL lines as sec release process,closed,2025-01-08T16:57:43Z,2025-01-10T17:02:12Z,2025-01-10T17:02:12Z,doc,main,mention-issue-cve-eol-lines,,,,,,,,,False,,27193779,"109660, 30630, None, None"
2265717366,aduh95,process: fix symbol name and mark experimental new process methods,closed,2025-01-08T09:44:48Z,2025-01-10T14:40:28Z,2025-01-10T14:40:28Z,"process, author ready, needs-ci, backport-open-v22.x",main,experimental-process-ref-and-unref,,,,,,,,,False,,27193779,"109660, 30630, None, None"
2264936728,mfdebian,doc: add esm examples to `node:trace_events`,closed,2025-01-08T00:57:42Z,2025-01-10T01:33:57Z,2025-01-10T01:33:57Z,"doc, author ready",main,docs-trace_events-esm,,,,,,,,,False,,27193779,"109660, 30630, None, None"
2264917874,VerteDinde,chore: reserve NMV 133 for Electron 35,closed,2025-01-08T00:32:51Z,2025-01-10T00:47:44Z,2025-01-10T00:47:44Z,"doc, author ready, dont-land-on-v18.x, dont-land-on-v20.x, dont-land-on-v22.x",main,patch-5,,,,,,,,,False,,27193779,"109660, 30630, None, None"
2264655402,aduh95,doc: fix faulty YAML metadata,closed,2025-01-07T20:40:04Z,2025-01-07T22:17:58Z,2025-01-07T22:17:58Z,"doc, fast-track, author ready, dont-land-on-v18.x, dont-land-on-v20.x, dont-land-on-v22.x, dont-land-on-v23.x",main,fix-linter,,,,,,,ruyadorno,,False,,27193779,"109660, 30630, None, None"
2264617340,aduh95,tools: update `NOTABLE_CHANGE_MESSAGE`,open,2025-01-07T20:12:39Z,,,"meta, blocked",main,NOTABLE_CHANGE_MESSAGE,,,,,,,,,False,,27193779,"109660, 30630, None, None"
2264600241,aduh95,doc: document CLI way to open the nodejs/bluesky PR,closed,2025-01-07T20:00:24Z,2025-01-13T21:39:25Z,2025-01-13T21:39:25Z,"doc, author ready",main,bluesky-pr-workflow,,,,,,,,,False,,27193779,"109660, 30630, None, None"
2264323152,joyeecheung,doc: improve internal documentation on built-in snapshot,closed,2025-01-07T16:56:58Z,2025-01-15T16:39:03Z,2025-01-15T16:39:03Z,"doc, lib / src",main,builtin-snapshot-doc,,,,,,,,,False,,27193779,"109660, 30630, None, None"
2264129952,joyeecheung,test: mark test-http-server-request-timeouts-mixed as flaky,closed,2025-01-07T15:21:59Z,2025-01-09T15:31:01Z,2025-01-09T15:31:01Z,"test, author ready, needs-ci",main,flaky-http-timeout,,,,,,,,,False,,27193779,"109660, 30630, None, None"
2263968870,legendecas,src: fix undefined script name in error source,closed,2025-01-07T14:00:56Z,2025-01-09T14:06:31Z,2025-01-09T14:06:31Z,"c++, needs-ci",main,errors/eval-undefined,,,,,,,,,False,,27193779,"109660, 30630, None, None"
2263868122,pacexy,module: fix jsdoc for `format` parameter in cjs/loader,closed,2025-01-07T13:08:06Z,2025-01-15T10:25:47Z,2025-01-15T10:25:47Z,"module, author ready, typings, commit-queue-squash",main,fix-jsdoc,,,,,,,,,False,,27193779,"109660, 30630, None, None"
2263831464,JakobJingleheimer,tools: enable type checking within the `internal/modules` directory,open,2025-01-07T12:49:29Z,,,"module, needs-ci, loaders-agenda",main,test/enable-type-check-within-modules,,,,,,,,,True,,27193779,"109660, 30630, None, None"
2263764637,JakobJingleheimer,esm: fix jsdoc type refs to `ModuleJobBase` in esm/loader,closed,2025-01-07T12:13:13Z,2025-01-10T13:44:44Z,2025-01-10T13:44:44Z,"esm, author ready, typings",main,esm/fix-jsdoc-getModuleJobForImport,,,,,,,,,False,,27193779,"109660, 30630, None, None"
2263142500,ShogunPanda,process: add execve,open,2025-01-07T06:26:52Z,,,"c++, process, lib / src, needs-ci",main,replace-process,,,,,,,,,False,,27193779,"109660, 30630, None, None"
2262726116,JakobJingleheimer,[v22.x backport] module: add `findPackageJSON` util,closed,2025-01-06T22:06:19Z,,2025-02-03T10:48:34Z,"lib / src, needs-ci, v22.x",v22.x,22.x/findPackageJSON,,,,,,,ruyadorno,,False,,27193779,"109660, 30630, None, None"
2262661647,aduh95,doc: allow request for TSC reviews via the GitHub UI,closed,2025-01-06T21:12:03Z,2025-01-08T21:17:20Z,2025-01-08T21:17:20Z,"doc, author ready",main,request-tsc-reviews,,,,,,,,,False,,27193779,"109660, 30630, None, None"
2262578014,Ceres6,module: clarify cjs global-like error on ModuleJobSync,open,2025-01-06T20:08:23Z,,,"esm, needs-ci",main,chore/clarify-cjs-global-error,,,,,,,,,False,,27193779,"109660, 30630, None, None"
2262505615,pmarchini,test_runner: add bail out,open,2025-01-06T19:15:47Z,,,"lib / src, needs-ci",main,test_runner/bail-out,,,,,,,"MoLow, marco-ippolito, jakecastelli",,False,,27193779,"109660, 30630, None, None"
2261740609,daeyeon,fs: allow `exclude` option in globs to accept glob patterns,closed,2025-01-06T11:10:44Z,2025-01-08T23:12:27Z,2025-01-08T23:12:27Z,"fs, semver-minor, author ready, needs-ci, commit-queue-squash",main,main.fs-glob-250105.Sun.1af9,,,,,,,,,False,,27193779,"109660, 30630, None, None"
2261646490,legendecas,inspector: add undici http tracking support,closed,2025-01-06T10:11:59Z,2025-01-08T16:56:43Z,2025-01-08T16:56:43Z,"lib / src, inspector, needs-ci",main,inspector/undici-2,,,,,,,,,False,,27193779,"109660, 30630, None, None"
2261544844,ardinugrxha,src: add args validation method,open,2025-01-06T09:11:59Z,,,"c++, net, needs-ci",main,validation-args,,,,,,,"jasnell, jazelly",,False,,27193779,"109660, 30630, None, None"
2260915657,veganaize,doc: fix desc for `NO_COLOR` and `NODE_DISABLE_COLORS` env vars in cli.md,closed,2025-01-05T22:43:42Z,,2025-01-07T21:14:10Z,"doc, cli",main,patch-1,,,,,,,,,False,,27193779,"109660, 30630, None, None"
2260899983,jasnell,src: fixup more ToLocalChecked uses in node_file,closed,2025-01-05T21:50:21Z,,2025-01-07T22:03:36Z,"c++, fs, author ready, commit-queue-failed",main,jasnell/moar-tolocalchecked-fixes,,,,,,,,,False,,27193779,"109660, 30630, None, None"
2260885246,jasnell,src: make some minor ToLocalChecked cleanups,closed,2025-01-05T20:59:12Z,2025-01-07T21:08:55Z,2025-01-07T21:08:55Z,"c++, cares, author ready",main,jasnell/tolocalchecked-cleanups,,,,,,,aduh95,,False,,27193779,"109660, 30630, None, None"
2260880144,jasnell,src: minor cleanups on OneByteString usage,closed,2025-01-05T20:39:03Z,,2025-01-08T14:54:58Z,"c++, lib / src, author ready",main,jasnell/onebytestring-cleanups,,,,,,,,,False,,27193779,"109660, 30630, None, None"
2260817003,stduhpf,tools: fix `vcbuild test` when path contain spaces,open,2025-01-05T16:57:08Z,,,"windows, build, needs-ci, commit-queue-squash",main,vcbuild-test-spaces,,,,,,,,,False,,27193779,"109660, 30630, None, None"
2260795765,pmarchini,test_runner: run single test file benchmark,closed,2025-01-05T15:53:10Z,2025-01-09T11:12:12Z,2025-01-09T11:12:12Z,"benchmark, author ready, test_runner",main,test_runner/run-single-test-file-benchmarks,,,,,,,,,False,,27193779,"109660, 30630, None, None"
2260501895,Awais3555,Create Care good game Drive,closed,2025-01-04T19:23:56Z,,2025-01-04T20:19:10Z,,main,patch-1,,,,,,,,,False,,27193779,"109660, 30630, None, None"
2260439625,lpinca,test: remove flaky test-pipe-file-to-http designation,closed,2025-01-04T15:33:03Z,,2025-01-06T16:15:15Z,"test, needs-ci, dont-land-on-v18.x, dont-land-on-v20.x, dont-land-on-v22.x, dont-land-on-v23.x",main,remove/flaky-test-pipe-file-to-http,,,,,,,,,False,,27193779,"109660, 30630, None, None"
2260437362,lpinca,test: remove test-macos-app-sandbox flaky designation,closed,2025-01-04T15:24:47Z,2025-01-07T16:32:02Z,2025-01-07T16:32:02Z,"test, author ready, dont-land-on-v18.x, dont-land-on-v20.x, dont-land-on-v22.x, dont-land-on-v23.x",main,remove/flaky-test-macos-app-sandbox,,,,,,,,,False,,27193779,"109660, 30630, None, None"
2260434181,lpinca,test: remove test-runner-watch-mode-complex flaky designation,closed,2025-01-04T15:13:48Z,2025-01-06T15:23:38Z,2025-01-06T15:23:38Z,"test, author ready, needs-ci, dont-land-on-v18.x, dont-land-on-v20.x, dont-land-on-v22.x, dont-land-on-v23.x",main,remove/flaky-test-runner-watch-mode-complex,,,,,,,,,False,,27193779,"109660, 30630, None, None"
2260381924,Ceres6,"src,worker: add isInternalWorker",closed,2025-01-04T12:50:17Z,2025-01-14T18:24:30Z,2025-01-14T18:24:30Z,"c++, semver-minor, lib / src, author ready, commit-queue-squash",main,feat/is-internal-worker,,,,,,,,,False,,27193779,"109660, 30630, None, None"
2260338524,Ceres6,tools: remove github reporter,closed,2025-01-04T10:35:29Z,2025-01-14T23:08:40Z,2025-01-14T23:08:40Z,"test, meta, tools, author ready",main,chore/remove-github-reporter,,,,,,,,,False,,27193779,"109660, 30630, None, None"
2260118819,ShogunPanda,process: add threadCpuUsage,open,2025-01-04T06:54:43Z,,,"c++, semver-minor, process, lib / src, needs-ci",main,thread-cpu-usage,,,,,,,joyeecheung,,False,,27193779,"109660, 30630, None, None"
2260105109,Xiao-Tao,tools: fix loong64 build failed,closed,2025-01-04T06:40:31Z,2025-01-07T16:31:45Z,2025-01-07T16:31:45Z,"v8 engine, tools, author ready",main,fix-loong64-build,,,,,,,,,False,,27193779,"109660, 30630, None, None"
2259890844,jasnell,crypto: make generatePrime/checkPrime interruptible,closed,2025-01-03T23:25:57Z,,2025-01-07T22:38:37Z,"crypto, c++, author ready",main,jasnell/crypto-prime-interrupt,,,,,,,,,False,,27193779,"109660, 30630, None, None"
2259767201,cjihrig,test_runner: add t.assert.fileSnapshot(),closed,2025-01-03T20:43:43Z,2025-01-09T21:12:18Z,2025-01-09T21:12:18Z,"semver-minor, author ready, test_runner",main,file-snapshots,,,,,,,,,False,,27193779,"109660, 30630, None, None"
2259677862,jasnell,src: use LocalVector in more places,closed,2025-01-03T19:13:02Z,,2025-01-05T19:55:58Z,"crypto, c++, author ready",main,jasnell/more-localvector,,,,,,,aduh95,,False,,27193779,"109660, 30630, None, None"
2259613558,aduh95,test: skip `test-sqlite-extensions` when it is missing,closed,2025-01-03T18:08:33Z,,2025-01-05T17:06:31Z,"test, needs-ci",main,skip-test-sqlite-extensions,,,,,,,,,False,,27193779,"109660, 30630, None, None"
2259553897,JakobJingleheimer,doc: correct customization hook types & clarify descriptions,closed,2025-01-03T17:13:08Z,2025-01-14T14:24:42Z,2025-01-14T14:24:42Z,"doc, module, baking-for-lts, fast-track, loaders, commit-queue-squash",main,doc/correct-hook-types,,,,,,,,,False,,27193779,"109660, 30630, None, None"
2259473602,anonrig,src: implement whatwg's URLPattern spec,closed,2025-01-03T16:07:05Z,,2025-02-01T02:14:04Z,"c++, semver-minor, lib / src, notable-change, whatwg-url, needs-ci, commit-queue-rebase",main,yagiz/implement-url-pattern,,,,,,,"RafaelGSS, joyeecheung, mcollina, ronag, atlowChemi, lemire",,False,,27193779,"109660, 30630, None, None"
2259315911,targos,src: use non-deprecated `ares_set_servers_csv` API,open,2025-01-03T14:14:19Z,,,"c++, cares, needs-ci",main,cares-set-servers,,,,,,,,,True,,27193779,"109660, 30630, None, None"
2259026667,github-actions[bot],"2025-01-07, Version 23.6.0 (Current)",closed,2025-01-03T10:19:11Z,2025-01-07T17:12:57Z,2025-01-07T17:12:57Z,"release, v23.x",v23.x,v23.6.0-proposal,,,,,,,,,False,,27193779,"109660, 30630, None, None"
2258733695,cjihrig,sqlite: enable SQL math functions,closed,2025-01-03T05:25:12Z,2025-01-05T05:35:54Z,2025-01-05T05:35:54Z,"author ready, dependencies, sqlite",main,sqlite-math,,,,,,,,,False,,27193779,"109660, 30630, None, None"
2258682080,cjihrig,test: update compiled sqlite tests to match other tests,closed,2025-01-03T03:56:52Z,2025-01-05T04:01:22Z,2025-01-05T04:01:22Z,"build, author ready, needs-ci",main,sqlite-tests,,,,,,,,,False,,27193779,"109660, 30630, None, None"
2258555018,jasnell,src: use more LocalVector,closed,2025-01-02T23:38:19Z,,2025-01-03T01:29:29Z,"c++, lib / src, needs-ci",main,jsnell/more-localvector,,,,,,,aduh95,,False,,27193779,"109660, 30630, None, None"
2258474797,jasnell,src: move more crypto impl detail to ncrypto dep,closed,2025-01-02T22:02:57Z,,2025-01-02T22:19:48Z,"lib / src, needs-ci",main,jasnell/even-moar-crypto2,,,,,,,,,True,,27193779,"109660, 30630, None, None"
2258434748,cassiossantos,doc: bump year,closed,2025-01-02T21:19:51Z,,2025-01-02T21:20:55Z,invalid,main,patch-1,,,,,,,,,False,,27193779,"109660, 30630, None, None"
2258408433,gurgunday,vm: enhance cached data handling for empty functions and add validation tests,closed,2025-01-02T20:50:33Z,,2025-01-06T14:17:52Z,"c++, vm, needs-ci",main,fix-issue,,,,,,,,,False,,27193779,"109660, 30630, None, None"
2258395550,RafaelGSS,src: add --disable-sigusr1 to prevent signal i/o thread,closed,2025-01-02T20:36:21Z,2025-01-13T16:51:34Z,2025-01-13T16:51:35Z,"c++, semver-minor, needs-ci, review wanted, commit-queue-squash",main,add-disable-sigusr1-cli,,,,,,,,,False,,27193779,"109660, 30630, None, None"
2258265175,cjihrig,test: update test-set-http-max-http-headers to use node:test,closed,2025-01-02T18:33:55Z,2025-01-04T18:41:05Z,2025-01-04T18:41:05Z,"test, author ready",main,max-header-test,,,,,,,,,False,,27193779,"109660, 30630, None, None"
2258230866,Ceres6,Test reporter,closed,2025-01-02T18:02:59Z,2025-01-11T14:19:35Z,2025-01-11T14:19:35Z,"meta, author ready, commit-queue-squash",main,test-reporter,,,,,,,,,False,,27193779,"109660, 30630, None, None"
2258180744,cjihrig,test: update test-child-process-windows-hide to use node:test,closed,2025-01-02T17:15:29Z,2025-01-04T17:18:49Z,2025-01-04T17:18:49Z,"test, author ready",main,cp-test,,,,,,,,,False,,27193779,"109660, 30630, None, None"
2257987735,legendecas,test: add initial source map ecma426 coverage,closed,2025-01-02T14:45:26Z,2025-01-04T23:00:56Z,2025-01-04T23:00:56Z,"build, author ready, needs-ci, source maps, commit-queue-failed, commit-queue-squash",main,test/test426,,,,,,,,,False,,27193779,"109660, 30630, None, None"
2257885400,cjihrig,test_runner: add assert.register() API,closed,2025-01-02T13:27:50Z,2025-01-04T18:30:04Z,2025-01-04T18:30:04Z,"semver-minor, author ready, commit-queue-squash, test_runner",main,asserts,,,,,,,,,False,,27193779,"109660, 30630, None, None"
2257246829,Trott,tools: disable unneeded rule ignoring in Python linting,closed,2025-01-01T23:02:49Z,2025-01-03T23:12:09Z,2025-01-03T23:12:09Z,"python, author ready",main,ignore-list,,,,,,,,,False,,27193779,"109660, 30630, None, None"
2257244431,mcollina,worker: flush stdout and stderr on exit,closed,2025-01-01T22:54:12Z,2025-01-06T07:22:28Z,2025-01-06T07:22:28Z,"worker, commit-queue-squash, lts-watch-v20.x",main,worker-thread-stdout,,,,,,,addaleax,,False,,27193779,"109660, 30630, None, None"
2257180578,aduh95,tools: use a configurable value for number of open Dependabot PRs,closed,2025-01-01T19:16:00Z,2025-01-03T19:25:18Z,2025-01-03T19:25:18Z,"meta, author ready",main,no-more-private-dependabot-prs,,,,,,,,,False,,27193779,"109660, 30630, None, None"
2257166433,dependabot[bot],tools: bump the eslint group in /tools/eslint with 4 updates,closed,2025-01-01T18:33:33Z,2025-01-03T18:37:45Z,2025-01-03T18:37:45Z,"tools, author ready, dependencies, javascript",main,dependabot/npm_and_yarn/tools/eslint/eslint-3582269884,,,,,,,,,False,,27193779,"109660, 30630, None, None"
2257160514,cjihrig,test_runner: finish marking snapshot testing as stable,closed,2025-01-01T18:16:22Z,2025-01-03T18:24:52Z,2025-01-03T18:24:52Z,"author ready, test_runner",main,oops,,,,,,,,,False,,27193779,"109660, 30630, None, None"
2256754159,jasnell,src: move more crypto impl detail to ncrypto dep,closed,2024-12-31T23:24:12Z,,2025-01-08T14:52:57Z,"crypto, lib / src, author ready",main,jasnell/even-moar-ncrypto,,,,,,,tniessen,,False,,27193779,"109660, 30630, None, None"
2256603331,sebastianas,test: update error code in tls-psk-circuit for for OpenSSL 3.4,closed,2024-12-31T16:58:47Z,2025-01-06T15:58:13Z,2025-01-06T15:58:13Z,"test, needs-ci",main,tls-psk-circuit,,,,,,,,,False,,27193779,"109660, 30630, None, None"
2256570086,oussamaBGZ,docs: clarify writableNeedDrain behavior and usage in streams,open,2024-12-31T16:03:43Z,,,"doc, stream",main,main,,,,,,,,,False,,27193779,"109660, 30630, None, None"
2255978119,jasnell,src: use v8::LocalVector consistently with other minor cleanups,closed,2024-12-31T00:33:12Z,,2025-01-02T00:28:22Z,"c++, lib / src, author ready, needs-ci",main,use-localvector-more-consistently,,,,,,,joyeecheung,,False,,27193779,"109660, 30630, None, None"
2255797234,RafaelGSS,"src,lib: use uv_thread_setname to a better multi-thread debugging",closed,2024-12-30T19:41:50Z,,2025-02-06T01:36:31Z,"lib / src, notable-change, author ready, needs-ci, commit-queue-rebase",main,use-uv-thread-setname,,,,,,,,,False,,27193779,"109660, 30630, None, None"
2255796668,gabrielschulhof,doc: add example for piping ReadableStream,closed,2024-12-30T19:41:05Z,2025-01-01T19:44:30Z,2025-01-01T19:44:30Z,"doc, stream, commit-queue-squash",main,56297-doc-iterator-for-ReadableStream,,,,,,,,,False,,27193779,"109660, 30630, None, None"
2255789122,gabrielschulhof,doc: add example for piping ReadableStream,closed,2024-12-30T19:31:26Z,,2024-12-30T19:39:50Z,doc,main,56297-doc-iterator-for-ReadableStream,,,,,,,,,False,,27193779,"109660, 30630, None, None"
2255008010,abhishekV004,Update README.md,closed,2024-12-30T06:40:08Z,,2024-12-30T07:04:26Z,"invalid, doc",main,patch-2,,,,,,,,,False,,27193779,"109660, 30630, None, None"
2254826256,legendecas,src: drain platform tasks before taking startup snapshot,closed,2024-12-30T01:12:55Z,2025-01-07T11:03:55Z,2025-01-07T11:03:55Z,"c++, needs-ci, commit-queue-squash",main,diag_channel/snapshot,,,,,,,,,False,,27193779,"109660, 30630, None, None"
2254710959,awto,module: fixing url change in load sync hook chain,closed,2024-12-29T20:33:58Z,,2025-01-22T18:25:20Z,"module, baking-for-lts, author ready",main,load-fix,,,,,,,,,False,,27193779,"109660, 30630, None, None"
2254670754,Jayman2000,Fixes for building when the path to the repo contains spaces,open,2024-12-29T17:48:06Z,,,"build, needs-ci",main,build-fixes-for-paths-with-spaces,,,,,,,,,True,,27193779,"109660, 30630, None, None"
2254670128,jasnell,process: add process.ref() and process.unref() methods,closed,2024-12-29T17:45:47Z,,2024-12-31T18:54:50Z,"semver-minor, process, lib / src, author ready, backported-to-v22.x",main,process-ref-unref,,,,,,,,,False,,27193779,"109660, 30630, None, None"
2254572983,marco-ippolito,worker: add eval ts input,closed,2024-12-29T12:16:50Z,2025-01-03T09:49:21Z,2025-01-03T09:49:21Z,"semver-minor, author ready, worker, needs-ci, dont-land-on-v18.x, dont-land-on-v20.x, strip-types",main,eval-ts-in-workers,,,,,,,,,False,,27193779,"109660, 30630, None, None"
2254564540,sibelius,Feat/tsx,closed,2024-12-29T11:45:54Z,,2024-12-29T12:13:55Z,"esm, needs-ci",main,feat/tsx,,,,,,,,,False,,27193779,"109660, 30630, None, None"
2254541320,nodejs-github-bot,deps: update amaro to 0.2.1,closed,2024-12-29T10:16:36Z,2024-12-31T10:24:30Z,2024-12-31T10:24:30Z,"c++, author ready, needs-ci, dependencies, strip-types",main,actions/tools-update-amaro,,,,,,,,,False,,27193779,"109660, 30630, None, None"
2254432513,nodejs-github-bot,deps: update simdutf to 5.7.2,closed,2024-12-29T00:34:24Z,2025-01-02T21:02:13Z,2025-01-02T21:02:13Z,"needs-ci, dependencies",main,actions/tools-update-simdutf,,,,,,,,,False,,27193779,"109660, 30630, None, None"
2254432512,nodejs-github-bot,deps: update googletest to 7d76a23,closed,2024-12-29T00:34:24Z,2024-12-31T00:37:09Z,2024-12-31T00:37:09Z,"test, needs-ci, dependencies",main,actions/tools-update-googletest,,,,,,,,,False,,27193779,"109660, 30630, None, None"
2254423570,YoutacRandS-VA,Node,closed,2024-12-28T23:46:27Z,,2024-12-29T00:58:48Z,"build, meta, npm, libuv, tools, fast-track, needs-ci",main,master,,,,,,,,,False,,27193779,"109660, 30630, None, None"
2254297415,himself65,sqlite: support TypedArray and DataView in `StatementSync`,closed,2024-12-28T20:04:50Z,2025-01-05T11:18:37Z,2025-01-05T11:18:37Z,"c++, semver-minor, experimental, needs-ci, sqlite",main,himself65/20241228/fix,,,,,,,,,False,,27193779,"109660, 30630, None, None"
2254209351,shubham90-developer,Update README.md,closed,2024-12-28T16:56:40Z,,2024-12-28T16:57:05Z,doc,main,main,,,,,,,,,False,,27193779,"109660, 30630, None, None"
2254168759,JakobJingleheimer,module: fix async resolution error within the sync `findPackageJSON`,closed,2024-12-28T14:56:51Z,2024-12-31T12:07:24Z,2024-12-31T12:07:24Z,"module, commit-queue-squash, dont-land-on-v18.x, lts-watch-v20.x, backport-requested-v22.x",main,fix/findpjson-async-issue,,,,,,,aduh95,,False,,27193779,"109660, 30630, None, None"
2254018995,Teja-0702,Update README.md,closed,2024-12-28T07:15:15Z,,2024-12-28T07:15:34Z,doc,main,main,,,,,,,,,False,,27193779,"109660, 30630, None, None"
2253843139,ADNANALISALHADABY,deleted,closed,2024-12-28T01:15:06Z,,2024-12-28T01:44:23Z,meta,main,main,,,,,,,,,False,,27193779,"109660, 30630, None, None"
2252807897,legendecas,inspector: report loadingFinished until the response data is consumed,closed,2024-12-26T22:46:34Z,2025-01-05T11:43:44Z,2025-01-05T11:43:44Z,"inspector, author ready",main,inspector/undici,,,,,,,,,False,,27193779,"109660, 30630, None, None"
2252519617,nodejs-github-bot,deps: update googletest to e54519b,closed,2024-12-26T15:00:27Z,2024-12-28T15:05:13Z,2024-12-28T15:05:13Z,"test, author ready, needs-ci, dependencies",main,actions/tools-update-googletest,,,,,,,,,False,,27193779,"109660, 30630, None, None"
2252500169,lpinca,test: remove flaky designation,closed,2024-12-26T14:36:26Z,2024-12-28T22:15:33Z,2024-12-28T22:15:33Z,"test, author ready, needs-ci, dont-land-on-v18.x, dont-land-on-v20.x, dont-land-on-v22.x",main,remove/flaky-test-inspector-async-stack-traces-set-interval,,,,,,,,,False,,27193779,"109660, 30630, None, None"
2251789558,lpinca,test: remove test-net-write-fully-async-hex-string flaky designation,closed,2024-12-25T17:35:27Z,2024-12-28T04:31:17Z,2024-12-28T04:31:17Z,"test, author ready, needs-ci, dont-land-on-v18.x, dont-land-on-v20.x, dont-land-on-v22.x",main,remove/flaky-test-net-write-fully-async-hex-string,,,,,,,,,False,,27193779,"109660, 30630, None, None"
2251777398,lpinca,test: remove test-worker-arraybuffer-zerofill flaky designation,closed,2024-12-25T16:50:05Z,2024-12-28T07:48:36Z,2024-12-28T07:48:36Z,"test, needs-ci, dont-land-on-v18.x, dont-land-on-v20.x, dont-land-on-v22.x",main,remove/flaky-test-worker-arraybuffer-zerofill,,,,,,,,,False,,27193779,"109660, 30630, None, None"
2251615741,AdityaPareek96,Update README.md,closed,2024-12-25T10:14:02Z,,2024-12-25T11:51:06Z,invalid,main,main,,,,,,,,,False,,27193779,"109660, 30630, None, None"
2251597615,marco-ippolito,zlib: add internal assertion on stream transform,closed,2024-12-25T09:47:00Z,,2024-12-25T13:55:44Z,"zlib, needs-ci",main,zlib-fix-crash,,,,,,,,,False,,27193779,"109660, 30630, None, None"
2251569173,marco-ippolito,lib: add typescript support to STDIN eval,closed,2024-12-25T08:58:06Z,2024-12-29T22:42:51Z,2024-12-29T22:42:51Z,"semver-minor, author ready, needs-ci, stdio, dont-land-on-v18.x, dont-land-on-v20.x, backport-open-v22.x, backport-requested-v22.x, strip-types",main,add-ts-eva-stdin,,,,,,,,,False,,27193779,"109660, 30630, None, None"
2251552581,marco-ippolito,test: add ts eval snapshots,closed,2024-12-25T08:32:00Z,,2024-12-30T16:49:52Z,"process, needs-ci, commit-queue-rebase, dont-land-on-v18.x, dont-land-on-v20.x, backport-open-v22.x, backport-requested-v22.x, strip-types",main,test-eval-messages,,,,,,,,,False,,27193779,"109660, 30630, None, None"
2251333723,kevinuehara,fix: build undefined symbol sf_parser_init,open,2024-12-24T23:11:45Z,,,"needs-ci, quic",main,kevinuehara/fix-undefined-symbol-for-sf_parser_init,,,,,,,,,False,,27193779,"109660, 30630, None, None"
2251097710,louwers,sqlite: allow passing conflict resolution handler function,closed,2024-12-24T15:30:12Z,2024-12-29T17:37:54Z,2024-12-29T17:37:55Z,"c++, author ready, commit-queue-squash, sqlite",main,sqlite-conflict-handler,,,,,,,Renegade334,,False,,27193779,"109660, 30630, None, None"
2251087313,Llorx,test: print test errors only when finished,open,2024-12-24T15:17:25Z,,,"needs-ci, test_runner",main,print-test-errors-once,,,,,,,,,False,,27193779,"109660, 30630, None, None"
2251075089,marco-ippolito,module: unflag --experimental-strip-types,closed,2024-12-24T15:04:02Z,2024-12-26T18:46:06Z,2024-12-26T18:46:06Z,"module, semver-minor, lib / src, notable-change, baking-for-lts, author ready, needs-ci, dont-land-on-v18.x, dont-land-on-v20.x, strip-types",main,unflag-strip-types,,,,,,,,,False,,27193779,"109660, 30630, None, None"
2250616782,marco-ippolito,test: enable ts test on win arm64,closed,2024-12-24T07:49:16Z,2024-12-26T07:55:27Z,2024-12-26T07:55:27Z,"test, author ready, needs-ci, dont-land-on-v18.x, dont-land-on-v20.x, strip-types",main,remove-broken-windows-arm64-test,,,,,,,,,False,,27193779,"109660, 30630, None, None"
2249364112,aduh95,doc: use `<ul>` instead of `<ol>` in `SECURITY.md`,closed,2024-12-23T11:38:15Z,2024-12-25T12:19:23Z,2024-12-25T12:19:23Z,"doc, author ready, commit-queue-failed",main,ul-security.md,,,,,,,,,False,,27193779,"109660, 30630, None, None"
2249259523,mcollina,docs: clarify that WASM is trusted,closed,2024-12-23T10:41:22Z,2024-12-25T11:22:25Z,2024-12-25T11:22:25Z,"doc, author ready, commit-queue-squash",main,clarify-that-wasm-is-truested,,,,,,,,,False,,27193779,"109660, 30630, None, None"
2249081633,lpinca,test: deflake test-watch-file-shared-dependency,closed,2024-12-23T08:47:51Z,2024-12-25T08:54:38Z,2024-12-25T08:54:38Z,"test, author ready, needs-ci",main,deflake/test-watch-file-shared-dependency,,,,,,,,,False,,27193779,"109660, 30630, None, None"
2248755819,nodejs-github-bot,meta: move one or more collaborators to emeritus,closed,2024-12-23T04:11:39Z,2024-12-25T16:20:00Z,2024-12-25T16:20:00Z,"doc, meta, author ready",main,actions/inactive-collaborators,,,,,,,,,False,,27193779,"109660, 30630, None, None"
2248493119,aduh95,test: skip `test-sqlinte-extension` when SQLite is not built by us,closed,2024-12-22T18:57:22Z,2024-12-24T19:19:12Z,2024-12-24T19:19:12Z,"test, needs-ci",main,skip-failing-test-shared-sqlite,,,,,,,,,False,,27193779,"109660, 30630, None, None"
2248447737,geeksilva97,test: improve abort signal dropping test,closed,2024-12-22T16:28:38Z,2024-12-26T14:57:17Z,2024-12-26T14:57:17Z,"test, author ready",main,improve-abort-signal-test,,,,,,,,,False,,27193779,"109660, 30630, None, None"
2248337231,targos,doc: update macOS and Xcode versions for releases,closed,2024-12-22T11:00:09Z,2024-12-25T07:12:23Z,2024-12-25T07:12:23Z,"doc, build, macos, lts-watch-v20.x",main,macos-release-version,,,,,,,,,False,,27193779,"109660, 30630, None, None"
2248229611,ErVarunGupta,Update README.md,closed,2024-12-22T03:45:55Z,,2024-12-22T06:43:54Z,invalid,main,patch-1,,,,,,,,,False,,27193779,"109660, 30630, None, None"
2248189872,nodejs-github-bot,deps: update undici to 7.2.0,closed,2024-12-22T00:35:02Z,2024-12-28T22:27:40Z,2024-12-28T22:27:40Z,"lib / src, author ready, needs-ci, dependencies, dont-land-on-v18.x, dont-land-on-v20.x, dont-land-on-v22.x, dont-land-on-v23.x",main,actions/tools-update-undici,,,,,,,,,False,,27193779,"109660, 30630, None, None"
2248189829,nodejs-github-bot,deps: update ngtcp2 to 1.10.0,closed,2024-12-22T00:34:46Z,2024-12-24T00:59:16Z,2024-12-24T00:59:16Z,"author ready, needs-ci, quic, dependencies, dont-land-on-v20.x",main,actions/tools-update-ngtcp2,,,,,,,,,False,,27193779,"109660, 30630, None, None"
2248189706,nodejs-github-bot,deps: update nghttp3 to 1.7.0,open,2024-12-22T00:34:16Z,,,"blocked, needs-ci, quic, dependencies",main,actions/tools-update-nghttp3,,,,,,,,,False,,27193779,"109660, 30630, None, None"
2248189666,nodejs-github-bot,deps: update simdutf to 5.7.0,closed,2024-12-22T00:34:07Z,2024-12-24T00:59:09Z,2024-12-24T00:59:09Z,"author ready, needs-ci, dependencies, lts-watch-v20.x",main,actions/tools-update-simdutf,,,,,,,,,False,,27193779,"109660, 30630, None, None"
2247499284,ruyadorno,"2025-01-07, Version 22.13.0 'Jod' (LTS)",closed,2024-12-20T23:13:52Z,2025-01-07T19:39:44Z,2025-01-07T19:39:44Z,"doc, build, meta, cares, needs-ci, dependencies, release, v22.x",v22.x,v22.13.0-proposal,,,,,,,,,False,,27193779,"109660, 30630, None, None"
2247182879,jasnell,quic: more implementation,closed,2024-12-20T18:38:11Z,,2025-01-06T18:48:28Z,"semver-minor, lib / src, author ready, quic",main,get-quic-working-part2,,,,,,,"mcollina, Qard",,False,,27193779,"109660, 30630, None, None"
2247113242,joyeecheung,src: lock the thread properly in snapshot builder,closed,2024-12-20T17:44:24Z,2025-01-07T16:49:10Z,2025-01-07T16:49:10Z,"c++, author ready",main,fix-locker,,,,,,,,,False,,27193779,"109660, 30630, None, None"
2246574452,aduh95,tools: fix `require-common-first` lint rule from subfolder,closed,2024-12-20T12:02:20Z,2024-12-22T18:44:20Z,2024-12-22T18:44:20Z,"tools, author ready, needs-ci",main,fix-require-common-first,,,,,,,,,False,,27193779,"109660, 30630, None, None"
2245317794,louwers,doc: add entry to changelog about SQLite Session Extension,closed,2024-12-19T18:57:23Z,2024-12-21T19:06:38Z,2024-12-21T19:06:38Z,"author ready, release",main,changelog,,,,,,,,,False,,27193779,"109660, 30630, None, None"
2244842499,aduh95,tools: add release line label when opening release proposal,closed,2024-12-19T15:24:36Z,2024-12-21T15:29:41Z,2024-12-21T15:29:41Z,"tools, author ready",main,release-proposal-label,,,,,,,,,False,,27193779,"109660, 30630, None, None"
2244168530,legendecas,module: use buffer.toString base64,closed,2024-12-19T11:00:06Z,2024-12-21T11:02:30Z,2024-12-21T11:02:30Z,"module, author ready, needs-ci",main,module/forbid-btoa,,,,,,,,,False,,27193779,"109660, 30630, None, None"
2244097648,asrar211,doc: add differences between Node.js fetch and standard Fetch API,open,2024-12-19T10:30:52Z,,,doc,main,doc-fetch-differences,,,,,,,,,False,,27193779,"109660, 30630, None, None"
2244060067,islandryu,cli: fix negated boolean options not removing implied options,open,2024-12-19T10:12:46Z,,,"c++, needs-ci",main,fix/nagativeOptions,,,,,,,,,False,,27193779,"109660, 30630, None, None"
2242902115,github-actions[bot],"2024-12-19, Version 23.5.0 (Current)",closed,2024-12-18T18:55:45Z,2024-12-19T18:52:25Z,2024-12-19T18:52:25Z,"release, v23.x",v23.x,v23.5.0-proposal,,,,,,,,,False,,27193779,"109660, 30630, None, None"
2242883651,sumo47,Update timers.js,closed,2024-12-18T18:43:30Z,,2024-12-18T22:41:21Z,"needs-ci, dependencies",main,patch-1,,,,,,,,,False,,27193779,"109660, 30630, None, None"
2242661620,targos,build: test macos-13 on GitHub actions,closed,2024-12-18T16:31:02Z,2024-12-20T16:35:29Z,2024-12-20T16:35:29Z,"meta, author ready",main,macos-13,,,,,,,,,False,,27193779,"109660, 30630, None, None"
2241914510,puskin94,assert: make myers_diff function more performant,closed,2024-12-18T10:38:17Z,2025-01-11T21:11:09Z,2025-01-11T21:11:09Z,"assert, author ready",main,assert-make-myers-more-performant,,,,,,,,,False,,27193779,"109660, 30630, None, None"
2241881118,aduh95,url: use resolved path to convert to `fileURL`,closed,2024-12-18T10:21:54Z,2024-12-25T18:42:12Z,2024-12-25T18:42:12Z,"whatwg-url, author ready, needs-ci",main,path2fileURL-from-unc-pwd,,,,,,,,,False,,27193779,"109660, 30630, None, None"
2241565644,ShenHongFei,src: modify SecureContext::SetCACert to not create root certificate store,open,2024-12-18T07:46:50Z,,,"crypto, c++, performance, needs-ci, needs-benchmark-ci",main,fix-set-ca-cert,,,,,,,"mcollina, jasnell, addaleax, tniessen",,False,,27193779,"109660, 30630, None, None"
2241511103,zcbenz,build: fix GN build for ngtcp2,closed,2024-12-18T07:19:14Z,,2024-12-22T11:27:45Z,"build, author ready, needs-ci, quic",main,deps-ngtcp2,,,,,,,,,False,,27193779,"109660, 30630, None, None"
2240961231,legendecas,lib: suppress source map lookup exceptions,closed,2024-12-17T23:59:01Z,2024-12-20T00:14:46Z,2024-12-20T00:14:46Z,"needs-ci, source maps, commit-queue-rebase, test_runner",main,source-maps/path-url,,,,,,,,,False,,27193779,"109660, 30630, None, None"
2240883347,cjihrig,"test_runner,cli: mark test isolation as stable",closed,2024-12-17T23:00:21Z,2024-12-20T02:10:26Z,2024-12-20T02:10:27Z,"c++, author ready, commit-queue-squash, test_runner, backport-requested-v22.x",main,iso,,,,,,,,,False,,27193779,"109660, 30630, None, None"
2240182279,aduh95,test: make `test-permission-sqlite-load-extension` more robust,closed,2024-12-17T17:08:19Z,2024-12-19T17:11:19Z,2024-12-19T17:11:19Z,"test, author ready, needs-ci",main,test-permission-sqlite-load-extension,,,,,,,,,False,,27193779,"109660, 30630, None, None"
2240135278,adrien-n,test: openssl 3.4 compatibility,open,2024-12-17T16:47:41Z,,,"test, needs-ci",main,main,,,,,,,,,False,,27193779,"109660, 30630, None, None"
2240041532,joyeecheung,src: refactor --trace-env to reuse option selection and handling,closed,2024-12-17T16:10:30Z,2025-01-09T12:46:23Z,2025-01-09T12:46:23Z,"c++, needs-ci, commit-queue-squash",main,refactor-trace-env,,,,,,,,,False,,27193779,"109660, 30630, None, None"
2239977743,Qard,diagnostics_channel: capture console messages,closed,2024-12-17T15:50:12Z,2025-01-13T12:51:31Z,2025-01-13T12:51:32Z,"console, needs-ci, diagnostics_channel",main,console-diagnostics-channels,,,,,,,,,False,,27193779,"109660, 30630, None, None"
2239806245,aduh95,tools: validate commit list as part of `lint-release-commit`,closed,2024-12-17T14:34:09Z,2025-01-09T22:07:53Z,2025-01-09T22:07:53Z,"meta, author ready, commit-queue-squash",main,lint-release-commit-list,,,,,,,,,False,,27193779,"109660, 30630, None, None"
2239800493,joyeecheung,build: build v8 with -fvisibility=hidden -fvisibility-inlines-hidden,open,2024-12-17T14:31:18Z,,,,main,v8-visibility-cflags,,,,,,,,,False,,27193779,"109660, 30630, None, None"
2239763123,legendecas,doc: fix eslint check with prefixed builtin modules,closed,2024-12-17T14:14:06Z,,2024-12-17T14:14:23Z,doc,main,doc/lint,,,,,,,,,False,,27193779,"109660, 30630, None, None"
2239601092,matthieusieben,"stream: prevent dead lock when Duplex generator is ""thrown""",open,2024-12-17T12:57:50Z,,,"stream, needs-ci, needs-citgm",main,fix-56278,,,,,,,,,False,,27193779,"109660, 30630, None, None"
2239325215,marco-ippolito,module: support eval with ts syntax detection,closed,2024-12-17T10:41:57Z,2024-12-24T16:48:02Z,2024-12-24T16:48:02Z,"module, lib / src, author ready, needs-ci, review wanted, commit-queue-squash, dont-land-on-v18.x, dont-land-on-v20.x, backport-open-v22.x, backport-requested-v22.x, strip-types",main,test/wrap-in-syntax-error,,,,,,,joyeecheung,,False,,27193779,"109660, 30630, None, None"
2239306598,aduh95,tools: fix `node:` enforcement for docs,closed,2024-12-17T10:32:56Z,2024-12-17T14:57:38Z,2024-12-17T14:57:38Z,"doc, fast-track, author ready, dont-land-on-v18.x, lts-watch-v20.x",main,node-prefix-enforcement,,,,,,,,,False,,27193779,"109660, 30630, None, None"
2239293502,aduh95,doc: fix links in `module.md`,closed,2024-12-17T10:27:03Z,2024-12-19T10:34:42Z,2024-12-19T10:34:43Z,"doc, module, author ready",main,fix-link-module.md,,,,,,,,,False,,27193779,"109660, 30630, None, None"
2239039957,origranot,Revert bdb6d12 and add test case for listeners,closed,2024-12-17T08:29:39Z,,2024-12-19T17:17:49Z,"events, author ready, needs-ci, commit-queue, commit-queue-rebase, dont-land-on-v20.x",main,revert-bdb6d12,,,,,,,,,False,,27193779,"109660, 30630, None, None"
2238751399,jakecastelli,Revert 5541300 and add coverage to pipeline,closed,2024-12-17T04:58:15Z,,2024-12-24T13:30:57Z,"stream, author ready, needs-ci, commit-queue-rebase, dont-land-on-v18.x, dont-land-on-v20.x, dont-land-on-v22.x, backported-to-v23.x",main,revert-5541300,,,,,,,,,False,,27193779,"109660, 30630, None, None"
2238374860,MoLow,meta: move MoLow to TSC regular member,closed,2024-12-16T22:17:39Z,2024-12-18T22:30:00Z,2024-12-18T22:30:00Z,"doc, author ready",main,move-to-regular-tsc-mebmber,,,,,,,,,False,,27193779,"109660, 30630, None, None"
2238328693,joyeecheung,build: build v8 with -fvisibility=hidden on macOS,closed,2024-12-16T21:43:59Z,2024-12-19T03:24:51Z,2024-12-19T03:24:51Z,"v8 engine, tools, needs-ci",main,v8-visibility,,,,,,,,,False,,27193779,"109660, 30630, None, None"
2237913715,npm-cli-bot,deps: upgrade npm to 11.0.0,closed,2024-12-16T17:40:39Z,2025-01-10T16:20:27Z,2025-01-10T16:20:27Z,"semver-major, npm, author ready, needs-ci",main,npm-v11.0.0-main,,,,,,,,,False,,27193779,"109660, 30630, None, None"
2237724358,marco-ippolito,module: add --experimental-strip-input-types,closed,2024-12-16T16:07:01Z,,2024-12-17T08:09:26Z,"wip, lib / src, needs-ci",main,unflag-experimental-strip-types,,,,,,,,,False,,27193779,"109660, 30630, None, None"
2237719469,Trott,doc: fix color contrast issue in light mode,closed,2024-12-16T16:04:54Z,2024-12-18T16:19:09Z,2024-12-18T16:19:09Z,doc,main,contrast,,,,,,,,,False,,27193779,"109660, 30630, None, None"
2236854948,wojiushixiaobai,build: set DESTCPU correctly for 'make binary' on loongarch64,closed,2024-12-16T09:32:49Z,2024-12-18T09:42:47Z,2024-12-18T09:42:47Z,"build, author ready, needs-ci, loong64",main,patch_loong64,,,,,,,,,False,,27193779,"109660, 30630, None, None"
2236040518,joyeecheung,build: fix missing fp16 dependency in d8 builds,closed,2024-12-15T22:16:45Z,2024-12-17T22:18:33Z,2024-12-17T22:18:33Z,"v8 engine, tools, needs-ci",main,d8-fp16,,,,,,,,,False,,27193779,"109660, 30630, None, None"
2235975777,RafaelGSS,doc: stabilize util.styleText,closed,2024-12-15T20:10:47Z,2024-12-17T20:22:53Z,2024-12-17T20:22:53Z,"util, doc, notable-change, author ready",main,stabilize-style-text,,,,,,,,,False,,27193779,"109660, 30630, None, None"
2235914788,origranot,events: fix undefined passes to arrayClone,closed,2024-12-15T17:54:00Z,,2024-12-19T06:56:18Z,"events, needs-ci",main,patch-1,,,,,,,jazelly,,False,,27193779,"109660, 30630, None, None"
2235415940,nodejs-github-bot,tools: update doc to new version,closed,2024-12-15T00:38:17Z,,2025-01-13T15:40:14Z,"doc, build, tools, author ready, needs-ci, commit-queue-failed, commit-queue-squash",main,actions/tools-update-doc,,,,,,,,,False,,27193779,"109660, 30630, None, None"
2235415510,nodejs-github-bot,deps: update nghttp3 to 1.6.0,closed,2024-12-15T00:37:01Z,2024-12-17T13:08:01Z,2024-12-17T13:08:01Z,"author ready, needs-ci, quic, dependencies",main,actions/tools-update-nghttp3,,,,,,,,,False,,27193779,"109660, 30630, None, None"
2235415458,nodejs-github-bot,deps: update libuv to 1.49.2,closed,2024-12-15T00:36:52Z,,2024-12-17T13:07:52Z,"libuv, needs-ci, dependencies",main,actions/tools-update-libuv,,,,,,,,,False,,27193779,"109660, 30630, None, None"
2235415452,nodejs-github-bot,deps: update c-ares to v1.34.4,closed,2024-12-15T00:36:51Z,2024-12-17T01:02:30Z,2024-12-17T01:02:30Z,"cares, author ready, needs-ci, dependencies",main,actions/tools-update-c-ares,,,,,,,,,False,,27193779,"109660, 30630, None, None"
2235415451,nodejs-github-bot,deps: update simdutf to 5.6.4,closed,2024-12-15T00:36:50Z,2024-12-17T13:07:33Z,2024-12-17T13:07:34Z,"author ready, needs-ci, dependencies, lts-watch-v20.x",main,actions/tools-update-simdutf,,,,,,,,,False,,27193779,"109660, 30630, None, None"
2234752902,geeksilva97,sqlite: expose backup api,closed,2024-12-14T01:36:33Z,2025-02-05T22:26:29Z,2025-02-05T22:26:29Z,"c++, author ready, commit-queue-squash, sqlite",main,sqlite-backup,,,,,,,jasnell,,False,,27193779,"109660, 30630, None, None"
2234158701,mertcanaltin,tools: add REPLACEME check to workflow,closed,2024-12-13T16:31:38Z,2024-12-17T10:03:09Z,2024-12-17T10:03:09Z,"meta, author ready",main,mert/lint-release,,,,,,,targos,,False,,27193779,"109660, 30630, None, None"
2234135814,nodejs-github-bot,deps: update simdjson to 3.11.6,closed,2024-12-13T16:17:14Z,2025-01-31T13:44:58Z,2025-01-31T13:44:58Z,"author ready, needs-ci, dependencies",main,actions/tools-update-simdjson,,,,,,,,,False,,27193779,"109660, 30630, None, None"
2233633195,parvarish-code,update error message in lib/internal/error.js,open,2024-12-13T11:30:00Z,,,"errors, needs-ci",main,parvarish-issue-55864,,,,,,,,,False,,27193779,"109660, 30630, None, None"
2232678983,amcgoogan,Fixing leak from short_path not being freed for win fs watch,closed,2024-12-12T22:41:56Z,,2024-12-13T11:33:45Z,"libuv, needs-ci",main,amcgoogan-win-watch-leak,,,,,,,,,False,,27193779,"109660, 30630, None, None"
2231931319,RafaelGSS,src: drop --experimental-permission in favour of --permission,closed,2024-12-12T15:09:20Z,2025-01-03T14:07:56Z,2025-01-03T14:07:56Z,"c++, semver-major, needs-ci, permission",main,drop-experimental-from-permission-flag,,,,,,,,,False,,27193779,"109660, 30630, None, None"
2231911570,RafaelGSS,test: use --permission over --experimental-permission,closed,2024-12-12T15:01:19Z,2024-12-14T15:06:38Z,2024-12-14T15:06:38Z,"test, author ready, needs-ci, dont-land-on-v20.x, permission",main,remove-experimental-from-pm-tests,,,,,,,,,False,,27193779,"109660, 30630, None, None"
2231471720,StefanStojanovic,deps: define V8_PRESERVE_MOST as no-op on Windows,closed,2024-12-12T11:48:27Z,2024-12-16T10:11:22Z,2024-12-16T10:11:23Z,"windows, build, v8 engine, needs-ci",main,mefi-v8-float-patch-clang,,,,,,,,,False,,27193779,"109660, 30630, None, None"
2231378553,puskin94,assert: make partialDeepStrictEqual throw when comparing [0] with [-0],closed,2024-12-12T11:00:25Z,,2024-12-28T08:54:59Z,"assert, author ready, needs-ci",main,partial-deep-strict-equal-minus-plus-zero,,,,,,,,,False,,27193779,"109660, 30630, None, None"
2229967131,mhdawson,doc: add message for Ambassadors to promote,closed,2024-12-11T21:04:01Z,,2025-01-09T22:10:12Z,"doc, commit-queue-squash",main,abassador-message-2,,,,,,,,,False,,27193779,"109660, 30630, None, None"
2229833114,himself65,doc: fix winget config path,closed,2024-12-11T20:12:02Z,2024-12-13T20:16:56Z,2024-12-13T20:16:56Z,"doc, build",main,himself65/20241211/fix,,,,,,,,,False,,27193779,"109660, 30630, None, None"
2229623055,aduh95,tools: use `github.actor` instead of bot username for release proposals,closed,2024-12-11T18:07:46Z,2024-12-13T18:11:27Z,2024-12-13T18:11:27Z,"meta, author ready",main,release-proposal-attribution,,,,,,,,,False,,27193779,"109660, 30630, None, None"
2229604781,puskin94,assert: make partialDeepStrictEqual work with urls and File prototypes,closed,2024-12-11T17:57:22Z,2025-01-09T17:35:55Z,2025-01-09T17:35:55Z,"assert, author ready, needs-ci",main,partial-deep-strict-equal-missing-cases,,,,,,,,,False,,27193779,"109660, 30630, None, None"
2229497992,mfdebian,doc: add esm examples to `node:tls`,closed,2024-12-11T17:02:27Z,2024-12-13T17:09:29Z,2024-12-13T17:09:29Z,"tls, doc, author ready, commit-queue-squash",main,docs-tls-esm,,,,,,,,,False,,27193779,"109660, 30630, None, None"
2229223535,mhdawson,test: increase spin for eventloop test on s390,closed,2024-12-11T14:55:35Z,,2024-12-24T14:06:55Z,"test, needs-ci, commit-queue-failed",main,perftest-390,,,,,,,,,False,,27193779,"109660, 30630, None, None"
2229014351,nodejs-github-bot,deps: update simdjson to 3.11.2,closed,2024-12-11T13:23:48Z,,2024-12-13T16:16:14Z,"needs-ci, dependencies",main,actions/tools-update-simdjson,,,,,,,,,False,,27193779,"109660, 30630, None, None"
2228861780,aduh95,util: harden more built-in classes against prototype pollution,closed,2024-12-11T12:09:28Z,2024-12-16T22:33:09Z,2024-12-16T22:33:09Z,"buffer, util, author ready, needs-ci",main,util-inspect-harden,,,,,,,,,False,,27193779,"109660, 30630, None, None"
2228406270,lpinca,deps: update libuv to 1.49.2,closed,2024-12-11T09:07:08Z,2024-12-17T13:06:51Z,2024-12-17T13:06:51Z,"libuv, needs-ci, commit-queue-squash",main,update/libuv,,,,,,,,,False,,27193779,"109660, 30630, None, None"
2228392102,lpinca,"Revert ""tools: disable automated libuv updates""",closed,2024-12-11T09:00:15Z,2024-12-13T09:10:08Z,2024-12-13T09:10:08Z,"meta, author ready",main,revert/a492646,,,,,,,,,False,,27193779,"109660, 30630, None, None"
2228382784,mertcanaltin,util: fix Latin1 decoding to return string output,closed,2024-12-11T08:55:25Z,2024-12-14T18:09:50Z,2024-12-14T18:09:50Z,"c++, author ready, needs-ci, commit-queue-squash",main,mert/fast-path-fix,,,,,,,RafaelGSS,,False,,27193779,"109660, 30630, None, None"
2227743059,anonrig,doc: change smartos support type to experimental,closed,2024-12-11T01:02:12Z,,2025-01-22T22:00:44Z,"doc, build",main,yagiz/lower-smartos-experimental,,,,,,,joyeecheung,,False,,27193779,"109660, 30630, None, None"
2227650627,anonrig,[do not land] update ada to v3.0-pre,closed,2024-12-10T23:39:02Z,,2025-01-24T01:32:47Z,"macos, smartos, blocked, needs-ci, dependencies, build-agenda",main,yagiz/update-ada,,,,,,,,,False,,27193779,"109660, 30630, None, None"
2227587595,mhdawson,test: remove exludes for sea tests on PPC,closed,2024-12-10T22:58:10Z,2024-12-12T23:05:01Z,2024-12-12T23:05:01Z,"test, needs-ci",main,unexclude-test,,,,,,,,,False,,27193779,"109660, 30630, None, None"
2227127314,selveter,doc: fix 'which' to 'that' and added comma,closed,2024-12-10T18:25:30Z,2024-12-14T10:07:58Z,2024-12-14T10:07:58Z,doc,main,main,,,,,,,,,False,,27193779,"109660, 30630, None, None"
2227085410,selveter,doc: fix 'which' to 'that' and added comma,closed,2024-12-10T18:09:03Z,,2024-12-10T18:15:23Z,doc,main,main,,,,,,,,,False,,27193779,"109660, 30630, None, None"
2226939262,geeksilva97,sqlite: aggregate constants in a single property,closed,2024-12-10T17:00:03Z,2024-12-17T17:36:58Z,2024-12-17T17:36:58Z,"c++, semver-minor, author ready, needs-ci, typings, commit-queue-squash, sqlite",main,add-contants-to-sqlite,,,,,,,,,False,,27193779,"109660, 30630, None, None"
2226728173,puskin94,assert: show diff when doing partial comparisons with a custom message,closed,2024-12-10T15:24:35Z,2025-01-08T09:58:33Z,2025-01-08T09:58:33Z,"assert, needs-ci",main,partial-deep-strict-equal-custom-message-diff,,,,,,,,,False,,27193779,"109660, 30630, None, None"
2226706912,marco-ippolito,[v22.x backport] util: add sourcemap support to getCallSites,closed,2024-12-10T15:15:32Z,,2024-12-14T07:22:14Z,"util, author ready, needs-ci, v22.x",v22.x-staging,backport-util-callsite-sourcemap,,,,,,,,,False,,27193779,"109660, 30630, None, None"
2226660083,marco-ippolito,[v22.x backport] module: add module.stripTypeScriptTypes,closed,2024-12-10T14:58:11Z,,2024-12-20T17:10:29Z,"module, author ready, needs-ci, v22.x",v22.x-staging,backport-strip-typescript-types,,,,,,,,,False,,27193779,"109660, 30630, None, None"
2226172776,ShenHongFei,doc: `sea.getRawAsset(key)` always returns an ArrayBuffer,closed,2024-12-10T11:18:56Z,2024-12-12T11:23:13Z,2024-12-12T11:23:13Z,doc,main,fix-sea-doc,,,,,,,,,False,,27193779,"109660, 30630, None, None"
2226165169,nodejs-github-bot,tools: update github_reporter to 1.7.2,closed,2024-12-10T11:14:52Z,2024-12-17T13:20:20Z,2024-12-17T13:20:20Z,"tools, author ready",main,actions/tools-update-github_reporter,,,,,,,,,False,,27193779,"109660, 30630, None, None"
2226080294,aduh95,tools: fix release proposal linter to support more than 1 folk preparing,closed,2024-12-10T10:39:02Z,2024-12-12T10:43:18Z,2024-12-12T10:43:18Z,"meta, author ready",main,release-linter,,,,,,,,,False,,27193779,"109660, 30630, None, None"
2225269018,RafaelGSS,"src,lib: stabilize permission model",closed,2024-12-10T03:07:58Z,2024-12-12T12:11:58Z,2024-12-12T12:11:58Z,"c++, semver-minor, lib / src, notable-change, author ready, needs-ci, dont-land-on-v18.x, dont-land-on-v20.x, permission",main,move-permission-model-stable,,,,,,,,,False,,27193779,"109660, 30630, None, None"
2224484552,RafaelGSS,doc: update announce documentation for releases,closed,2024-12-09T19:02:40Z,2024-12-11T19:08:22Z,2024-12-11T19:08:22Z,"doc, commit-queue-squash",main,update-announcement-section,,,,,,,,,False,,27193779,"109660, 30630, None, None"
2224398370,RafaelGSS,build: add major release action,closed,2024-12-09T18:14:17Z,2024-12-16T23:51:05Z,2024-12-16T23:51:05Z,"meta, author ready, commit-queue-squash",main,add-major-release-reminder-action,,,,,,,,,False,,27193779,"109660, 30630, None, None"
2224242329,RafaelGSS,doc: update blog link to /vulnerability,closed,2024-12-09T17:02:07Z,2024-12-11T17:04:36Z,2024-12-11T17:04:36Z,"doc, author ready",main,update-blog-link,,,,,,,,,False,,27193779,"109660, 30630, None, None"
2224015323,geeksilva97,test: fix test-abortsignal-drop-settled-signals flakiness,closed,2024-12-09T15:39:09Z,2024-12-12T18:34:28Z,2024-12-12T18:34:28Z,"test, author ready, needs-ci, commit-queue-squash",main,fix-flaky-abort-signal-test,,,,,,,,,False,,27193779,"109660, 30630, None, None"
2223980434,codebytere,build: use variable for simdutf path,closed,2024-12-09T15:27:19Z,2024-12-11T15:35:48Z,2024-12-11T15:35:48Z,"build, embedding",main,simdutf-path-gn,,,,,,,,,False,,27193779,"109660, 30630, None, None"
2223909026,puskin94,assert: make Maps be partially compared in partialDeepStrictEqual,closed,2024-12-09T15:07:58Z,2024-12-11T15:10:54Z,2024-12-11T15:10:54Z,"assert, author ready, needs-ci",main,partially-compare-maps,,,,,,,,,False,,27193779,"109660, 30630, None, None"
2223875140,joyeecheung,module: only emit require(esm) warning under --trace-require-module,closed,2024-12-09T14:58:04Z,,2024-12-11T15:10:38Z,"c++, module, semver-minor, notable-change, author ready, needs-ci, commit-queue-rebase, dont-land-on-v18.x, backport-open-v20.x",main,trace-require-module,,,,,,,,,False,,27193779,"109660, 30630, None, None"
2223623460,Qard,worker: fix crash when a worker joins after exit,closed,2024-12-09T13:24:01Z,2024-12-11T13:37:36Z,2024-12-11T13:37:37Z,"c++, worker",main,fix-worker-join-crash,,,,,,,,,False,,27193779,"109660, 30630, None, None"
2223321070,aduh95,util: do not rely on mutable `Object` and `Function`' `constructor` prop,closed,2024-12-09T11:05:20Z,2024-12-11T11:11:38Z,2024-12-11T11:11:38Z,"util, author ready, needs-ci",main,util-inspect-object-func,,,,,,,,,False,,27193779,"109660, 30630, None, None"
2223257087,ZYSzys,http2: createSecureServer support ALPNCallback option,closed,2024-12-09T10:36:38Z,2024-12-11T13:37:21Z,2024-12-11T13:37:21Z,"http2, needs-ci",main,feat-http2-alpn,,,,,,,,,False,,27193779,"109660, 30630, None, None"
2222413531,antonk52,doc: call out import.meta is only supported in ES modules,closed,2024-12-09T01:25:10Z,2024-12-11T01:43:13Z,2024-12-11T01:43:13Z,"doc, esm, author ready",main,patch-1,,,,,,,,,False,,27193779,"109660, 30630, None, None"
2222289576,ljharb,module: add prefix-only modules to `module.builtinModules`,closed,2024-12-08T22:56:33Z,2024-12-14T07:35:00Z,2024-12-14T07:35:00Z,"module, semver-minor, baking-for-lts, author ready, needs-ci",main,builtinPrefixOnlyModules,,,,,,,,,False,,27193779,"109660, 30630, None, None"
2221968763,islandryu,module: prevent main thread exiting before esm worker ends,closed,2024-12-08T12:38:32Z,2024-12-10T23:52:29Z,2024-12-10T23:52:29Z,"esm, author ready, needs-ci, commit-queue-squash, lts-watch-v20.x",main,fix/esm-worker-termination,,,,,,,"ShogunPanda, GeoffreyBooth",,False,,27193779,"109660, 30630, None, None"
2221940461,gurgunday,lib: remove redundant global RegExps,closed,2024-12-08T12:06:11Z,2024-12-10T12:18:18Z,2024-12-10T12:18:19Z,"util, url, needs-ci",main,prefer-replaceall,,,,,,,,,False,,27193779,"109660, 30630, None, None"
2221853753,technic960183,doc: fix incorrect link to style guide,closed,2024-12-08T10:03:36Z,2024-12-10T19:13:22Z,2024-12-10T19:13:22Z,doc,main,fix-doc-pr-style-guide-link,,,,,,,,,False,,27193779,"109660, 30630, None, None"
2221674355,nodejs-github-bot,deps: update undici to 7.1.0,closed,2024-12-08T00:37:38Z,2024-12-10T01:04:50Z,2024-12-10T01:04:50Z,"lib / src, author ready, needs-ci, dependencies, dont-land-on-v18.x, dont-land-on-v20.x, dont-land-on-v22.x, dont-land-on-v23.x",main,actions/tools-update-undici,,,,,,,,,False,,27193779,"109660, 30630, None, None"
2221674063,nodejs-github-bot,deps: update sqlite to 3.47.2,closed,2024-12-08T00:36:34Z,2024-12-10T01:04:41Z,2024-12-10T01:04:41Z,"author ready, needs-ci, dependencies, dont-land-on-v18.x, dont-land-on-v20.x, sqlite",main,actions/tools-update-sqlite,,,,,,,,,False,,27193779,"109660, 30630, None, None"
2221674054,nodejs-github-bot,deps: update simdjson to 3.11.1,closed,2024-12-08T00:36:33Z,,2024-12-11T13:22:50Z,"needs-ci, dependencies",main,actions/tools-update-simdjson,,,,,,,,,False,,27193779,"109660, 30630, None, None"
2221618141,LiviaMedeiros,tools: enable linter for `tools/icu/**`,closed,2024-12-07T20:41:55Z,2024-12-09T20:51:48Z,2024-12-09T20:51:48Z,"tools, author ready",main,tools-lint-tools-icu,,,,,,,,,False,,27193779,"109660, 30630, None, None"
2221564769,geeksilva97,doc: fix c++ addon hello world sample,closed,2024-12-07T17:37:00Z,2024-12-09T17:43:50Z,2024-12-09T17:43:50Z,"doc, addons, author ready",main,fix-addon-hello-sample,,,,,,,,,False,,27193779,"109660, 30630, None, None"
2221418282,domnomg,Update README.md,closed,2024-12-07T12:12:53Z,,2024-12-20T19:01:17Z,doc,main,patch-1,,,,,,,,,False,,27193779,"109660, 30630, None, None"
2221396131,aduh95,tools: use commit title as PR title when creating release proposal,closed,2024-12-07T10:59:55Z,2024-12-09T11:10:51Z,2024-12-09T11:10:51Z,"tools, author ready",main,create-release-pr-title,,,,,,,,,False,,27193779,"109660, 30630, None, None"
2221391498,aduh95,test: remove `hasOpenSSL3x` utils,closed,2024-12-07T10:44:22Z,2024-12-09T10:51:37Z,2024-12-09T10:51:37Z,"test, author ready, needs-ci",main,test-remove-hasOpenSSL3x-utils,,,,,,,,,False,,27193779,"109660, 30630, None, None"
2221104505,vmoroz,node-api: remove deprecated attribute from napi_module_register,closed,2024-12-07T00:28:04Z,2024-12-20T16:22:35Z,2024-12-20T16:22:35Z,"c++, node-api, author ready, needs-ci",main,PR/undeprecate_napi_module_register,,,,,,,,,False,,27193779,"109660, 30630, None, None"
2220721103,aduh95,tools: improve release proposal PR opening,closed,2024-12-06T19:24:46Z,2024-12-08T19:34:31Z,2024-12-08T19:34:31Z,"meta, tools, author ready",main,release-pr-open,,,,,,,,,False,,27193779,"109660, 30630, None, None"
2220610490,jelly,test: make test-crypto-hash compatible with OpenSSL > 3.4.0,closed,2024-12-06T18:05:39Z,,2025-01-13T17:23:55Z,"test, author ready, needs-ci, commit-queue-rebase, backported-to-v18.x, lts-watch-v20.x",main,openssl-3.4.0,,,,,,,,,False,,27193779,"109660, 30630, None, None"
2220564107,nodejs-github-bot,tools: update gyp-next to 0.19.0,closed,2024-12-06T17:35:34Z,2024-12-09T10:14:16Z,2024-12-09T10:14:17Z,"build, tools, author ready, needs-ci, gyp, dont-land-on-v18.x, dont-land-on-v20.x",main,actions/tools-update-gyp-next,,,,,,,,,False,,27193779,"109660, 30630, None, None"
2220236897,targos,tools: remove has_absl_stringify from gyp file,closed,2024-12-06T14:46:12Z,2024-12-10T10:10:17Z,2024-12-10T10:10:17Z,"v8 engine, tools, author ready, needs-ci, dont-land-on-v18.x, dont-land-on-v20.x, dont-land-on-v22.x",main,rm-absl-stringify,,,,,,,,,False,,27193779,"109660, 30630, None, None"
2218712488,Flarna,"Revert ""build: avoid compiling with VS v17.12""",closed,2024-12-05T22:23:41Z,2024-12-07T22:31:45Z,2024-12-07T22:31:45Z,"windows, build, author ready, needs-ci, revert, dont-land-on-v18.x, dont-land-on-v20.x, dont-land-on-v22.x",main,revert-vs17.12-block,,,,,,,,,False,,27193779,"109660, 30630, None, None"
2218146733,puskin94,child_process: validate strings in exec and spawn,open,2024-12-05T16:53:46Z,,,"child_process, author ready, needs-ci",main,child-process-docs-and-validation,,,,,,,aduh95,,False,,27193779,"109660, 30630, None, None"
2218094761,theweipeng,src: add a method to get string encoding info,open,2024-12-05T16:31:30Z,,,"util, c++, needs-ci, review wanted, commit-queue-squash",main,issue_56090,,,,,,,,,False,,27193779,"109660, 30630, None, None"
2217383827,aduh95,tools: add a backport queue cron action,open,2024-12-05T11:05:16Z,,,"meta, release-agenda",main,backport-queue,,,,,,,,,False,,27193779,"109660, 30630, None, None"
2217381135,panva,crypto: graduate WebCryptoAPI Ed25519 and X25519 algorithms as stable,closed,2024-12-05T11:03:59Z,,2024-12-07T14:08:08Z,"crypto, notable-change, author ready, needs-ci, webcrypto, lts-watch-v20.x, web-standards",main,webcrypto-stable-curve25519,,,,,,,,,False,,27193779,"109660, 30630, None, None"
2217022712,joyeecheung,build: fix GN build on macOS,closed,2024-12-05T08:14:48Z,2024-12-09T10:01:55Z,2024-12-09T10:01:55Z,backport-requested-v22.x,main,fix-gn-macos,,,,,,,,,False,,27193779,"109660, 30630, None, None"
2216461801,anonrig,build: use more aggressive LTO on gcc,closed,2024-12-05T00:42:58Z,,2024-12-18T00:10:55Z,"build, needs-ci",main,improve-startup-time,,,,,,,"richardlau, joyeecheung, mcollina, jasnell",,True,,27193779,"109660, 30630, None, None"
2216429482,nodejs-github-bot,test: update WPT for url to 6fa3fe8a92,closed,2024-12-05T00:05:17Z,2024-12-10T00:36:23Z,2024-12-10T00:36:23Z,"test, author ready, needs-ci, commit-queue-squash",main,actions/update-wpt-url,,,,,,,,,False,,27193779,"109660, 30630, None, None"
2216402456,npm-cli-bot,deps: upgrade npm to 10.9.2,closed,2024-12-04T23:43:01Z,2024-12-05T15:24:47Z,2024-12-05T15:24:48Z,"npm, fast-track, needs-ci, lts-watch-v20.x",main,npm-v10.9.2-main,,,,,,,,,False,,27193779,"109660, 30630, None, None"
2216261054,legendecas,src: fix outdated js2c.cc references,closed,2024-12-04T21:40:32Z,2024-12-11T17:04:19Z,2024-12-11T17:04:19Z,"c++, needs-ci",main,src/js2c-cc,,,,,,,,,False,,27193779,"109660, 30630, None, None"
2216037421,ljharb,doc: add LJHarb to collaborators,closed,2024-12-04T19:15:40Z,2024-12-04T19:37:28Z,2024-12-04T19:37:28Z,"doc, notable-change, fast-track, author ready",main,ljharb-collab,,,,,,,,,False,,27193779,"109660, 30630, None, None"
2215382540,legendecas,doc: fix module.md headings,closed,2024-12-04T14:08:27Z,2024-12-06T14:22:06Z,2024-12-06T14:22:06Z,"doc, module, author ready, dont-land-on-v18.x, dont-land-on-v20.x",main,doc/module-headings,,,,,,,,,False,,27193779,"109660, 30630, None, None"
2215058911,legendecas,doc: add report version section,closed,2024-12-04T12:01:13Z,2024-12-06T13:29:54Z,2024-12-06T13:29:54Z,"doc, author ready, report, backport-open-v22.x",main,doc/report-version,,,,,,,,,False,,27193779,"109660, 30630, None, None"
2214886988,targos,tools: improve release proposal PR opening,closed,2024-12-04T10:55:33Z,,2024-12-06T09:23:46Z,"meta, tools",main,release-pr-open,,,,,,,,,False,,27193779,"109660, 30630, None, None"
2214000222,himself65,doc: fix typo,closed,2024-12-04T01:39:45Z,2024-12-04T02:35:30Z,2024-12-04T02:35:30Z,"fast-track, release, dont-land-on-v18.x, dont-land-on-v20.x, backported-to-v22.x, dont-land-on-v23.x",main,himself65/20241203/fix-doc,,,,,,,,,False,,27193779,"109660, 30630, None, None"
2213697115,ruyadorno,doc: mention tools/release -a option,closed,2024-12-03T21:34:00Z,2024-12-05T21:43:08Z,2024-12-05T21:43:08Z,"doc, author ready",main,release-doc-mention-tools-release-a-option,,,,,,,,,False,,27193779,"109660, 30630, None, None"
2213630529,ruyadorno,doc: update blog release-post link,closed,2024-12-03T20:46:45Z,2024-12-06T14:44:53Z,2024-12-06T14:44:53Z,doc,main,update-blog-release-post-link,,,,,,,,,False,,27193779,"109660, 30630, None, None"
2213163393,joyeecheung,module: mark evaluation rejection in require(esm) as handled,closed,2024-12-03T16:06:33Z,2024-12-05T16:12:50Z,2024-12-05T16:12:50Z,"c++, author ready, needs-ci, backport-open-v20.x",main,fix-require-esm-rejection,,,,,,,,,False,,27193779,"109660, 30630, None, None"
2212914140,MONIKA1NM,Update README.md,closed,2024-12-03T14:14:34Z,,2024-12-03T14:22:32Z,doc,main,main,,,,,,,,,False,,27193779,"109660, 30630, None, None"
2212905881,joyeecheung,sea: only assert snapshot main function for main threads,closed,2024-12-03T14:11:32Z,2024-12-07T17:25:02Z,2024-12-07T17:25:03Z,"c++, needs-ci, commit-queue-squash",main,fix-worker-snapshot-sea,,,,,,,,,False,,27193779,"109660, 30630, None, None"
2212493626,nodejs-github-bot,"2024-12-10, Version 23.4.0 (Current), @targos",closed,2024-12-03T11:00:34Z,2024-12-10T15:37:24Z,2024-12-10T15:37:24Z,"release, v23.x",v23.x,v23.4.0-proposal,,,,,,,,,False,,27193779,"109660, 30630, None, None"
2212378397,Yeaseen,fs: fix rmSync to handle non-ASCII characters,closed,2024-12-03T10:05:55Z,,2025-02-06T00:17:58Z,"c++, fs, author ready",main,fix-non-ascii-filepath-issue,,,,,,,,,False,,27193779,"109660, 30630, None, None"
2211245420,JakobJingleheimer,"cli: allow test coverage, module mocks, and snapshots in `NODE_OPTIONS`",closed,2024-12-02T20:22:06Z,,2025-02-05T09:27:37Z,"c++, needs-ci, lts-watch-v22.x",main,opts/expand-allowlist-node_options,,,,,,,,,False,,27193779,"109660, 30630, None, None"
2210822088,pmarchini,test_runner: refactor runner.js,open,2024-12-02T16:43:52Z,,,"needs-ci, test_runner",main,test_runner/refactor_run_test_file,,,,,,,,,False,,27193779,"109660, 30630, None, None"
2210705076,pimterry,http: add setDefaultHeaders option to http.request,closed,2024-12-02T16:00:38Z,2024-12-12T16:43:10Z,2024-12-12T16:43:10Z,"http, semver-minor, author ready, needs-ci, commit-queue-squash",main,dont-set-default-headers,,,,,,,,,False,,27193779,"109660, 30630, None, None"
2210421212,addaleax,build: fix C string encoding for `PRODUCT_DIR_ABS`,closed,2024-12-02T13:52:23Z,,2024-12-12T18:34:21Z,"build, openssl, tools, author ready, needs-ci, gyp, dependencies, commit-queue-rebase, dont-land-on-v20.x",main,gyp-handle-cstring-productdir,,,,,,,,,False,,27193779,"109660, 30630, None, None"
2210372885,huseyinacacak-janea,"fs,win: fix readdir for named pipe",closed,2024-12-02T13:30:13Z,2024-12-10T13:31:21Z,2024-12-10T13:31:22Z,"c++, fs, path, author ready, needs-ci, commit-queue-squash",main,huseyin-12718-readdir-named-pipe,,,,,,,,,False,,27193779,"109660, 30630, None, None"
2210010650,panva,crypto: ensure CryptoKey usages and algorithm are cached objects,closed,2024-12-02T10:34:32Z,2024-12-04T10:46:28Z,2024-12-04T10:46:28Z,"crypto, author ready, needs-ci, webcrypto, web-standards",main,ensure-cached-slots,,,,,,,,,False,,27193779,"109660, 30630, None, None"
2209514958,MGorkov,child_process: fix parsing messages with splitted length field,closed,2024-12-02T05:51:46Z,2025-01-18T19:39:57Z,2025-01-18T19:39:57Z,"child_process, needs-ci, commit-queue-squash",main,fix/child_process_advanced,,,,,,,,,False,,27193779,"109660, 30630, None, None"
2209074098,dependabot[bot],meta: bump github/codeql-action from 3.27.0 to 3.27.5,closed,2024-12-01T18:23:34Z,2024-12-03T20:03:02Z,2024-12-03T20:03:02Z,"meta, dependencies, github_actions",main,dependabot/github_actions/github/codeql-action-3.27.5,,,,,,,,,False,,27193779,"109660, 30630, None, None"
2209074068,dependabot[bot],meta: bump actions/checkout from 4.1.7 to 4.2.2,closed,2024-12-01T18:23:29Z,2024-12-03T20:02:26Z,2024-12-03T20:02:26Z,"meta, dependencies, github_actions",main,dependabot/github_actions/actions/checkout-4.2.2,,,,,,,,,False,,27193779,"109660, 30630, None, None"
2209073990,dependabot[bot],meta: bump step-security/harden-runner from 2.10.1 to 2.10.2,closed,2024-12-01T18:23:19Z,2024-12-03T20:02:12Z,2024-12-03T20:02:12Z,"meta, dependencies, github_actions",main,dependabot/github_actions/step-security/harden-runner-2.10.2,,,,,,,,,False,,27193779,"109660, 30630, None, None"
2209073956,dependabot[bot],meta: bump actions/setup-node from 4.0.3 to 4.1.0,closed,2024-12-01T18:23:15Z,2024-12-03T20:01:57Z,2024-12-03T20:01:57Z,"meta, dependencies, github_actions",main,dependabot/github_actions/actions/setup-node-4.1.0,,,,,,,,,False,,27193779,"109660, 30630, None, None"
2209070074,dependabot[bot],tools: bump the eslint group in /tools/eslint with 4 updates,closed,2024-12-01T18:13:53Z,2024-12-09T10:13:58Z,2024-12-09T10:13:58Z,"tools, author ready, dependencies, javascript",main,dependabot/npm_and_yarn/tools/eslint/eslint-b072ed2b8e,,,,,,,,,False,,27193779,"109660, 30630, None, None"
2208946984,puskin94,"assert: partialDeepStrictEqual now handles comparisons of ArrayBuffers, SharedArrayBuffers and Int16Arrays",closed,2024-12-01T14:13:09Z,2024-12-08T22:41:26Z,2024-12-08T22:41:26Z,"assert, author ready, needs-ci",main,partial-deep-strict-equal-array-buffer-int-16-array,,,,,,,,,False,,27193779,"109660, 30630, None, None"
2208829519,gorankarlic,Add test for #55913,open,2024-12-01T09:54:22Z,,,"test, needs-ci",main,fix-55913,,,,,,,,,False,,27193779,"109660, 30630, None, None"
2208637672,nodejs-github-bot,deps: update ngtcp2 to 1.9.1,closed,2024-12-01T00:40:14Z,2024-12-06T06:53:17Z,2024-12-06T06:53:17Z,"needs-ci, quic, dependencies, dont-land-on-v20.x",main,actions/tools-update-ngtcp2,,,,,,,,,False,,27193779,"109660, 30630, None, None"
2208637584,nodejs-github-bot,deps: update sqlite to 3.47.1,closed,2024-12-01T00:40:00Z,2024-12-03T01:04:38Z,2024-12-03T01:04:38Z,"needs-ci, dependencies, dont-land-on-v20.x, sqlite",main,actions/tools-update-sqlite,,,,,,,,,False,,27193779,"109660, 30630, None, None"
2208622368,nodejs-github-bot,test: update WPT for WebCryptoAPI to 3e3374efde,closed,2024-12-01T00:05:59Z,,2024-12-04T14:44:39Z,"test, author ready, needs-ci, commit-queue-rebase",main,actions/update-wpt-WebCryptoAPI,,,,,,,,,False,,27193779,"109660, 30630, None, None"
2208575203,GeoffreyBooth,module: remove --experimental-default-type,closed,2024-11-30T22:04:07Z,2024-12-02T22:43:56Z,2024-12-02T22:43:56Z,"module, lib / src, baking-for-lts, esm, author ready",main,remove-default-type,,,,,,,joyeecheung,,False,,27193779,"109660, 30630, None, None"
2208508185,cu8code,test_runner: introduce NODE_TEST_WORKER_ID for improved concurrent te…,closed,2024-11-30T19:36:22Z,,2025-01-06T04:04:17Z,"needs-ci, test_runner",main,55842,,,,,,,,,False,,27193779,"109660, 30630, None, None"
2208018571,Flarna,"Revert ""path,win: fix bug in resolve and normalize""",closed,2024-11-29T23:12:08Z,,2024-12-05T17:38:37Z,"c++, path, author ready, needs-ci, revert, commit-queue-rebase",main,revert-win-path-resolve,,,,,,,,,False,,27193779,"109660, 30630, None, None"
2207927427,theanarkh,dgram: support blocklist in udp,closed,2024-11-29T20:44:57Z,2024-12-15T14:19:27Z,2024-12-15T14:19:27Z,"dgram, semver-minor, author ready, needs-ci",main,support_blocklist_in_udp,,,,,,,,,False,,27193779,"109660, 30630, None, None"
2207927305,anonrig,src: use std::string_view for process emit fns,closed,2024-11-29T20:44:46Z,2024-12-02T15:08:33Z,2024-12-02T15:08:33Z,"c++, author ready, needs-ci, dont-land-on-v20.x",main,yagiz/use-string-view-in-process-events,,,,,,,,,False,,27193779,"109660, 30630, None, None"
2207896246,mhdawson,doc: add ambassador message - benefits of Node.js,closed,2024-11-29T19:57:19Z,,2024-12-10T22:14:38Z,"doc, commit-queue-failed",main,ambassador-message,,,,,,,,,False,,27193779,"109660, 30630, None, None"
2207868548,theanarkh,dgram: check udp buffer size to avoid fd leak,closed,2024-11-29T19:22:59Z,2024-12-02T04:48:53Z,2024-12-02T04:48:53Z,"dgram, needs-ci",main,check_buffer_size_to_avoid_fd_leak,,,,,,,,,False,,27193779,"109660, 30630, None, None"
2207862848,anonrig,src: converts args to std::span<std::string_view>,closed,2024-11-29T19:15:04Z,,2024-12-11T00:44:23Z,"c++, semver-major, lib / src, needs-ci",main,yagiz/convert-args,,,,,,,,,True,,27193779,"109660, 30630, None, None"
2207820118,Flarna,src: add async context frame to AsyncResource,closed,2024-11-29T18:19:12Z,2024-12-01T18:28:25Z,2024-12-01T18:28:25Z,"c++, semver-major, author ready, needs-ci, async_local_storage",main,async_resource_frame,,,,,,,,,False,,27193779,"109660, 30630, None, None"
2207744721,anonrig,src: avoid copy on getV8FastApiCallCount,closed,2024-11-29T17:14:44Z,2024-12-01T17:27:16Z,2024-12-01T17:27:16Z,"c++, author ready, needs-ci",main,yagiz/avoid-copy-getV8FastApiCallCount,,,,,,,lemire,,False,,27193779,"109660, 30630, None, None"
2207732264,anonrig,src: avoid copy by using std::views::keys,closed,2024-11-29T17:05:48Z,2025-02-06T16:12:31Z,2025-02-06T16:12:31Z,"c++, author ready, needs-ci, dont-land-on-v18.x, dont-land-on-v20.x, dont-land-on-v22.x",main,yagiz/avoid-vec-copy,,,,,,,"tniessen, richardlau",,False,,27193779,"109660, 30630, None, None"
2207672933,theanarkh,net: support blocklist for net.Server,closed,2024-11-29T16:26:26Z,2024-12-02T15:21:32Z,2024-12-02T15:21:32Z,"net, semver-minor, author ready, needs-ci",main,support_blocklist_in_net_server,,,,,,,,,False,,27193779,"109660, 30630, None, None"
2207671490,jasnell,net: add net.BlockList.isBlockList(value),closed,2024-11-29T16:25:19Z,,2024-12-04T15:48:59Z,"semver-minor, author ready",main,add-isblocklist,,,,,,,tniessen,,False,,27193779,"109660, 30630, None, None"
2207641118,jasnell,net: add SocketAddress.parse,closed,2024-11-29T16:01:24Z,,2024-12-04T17:29:48Z,"net, semver-minor, author ready",main,add-socketaddress-parse,,,,,,,tniessen,,False,,27193779,"109660, 30630, None, None"
2207599155,theanarkh,net: support blockList in net.connect,closed,2024-11-29T15:32:07Z,2024-12-06T04:36:24Z,2024-12-06T04:36:24Z,"net, semver-minor, errors, author ready, needs-ci",main,support_blocklist_in_net_connect,,,,,,,"targos, lpinca",,False,,27193779,"109660, 30630, None, None"
2207582733,JakobJingleheimer,[v22.x backport] module: add `findPackageJSON` util,closed,2024-11-29T15:21:07Z,2024-12-10T21:22:54Z,2024-12-10T21:22:54Z,"lib / src, needs-ci, v22.x",v22.x-staging,backport/add-findPackageJSON-util,,,,,,,ruyadorno,,False,,27193779,"109660, 30630, None, None"
2207417925,StefanStojanovic,deps: cherry-pick 88260bf from node-gyp upstream,closed,2024-11-29T13:43:31Z,,2024-12-06T09:11:00Z,"windows, build, npm, fast-track, needs-ci",main,mefi-node-gyp-clang,,,,,,,legendecas,,False,,27193779,"109660, 30630, None, None"
2207262466,MattiasBuelens,web streams: commit pull-into descriptors after filling from queue,closed,2024-11-29T12:08:50Z,,2024-12-07T03:45:22Z,"author ready, web streams, commit-queue-rebase, dont-land-on-v20.x",main,web-streams-commit-pull-intos-after-filling,,,,,,,,,False,,27193779,"109660, 30630, None, None"
2207143558,legendecas,"src,build: add no user defined deduction guides of CTAD check",closed,2024-11-29T10:53:20Z,2024-12-06T09:44:11Z,2024-12-06T09:44:11Z,"build, author ready, needs-ci",main,build/ctad,,,,,,,,,False,,27193779,"109660, 30630, None, None"
2206970014,nodejs-github-bot,deps: update undici to 7.0.0,closed,2024-11-29T09:12:39Z,2024-12-02T20:59:25Z,2024-12-02T20:59:25Z,"semver-major, notable-change, author ready, needs-ci, dependencies, commit-queue-squash",main,actions/tools-update-undici,,,,,,,ronag,,False,,27193779,"109660, 30630, None, None"
2206806090,targos,tools: fix update-undici script,closed,2024-11-29T07:16:14Z,2024-11-29T09:09:05Z,2024-11-29T09:09:05Z,"tools, fast-track",main,fix-update-undici,,,,,,,,,False,,27193779,"109660, 30630, None, None"
2206798926,technic960183,report: fix typos in memory limit units,closed,2024-11-29T07:10:40Z,2024-12-13T11:28:30Z,2024-12-13T11:28:30Z,"c++, semver-minor, needs-ci, report",main,fix-report-unit-typo,,,,,,,,,False,,27193779,"109660, 30630, None, None"
2206608803,jazelly,stream: validate undefined sizeAlgorithm in WritableStream,closed,2024-11-29T03:35:09Z,2024-12-20T06:57:35Z,2024-12-20T06:57:35Z,"author ready, needs-ci, web streams, web-standards",main,fix-56014,,,,,,,,,False,,27193779,"109660, 30630, None, None"
2206384993,Flarna,src: remove dead code in async_wrap,closed,2024-11-28T21:56:22Z,2024-12-01T18:50:16Z,2024-12-01T18:50:16Z,"c++, async_hooks, author ready, needs-ci",main,async_wrap_deadcode,,,,,,,,,False,,27193779,"109660, 30630, None, None"
2206242644,anonrig,src: modernize cleanup queue to use c++20,closed,2024-11-28T18:46:25Z,2025-01-31T13:27:33Z,2025-01-31T13:27:34Z,"c++, author ready, needs-ci, dont-land-on-v18.x, dont-land-on-v20.x, dont-land-on-v22.x, dont-land-on-v23.x",main,yagiz/simplify-cleanup-queue,,,,,,,tniessen,,False,,27193779,"109660, 30630, None, None"
2206230155,anonrig,src: add missing qualifiers to env.cc,closed,2024-11-28T18:32:31Z,2024-12-03T14:05:50Z,2024-12-03T14:05:50Z,"c++, author ready, needs-ci",main,yagiz/refactor-env-cc,,,,,,,"joyeecheung, tniessen, mcollina, lemire",,False,,27193779,"109660, 30630, None, None"
2206176769,pmarchini,test_runner: exclude test files from coverage by default,closed,2024-11-28T17:43:12Z,2024-12-17T11:10:18Z,2024-12-17T11:10:18Z,"author ready, needs-ci, commit-queue-squash, test_runner, backport-requested-v22.x",main,issue/53508,,,,,,,jakecastelli,,False,,27193779,"109660, 30630, None, None"
2206164612,jasnell,src: use spaceship operator in SocketAddress,closed,2024-11-28T17:32:25Z,,2024-12-03T15:15:32Z,"c++, needs-ci, dont-land-on-v20.x",main,node-sockaddr-cleanup,,,,,,,,,False,,27193779,"109660, 30630, None, None"
2206156246,RafaelGSS,[v22.x backport] permission: ignore internalModuleStat on module loading,closed,2024-11-28T17:24:48Z,2024-12-10T21:32:15Z,2024-12-10T21:32:15Z,"c++, fs, module, author ready, needs-ci, v22.x",v22.x-staging,backport-55797-to-v22,,,,,,,,,False,,27193779,"109660, 30630, None, None"
2206149751,LiviaMedeiros,fs: make mutating `options` in `readdir()` not affect results,closed,2024-11-28T17:18:59Z,,2024-12-12T21:25:56Z,"fs, needs-ci, commit-queue-rebase",main,fs-readdir-async-options-mutation,,,,,,,BridgeAR,,False,,27193779,"109660, 30630, None, None"
2205993038,RafaelGSS,[v22.x backport] src: add cli option to exclude env vars on dr ,closed,2024-11-28T15:29:29Z,2024-12-10T21:28:14Z,2024-12-10T21:28:14Z,"c++, lib / src, author ready, needs-ci, commit-queue-rebase, v22.x",v22.x-staging,backport-55697-to-v22,,,,,,,,,False,,27193779,"109660, 30630, None, None"
2205949830,aduh95,tools: update `create-release-proposal` workflow,closed,2024-11-28T15:03:57Z,2024-12-05T20:33:44Z,2024-12-05T20:33:44Z,"meta, tools, commit-queue-squash",main,create-release-proposal,,,,,,,,,False,,27193779,"109660, 30630, None, None"
2205450865,lpinca,test: move test-worker-arraybuffer-zerofill to parallel,closed,2024-11-28T10:45:00Z,2024-12-01T07:13:10Z,2024-12-01T07:13:10Z,"test, needs-ci",main,remove/flaky-test-worker-arraybuffer-zerofill,,,,,,,,,False,,27193779,"109660, 30630, None, None"
2205399253,lpinca,test: remove test-fs-utimes flaky designation,closed,2024-11-28T10:19:34Z,2024-12-06T06:42:07Z,2024-12-06T06:42:07Z,"test, needs-ci",main,remove/flaky-test-fs-utimes,,,,,,,,,False,,27193779,"109660, 30630, None, None"
2205380101,lpinca,test: remove test-sqlite-statement-sync flaky designation,closed,2024-11-28T10:11:25Z,2024-12-17T13:06:23Z,2024-12-17T13:06:24Z,"test, needs-ci, dont-land-on-v20.x",main,remove/flaky-test-sqlite-statement-sync,,,,,,,,,False,,27193779,"109660, 30630, None, None"
2205328970,lpinca,test: deflake test-esm-loader-hooks-inspect-brk,closed,2024-11-28T09:46:16Z,2024-12-19T22:30:29Z,2024-12-19T22:30:29Z,"test, author ready, needs-ci",main,deflake/test-esm-loader-hooks-inspect-brk,,,,,,,,,False,,27193779,"109660, 30630, None, None"
2205178221,lpinca,test: remove async-hooks/test-writewrap flaky designation,closed,2024-11-28T08:26:22Z,2024-12-20T06:49:20Z,2024-12-20T06:49:20Z,"test, async_hooks, needs-ci",main,remove/flaky-test-writewrap,,,,,,,,,False,,27193779,"109660, 30630, None, None"
2204606302,anonrig,"src,lib: remove the cost of encoding parameter serialization",open,2024-11-28T01:10:38Z,,,"semver-major, lib / src, needs-ci",main,yagiz/remove-cost-of-encoding,,,,,,,,,False,,27193779,"109660, 30630, None, None"
2204548134,tniessen,doc: rename file to advocacy-ambassador-program.md,closed,2024-11-28T00:27:13Z,2024-11-30T18:41:06Z,2024-11-30T18:41:06Z,"doc, author ready",main,rename-advocacy-ambassador-program,,,,,,,,,False,,27193779,"109660, 30630, None, None"
2204520292,nodejs-github-bot,test: update WPT for WebCryptoAPI to ecf39b605f,closed,2024-11-28T00:05:22Z,,2024-11-28T06:47:57Z,"test, needs-ci",main,actions/update-wpt-WebCryptoAPI,,,,,,,,,False,,27193779,"109660, 30630, None, None"
2204254700,RafaelGSS,meta: add releasers as CODEOWNERS to proposal action,closed,2024-11-27T20:56:26Z,2024-11-29T21:04:28Z,2024-11-29T21:04:28Z,"meta, author ready",main,add-releasers-codeowners-proposal-action,,,,,,,,,False,,27193779,"109660, 30630, None, None"
2204252256,RafaelGSS,build: remove defaults for create-release-proposal,closed,2024-11-27T20:54:53Z,2024-11-30T02:14:00Z,2024-11-30T02:14:01Z,"meta, author ready",main,remove-default-release-proposal,,,,,,,,,False,,27193779,"109660, 30630, None, None"
2204192237,RafaelGSS,lib: fix fs.readdir recursive async,closed,2024-11-27T20:05:17Z,2024-12-05T20:25:25Z,2024-12-05T20:25:25Z,"fs, author ready, needs-ci, commit-queue-squash",main,fix-readdir-async-throw,,,,,,,,,False,,27193779,"109660, 30630, None, None"
2204116022,nodejs-github-bot,"2024-12-03, Version 22.12.0 'Jod' (LTS)",closed,2024-11-27T19:05:41Z,,2024-12-03T21:14:16Z,"release, v22.x",v22.x,v22.12.0-proposal,,,,,,,,,False,,27193779,"109660, 30630, None, None"
2204107179,mertcanaltin,test: migrate tests to use node:test module for better test structure for sequential,open,2024-11-27T18:59:36Z,,,"test, blocked, needs-ci",main,test/refactor-sequential,,,,,,,,,False,,27193779,"109660, 30630, None, None"
2204099851,mertcanaltin,test: migrate tests to use node:test module for better test structure for report worker,open,2024-11-27T18:53:49Z,,,"test, blocked, needs-ci, report",main,test/refactor-report-worker,,,,,,,,,False,,27193779,"109660, 30630, None, None"
2204097948,mertcanaltin,test: migrate tests to use node:test module for better test structure for worker take heapsnapshot,open,2024-11-27T18:52:20Z,,,"test, blocked, needs-ci",main,test/refactor-worker-take-heapsnapshot,,,,,,,,,False,,27193779,"109660, 30630, None, None"
2204095405,mertcanaltin,test: migrate tests to use node:test module for better test structure for zlib empty buffer,open,2024-11-27T18:50:24Z,,,"test, blocked, needs-ci",main,test/refactor-zlib-empty-buffer,,,,,,,,,False,,27193779,"109660, 30630, None, None"
2204092062,mertcanaltin,test: migrate tests to use node:test module for better test structure for eventtarget once twice,open,2024-11-27T18:47:50Z,,,"test, blocked, needs-ci",main,test/refactor-eventtarget-once-twice,,,,,,,,,False,,27193779,"109660, 30630, None, None"
2204087183,mertcanaltin,test: migrate tests to use node:test module for better test structure for double tls server,open,2024-11-27T18:44:03Z,,,"test, blocked, needs-ci",main,test/refactor-double-tls-server,,,,,,,,,False,,27193779,"109660, 30630, None, None"
2204084313,mertcanaltin,test: migrate tests to use node:test module for better test structure for C Ares,open,2024-11-27T18:41:51Z,,,"test, blocked, needs-ci",main,test/refactor-c-ares,,,,,,,,,False,,27193779,"109660, 30630, None, None"
2204082192,mertcanaltin,test: migrate tests to use node:test module for better test structure for async wrap,open,2024-11-27T18:40:12Z,,,"test, blocked, needs-ci",main,test/refactor-async-wrap,,,,,,,,,False,,27193779,"109660, 30630, None, None"
2204078814,mertcanaltin,test: migrate tests to use node:test module for better test structure for FS,open,2024-11-27T18:37:36Z,,,"test, blocked, needs-ci",main,test/refactor-fs,,,,,,,,,False,,27193779,"109660, 30630, None, None"
2204073859,mertcanaltin,test: migrate tests to use node:test module for better test structure for webcrypto,open,2024-11-27T18:33:45Z,,,"test, blocked, needs-ci",main,test/refactor-webcrypto,,,,,,,,,False,,27193779,"109660, 30630, None, None"
2204065051,mertcanaltin,test: migrate tests to use node:test module for better test structure for worker test,open,2024-11-27T18:27:06Z,,,"test, blocked, needs-ci",main,test/refactor-worker,,,,,,,anonrig,,False,,27193779,"109660, 30630, None, None"
2203829574,anonrig,doc: add restrictions around node:test usage,open,2024-11-27T16:07:31Z,,,doc,main,yagiz/add-usage-of-node-test,,,,,,,lpinca,,False,,27193779,"109660, 30630, None, None"
2203751970,aduh95,test: ensure `cli.md` is in alphabetical order,closed,2024-11-27T15:27:42Z,2024-12-05T13:49:28Z,2024-12-05T13:49:28Z,"author ready, needs-ci, dont-land-on-v18.x, dont-land-on-v20.x",main,cli-alpha-order,,,,,,,,,False,,27193779,"109660, 30630, None, None"
2203749212,mertcanaltin,[wip] test: Migrate tests to use node:test module for better test structure,closed,2024-11-27T15:26:19Z,,2024-12-17T19:51:41Z,"test, needs-ci, report",main,test/refactor-node-test-usage,,,,,,,"panva, joyeecheung, anonrig, mcollina, targos, mhdawson, marco-ippolito, jasnell",,False,,27193779,"109660, 30630, None, None"
2203651066,kimtaejin3,lib: add validation for options in compileFunction,closed,2024-11-27T14:40:37Z,2024-12-06T06:53:06Z,2024-12-06T06:53:06Z,"vm, author ready, needs-ci",main,enhancement/compileFunction-options-validation,,,,,,,,,False,,27193779,"109660, 30630, None, None"
2203542618,mertcanaltin,fs: enable chunked reading for large files in readFileHandle,open,2024-11-27T13:49:54Z,,,"fs, errors, needs-ci, review wanted",main,dev-55864,,,,,,,"joyeecheung, anonrig, JakobJingleheimer, RafaelGSS, BridgeAR, pmarchini, addaleax",,False,,27193779,"109660, 30630, None, None"
2203413791,richardlau,[v22.x backport] build: use glob for dependencies of out/Makefile,closed,2024-11-27T12:47:47Z,2024-12-10T21:31:13Z,2024-12-10T21:31:13Z,"build, needs-ci, v22.x",v22.x-staging,v22.x-makefile-deps,,,,,,,,,False,,27193779,"109660, 30630, None, None"
2203381994,panva,doc: fix deprecation codes,closed,2024-11-27T12:31:43Z,2024-11-27T13:16:21Z,2024-11-27T13:16:21Z,"doc, fast-track, deprecations",main,fix-deprecation-codes,,,,,,,,,False,,27193779,"109660, 30630, None, None"
2202983200,codebytere,build: allow overriding clang usage,closed,2024-11-27T09:18:40Z,2024-12-03T14:17:49Z,2024-12-03T14:17:49Z,"build, embedding, author ready, needs-ci",main,allow-configure-clang,,,,,,,targos,,False,,27193779,"109660, 30630, None, None"
2202698457,jazelly,[v22.x backport] lib: convert transfer sequence to array in js,closed,2024-11-27T06:44:57Z,,2024-11-27T13:45:08Z,"lib / src, needs-ci, v22.x",v22.x-staging,backport-55317,,,,,,,,,False,,27193779,"109660, 30630, None, None"
2202285182,louwers,doc: add added tag and fix typo sqlite.md,closed,2024-11-27T01:47:06Z,2024-11-27T20:56:41Z,2024-11-27T20:56:41Z,"doc, fast-track, author ready, dont-land-on-v20.x, sqlite",main,sqlite-docs,,,,,,,,,False,,27193779,"109660, 30630, None, None"
2202170953,himself65,sqlite: deps include `sqlite3ext.h`,closed,2024-11-27T00:30:11Z,2024-11-29T18:10:40Z,2024-11-29T18:10:40Z,"tools, author ready, needs-ci, dependencies, dont-land-on-v20.x, sqlite",main,himself65/20241126/include_ext,,,,,,,"lpinca, richardlau",,False,,27193779,"109660, 30630, None, None"
2202132300,nodejs-github-bot,test: update WPT for WebCryptoAPI to ecf39b605f,closed,2024-11-27T00:05:19Z,,2024-11-27T06:51:24Z,"test, needs-ci",main,actions/update-wpt-WebCryptoAPI,,,,,,,,,False,,27193779,"109660, 30630, None, None"
2202112329,aduh95,tools: allow dispatch of `tools.yml` from forks,closed,2024-11-26T23:47:44Z,2024-11-28T23:52:38Z,2024-11-28T23:52:38Z,"meta, author ready",main,tool-updater-forks,,,,,,,,,False,,27193779,"109660, 30630, None, None"
2202106932,aduh95,tools: fix nghttp3 updater script,closed,2024-11-26T23:42:35Z,2024-11-28T23:52:23Z,2024-11-28T23:52:23Z,"meta, tools, author ready, commit-queue-squash",main,fix-nghttp3-updater,,,,,,,,,False,,27193779,"109660, 30630, None, None"
2201576234,aduh95,tools: update WPT updater,closed,2024-11-26T17:30:42Z,2024-11-26T20:04:42Z,2024-11-26T20:04:42Z,"meta, fast-track, author ready",main,wpt-updater-update,,,,,,,,,False,,27193779,"109660, 30630, None, None"
2201369556,geeksilva97,lib: clean up persisted signals when they are settled,closed,2024-11-26T16:05:32Z,2024-12-08T12:24:10Z,2024-12-08T12:24:10Z,"author ready, needs-ci",main,abort-controller-mem-leak,,,,,,,benjamingr,,False,,27193779,"109660, 30630, None, None"
2201324996,theanarkh,src: fix check fd,closed,2024-11-26T15:46:04Z,2024-11-28T16:26:17Z,2024-11-28T16:26:17Z,"c++, author ready, needs-ci",main,fix_check_fd,,,,,,,,,False,,27193779,"109660, 30630, None, None"
2201038208,nodejs-github-bot,test: update WPT for url to 67880a4eb8,closed,2024-11-26T13:45:56Z,2024-11-28T13:55:51Z,2024-11-28T13:55:51Z,"test, needs-ci",main,actions/update-wpt-url,,,,,,,,,False,,27193779,"109660, 30630, None, None"
2200777350,gurgunday,fs: cache ReadFileContext after lazy loading,closed,2024-11-26T11:53:25Z,2024-11-28T12:00:52Z,2024-11-28T12:00:52Z,"fs, author ready, needs-ci",main,lazyloadRFC,,,,,,,,,False,,27193779,"109660, 30630, None, None"
2200536971,panva,"test,crypto: update WebCryptoAPI WPT",closed,2024-11-26T10:11:29Z,2024-11-28T10:23:14Z,2024-11-28T10:23:14Z,"crypto, test, author ready, needs-ci, webcrypto",main,bump-webcrypto,,,,,,,,,False,,27193779,"109660, 30630, None, None"
2199770485,bartlomieju,lib: handle Float16Array in node:v8 serdes,closed,2024-11-26T01:52:10Z,2024-12-07T18:24:29Z,2024-12-07T18:24:29Z,"author ready, needs-ci, commit-queue-squash, dont-land-on-v18.x, dont-land-on-v20.x",main,v8_serde_float16,,,,,,,,,False,,27193779,"109660, 30630, None, None"
2199390594,pmarchini,lib: refactor code to improve readability,closed,2024-11-25T20:41:00Z,2024-11-27T20:48:22Z,2024-11-27T20:48:22Z,"util, author ready, needs-ci, backport-blocked-v22.x",main,refactor/util-colors-export,,,,,,,jasnell,,False,,27193779,"109660, 30630, None, None"
2198752795,RafaelGSS,doc: add create-release-action to process,closed,2024-11-25T15:36:02Z,2024-12-03T13:22:48Z,2024-12-03T13:22:49Z,"doc, author ready, commit-queue-squash",main,mention-create-release-proposal,,,,,,,,,False,,27193779,"109660, 30630, None, None"
2198645649,RafaelGSS,doc: add FAQ to releases section,closed,2024-11-25T14:50:17Z,2024-11-27T14:57:13Z,2024-11-27T14:57:13Z,"doc, author ready, commit-queue-squash",main,add-faq-release-errors,,,,,,,,,False,,27193779,"109660, 30630, None, None"
2198547871,lpinca,doc: move history entry to class description,closed,2024-11-25T14:10:01Z,2024-11-27T14:24:53Z,2024-11-27T14:24:53Z,"util, doc, author ready",main,move/histroy-entry-to-class,,,,,,,,,False,,27193779,"109660, 30630, None, None"
2198546644,lpinca,doc: add history entry for textEncoder.encodeInto(),closed,2024-11-25T14:09:28Z,2024-11-27T14:11:49Z,2024-11-27T14:11:50Z,"util, doc, author ready",main,fix/issue-55938,,,,,,,,,False,,27193779,"109660, 30630, None, None"
2198016968,lpinca,doc: remove confusing and outdated sentence,closed,2024-11-25T10:13:43Z,2024-11-27T10:26:27Z,2024-11-27T10:26:27Z,"doc, stream, author ready",main,fix/issue-55987,,,,,,,,,False,,27193779,"109660, 30630, None, None"
2196962443,jasnell,quic: more work on quic,closed,2024-11-24T20:38:36Z,,2024-11-28T17:54:28Z,"lib / src, author ready, quic",main,get-quic-working-part1,,,,,,,tniessen,,False,,27193779,"109660, 30630, None, None"
2196956596,cjihrig,sqlite: add support for custom functions,closed,2024-11-24T20:24:22Z,2024-12-12T16:48:12Z,2024-12-12T16:48:12Z,"c++, author ready, sqlite",main,sqlite-funcs,,,,,,,juanarbol,,False,,27193779,"109660, 30630, None, None"
2196700842,islandryu,src: safely remove the last line from dotenv,closed,2024-11-24T10:01:16Z,2024-11-26T10:12:50Z,2024-11-26T10:12:50Z,"c++, author ready, needs-ci, dont-land-on-v18.x, lts-watch-v20.x",main,fix/dotenv-final-newline,,,,,,,,,False,,27193779,"109660, 30630, None, None"
2196634347,nodejs-github-bot,deps: update zlib to 1.3.0.1-motley-82a5fec,closed,2024-11-24T06:29:12Z,2024-11-29T06:47:40Z,2024-11-29T06:47:40Z,"c++, zlib, needs-ci, dependencies",main,actions/tools-update-zlib,,,,,,,,,False,,27193779,"109660, 30630, None, None"
2196476075,nodejs-github-bot,deps: update zlib to 1.3.0.1-motley-82a5fec,closed,2024-11-24T00:36:30Z,,2024-11-24T06:27:03Z,"zlib, lib / src, needs-ci, dependencies",main,actions/tools-update-zlib,,,,,,,,,False,,27193779,"109660, 30630, None, None"
2196475904,nodejs-github-bot,deps: update corepack to 0.30.0,closed,2024-11-24T00:35:45Z,2024-11-26T01:02:35Z,2024-11-26T01:02:35Z,"author ready, needs-ci, dependencies, lts-watch-v20.x",main,actions/tools-update-corepack,,,,,,,,,False,,27193779,"109660, 30630, None, None"
2196475847,nodejs-github-bot,deps: update nghttp3 to 1.6.0,closed,2024-11-24T00:35:31Z,,2024-12-15T00:29:29Z,"needs-ci, quic, dependencies",main,actions/tools-update-nghttp3,,,,,,,,,False,,27193779,"109660, 30630, None, None"
2196475795,nodejs-github-bot,deps: update ngtcp2 to 1.9.0,closed,2024-11-24T00:35:20Z,2024-11-26T01:01:52Z,2024-11-26T01:01:53Z,"needs-ci, quic, dependencies, commit-queue-squash, dont-land-on-v20.x",main,actions/tools-update-ngtcp2,,,,,,,,,False,,27193779,"109660, 30630, None, None"
2196475755,nodejs-github-bot,deps: update googletest to f3c355f,closed,2024-11-24T00:35:12Z,,2024-12-26T14:59:39Z,"test, needs-ci, dependencies",main,actions/tools-update-googletest,,,,,,,,,False,,27193779,"109660, 30630, None, None"
2196475735,nodejs-github-bot,deps: update simdutf to 5.6.3,closed,2024-11-24T00:35:09Z,2024-11-26T01:01:45Z,2024-11-26T01:01:45Z,"author ready, needs-ci, dependencies, lts-watch-v20.x",main,actions/tools-update-simdutf,,,,,,,,,False,,27193779,"109660, 30630, None, None"
2196368188,jasnell,quic: separate stats and symbols into separate files,closed,2024-11-23T18:59:04Z,,2024-11-26T00:21:51Z,"author ready, quic",main,more-cleanup-on-quic-js,,,,,,,"Qard, tniessen",,False,,27193779,"109660, 30630, None, None"
2196347204,aduh95,assert: optimize partial comparison of two `Set`s,closed,2024-11-23T18:19:50Z,2024-11-25T18:25:04Z,2024-11-25T18:25:04Z,"assert, author ready, needs-ci",main,optimize-set-partial-comp,,,,,,,,,False,,27193779,"109660, 30630, None, None"
2196223624,aduh95,build: fix `--shared-sqlite` builds,closed,2024-11-23T12:32:26Z,,2024-12-26T15:48:53Z,"c++, lib / src, needs-ci",main,fix-shared-sqlite,,,,,,,,,False,,27193779,"109660, 30630, None, None"
2196182205,codebytere,doc: improve GN build documentation a bit,closed,2024-11-23T10:19:59Z,2024-11-27T14:11:35Z,2024-11-27T14:11:35Z,doc,main,more-documentation-gn-build,,,,,,,zcbenz,,False,,27193779,"109660, 30630, None, None"
2196179060,codebytere,build: set `node_arch` to `target_cpu` in GN,closed,2024-11-23T10:09:37Z,2024-11-26T10:01:10Z,2024-11-26T10:01:10Z,,main,fix-target-arch,,,,,,,zcbenz,,False,,27193779,"109660, 30630, None, None"
2196163212,ywave620,http2: fix memory leak caused by premature listener removing,closed,2024-11-23T09:15:50Z,2024-11-26T03:25:22Z,2024-11-26T03:25:22Z,"c++, http2, author ready, commit-queue-squash",main,fix-h2leak,,,,,,,,,False,,27193779,"109660, 30630, None, None"
2195997525,hpatel292-seneca,test_runner: add level-based diagnostic handling for reporter,open,2024-11-23T03:05:08Z,,,"needs-ci, commit-queue-squash, test_runner",main,issue-55922-b,,,,,,,,,False,,27193779,"109660, 30630, None, None"
2195956936,cjihrig,test_runner: simplify hook running logic,closed,2024-11-23T02:10:55Z,2024-11-25T02:30:43Z,2024-11-25T02:30:43Z,"author ready, test_runner",main,hooks,,,,,,,,,False,,27193779,"109660, 30630, None, None"
2195858595,aduh95,[v18.x backport] doc: add history entries for JSON modules stabilization,closed,2024-11-23T00:03:50Z,2025-02-10T15:48:03Z,2025-02-10T15:48:03Z,"doc, esm, v18.x",v18.x-staging,json-stable-history,,,,,,,,,False,,27193779,"109660, 30630, None, None"
2195831101,aduh95,[v20.x backport] esm: mark import attributes and JSON module as stable,closed,2024-11-22T23:33:54Z,,2025-01-22T16:09:13Z,"lib / src, needs-ci, v20.x",v20.x-staging,warning-for-import-assertions-20,,,,,,,,,False,,27193779,"109660, 30630, None, None"
2195798599,joyeecheung,module: do not warn when require(esm) comes from node_modules,closed,2024-11-22T23:06:31Z,2024-11-23T11:28:47Z,2024-11-23T11:28:47Z,"module, fast-track, author ready, needs-ci, backport-open-v20.x, backported-to-v22.x",main,no-node-modules-warning-require-esm,,,,,,,,,False,,27193779,"109660, 30630, None, None"
2195723535,FliegendeWurst,test: make HTTP/1.0 connection test more robust,closed,2024-11-22T22:19:49Z,2024-11-24T22:30:39Z,2024-11-24T22:30:39Z,"test, needs-ci, backported-to-v20.x",main,patch-1,,,,,,,,,False,,27193779,"109660, 30630, None, None"
2195595156,cjihrig,test_runner: refactor primordial-based Promise chains,closed,2024-11-22T21:02:13Z,,2024-11-25T07:35:38Z,"commit-queue-failed, commit-queue-rebase, test_runner",main,promises,,,,,,,,,False,,27193779,"109660, 30630, None, None"
2195043178,hpatel292-seneca,test_runner: add level-based diagnostic handling for reporter,closed,2024-11-22T15:59:09Z,,2024-11-23T07:25:52Z,"needs-ci, test_runner",main,issue-55922,,,,,,,,,True,,27193779,"109660, 30630, None, None"
2194530427,peixotoleonardo,build: ignore changes in docs,closed,2024-11-22T11:48:41Z,,2024-11-22T13:58:36Z,meta,main,ci/disable_linux_test,,,,,,,,,False,,27193779,"109660, 30630, None, None"
2193363001,npm-cli-bot,deps: upgrade npm to 10.9.1,closed,2024-11-21T22:18:40Z,2024-11-24T07:55:07Z,2024-11-24T07:55:07Z,"npm, author ready, needs-ci",main,npm-v10.9.1-main,,,,,,,,,False,,27193779,"109660, 30630, None, None"
2193328867,aduh95,tools: filter release keys to reduce interactivity,closed,2024-11-21T21:52:26Z,2024-11-27T20:16:11Z,2024-11-27T20:16:11Z,"tools, author ready",main,filter-release-keys,,,,,,,,,False,,27193779,"109660, 30630, None, None"
2192528911,avivkeller,meta: remove @RedYetiDev from issue triage,closed,2024-11-21T15:06:49Z,2024-11-21T23:37:22Z,2024-11-21T23:37:22Z,"doc, meta, fast-track, author ready",main,patch-526918,,,,,,,,,False,,27193779,"109660, 30630, None, None"
2192342862,peixotoleonardo,doc: add esm example for zlib,closed,2024-11-21T13:57:44Z,2024-11-23T14:04:17Z,2024-11-23T14:04:17Z,"doc, zlib, author ready",main,docs/zlib,,,,,,,,,False,,27193779,"109660, 30630, None, None"
2192171538,targos,tools: use tokenless Codecov uploads,closed,2024-11-21T12:49:57Z,2024-11-25T08:27:26Z,2024-11-25T08:27:26Z,meta,main,codecov-tokenless,,,,,,,,,False,,27193779,"109660, 30630, None, None"
2191297775,juanarbol,"src,lib: handle invalid stdio configuration gracefully",open,2024-11-21T04:54:29Z,,,"child_process, c++, needs-ci",main,juan/mutated-arr,,,,,,,,,False,,27193779,"109660, 30630, None, None"
2190925450,mikesamm,doc: language improvement for --eval cli option,closed,2024-11-20T22:41:35Z,,2024-11-20T22:42:32Z,"doc, cli",main,eval-language-update,,,,,,,,,False,,27193779,"109660, 30630, None, None"
2190894643,mhdawson,doc: document approach for building wasm in deps,closed,2024-11-20T22:17:15Z,2024-11-22T22:25:15Z,2024-11-22T22:25:15Z,doc,main,maintain-wasm-deps,,,,,,,,,False,,27193779,"109660, 30630, None, None"
2190513879,richardlau,doc: fix Node.js 23 column in CHANGELOG.md,closed,2024-11-20T17:52:36Z,2024-11-22T18:01:36Z,2024-11-22T18:01:36Z,"meta, author ready, dont-land-on-v18.x, dont-land-on-v20.x, dont-land-on-v22.x, v23.x",main,changelog,,,,,,,,,False,,27193779,"109660, 30630, None, None"
2190276637,mcollina,doc: add vetted courses to the ambassador benefits,closed,2024-11-20T15:49:07Z,2024-11-25T08:41:13Z,2024-11-25T08:41:13Z,doc,main,add-vetted-courses,,,,,,,,,False,,27193779,"109660, 30630, None, None"
2190268511,mcollina,Add vetted courses,closed,2024-11-20T15:45:19Z,,2024-11-20T15:47:10Z,doc,main,vetted-courses,,,,,,,,,False,,27193779,"109660, 30630, None, None"
2189999808,badkeyy,src: allow unknown sqlite parameters,closed,2024-11-20T13:45:03Z,,2025-02-06T00:31:11Z,"c++, needs-ci, sqlite",main,src/allow-unknown-sqlite-parameters,,,,,,,,,True,,27193779,"109660, 30630, None, None"
2189980002,StefanStojanovic,build: avoid compiling with VS v17.12,closed,2024-11-20T13:36:30Z,2024-11-26T10:12:34Z,2024-11-26T10:12:34Z,"windows, build, needs-ci, dont-land-on-v18.x, dont-land-on-v20.x, dont-land-on-v22.x",main,mefi-exclude-msvc-17-12,,,,,,,,,False,,27193779,"109660, 30630, None, None"
2189436072,codebytere,build: use variable for OpenSSL dep path,closed,2024-11-20T09:19:42Z,2024-11-23T11:06:02Z,2024-11-23T11:06:02Z,"embedding, dependencies",main,crypto_path_variable,,,,,,,,,False,,27193779,"109660, 30630, None, None"
2189427266,codebytere,test: make x509 crypto tests work with BoringSSL,closed,2024-11-20T09:16:37Z,2024-11-22T09:33:07Z,2024-11-22T09:33:07Z,"test, author ready, commit-queue-squash",main,upstream-boringssl-x509-compat,,,,,,,,,False,,27193779,"109660, 30630, None, None"
2187909771,aduh95,tools: add linter for release commit proposals,closed,2024-11-19T15:50:28Z,2024-11-22T18:12:44Z,2024-11-22T18:12:44Z,"meta, author ready, lts-watch-v20.x",main,lint-release-proposal,,,,,,,,,False,,27193779,"109660, 30630, None, None"
2187492487,RafaelGSS,"2024-11-20, Version 23.3.0 (Current), @RafaelGSS",closed,2024-11-19T12:42:37Z,2024-11-20T22:54:50Z,2024-11-20T22:54:50Z,"needs-ci, release, v23.x",v23.x,v23.3.0-proposal,,,,,,,,,False,,27193779,"109660, 30630, None, None"
2187212082,CodingRule,Update os.js,closed,2024-11-19T10:28:33Z,,2024-11-19T11:30:01Z,"os, needs-ci",main,main,,,,,,,,,False,,27193779,"109660, 30630, None, None"
2187165854,CodingRule,Update os.js,closed,2024-11-19T10:08:51Z,,2024-11-19T10:10:42Z,"os, needs-ci",main,main,,,,,,,,,False,,27193779,"109660, 30630, None, None"
2186614353,AVVS,fix(node_http2.cc): remove duplicate codeblock,closed,2024-11-19T04:24:18Z,2024-12-12T14:05:12Z,2024-12-12T14:05:12Z,"c++, http2, needs-ci",main,patch-1,,,,,,,,,False,,27193779,"109660, 30630, None, None"
2186391707,zcbenz,build: fix GN build for sqlite,closed,2024-11-19T00:22:49Z,2024-11-21T00:33:36Z,2024-11-21T00:33:36Z,"author ready, needs-ci, dependencies, dont-land-on-v20.x, sqlite",main,gn-sqlite,,,,,,,,,False,,27193779,"109660, 30630, None, None"
2186222472,avivkeller,test_runner: print coverage threshold errors in red,closed,2024-11-18T22:27:39Z,,2024-11-19T15:38:45Z,"needs-ci, test_runner",main,cov-thres-red,,,,,,,,,False,,27193779,"109660, 30630, None, None"
2185809843,LiviaMedeiros,test: fix determining lower priority,closed,2024-11-18T18:22:07Z,2024-11-20T18:25:05Z,2024-11-20T18:25:05Z,"test, author ready, needs-ci, commit-queue-squash, backported-to-v20.x",main,test-lower-setpriority-actually-working-this-time,,,,,,,,,False,,27193779,"109660, 30630, None, None"
2185659820,jsumners,bootstrap: expose process._rawDebug as a global function,open,2024-11-18T16:58:58Z,,,"semver-major, lib / src, needs-ci",main,global-debug,,,,,,,,,False,,27193779,"109660, 30630, None, None"
2185595818,Rahul5jangir,Update README.md,closed,2024-11-18T16:27:08Z,,2024-11-18T16:27:31Z,doc,main,main,,,,,,,,,False,,27193779,"109660, 30630, None, None"
2185492468,anonrig,test: add fast api tests for getLibuvNow(),open,2024-11-18T15:38:31Z,,,"c++, timers, needs-ci",main,add-fast-api-tests-timers,,,,,,,joyeecheung,,False,,27193779,"109660, 30630, None, None"
2184737729,LiviaMedeiros,tools: lint js in `doc/**/*.md`,closed,2024-11-18T09:58:05Z,2024-11-20T10:10:38Z,2024-11-20T10:10:39Z,"doc, tools, author ready, commit-queue-squash",main,tools-lint-doc-js,,,,,,,,,False,,27193779,"109660, 30630, None, None"
2184605213,codebytere,build: allow unbundling of Node.js dependencies,open,2024-11-18T08:57:05Z,,,embedding,main,upstream-node-bundle-defines,,,,,,,zcbenz,,False,,27193779,"109660, 30630, None, None"
2183854394,kevinuehara,fix: Adjusting ERR_FS_FILE_TOO_LARGE description for I/O Limit,open,2024-11-17T19:42:24Z,,,"doc, errors",main,kevinuehara/fix-file-to-large-error-description,,,,,,,,,False,,27193779,"109660, 30630, None, None"
2183852313,kevinuehara,doc: fixing the crc32 function on documentation,closed,2024-11-17T19:38:54Z,2024-12-24T20:53:53Z,2024-12-24T20:53:53Z,"doc, zlib, commit-queue-squash",main,kevinuehara/fix-slib-crc32,,,,,,,,,False,,27193779,"109660, 30630, None, None"
2183796219,cjihrig,test_runner: mark snapshot testing as stable,closed,2024-11-17T17:29:04Z,2024-11-19T17:37:35Z,2024-11-19T17:37:35Z,"c++, author ready, test_runner",main,test-snapshots,,,,,,,,,False,,27193779,"109660, 30630, None, None"
2183795481,cu8code,lib: resolve the issue of not adhering to the specified buffersize,open,2024-11-17T17:27:03Z,,,"fs, needs-ci",main,55723,,,,,,,,,False,,27193779,"109660, 30630, None, None"
2183720047,cjihrig,test_runner: mark context.plan() as stable,closed,2024-11-17T14:57:35Z,2024-11-19T15:01:31Z,2024-11-19T15:01:31Z,"doc, author ready, test_runner",main,test-plan,,,,,,,,,False,,27193779,"109660, 30630, None, None"
2183625084,dependabot[bot],tools: bump cross-spawn from 7.0.3 to 7.0.5 in /tools/eslint,closed,2024-11-17T11:24:49Z,2024-11-18T14:14:24Z,2024-11-18T14:14:24Z,"tools, fast-track, author ready, dependencies, javascript",main,dependabot/npm_and_yarn/tools/eslint/cross-spawn-7.0.5,,,,,,,,,False,,27193779,"109660, 30630, None, None"
2183560538,Ceres6,doc: deprecate passing invalid types in fs.existsSync,closed,2024-11-17T09:13:18Z,2024-11-25T22:48:24Z,2024-11-25T22:48:24Z,"doc, deprecations, lts-watch-v20.x",main,chore/deprecate-fs-existSync-invalid-types,,,,,,,,,False,,27193779,"109660, 30630, None, None"
2183455965,cjihrig,"doc,lib,src,test: unflag sqlite module",closed,2024-11-17T03:13:47Z,2024-11-19T03:23:18Z,2024-11-19T03:23:18Z,"c++, semver-minor, process, notable-change, author ready, sqlite",main,unflag-sqlite,,,,,,,,,False,,27193779,"109660, 30630, None, None"
2183420514,nodejs-github-bot,deps: update simdutf to 5.6.2,closed,2024-11-17T00:34:56Z,2024-11-19T01:01:06Z,2024-11-19T01:01:06Z,"author ready, needs-ci, dependencies, lts-watch-v20.x",main,actions/tools-update-simdutf,,,,,,,,,False,,27193779,"109660, 30630, None, None"
2183343944,kevinuehara,doc: fixing the crc32 function on documentation,closed,2024-11-16T19:29:13Z,,2024-11-17T19:39:12Z,"doc, zlib",main,kevinuehara/fix-zlib-crc32-doc,,,,,,,,,False,,27193779,"109660, 30630, None, None"
2183322775,jirutka,"build: really enable unbundling of simdjson, simdutf, ada",closed,2024-11-16T18:21:50Z,,2024-11-18T18:25:37Z,"build, author ready, needs-ci, commit-queue-rebase",main,shared-deps,,,,,,,,,False,,27193779,"109660, 30630, None, None"
2183316926,avivkeller,cli: generate man-page,open,2024-11-16T18:02:41Z,,,"build, tools, cli, needs-ci",main,mandoc-gen-test-update,,,,,,,,,False,,27193779,"109660, 30630, None, None"
2183308196,kevinuehara,fix: Adjusting ERR_FS_FILE_TOO_LARGE description for I/O Limit,closed,2024-11-16T17:34:35Z,,2024-11-17T19:47:13Z,"doc, errors",main,kevinuehara/update-file-to-large-error-description,,,,,,,avivkeller,,False,,27193779,"109660, 30630, None, None"
2183293652,aduh95,doc: add history entry for import assertion removal,closed,2024-11-16T16:53:26Z,2024-11-18T16:58:59Z,2024-11-18T16:58:59Z,"doc, esm, author ready, dont-land-on-v18.x, dont-land-on-v20.x",main,import-assertion-removal,,,,,,,,,False,,27193779,"109660, 30630, None, None"
2183232933,Gautamyadav824,Update README.md,closed,2024-11-16T14:54:20Z,,2024-11-16T15:16:57Z,invalid,main,main,,,,,,,,,False,,27193779,"109660, 30630, None, None"
2183168099,targos,lib: remove unused file `fetch_module`,closed,2024-11-16T13:44:48Z,2024-11-18T13:53:46Z,2024-11-18T13:53:46Z,"esm, author ready, needs-ci, backport-requested-v22.x",main,rm-fetch-module,,,,,,,,,False,,27193779,"109660, 30630, None, None"
2183121570,marco-ippolito,v20.18.1 proposal,closed,2024-11-16T13:03:43Z,2024-11-20T14:26:10Z,2024-11-20T14:26:11Z,"needs-ci, release, v20.x",v20.x,v20.18.1-proposal,,,,,,,,,False,,27193779,"109660, 30630, None, None"
2183106650,mika-fischer,[WIP] node-api: fix data race and use-after-free in napi_threadsafe_function ,open,2024-11-16T12:16:20Z,,,"c++, node-api, needs-ci",main,fix-55706,,,,,,,,,False,,27193779,"109660, 30630, None, None"
2183104211,tjaisson,doc: add warning about #55764,closed,2024-11-16T12:08:22Z,,2024-11-20T15:18:03Z,"doc, fs",main,document#55764,,,,,,,,,False,,27193779,"109660, 30630, None, None"
2182588482,dependabot[bot],tools: bump @eslint/plugin-kit from 0.2.0 to 0.2.3 in /tools/eslint,closed,2024-11-15T21:12:53Z,2024-11-17T21:23:02Z,2024-11-17T21:23:02Z,"tools, author ready, dependencies, javascript",main,dependabot/npm_and_yarn/tools/eslint/eslint/plugin-kit-0.2.3,,,,,,,,,False,,27193779,"109660, 30630, None, None"
2182547976,mertcanaltin,module: improve error message for top-level await in CommonJS,open,2024-11-15T20:44:24Z,,,"c++, module, vm, esm, needs-ci, review wanted",main,dev-55776,,,,,,,,,False,,27193779,"109660, 30630, None, None"
2182530545,aduh95,[v18.x] Warning for import assertions,closed,2024-11-15T20:34:31Z,2025-02-13T10:42:35Z,2025-02-13T10:42:35Z,"build, v8 engine, needs-ci, v18.x",v18.x-staging,warning-for-import-assertions,,,,,,,,,False,,27193779,"109660, 30630, None, None"
2182301056,adighule3367,Update README.md,closed,2024-11-15T17:39:07Z,,2024-11-15T18:54:35Z,invalid,main,main,,,,,,,,,False,,27193779,"109660, 30630, None, None"
2181918357,siddiquesk,Update README.md,closed,2024-11-15T14:11:13Z,,2024-11-15T14:32:57Z,invalid,main,main,,,,,,,,,False,,27193779,"109660, 30630, None, None"
2181789125,panva,crypto: allow length=0 for HKDF and PBKDF2 in SubtleCrypto.deriveBits,closed,2024-11-15T13:08:38Z,2024-11-17T13:13:48Z,2024-11-17T13:13:48Z,"crypto, author ready, needs-ci, webcrypto, lts-watch-v20.x, backported-to-v22.x",main,deriveBits-0-length,,,,,,,,,False,,27193779,"109660, 30630, None, None"
2181319178,aduh95,test: skip `setPriority` test if insufficient permissions,closed,2024-11-15T08:23:31Z,,2024-11-20T19:30:43Z,"test, needs-ci",main,test-os-setPriority-EACCES,,,,,,,,,False,,27193779,"109660, 30630, None, None"
2181312310,LiviaMedeiros,"fs: remove `fs.F_OK`, `fs.R_OK`, `fs.W_OK`, `fs.X_OK`",open,2024-11-15T08:18:34Z,,,"fs, semver-major, blocked, deprecations, needs-ci",main,fs-eol-deprecate-moisting-constants,,,,,,,,,False,,27193779,"109660, 30630, None, None"
2181306597,islandryu,src: use wide string for findPackageJson onWindows,open,2024-11-15T08:14:26Z,,,"c++, lib / src, needs-ci",main,fix/nonAscii,,,,,,,,,False,,27193779,"109660, 30630, None, None"
2181254939,rahimadnan01,Update README.md,closed,2024-11-15T07:39:55Z,,2024-11-15T08:46:52Z,"invalid, doc",main,main,,,,,,,,,False,,27193779,"109660, 30630, None, None"
2180730009,avivkeller,test_runner: error on mocking an already mocked date,closed,2024-11-14T23:04:16Z,2024-11-17T10:25:12Z,2024-11-17T10:25:12Z,"author ready, needs-ci, test_runner",main,throw-mock-date,,,,,,,,,False,,27193779,"109660, 30630, None, None"
2180558582,mfdebian,doc: add esm examples to `node:timers`,closed,2024-11-14T20:42:14Z,2024-11-20T23:26:30Z,2024-11-20T23:26:30Z,"doc, timers, author ready, commit-queue-squash",main,docs-timers-esm,,,,,,,,,False,,27193779,"109660, 30630, None, None"
2180159157,aduh95,doc: remove non-working example,closed,2024-11-14T16:39:50Z,2024-11-16T16:43:57Z,2024-11-16T16:43:57Z,"doc, author ready, dont-land-on-v18.x, dont-land-on-v20.x",main,non-wroking-example,,,,,,,,,False,,27193779,"109660, 30630, None, None"
2180139276,aduh95,doc: add history entries for JSON modules stabilization,closed,2024-11-14T16:31:40Z,2024-11-16T16:36:27Z,2024-11-16T16:36:27Z,"doc, esm, author ready, backport-open-v18.x, backport-open-v20.x, backported-to-v22.x, backported-to-v23.x",main,json-stable-history,,,,,,,,,False,,27193779,"109660, 30630, None, None"
2179406244,nodejs-github-bot,deps: update undici to 6.21.0,closed,2024-11-14T10:38:51Z,2024-11-16T22:22:48Z,2024-11-16T22:22:48Z,"lib / src, author ready, needs-ci, dependencies, lts-watch-v20.x",main,actions/tools-update-undici,,,,,,,,,False,,27193779,"109660, 30630, None, None"
2179403668,nodejs-github-bot,deps: update simdutf to 5.6.1,closed,2024-11-14T10:37:32Z,2024-11-16T23:24:13Z,2024-11-16T23:24:13Z,"author ready, needs-ci, dependencies, lts-watch-v20.x",main,actions/tools-update-simdutf,,,,,,,,,False,,27193779,"109660, 30630, None, None"
2179296977,luyahan,build: add a flag v8_enable_simultor,open,2024-11-14T09:48:57Z,,,"build, v8 engine, tools, needs-ci",main,add-flag,,,,,,,,,False,,27193779,"109660, 30630, None, None"
2178807086,sapphi-red,doc: add `node:sqlite` to mandatory `node:` prefix list,closed,2024-11-14T03:58:35Z,2024-11-16T04:05:46Z,2024-11-16T04:05:46Z,"doc, module, author ready, dont-land-on-v20.x, sqlite",main,docs/sqlite-mandatory-node-prefix,,,,,,,,,False,,27193779,"109660, 30630, None, None"
2178764576,abhijeetdodiya28,Update README.md,closed,2024-11-14T03:06:55Z,,2024-11-14T03:28:37Z,doc,main,main,,,,,,,,,False,,27193779,"109660, 30630, None, None"
2178638760,legendecas,esm: add experimental support for addon modules,closed,2024-11-14T01:18:25Z,2024-12-20T11:59:08Z,2024-12-20T11:59:08Z,"lib / src, author ready, needs-ci, commit-queue-squash, backport-requested-v22.x",main,esm/addon,,,,,,,,,False,,27193779,"109660, 30630, None, None"
2178432479,mhdawson,doc: doc how to add message for promotion,closed,2024-11-13T21:55:19Z,,2024-11-23T16:24:23Z,"doc, author ready, commit-queue-squash",main,ambassador-messages,,,,,,,,,False,,27193779,"109660, 30630, None, None"
2178131159,skyclouds2001,doc: fix history info for URLSearchParams,open,2024-11-13T19:01:10Z,,,"doc, url",main,history-URLSearchParams,,,,,,,,,False,,27193779,"109660, 30630, None, None"
2178122504,Mnnu1234,Update README.md,closed,2024-11-13T18:55:32Z,,2024-11-13T18:58:27Z,invalid,main,main,,,,,,,,,False,,27193779,"109660, 30630, None, None"
2178067191,skyclouds2001,doc: fix history info for URLSearchParams,closed,2024-11-13T18:21:45Z,,2024-11-13T18:44:49Z,"doc, url",main,history-URLSearchParams,,,,,,,,,True,,27193779,"109660, 30630, None, None"
2177491253,aduh95,doc: add `-S` flag release preparation example,closed,2024-11-13T13:59:30Z,2024-11-15T14:10:22Z,2024-11-15T14:10:22Z,"doc, author ready",main,release-S,,,,,,,,,False,,27193779,"109660, 30630, None, None"
2177446191,RafaelGSS,doc: include git node release --promote to steps,closed,2024-11-13T13:38:50Z,2024-11-19T18:15:34Z,2024-11-19T18:15:34Z,"doc, author ready, commit-queue-squash",main,add-git-node-promote,,,,,,,,,False,,27193779,"109660, 30630, None, None"
2176728798,preveen-stack,doc: clarify UV_THREADPOOL_SIZE env var usage,closed,2024-11-13T08:24:45Z,2024-11-15T08:37:52Z,2024-11-15T08:37:52Z,"doc, cli, author ready",main,doc-cli-uv_threadpool_size,,,,,,,,,False,,27193779,"109660, 30630, None, None"
2176038979,badkeyy,doc: order crypto methods alphabetically,closed,2024-11-13T00:25:49Z,2024-11-23T17:10:44Z,2024-11-23T17:10:44Z,"crypto, doc, author ready, commit-queue-squash",main,doc/crypto-function-order,,,,,,,,,False,,27193779,"109660, 30630, None, None"
2175862336,RafaelGSS,doc: add notable-change mention to sec release,closed,2024-11-12T22:33:14Z,2024-11-14T22:43:58Z,2024-11-14T22:43:58Z,"doc, author ready, commit-queue-squash",main,notable-change-sec-release,,,,,,,,,False,,27193779,"109660, 30630, None, None"
2174878945,targos,"Revert ""src: migrate `String::Value` to `String::ValueView`""",closed,2024-11-12T13:17:57Z,2024-11-16T23:42:26Z,2024-11-16T23:42:26Z,"c++, lib / src, author ready, needs-ci, revert, commit-queue-squash, dont-land-on-v18.x, dont-land-on-v20.x, dont-land-on-v22.x",main,revert-55458,,,,,,,,,False,,27193779,"109660, 30630, None, None"
2174824206,geeksilva97,[WIP] lib: settle dependant signals when abortcontroller is GCed,closed,2024-11-12T12:49:47Z,,2024-11-26T15:50:48Z,needs-ci,main,abort-controller-leak,,,,,,,,,False,,27193779,"109660, 30630, None, None"
2174027548,dancastillo,doc: add documentation for process.emit(),closed,2024-11-12T04:46:59Z,,2024-11-12T23:57:22Z,"doc, process",main,doc-process-emit,,,,,,,,,False,,27193779,"109660, 30630, None, None"
2173636650,JakobJingleheimer,module: avoid throwing when `findPackageJSON` is called on nonexistent,closed,2024-11-11T21:28:26Z,,2024-12-31T12:07:25Z,"module, needs-ci",main,fix/find-pjson-invalid-arg-on-unfound,,,,,,,,,False,,27193779,"109660, 30630, None, None"
2173628912,JakobJingleheimer,module: tidy code string concat → string templates,closed,2024-11-11T21:22:03Z,2024-11-13T08:05:45Z,2024-11-13T08:05:45Z,"module, fast-track, commit-queue-squash, backport-requested-v22.x",main,chore/tidy-pjson-reader-strings,,,,,,,,,False,,27193779,"109660, 30630, None, None"
2173305039,RafaelGSS,test: fix permission fixtures lint,closed,2024-11-11T17:39:04Z,2024-11-12T16:39:25Z,2024-11-12T16:39:25Z,"test, fast-track, author ready, backport-requested-v22.x",main,fix-permission-fixtures-lint,,,,,,,,,False,,27193779,"109660, 30630, None, None"
2173207109,aduh95,doc: fix history info for `URL.prototype.toJSON`,closed,2024-11-11T16:38:49Z,2024-11-13T16:47:28Z,2024-11-13T16:47:28Z,"doc, url, author ready",main,toJSON-history,,,,,,,,,False,,27193779,"109660, 30630, None, None"
2172906234,cu8code,Enhance `openDir` to Respect Buffer Size,closed,2024-11-11T14:03:51Z,,2024-11-13T05:21:17Z,"fs, needs-ci",main,main,,,,,,,,,True,,27193779,"109660, 30630, None, None"
2172836608,phryneas,lib: disable default memory leak warning for AbortSignal,closed,2024-11-11T13:27:12Z,2024-12-07T10:41:01Z,2024-12-07T10:41:01Z,"author ready, needs-ci",main,pr/abortsignal-maxlisteners,,,,,,,,,False,,27193779,"109660, 30630, None, None"
2171691808,github-actions[bot],doc: run license-builder,closed,2024-11-11T00:07:18Z,2024-11-11T15:45:44Z,2024-11-11T15:45:44Z,"meta, fast-track, author ready",main,actions/license-builder,,,,,,,,,False,,27193779,"109660, 30630, None, None"
2171685113,joebowbeer,doc: correct max-semi-space-size statement,closed,2024-11-10T23:52:27Z,2024-11-12T23:55:33Z,2024-11-12T23:55:33Z,"doc, cli, dont-land-on-v18.x",main,patch2,,,,,,,,,False,,27193779,"109660, 30630, None, None"
2171639765,IlyasShabi,src: use starts_with in fs_permission.cc,closed,2024-11-10T21:53:44Z,2024-12-25T03:33:32Z,2024-12-25T03:33:32Z,"c++, fs, author ready, needs-ci, dont-land-on-v18.x, dont-land-on-v20.x, permission",main,cpp20-fs-permission-granted,,,,,,,,,False,,27193779,"109660, 30630, None, None"
2171618098,skyclouds2001,doc: update unflag info of `import.meta.resolve`,closed,2024-11-10T20:59:16Z,2024-11-12T21:01:17Z,2024-11-12T21:01:17Z,"doc, esm",main,import.meta.resolve,,,,,,,,,False,,27193779,"109660, 30630, None, None"
2171509463,richardlau,tools: fix exclude labels for commit-queue,closed,2024-11-10T15:59:12Z,,2024-11-10T17:32:31Z,"meta, fast-track",main,commit-queue,,,,,,,,,False,,27193779,"109660, 30630, None, None"
2171464212,itsuchur,tools: made prints across build_addons.py more consistent and added e…,closed,2024-11-10T13:56:57Z,,2024-12-27T13:55:50Z,tools,main,consistent_buildtoolspy,,,,,,,,,False,,27193779,"109660, 30630, None, None"
2171257418,geeksilva97,[v22.x backport] doc: consolidate history table of CustomEvent,closed,2024-11-10T02:14:58Z,,2024-11-21T03:10:30Z,"doc, v22.x",v22.x-staging,backport-fix-issue-55733,,,,,,,,,False,,27193779,"109660, 30630, None, None"
2171234745,nodejs-github-bot,deps: update c-ares to v1.34.3,closed,2024-11-10T00:32:40Z,2024-11-12T01:01:23Z,2024-11-12T01:01:24Z,"cares, author ready, needs-ci, dependencies",main,actions/tools-update-c-ares,,,,,,,,,False,,27193779,"109660, 30630, None, None"
2170835527,ubaishumar,Update README.md,closed,2024-11-09T08:37:54Z,,2024-11-09T08:38:41Z,doc,main,main,,,,,,,,,False,,27193779,"109660, 30630, None, None"
2170753117,zcbenz,build: implement node_use_amaro flag in GN build,closed,2024-11-09T04:21:04Z,2024-11-11T04:33:06Z,2024-11-11T04:33:06Z,"build, author ready",main,gn_node_use_amaro,,,,,,,,,False,,27193779,"109660, 30630, None, None"
2170679974,RafaelGSS,"lib,permission: ignore internalModuleStat on module loading",closed,2024-11-09T01:39:26Z,2024-11-11T17:31:44Z,2024-11-11T17:31:45Z,"c++, fs, module, author ready, needs-ci, permission, backport-open-v22.x",main,support-require-module,,,,,,,,,False,,27193779,"109660, 30630, None, None"
2170669392,avivkeller,assert: support inequalities,open,2024-11-09T01:25:37Z,,,"assert, needs-ci",main,assert-inequalities,,,,,,,"MoLow, BridgeAR",,False,,27193779,"109660, 30630, None, None"
2170486396,RafaelGSS,doc: fix relative path mention in --allow-fs,closed,2024-11-08T21:08:58Z,2024-11-19T18:31:29Z,2024-11-19T18:31:29Z,"doc, cli, author ready, permission",main,fix-pm-relative-path-doc,,,,,,,,,False,,27193779,"109660, 30630, None, None"
2170476862,avivkeller,test: ensure that CLI options are alphabetical,closed,2024-11-08T21:01:02Z,,2024-12-14T10:23:35Z,"doc, test, cli, needs-ci, dont-land-on-v18.x, dont-land-on-v20.x",main,alph-cli,,,,,,,,,False,,27193779,"109660, 30630, None, None"
2170331592,richardlau,build: use glob for dependencies of out/Makefile,closed,2024-11-08T19:18:26Z,2024-11-10T19:20:51Z,2024-11-10T19:20:51Z,"build, author ready, needs-ci, lts-watch-v20.x, backport-open-v22.x",main,sharedgyp,,,,,,,,,False,,27193779,"109660, 30630, None, None"
2170214168,RafaelGSS,doc: sort --report-exclude alphabetically,closed,2024-11-08T18:05:54Z,2024-11-09T12:13:32Z,2024-11-09T12:13:32Z,"doc, cli, fast-track, author ready, dont-land-on-v18.x, dont-land-on-v20.x, backport-open-v22.x",main,sort-report-exclude-alphabetically,,,,,,,,,False,,27193779,"109660, 30630, None, None"
2170022092,skyclouds2001,doc: add missing documentation for `PerformanceObserver.prototype.takeRecords()`,closed,2024-11-08T16:32:10Z,2024-11-25T10:02:33Z,2024-11-25T10:02:33Z,"doc, author ready, perf_hooks",main,fix-55779-PerformanceObserver-takeRecords,,,,,,,,,False,,27193779,"109660, 30630, None, None"
2169948074,targos,src: use env strings to create sqlite results,closed,2024-11-08T15:55:14Z,2024-11-17T09:25:03Z,2024-11-17T09:25:03Z,"c++, needs-ci, dont-land-on-v20.x, sqlite",main,sqlite-env-string,,,,,,,,,False,,27193779,"109660, 30630, None, None"
2169814769,StefanStojanovic,Enabling ClangCL compilation testing,closed,2024-11-08T14:46:22Z,,2024-12-16T20:49:21Z,"v8 engine, npm, needs-ci",main,mefi-node-gyp-msvs,,,,,,,,,False,,27193779,"109660, 30630, None, None"
2169790240,tlhunter,lib: basic support for primordials in undici,open,2024-11-08T14:33:23Z,,,"lib / src, needs-ci",main,tlhunter/undici-primordials,,,,,,,,,True,,27193779,"109660, 30630, None, None"
2169693336,marco-ippolito,tools: make commit-queue check blocked label,closed,2024-11-08T13:43:58Z,2024-11-10T13:49:09Z,2024-11-10T13:49:09Z,"tools, author ready",main,make-blocked-label-skip-commit-queue,,,,,,,,,False,,27193779,"109660, 30630, None, None"
2169688850,KunalKumar-1,doc: clarify util.aborted `resource` parameter usage,closed,2024-11-08T13:41:30Z,2024-12-15T21:56:47Z,2024-12-15T21:56:47Z,"util, doc, author ready",main,utli_aborted-resource-docs,,,,,,,,,False,,27193779,"109660, 30630, None, None"
2169535922,ljharb,util: inspect: enumerable Symbols no longer have square brackets,closed,2024-11-08T12:19:32Z,,2024-11-17T06:57:40Z,"util, author ready, needs-ci, commit-queue-rebase, dont-land-on-v18.x, dont-land-on-v20.x, dont-land-on-v22.x, dont-land-on-v23.x",main,nonenums,,,,,,,,,False,,27193779,"109660, 30630, None, None"
2169493023,marco-ippolito,esm: fix import.meta.resolve crash,closed,2024-11-08T11:57:33Z,2024-11-11T16:29:16Z,2024-11-11T16:29:16Z,"c++, author ready, needs-ci",main,fix/loader-resolve-explosion,,,,,,,,,False,,27193779,"109660, 30630, None, None"
2169327483,gireeshpunathil,doc: clarify triager role,closed,2024-11-08T10:38:21Z,2024-11-10T22:15:13Z,2024-11-10T22:15:13Z,"doc, meta, author ready",main,triager-role-hardening,,,,,,,,,False,,27193779,"109660, 30630, None, None"
2168552400,avivkeller,tools: remove non-existent file from eslint config,closed,2024-11-08T00:53:30Z,2024-11-10T01:10:08Z,2024-11-10T01:10:08Z,"tools, author ready",main,patch-44342,,,,,,,,,False,,27193779,"109660, 30630, None, None"
2168520696,avivkeller,benchmark: add `test_runner/mock-fn`,closed,2024-11-08T00:33:01Z,2024-11-11T20:45:59Z,2024-11-11T20:45:59Z,"benchmark, author ready, test_runner",main,patch-71603,,,,,,,,,False,,27193779,"109660, 30630, None, None"
2167884138,mertcanaltin,stream: edit variables for readableStreamPipeTo,closed,2024-11-07T16:53:20Z,,2024-11-08T13:12:14Z,"needs-ci, web streams",main,improve/const-for-promise,,,,,,,,,False,,27193779,"109660, 30630, None, None"
2167850239,aduh95,"2024-11-12, Version 18.20.5 'Hydrogen' (LTS)",closed,2024-11-07T16:40:15Z,2024-11-12T21:34:17Z,2024-11-12T21:34:17Z,"needs-ci, release, v18.x",v18.x,v18.20.5-proposal,,,,,,,,,False,,27193779,"109660, 30630, None, None"
2167776139,mertcanaltin, test: improve debugger custom test,open,2024-11-07T16:06:27Z,,,"test, author ready, needs-ci",main,mert/improve-debugger-custom-test,,,,,,,,,False,,27193779,"109660, 30630, None, None"
2167649361,Ceres6,doc: add path aliases typescript doc,closed,2024-11-07T15:10:38Z,2024-11-08T10:28:40Z,2024-11-08T10:28:40Z,"doc, fast-track, commit-queue-squash",main,chore/ts-alias-doc,,,,,,,,,False,,27193779,"109660, 30630, None, None"
2167406384,Manishkumarchintawar,doc: add double space in `README.md`,closed,2024-11-07T13:20:19Z,,2024-11-07T14:28:06Z,"meta, tools",main,main,,,,,,,,,False,,27193779,"109660, 30630, None, None"
2166403897,geeksilva97,doc: consolidate history table of CustomEvent,closed,2024-11-07T02:27:26Z,2024-11-09T02:47:32Z,2024-11-09T02:47:32Z,"doc, author ready, dont-land-on-v18.x, dont-land-on-v20.x, backported-to-v22.x, backported-to-v23.x",main,issue-55733-custom-event-doc,,,,,,,,,False,,27193779,"109660, 30630, None, None"
2166375412,avivkeller,benchmark: add `test-reporters`,closed,2024-11-07T01:50:30Z,2024-11-16T03:55:14Z,2024-11-16T03:55:14Z,"benchmark, author ready, test_runner",main,benchmark-test-reporters,,,,,,,,,False,,27193779,"109660, 30630, None, None"
2165930356,aduh95,module: expose `resolveLoadAndCache` API,open,2024-11-06T19:29:24Z,,,"module, needs-ci",main,resolve-load-cache,,,,,,,JakobJingleheimer,,True,,27193779,"109660, 30630, None, None"
2165754293,richardlau,[v20.x] build: pin doc workflow to Node.js 20,closed,2024-11-06T17:40:20Z,2024-11-07T09:58:58Z,2024-11-07T09:58:58Z,"meta, fast-track, v18.x, backported-to-v18.x, v20.x",v20.x-staging,pin-node-in-doc-workflow,,,,,,,,,False,,27193779,"109660, 30630, None, None"
2165658568,Ceres6,fs: deprecate never throw behaviour in fs.existsSync,closed,2024-11-06T16:46:50Z,2025-01-10T12:04:14Z,2025-01-10T12:04:14Z,"fs, semver-major, needs-ci, commit-queue-squash",main,chore/deprecate-fs-existSync-never-throw,,,,,,,,,False,,27193779,"109660, 30630, None, None"
2165576480,alexweej,test: use test runner in eventtarget-once-twice test,open,2024-11-06T16:09:12Z,,,"test, code-and-learn, needs-ci, commit-queue-failed, commit-queue-squash",main,sdghjfsjghafjhkfs,,,,,,,,,False,,27193779,"109660, 30630, None, None"
2165546038,Josef-Spiteri,test: file read no exist update to test runner,open,2024-11-06T15:57:35Z,,,"test, code-and-learn, needs-ci",main,test-file-read-noexist-refactor,,,,,,,,,False,,27193779,"109660, 30630, None, None"
2165490450,tchetwin,test: convert readdir test to use test runner,closed,2024-11-06T15:33:58Z,2024-11-23T21:23:53Z,2024-11-23T21:23:53Z,"test, code-and-learn, needs-ci",main,test-refactor,,,,,,,BridgeAR,,False,,27193779,"109660, 30630, None, None"
2165458708,Ceres6,test: migrate fs read promises to test runner,open,2024-11-06T15:20:48Z,,,"test, code-and-learn, needs-ci",main,chore/test-fs-read-promises,,,,,,,,,False,,27193779,"109660, 30630, None, None"
2165455589,sercanpaspal,test: refactor fs readdir buffer with test runner,open,2024-11-06T15:19:26Z,,,"test, code-and-learn, needs-ci",main,test-refactor-fs-readdir-buffer-with-test-runner,,,,,,,,,False,,27193779,"109660, 30630, None, None"
2165378532,tlhunter,test: update test-eventsource.js to use new test runner,closed,2024-11-06T14:51:33Z,,2024-11-24T02:02:05Z,"test, code-and-learn, needs-ci",main,tlhunter/test-eventsource-summit,,,,,,,,,False,,27193779,"109660, 30630, None, None"
2165149187,aduh95,doc: clarify removal of experimental API does not require a deprecation,closed,2024-11-06T12:58:56Z,2024-11-08T13:02:49Z,2024-11-08T13:02:49Z,"doc, author ready",main,experimental-removal-without-deprecation,,,,,,,,,False,,27193779,"109660, 30630, None, None"
2165076867,avivkeller,doc: add esm path import,closed,2024-11-06T12:22:58Z,2024-11-08T10:27:18Z,2024-11-08T10:27:18Z,"doc, path, fast-track, author ready, commit-queue-failed, commit-queue-squash",main,patch-910404,,,,,,,,,False,,27193779,"109660, 30630, None, None"
2165056141,Ethan-Arrowood,fs: fix bufferSize option for opendir recursive,closed,2024-11-06T12:12:12Z,2024-11-08T16:03:56Z,2024-11-08T16:03:56Z,"fs, test, needs-ci",main,fix/issue-48820,,,,,,,juanarbol,,False,,27193779,"109660, 30630, None, None"
2164911272,aduh95,"2024-11-11, Version 23.2.0 (Current)",closed,2024-11-06T10:52:24Z,2024-11-11T20:22:38Z,2024-11-11T20:22:38Z,"needs-ci, release, v23.x",v23.x,v23.2.0-proposal,,,,,,,,,False,,27193779,"109660, 30630, None, None"
2164901616,aduh95,util: do not mark experimental feature as deprecated,closed,2024-11-06T10:47:06Z,2024-11-08T16:16:17Z,2024-11-08T16:16:17Z,"util, experimental, author ready, deprecations, needs-ci, backported-to-v22.x",main,experimental-not-deprecated,,,,,,,,,False,,27193779,"109660, 30630, None, None"
2164821500,LiviaMedeiros,test: ensure that test priority is not higher than current priority,closed,2024-11-06T10:17:29Z,2024-11-08T10:39:12Z,2024-11-08T10:39:12Z,"os, test, author ready, needs-ci, commit-queue-squash, backported-to-v20.x",main,test-lower-setpriority,,,,,,,,,False,,27193779,"109660, 30630, None, None"
2164152513,aduh95,assert: differentiate cases where `cause` is `undefined` or missing,closed,2024-11-06T00:35:44Z,2024-11-08T01:01:10Z,2024-11-08T01:01:10Z,"assert, util, author ready, needs-ci, backported-to-v22.x",main,error-cause-assert-diff,,,,,,,,,False,,27193779,"109660, 30630, None, None"
2164081739,aduh95,lib: prefer symbol to number in webidl `type` function,closed,2024-11-05T23:09:12Z,2024-11-07T23:21:50Z,2024-11-07T23:21:50Z,"author ready, needs-ci, backported-to-v22.x",main,webidl-symbols,,,,,,,,,False,,27193779,"109660, 30630, None, None"
2164052594,DemianParkhomenko,lib: add warning when binding inspector to public IP,open,2024-11-05T22:52:30Z,,,"net, inspector, needs-ci",main,inspector-security-warning,,,,,,,"anonrig, LiviaMedeiros",,False,,27193779,"109660, 30630, None, None"
2163957842,RafaelGSS,test: add buffer to fs_permission tests,closed,2024-11-05T21:41:17Z,2024-11-07T21:48:46Z,2024-11-07T21:48:46Z,"fs, test, author ready, needs-ci, permission",main,add-buffer-pm-tests,,,,,,,,,False,,27193779,"109660, 30630, None, None"
2163732265,RafaelGSS,doc: enforce strict policy to semver-major releases,closed,2024-11-05T19:02:41Z,2024-11-07T19:08:56Z,2024-11-07T19:08:56Z,"doc, notable-change",main,adjust-semver-major-release-policy,,,,,,,,,False,,27193779,"109660, 30630, None, None"
2163473763,marco-ippolito,esm: add `import.meta.require`,closed,2024-11-05T16:24:34Z,,2024-11-11T15:31:48Z,"semver-minor, blocked, esm, needs-ci",main,import.meta.require,,,,,,,,,False,,27193779,"109660, 30630, None, None"
2163469622,alexsch01,-,closed,2024-11-05T16:22:19Z,,2024-11-05T17:12:42Z,"console, needs-ci, v20.x",v20.x,v20.x,,,,,,,,,False,,27193779,"109660, 30630, None, None"
2163418771,gurgunday,lib: remove unnecessary optional chaining,closed,2024-11-05T15:56:59Z,2024-11-07T15:59:13Z,2024-11-07T15:59:13Z,"lib / src, author ready, needs-ci, commit-queue-squash",main,abort,,,,,,,,,False,,27193779,"109660, 30630, None, None"
2163301262,alexsch01,- ,closed,2024-11-05T15:03:23Z,,2024-11-05T16:13:09Z,"console, needs-ci, v20.x",v20.x-staging,v20.x-staging,,,,,,,,,False,,27193779,"109660, 30630, None, None"
2161987292,gurgunday,fs: add c++ binding for readdirRecursiveSync,closed,2024-11-04T23:42:42Z,,2024-11-24T16:49:16Z,"c++, fs, needs-ci",main,readdirrecursivesync,,,,,,,"lemire, joyeecheung",,True,,27193779,"109660, 30630, None, None"
2161377420,anonrig,lib: use `Promise.withResolvers()` in timers,closed,2024-11-04T17:10:12Z,2024-11-06T17:17:31Z,2024-11-06T17:17:31Z,"timers, author ready, needs-ci, dont-land-on-v18.x, dont-land-on-v20.x",main,yagiz/use-promise-with-resolvers,,,,,,,,,False,,27193779,"109660, 30630, None, None"
2161262221,anonrig,src: improve `node:os` userInfo performance,closed,2024-11-04T16:11:26Z,2024-11-08T19:40:25Z,2024-11-08T19:40:25Z,"c++, os, needs-ci, needs-benchmark-ci",main,yagiz/improve-node-os,,,,,,,"jasnell, ronag, joyeecheung, LiviaMedeiros",,False,,27193779,"109660, 30630, None, None"
2161228963,anonrig,zlib: deprecate classes usage without `new`,closed,2024-11-04T15:55:07Z,2024-11-29T20:55:03Z,2024-11-29T20:55:04Z,"zlib, semver-major, notable-change, deprecations, needs-ci",main,yagiz/deprecate-zlib,,,,,,,marco-ippolito,,False,,27193779,"109660, 30630, None, None"
2161203842,richardlau,tools: fix c-ares updater script for Node.js 18,closed,2024-11-04T15:43:39Z,2024-11-06T15:50:12Z,2024-11-06T15:50:13Z,"tools, author ready",main,c-ares,,,,,,,,,False,,27193779,"109660, 30630, None, None"
2160841217,anonrig,test: improve zlib tests,closed,2024-11-04T12:53:01Z,,2025-01-22T22:03:32Z,"zlib, test, needs-ci",main,yagiz/improve-zlib-tests,,,,,,,"mcollina, ShogunPanda, jasnell",,False,,27193779,"109660, 30630, None, None"
2160283549,preveen-stack,doc: clarity to available addon options,closed,2024-11-04T07:48:03Z,2024-11-06T07:55:49Z,2024-11-06T07:55:49Z,"doc, addons, author ready",main,doc-addons-clarity,,,,,,,,,False,,27193779,"109660, 30630, None, None"
2160262740,juanarbol,lib: avoid excluding symlinks in recursive fs.readdir with filetypes,closed,2024-11-04T07:35:09Z,2024-11-25T05:07:13Z,2024-11-25T05:07:13Z,"fs, needs-ci",main,juan/fs-readdir,,,,,,,,,False,,27193779,"109660, 30630, None, None"
2160082156,juanarbol,test: improve test coverage for `ServerResponse`,closed,2024-11-04T04:57:12Z,2024-11-07T17:45:45Z,2024-11-07T17:45:45Z,"test, author ready, needs-ci",main,juan/http-coverage,,,,,,,,,False,,27193779,"109660, 30630, None, None"
2160006146,juanarbol,test: improve test coverage for child process message sending,closed,2024-11-04T03:35:01Z,2024-11-08T16:32:30Z,2024-11-08T16:32:30Z,"child_process, test, author ready, needs-ci",main,juan/cp-exception,,,,,,,,,False,,27193779,"109660, 30630, None, None"
2159764282,avivkeller,tools: lint typescript files,open,2024-11-03T19:15:01Z,,,"tools, needs-ci, strip-types",main,wip-ts-eslint,,,,,,,anonrig,,False,,27193779,"109660, 30630, None, None"
2159756118,aduh95,[v18.x] esm: fix broken assertion in `legacyMainResolve`,closed,2024-11-03T18:48:33Z,,2024-11-07T16:53:19Z,"esm, author ready, needs-ci, v18.x",v18.x-staging,fix-legacyMainResolve-assert,,,,,,,,,False,,27193779,"109660, 30630, None, None"
2159711423,tj-commits,Add is-its-over-9000 as built in,closed,2024-11-03T16:46:55Z,,2024-11-03T16:49:50Z,invalid,main,main,,,,,,,,,False,,27193779,"109660, 30630, None, None"
2159580277,panva,"test,crypto: update WebCryptoAPI WPT",closed,2024-11-03T10:11:19Z,2024-11-05T10:13:52Z,2024-11-05T10:13:53Z,"crypto, test, author ready, needs-ci, webcrypto",main,bump-webcrypto-wpt,,,,,,,,,False,,27193779,"109660, 30630, None, None"
2159500466,dancastillo,chore: colors update ternary to if else,closed,2024-11-03T04:38:49Z,,2024-11-04T02:56:37Z,"util, needs-ci",main,chore-colors-update-ternary-to-if-else,,,,,,,,,False,,27193779,"109660, 30630, None, None"
2159446299,nodejs-github-bot,deps: update acorn to 8.14.0,closed,2024-11-03T00:33:49Z,2024-11-05T01:00:12Z,2024-11-05T01:00:12Z,"lib / src, author ready, needs-ci, dependencies, lts-watch-v20.x",main,actions/tools-update-acorn,,,,,,,,,False,,27193779,"109660, 30630, None, None"
2159420149,joyeecheung,implement module.registerHooks() to run synchronous module customization hooks in thread,closed,2024-11-02T22:36:52Z,,2024-12-09T23:27:11Z,"module, semver-minor, notable-change, baking-for-lts, esm, needs-ci, commit-queue-rebase, backport-requested-v22.x",main,sync-hooks-12,,,,,,,,,False,,27193779,"109660, 30630, None, None"
2159400228,RafaelGSS,src: add cli option to exclude env vars on dr,closed,2024-11-02T21:13:47Z,2024-11-08T17:49:44Z,2024-11-08T17:49:44Z,"c++, semver-minor, lib / src, needs-ci, report, backport-open-v22.x",main,add-preserve-env-dr,,,,,,,,,False,,27193779,"109660, 30630, None, None"
2159383075,panva,tools: compact jq output in daily-wpt-fyi.yml action,closed,2024-11-02T20:34:47Z,2024-11-02T20:42:06Z,2024-11-02T20:42:06Z,"meta, fast-track",main,fixup-daily-wpt-job,,,,,,,,,False,,27193779,"109660, 30630, None, None"
2159306103,avivkeller,tools: use `util.parseArgs` in `lint-md`,closed,2024-11-02T17:44:32Z,2024-11-04T19:16:33Z,2024-11-04T19:16:33Z,"tools, author ready",main,util-parseargs-lint-md,,,,,,,,,False,,27193779,"109660, 30630, None, None"
2159250220,Ajay94-coder,Update README.md,closed,2024-11-02T16:18:25Z,,2024-11-02T16:20:02Z,"invalid, doc",main,main,,,,,,,,,False,,27193779,"109660, 30630, None, None"
2159066660,Gorachand-Senapati,try Update README.md,closed,2024-11-02T07:15:01Z,,2024-11-02T10:00:54Z,doc,main,main,,,,,,,,,False,,27193779,"109660, 30630, None, None"
2159005718,RafaelGSS,build: add create release proposal action,closed,2024-11-02T04:02:42Z,2024-11-23T16:48:46Z,2024-11-23T16:48:46Z,"meta, tools, author ready, commit-queue-squash",main,add-release-proposal,,,,,,,,,False,,27193779,"109660, 30630, None, None"
2158888232,dependabot[bot],tools: bump the eslint group across 1 directory with 7 updates,closed,2024-11-01T23:46:31Z,2024-11-05T23:37:40Z,2024-11-05T23:37:40Z,"tools, author ready, dependencies, commit-queue-failed, commit-queue-squash, javascript",main,dependabot/npm_and_yarn/tools/eslint/eslint-08bda7bd56,,,,,,,,,False,,27193779,"109660, 30630, None, None"
2158617377,dependabot[bot],meta: bump actions/setup-python from 5.2.0 to 5.3.0,closed,2024-11-01T18:59:42Z,2024-11-03T19:07:54Z,2024-11-03T19:07:54Z,"meta, author ready, dependencies, github_actions",main,dependabot/github_actions/actions/setup-python-5.3.0,,,,,,,,,False,,27193779,"109660, 30630, None, None"
2158617245,dependabot[bot],meta: bump actions/setup-node from 4.0.4 to 4.1.0,closed,2024-11-01T18:59:35Z,2024-11-03T19:06:43Z,2024-11-03T19:06:43Z,"meta, author ready, dependencies, github_actions",main,dependabot/github_actions/actions/setup-node-4.1.0,,,,,,,,,False,,27193779,"109660, 30630, None, None"
2158616973,dependabot[bot],meta: bump rtCamp/action-slack-notify from 2.3.0 to 2.3.2,closed,2024-11-01T18:59:27Z,2024-11-03T19:05:54Z,2024-11-03T19:05:54Z,"meta, author ready, dependencies, github_actions",main,dependabot/github_actions/rtCamp/action-slack-notify-2.3.2,,,,,,,,,False,,27193779,"109660, 30630, None, None"
2158616872,dependabot[bot],meta: bump actions/upload-artifact from 4.4.0 to 4.4.3,closed,2024-11-01T18:59:22Z,2024-11-03T19:04:58Z,2024-11-03T19:04:58Z,"meta, author ready, dependencies, github_actions",main,dependabot/github_actions/actions/upload-artifact-4.4.3,,,,,,,,,False,,27193779,"109660, 30630, None, None"
2158616790,dependabot[bot],meta: bump actions/cache from 4.0.2 to 4.1.2,closed,2024-11-01T18:59:18Z,2024-11-03T19:04:01Z,2024-11-03T19:04:01Z,"meta, author ready, dependencies, github_actions",main,dependabot/github_actions/actions/cache-4.1.2,,,,,,,,,False,,27193779,"109660, 30630, None, None"
2158616690,dependabot[bot],meta: bump actions/checkout from 4.2.0 to 4.2.2,closed,2024-11-01T18:59:13Z,2024-11-03T19:03:33Z,2024-11-03T19:03:33Z,"meta, author ready, dependencies, github_actions",main,dependabot/github_actions/actions/checkout-4.2.2,,,,,,,,,False,,27193779,"109660, 30630, None, None"
2158615785,dependabot[bot],meta: bump github/codeql-action from 3.26.10 to 3.27.0,closed,2024-11-01T18:58:54Z,2024-11-03T19:03:19Z,2024-11-03T19:03:19Z,"meta, author ready, dependencies, github_actions",main,dependabot/github_actions/github/codeql-action-3.27.0,,,,,,,,,False,,27193779,"109660, 30630, None, None"
2158567409,richardlau,tools: fix root certificate updater,closed,2024-11-01T18:25:42Z,,2024-11-03T19:49:12Z,"crypto, c++, tools, lib / src, notable-change, needs-ci, commit-queue-rebase, lts-watch-v20.x, backported-to-v22.x",main,rootcerts,,,,,,,,,False,,27193779,"109660, 30630, None, None"
2158545114,dependabot[bot],tools: bump the eslint group in /tools/eslint with 7 updates,closed,2024-11-01T18:09:34Z,,2024-11-01T23:46:36Z,"tools, dependencies, javascript",main,dependabot/npm_and_yarn/tools/eslint/eslint-124be2b1fc,,,,,,,,,False,,27193779,"109660, 30630, None, None"
2158437743,joyeecheung,module: simplify --inspect-brk handling,closed,2024-11-01T17:03:19Z,2024-11-03T17:11:35Z,2024-11-03T17:11:35Z,"module, needs-ci",main,inspect-brk,,,,,,,,,False,,27193779,"109660, 30630, None, None"
2158199384,gabrielschulhof,node-api: define version 10,closed,2024-11-01T14:47:59Z,2024-12-31T16:29:50Z,2024-12-31T16:29:50Z,"c++, lib / src, node-api, needs-ci, commit-queue-squash",main,node-api-10-proposal,,,,,,,,,False,,27193779,"109660, 30630, None, None"
2158028270,gireeshpunathil,doc: consistent use of word child process,closed,2024-11-01T12:59:33Z,2024-11-06T10:28:28Z,2024-11-06T10:28:28Z,"child_process, doc, author ready, commit-queue-squash",main,child-process-verbs,,,,,,,,,False,,27193779,"109660, 30630, None, None"
2157943977,Llorx,test_runner: exclude test files from code coverage by default,closed,2024-11-01T11:51:28Z,,2024-12-17T23:28:10Z,"notable-change, experimental, needs-ci, coverage, test_runner",main,coverage-exclude-test-files,,,,,,,,,False,,27193779,"109660, 30630, None, None"
2157271898,richardlau,crypto: fix `RSA_PKCS1_PADDING` error message,closed,2024-11-01T00:33:01Z,2024-11-03T01:01:49Z,2024-11-03T01:01:49Z,"crypto, c++, author ready, needs-ci, dont-land-on-v18.x, dont-land-on-v20.x",main,norevert,,,,,,,,,False,,27193779,"109660, 30630, None, None"
2156378595,legendecas,util: fix util.getCallSites plurality,closed,2024-10-31T14:22:55Z,2024-11-02T15:24:56Z,2024-11-02T15:24:56Z,"util, c++, semver-minor, experimental, needs-ci",main,util/call-sites,,,,,,,,,False,,27193779,"109660, 30630, None, None"
2156340619,aduh95,tools: lint README lists more strictly,closed,2024-10-31T14:04:03Z,2024-11-02T14:14:40Z,2024-11-02T14:14:40Z,"doc, tools, author ready",main,more-linting,,,,,,,,,False,,27193779,"109660, 30630, None, None"
2156309746,huseyinacacak-janea,"path,win: fix bug in resolve and normalize",closed,2024-10-31T13:47:57Z,2024-11-05T23:21:54Z,2024-11-05T23:21:54Z,"c++, path, author ready, needs-ci, backport-requested-v22.x",main,huseyin-12648-physical-drive-broken,,,,,,,,,False,,27193779,"109660, 30630, None, None"
2156301340,marco-ippolito,http: add diagnostic channel `http.server.response.created`,closed,2024-10-31T13:43:27Z,2024-11-02T13:46:20Z,2024-11-02T13:46:20Z,"http, author ready, needs-ci",main,server-http-response-create,,,,,,,,,False,,27193779,"109660, 30630, None, None"
2156073992,legendecas,node-api: allow napi_delete_reference in basic finalizers,closed,2024-10-31T11:36:45Z,2024-12-13T14:49:45Z,2024-12-13T14:49:45Z,"c++, node-api, needs-ci, commit-queue-squash",main,node-api/delete–reference,,,,,,,,,False,,27193779,"109660, 30630, None, None"
2155831225,panva,tools: run daily WPT.fyi report on all supported releases,closed,2024-10-31T09:02:12Z,2024-11-02T20:24:19Z,2024-11-02T20:24:19Z,"meta, author ready",main,wpt-daily-all-active-releases,,,,,,,,,False,,27193779,"109660, 30630, None, None"
2155753660,LiviaMedeiros,test: move localizationd data from `test-icu-env` to external file,closed,2024-10-31T08:12:57Z,2024-12-10T23:44:08Z,2024-12-10T23:44:08Z,"tools, i18n-api, author ready, needs-ci, icu, commit-queue-squash, dont-land-on-v20.x",main,test-icu-env-json,,,,,,,,,False,,27193779,"109660, 30630, None, None"
2155731982,targos,build: use rclone instead of aws CLI,closed,2024-10-31T07:56:40Z,2024-11-02T08:00:54Z,2024-11-02T08:00:54Z,"build, tools, needs-ci, lts-watch-v20.x, backported-to-v22.x",main,rclone,,,,,,,,,False,,27193779,"109660, 30630, None, None"
2155575096,gireeshpunathil,doc: add a note on console stream behavior,closed,2024-10-31T05:53:23Z,2024-11-02T12:37:09Z,2024-11-02T12:37:09Z,"doc, console",main,console-stream-behavior,,,,,,,,,False,,27193779,"109660, 30630, None, None"
2155421492,RafaelGSS,"src,lib: optimize nodeTiming.uvMetricsInfo",closed,2024-10-31T02:25:58Z,,2024-11-01T16:36:17Z,"c++, performance, author ready, commit-queue-rebase",main,optimize-uv-metrics-info,,,,,,,,,False,,27193779,"109660, 30630, None, None"
2155335543,Yuliya0031,Actions/tools update doc,closed,2024-10-31T01:35:49Z,,2024-10-31T10:33:47Z,invalid,main,actions/tools-update-doc,,,,,,,,,False,,27193779,"109660, 30630, None, None"
2155060003,panva,doc: remove mention of ECDH-ES in crypto.diffieHellman,closed,2024-10-30T21:41:07Z,2024-11-02T12:36:26Z,2024-11-02T12:36:26Z,"crypto, doc, author ready",main,dh-docs-cleanup,,,,,,,,,False,,27193779,"109660, 30630, None, None"
2155054544,panva,src: refactor ECDHBitsJob signature,closed,2024-10-30T21:36:48Z,2024-11-02T12:36:10Z,2024-11-02T12:36:10Z,"crypto, c++, lib / src, author ready, needs-ci, webcrypto",main,ecdh-cleanup,,,,,,,,,False,,27193779,"109660, 30630, None, None"
2154678760,avivkeller,meta: make review-wanted message minimal,closed,2024-10-30T18:21:41Z,2024-11-02T15:15:25Z,2024-11-02T15:15:25Z,"meta, author ready",main,patch-951854,,,,,,,,,False,,27193779,"109660, 30630, None, None"
2154668729,avivkeller,meta: show PR/issue title on review-wanted,closed,2024-10-30T18:18:12Z,2024-11-01T18:32:49Z,2024-11-01T18:32:49Z,"meta, author ready",main,patch-436579,,,,,,,,,False,,27193779,"109660, 30630, None, None"
2154549287,Ceres6,test: ignore unrelated events in FS watch tests,closed,2024-10-30T17:22:58Z,2024-11-06T01:10:34Z,2024-11-06T01:10:34Z,"test, author ready, needs-ci, watch-mode",main,test/watcher-rename-event,,,,,,,,,False,,27193779,"109660, 30630, None, None"
2154304408,joyeecheung,cli: implement --trace-env and --trace-env-[js|native]-stack,closed,2024-10-30T15:44:24Z,2024-11-27T09:44:16Z,2024-11-27T09:44:16Z,"c++, semver-minor, lib / src, notable-change, needs-ci, commit-queue-squash",main,trace-env,,,,,,,,,False,,27193779,"109660, 30630, None, None"
2154015268,Tofandel,report: fix network queries in getReport libuv with exclude-network,closed,2024-10-30T13:50:52Z,2024-11-12T15:58:00Z,2024-11-12T15:58:00Z,"c++, lib / src, needs-ci, report, commit-queue-squash",main,main,,,,,,,,,False,,27193779,"109660, 30630, None, None"
2153877086,nodejs-github-bot,deps: update amaro to 0.2.0,closed,2024-10-30T12:55:15Z,2024-11-01T13:03:07Z,2024-11-01T13:03:07Z,"lib / src, author ready, needs-ci, dependencies, strip-types",main,actions/tools-update-amaro,,,,,,,,,False,,27193779,"109660, 30630, None, None"
2152851692,gireeshpunathil,doc: improve c++ embedder API doc,closed,2024-10-30T03:38:12Z,2024-11-01T03:43:54Z,2024-11-01T03:43:54Z,"doc, embedding",main,embedder-doc-improve,,,,,,,,,False,,27193779,"109660, 30630, None, None"
2152032129,lemire,src: provide workaround for container-overflow (issue 55584),closed,2024-10-29T16:37:05Z,2024-11-06T01:24:39Z,2024-11-06T01:24:39Z,"c++, author ready, needs-ci, commit-queue-squash",main,issue55584,,,,,,,,,False,,27193779,"109660, 30630, None, None"
2151910332,joyeecheung,module: unify TypeScript and .mjs handling in CommonJS,closed,2024-10-29T15:41:38Z,2024-10-31T15:43:58Z,2024-10-31T15:43:58Z,"module, author ready, needs-ci, backport-requested-v20.x",main,refactor-mjs-ts,,,,,,,,,False,,27193779,"109660, 30630, None, None"
2151760475,marco-ippolito, util: add sourcemap support to getCallSites,closed,2024-10-29T14:43:42Z,2024-11-04T16:06:47Z,2024-11-04T16:06:48Z,"util, semver-minor, needs-ci, backport-open-v22.x, backport-requested-v22.x",main,mapCallSite,,,,,,,,,False,,27193779,"109660, 30630, None, None"
2151477804,marco-ippolito,http: add diagnostic channel `http.client.request.created`,closed,2024-10-29T12:50:13Z,2024-10-31T13:04:25Z,2024-10-31T13:04:26Z,"http, semver-minor, author ready, needs-ci",main,diagnostic-channel-request-created,,,,,,,,,False,,27193779,"109660, 30630, None, None"
2150595558,ckerr,src: use NewFromUtf8Literal in NODE_DEFINE_CONSTANT,closed,2024-10-29T04:38:45Z,2024-10-31T04:48:58Z,2024-10-31T04:48:58Z,"c++, author ready, needs-ci, commit-queue-squash",main,use-NewFromUtf8Literal-in-NODE_DEFINE_CONSTANT,,,,,,,,,False,,27193779,"109660, 30630, None, None"
2150528115,CGQAQ,src: fix argv memory leaking in FixupArgsForSEA,open,2024-10-29T03:22:34Z,,,"windows, needs-ci, commit-queue-squash, single-executable",main,fix-memory-leak-1,,,,,,,joyeecheung,,False,,27193779,"109660, 30630, None, None"
2150301863,avivkeller,test_runner: pass `options` directly to `TestCoverage`,closed,2024-10-28T23:00:22Z,2024-11-01T14:20:19Z,2024-11-01T14:20:19Z,"author ready, test_runner, backport-requested-v22.x",main,options-testcoverage,,,,,,,JakobJingleheimer,,False,,27193779,"109660, 30630, None, None"
2149766791,avivkeller,"doc: capitalize ""MIT License""",closed,2024-10-28T17:46:19Z,2024-10-30T13:33:04Z,2024-10-30T13:33:04Z,"doc, fast-track, author ready",main,patch-945740,,,,,,,,,False,,27193779,"109660, 30630, None, None"
2148940579,tniessen,sqlite: improve error handling using MaybeLocal,closed,2024-10-28T11:30:11Z,2024-11-04T12:51:20Z,2024-11-04T12:51:20Z,"c++, experimental, author ready, needs-ci, review wanted, dont-land-on-v20.x, sqlite",main,sqlite-errors-maybelocal,,,,,,,jasnell,,False,,27193779,"109660, 30630, None, None"
2148830219,blended-bram,Remove unused import from sample code,closed,2024-10-28T10:35:32Z,2024-11-27T20:18:01Z,2024-11-27T20:18:01Z,doc,main,patch-1,,,,,,,,,False,,27193779,"109660, 30630, None, None"
2148259018,tniessen,sqlite: add readOnly option,closed,2024-10-28T05:29:57Z,2024-10-31T11:41:14Z,2024-10-31T11:41:14Z,"c++, experimental, author ready, needs-ci, dont-land-on-v20.x, sqlite",main,sqlite-read-only,,,,,,,jasnell,,False,,27193779,"109660, 30630, None, None"
2147843233,Ceres6,test: prevent unwanted dependencyOwners removal,closed,2024-10-27T19:08:05Z,2024-11-17T10:52:05Z,2024-11-17T10:52:05Z,"fs, author ready, needs-ci, commit-queue-failed, dont-land-on-v18.x, test_runner, watch-mode, dont-land-on-v20.x",main,test/test-runner-complex-dependencies,,,,,,,"cjihrig, jakecastelli",,False,,27193779,"109660, 30630, None, None"
2147768058,cho-m,build: fix building with system icu 76,closed,2024-10-27T15:31:27Z,2024-10-29T23:24:38Z,2024-10-29T23:24:38Z,"build, author ready, needs-ci, icu, lts-watch-v20.x, backported-to-v22.x",main,icu76-support,,,,,,,,,False,,27193779,"109660, 30630, None, None"
2147540847,duncpro,Document `Buffer.concat` zero-fill behavior,closed,2024-10-27T04:39:30Z,2024-12-15T21:56:40Z,2024-12-15T21:56:40Z,"buffer, doc, author ready, commit-queue-squash",main,update-concat-docs-2,,,,,,,,,False,,27193779,"109660, 30630, None, None"
2147517050,geeksilva97,module: fix error reporting,closed,2024-10-27T02:54:11Z,,2024-12-10T18:59:44Z,"module, needs-ci",main,55350-issue,,,,,,,"mcollina, jasnell, RafaelGSS",,False,,27193779,"109660, 30630, None, None"
2147489228,anonrig,src: do not run IsWindowsBatchFile on non-windows,closed,2024-10-27T00:36:55Z,2024-10-29T12:10:18Z,2024-10-29T12:10:18Z,"c++, lib / src, author ready, needs-ci",main,move-is-windows-batch-file,,,,,,,"jasnell, RafaelGSS",,False,,27193779,"109660, 30630, None, None"
2147488436,nodejs-github-bot,deps: update nghttp2 to 1.64.0,closed,2024-10-27T00:33:37Z,2024-10-29T02:11:33Z,2024-10-29T02:11:33Z,"http2, needs-ci, dependencies",main,actions/tools-update-nghttp2,,,,,,,,,False,,27193779,"109660, 30630, None, None"
2147488433,nodejs-github-bot,deps: update acorn to 8.13.0,closed,2024-10-27T00:33:36Z,2024-10-29T01:36:48Z,2024-10-29T01:36:48Z,"lib / src, author ready, needs-ci, dependencies",main,actions/tools-update-acorn,,,,,,,,,False,,27193779,"109660, 30630, None, None"
2147488417,nodejs-github-bot,deps: update sqlite to 3.47.0,closed,2024-10-27T00:33:34Z,2024-11-02T21:39:25Z,2024-11-02T21:39:25Z,"author ready, needs-ci, dependencies, dont-land-on-v20.x, sqlite",main,actions/tools-update-sqlite,,,,,,,,,False,,27193779,"109660, 30630, None, None"
2147249668,LiviaMedeiros,fs: fix parentPath returned from getDirent() when type is `UV_DIRENT_UNKNOWN`,closed,2024-10-26T12:29:43Z,2024-11-16T23:23:59Z,2024-11-16T23:23:59Z,"fs, author ready, needs-ci, dont-land-on-v18.x, dont-land-on-v20.x, dont-land-on-v22.x, dont-land-on-v23.x",main,fs-utils-getdirent-parentpath,,,,,,,,,False,,27193779,"109660, 30630, None, None"
2147212696,Qard,lib: make ALS default to AsyncContextFrame,closed,2024-10-26T11:20:07Z,2024-11-02T15:14:28Z,2024-11-02T15:14:28Z,"c++, doc, semver-major, test, needs-ci, async_local_storage",main,default-to-async-context-frame,,,,,,,"bengl, jasnell, santigimeno, codebytere",,False,,27193779,"109660, 30630, None, None"
2147207293,nodejs-github-bot,deps: update icu to 76.1,closed,2024-10-26T11:15:13Z,2024-11-07T10:21:22Z,2024-11-07T10:21:22Z,"test, needs-ci, dependencies, icu, commit-queue-squash",main,actions/tools-update-icu,,,,,,,,,False,,27193779,"109660, 30630, None, None"
2147141694,aduh95,typings: fix `ModulesBinding` types,closed,2024-10-26T09:16:11Z,2024-11-02T16:36:49Z,2024-11-02T16:36:49Z,"author ready, typings, backport-requested-v22.x",main,module-binding-types,,,,,,,,,False,,27193779,"109660, 30630, None, None"
2147128275,aduh95,fs: remove `dirent.path`,closed,2024-10-26T08:29:47Z,2024-11-14T23:19:20Z,2024-11-14T23:19:21Z,"fs, semver-major, author ready, deprecations, needs-ci",main,remove-dirent.path,,,,,,,,,False,,27193779,"109660, 30630, None, None"
2147126734,aduh95,fs: make `dirent.path` writable,closed,2024-10-26T08:24:09Z,2024-10-28T08:33:39Z,2024-10-28T08:33:39Z,"fs, semver-minor, author ready, needs-ci, dont-land-on-v18.x, dont-land-on-v20.x, dont-land-on-v22.x",main,writable-dirent-path,,,,,,,,,False,,27193779,"109660, 30630, None, None"
2146965259,Renegade334,"process: deprecate `features.{ipv6,uv}` and `features.tls_*`",closed,2024-10-26T00:41:37Z,2024-11-27T04:19:16Z,2024-11-27T04:19:16Z,"doc, semver-minor, process, notable-change, deprecations",main,process-features-deprecations,,,,,,,,,False,,27193779,"109660, 30630, None, None"
2146954157,avivkeller,util: don't catch on circular toStringTag error,closed,2024-10-26T00:22:46Z,2024-11-06T09:57:15Z,2024-11-06T09:57:15Z,"util, author ready, needs-ci, review wanted",main,fix-util-inspect-circular,,,,,,,,,False,,27193779,"109660, 30630, None, None"
2146898428,aduh95,module: simplify `findPackageJSON` implementation,closed,2024-10-25T23:02:18Z,2024-11-02T15:13:23Z,2024-11-02T15:13:23Z,"module, author ready, needs-ci, backport-requested-v22.x",main,simplify-find-pjson,,,,,,,,,False,,27193779,"109660, 30630, None, None"
2146829901,a2937,feat: add array method,closed,2024-10-25T22:16:09Z,,2024-10-26T01:21:54Z,"assert, needs-ci",main,feat/add-array-test,,,,,,,,,True,,27193779,"109660, 30630, None, None"
2146017591,marco-ippolito,doc: move typescript support to active development,closed,2024-10-25T14:26:31Z,2024-10-27T14:35:11Z,2024-10-27T14:35:11Z,"doc, notable-change, experimental, author ready, backport-open-v22.x, backport-requested-v22.x, strip-types",main,move-typescript-to-active-development,,,,,,,,,False,,27193779,"109660, 30630, None, None"
2145913448,marco-ippolito,doc: add suggested tsconfig for type stripping,closed,2024-10-25T13:43:04Z,2024-10-27T13:52:50Z,2024-10-27T13:52:50Z,"doc, author ready",main,document-right-ts-config,,,,,,,,,False,,27193779,"109660, 30630, None, None"
2145505228,jazelly,doc: add jazelly to collaborators,closed,2024-10-25T10:11:24Z,,2024-10-25T10:33:34Z,"doc, meta, notable-change, fast-track",main,add-myself-collaborator,,,,,,,,,False,,27193779,"109660, 30630, None, None"
2145400293,codebytere,build: fix GN arg used in `generate_config_gypi.py`,closed,2024-10-25T09:17:27Z,2024-10-28T09:27:31Z,2024-10-28T09:27:31Z,tools,main,gn-bat,,,,,,,,,False,,27193779,"109660, 30630, None, None"
2145391453,codebytere,build: fix GN build for sqlite and nghttp2,closed,2024-10-25T09:13:03Z,2024-10-27T09:21:39Z,2024-10-27T09:21:39Z,"http2, needs-ci, dependencies, sqlite",main,fix-sqlite-gn-build,,,,,,,,,False,,27193779,"109660, 30630, None, None"
2144852827,rvagg,"Revert ""fs,win: fix bug in paths with trailing slashes""",closed,2024-10-25T02:30:10Z,2024-11-02T16:24:29Z,2024-11-02T16:24:29Z,"fs, needs-ci, revert, dont-land-on-v18.x, dont-land-on-v20.x, dont-land-on-v22.x",main,rvagg/revert-fs-open-fix,,,,,,,,,False,,27193779,"109660, 30630, None, None"
2144791355,theanarkh,src: support cancel for dns.lookup and dns.lookupService,closed,2024-10-25T01:25:29Z,,2024-11-04T06:06:13Z,"c++, dns, cares, needs-ci",main,support_dns_cancel,,,,,,,,,True,,27193779,"109660, 30630, None, None"
2144435548,mhdawson,doc: move TSC member from regular to emeritus,closed,2024-10-24T19:50:32Z,,2024-10-29T13:47:32Z,"doc, meta",main,move-regular-emeritus,,,,,,,,,False,,27193779,"109660, 30630, None, None"
2144376065,VamshiPoojari,Update README.md,closed,2024-10-24T19:12:30Z,,2024-10-24T19:49:47Z,doc,main,patch-1,,,,,,,,,False,,27193779,"109660, 30630, None, None"
2144292153,richardlau,"[v22.x] Revert ""build: do not build with code cache for core coverage collection""",closed,2024-10-24T18:16:24Z,,2024-10-24T21:05:37Z,"build, needs-ci, v22.x",v22.x-staging,v22.x-covtest,,,,,,,,,False,,27193779,"109660, 30630, None, None"
2144246448,theanarkh,src: fix dns crash when failed to create NodeAresTask,closed,2024-10-24T17:45:20Z,2024-11-01T03:28:03Z,2024-11-01T03:28:03Z,"c++, cares, author ready, needs-ci",main,fix_dns_crash,,,,,,,,,False,,27193779,"109660, 30630, None, None"
2143616946,joyeecheung,module: fix error thrown from require(esm) hitting TLA repeatedly,closed,2024-10-24T12:55:47Z,2024-10-29T21:15:19Z,2024-10-29T21:15:19Z,"c++, errors, esm, author ready, needs-ci, commit-queue-squash, backport-open-v20.x",main,require-tla-twice,,,,,,,,,False,,27193779,"109660, 30630, None, None"
2143297935,huseyinacacak-janea,src: fix kill signal on Windows,closed,2024-10-24T10:31:09Z,2024-11-20T12:14:20Z,2024-11-20T12:14:20Z,"child_process, c++, needs-ci, commit-queue-squash",main,huseyin-10409-process-kill-signal,,,,,,,,,False,,27193779,"109660, 30630, None, None"
2143137841,aduh95,V23.1.0 proposal,closed,2024-10-24T09:23:10Z,2024-10-24T21:25:46Z,2024-10-24T21:25:46Z,"needs-ci, release, v23.x",v23.x,v23.1.0-proposal,,,,,,,,,False,,27193779,"109660, 30630, None, None"
2142921034,panva,"test,crypto: update WebCryptoAPI WPT",closed,2024-10-24T07:37:16Z,2024-10-26T07:41:28Z,2024-10-26T07:41:28Z,"crypto, test, author ready, needs-ci, webcrypto",main,bump-webcrypto,,,,,,,,,False,,27193779,"109660, 30630, None, None"
2142101151,mfdebian,doc: add esm examples to `node:string_decoder`,closed,2024-10-23T20:53:10Z,2024-10-26T20:36:25Z,2024-10-26T20:36:25Z,"doc, string_decoder",main,docs-string_decoder-esm,,,,,,,,,False,,27193779,"109660, 30630, None, None"
2142045108,badkeyy,test: test_runner#mock:timers housekeeping/refactoring,closed,2024-10-23T20:25:14Z,2024-10-30T02:10:30Z,2024-10-30T02:10:30Z,"test, needs-ci, commit-queue-squash",main,improvement/mock-timers-test-refactor,,,,,,,avivkeller,,False,,27193779,"109660, 30630, None, None"
2141586075,richardlau,v22.11.0 proposal,closed,2024-10-23T16:54:31Z,2024-10-29T13:24:33Z,2024-10-29T13:24:33Z,"needs-ci, release, v22.x",v22.x,v22.11.0-proposal,,,,,,,,,False,,27193779,"109660, 30630, None, None"
2141542879,nodejs-github-bot,deps: update undici to 6.20.1,closed,2024-10-23T16:35:43Z,2024-10-26T18:52:23Z,2024-10-26T18:52:23Z,"lib / src, needs-ci, dependencies, lts-watch-v20.x",main,actions/tools-update-undici,,,,,,,"ronag, KhafraDev",,False,,27193779,"109660, 30630, None, None"
2141536615,joyeecheung,module: allow ESM that failed to be required to be re-imported,closed,2024-10-23T16:32:56Z,2024-10-28T12:21:22Z,2024-10-28T12:21:22Z,"esm, needs-ci, commit-queue-squash, backport-open-v20.x, backported-to-v22.x",main,require-module-retry,,,,,,,,,False,,27193779,"109660, 30630, None, None"
2141523509,LiviaMedeiros,test: avoid `apply()` calls with large amount of elements,closed,2024-10-23T16:25:45Z,2024-10-26T20:27:21Z,2024-10-26T20:27:21Z,"test, author ready, needs-ci",main,test-stack-512,,,,,,,,,False,,27193779,"109660, 30630, None, None"
2141202270,MAHARFK,Update README.md,closed,2024-10-23T14:19:01Z,,2024-10-23T14:19:09Z,doc,main,main,,,,,,,,,False,,27193779,"109660, 30630, None, None"
2141021802,avivkeller,meta: allow users to reopen stale issues via commands,open,2024-10-23T13:16:00Z,,,"meta, author ready, commit-queue-squash",main,patch-634036,,,,,,,,,False,,27193779,"109660, 30630, None, None"
2140875110,jazelly,lib: optimize `type(V)` to only check null when V is webidl object,closed,2024-10-23T12:22:41Z,,2024-10-24T13:13:52Z,needs-ci,main,optimize-type,,,,,,,,,False,,27193779,"109660, 30630, None, None"
2139225712,joyeecheung,module: trim off internal stack frames for require(esm) warnings,closed,2024-10-22T20:01:49Z,2024-10-29T17:32:20Z,2024-10-29T17:32:20Z,"util, module, needs-ci, backport-open-v20.x, backported-to-v22.x",main,require-esm-warning-stack,,,,,,,,,False,,27193779,"109660, 30630, None, None"
2139158540,joebowbeer,doc: update --max-semi-space-size description in cli.md,closed,2024-10-22T19:21:18Z,2024-11-05T23:14:16Z,2024-11-05T23:14:16Z,"doc, cli, author ready, dont-land-on-v18.x",main,patch-1,,,,,,,avivkeller,,False,,27193779,"109660, 30630, None, None"
2138809276,aduh95,test: increase coverage of `pathToFileURL`,closed,2024-10-22T15:52:13Z,2024-10-27T02:21:26Z,2024-10-27T02:21:26Z,"test, author ready, needs-ci, commit-queue-squash, backported-to-v22.x",main,path2fileURL-coverage,,,,,,,,,False,,27193779,"109660, 30630, None, None"
2138804006,duncpro,fix:  support buffers greater than `2^32` bytes in length in `Buffer.concat` and `Buffer.copy`,open,2024-10-22T15:49:23Z,,,"buffer, c++, needs-ci, commit-queue-squash",main,slow-copy-u64,,,,,,,,,False,,27193779,"109660, 30630, None, None"
2138492809,codebytere,"test,crypto: make crypto tests work with BoringSSL",closed,2024-10-22T13:31:59Z,2024-10-24T13:37:15Z,2024-10-24T13:37:15Z,"crypto, test, openssl, author ready, needs-ci",main,crypto-flex-bssl,,,,,,,,,False,,27193779,"109660, 30630, None, None"
2138216533,jazelly,lib: implement webidl dictionary converter and use it in structuredClone,closed,2024-10-22T11:19:21Z,2024-11-05T22:55:45Z,2024-11-05T22:55:45Z,"author ready, worker, commit-queue-failed, web-standards, backported-to-v22.x",main,dictionary-converter,,,,,,,,,False,,27193779,"109660, 30630, None, None"
2136209527,lpinca,test: remove unneeded listeners,closed,2024-10-21T14:11:38Z,2024-10-29T21:52:09Z,2024-10-29T21:52:09Z,"test, needs-ci",main,remove/error-listeners,,,,,,,,,False,,27193779,"109660, 30630, None, None"
2136198667,mertcanaltin,[WIP] src: replace FastApiTypedArray with Local<Value> in API signatures,closed,2024-10-21T14:06:51Z,,2024-10-21T15:11:16Z,"wip, c++, lib / src, needs-ci",main,dev-55452,,,,,,,,,False,,27193779,"109660, 30630, None, None"
2136023276,legendecas,deps: V8: cherry-pick f915fa4c9f41,closed,2024-10-21T12:55:23Z,,2024-10-23T13:11:09Z,"build, v8 engine, author ready, needs-ci, commit-queue-rebase, dont-land-on-v18.x, dont-land-on-v20.x, backport-requested-v22.x",main,v8/repl-osr,,,,,,,,,False,,27193779,"109660, 30630, None, None"
2135697537,MrJithil,add verbose to identify the flaky cases,open,2024-10-21T10:27:04Z,,,"test, needs-ci",main,fix-55431,,,,,,,,,False,,27193779,"109660, 30630, None, None"
2135111365,koushil-mankali,doc: HTTP Module request.reusedSocket documentation sample code error fix,open,2024-10-21T05:30:00Z,,,"http, doc",main,patch-1,,,,,,,,,False,,27193779,"109660, 30630, None, None"
2134988424,zcbenz,build: fix GN build for cares/uv deps,closed,2024-10-21T03:42:19Z,2024-10-23T03:49:00Z,2024-10-23T03:49:00Z,"libuv, cares, dependencies",main,fix-care-uv-gn,,,,,,,,,False,,27193779,"109660, 30630, None, None"
2134713587,aduh95,url: refactor `pathToFileURL` to native,closed,2024-10-20T19:39:38Z,2024-10-31T21:11:27Z,2024-10-31T21:11:27Z,"c++, whatwg-url, author ready, needs-ci, needs-benchmark-ci, dont-land-on-v20.x, backported-to-v22.x",main,path-to-native-url,,,,,,,,,False,,27193779,"109660, 30630, None, None"
2134701965,puskin94,assert: fix the string length check for printing the simple diff,closed,2024-10-20T19:03:27Z,2024-11-02T15:12:13Z,2024-11-02T15:12:13Z,"assert, author ready, needs-ci, backported-to-v22.x",main,fix-length-simple-assert-diff,,,,,,,,,False,,27193779,"109660, 30630, None, None"
2134576121,marvinroger,stream: propagate AbortSignal reason,closed,2024-10-20T16:04:16Z,2024-10-22T16:14:02Z,2024-10-22T16:14:02Z,"stream, author ready, needs-ci, commit-queue-squash",main,feat/propagate-pipeline-abort-reason,,,,,,,,,False,,27193779,"109660, 30630, None, None"
2134501693,aduh95,test: refactor some esm tests,closed,2024-10-20T14:00:09Z,2024-11-05T23:40:39Z,2024-11-05T23:40:39Z,"test, esm, author ready, needs-ci",main,refactor-esm-tests,,,,,,,,,False,,27193779,"109660, 30630, None, None"
2134490577,aduh95,esm: add a fall back when importer in not a file,closed,2024-10-20T13:42:42Z,2024-10-22T16:09:33Z,2024-10-22T16:09:33Z,"esm, author ready, needs-ci",main,esm-import-from-data,,,,,,,,,False,,27193779,"109660, 30630, None, None"
2134459058,nodejs-github-bot,tools: update lint-md-dependencies to @rollup/plugin-commonjs@28.0.1 @rollup/plugin-node-resolve@15.3.0 remark-preset-lint-node@5.1.2 rollup@4.24.0,closed,2024-10-20T12:38:47Z,2024-10-22T12:55:44Z,2024-10-22T12:55:44Z,"tools, author ready",main,actions/tools-update-lint-md-dependencies,,,,,,,,,False,,27193779,"109660, 30630, None, None"
2134067524,juanarbol,test: increase test coverage for `http.OutgoingMessage.appendHeader()`,closed,2024-10-20T01:41:38Z,2024-10-25T17:39:46Z,2024-10-25T17:39:46Z,"test, author ready, needs-ci",main,juan/outgoing-coverage,,,,,,,,,False,,27193779,"109660, 30630, None, None"
2134031865,nodejs-github-bot,deps: update acorn to 8.13.0,closed,2024-10-20T00:35:06Z,,2024-10-21T15:35:34Z,"lib / src, needs-ci, dependencies",main,actions/tools-update-acorn,,,,,,,,,False,,27193779,"109660, 30630, None, None"
2134031477,nodejs-github-bot,deps: update googletest to df1544b,closed,2024-10-20T00:33:38Z,2024-10-22T00:38:37Z,2024-10-22T00:38:37Z,"test, author ready, needs-ci, dependencies",main,actions/tools-update-googletest,,,,,,,,,False,,27193779,"109660, 30630, None, None"
2134031468,nodejs-github-bot,tools: update gyp-next to 0.18.3,closed,2024-10-20T00:33:37Z,2024-10-22T12:37:30Z,2024-10-22T12:37:30Z,"build, tools, needs-ci, gyp",main,actions/tools-update-gyp-next,,,,,,,,,False,,27193779,"109660, 30630, None, None"
2134031465,nodejs-github-bot,deps: update c-ares to v1.34.2,closed,2024-10-20T00:33:36Z,2024-10-22T00:38:21Z,2024-10-22T00:38:21Z,"cares, author ready, needs-ci, dependencies",main,actions/tools-update-c-ares,,,,,,,,,False,,27193779,"109660, 30630, None, None"
2134003541,isker,doc: remove outdated remarks about `highWaterMark` in fs,closed,2024-10-20T00:03:08Z,2024-10-22T00:17:55Z,2024-10-22T00:17:55Z,"doc, fs, author ready",main,remove-outdated-highwatermark-doc,,,,,,,,,False,,27193779,"109660, 30630, None, None"
2133999856,isker,fs: make `FileHandle.readableWebStream` always create byte streams,closed,2024-10-19T23:50:53Z,2025-02-10T03:40:32Z,2025-02-10T03:40:32Z,"fs, experimental, author ready, needs-ci",main,filehandle-readablestream-always-bytes,,,,,,,,,False,,27193779,"109660, 30630, None, None"
2133915980,orgads,http2: fix client async storage persistence,closed,2024-10-19T20:46:33Z,2024-10-31T17:08:45Z,2024-10-31T17:08:45Z,"http2, author ready, needs-ci, commit-queue-failed",main,http2-async,,,,,,,,,False,,27193779,"109660, 30630, None, None"
2133791220,avivkeller,src: migrate `String::Value` to `String::ValueView`,closed,2024-10-19T16:27:52Z,2024-10-29T00:32:26Z,2024-10-29T00:32:26Z,"c++, lib / src, author ready, needs-ci, needs-citgm, commit-queue-squash, dont-land-on-v18.x, dont-land-on-v20.x, dont-land-on-v22.x",main,v8-string--value-deprecate,,,,,,,addaleax,,False,,27193779,"109660, 30630, None, None"
2133502167,ronag,http: don't emit error after destroy,closed,2024-10-19T09:16:44Z,2024-10-28T12:57:58Z,2024-10-28T12:57:58Z,"http, author ready, needs-ci, needs-citgm, commit-queue-squash",main,no-error-after-destroy,,,,,,,,,False,,27193779,"109660, 30630, None, None"
2133489871,hkleungai,doc: add missing options.signal to readlinePromises.createInterface(),open,2024-10-19T08:51:28Z,,,"doc, readline",main,readline-doc-fix,,,,,,,,,False,,27193779,"109660, 30630, None, None"
2133290965,aduh95,test: fix invalid `file:` URL in `test-fs-path-dir`,closed,2024-10-19T00:15:43Z,2024-10-21T00:27:11Z,2024-10-21T00:27:11Z,"test, author ready, needs-ci, dont-land-on-v18.x, dont-land-on-v20.x, dont-land-on-v22.x",main,fix-test-fs-path-dir,,,,,,,,,False,,27193779,"109660, 30630, None, None"
2133246048,avivkeller,src: switch from `Get/SetPrototype` to `Get/SetPrototypeV2`,closed,2024-10-18T23:15:46Z,2024-10-22T05:05:19Z,2024-10-22T05:05:19Z,"c++, lib / src, author ready, needs-ci, backport-requested-v22.x",main,v8-GetPrototypeV2-dep,,,,,,,,,False,,27193779,"109660, 30630, None, None"
2133112498,leviscar,doc: add isBigIntObject to documentation,closed,2024-10-18T20:34:45Z,2024-10-22T05:00:25Z,2024-10-22T05:00:25Z,"util, doc, author ready, commit-queue-squash",main,fix-node-55446,,,,,,,,,False,,27193779,"109660, 30630, None, None"
2132860465,richardlau,tools: add script to synch c-ares source lists,closed,2024-10-18T17:11:09Z,,2024-10-20T18:09:47Z,"tools, cares, author ready, needs-ci, dependencies, commit-queue-rebase",main,update-c-ares,,,,,,,,,False,,27193779,"109660, 30630, None, None"
2132654662,joyeecheung,doc: move dual package shipping docs to separate repo,closed,2024-10-18T14:54:03Z,2024-10-22T20:14:51Z,2024-10-22T20:14:51Z,"doc, author ready",main,move-package-examples,,,,,,,,,False,,27193779,"109660, 30630, None, None"
2132066819,tniessen,sqlite: refactor open options,closed,2024-10-18T09:54:50Z,2024-10-26T00:22:07Z,2024-10-26T00:22:07Z,"c++, needs-ci, sqlite",main,sqlite-refactor-open-options,,,,,,,jasnell,,False,,27193779,"109660, 30630, None, None"
2131984215,aduh95,test: fix addons and node-api test assumptions,closed,2024-10-18T09:16:30Z,2024-10-22T07:49:19Z,2024-10-22T07:49:19Z,"test, addons, node-api, author ready, needs-ci",main,fix-napi-test-assumptions,,,,,,,,,False,,27193779,"109660, 30630, None, None"
2131950379,marco-ippolito,module: simplify ts under node_modules check,closed,2024-10-18T09:00:42Z,2024-10-20T09:09:56Z,2024-10-20T09:09:56Z,"module, esm, author ready, needs-ci, backport-open-v22.x, backport-requested-v22.x",main,simplify/under_node_module-check,,,,,,,,,False,,27193779,"109660, 30630, None, None"
2131768267,iwuliz,typings: add missing type of `ArrayBufferPrototypeGetByteLength`,closed,2024-10-18T07:31:02Z,2024-10-22T08:25:12Z,2024-10-22T08:25:12Z,"author ready, typings",main,add-missing-type,,,,,,,,,False,,27193779,"109660, 30630, None, None"
2131470547,cloorc,fix(build): uninstall support AIX 7.1,closed,2024-10-18T03:20:11Z,2024-10-21T19:50:43Z,2024-10-21T19:50:43Z,"build, aix, python, author ready, needs-ci",main,main,,,,,,,,,False,,27193779,"109660, 30630, None, None"
2130997713,mertcanaltin,lib: refactor project to use PromiseWithResolvers,closed,2024-10-17T20:43:16Z,,2024-10-17T21:18:56Z,"lib / src, promises, needs-ci",main,lib/use/PromiseWithResolvers,,,,,,,,,False,,27193779,"109660, 30630, None, None"
2130939418,mertcanaltin,esm: optimize string checks and slicing with direct index access,closed,2024-10-17T20:07:23Z,,2024-10-18T10:47:01Z,"esm, needs-ci",main,perf/optimize-string-manipulation,,,,,,,,,False,,27193779,"109660, 30630, None, None"
2130897316,mertcanaltin,os: improve path check with direct index access,closed,2024-10-17T19:42:16Z,2024-11-02T15:11:44Z,2024-11-02T15:11:44Z,"os, needs-ci, review wanted, commit-queue-squash",main,os-dev-1,,,,,,,,,False,,27193779,"109660, 30630, None, None"
2130880220,mfdebian,doc: add esm examples to `node:repl`,closed,2024-10-17T19:31:22Z,2024-12-14T19:50:53Z,2024-12-14T19:50:53Z,"doc, repl, commit-queue-squash",main,docs-repl-esm,,,,,,,,,False,,27193779,"109660, 30630, None, None"
2130751339,avivkeller,dns: stop using deprecated `ares_query`,closed,2024-10-17T18:07:41Z,2024-10-30T14:10:28Z,2024-10-30T14:10:28Z,"c++, cares, author ready, needs-ci, commit-queue-squash",main,ares_query_dnsrec,,,,,,,,,False,,27193779,"109660, 30630, None, None"
2130568138,panva,"test,crypto: update WebCryptoAPI WPT",closed,2024-10-17T16:13:40Z,2024-10-19T22:14:05Z,2024-10-19T22:14:05Z,"crypto, test, author ready, needs-ci, webcrypto, web-standards",main,bump-webcrypto,,,,,,,,,False,,27193779,"109660, 30630, None, None"
2130561544,panva,meta: assign CODEOWNERS for /deps/ncrypto/*,closed,2024-10-17T16:09:55Z,2024-10-17T20:52:41Z,2024-10-17T20:52:41Z,"meta, fast-track, author ready, dont-land-on-v20.x",main,crypto-owners-ncrypto,,,,,,,,,False,,27193779,"109660, 30630, None, None"
2130373110,codebytere,crypto: include `openssl/rand.h` explicitly,closed,2024-10-17T14:39:02Z,2024-10-19T14:42:30Z,2024-10-19T14:42:30Z,"crypto, author ready, dependencies",main,add-rand-explicitly,,,,,,,,,False,,27193779,"109660, 30630, None, None"
2130174403,RafaelGSS,meta: change color to blue notify review-wanted,closed,2024-10-17T13:11:52Z,2024-10-17T15:45:46Z,2024-10-17T15:45:46Z,"meta, fast-track, author ready",main,update-notify-on-review-wanted-color,,,,,,,,,False,,27193779,"109660, 30630, None, None"
2129864820,aduh95,[v22.x backport] tools: add `polyfilled` option to `prefer-primordials` rule,closed,2024-10-17T10:45:00Z,,2024-11-27T05:48:54Z,"tools, needs-ci, v22.x",v22.x-staging,polyfilled-primordials,,,,,,,,,False,,27193779,"109660, 30630, None, None"
2129598119,adriancuadrado,Update README.md,closed,2024-10-17T08:31:59Z,2024-10-23T12:06:42Z,2024-10-23T12:06:42Z,"doc, author ready",main,patch-1,,,,,,,,,False,,27193779,"109660, 30630, None, None"
2129288258,odanado,doc: fix typo `matchesGlob` in a release note v23,closed,2024-10-17T05:07:05Z,,2024-10-17T11:10:48Z,release,main,fix-typo-of-release-note-v23,,,,,,,,,False,,27193779,"109660, 30630, None, None"
2129072826,avivkeller,"Revert ""path: fix bugs and inconsistencies""",closed,2024-10-17T01:14:56Z,2024-10-21T07:10:47Z,2024-10-21T07:10:47Z,"path, author ready, needs-ci, revert, dont-land-on-v18.x, dont-land-on-v20.x, dont-land-on-v22.x",main,revert-path-changes-!unclean,,,,,,,,,False,,27193779,"109660, 30630, None, None"
2128821538,JakobJingleheimer,module: add `findPackageJSON` util,closed,2024-10-16T20:54:49Z,2024-10-25T20:40:54Z,2024-10-25T20:40:54Z,"module, semver-minor, needs-ci, commit-queue-squash, lts-watch-v20.x, backported-to-v22.x",main,feat/module-utils-findPJSON,,,,,,,marco-ippolito,,False,,27193779,"109660, 30630, None, None"
2128454296,richardlau,build: conditionally compile bundled sqlite,closed,2024-10-16T17:32:48Z,2024-10-21T16:57:14Z,2024-10-21T16:57:15Z,"build, author ready, needs-ci, dont-land-on-v18.x, dont-land-on-v20.x, sqlite",main,sqlite,,,,,,,,,False,,27193779,"109660, 30630, None, None"
2128447383,theanarkh,net: add UV_TCP_REUSEPORT for tcp,closed,2024-10-16T17:28:47Z,2024-10-21T13:10:53Z,2024-10-21T13:10:53Z,"c++, net, semver-minor, author ready, needs-ci",main,add_reuseport_for_tcp,,,,,,,,,False,,27193779,"109660, 30630, None, None"
2128370437,gurgunday,lib: remove startsWith/endsWith primordials for char checks,closed,2024-10-16T16:53:41Z,2024-10-19T10:18:10Z,2024-10-19T10:18:11Z,"lib / src, author ready, needs-ci, commit-queue-squash, backported-to-v22.x",main,improve-startswith,,,,,,,anonrig,,False,,27193779,"109660, 30630, None, None"
2128319802,geeksilva97,assert: fix deepStrictEqual on errors when cause is present,closed,2024-10-16T16:33:18Z,2024-11-05T23:45:05Z,2024-11-05T23:45:05Z,"test, author ready, needs-ci, backported-to-v22.x",main,issue-55310,,,,,,,,,False,,27193779,"109660, 30630, None, None"
2127740154,pmarchini,lib: ensure FORCE_COLOR forces color output in non-TTY environments,closed,2024-10-16T12:28:24Z,2024-10-23T06:51:50Z,2024-10-23T06:51:50Z,"util, lib / src, author ready, needs-ci, commit-queue-squash, backport-open-v22.x",main,issue/55383,,,,,,,"cjihrig, jakecastelli",,False,,27193779,"109660, 30630, None, None"
2127610804,theanarkh,dgram: add UV_UDP_REUSEPORT for udp,closed,2024-10-16T11:32:59Z,2024-10-21T10:25:10Z,2024-10-21T10:25:10Z,"dgram, c++, semver-minor, author ready, needs-ci",main,add_reuseport_for_udp,,,,,,,,,False,,27193779,"109660, 30630, None, None"
2127464269,Jaskaran-Techno,changed required.,closed,2024-10-16T10:26:50Z,,2024-10-16T10:32:24Z,invalid,v20.x-staging,main,,,,,,,,,False,,27193779,"109660, 30630, None, None"
2127186188,codebytere,test: make `test-node-output-v8-warning` more flexible,closed,2024-10-16T08:27:53Z,2024-10-22T13:53:43Z,2024-10-22T13:53:43Z,test,main,output-warning-more-generic,,,,,,,,,False,,27193779,"109660, 30630, None, None"
2126271248,RafaelGSS,doc: move emeritus releasers keys,closed,2024-10-15T21:24:25Z,,2024-10-17T21:41:30Z,"doc, author ready, commit-queue-rebase",main,move-releasers-to-emeritus,,,,,,,,,False,,27193779,"109660, 30630, None, None"
2126261252,ErickWendel,test_runner: mark mockTimers as stable,closed,2024-10-15T21:17:02Z,,2024-10-17T21:24:44Z,"notable-change, author ready, needs-ci, commit-queue-rebase, test_runner, backport-requested-v22.x",main,test-runner/promote-mock-timers-to-stable,,,,,,,avivkeller,,False,,27193779,"109660, 30630, None, None"
2126035026,joyeecheung,module: include module information in require(esm) warning,closed,2024-10-15T19:28:47Z,2024-10-22T16:51:45Z,2024-10-22T16:51:46Z,"util, module, author ready, needs-ci, commit-queue-squash, backport-open-v20.x, backported-to-v22.x",main,require-esm-warning,,,,,,,,,False,,27193779,"109660, 30630, None, None"
2125416141,KunalKumar-1,fix: Ensure `Duplex streams` are returned unwrapped in stream operators ,open,2024-10-15T14:21:37Z,,,"stream, needs-ci",main,duplex-stream-handling,,,,,,,mcollina,,False,,27193779,"109660, 30630, None, None"
2125297275,lpinca,test: remove duplicate tests,closed,2024-10-15T13:33:15Z,2024-10-17T13:43:02Z,2024-10-17T13:43:02Z,"test, author ready, needs-ci",main,remove/duplicate-tests,,,,,,,,,False,,27193779,"109660, 30630, None, None"
2125255088,lpinca,dns: honor the order option,closed,2024-10-15T13:15:07Z,2024-10-17T13:18:28Z,2024-10-17T13:18:28Z,"dns, needs-ci, dont-land-on-v18.x, lts-watch-v20.x",main,fix/issue-55391,,,,,,,,,False,,27193779,"109660, 30630, None, None"
2124079164,geeksilva97,[v22.x backport] lib: remove settled dependant signals when they are GCed,closed,2024-10-15T00:02:41Z,,2024-10-15T00:18:16Z,"needs-ci, v22.x",v22.x-staging,backport-55354-to-v22.x,,,,,,,,,False,,27193779,"109660, 30630, None, None"
2124076628,geeksilva97,[v20.x backport] lib: remove settled dependant signals when they are GCed,closed,2024-10-15T00:00:38Z,,2024-10-15T00:18:06Z,"needs-ci, v20.x",v20.x-staging,backport-55354-to-v20.x,,,,,,,,,False,,27193779,"109660, 30630, None, None"
2123829132,VoltrexKeyva,build: fix path concatenation,closed,2024-10-14T20:27:23Z,2024-10-17T13:05:02Z,2024-10-17T13:05:02Z,"build, author ready, needs-ci",main,fix-configure-concat,,,,,,,,,False,,27193779,"109660, 30630, None, None"
2122792835,marco-ippolito,module: allow running .ts in node_modules if private,closed,2024-10-14T11:22:24Z,,2024-10-14T17:08:03Z,"lib / src, needs-ci, strip-types",main,module/enable-ts-node_modules,,,,,,,,,True,,27193779,"109660, 30630, None, None"
2121918288,nodejs-github-bot,meta: move one or more collaborators to emeritus,closed,2024-10-14T04:11:37Z,2024-10-21T13:25:45Z,2024-10-21T13:25:45Z,"doc, meta, author ready",main,actions/inactive-collaborators,,,,,,,,,False,,27193779,"109660, 30630, None, None"
2121568043,nodejs-github-bot,deps: update simdutf to 5.6.0,closed,2024-10-13T18:47:07Z,2024-10-15T18:56:40Z,2024-10-15T18:56:40Z,"needs-ci, dependencies",main,actions/tools-update-simdutf,,,,,,,,,False,,27193779,"109660, 30630, None, None"
2121557678,avivkeller,test: deflake `test-cluster-shared-handle-bind-privileged-port`,closed,2024-10-13T18:13:43Z,2024-10-22T04:55:33Z,2024-10-22T04:55:33Z,"cluster, test, author ready, needs-ci, linux, commit-queue-squash",main,deflake-test-cluster-shared-handle,,,,,,,"lpinca, anonrig",,False,,27193779,"109660, 30630, None, None"
2121537734,jasnell,buffer: make Buffer work with resizable ArrayBuffer,closed,2024-10-13T17:10:50Z,2024-10-15T17:22:15Z,2024-10-15T17:22:16Z,"buffer, semver-minor, notable-change, author ready",main,buffer-with-resizable-arraybuffer,,,,,,,targos,,False,,27193779,"109660, 30630, None, None"
2121459960,badkeyy,lib: test_runner#mock:timers respeced timeout_max behaviour,closed,2024-10-13T13:33:50Z,2024-10-15T13:43:24Z,2024-10-15T13:43:24Z,"timers, author ready, needs-ci, commit-queue-squash, test_runner",main,fix/mock-timers-max-timeout,,,,,,,,,False,,27193779,"109660, 30630, None, None"
2121285288,indutny,sqlite: cache column names in stmt.all(),closed,2024-10-13T05:00:03Z,2024-10-15T13:43:09Z,2024-10-15T13:43:09Z,"c++, needs-ci, dont-land-on-v20.x, sqlite",main,feature/cache-sqlite-columns,,,,,,,,,False,,27193779,"109660, 30630, None, None"
2121210325,nodejs-github-bot,deps: patch V8 to 12.9.202.28,closed,2024-10-13T00:35:40Z,2024-10-15T00:45:44Z,2024-10-15T00:45:44Z,"v8 engine, author ready, needs-ci, dependencies, dont-land-on-v18.x, dont-land-on-v20.x, dont-land-on-v22.x",main,actions/update-v8-patch,,,,,,,,,False,,27193779,"109660, 30630, None, None"
2121209020,nodejs-github-bot,deps: update simdutf to 5.6.0,closed,2024-10-13T00:34:26Z,,2024-10-13T18:46:04Z,"needs-ci, dependencies",main,actions/tools-update-simdutf,,,,,,,,,False,,27193779,"109660, 30630, None, None"
2121207125,nodejs-github-bot,deps: update c-ares to v1.34.1,closed,2024-10-13T00:33:04Z,2024-10-15T00:45:37Z,2024-10-15T00:45:37Z,"cares, needs-ci, dependencies, commit-queue-squash",main,actions/tools-update-c-ares,,,,,,,,,False,,27193779,"109660, 30630, None, None"
2121158886,jasnell,src: move more key related stuff to ncrypto,closed,2024-10-12T22:08:47Z,2024-11-02T15:11:28Z,2024-11-02T15:11:28Z,"crypto, author ready, needs-ci, dependencies",main,moar-ncrypto-key,,,,,,,tniessen,,False,,27193779,"109660, 30630, None, None"
2120749038,yesmeck,esm: fix inconsistency with importAssertion in resolve hook,closed,2024-10-12T11:07:38Z,2024-10-15T19:02:07Z,2024-10-15T19:02:07Z,"esm, needs-ci",main,alias-import-assertion-for-resolve-hook,,,,,,,,,False,,27193779,"109660, 30630, None, None"
2120262677,avivkeller,build: apply cpp linting and formatting to ncrypto,closed,2024-10-11T19:59:33Z,2024-11-10T17:40:16Z,2024-11-10T17:40:16Z,"crypto, build, author ready, needs-ci, dependencies, commit-queue-squash",main,lint-ncrypto,,,,,,,,,False,,27193779,"109660, 30630, None, None"
2120207123,RafaelGSS,doc: fix ambasador markdown list,closed,2024-10-11T19:08:35Z,2024-10-13T19:14:48Z,2024-10-13T19:14:48Z,"doc, author ready",main,fix-markdown-ambassador,,,,,,,,,False,,27193779,"109660, 30630, None, None"
2120181753,avivkeller,test_runner: require `--enable-source-maps` for sourcemap coverage,closed,2024-10-11T18:46:24Z,2024-10-14T13:19:18Z,2024-10-14T13:19:18Z,"author ready, coverage, source maps, test_runner",main,sourcemap-flag-coverage,,,,,,,,,False,,27193779,"109660, 30630, None, None"
2119996808,AnkitCodes-12,Update README.md,closed,2024-10-11T16:21:28Z,,2024-10-11T16:27:21Z,doc,main,main,,,,,,,,,False,,27193779,"109660, 30630, None, None"
2119445963,huseyinacacak-janea,doc: add instructions for WinGet build,closed,2024-10-11T10:53:28Z,2024-10-15T12:13:30Z,2024-10-15T12:13:30Z,"doc, windows, build, author ready",main,huseyin-00001-add-documentation-devhome,,,,,,,,,False,,27193779,"109660, 30630, None, None"
2118537380,avivkeller,tools: update cpplint to 2.0.0,closed,2024-10-10T21:48:55Z,,2024-10-10T22:32:01Z,"c++, build, tools, needs-ci",main,cpplint-update,,,,,,,,,False,,27193779,"109660, 30630, None, None"
2118357088,geeksilva97,lib: clean up references to GCed abort signals,closed,2024-10-10T19:39:41Z,2024-10-14T20:33:41Z,2024-10-14T20:33:41Z,"author ready, needs-ci, abortcontroller, commit-queue-squash, backport-requested-v20.x",main,abortsignal-mem-leak,,,,,,,,,False,,27193779,"109660, 30630, None, None"
2118163538,aduh95,fs: fix linter issue,closed,2024-10-10T17:29:41Z,2024-10-10T22:50:19Z,2024-10-10T22:50:19Z,"fs, fast-track, author ready, needs-ci, commit-queue-squash, dont-land-on-v18.x, dont-land-on-v20.x, dont-land-on-v22.x",main,lint-fs,,,,,,,,,False,,27193779,"109660, 30630, None, None"
2117262228,aduh95,doc: add release key for aduh95,closed,2024-10-10T10:24:59Z,2024-10-10T12:12:53Z,2024-10-10T12:12:54Z,"doc, fast-track, author ready, backported-to-v18.x, backported-to-v20.x",main,release-key,,,,,,,,,False,,27193779,"109660, 30630, None, None"
2117258508,nodejs-github-bot,deps: update amaro to 0.1.9,closed,2024-10-10T10:23:41Z,2024-10-12T10:34:27Z,2024-10-12T10:34:27Z,"c++, author ready, needs-ci, dependencies, strip-types",main,actions/tools-update-amaro,,,,,,,,,False,,27193779,"109660, 30630, None, None"
2116244409,aduh95,[v22.x] Fix doc linter,closed,2024-10-09T22:44:59Z,2024-10-10T15:33:54Z,2024-10-10T15:33:54Z,"doc, fast-track, v22.x",v22.x-staging,fix-v22.x-linter,,,,,,,,,False,,27193779,"109660, 30630, None, None"
2116228377,aduh95,V22.10.0 proposal,closed,2024-10-09T22:26:03Z,2024-10-16T22:28:51Z,2024-10-16T22:28:51Z,"release, v22.x",v22.x,v22.10.0-proposal,,,,,,,,,False,,27193779,"109660, 30630, None, None"
2116102670,NathanBaulch,test: fix typos,open,2024-10-09T20:42:54Z,,,test,main,typos-test,,,,,,,MattiasBuelens,,False,,27193779,"109660, 30630, None, None"
2115832470,avivkeller,"Revert ""test_runner: ignore unmapped lines for coverage""",closed,2024-10-09T17:59:26Z,2024-10-11T11:36:03Z,2024-10-11T11:36:03Z,"test, fast-track, author ready, needs-ci, revert, dont-land-on-v18.x, test_runner, dont-land-on-v20.x, dont-land-on-v22.x",main,revert-55228-issue-55106,,,,,,,,,False,,27193779,"109660, 30630, None, None"
2115820901,RafaelGSS,"2024-10-16, Version 23.0.0 (Current)",closed,2024-10-09T17:51:33Z,2024-10-16T14:02:59Z,2024-10-16T14:02:59Z,"needs-ci, release, v23.x",v23.x,v23.0.0-proposal,,,,,,,,,False,,27193779,"109660, 30630, None, None"
2115729023,joyeecheung,src: migrate from deprecated SnapshotCreator constructor,open,2024-10-09T16:50:00Z,,,"c++, lib / src, blocked, needs-ci",main,snapshot-params,,,,,,,,,False,,27193779,"109660, 30630, None, None"
2115472358,pranee31,Update README.md,closed,2024-10-09T14:39:15Z,,2024-10-09T14:39:43Z,doc,main,main,,,,,,,,,False,,27193779,"109660, 30630, None, None"
2115317093,mfdebian,doc: add esm examples to `node:readline`,closed,2024-10-09T13:31:02Z,2024-12-14T19:50:35Z,2024-12-14T19:50:35Z,"doc, readline, commit-queue-squash",main,docs-readline-esm,,,,,,,,,False,,27193779,"109660, 30630, None, None"
2115293963,aduh95,doc: edit onboarding guide to clarify when mailmap addition is needed,closed,2024-10-09T13:21:31Z,2024-10-11T13:30:32Z,2024-10-11T13:30:32Z,"doc, author ready, commit-queue-squash",main,onboarding-mailmap,,,,,,,,,False,,27193779,"109660, 30630, None, None"
2115219257,nicolo-ribaudo,esm: mark import attributes and JSON module as stable,closed,2024-10-09T12:49:10Z,2024-10-12T11:21:09Z,2024-10-12T11:21:09Z,"notable-change, esm, author ready, needs-ci, backported-to-v18.x, backport-open-v20.x",main,json-modules-remove-warning,,,,,,,,,False,,27193779,"109660, 30630, None, None"
2114973000,marco-ippolito,module: throw ERR_NO_TYPESCRIPT when compiled without amaro,closed,2024-10-09T10:49:43Z,2024-10-11T15:41:38Z,2024-10-11T15:41:39Z,"util, module, errors, author ready, needs-ci, backported-to-v22.x, strip-types",main,throw-no-typescript,,,,,,,,,False,,27193779,"109660, 30630, None, None"
2114958783,pmarchini,doc: add pmarchini to collaborators,closed,2024-10-09T10:42:54Z,2024-10-09T14:47:31Z,2024-10-09T14:47:31Z,"doc, meta, fast-track, author ready",main,meta/pmarchini-new-member,,,,,,,,,False,,27193779,"109660, 30630, None, None"
2114606842,nodejs-github-bot,deps: update undici to 6.20.0,closed,2024-10-09T07:54:00Z,2024-10-10T20:58:35Z,2024-10-10T20:58:35Z,"fast-track, author ready, needs-ci, dependencies, dont-land-on-v18.x, lts-watch-v20.x",main,actions/tools-update-undici,,,,,,,,,False,,27193779,"109660, 30630, None, None"
2114184988,sapics,build: fix errors with pointer compression,closed,2024-10-09T02:17:02Z,,2024-10-14T06:24:58Z,"build, macos, needs-ci",main,build-fix-pointer-compression-not-mac,,,,,,,,,False,,27193779,"109660, 30630, None, None"
2113564283,aduh95,tools: enforce ordering of error codes in `errors.md`,closed,2024-10-08T17:11:10Z,2024-10-10T17:18:21Z,2024-10-10T17:18:21Z,"tools, errors, author ready, dont-land-on-v18.x, dont-land-on-v20.x, backported-to-v22.x",main,errors-ordering,,,,,,,,,False,,27193779,"109660, 30630, None, None"
2113531801,aduh95,process: fix `process.features.typescript` when Amaro is unavailable,closed,2024-10-08T16:49:34Z,2024-10-11T11:27:17Z,2024-10-11T11:27:17Z,"process, author ready, needs-ci, dont-land-on-v20.x, strip-types",main,process.features.typescript--without-amaro,,,,,,,legendecas,,False,,27193779,"109660, 30630, None, None"
2113528342,Ed-roro,doc: add note about stdio streams in child_process,closed,2024-10-08T16:47:20Z,2024-10-22T05:05:05Z,2024-10-22T05:05:05Z,"child_process, doc, author ready, commit-queue-squash",main,update-child_process-doc,,,,,,,avivkeller,,False,,27193779,"109660, 30630, None, None"
2113462956,aduh95,test: use more informative errors in `test-runner-cli`,closed,2024-10-08T16:08:28Z,2024-10-10T16:11:01Z,2024-10-10T16:11:01Z,"test, author ready, needs-ci, dont-land-on-v20.x",main,test-runner-cli-better-errors,,,,,,,,,False,,27193779,"109660, 30630, None, None"
2113225240,richardlau,test: fix tests when Amaro is unavailable,closed,2024-10-08T14:14:29Z,2024-10-11T05:27:54Z,2024-10-11T05:27:54Z,"test, esm, needs-ci, dont-land-on-v20.x, strip-types",main,withoutamaro,,,,,,,,,False,,27193779,"109660, 30630, None, None"
2112669282,aduh95,tools: add `polyfilled` option to `prefer-primordials` rule,closed,2024-10-08T09:46:51Z,2024-10-17T10:37:55Z,2024-10-17T10:37:55Z,"tools, author ready, needs-ci, backport-open-v20.x, backported-to-v22.x",main,polyfilled-primordials,,,,,,,,,False,,27193779,"109660, 30630, None, None"
2112606976,jazelly,lib: convert transfer sequence to array in js,closed,2024-10-08T09:16:13Z,2024-10-13T18:11:21Z,2024-10-13T18:11:21Z,"author ready, needs-ci, web-standards, backported-to-v22.x",main,js-structured-clone,,,,,,,,,False,,27193779,"109660, 30630, None, None"
2112592166,marco-ippolito,module: wrap swc error in ERR_INVALID_TYPESCRIPT_SYNTAX,closed,2024-10-08T09:09:00Z,2024-10-10T09:12:40Z,2024-10-10T09:12:40Z,"module, errors, author ready, needs-ci, dont-land-on-v20.x, strip-types",main,error-handling-ts,,,,,,,,,False,,27193779,"109660, 30630, None, None"
2112359138,akaday,Node101,closed,2024-10-08T07:11:20Z,,2024-10-08T07:17:09Z,invalid,actions/inactive-collaborators,node101,,,,,,,,,False,,27193779,"109660, 30630, None, None"
2112317763,akaday,Create npm-gulp.yml,closed,2024-10-08T06:46:04Z,,2024-10-08T06:51:36Z,invalid,main,akaday-patch-1,,,,,,,,,False,,27193779,"109660, 30630, None, None"
2112317457,akaday,Create jekyll-docker.yml,closed,2024-10-08T06:45:52Z,,2024-10-08T06:52:24Z,invalid,main,akaday-patch-2,,,,,,,,,False,,27193779,"109660, 30630, None, None"
2112306216,ronag,events: optimize EventTarget.addEventListener,closed,2024-10-08T06:38:14Z,2024-10-14T10:24:32Z,2024-10-14T10:24:32Z,"events, performance, author ready, needs-ci",main,eventtarget-perf,,,,,,,targos,,False,,27193779,"109660, 30630, None, None"
2111927085,studiomalias,Main,closed,2024-10-07T23:57:37Z,,2024-10-08T00:00:54Z,invalid,main,main,,,,,,,,,False,,27193779,"109660, 30630, None, None"
2111337469,mlaurencin,doc: reserve 132 for Electron 34,closed,2024-10-07T17:10:13Z,2024-10-09T17:13:10Z,2024-10-09T17:13:10Z,"doc, author ready, dont-land-on-v18.x, dont-land-on-v20.x, dont-land-on-v22.x",main,patch-1,,,,,,,,,False,,27193779,"109660, 30630, None, None"
2111165135,RafaelGSS,build: fix notify-on-review-wanted action,closed,2024-10-07T15:32:22Z,2024-10-07T16:40:51Z,2024-10-07T16:40:51Z,"meta, fast-track, author ready",main,fix-notify-review-wanted-label,,,,,,,,,False,,27193779,"109660, 30630, None, None"
2111068737,MSIBARMDORA,Update README.md,closed,2024-10-07T14:52:56Z,,2024-10-07T14:54:49Z,invalid,main,main,,,,,,,,,False,,27193779,"109660, 30630, None, None"
2109845093,nodejs-github-bot,meta: move one or more collaborators to emeritus,closed,2024-10-07T04:11:33Z,2024-10-09T07:00:12Z,2024-10-09T07:00:12Z,"doc, meta, author ready",main,actions/inactive-collaborators,,,,,,,,,False,,27193779,"109660, 30630, None, None"
2109548624,shrenisc,doc: add missing examples and information to fs,open,2024-10-06T19:49:25Z,,,"doc, fs",main,statfs_docs_update,,,,,,,,,False,,27193779,"109660, 30630, None, None"
2109548514,tniessen,sqlite: disable DQS misfeature by default,closed,2024-10-06T19:49:04Z,2024-10-08T21:49:38Z,2024-10-08T21:49:38Z,"c++, experimental, author ready, needs-ci, dont-land-on-v20.x, sqlite",main,sqlite-dqs,,,,,,,,,False,,27193779,"109660, 30630, None, None"
2109539605,panva,crypto: fix non-multiple of 8 in SubtleCrypto.deriveBits,closed,2024-10-06T19:20:39Z,,2024-11-23T16:22:39Z,"crypto, needs-ci, webcrypto, lts-watch-v20.x, web-standards, backported-to-v22.x",main,non-8-slice,,,,,,,,,False,,27193779,"109660, 30630, None, None"
2109477345,RafaelGSS,benchmark: adjust byte size for buffer-copy,closed,2024-10-06T16:10:12Z,2024-10-14T12:14:01Z,2024-10-14T12:14:01Z,"buffer, benchmark, author ready",main,adjust-buffer-copy-variable,,,,,,,,,False,,27193779,"109660, 30630, None, None"
2109412628,kimtaejin3,fs: refactor 'cb' to 'callback' for consistency in validateFunction,open,2024-10-06T13:01:39Z,,,"fs, needs-ci",main,fs-rename-cb-to-callback,,,,,,,,,False,,27193779,"109660, 30630, None, None"
2109324395,kmk324,test: update test_util.cc for coverage,closed,2024-10-06T08:22:34Z,2024-10-14T06:41:27Z,2024-10-14T06:41:27Z,"c++, test, author ready, needs-ci",main,minq_coverage_util_,,,,,,,,,False,,27193779,"109660, 30630, None, None"
2109279365,hkleungai,doc: fix the return type of outgoingMessage.setHeaders(),closed,2024-10-06T05:25:17Z,2024-10-11T13:03:36Z,2024-10-11T13:03:36Z,"http, doc, author ready",main,doc-fix-outgoingMessage-setHeaders,,,,,,,,,False,,27193779,"109660, 30630, None, None"
2109179156,kmk324,build: fix make errors that occur in Makefile,closed,2024-10-05T21:48:45Z,2024-10-14T06:41:11Z,2024-10-14T06:41:11Z,"build, author ready, needs-ci, commit-queue-squash",main,minq_coverage_build,,,,,,,,,False,,27193779,"109660, 30630, None, None"
2109147061,joyeecheung,src: implement IsInsideNodeModules() in C++,closed,2024-10-05T20:00:08Z,2024-10-08T10:19:46Z,2024-10-08T10:19:46Z,"buffer, util, c++, needs-ci, commit-queue-squash, backport-open-v20.x, backported-to-v22.x",main,node-modules-check,,,,,,,jasnell,,False,,27193779,"109660, 30630, None, None"
2109090887,marco-ippolito,doc: add onboarding details for ambassador program,closed,2024-10-05T17:03:43Z,2024-10-08T11:41:16Z,2024-10-08T11:41:16Z,"doc, meta, author ready, commit-queue-squash",main,fix-ambassador-expectations,,,,,,,,,False,,27193779,"109660, 30630, None, None"
2109087548,avivkeller,doc: don't require anchor in `errors.md`,closed,2024-10-05T16:52:34Z,,2024-10-13T17:41:49Z,"doc, tools, errors",main,no-anchor-errors,,,,,,,,,False,,27193779,"109660, 30630, None, None"
2109080777,marco-ippolito,module: add module.stripTypeScriptTypes,closed,2024-10-05T16:28:53Z,2024-10-24T18:27:59Z,2024-10-24T18:27:59Z,"semver-minor, author ready, needs-ci, backport-open-v22.x, backport-requested-v22.x, strip-types",main,vm-strip-types,,,,,,,,,False,,27193779,"109660, 30630, None, None"
2108871505,shrenisc,doc: updated the Class:fs filesystem documentation as it was missing …,closed,2024-10-05T12:34:03Z,,2024-10-06T19:15:02Z,"doc, fs",main,statfs_docs_update,,,,,,,,,False,,27193779,"109660, 30630, None, None"
2108691153,targos,lib: remove `Symbol[Async]Dispose` polyfills,closed,2024-10-05T09:43:25Z,2024-10-07T09:47:44Z,2024-10-07T09:47:44Z,"lib / src, author ready, needs-ci, dont-land-on-v18.x, dont-land-on-v20.x, dont-land-on-v22.x",main,rm-symbol-dispose-polyfill,,,,,,,,,False,,27193779,"109660, 30630, None, None"
2108653288,mertcanaltin,util: add fast path for Latin1 decoding,closed,2024-10-05T08:44:12Z,2024-12-03T11:32:01Z,2024-12-03T11:32:01Z,"c++, v8 engine, encoding, author ready, needs-ci, commit-queue-squash",main,dev-178,,,,,,,"joyeecheung, addaleax",,False,,27193779,"109660, 30630, None, None"
2108648659,bnoordhuis,deps: V8: partially cherry-pick 8953e49478,closed,2024-10-05T08:28:20Z,,2024-10-07T09:06:39Z,"v8 engine, author ready, dont-land-on-v20.x, v22.x",v22.x-staging,fix-debug-hang,,,,,,,,,False,,27193779,"109660, 30630, None, None"
2108640750,karlhorky,doc: add missing return values in buffer docs,closed,2024-10-05T08:02:33Z,2024-10-13T19:42:04Z,2024-10-13T19:42:04Z,"buffer, doc, fast-track, author ready",main,patch-1,,,,,,,,,False,,27193779,"109660, 30630, None, None"
2108609163,sadanandbgs,Update README.md,closed,2024-10-05T06:13:36Z,,2024-10-05T06:18:00Z,invalid,main,main,,,,,,,,,False,,27193779,"109660, 30630, None, None"
2108595660,jakecastelli,stream: catch and forward error from dest.write,closed,2024-10-05T05:20:49Z,2024-12-19T11:49:34Z,2024-12-19T11:49:34Z,"stream, semver-major, author ready, needs-ci",main,fix-54945,,,,,,,"lpinca, mcollina",,False,,27193779,"109660, 30630, None, None"
2108432653,arneg,v8.deserialize: Fix out of bounds write,closed,2024-10-04T22:06:22Z,,2024-10-07T08:08:04Z,needs-ci,main,bugfix/fix-out-of-bounds-write-in-deserializer,,,,,,,,,False,,27193779,"109660, 30630, None, None"
2108409650,avivkeller,cli: generate man-page,closed,2024-10-04T21:36:44Z,,2024-11-16T17:58:47Z,"cli, needs-ci, commit-queue-squash",main,mandoc-gen-test-update,,,,,,,,,False,,27193779,"109660, 30630, None, None"
2108178069,avivkeller,build: stop pre-compiling `lint-md`,closed,2024-10-04T18:55:37Z,2024-11-01T23:45:02Z,2024-11-01T23:45:02Z,"build, meta, tools, author ready, needs-ci",main,stop-precompiling-lint-md,,,,,,,trivikr,,False,,27193779,"109660, 30630, None, None"
2107875351,aduh95,[v20.x backport] doc: update `require(ESM)` history and stability status,closed,2024-10-04T16:00:21Z,,2024-11-16T11:02:11Z,"doc, module, v20.x",v20.x-staging,require-esm-history-20.x,,,,,,,,,False,,27193779,"109660, 30630, None, None"
2107871797,aduh95,[v20.x backport] lib: move `Symbol[Async]Dispose` polyfills to `internal/util`,closed,2024-10-04T15:57:59Z,,2024-11-18T09:24:42Z,"lib / src, needs-ci, v20.x",v20.x-staging,symbol-async-dispose,,,,,,,,,False,,27193779,"109660, 30630, None, None"
2107869814,aduh95,[v22.x backport] doc: update `require(ESM)` history and stability status,closed,2024-10-04T15:56:40Z,2024-10-08T10:23:56Z,2024-10-08T10:23:56Z,"doc, module, v22.x",v22.x-staging,require-esm-history,,,,,,,,,False,,27193779,"109660, 30630, None, None"
2107420458,panva,crypto: add KeyObject.prototype.toCryptoKey,closed,2024-10-04T11:48:44Z,2024-10-06T18:09:03Z,2024-10-06T18:09:03Z,"crypto, semver-minor, lib / src, author ready, needs-ci, webcrypto, lts-watch-v20.x",main,webcrypto-keyobject,,,,,,,,,False,,27193779,"109660, 30630, None, None"
2107170741,ronag,v8: out of bounds copy,closed,2024-10-04T09:27:00Z,2024-10-07T11:11:29Z,2024-10-07T11:11:29Z,"buffer, author ready, needs-ci, v8 module, dont-land-on-v20.x",main,54573,,,,,,,"mcollina, ShogunPanda",,False,,27193779,"109660, 30630, None, None"
2107104204,aduh95,[v22.x backport] deps: V8: backport 0d5d6e71bbb0,closed,2024-10-04T08:51:33Z,2024-10-08T10:20:04Z,2024-10-08T10:20:04Z,"build, v8 engine, needs-ci, dont-land-on-v18.x, dont-land-on-v20.x, v22.x",v22.x-staging,backport-promise-withResolvers-flag-removal,,,,,,,,,False,,27193779,"109660, 30630, None, None"
2106998552,targos,build: try disabling sccache,closed,2024-10-04T07:48:34Z,,2024-10-04T18:10:58Z,meta,main,test-disable-sccache,,,,,,,,,False,,27193779,"109660, 30630, None, None"
2106899672,Irshad01programmer,Update README.md,closed,2024-10-04T06:43:36Z,,2024-10-04T07:12:18Z,doc,main,main,,,,,,,,,False,,27193779,"109660, 30630, None, None"
2106532083,mfdebian,doc: add esm examples to `node:perf_hooks`,closed,2024-10-03T23:21:56Z,2024-12-12T21:44:05Z,2024-12-12T21:44:05Z,"doc, perf_hooks, dont-land-on-v20.x",main,docs-perf-hooks-esm,,,,,,,,,False,,27193779,"109660, 30630, None, None"
2106330933,avivkeller,"doc, test: update --watch for linux recursive watch",open,2024-10-03T20:06:09Z,,,"doc, errors, needs-ci, review wanted, linux, dont-land-on-v18.x, watch-mode",main,watch-mode-recursive,,,,,,,,,False,,27193779,"109660, 30630, None, None"
2106124197,npm-cli-bot,deps: upgrade npm to 10.9.0,closed,2024-10-03T18:05:26Z,2024-10-05T13:54:06Z,2024-10-05T13:54:06Z,"npm, fast-track, author ready, needs-ci",main,npm-v10.9.0-main,,,,,,,,,False,,27193779,"109660, 30630, None, None"
2106071250,RafaelGSS,benchmark: adjust config for deepEqual object,closed,2024-10-03T17:36:07Z,2024-10-11T18:26:43Z,2024-10-11T18:26:43Z,"assert, benchmark, review wanted",main,adjust-deep-equal-object,,,,,,,,,False,,27193779,"109660, 30630, None, None"
2105755410,joyeecheung,module: check --experimental-require-module separately from detection,closed,2024-10-03T14:53:05Z,2024-10-08T20:26:14Z,2024-10-08T20:26:14Z,"module, needs-ci, backport-open-v20.x, backported-to-v22.x",main,fix-detect,,,,,,,,,False,,27193779,"109660, 30630, None, None"
2105602575,StefanStojanovic,"build,win: enable pch for clang-cl",closed,2024-10-03T13:40:50Z,2024-10-11T10:28:55Z,2024-10-11T10:28:55Z,"windows, build, v8 engine, tools, needs-ci, gyp",main,mefi-clang-pch,,,,,,,"lemire, targos, richardlau, jasnell",,False,,27193779,"109660, 30630, None, None"
2105154947,aduh95,doc: move `ERR_NAPI_TSFN_START/STOP_IDLE_LOOP` to legacy errors,closed,2024-10-03T09:50:36Z,2024-10-05T09:59:13Z,2024-10-05T09:59:13Z,"doc, errors, author ready, backport-requested-v20.x",main,legacy-ERR_NAPI_TSFN_START_IDLE_LOOP,,,,,,,,,False,,27193779,"109660, 30630, None, None"
2105048805,aduh95,doc: move `ERR_INVALID_PERFORMANCE_MARK` to legacy errors,closed,2024-10-03T08:52:28Z,2024-10-10T09:52:42Z,2024-10-10T09:52:42Z,"doc, errors, author ready, backport-requested-v20.x",main,legacy-ERR_INVALID_PERFORMANCE_MARK,,,,,,,,,False,,27193779,"109660, 30630, None, None"
2104803498,shubhangickore,Update README.md,closed,2024-10-03T06:08:41Z,,2024-10-03T06:09:29Z,invalid,main,main,,,,,,,,,False,,27193779,"109660, 30630, None, None"
2104591359,freego555,doc: fix initial default value of autoSelectFamily,closed,2024-10-03T01:54:01Z,2024-10-05T02:06:36Z,2024-10-05T02:06:36Z,"doc, net, author ready",main,fix-docs_autoSelectFamily,,,,,,,,,False,,27193779,"109660, 30630, None, None"
2104559103,ErickWendel,test_runner: add mock timers for nodeTimers.promises.scheduler.wait,closed,2024-10-03T01:05:28Z,2024-10-15T20:36:09Z,2024-10-15T20:36:09Z,"timers, needs-ci, test_runner",main,test-runner/mock-timers-add-scheduler-wait,,,,,,,,,False,,27193779,"109660, 30630, None, None"
2103951344,joyeecheung,module: use kNodeModulesRE to detect node_modules,closed,2024-10-02T17:18:08Z,2024-10-04T17:29:35Z,2024-10-04T17:29:35Z,"util, module, esm, needs-ci, backport-open-v20.x, backported-to-v22.x",main,node-modules-re,,,,,,,,,False,,27193779,"109660, 30630, None, None"
2103940248,aduh95,doc: fix unordered error anchors,closed,2024-10-02T17:10:24Z,2024-10-02T18:45:39Z,2024-10-02T18:45:39Z,"doc, errors, fast-track, author ready",main,fix-unordered-anchors,,,,,,,,,False,,27193779,"109660, 30630, None, None"
2103867852,joyeecheung,process: add process.features.require_module,closed,2024-10-02T16:33:02Z,2024-10-07T15:26:11Z,2024-10-07T15:26:11Z,"semver-minor, lib / src, needs-ci, commit-queue-squash, backport-open-v20.x",main,require-module-detect,,,,,,,,,False,,27193779,"109660, 30630, None, None"
2103575278,avivkeller,build: drop support for python 3.8,closed,2024-10-02T14:16:49Z,2025-01-24T10:44:05Z,2025-01-24T10:44:05Z,"build, python, author ready, needs-ci, dont-land-on-v18.x, dont-land-on-v20.x, dont-land-on-v22.x, dont-land-on-v23.x",main,python39,,,,,,,,,False,,27193779,"109660, 30630, None, None"
2103347449,joyeecheung,benchmark: rewrite detect-esm-syntax benchmark,closed,2024-10-02T12:24:31Z,2024-10-09T14:16:01Z,2024-10-09T14:16:01Z,"benchmark, esm",main,bench-esm-syntax,,,,,,,,,False,,27193779,"109660, 30630, None, None"
2102820107,56789KD,Update crypto.md,closed,2024-10-02T07:07:47Z,,2024-10-02T07:38:49Z,invalid,main,patch-1,,,,,,,,,False,,27193779,"109660, 30630, None, None"
2102813383,jazelly,worker: add `markAsUncloneable` api,closed,2024-10-02T07:02:16Z,2024-10-04T07:09:37Z,2024-10-04T07:09:37Z,"semver-minor, author ready, worker, needs-ci",main,expose-uncloneable-api,,,,,,,,,False,,27193779,"109660, 30630, None, None"
2102652852,kevinuehara,doc: adding kevin uehara as collaborator,closed,2024-10-02T03:47:58Z,,2024-10-02T09:08:53Z,invalid,main,kevinuehara/adding-kevin-uehara-collaborator,,,,,,,,,False,,27193779,"109660, 30630, None, None"
2102645789,kevinuehara,doc: adding kevin uehara as collaborator,closed,2024-10-02T03:37:57Z,,2024-10-02T03:44:00Z,invalid,main,kevinuehara/adding-kevinuehara-collaborator,,,,,,,,,False,,27193779,"109660, 30630, None, None"
2102642207,geeksilva97,test_runner: fix TypeError exception when --enable-source-maps is passed,closed,2024-10-02T03:32:39Z,2024-10-06T19:47:00Z,2024-10-06T19:47:00Z,"author ready, commit-queue-squash, test_runner",main,fix-test-runner-when-source-maps-is-enabled,,,,,,,avivkeller,,False,,27193779,"109660, 30630, None, None"
2102496276,sungpaks,events: extract event listener validation as a function,closed,2024-10-02T00:34:23Z,2024-11-14T23:25:07Z,2024-11-14T23:25:07Z,"events, author ready, needs-ci",main,has-event-listener-validate-function,,,,,,,,,False,,27193779,"109660, 30630, None, None"
2102412837,JakobJingleheimer,module: expose `getPackageJSON` utility,closed,2024-10-01T22:44:43Z,,2024-10-25T20:40:55Z,"c++, module, semver-minor, needs-ci, commit-queue-squash",main,feat/module-utils-getFullPJSON,,,,,,,"anonrig, marco-ippolito",,False,,27193779,"109660, 30630, None, None"
2102333565,geeksilva97,test_runner: fix coverage report when --enable-source-maps is provided,closed,2024-10-01T21:28:37Z,2024-10-08T19:55:54Z,2024-10-08T19:55:55Z,"author ready, needs-ci, commit-queue-squash, dont-land-on-v18.x, test_runner, dont-land-on-v20.x, dont-land-on-v22.x",main,issue-55106,,,,,,,"cjihrig, MoLow",,False,,27193779,"109660, 30630, None, None"
2102088724,dependabot[bot],tools: bump the eslint group in /tools/eslint with 4 updates,closed,2024-10-01T18:55:40Z,2024-10-03T18:57:31Z,2024-10-03T18:57:31Z,"tools, author ready, dependencies, dont-land-on-v20.x, javascript",main,dependabot/npm_and_yarn/tools/eslint/eslint-7d54f9b084,,,,,,,,,False,,27193779,"109660, 30630, None, None"
2102084153,JakobJingleheimer,module: add internal type def for `flushCompileCache`,closed,2024-10-01T18:52:33Z,2024-10-03T02:08:45Z,2024-10-03T02:08:45Z,"module, fast-track, author ready, typings, loaders, dont-land-on-v20.x",main,feat/module-ts-d-flushCompileCache,,,,,,,joyeecheung,,False,,27193779,"109660, 30630, None, None"
2102027753,dependabot[bot],meta: bump mozilla-actions/sccache-action from 0.0.5 to 0.0.6,closed,2024-10-01T18:14:44Z,2024-10-04T18:33:38Z,2024-10-04T18:33:38Z,"meta, author ready, dependencies, github_actions",main,dependabot/github_actions/mozilla-actions/sccache-action-0.0.6,,,,,,,,,False,,27193779,"109660, 30630, None, None"
2102027556,dependabot[bot],meta: bump actions/checkout from 4.1.7 to 4.2.0,closed,2024-10-01T18:14:36Z,2024-10-03T18:26:26Z,2024-10-03T18:26:26Z,"meta, author ready, dependencies, github_actions",main,dependabot/github_actions/actions/checkout-4.2.0,,,,,,,,,False,,27193779,"109660, 30630, None, None"
2102027182,dependabot[bot],meta: bump actions/setup-node from 4.0.3 to 4.0.4,closed,2024-10-01T18:14:21Z,2024-10-03T18:26:11Z,2024-10-03T18:26:11Z,"meta, author ready, dependencies, github_actions",main,dependabot/github_actions/actions/setup-node-4.0.4,,,,,,,,,False,,27193779,"109660, 30630, None, None"
2102027051,dependabot[bot],meta: bump codecov/codecov-action from 4.5.0 to 4.6.0,closed,2024-10-01T18:14:16Z,2024-10-11T19:19:29Z,2024-10-11T19:19:29Z,"meta, dependencies, github_actions",main,dependabot/github_actions/codecov/codecov-action-4.6.0,,,,,,,,,False,,27193779,"109660, 30630, None, None"
2102026929,dependabot[bot],meta: bump github/codeql-action from 3.26.6 to 3.26.10,closed,2024-10-01T18:14:12Z,2024-10-11T19:18:39Z,2024-10-11T19:18:39Z,"meta, dependencies, github_actions",main,dependabot/github_actions/github/codeql-action-3.26.10,,,,,,,,,False,,27193779,"109660, 30630, None, None"
2102026782,dependabot[bot],meta: bump step-security/harden-runner from 2.9.1 to 2.10.1,closed,2024-10-01T18:14:05Z,2024-10-11T19:18:25Z,2024-10-11T19:18:25Z,"meta, dependencies, github_actions",main,dependabot/github_actions/step-security/harden-runner-2.10.1,,,,,,,,,False,,27193779,"109660, 30630, None, None"
2102026675,dependabot[bot],meta: bump peter-evans/create-pull-request from 7.0.1 to 7.0.5,closed,2024-10-01T18:14:00Z,2024-10-03T18:25:57Z,2024-10-03T18:25:57Z,"meta, author ready, dependencies, github_actions",main,dependabot/github_actions/peter-evans/create-pull-request-7.0.5,,,,,,,,,False,,27193779,"109660, 30630, None, None"
2101910699,avivkeller,tools: enforce errors to not be documented in legacy section,closed,2024-10-01T16:58:13Z,2024-10-08T16:59:53Z,2024-10-08T16:59:53Z,"doc, tools, errors, author ready, commit-queue-squash, backport-requested-v20.x",main,patch-531581,,,,,,,,,False,,27193779,"109660, 30630, None, None"
2101886929,joyeecheung,[v22.x] backport unflagging of --experimental-require-module and related fixes/refactorings,closed,2024-10-01T16:42:48Z,,2024-11-27T05:47:21Z,"module, lib / src, needs-ci, needs-citgm, commit-queue-rebase, v22.x",v22.x-staging,backport-require-esm-2,,,,,,,,,False,,27193779,"109660, 30630, None, None"
2101812303,srl295,build: unbreak windows build of ICU source URL,open,2024-10-01T15:58:36Z,,,"windows, build, python, needs-ci, icu",main,fix-icu-windows-configure-55214,,,,,,,"targos, richardlau, VoltrexKeyva, StefanStojanovic",,False,,27193779,"109660, 30630, None, None"
2101525068,jazelly,[v20.x backport] buffer: fix out of range for toString,closed,2024-10-01T13:53:26Z,,2024-11-16T10:56:20Z,"buffer, needs-ci, v20.x",v20.x-staging,backport-54553,,,,,,,,,False,,27193779,"109660, 30630, None, None"
2101523595,mhdawson,doc: tweak onboarding instructions,closed,2024-10-01T13:53:02Z,2024-10-03T14:00:44Z,2024-10-03T14:00:44Z,"doc, meta, author ready, commit-queue-squash",main,tweak-onboarding,,,,,,,,,False,,27193779,"109660, 30630, None, None"
2101426985,iwuliz,build: include `.nycrc` in coverage workflows,closed,2024-10-01T13:20:16Z,2024-10-03T13:22:57Z,2024-10-03T13:22:57Z,"meta, author ready, coverage",main,include-nycrc-in-coverage-workflows,,,,,,,,,False,,27193779,"109660, 30630, None, None"
2101260193,panva,crypto: remove experimental Curve448 WebCryptoAPI algorithms,closed,2024-10-01T12:08:44Z,,2024-11-02T10:08:03Z,"crypto, experimental, needs-ci, needs-citgm, webcrypto, commit-queue-squash, dont-land-on-v18.x, dont-land-on-v20.x, web-standards, dont-land-on-v22.x",main,webcrypto-remove-curve448,,,,,,,,,False,,27193779,"109660, 30630, None, None"
2100686636,huseyinacacak-janea,src: fix winapi_strerror error string,closed,2024-10-01T07:20:41Z,2024-10-15T06:41:38Z,2024-10-15T06:41:38Z,"c++, needs-ci",main,huseyin-6791-truncated-error-messages,,,,,,,,,False,,27193779,"109660, 30630, None, None"
2100367905,Nahee-Park,worker: handle invalid BroadcastChannel postMessage after close,closed,2024-10-01T02:29:47Z,2024-10-03T02:37:35Z,2024-10-03T02:37:35Z,"author ready, worker, needs-ci",main,fix-worker-broadcastchannel,,,,,,,,,False,,27193779,"109660, 30630, None, None"
2100367672,Nahee-Park,test: update wpt test for webmessaging/broadcastchannel,closed,2024-10-01T02:29:30Z,2024-10-22T06:47:27Z,2024-10-22T06:47:27Z,"test, author ready, needs-ci",main,bump-webmessaging-wpt,,,,,,,,,False,,27193779,"109660, 30630, None, None"
2100266340,avivkeller,repl: don't use deprecated `domain` module,open,2024-10-01T00:26:55Z,,,"domain, repl, semver-major, errors, needs-ci, review wanted",main,repl-no-domain,,,,,,,"aduh95, anonrig",,False,,27193779,"109660, 30630, None, None"
2100182450,jkrems,esm: add import.meta.env,closed,2024-09-30T23:20:36Z,,2024-10-06T03:13:20Z,"c++, semver-minor, process, blocked, esm, needs-ci",main,jk-import-meta-env,,,,,,,GeoffreyBooth,,False,,27193779,"109660, 30630, None, None"
2100035959,avivkeller,tools: update clang-format to v19,open,2024-09-30T21:22:28Z,,,"c++, tools",main,clang-format-v18,,,,,,,anonrig,,False,,27193779,"109660, 30630, None, None"
2100008144,aduh95,doc: use correct dash in stability status,closed,2024-09-30T21:00:46Z,2024-10-01T08:10:15Z,2024-10-01T08:10:15Z,"doc, fs, fast-track, author ready",main,dash-–,,,,,,,,,False,,27193779,"109660, 30630, None, None"
2100002052,aduh95,doc: update `require(ESM)` history and stability status,closed,2024-09-30T20:56:15Z,2024-10-02T21:02:31Z,2024-10-02T21:02:31Z,"doc, module, author ready, commit-queue-failed, commit-queue-squash, backport-open-v20.x, backported-to-v22.x",main,require-esm-history,,,,,,,,,False,,27193779,"109660, 30630, None, None"
2099916702,avivkeller,test: update `performance-timeline` wpt,closed,2024-09-30T19:57:38Z,2024-11-06T10:01:20Z,2024-11-06T10:01:20Z,"test, author ready, needs-ci, web-standards",main,update-wpt-performance-timeline,,,,,,,,,False,,27193779,"109660, 30630, None, None"
2099894931,avivkeller,test: update `interfaces` wpt,closed,2024-09-30T19:42:45Z,,2024-09-30T19:53:10Z,"test, needs-ci",main,update-wpt-interfaces,,,,,,,,,False,,27193779,"109660, 30630, None, None"
2099892115,avivkeller,test: update `hr-time` wpt,closed,2024-09-30T19:40:56Z,,2024-09-30T19:52:47Z,"test, needs-ci",main,update-wpt-hrtime,,,,,,,,,False,,27193779,"109660, 30630, None, None"
2099890437,avivkeller,test: update `FileAPI` wpt,open,2024-09-30T19:39:49Z,,,"wip, test, needs-ci",main,upadate-wpt-fileapi,,,,,,,,,True,,27193779,"109660, 30630, None, None"
2099885106,avivkeller,test: update `dom/events` wpt,closed,2024-09-30T19:36:14Z,,2024-09-30T19:53:01Z,"test, needs-ci",main,wpt-update-dom,,,,,,,,,False,,27193779,"109660, 30630, None, None"
2099882615,avivkeller,test: update `console` wpt,closed,2024-09-30T19:34:34Z,2024-10-18T06:25:49Z,2024-10-18T06:25:49Z,"test, author ready, web-standards",main,wpt-update-console,,,,,,,,,False,,27193779,"109660, 30630, None, None"
2099880911,avivkeller,test: update `compression` wpt,closed,2024-09-30T19:33:29Z,2024-10-11T19:26:47Z,2024-10-11T19:26:47Z,"test, author ready, needs-ci",main,wpt-update-compression,,,,,,,,,False,,27193779,"109660, 30630, None, None"
2099875438,avivkeller,test: update `common` wpt,closed,2024-09-30T19:29:50Z,,2024-09-30T19:52:30Z,"test, needs-ci",main,wpt-update-common,,,,,,,,,False,,27193779,"109660, 30630, None, None"
2099810806,RafaelGSS,build: fix nycrc format,closed,2024-09-30T18:46:36Z,,2024-09-30T18:55:38Z,duplicate,main,fixup-coverage-report,,,,,,,,,False,,27193779,"109660, 30630, None, None"
2099751201,jkrems,doc: spell out condition restrictions,closed,2024-09-30T18:09:00Z,,2024-10-16T15:44:36Z,"doc, commit-queue-failed",main,jk-condition-restrictions,,,,,,,,,False,,27193779,"109660, 30630, None, None"
2099743853,pmarchini,test_runner: update test context.assert,closed,2024-09-30T18:04:23Z,2024-10-03T13:22:48Z,2024-10-03T13:22:48Z,"doc, author ready, test_runner, dont-land-on-v22.x",main,fix/test-context-doc,,,,,,,,,False,,27193779,"109660, 30630, None, None"
2099686987,everett1992,fix async context frame test when tests are run with --shell option,open,2024-09-30T17:30:08Z,,,"test, needs-ci",main,test-async-local-storage-fix,,,,,,,,,False,,27193779,"109660, 30630, None, None"
2099632084,nodejs-github-bot,deps: update OpenSSL to 3.0.15+quic1,closed,2024-09-30T17:04:33Z,,2024-10-02T17:29:20Z,"openssl, needs-ci, dependencies, commit-queue-rebase, backported-to-v18.x, lts-watch-v20.x",main,actions/tools-update-openssl,,,,,,,,,False,,27193779,"109660, 30630, None, None"
2099530463,avivkeller,meta: remove non-collaborators from mailmap,closed,2024-09-30T16:07:50Z,,2024-09-30T23:03:54Z,meta,main,patch-788593,,,,,,,,,False,,27193779,"109660, 30630, None, None"
2099507745,abmusse,meta: add mailmap entry for abmusse,closed,2024-09-30T15:56:21Z,2024-09-30T22:51:35Z,2024-09-30T22:51:35Z,"meta, fast-track, author ready",main,add-mailmap-entry-abmusse,,,,,,,,,False,,27193779,"109660, 30630, None, None"
2099466741,jefferyq2,node,closed,2024-09-30T15:35:48Z,,2024-09-30T15:41:07Z,invalid,main,main,,,,,,,,,False,,27193779,"109660, 30630, None, None"
2099444599,jakecastelli,build: fix not valid json in coverage,closed,2024-09-30T15:25:30Z,2024-09-30T20:27:56Z,2024-09-30T20:27:56Z,"fast-track, author ready, coverage",main,fix-coverage-breakage,,,,,,,,,False,,27193779,"109660, 30630, None, None"
2099180243,jazelly,lib: decorate undici classes as platform interfaces,closed,2024-09-30T13:34:14Z,,2024-10-01T13:21:39Z,"http, util, needs-ci, needs-benchmark-ci, web-standards",main,fix-55120,,,,,,,,,False,,27193779,"109660, 30630, None, None"
2099168322,avivkeller,doc: add notice to `execArgv`,open,2024-09-30T13:30:11Z,,,"doc, review wanted, commit-queue-squash, test_runner",main,patch-227517,,,,,,,"mcollina, aduh95",,False,,27193779,"109660, 30630, None, None"
2099123842,RafaelGSS,"src,test: drop SlowBuffer",closed,2024-09-30T13:12:42Z,,2024-10-21T18:52:57Z,"buffer, c++, semver-major, needs-ci",main,drop-slow-buffer,,,,,,,,,False,,27193779,"109660, 30630, None, None"
2099115585,RafaelGSS,lib: runtime deprecate SlowBuffer,closed,2024-09-30T13:09:04Z,2024-10-15T21:24:39Z,2024-10-15T21:24:39Z,"buffer, semver-major, needs-ci, needs-citgm",main,runtime-deprecate-slow-buffer,,,,,,,,,False,,27193779,"109660, 30630, None, None"
2098916473,RafaelGSS,src: apply getCallSite optimization,closed,2024-09-30T11:48:30Z,,2024-10-02T23:52:46Z,"util, c++, needs-ci, needs-benchmark-ci, commit-queue-squash, dont-land-on-v20.x",main,optimize-getcallsite,,,,,,,jasnell,,False,,27193779,"109660, 30630, None, None"
2098796710,JakobJingleheimer,module: add `findNearestPackageJSON` utility,closed,2024-09-30T10:52:51Z,,2024-09-30T21:15:01Z,"c++, module, needs-ci, typings",main,feat/module-utils-findPJSON,,,,,,,,,True,,27193779,"109660, 30630, None, None"
2098598147,aduh95,test: make `test-loaders-workers-spawned` less flaky,closed,2024-09-30T09:21:07Z,2024-10-08T10:43:21Z,2024-10-08T10:43:21Z,"test, esm, author ready, needs-ci",main,test-loaders-workers-spawned,,,,,,,,,False,,27193779,"109660, 30630, None, None"
2098590145,aduh95,fs: fix crash when path contains `%`,closed,2024-09-30T09:17:27Z,2024-10-18T07:10:49Z,2024-10-18T07:10:49Z,"c++, fs, needs-ci, review wanted, commit-queue-squash",main,fix-fs-percent-crash,,,,,,,targos,,False,,27193779,"109660, 30630, None, None"
2098551892,targos,v20.18.0 release proposal,closed,2024-09-30T08:59:29Z,2024-10-03T17:42:42Z,2024-10-03T17:42:43Z,"author ready, release, v20.x",v20.x,v20.18.0-proposal,,,,,,,,,False,,27193779,"109660, 30630, None, None"
2098083952,nodejs-github-bot,meta: move one or more collaborators to emeritus,closed,2024-09-30T04:11:35Z,,2024-09-30T16:56:34Z,"doc, meta",main,actions/inactive-collaborators,,,,,,,,,False,,27193779,"109660, 30630, None, None"
2097739008,RafaelGSS,doc: mention addons to experimental permission,closed,2024-09-29T19:03:41Z,2024-10-01T19:07:22Z,2024-10-01T19:07:22Z,"doc, cli, author ready, permission",main,update-docs-permission,,,,,,,,,False,,27193779,"109660, 30630, None, None"
2097714291,LiviaMedeiros,doc: fix link in `test/README.md`,closed,2024-09-29T18:31:30Z,2024-09-30T08:50:30Z,2024-09-30T08:50:30Z,"doc, test, fast-track, author ready",main,doc-test-common-absolutelink,,,,,,,,,False,,27193779,"109660, 30630, None, None"
2097396911,lvqq,doc: update directories to directory in corepack --help,closed,2024-09-29T03:39:00Z,,2024-09-29T04:48:23Z,"wrong repo, dependencies",main,main,,,,,,,,,False,,27193779,"109660, 30630, None, None"
2097356130,geeksilva97,test_runner: ignore unmapped lines for coverage,closed,2024-09-29T01:59:59Z,,2024-10-01T21:29:01Z,"needs-ci, coverage, source maps, test_runner",main,ignore-unmapped-lines,,,,,,,,,False,,27193779,"109660, 30630, None, None"
2097298667,nodejs-github-bot,deps: patch V8 to 12.9.202.26,closed,2024-09-29T00:35:46Z,2024-10-09T07:32:16Z,2024-10-09T07:32:16Z,"v8 engine, author ready, needs-ci, dependencies, dont-land-on-v18.x, dont-land-on-v20.x, dont-land-on-v22.x",main,actions/update-v8-patch,,,,,,,,,False,,27193779,"109660, 30630, None, None"
2097298192,nodejs-github-bot,tools: update gyp-next to 0.18.2,closed,2024-09-29T00:33:51Z,2024-10-08T03:15:03Z,2024-10-08T03:15:03Z,"build, tools, needs-ci, gyp, backport-requested-v20.x",main,actions/tools-update-gyp-next,,,,,,,,,False,,27193779,"109660, 30630, None, None"
2097215094,RafaelGSS,benchmark: add no-warnings to process.has bench,closed,2024-09-28T20:13:41Z,2024-09-30T20:27:39Z,2024-09-30T20:27:39Z,"benchmark, author ready, permission",main,no-warnings-to-processhas-bench,,,,,,,,,False,,27193779,"109660, 30630, None, None"
2097214724,RafaelGSS,benchmark: add --runs support to run.js,closed,2024-09-28T20:12:20Z,2024-10-18T15:33:58Z,2024-10-18T15:33:58Z,"benchmark, author ready, commit-queue-squash",main,add-runs-to-benchmark-run,,,,,,,,,False,,27193779,"109660, 30630, None, None"
2097205443,RafaelGSS,test: add resource to internal module stat test,closed,2024-09-28T19:35:37Z,,2024-10-07T15:45:48Z,"test, author ready, needs-ci, commit-queue-squash, dont-land-on-v20.x, permission",main,add-resource-to-stat-test,,,,,,,jasnell,,False,,27193779,"109660, 30630, None, None"
2097181510,anonrig,src: remove icu based `ToASCII` and `ToUnicode`,closed,2024-09-28T18:22:50Z,2024-10-18T16:47:51Z,2024-10-18T16:47:51Z,"c++, i18n-api, needs-ci, commit-queue-squash",main,remove-unused-functions,,,,,,,"aduh95, lemire, jasnell",,False,,27193779,"109660, 30630, None, None"
2097173662,anonrig,src: modernize likely/unlikely hints,closed,2024-09-28T17:56:41Z,2024-09-30T18:04:16Z,2024-09-30T18:04:16Z,"c++, lib / src, needs-ci, dont-land-on-v18.x, dont-land-on-v20.x",main,modernize-unlikely-likely,,,,,,,"targos, joyeecheung, addaleax",,False,,27193779,"109660, 30630, None, None"
2097117518,Nahee-Park,stream: handle undefined chunks correctly in decode stream,closed,2024-09-28T16:09:29Z,2024-09-30T17:54:43Z,2024-09-30T17:54:43Z,"author ready, needs-ci, web streams, commit-queue-squash, dont-land-on-v20.x",main,fix-text-decoder-stream,,,,,,,,,False,,27193779,"109660, 30630, None, None"
2097018105,Nahee-Park,test: update wpt test for encoding,closed,2024-09-28T14:24:06Z,2024-09-30T14:26:24Z,2024-09-30T14:26:24Z,"test, needs-ci",main,bump-encoding-wpt,,,,,,,,,False,,27193779,"109660, 30630, None, None"
2096983029,aduh95,"lib: fix module print timing when specifier includes `""`",closed,2024-09-28T13:20:28Z,2024-10-08T16:59:37Z,2024-10-08T16:59:37Z,"util, author ready, needs-ci, dont-land-on-v20.x",main,quote-print-timing,,,,,,,,,False,,27193779,"109660, 30630, None, None"
2096917439,aduh95,doc: remove random horizontal separators in `process.md`,closed,2024-09-28T09:44:41Z,2024-09-28T10:45:38Z,2024-09-28T10:45:38Z,"doc, process, fast-track, author ready, dont-land-on-v20.x",main,no-hr-process.md,,,,,,,,,False,,27193779,"109660, 30630, None, None"
2096817203,LiviaMedeiros,fs: acknowledge `signal` option in `filehandle.createReadStream()`,closed,2024-09-28T05:27:39Z,2024-10-03T06:32:36Z,2024-10-03T06:32:36Z,"doc, fs, test, author ready, needs-ci, commit-queue-squash",main,fs-acknowledge-createReadStream-signal,,,,,,,,,False,,27193779,"109660, 30630, None, None"
2096780279,geeksilva97,test_runner: consider --enable-source-maps option in coverage report,closed,2024-09-28T03:08:21Z,,2024-09-28T03:58:22Z,"wip, needs-ci, coverage, source maps, test_runner",main,consider-source-map-flag,,,,,,,,,True,,27193779,"109660, 30630, None, None"
2096325343,foxxyz,doc: fix `events.once()` example with `AbortSignal`,closed,2024-09-27T17:59:43Z,2024-10-09T07:32:01Z,2024-10-09T07:32:01Z,"doc, events, author ready",main,doc-fix-events-abort,,,,,,,,,False,,27193779,"109660, 30630, None, None"
2096083111,aduh95,test_runner: avoid spread operator on arrays,closed,2024-09-27T15:16:49Z,2024-09-29T15:22:10Z,2024-09-29T15:22:10Z,"author ready, needs-ci, test_runner, dont-land-on-v20.x",main,no-spread-on-arrays,,,,,,,,,False,,27193779,"109660, 30630, None, None"
2095843998,iwuliz,test: remove unnecessary `await` in test-watch-mode,closed,2024-09-27T13:18:30Z,2024-09-29T13:27:54Z,2024-09-29T13:27:54Z,"test, author ready, needs-ci, backport-blocked-v20.x",main,remove-unnecessary-await,,,,,,,,,False,,27193779,"109660, 30630, None, None"
2095450766,aduh95,buffer: coerce extrema to int in `blob.slice`,closed,2024-09-27T09:47:23Z,2024-09-29T09:51:10Z,2024-09-29T09:51:10Z,"buffer, author ready, needs-ci, commit-queue-squash, backport-blocked-v20.x",main,blob-slice-int,,,,,,,,,False,,27193779,"109660, 30630, None, None"
2094657485,avivkeller,buffer: correctly apply prototype to cloned `File` / `Blob`,closed,2024-09-26T22:02:44Z,2024-09-28T22:05:59Z,2024-09-28T22:05:59Z,"buffer, author ready, needs-ci, dont-land-on-v18.x, dont-land-on-v20.x, web-standards, dont-land-on-v22.x",main,structuredClone-file-blob,,,,,,,,,False,,27193779,"109660, 30630, None, None"
2094212834,avivkeller,doc: add missing `:` to `run()`'s `globPatterns`,closed,2024-09-26T16:55:09Z,2024-09-26T19:33:31Z,2024-09-26T19:33:31Z,"doc, fast-track, author ready, test_runner",main,patch-863274,,,,,,,,,False,,27193779,"109660, 30630, None, None"
2094079385,mfdebian,doc: add esm examples to `node:net`,closed,2024-09-26T15:42:06Z,2024-09-28T15:48:33Z,2024-09-28T15:48:33Z,"doc, net, author ready, commit-queue-squash",main,docs-net-esm,,,,,,,,,False,,27193779,"109660, 30630, None, None"
2094069883,haotaoyanzhuce,build: describe the fix for compiling android node.js on an x86_64 host,open,2024-09-26T15:37:11Z,,,"build, review wanted",main,fix/build,,,,,,,,,False,,27193779,"109660, 30630, None, None"
2093777232,geeksilva97,doc: put --env-file-if-exists=config right under --env-file=config,closed,2024-09-26T13:39:06Z,2024-09-28T00:01:43Z,2024-09-28T00:01:43Z,"doc, cli, fast-track, author ready, backport-blocked-v20.x, dotenv",main,issue-55129,,,,,,,,,False,,27193779,"109660, 30630, None, None"
2092442077,avivkeller,test_runner: support custom node options in `run()`,closed,2024-09-25T23:02:48Z,2024-09-28T13:52:05Z,2024-09-28T13:52:05Z,"semver-minor, author ready, needs-ci, commit-queue-squash, test_runner",main,typescript-runner-run,,,,,,,"cjihrig, atlowChemi",,False,,27193779,"109660, 30630, None, None"
2092361054,aduh95,test: add `escapePOSIXShell` util,closed,2024-09-25T21:44:47Z,2024-09-29T20:44:52Z,2024-09-29T20:44:52Z,"test, async_hooks, author ready, needs-ci, commit-queue-squash, dont-land-on-v20.x",main,escapePOSIXShell,,,,,,,,,False,,27193779,"109660, 30630, None, None"
2092316005,aduh95,tools: only check teams on the default branch,closed,2024-09-25T21:06:30Z,2024-09-28T21:56:28Z,2024-09-28T21:56:28Z,"meta, author ready, dont-land-on-v18.x, dont-land-on-v20.x",main,check-team-on-main-only,,,,,,,,,False,,27193779,"109660, 30630, None, None"
2092159774,avivkeller,test: move coverage source map tests to new file,closed,2024-09-25T19:25:39Z,2024-10-03T13:44:06Z,2024-10-03T13:44:06Z,"test, author ready, test_runner, dont-land-on-v20.x",main,move-sourcemap-tests,,,,,,,benjamingr,,False,,27193779,"109660, 30630, None, None"
2092036734,joyeecheung,src: fixup Error.stackTraceLimit during snapshot building,closed,2024-09-25T18:19:10Z,,2024-09-30T15:05:15Z,"c++, lib / src, needs-ci, commit-queue-rebase, dont-land-on-v20.x",main,fix-error-stacktrace,,,,,,,,,False,,27193779,"109660, 30630, None, None"
2091547502,jazelly,stream: treat null asyncIterator as undefined,closed,2024-09-25T14:24:05Z,2024-09-27T14:34:12Z,2024-09-27T14:34:12Z,"author ready, needs-ci, web streams",main,fix-stream-iterator,,,,,,,,,False,,27193779,"109660, 30630, None, None"
2091288296,chirsz-ever,doc: fix the require resolve algorithm in modules.md,closed,2024-09-25T12:29:49Z,2024-09-27T15:34:39Z,2024-09-27T15:34:39Z,"doc, module, author ready, commit-queue-failed",main,patch-1,,,,,,,,,False,,27193779,"109660, 30630, None, None"
2091200595,simon-id,diagnostics_channel: fix unsubscribe during publish,closed,2024-09-25T11:45:27Z,2024-10-14T10:55:39Z,2024-10-14T10:55:39Z,"author ready, needs-ci, diagnostics_channel",main,fix_dc_unsubscribe,,,,,,,,,False,,27193779,"109660, 30630, None, None"
2090954818,aduh95,deps: V8: backport 0d5d6e71bbb0,closed,2024-09-25T09:40:30Z,2024-10-03T15:25:05Z,2024-10-03T15:25:05Z,"build, v8 engine, author ready, needs-ci, dont-land-on-v18.x, dont-land-on-v20.x, backported-to-v22.x",main,backport-promise-withResolvers-flag-removal,,,,,,,,,False,,27193779,"109660, 30630, None, None"
2090938059,santigimeno,deps: update libuv to 1.49.1,closed,2024-09-25T09:32:50Z,,2024-10-14T06:51:22Z,"libuv, needs-ci, dependencies, commit-queue-rebase, backport-requested-v20.x",main,santi/libuv_v1.49.0,,,,,,,,,False,,27193779,"109660, 30630, None, None"
2090226123,sendoru,doc: move the YAML changes element regarding to https://github.com/nodejs/node/pull/54194,closed,2024-09-25T01:07:26Z,2024-09-28T13:51:22Z,2024-09-28T13:51:22Z,"doc, net, author ready",main,fix-doc-net-connection-yaml,,,,,,,,,False,,27193779,"109660, 30630, None, None"
2090189016,geeksilva97,doc: remove outdated https import reference,closed,2024-09-25T00:16:02Z,2024-09-28T13:59:32Z,2024-09-28T13:59:32Z,"doc, module, author ready, dont-land-on-v20.x",main,issue-55091,,,,,,,,,False,,27193779,"109660, 30630, None, None"
2090157768,jasnell,test: update test-crypto-aes-wrap to use node:test,closed,2024-09-24T23:34:37Z,,2024-09-28T14:55:01Z,"test, needs-ci",main,update-crypto-test-structure,,,,,,,,,False,,27193779,"109660, 30630, None, None"
2089895978,jasnell,src: move more key handling to ncrypto,closed,2024-09-24T20:15:20Z,2024-09-28T17:56:05Z,2024-09-28T17:56:05Z,"crypto, author ready, needs-ci, dependencies, dont-land-on-v20.x",main,moar-evp-key-to-ncrypto,,,,,,,tniessen,,False,,27193779,"109660, 30630, None, None"
2089466187,legendecas,src: track BaseObjects with an efficient list,closed,2024-09-24T16:11:00Z,,2024-09-26T17:41:33Z,"c++, lib / src, author ready, needs-ci, backport-requested-v22.x",main,realm/base-obj,,,,,,,,,False,,27193779,"109660, 30630, None, None"
2089221665,RafaelGSS,build: notify via slack when review-wanted,closed,2024-09-24T14:20:11Z,2024-09-27T16:25:52Z,2024-09-27T16:25:52Z,"meta, author ready",main,ping-node-core-on-review-wanted,,,,,,,,,False,,27193779,"109660, 30630, None, None"
2089089125,aduh95,[v18.x backport] test: update TLS tests for OpenSSL 3.2,closed,2024-09-24T13:23:12Z,2024-09-27T16:29:01Z,2024-09-27T16:29:01Z,"crypto, c++, needs-ci, v18.x",v18.x-staging,openssl32-backports,,,,,,,,,False,,27193779,"109660, 30630, None, None"
2088967276,cjihrig,test_runner: close and flush destinations on forced exit,closed,2024-09-24T12:29:55Z,2024-09-28T13:59:07Z,2024-09-28T13:59:07Z,"author ready, needs-ci, test_runner, dont-land-on-v20.x",main,force-exit,,,,,,,,,False,,27193779,"109660, 30630, None, None"
2088890640,jakecastelli,test: deflake test/pummel/test-timers.js,closed,2024-09-24T11:54:32Z,2024-09-27T06:16:20Z,2024-09-27T06:16:20Z,"test, author ready, needs-ci, commit-queue-squash",main,fix-55092,,,,,,,,,False,,27193779,"109660, 30630, None, None"
2088545036,matthieusieben,Allow manipulating the generator in Duplex.from(),closed,2024-09-24T09:05:21Z,2024-12-12T08:14:09Z,2024-12-12T08:14:09Z,"stream, semver-minor, test, needs-ci, commit-queue-squash, dont-land-on-v18.x, dont-land-on-v20.x, dont-land-on-v22.x, dont-land-on-v23.x",main,fix-55077,,,,,,,ronag,,False,,27193779,"109660, 30630, None, None"
2088439184,pmarchini,test: add unexpected behavior repro test,closed,2024-09-24T08:14:09Z,,2024-10-27T19:38:31Z,"wip, test, needs-ci, test_runner, watch-mode",main,test/todo-test-runner-run-dependencies,,,,,,,,,True,,27193779,"109660, 30630, None, None"
2087963798,dependabot[bot],build(deps-dev): Bump rollup from 4.18.1 to 4.22.4 in /tools/lint-md,closed,2024-09-24T03:04:31Z,2024-09-26T16:27:11Z,2024-09-26T16:27:11Z,"tools, author ready, dependencies, javascript",main,dependabot/npm_and_yarn/tools/lint-md/rollup-4.22.4,,,,,,,,,False,,27193779,"109660, 30630, None, None"
2087535762,mhdawson,test: fix test-tls-junk-closes-server,closed,2024-09-23T21:26:02Z,2024-09-25T21:28:05Z,2024-09-25T21:28:05Z,"test, author ready, needs-ci, commit-queue-squash",main,openssl32-fixes-11,,,,,,,,,False,,27193779,"109660, 30630, None, None"
2087528006,aduh95,test: fix more tests that fail when path contains a space,closed,2024-09-23T21:22:22Z,2024-09-25T21:27:50Z,2024-09-25T21:27:51Z,"test, tty, author ready, needs-ci, commit-queue-squash",main,test-with-space,,,,,,,,,False,,27193779,"109660, 30630, None, None"
2087355368,aduh95,test: fix `assertSnapshot` when path contains a quote,closed,2024-09-23T19:39:37Z,2024-09-25T19:42:13Z,2024-09-25T19:42:13Z,"test, author ready, needs-ci",main,assert-snapshot-quote,,,,,,,,,False,,27193779,"109660, 30630, None, None"
2087290467,abmusse,doc: add abmusse to collaborators,closed,2024-09-23T19:04:42Z,,2024-09-24T15:28:03Z,"doc, meta, notable-change, fast-track, author ready",main,add-collaborator-abmusse,,,,,,,,,False,,27193779,"109660, 30630, None, None"
2087135991,joyeecheung,module: unflag --experimental-require-module,closed,2024-09-23T17:35:58Z,2024-09-26T14:21:37Z,2024-09-26T14:21:37Z,"module, semver-minor, notable-change, experimental, tsc-agenda, esm, author ready, needs-ci, loaders, commit-queue-squash, dont-land-on-v18.x, backport-open-v20.x, backported-to-v22.x",main,unflag-require-module,,,,,,,,,False,,27193779,"109660, 30630, None, None"
2087127616,avivkeller,meta: add more information about nightly releases,closed,2024-09-23T17:30:44Z,2024-09-25T17:35:07Z,2024-09-25T17:35:07Z,"doc, meta, author ready, commit-queue-squash",main,patch-864537,,,,,,,,,False,,27193779,"109660, 30630, None, None"
2087127553,aduh95,test_runner: fix mocking modules with quote in their URL,closed,2024-09-23T17:30:41Z,2024-09-25T17:34:58Z,2024-09-25T17:34:58Z,"author ready, needs-ci, test_runner, dont-land-on-v20.x",main,mock-module-with-quote,,,,,,,,,False,,27193779,"109660, 30630, None, None"
2087109594,aduh95,test: fix some tests when path contains `%`,closed,2024-09-23T17:19:24Z,2024-09-25T17:25:33Z,2024-09-25T17:25:33Z,"test, esm, author ready, needs-ci",main,test-esm-loader-hooks-percent,,,,,,,,,False,,27193779,"109660, 30630, None, None"
2086876780,avivkeller,test_runner: support typescript files in default glob,closed,2024-09-23T15:11:58Z,2024-09-29T02:47:48Z,2024-09-29T02:47:48Z,"author ready, needs-ci, test_runner, dont-land-on-v20.x, strip-types",main,patch-647672,,,,,,,rluvaton,,False,,27193779,"109660, 30630, None, None"
2086529813,lpinca,"Revert ""test: mark test-fs-watch-non-recursive flaky on Windows""",closed,2024-09-23T13:06:41Z,2024-09-25T13:18:53Z,2024-09-25T13:18:53Z,"test, author ready, needs-ci",main,revert/2a871df3,,,,,,,,,False,,27193779,"109660, 30630, None, None"
2085981782,codebytere,src: expose `WriteNodeReport` to embedders,closed,2024-09-23T08:49:59Z,,2024-09-25T11:34:18Z,"c++, needs-ci, report",main,expose-writereport,,,,,,,"aduh95, anonrig",,False,,27193779,"109660, 30630, None, None"
2085454243,zcbenz,src: do not call path.back() when it is empty,closed,2024-09-23T01:24:39Z,2024-09-25T01:36:10Z,2024-09-25T01:36:10Z,"c++, path, needs-ci, dont-land-on-v18.x, dont-land-on-v20.x, dont-land-on-v22.x",main,empty-path-back,,,,,,,,,False,,27193779,"109660, 30630, None, None"
2085381261,avivkeller,fs: pass correct path to `DirentFromStats` during `glob`,closed,2024-09-22T23:38:34Z,2024-10-22T11:38:10Z,2024-10-22T11:38:10Z,"fs, author ready, needs-ci, commit-queue-squash",main,fs-glob-withfiletypes-fix,,,,,,,,,False,,27193779,"109660, 30630, None, None"
2085316580,gurgunday,events: remove redundant default parameter,closed,2024-09-22T19:51:48Z,,2024-09-22T20:28:10Z,"events, needs-ci",main,remove,,,,,,,,,False,,27193779,"109660, 30630, None, None"
2085298026,zori26,Delete benchmark directoryspam,closed,2024-09-22T18:52:19Z,,2024-09-22T19:00:10Z,invalid,main,patch-8,,,,,,,,,False,,27193779,"109660, 30630, None, None"
2085249312,jasnell,test: use node:test in test-assert-async,closed,2024-09-22T16:13:00Z,,2024-09-28T14:54:49Z,"test, needs-ci",main,jsnell/use-node-test-in-test-assert-async,,,,,,,,,False,,27193779,"109660, 30630, None, None"
2085181599,jazelly,stream: set stream prototype to closest transferable superclass,closed,2024-09-22T12:49:34Z,2024-09-24T21:18:29Z,2024-09-24T21:18:29Z,"author ready, needs-ci, needs-benchmark-ci, web streams, dont-land-on-v20.x, web-standards",main,fix-54603,,,,,,,,,False,,27193779,"109660, 30630, None, None"
2085147549,NathanBaulch,doc: fix typos,closed,2024-09-22T11:12:21Z,2024-09-29T13:15:15Z,2024-09-29T13:15:15Z,"doc, commit-queue-squash",main,typos-doc,,,,,,,,,False,,27193779,"109660, 30630, None, None"
2085146184,NathanBaulch,lib: fix typos,closed,2024-09-22T11:08:02Z,2024-09-25T14:35:18Z,2024-09-25T14:35:18Z,"lib / src, author ready, needs-ci, dont-land-on-v20.x",main,typos-lib,,,,,,,,,False,,27193779,"109660, 30630, None, None"
2085145310,NathanBaulch,src: fix typos,closed,2024-09-22T11:05:15Z,2024-09-27T15:34:49Z,2024-09-27T15:34:49Z,"c++, lib / src, author ready, needs-ci, dont-land-on-v20.x",main,typos-src,,,,,,,,,False,,27193779,"109660, 30630, None, None"
2085144085,NathanBaulch,test: fix typos,closed,2024-09-22T11:01:35Z,2024-09-28T13:58:55Z,2024-09-28T13:58:55Z,"test, addons, esm, author ready, needs-ci, commit-queue-squash, dont-land-on-v20.x",main,typos-test,,,,,,,,,False,,27193779,"109660, 30630, None, None"
2085045538,NathanBaulch,tools: fix typos,closed,2024-09-22T09:33:28Z,2024-10-15T13:59:49Z,2024-10-15T13:59:49Z,"build, tools, needs-ci, commit-queue-squash",main,typos-tools,,,,,,,,,False,,27193779,"109660, 30630, None, None"
2084956563,aduh95,[v20.x backport] doc: add missing EventSource docs to globals,closed,2024-09-22T08:24:11Z,,2024-09-25T20:16:12Z,"doc, author ready, v20.x",v20.x-staging,backport-doc-eventsource-global,,,,,,,,,False,,27193779,"109660, 30630, None, None"
2084797647,lpinca,test: deflake test-inspector-strip-types,closed,2024-09-22T05:48:44Z,2024-09-24T05:53:46Z,2024-09-24T05:53:46Z,"test, author ready, needs-ci, dont-land-on-v20.x",main,deflake/test-inspector-strip-types,,,,,,,,,False,,27193779,"109660, 30630, None, None"
2084729854,nodejs-github-bot,deps: patch V8 to 12.9.202.19,closed,2024-09-22T00:35:00Z,,2024-09-25T20:42:33Z,"v8 engine, needs-ci, dependencies, commit-queue-failed, dont-land-on-v18.x, dont-land-on-v20.x, dont-land-on-v22.x",main,actions/update-v8-patch,,,,,,,,,False,,27193779,"109660, 30630, None, None"
2084729512,nodejs-github-bot,deps: update timezone to 2024b,closed,2024-09-22T00:33:25Z,2024-09-26T16:26:59Z,2024-09-26T16:26:59Z,"author ready, needs-ci, dependencies, icu",main,actions/timezone-update,,,,,,,,,False,,27193779,"109660, 30630, None, None"
2084678175,avivkeller,test_runner: throw on invalid source map,closed,2024-09-21T21:00:40Z,2024-10-06T20:27:32Z,2024-10-06T20:27:32Z,"errors, coverage, source maps, test_runner, backport-requested-v20.x",main,test-runner-throw-invalid-source-map,,,,,,,MoLow,,False,,27193779,"109660, 30630, None, None"
2084658630,jasnell,src: add and use MaybeStackBuffer v8::LocalVector,closed,2024-09-21T19:40:52Z,,2024-09-28T15:59:00Z,"c++, lib / src, needs-ci",main,maybestackbuffer_v8_value,,,,,,,"addaleax, anonrig, joyeecheung",,True,,27193779,"109660, 30630, None, None"
2084658501,anonrig,test: execute shell directly for refresh(),closed,2024-09-21T19:40:21Z,2025-02-10T14:33:07Z,2025-02-10T14:33:07Z,"test, needs-ci, review wanted",main,call-rm-directly,,,,,,,"targos, richardlau, RafaelGSS, jasnell, avivkeller",,False,,27193779,"109660, 30630, None, None"
2084654599,anonrig,lib: remove lib/internal/idna.js,closed,2024-09-21T19:25:30Z,2024-09-23T19:33:43Z,2024-09-23T19:33:43Z,"url, lib / src, needs-ci",main,remove-internal-idna,,,,,,,,,False,,27193779,"109660, 30630, None, None"
2084633831,avivkeller,test_runner: don't set coverage threshold exitCode until `test:summary`,closed,2024-09-21T18:12:53Z,,2024-09-21T19:01:27Z,"needs-ci, test_runner",main,process-exit-code-threshold,,,,,,,,,False,,27193779,"109660, 30630, None, None"
2084602365,avivkeller,stream: construct correct prototype to transferred streams,closed,2024-09-21T16:35:40Z,,2024-09-22T14:48:03Z,"needs-ci, needs-benchmark-ci, web streams",main,stream-wpt,,,,,,,H4ad,,False,,27193779,"109660, 30630, None, None"
2084564237,avivkeller,lib: prefer optional chaining,closed,2024-09-21T15:19:01Z,2024-09-24T19:48:15Z,2024-09-24T19:48:15Z,"lib / src, author ready, needs-ci, dont-land-on-v20.x",main,prefer-optional-chaining,,,,,,,,,False,,27193779,"109660, 30630, None, None"
2084539558,avivkeller,lib: prefer logical assignment,closed,2024-09-21T14:31:56Z,2024-10-09T06:42:16Z,2024-10-09T06:42:16Z,"lib / src, author ready, needs-ci, dont-land-on-v18.x, dont-land-on-v20.x, backported-to-v22.x",main,fixup-options,,,,,,,jasnell,,False,,27193779,"109660, 30630, None, None"
2084493334,Renegade334,doc: correct `cleanup` option in stream.(promises.)finished,closed,2024-09-21T13:45:58Z,2024-09-25T14:35:08Z,2024-09-25T14:35:08Z,"doc, stream, author ready, backport-requested-v20.x",main,docs-stream-finished,,,,,,,,,False,,27193779,"109660, 30630, None, None"
2084423668,targos,tools: unlock versions of irrelevant DB deps,closed,2024-09-21T10:58:48Z,2024-09-24T21:06:48Z,2024-09-24T21:06:48Z,"tools, author ready, dont-land-on-v20.x",main,revert-no-db-deps,,,,,,,,,False,,27193779,"109660, 30630, None, None"
2084413808,panva,crypto: ensure invalid SubtleCrypto JWK data import results in DataError,closed,2024-09-21T10:30:25Z,2024-09-23T15:28:44Z,2024-09-23T15:28:44Z,"crypto, lib / src, author ready, needs-ci, webcrypto, backported-to-v18.x, lts-watch-v20.x, web-standards",main,webcrypto-ensure-DataError,,,,,,,,,False,,27193779,"109660, 30630, None, None"
2084266859,jakecastelli,benchmark: add webstorage benchmark,closed,2024-09-21T06:07:44Z,2024-09-23T13:46:14Z,2024-09-23T13:46:14Z,"benchmark, author ready, dont-land-on-v20.x",main,add-benchmark-to-webstorage,,,,,,,anonrig,,False,,27193779,"109660, 30630, None, None"
2084139389,avivkeller,test_runner: require `--enable-source-maps` for source map coverage,closed,2024-09-21T00:45:18Z,,2024-09-24T18:33:00Z,"wip, needs-ci, coverage, source maps, commit-queue-rebase, test_runner",main,sourcemap-flag-coverage,,,,,,,MoLow,,False,,27193779,"109660, 30630, None, None"
2084136536,avivkeller,test: fix `soucre` to `source`,closed,2024-09-21T00:36:53Z,2024-09-21T08:27:57Z,2024-09-21T08:27:57Z,"test, fast-track, needs-ci",main,fixup-typo,,,,,,,,,False,,27193779,"109660, 30630, None, None"
2084131244,avivkeller,test_runner: report error on missing sourcemap source,closed,2024-09-21T00:22:53Z,2024-09-23T00:32:07Z,2024-09-23T00:32:07Z,"errors, author ready, needs-ci, coverage, source maps, test_runner, backport-requested-v20.x",main,fix-coverage-sourcemap-missing-source,,,,,,,,,False,,27193779,"109660, 30630, None, None"
2084058592,avivkeller,test: make `test-runner-assert` more robust,closed,2024-09-20T22:15:25Z,2024-09-22T22:27:37Z,2024-09-22T22:27:37Z,"assert, test, author ready, test_runner",main,robust-test-runner-assert,,,,,,,,,False,,27193779,"109660, 30630, None, None"
2084054497,avivkeller,process: remove `process.assert`,closed,2024-09-20T22:10:14Z,2024-09-23T16:29:23Z,2024-09-23T16:29:23Z,"semver-major, process, lib / src, author ready, deprecations, needs-ci, needs-citgm",main,eol-process-assert,,,,,,,,,False,,27193779,"109660, 30630, None, None"
2084044345,avivkeller,domain: EoL deprecate `MakeCallback` with `domain` property,closed,2024-09-20T22:02:31Z,,2024-09-20T22:28:34Z,"wip, domain, semver-major, deprecations, needs-ci",main,eol-domain-makecallback,,,,,,,,,True,,27193779,"109660, 30630, None, None"
2083981752,jazelly,fs: check subdir correctly in cpSync,closed,2024-09-20T21:03:08Z,2024-09-28T13:50:54Z,2024-09-28T13:50:54Z,"c++, fs, author ready, needs-ci, dont-land-on-v20.x",main,fix-54285,,,,,,,,,False,,27193779,"109660, 30630, None, None"
2083947994,avivkeller,meta: re-enable PR stalebot,open,2024-09-20T20:38:25Z,,,"meta, review wanted",main,patch-508395,,,,,,,,,False,,27193779,"109660, 30630, None, None"
2083802923,olaekdahl,added test file,closed,2024-09-20T19:08:01Z,,2024-09-20T19:08:46Z,invalid,main,main,,,,,,,,,True,,27193779,"109660, 30630, None, None"
2083273378,mhdawson,test: update tls test to support OpenSSL32,closed,2024-09-20T13:55:56Z,2024-09-22T14:01:21Z,2024-09-22T14:01:21Z,"test, openssl, needs-ci",main,openssl32-fixes-10,,,,,,,,,False,,27193779,"109660, 30630, None, None"
2083250676,panva,"test,crypto: update WebCryptoAPI WPT",closed,2024-09-20T13:46:15Z,2024-09-22T13:52:56Z,2024-09-22T13:52:57Z,"crypto, test, author ready, needs-ci, webcrypto, backport-requested-v20.x, web-standards",main,bump-webcrypto,,,,,,,,,False,,27193779,"109660, 30630, None, None"
2083156936,aduh95,test: do not assume `process.execPath` contains no spaces,closed,2024-09-20T13:01:11Z,2024-09-22T13:03:30Z,2024-09-22T13:03:30Z,"test, author ready, needs-ci, backport-requested-v20.x",main,process.execPath-space,,,,,,,,,False,,27193779,"109660, 30630, None, None"
2082981171,iambumblehead,"benchmark: use options.filename when, for esm, require.main.filename is undefined",open,2024-09-20T11:28:06Z,,,"benchmark, esm",main,benchmark-detect-filename-esm-runtime,,,,,,,,,False,,27193779,"109660, 30630, None, None"
2082807061,aduh95,test: fix `test-vm-context-dont-contextify` when path contains a space,closed,2024-09-20T09:53:18Z,2024-09-22T10:01:42Z,2024-09-22T10:01:42Z,"test, author ready, needs-ci",main,test-vm-context-dont-contextify,,,,,,,,,False,,27193779,"109660, 30630, None, None"
2082773577,iwuliz,build: display free disk space after build in the test-macOS workflow,closed,2024-09-20T09:35:39Z,,2024-09-23T03:39:17Z,"meta, author ready, commit-queue-rebase",main,test-macos-display-disk-usage-after-build,,,,,,,,,False,,27193779,"109660, 30630, None, None"
2082758892,joyeecheung,src: decode native error messages as UTF-8,closed,2024-09-20T09:28:05Z,2024-09-25T21:56:35Z,2024-09-25T21:56:35Z,"c++, needs-ci",main,utf8-error,,,,,,,,,False,,27193779,"109660, 30630, None, None"
2082284535,KhafraDev,doc: add missing EventSource docs to globals,closed,2024-09-20T03:58:55Z,2024-09-22T04:10:15Z,2024-09-22T04:10:15Z,"doc, experimental, author ready, backported-to-v20.x",main,eventsource-docs,,,,,,,,,False,,27193779,"109660, 30630, None, None"
2082044268,textbook,doc: cover --experimental-test-module-mocks flag,closed,2024-09-19T23:13:49Z,2024-09-21T23:23:57Z,2024-09-21T23:23:57Z,"doc, experimental, author ready, test_runner, dont-land-on-v20.x",main,patch-1,,,,,,,,,False,,27193779,"109660, 30630, None, None"
2081830027,anonrig,zlib: set zlib.bytesRead end-of-life,closed,2024-09-19T20:01:08Z,2024-09-28T23:46:21Z,2024-09-28T23:46:21Z,"zlib, semver-major, author ready, deprecations, needs-ci",main,runtime-deprecate-zlib-bytes-read,,,,,,,,,False,,27193779,"109660, 30630, None, None"
2081819853,anonrig,crypto: runtime deprecate crypto.fips,closed,2024-09-19T19:54:03Z,2024-09-25T22:31:03Z,2024-09-25T22:31:03Z,"crypto, semver-major, author ready, deprecations, needs-ci",main,runtime-deprecate-crypto-fips,,,,,,,,,False,,27193779,"109660, 30630, None, None"
2081807635,anonrig,util: runtime deprecate toUSVString(),closed,2024-09-19T19:45:31Z,,2024-10-18T00:58:33Z,"util, semver-major, deprecations, needs-ci",main,runtime-deprecate-tousvstring,,,,,,,,,False,,27193779,"109660, 30630, None, None"
2081800236,anonrig,url: runtime deprecate url.parse,closed,2024-09-19T19:40:10Z,2024-10-20T19:01:37Z,2024-10-20T19:01:37Z,"url, semver-major, deprecations, needs-ci, commit-queue-squash",main,runtime-deprecate-url-parse,,,,,,,"Trott, targos",,False,,27193779,"109660, 30630, None, None"
2081736645,mhdawson,test: adjust tls-set-ciphers for OpenSSL32,closed,2024-09-19T19:00:42Z,2024-09-21T19:10:51Z,2024-09-21T19:10:51Z,"tls, test, openssl, author ready, needs-ci",main,openssl32-fixes-9,,,,,,,,,False,,27193779,"109660, 30630, None, None"
2081551360,anonrig,src: revert filesystem::path changes,closed,2024-09-19T17:12:38Z,2024-09-21T17:22:22Z,2024-09-21T17:22:22Z,"c++, fs, lib / src, needs-ci, revert, dont-land-on-v20.x",main,revert-filesystem-path,,,,,,,richardlau,,False,,27193779,"109660, 30630, None, None"
2081350758,targos,deps: update V8 to 13.0,closed,2024-09-19T15:43:21Z,,2025-01-31T11:51:25Z,"semver-major, build, v8 engine, author ready, needs-ci, dependencies, commit-queue-failed, commit-queue-rebase",main,v8-130,,,,,,,,,False,,27193779,"109660, 30630, None, None"
2081041286,pmarchini,test_runner: replace ansi clear with ansi reset,closed,2024-09-19T13:40:27Z,2024-09-21T13:42:14Z,2024-09-21T13:42:14Z,"util, author ready, test_runner",main,issue/55009,,,,,,,,,False,,27193779,"109660, 30630, None, None"
2080581512,pmarchini,test: remove interval and give more time to unsync,closed,2024-09-19T10:07:16Z,2024-09-24T14:40:20Z,2024-09-24T14:40:20Z,"test, author ready, commit-queue-squash, test_runner, dont-land-on-v20.x",main,issue/54807,,,,,,,,,False,,27193779,"109660, 30630, None, None"
2080554724,lpinca,test: deflake test-http-remove-header-stays-removed,closed,2024-09-19T09:54:30Z,2024-09-26T02:59:29Z,2024-09-26T02:59:29Z,"test, author ready, needs-ci",main,deflake/test-http-remove-header-stays-removed,,,,,,,,,False,,27193779,"109660, 30630, None, None"
2080504807,aduh95,"esm: do not interpret `""main""` as a URL",closed,2024-09-19T09:30:30Z,2024-09-27T10:05:50Z,2024-09-27T10:05:50Z,"c++, fs, esm, author ready, needs-ci, backport-blocked-v20.x",main,main-is-a-path,,,,,,,,,False,,27193779,"109660, 30630, None, None"
2079639548,avivkeller,build: fix eslint makefile target,closed,2024-09-18T21:41:20Z,2024-09-20T21:46:54Z,2024-09-20T21:46:54Z,"build, author ready, needs-ci, dont-land-on-v20.x",main,patch-185970,,,,,,,,,False,,27193779,"109660, 30630, None, None"
2079549055,mhdawson,test: add asserts to validate test assumptions,closed,2024-09-18T20:38:28Z,,2024-09-20T21:49:44Z,"test, author ready, needs-ci",main,openssl32-fixes-8,,,,,,,,,False,,27193779,"109660, 30630, None, None"
2079049949,haotaoyanzhuce,build: describe the fix for compiling android node.js on an x86_64 host,closed,2024-09-18T15:44:30Z,,2024-09-26T14:54:55Z,"build, android",main,main,,,,,,,,,False,,27193779,"109660, 30630, None, None"
2078867138,legendecas,"Revert ""build: upgrade clang-format to v18""",closed,2024-09-18T14:22:40Z,2024-09-18T15:58:35Z,2024-09-18T15:58:35Z,"c++, tools, fast-track, revert",main,tools/clang-format,,,,,,,,,False,,27193779,"109660, 30630, None, None"
2078818568,legendecas,src: cleanup per env handles directly without a list,closed,2024-09-18T14:02:26Z,2024-09-20T19:59:05Z,2024-09-20T19:59:06Z,"c++, author ready, needs-ci",main,env/handle-cleanup,,,,,,,,,False,,27193779,"109660, 30630, None, None"
2078271034,JakobJingleheimer,module: expose `getPackageScopeConfig` & add `findNearestPackageJSON`,closed,2024-09-18T09:43:50Z,,2024-09-30T10:55:50Z,"wip, c++, module, semver-minor, needs-ci, typings",main,feat/module-utils,,,,,,,,,True,,27193779,"109660, 30630, None, None"
2077581026,anonrig,src: replace splitstring with built-in,closed,2024-09-18T01:10:06Z,2025-02-10T17:53:12Z,2025-02-10T17:53:12Z,"c++, lib / src, needs-ci, commit-queue-failed, dont-land-on-v18.x, dont-land-on-v20.x",main,replace-stringviewsplit,,,,,,,,,False,,27193779,"109660, 30630, None, None"
2077195382,avivkeller,repl: move `complete` to its own file,closed,2024-09-17T20:10:27Z,,2024-10-13T17:41:25Z,"repl, needs-ci",main,complete-new-file,,,,,,,,,False,,27193779,"109660, 30630, None, None"
2077190113,RafaelGSS,benchmark: include ascii to fs/readfile,closed,2024-09-17T20:08:14Z,2024-09-19T20:15:47Z,2024-09-19T20:15:47Z,"fs, benchmark, author ready",main,add-ascii-to-readfile,,,,,,,,,False,,27193779,"109660, 30630, None, None"
2076965805,avivkeller,"lib, tools: remove duplicate requires",closed,2024-09-17T18:13:22Z,2024-09-25T08:51:28Z,2024-09-25T08:51:28Z,"tools, lib / src, author ready, needs-ci, dont-land-on-v20.x",main,remove-duplicate-requires,,,,,,,,,False,,27193779,"109660, 30630, None, None"
2076533178,avivkeller,meta: add `linux` to OS labels in collaborator guide,closed,2024-09-17T14:18:57Z,2024-09-22T06:43:09Z,2024-09-22T06:43:09Z,"doc, meta, author ready",main,patch-160385,,,,,,,,,False,,27193779,"109660, 30630, None, None"
2076507367,avivkeller,meta: switch `label-pr` to use github-actions[bot],closed,2024-09-17T14:07:44Z,,2024-10-17T17:00:22Z,meta,main,patch-22875,,,,,,,,,False,,27193779,"109660, 30630, None, None"
2076496055,avivkeller,doc: mark v21 as End-of-Life,closed,2024-09-17T14:02:22Z,2024-09-19T14:12:48Z,2024-09-19T14:12:49Z,"doc, meta, author ready, dont-land-on-v18.x, dont-land-on-v20.x, dont-land-on-v22.x",main,patch-94006,,,,,,,,,False,,27193779,"109660, 30630, None, None"
2076485722,avivkeller,meta: remove never-used workflow trigger,closed,2024-09-17T13:57:54Z,2024-09-19T14:01:57Z,2024-09-19T14:01:57Z,"meta, author ready",main,patch-897871,,,,,,,,,False,,27193779,"109660, 30630, None, None"
2076281805,aduh95,doc: fix history of `process.features`,closed,2024-09-17T12:20:46Z,2024-09-17T14:49:53Z,2024-09-17T14:49:53Z,"doc, process, fast-track, backport-open-v20.x",main,fix-features-history,,,,,,,,,False,,27193779,"109660, 30630, None, None"
2076040211,aduh95,module: report unfinished TLA in ambiguous modules,closed,2024-09-17T10:22:46Z,2024-09-19T10:34:14Z,2024-09-19T10:34:14Z,"module, author ready, needs-ci, backport-open-v20.x",main,unfinished-tla-ambiguous-files,,,,,,,,,False,,27193779,"109660, 30630, None, None"
2075976280,aduh95,worker: handle `--input-type` more consistently,closed,2024-09-17T09:59:29Z,2024-09-19T10:08:51Z,2024-09-19T10:08:51Z,"author ready, worker, needs-ci",main,worker-input-type-eval,,,,,,,,,False,,27193779,"109660, 30630, None, None"
2075958980,lpinca,test: deflake test-http-header-overflow,closed,2024-09-17T09:51:47Z,,2024-09-21T16:01:44Z,"test, author ready, needs-ci",main,deflake/test-http-header-overflow,,,,,,,,,False,,27193779,"109660, 30630, None, None"
2075842856,lpinca,test: move test-http-max-sockets to parallel,closed,2024-09-17T09:14:23Z,2024-09-20T09:57:23Z,2024-09-20T09:57:23Z,"test, author ready, needs-ci",main,move/test-http-max-socket-to-parallel,,,,,,,,,False,,27193779,"109660, 30630, None, None"
2075840323,lpinca,test: remove test-http-max-sockets flaky designation,closed,2024-09-17T09:13:31Z,2024-09-20T09:57:06Z,2024-09-20T09:57:06Z,"test, author ready, needs-ci",main,remove/flaky-test-http-max-sockets,,,,,,,,,False,,27193779,"109660, 30630, None, None"
2075621121,KartikPDev,Updated to the README.md,closed,2024-09-17T07:23:53Z,,2024-09-17T07:26:28Z,invalid,main,main,,,,,,,,,False,,27193779,"109660, 30630, None, None"
2074745157,mhdawson,test: adjust key sizes to support OpenSSL32,closed,2024-09-16T19:20:38Z,2024-09-18T19:26:45Z,2024-09-18T19:26:45Z,"test, openssl, needs-ci",main,openssl32-fixes-7,,,,,,,,,False,,27193779,"109660, 30630, None, None"
2074618447,joyeecheung,module: implement flushCompileCache() ,closed,2024-09-16T18:13:32Z,,2024-09-20T19:05:10Z,"c++, module, semver-minor, lib / src, needs-ci, commit-queue-rebase",main,write-compile-cache,,,,,,,,,False,,27193779,"109660, 30630, None, None"
2074525793,StefanStojanovic,"build,win: float VS 17.11 compilation patch",closed,2024-09-16T17:23:56Z,2024-09-19T20:36:42Z,2024-09-19T20:36:42Z,"windows, build, fast-track, author ready, needs-ci, quic, dependencies, backport-requested-v20.x",main,mefi-vs-17-11-fix,,,,,,,,,False,,27193779,"109660, 30630, None, None"
2074520452,RafaelGSS,doc: fix typo callsite.lineNumber,closed,2024-09-16T17:21:06Z,2024-09-16T20:25:24Z,2024-09-16T20:25:24Z,"util, doc, fast-track, backport-blocked-v20.x",main,fix-typo-callsite,,,,,,,,,False,,27193779,"109660, 30630, None, None"
2074436552,mhdawson,test: update test to support OpenSSL32,closed,2024-09-16T16:33:30Z,2024-09-18T16:36:08Z,2024-09-18T16:36:08Z,"test, openssl, needs-ci, commit-queue-squash",main,openssl32-fixes-6,,,,,,,,,False,,27193779,"109660, 30630, None, None"
2074399665,richardlau,doc: reflect toolchains used for official binaries,closed,2024-09-16T16:12:02Z,2024-09-20T01:51:34Z,2024-09-20T01:51:34Z,"doc, semver-major, build, author ready",main,building,,,,,,,,,False,,27193779,"109660, 30630, None, None"
2074153924,RafaelGSS,v22.9.0 proposal,closed,2024-09-16T14:17:46Z,2024-09-17T20:50:01Z,2024-09-17T20:50:01Z,"needs-ci, release, v22.x",v22.x,v22.9.0-proposal,,,,,,,,,False,,27193779,"109660, 30630, None, None"
2073764669,jazelly,lib: implement interface converter and use it for AbortSignal validation,closed,2024-09-16T11:17:17Z,,2024-09-29T08:45:25Z,"semver-major, needs-ci, needs-citgm, needs-benchmark-ci, abortcontroller, commit-queue-rebase, web-standards",main,validate-abort-signal,,,,,,,,,False,,27193779,"109660, 30630, None, None"
2073696905,lpinca,doc: remove outdated sentence,closed,2024-09-16T10:40:30Z,,2024-09-16T12:42:33Z,"doc, dns",main,fix/issue-54961,,,,,,,,,False,,27193779,"109660, 30630, None, None"
2073080992,trivikr,os: use const with early return for path,closed,2024-09-16T02:38:35Z,2024-09-18T02:51:47Z,2024-09-18T02:51:47Z,"os, author ready, needs-ci, dont-land-on-v20.x",main,tmpdir-use-const-early-return,,,,,,,,,False,,27193779,"109660, 30630, None, None"
2072930941,avivkeller,"lib, tools: remove duplicate requires",closed,2024-09-15T20:45:14Z,,2024-09-15T22:03:47Z,"module, tools, blocked, needs-ci",main,remove-duplicate-requires,,,,,,,,,False,,27193779,"109660, 30630, None, None"
2072925588,anonrig,string_decoder: refactor encoding validation,closed,2024-09-15T20:25:21Z,2024-09-23T22:49:54Z,2024-09-23T22:49:54Z,"util, semver-major, string_decoder, needs-ci, needs-citgm",main,refactor-string-decoder,,,,,,,"addaleax, joyeecheung, aduh95",,False,,27193779,"109660, 30630, None, None"
2072914044,avivkeller,test_runner: use `test:` symbol on second print of parent test,closed,2024-09-15T19:54:33Z,,2024-09-21T16:38:46Z,"author ready, needs-ci, test_runner",main,test_runner_symbol,,,,,,,,,False,,27193779,"109660, 30630, None, None"
2072626215,DHIRAJ12SINGH,Update README.md,closed,2024-09-15T09:05:10Z,,2024-09-15T09:57:20Z,invalid,main,patch-1,,,,,,,,,False,,27193779,"109660, 30630, None, None"
2072516134,avivkeller,test: wait for stream finish when --test-force-exit,closed,2024-09-15T00:50:30Z,,2024-09-23T19:26:47Z,"wip, needs-ci, test_runner",main,forceexit-stream,,,,,,,"MoLow, cjihrig",,False,,27193779,"109660, 30630, None, None"
2072512937,nodejs-github-bot,deps: patch V8 to 12.8.374.33,closed,2024-09-15T00:35:16Z,2024-09-17T06:29:34Z,2024-09-17T06:29:34Z,"v8 engine, needs-ci, dependencies, dont-land-on-v18.x, dont-land-on-v20.x, dont-land-on-v22.x",main,actions/update-v8-patch,,,,,,,,,False,,27193779,"109660, 30630, None, None"
2072512366,nodejs-github-bot,tools: update github_reporter to 1.7.1,closed,2024-09-15T00:32:46Z,2024-09-17T08:49:58Z,2024-09-17T08:49:58Z,tools,main,actions/tools-update-github_reporter,,,,,,,,,False,,27193779,"109660, 30630, None, None"
2072512343,nodejs-github-bot,deps: update acorn-walk to 8.3.4,closed,2024-09-15T00:32:39Z,2024-09-24T14:05:48Z,2024-09-24T14:05:48Z,"author ready, needs-ci, dependencies",main,actions/tools-update-acorn-walk,,,,,,,,,False,,27193779,"109660, 30630, None, None"
2072503439,anonrig,cli: ensure --run has proper pwd,closed,2024-09-14T23:56:41Z,2024-09-18T12:18:40Z,2024-09-18T12:18:40Z,"c++, author ready, needs-ci, commit-queue-squash, dont-land-on-v20.x",main,bmeck/task-runner-pwd,,,,,,,"RafaelGSS, ShogunPanda, jasnell, mcollina, addaleax, joyeecheung",,False,,27193779,"109660, 30630, None, None"
2072463936,avivkeller,test: remove `getCallSite` from common,closed,2024-09-14T21:27:47Z,,2024-09-21T16:20:21Z,"test, author ready, needs-ci, dont-land-on-v20.x",main,remove-callsite,,,,,,,,,False,,27193779,"109660, 30630, None, None"
2072388621,ShashikantLohar1008,Nodejs2024,closed,2024-09-14T17:11:58Z,,2024-09-14T17:16:26Z,invalid,main,main,,,,,,,,,False,,27193779,"109660, 30630, None, None"
2072354510,jazelly,lib: prefer iterable weak set than WeakRefs in AbortSignal.any,closed,2024-09-14T15:27:57Z,,2024-09-15T22:57:58Z,"needs-ci, needs-benchmark-ci",main,weakset-abort-signal,,,,,,,,,False,,27193779,"109660, 30630, None, None"
2072352780,avivkeller,module: remove duplicated import,closed,2024-09-14T15:22:01Z,2024-09-22T09:36:57Z,2024-09-22T09:36:57Z,"module, author ready, needs-ci",main,patch-388798,,,,,,,,,False,,27193779,"109660, 30630, None, None"
2072064660,kernelbin,src: remove duplicate code setting AF_INET,closed,2024-09-14T09:32:21Z,2024-09-18T12:04:51Z,2024-09-18T12:04:51Z,"c++, cares, author ready, needs-ci",main,cares_wrap_trivial_fix,,,,,,,,,False,,27193779,"109660, 30630, None, None"
2071908086,Guilhermefariah,Improved  code,closed,2024-09-14T03:37:18Z,,2024-09-14T10:29:16Z,invalid,main,open-source,,,,,,,,,False,,27193779,"109660, 30630, None, None"
2071860607,avivkeller,meta: fix stalled issue bot,closed,2024-09-14T01:13:49Z,,2024-09-23T19:58:31Z,meta,main,patch-995192,,,,,,,,,False,,27193779,"109660, 30630, None, None"
2071848092,avivkeller,test: fix invalid test,closed,2024-09-14T00:36:31Z,2024-09-20T10:42:59Z,2024-09-20T10:42:59Z,"test, esm, author ready, needs-ci, loaders, dont-land-on-v20.x",main,patch-504488,,,,,,,,,False,,27193779,"109660, 30630, None, None"
2071771275,jasnell,src: use v8::LocalVector instead of MaybeStackBuffer<Value>,closed,2024-09-13T22:45:52Z,,2024-09-21T01:14:57Z,"c++, lib / src, needs-ci, needs-benchmark-ci",main,use-v8-localvector-more,,,,,,,"targos, joyeecheung",,False,,27193779,"109660, 30630, None, None"
2071754465,avivkeller,module: support loading entrypoint as url,closed,2024-09-13T22:28:32Z,,2024-09-27T07:28:13Z,"module, semver-minor, cli, author ready, needs-ci, commit-queue-failed, commit-queue-squash",main,entry-url,,,,,,,,,False,,27193779,"109660, 30630, None, None"
2071337819,kevinuehara,test: adding more tests for strip-types,closed,2024-09-13T17:28:23Z,2024-10-02T01:23:49Z,2024-10-02T01:23:49Z,"test, esm, author ready, needs-ci, dont-land-on-v20.x, strip-types",main,kevinuehara/adding-typescript-tests,,,,,,,,,False,,27193779,"109660, 30630, None, None"
2071272623,RafaelGSS,benchmark: --no-warnings to avoid DEP/ExpWarn log,closed,2024-09-13T16:48:07Z,2024-09-15T16:57:11Z,2024-09-15T16:57:11Z,"module, benchmark, author ready",main,benchmark-adjust-module-loader,,,,,,,,,False,,27193779,"109660, 30630, None, None"
2071268312,theanarkh,lib: add flag to drop connection when running in cluster mode,closed,2024-09-13T16:45:32Z,2024-10-17T15:11:41Z,2024-10-17T15:11:41Z,"cluster, net, author ready, needs-ci",main,drop_connection_when_reach_max_connection,,,,,,,,,False,,27193779,"109660, 30630, None, None"
2071230629,mhdawson,test: adjust test-tls-junk-server for OpenSSL32,closed,2024-09-13T16:29:31Z,2024-09-15T16:40:05Z,2024-09-15T16:40:05Z,"test, openssl, needs-ci",main,openssl32-fixes-5,,,,,,,,,False,,27193779,"109660, 30630, None, None"
2071221656,panva,"test,crypto: update WebCryptoAPI WPT",closed,2024-09-13T16:23:39Z,2024-09-15T16:28:03Z,2024-09-15T16:28:03Z,"crypto, test, author ready, needs-ci, webcrypto, dont-land-on-v20.x, web-standards",main,bump-webcrypto,,,,,,,,,False,,27193779,"109660, 30630, None, None"
2070765338,nikwen,doc: fix broken Android building link,closed,2024-09-13T12:13:51Z,2024-09-15T12:29:18Z,2024-09-15T12:29:18Z,"doc, build, process, author ready, android",main,patch-1,,,,,,,,,False,,27193779,"109660, 30630, None, None"
2070367138,aditya-raghav-69,Update README.md,closed,2024-09-13T08:43:29Z,,2024-09-13T08:44:02Z,invalid,main,main,,,,,,,,,False,,27193779,"109660, 30630, None, None"
2070220384,iwuliz,test: remove duplicate skip AIX,closed,2024-09-13T07:28:21Z,2024-09-15T07:32:56Z,2024-09-15T07:32:56Z,"test, author ready, needs-ci, dont-land-on-v20.x",main,remove-unnecessary-skip-aix,,,,,,,,,False,,27193779,"109660, 30630, None, None"
2069734450,avivkeller,test: merge knownGlobals in common,closed,2024-09-12T23:56:06Z,,2024-09-23T19:31:24Z,"test, needs-ci",main,patch-134,,,,,,,,,False,,27193779,"109660, 30630, None, None"
2069671317,avivkeller,src: parse dotenv with the rest of the options,open,2024-09-12T22:32:03Z,,,"c++, cli, needs-ci, dotenv",main,dotenv-fix-1,,,,,,,"targos, lemire",,False,,27193779,"109660, 30630, None, None"
2069604338,BennySalmuth,better,closed,2024-09-12T21:31:53Z,,2024-09-12T21:32:59Z,invalid,v3.x,main,,,,,,,,,False,,27193779,"109660, 30630, None, None"
2069541784,jasnell,src: move evp stuff to ncrypto,closed,2024-09-12T20:48:46Z,,2024-09-23T11:21:20Z,"crypto, lib / src, needs-ci, dependencies, dont-land-on-v20.x",main,move-evp-stuff-to-ncrypto,,,,,,,"mcollina, tniessen",,False,,27193779,"109660, 30630, None, None"
2069153927,mhdawson,test: adjust tls test for OpenSSL32,closed,2024-09-12T16:50:50Z,2024-09-14T16:55:41Z,2024-09-14T16:55:41Z,"test, author ready, needs-ci",main,openssl32-fixes-4,,,,,,,,,False,,27193779,"109660, 30630, None, None"
2068922467,haotaoyanzhuce,build: describe the fix when using ndk to compile android node.js on x86_64 host,closed,2024-09-12T14:55:33Z,,2024-09-18T13:17:47Z,"build, android",main,main,,,,,,,,,False,,27193779,"109660, 30630, None, None"
2068790760,jazelly,fs: translate error code properly in cpSync,closed,2024-09-12T14:01:34Z,2024-09-16T12:41:55Z,2024-09-16T12:41:55Z,"c++, fs, author ready, needs-ci, dont-land-on-v20.x",main,translate-fs-errors,,,,,,,,,False,,27193779,"109660, 30630, None, None"
2068694847,marco-ippolito,benchmark: create benchmark for typescript,closed,2024-09-12T13:21:28Z,2024-09-25T17:25:18Z,2024-09-25T17:25:18Z,"benchmark, strip-types",main,benchmark/bench-strip-transform-types,,,,,,,RafaelGSS,,False,,27193779,"109660, 30630, None, None"
2068675031,mhdawson,test: fix test test-tls-dhe for OpenSSL32,closed,2024-09-12T13:12:06Z,2024-09-14T13:25:25Z,2024-09-14T13:25:25Z,"test, needs-ci, commit-queue-squash",main,openssl32-fixes-3,,,,,,,,,False,,27193779,"109660, 30630, None, None"
2068659959,lpinca,test: deflake test-dns,closed,2024-09-12T13:04:50Z,2024-09-14T14:09:12Z,2024-09-14T14:09:12Z,"dns, test, needs-ci",main,deflake/test-dns,,,,,,,,,False,,27193779,"109660, 30630, None, None"
2068578312,huseyinacacak-janea,test: fix test-http2-socket-close.js,closed,2024-09-12T12:25:49Z,2024-09-14T16:01:57Z,2024-09-14T16:01:57Z,"test, author ready, needs-ci",main,huseyin-12529-flaky-test-http2-socket-close,,,,,,,,,False,,27193779,"109660, 30630, None, None"
2068487566,avivkeller,"doc, build: fixup build docs",closed,2024-09-12T11:39:50Z,2024-09-14T11:45:38Z,2024-09-14T11:45:39Z,"doc, build, commit-queue-squash",main,patch-132,,,,,,,,,False,,27193779,"109660, 30630, None, None"
2068288633,marco-ippolito,doc: add documentation for process.features,closed,2024-09-12T10:03:26Z,2024-09-14T10:09:53Z,2024-09-14T10:09:54Z,"doc, process, author ready, commit-queue-squash, backport-requested-v20.x, backport-open-v20.x",main,fix/document-process-features,,,,,,,,,False,,27193779,"109660, 30630, None, None"
2068004075,yolanda15,"v8,tools: expose experimental wasm revectorize feature",closed,2024-09-12T07:48:42Z,2024-12-07T23:24:48Z,2024-12-07T23:24:48Z,"build, v8 engine, tools, author ready, needs-ci",main,enable_revec,,,,,,,,,False,,27193779,"109660, 30630, None, None"
2067638752,ShenHongFei,[canary-base] Fix compile-time errors caused by ambiguous V8 Block types,closed,2024-09-12T02:49:24Z,,2024-09-14T05:48:07Z,"v8 engine, needs-ci",canary-base,canary-base-fix,,,,,,,,,False,,27193779,"109660, 30630, None, None"
2067614399,ShenHongFei,[canary-base] Fix compile-time errors caused by ambiguous v8 Block types,closed,2024-09-12T02:27:16Z,,2024-09-12T02:42:18Z,"v8 engine, needs-ci",canary-base,patch-1,,,,,,,,,False,,27193779,"109660, 30630, None, None"
2067502598,avivkeller,tools: fix `non-ascii` eslint rule,closed,2024-09-12T00:26:46Z,,2024-09-12T00:47:28Z,"tools, needs-ci",main,non-ascii-fix,,,,,,,,,False,,27193779,"109660, 30630, None, None"
2067483551,avivkeller,tools: remove redudant code from eslint require rule,closed,2024-09-12T00:06:09Z,2024-09-23T20:23:05Z,2024-09-23T20:23:05Z,"tools, author ready",main,patch-131,,,,,,,,,False,,27193779,"109660, 30630, None, None"
2067402071,avivkeller,tools: remove unused eslint dep,closed,2024-09-11T23:02:34Z,,2024-09-11T23:28:24Z,tools,main,eslint-remove-babel,,,,,,,,,False,,27193779,"109660, 30630, None, None"
2066902417,syg,esm: remove --no-import-harmony-assertions,closed,2024-09-11T17:54:24Z,2024-09-13T17:58:10Z,2024-09-13T17:58:11Z,"c++, v8 engine, esm, author ready, needs-ci, dont-land-on-v18.x, dont-land-on-v20.x, dont-land-on-v22.x",main,rm-import-assertions-flag,,,,,,,,,False,,27193779,"109660, 30630, None, None"
2066647923,anonrig,events: set EventEmitterAsyncResource fields private,closed,2024-09-11T15:43:48Z,2024-09-17T03:55:21Z,2024-09-17T03:55:21Z,"events, semver-major, needs-ci",main,events-eventemitterasyncresource,,,,,,,ronag,,False,,27193779,"109660, 30630, None, None"
2066504229,pmarchini,test: add runner watch mode isolation tests,closed,2024-09-11T14:40:20Z,2024-09-20T13:41:40Z,2024-09-20T13:41:40Z,"test, author ready, commit-queue-squash, dont-land-on-v20.x",main,test/test-runner-watch-mode-isolation,,,,,,,,,False,,27193779,"109660, 30630, None, None"
2066312959,avivkeller,"doc, meta: fix broken link in `onboarding.md`",closed,2024-09-11T13:19:07Z,2024-09-12T06:35:07Z,2024-09-12T06:35:07Z,"doc, meta, fast-track, author ready",main,patch-129,,,,,,,,,False,,27193779,"109660, 30630, None, None"
2065456814,nodejs-github-bot,deps: patch V8 to 12.8.374.32,closed,2024-09-11T07:23:05Z,2024-09-13T07:31:12Z,2024-09-13T07:31:12Z,"v8 engine, author ready, needs-ci, dependencies, dont-land-on-v18.x, dont-land-on-v20.x, dont-land-on-v22.x",main,actions/update-v8-patch,,,,,,,,,False,,27193779,"109660, 30630, None, None"
2065341353,targos,[v22.x] deps: V8: cherry-pick 217457d0a560,closed,2024-09-11T06:34:39Z,2024-09-19T06:31:55Z,2024-09-19T06:31:55Z,"build, v8 engine, needs-ci, dont-land-on-v20.x, v22.x",v22.x-staging,fix-set-methods-v22,,,,,,,,,False,,27193779,"109660, 30630, None, None"
2064568698,cjihrig,test_runner: detect only tests when --test is not used,closed,2024-09-10T21:04:49Z,2024-09-15T14:20:59Z,2024-09-15T14:20:59Z,"semver-major, needs-ci, commit-queue-squash, test_runner",main,no-only,,,,,,,benjamingr,,False,,27193779,"109660, 30630, None, None"
2064474461,gabrielschulhof,src: add Cleanable class to Environment,closed,2024-09-10T20:30:54Z,2024-09-13T14:30:33Z,2024-09-13T14:30:33Z,"buffer, c++, lib / src, node-api",main,buffer-cleanup-hook,,,,,,,"santigimeno, addaleax, joyeecheung",,False,,27193779,"109660, 30630, None, None"
2063986812,Flarna,src: add async context frame to AsyncResource,closed,2024-09-10T17:58:55Z,,2024-09-16T09:01:11Z,"c++, semver-major, needs-ci, async_local_storage",main,async_resource_frame,,,,,,,,,False,,27193779,"109660, 30630, None, None"
2063689849,marco-ippolito,test_runner: support typescript module mocking,closed,2024-09-10T16:03:03Z,2024-09-19T13:36:52Z,2024-09-19T13:36:52Z,"esm, needs-ci, test_runner, dont-land-on-v20.x, strip-types",main,fix/mock-moduòe,,,,,,,,,False,,27193779,"109660, 30630, None, None"
2063670303,legendecas,node-api: add external buffer creation benchmark,closed,2024-09-10T15:53:07Z,2024-09-14T00:29:22Z,2024-09-14T00:29:22Z,"buffer, benchmark, node-api",main,node-api/external-buffer,,,,,,,,,False,,27193779,"109660, 30630, None, None"
2063657048,lemire,src: simplify string_bytes with views,closed,2024-09-10T15:47:07Z,2024-09-12T16:07:08Z,2024-09-12T16:07:08Z,"buffer, c++, author ready, needs-ci, commit-queue-squash, dont-land-on-v22.x",main,simplify_string_bytes_with_views,,,,,,,,,False,,27193779,"109660, 30630, None, None"
2063626845,arcanis,feat(http2): expose `nghttp2_option_set_stream_reset_rate_limit` as a `http2.createServer` option,closed,2024-09-10T15:33:11Z,2024-09-30T09:52:08Z,2024-09-30T09:52:08Z,"c++, semver-minor, lib / src, needs-ci, commit-queue-squash",main,mael/stream-reset-rate-limit,,,,,,,,,False,,27193779,"109660, 30630, None, None"
2063487795,anonrig,src: improve utf8 string generation performance,closed,2024-09-10T14:29:07Z,2024-09-17T00:19:46Z,2024-09-17T00:19:47Z,"c++, performance, commit-queue-squash, dont-land-on-v18.x, dont-land-on-v20.x, dont-land-on-v22.x",main,speed-up-utf8value,,,,,,,"addaleax, RafaelGSS",,False,,27193779,"109660, 30630, None, None"
2063241401,lpinca,test: deflake test-http2-misbehaving-multiplex,closed,2024-09-10T12:43:30Z,2024-09-12T15:48:14Z,2024-09-12T15:48:14Z,"test, needs-ci",main,deflake/test-http2-misbehaving-multiplex,,,,,,,,,False,,27193779,"109660, 30630, None, None"
2062192937,anonrig,test: use mocktracker in common,closed,2024-09-10T00:45:36Z,,2024-09-10T01:08:57Z,"test, needs-ci",main,yagiz/simplify-test-common,,,,,,,"aduh95, jasnell",,False,,27193779,"109660, 30630, None, None"
2062115344,avivkeller,repl: runtime deprecate instantiating without new,closed,2024-09-09T23:11:31Z,2024-11-07T08:03:05Z,2024-11-07T08:03:05Z,"util, repl, semver-major, author ready, deprecations, needs-ci, needs-citgm, commit-queue-squash",main,repl-deprecate-2,,,,,,,,,False,,27193779,"109660, 30630, None, None"
2062018710,aduh95,esm: throw `ERR_REQUIRE_ESM` instead of `ERR_INTERNAL_ASSERTION`,closed,2024-09-09T21:39:46Z,2024-09-11T21:48:03Z,2024-09-11T21:48:03Z,"esm, author ready, needs-ci, backport-open-v20.x",main,fix-assertion-error,,,,,,,joyeecheung,,False,,27193779,"109660, 30630, None, None"
2061452055,aduh95,doc: add support link for aduh95,closed,2024-09-09T15:55:54Z,2024-09-11T16:03:21Z,2024-09-11T16:03:21Z,"doc, meta, author ready",main,please-support-me,,,,,,,,,False,,27193779,"109660, 30630, None, None"
2061441591,avivkeller,util: update ansi regex,closed,2024-09-09T15:50:14Z,,2024-09-21T16:28:18Z,"util, author ready, commit-queue-rebase",main,patch-128,,,,,,,,,False,,27193779,"109660, 30630, None, None"
2061131901,jazelly,http: reduce likelihood of race conditions on keep-alive timeout,closed,2024-09-09T13:30:20Z,,2024-09-13T15:45:28Z,"http, needs-ci",main,fix-54293,,,,,,,ShogunPanda,,False,,27193779,"109660, 30630, None, None"
2061128070,puskin94,assert: make assertion_error user myers diff algorithm,closed,2024-09-09T13:28:43Z,2024-10-17T16:02:54Z,2024-10-17T16:02:54Z,"assert, util, semver-minor, author ready, needs-ci, needs-benchmark-ci, lts-watch-v20.x, backported-to-v22.x",main,make-assert-errors-use-myers-diff,,,,,,,,,False,,27193779,"109660, 30630, None, None"
2060747903,lpinca,test: remove dead code in test-http2-misbehaving-multiplex,closed,2024-09-09T10:25:07Z,2024-09-12T05:47:54Z,2024-09-12T05:47:54Z,"test, http2, needs-ci",main,remove/dead-code,,,,,,,,,False,,27193779,"109660, 30630, None, None"
2060303688,anilhelvaci,net: defer self.destroy calls to nextTick,open,2024-09-09T06:50:00Z,,,"net, needs-ci",main,fix-48771-net-exception-with-tests,,,,,,,,,False,,27193779,"109660, 30630, None, None"
2060038495,cjihrig,test_runner: improve code coverage cleanup,closed,2024-09-09T02:37:51Z,2024-09-11T02:50:28Z,2024-09-11T02:50:28Z,"c++, lib / src, author ready, coverage, test_runner",main,coverage-cleanup,,,,,,,,,False,,27193779,"109660, 30630, None, None"
2059924934,github-actions[bot],doc: run license-builder,closed,2024-09-09T00:07:11Z,2024-09-09T14:33:37Z,2024-09-09T14:33:38Z,"meta, fast-track",main,actions/license-builder,,,,,,,,,False,,27193779,"109660, 30630, None, None"
2059873754,aduh95,lib: move `Symbol[Async]Dispose` polyfills to `internal/util`,closed,2024-09-08T21:15:28Z,2024-09-10T21:24:57Z,2024-09-10T21:24:57Z,"lib / src, author ready, needs-ci, backport-open-v20.x",main,symbol-async-dispose,,,,,,,,,False,,27193779,"109660, 30630, None, None"
2059861583,avivkeller,test: deflake `test-shadow-realm-gc`,closed,2024-09-08T20:29:27Z,,2024-09-08T20:31:19Z,"test, needs-ci",main,deflake-gc,,,,,,,,,False,,27193779,"109660, 30630, None, None"
2059860954,cjihrig,test_runner: add 'test:summary' event,closed,2024-09-08T20:27:10Z,2024-09-21T17:41:52Z,2024-09-21T17:41:52Z,"semver-minor, author ready, commit-queue-squash, test_runner",main,summary,,,,,,,,,False,,27193779,"109660, 30630, None, None"
2059805372,Roohulislam,Update README.md,closed,2024-09-08T17:19:21Z,,2024-09-08T17:31:36Z,invalid,main,main,,,,,,,,,False,,27193779,"109660, 30630, None, None"
2059782736,anonrig,tools: refactor js2c.cc to use c++20,closed,2024-09-08T16:08:34Z,2024-09-19T19:21:21Z,2024-09-19T19:21:21Z,"c++, tools, commit-queue-squash, dont-land-on-v18.x, dont-land-on-v20.x",main,tools-simplify,,,,,,,jasnell,,False,,27193779,"109660, 30630, None, None"
2059693070,islandryu,repl: avoid interpreting 'npm' as a command when errors are recoverable,closed,2024-09-08T11:49:22Z,2024-09-15T13:25:19Z,2024-09-15T13:25:19Z,"repl, author ready, commit-queue-squash",main,fix/repl-npm,,,,,,,,,False,,27193779,"109660, 30630, None, None"
2059586075,jazelly,lib: remove unnecessary async in function aborted,closed,2024-09-08T06:13:05Z,,2024-09-08T07:50:51Z,needs-ci,main,remove-async-abort,,,,,,,,,True,,27193779,"109660, 30630, None, None"
2059517633,nodejs-github-bot,deps: update cjs-module-lexer to 1.4.1,closed,2024-09-08T00:31:45Z,2024-09-14T14:31:45Z,2024-09-14T14:31:45Z,"lib / src, author ready, needs-ci, dependencies",main,actions/tools-update-cjs-module-lexer,,,,,,,,,False,,27193779,"109660, 30630, None, None"
2059517626,nodejs-github-bot,deps: update corepack to 0.29.4,closed,2024-09-08T00:31:44Z,2024-09-17T14:32:51Z,2024-09-17T14:32:51Z,"author ready, needs-ci, dependencies, backported-to-v18.x",main,actions/tools-update-corepack,,,,,,,,,False,,27193779,"109660, 30630, None, None"
2059517560,jasnell,test: move test-fs-utimes to sequential,closed,2024-09-08T00:31:27Z,,2024-09-26T20:04:17Z,"fs, test, author ready, needs-ci",main,move-test-fs-utimes-sequential,,,,,,,,,False,,27193779,"109660, 30630, None, None"
2059493899,anonrig,test: reduce `test-debugger-heap-profiler` duration,closed,2024-09-07T22:38:10Z,,2024-09-08T14:47:20Z,"test, needs-ci",main,improve-heap-profiler,,,,,,,,,False,,27193779,"109660, 30630, None, None"
2059493183,avivkeller,repl: doc-deprecate instantiating `node:repl` classes without `new`,closed,2024-09-07T22:34:35Z,2024-09-09T22:37:48Z,2024-09-09T22:37:48Z,"doc, repl, notable-change, author ready, deprecations",main,deprecate-repl-without-new,,,,,,,,,False,,27193779,"109660, 30630, None, None"
2059480888,jasnell,test: remove test-http-server-request-timeouts-mixed from parallel.st…,closed,2024-09-07T21:34:08Z,,2024-09-10T14:20:02Z,"test, fast-track, author ready, needs-ci",main,remove-test-from-parallel-status,,,,,,,,,False,,27193779,"109660, 30630, None, None"
2059470769,jasnell,test: reduce stack size for test-error-serdes,closed,2024-09-07T21:00:41Z,,2024-09-11T22:31:59Z,"test, author ready, needs-ci, dont-land-on-v20.x",main,limit-stack-size-error-serdes,,,,,,,"targos, joyeecheung",,False,,27193779,"109660, 30630, None, None"
2059437735,jasnell,test: reduce the allocation size in test-worker-arraybuffer-zerofill,closed,2024-09-07T19:34:23Z,,2024-09-12T05:22:56Z,"test, author ready, needs-ci",main,cleanup-test-worker-arraybuffer-zerofill,,,,,,,,,False,,27193779,"109660, 30630, None, None"
2059423790,avivkeller,repl: convert to ES2015 class,closed,2024-09-07T18:40:57Z,,2024-09-23T19:28:39Z,"repl, semver-major, blocked, needs-ci",main,repl-refactor,,,,,,,,,True,,27193779,"109660, 30630, None, None"
2059367758,anonrig,"lib,src: use built-in array buffer detach, transfer",closed,2024-09-07T17:38:52Z,2024-09-16T00:32:04Z,2024-09-16T00:32:04Z,"lib / src, author ready, needs-ci, dont-land-on-v18.x, dont-land-on-v20.x",main,yagiz/use-array-buffer-transfer,,,,,,,richardlau,,False,,27193779,"109660, 30630, None, None"
2059335113,anonrig,lib: refactor project to use `Promise.withResolvers`,closed,2024-09-07T17:17:28Z,2024-10-19T08:13:59Z,2024-10-19T08:13:59Z,"lib / src, promises, author ready, needs-ci, needs-benchmark-ci, commit-queue-squash, dont-land-on-v18.x, dont-land-on-v20.x, backported-to-v22.x",main,get-rid-of-deferred-promise,,,,,,,"lpinca, targos, atlowChemi",,False,,27193779,"109660, 30630, None, None"
2059318452,HBSPS,path: remove repetitive conditional operator in `posix.resolve`,closed,2024-09-07T17:05:01Z,2024-09-18T12:18:25Z,2024-09-18T12:18:25Z,"path, needs-ci, needs-benchmark-ci",main,path-resolve-posix,,,,,,,,,False,,27193779,"109660, 30630, None, None"
2059316938,anonrig,fs: refactor rimraf to avoid using primordials,closed,2024-09-07T17:03:14Z,2024-09-10T02:32:57Z,2024-09-10T02:32:57Z,"fs, author ready, needs-ci",main,refactor-rimraf,,,,,,,,,False,,27193779,"109660, 30630, None, None"
2059301121,anonrig,fs: refactor and improve `cpSync`,open,2024-09-07T16:51:01Z,,,"c++, fs, baking-for-lts, needs-ci",main,yagiz/optimize-fs-cpsync,,,,,,,"ronag, RafaelGSS, Ethan-Arrowood, joyeecheung",,False,,27193779,"109660, 30630, None, None"
2059179980,cjihrig,test_runner: detect only tests when isolation is off,closed,2024-09-07T15:21:40Z,2024-09-12T16:57:46Z,2024-09-12T16:57:46Z,"experimental, author ready, commit-queue-failed, commit-queue-rebase, test_runner, dont-land-on-v20.x",main,isolation-only,,,,,,,,,False,,27193779,"109660, 30630, None, None"
2059142458,jasnell,src: move more stuff over to use Maybe<void>,closed,2024-09-07T14:54:12Z,,2024-09-26T19:59:34Z,"c++, lib / src, needs-ci, dont-land-on-v20.x",main,use-maybevoid-more,,,,,,,addaleax,,False,,27193779,"109660, 30630, None, None"
2059114602,jakecastelli,lib: remove unnecessary async,closed,2024-09-07T14:34:18Z,2024-09-14T14:31:29Z,2024-09-14T14:31:29Z,"author ready, needs-ci, web streams",main,remove-async,,,,,,,,,False,,27193779,"109660, 30630, None, None"
2059088296,lpinca,test: add missing await,closed,2024-09-07T14:09:59Z,2024-09-13T18:36:02Z,2024-09-13T18:36:02Z,"test, needs-ci",main,add/missing-await,,,,,,,,,False,,27193779,"109660, 30630, None, None"
2059070528,lpinca,test: reduce test-esm-loader-hooks-inspect-wait flakiness,closed,2024-09-07T13:14:35Z,2024-09-12T05:47:44Z,2024-09-12T05:47:44Z,"test, needs-ci",main,deflake/test-esm-loader-hooks-inspect-wait,,,,,,,,,False,,27193779,"109660, 30630, None, None"
2059005388,jazelly,lib: propagate aborted state to dependent signals before firing events,closed,2024-09-07T09:27:25Z,,2024-09-21T16:07:30Z,"semver-minor, notable-change, author ready, needs-ci, abortcontroller, commit-queue-rebase, web-standards",main,fix-54466,,,,,,,,,False,,27193779,"109660, 30630, None, None"
2058830370,avivkeller,test: remove unused common utilities,closed,2024-09-07T00:52:52Z,,2024-09-21T16:11:30Z,"test, author ready, needs-ci",main,remove-extra-common,,,,,,,,,False,,27193779,"109660, 30630, None, None"
2058701512,avivkeller,repl: refactor for readability,closed,2024-09-06T21:20:47Z,,2024-09-07T17:56:24Z,"wip, repl, needs-ci",main,repl-refactor,,,,,,,aduh95,,True,,27193779,"109660, 30630, None, None"
2058701378,Qard,test: fix Windows async-context-frame memory failure,closed,2024-09-06T21:20:38Z,2024-09-08T14:21:19Z,2024-09-08T14:21:19Z,"test, fast-track, author ready, dont-land-on-v20.x, async_local_storage",main,fix-async-context-frame-window-failure,,,,,,,,,False,,27193779,"109660, 30630, None, None"
2058631476,tniessen,doc: fix typo in recognizing-contributors,closed,2024-09-06T20:14:47Z,2024-09-06T22:31:13Z,2024-09-06T22:31:13Z,"doc, fast-track",main,doc-recognition-typo-revelant,,,,,,,,,False,,27193779,"109660, 30630, None, None"
2058424986,dependabot[bot],tools: bump the eslint group in /tools/eslint with 7 updates,closed,2024-09-06T17:33:55Z,2024-09-19T00:00:25Z,2024-09-19T00:00:26Z,"tools, author ready, dependencies, dont-land-on-v20.x, javascript",main,dependabot/npm_and_yarn/tools/eslint/eslint-f301fefaa4,,,,,,,,,False,,27193779,"109660, 30630, None, None"
2058423897,dependabot[bot],meta: bump peter-evans/create-pull-request from 6.1.0 to 7.0.1,closed,2024-09-06T17:32:59Z,2024-09-08T17:42:20Z,2024-09-08T17:42:20Z,"meta, author ready, dependencies, github_actions",main,dependabot/github_actions/peter-evans/create-pull-request-7.0.1,,,,,,,,,False,,27193779,"109660, 30630, None, None"
2058400113,jasnell,test: split up test-async-context-frame into individual tests,closed,2024-09-06T17:15:13Z,,2024-09-07T22:41:05Z,"test, async_hooks, needs-ci",main,test-async-context-frame-split,,,,,,,"Qard, cjihrig",,False,,27193779,"109660, 30630, None, None"
2058366250,anonrig,test: reduce fs calls in test-fs-existssync-false,closed,2024-09-06T16:49:44Z,2024-09-11T21:22:54Z,2024-09-11T21:22:54Z,"fs, test, author ready, needs-ci",main,test-fs-existssync,,,,,,,"benjamingr, jasnell, mcollina",,False,,27193779,"109660, 30630, None, None"
2058328037,anonrig,test: remove need to make fs call for zlib test,closed,2024-09-06T16:25:11Z,2024-09-12T05:05:47Z,2024-09-12T05:05:47Z,"fs, zlib, test, author ready, commit-queue-failed, dont-land-on-v20.x",main,zlib-flush-test,,,,,,,"benjamingr, aduh95",,False,,27193779,"109660, 30630, None, None"
2058317045,avivkeller,test_runner: report coverage thresholds in `test:coverage`,closed,2024-09-06T16:17:34Z,2024-09-13T13:31:37Z,2024-09-13T13:31:38Z,"semver-minor, author ready, coverage, commit-queue-squash, test_runner, dont-land-on-v20.x",main,report-coverage-thresholds,,,,,,,,,False,,27193779,"109660, 30630, None, None"
2058180352,jasnell,test: mark test-esm-loader-hooks-inspect-wait as flaky,closed,2024-09-06T14:54:11Z,,2024-09-06T15:06:49Z,"test, needs-ci",main,mark-test-esm-loader-hooks-inspect-wait-flaky,,,,,,,"mcollina, anonrig",,False,,27193779,"109660, 30630, None, None"
2058172051,jasnell,test: mark test-inspector-connect-to-main-thread as flaky,closed,2024-09-06T14:49:20Z,,2024-09-06T15:07:08Z,"test, needs-ci",main,mark-inspector-connect-to-main-thread-flaky,,,,,,,"anonrig, mcollina",,False,,27193779,"109660, 30630, None, None"
2058156934,anonrig,set several tests as flaky,closed,2024-09-06T14:40:33Z,,2024-09-07T00:03:25Z,"test, fast-track, needs-ci, commit-queue-rebase, dont-land-on-v20.x",main,set-flaky-tests-2024,,,,,,,"mcollina, targos, aduh95, richardlau, lpinca",,False,,27193779,"109660, 30630, None, None"
2057991674,anonrig,buffer: improve `toJSON` performance,closed,2024-09-06T13:11:41Z,,2024-11-28T17:34:07Z,"buffer, needs-ci, needs-benchmark-ci",main,yagiz/improve-buffer-json,,,,,,,"mcollina, jasnell, ronag",,False,,27193779,"109660, 30630, None, None"
2057284833,ronag,buffer: use simdutf convert_latin1_to_utf8_safe,closed,2024-09-06T06:24:24Z,2024-09-18T18:39:02Z,2024-09-18T18:39:02Z,"buffer, c++, needs-ci, backport-requested-v20.x",main,convert_latin1_to_utf8_safe,,,,,,,,,False,,27193779,"109660, 30630, None, None"
2056732877,giancorderoortiz,[v20.x] deps: V8: backport 2944ee9846e7 (CVE-2024-4947) ,closed,2024-09-05T23:18:44Z,,2025-01-22T13:12:03Z,"build, v8 engine, security, needs-ci, v20.x, backport-blocked-v20.x",v20.x-staging,v20.x-staging,,,,,,,,,False,,27193779,"109660, 30630, None, None"
2056384779,tniessen,doc: fix typo in module.md,closed,2024-09-05T20:00:46Z,2024-09-05T23:11:54Z,2024-09-05T23:11:54Z,"doc, module, fast-track, author ready, dont-land-on-v20.x",main,doc-module-typo-environment,,,,,,,,,False,,27193779,"109660, 30630, None, None"
2056212208,giancorderoortiz,[v18.x] deps: V8: backport 2944ee9846e7 (V18.x CVE-2024-4947),closed,2024-09-05T18:02:11Z,,2025-02-10T16:44:12Z,"build, v8 engine, security, needs-ci, v18.x",v18.x-staging,v18.x-staging,,,,,,,,,False,,27193779,"109660, 30630, None, None"
2056191663,mhdawson,doc: update documentation for externalizing deps,closed,2024-09-05T17:49:12Z,,2024-09-16T15:42:35Z,"doc, commit-queue-squash",main,update-externalization-doc,,,,,,,,,False,,27193779,"109660, 30630, None, None"
2055862622,jazelly,lib: make WeakRef safe in abort_controller,closed,2024-09-05T14:51:59Z,,2024-09-13T15:08:29Z,"author ready, needs-ci",main,safe-weak-ref,,,,,,,,,False,,27193779,"109660, 30630, None, None"
2055860705,addaleax,tls: add `allowPartialTrustChain` flag,closed,2024-09-05T14:51:05Z,,2024-09-09T15:24:45Z,"tls, c++, semver-minor, lib / src, notable-change, author ready, needs-ci, commit-queue-rebase",main,X509_V_FLAG_PARTIAL_CHAIN-node-36453,,,,,,,,,False,,27193779,"109660, 30630, None, None"
2055802725,marco-ippolito,doc: add support link for marco-ippolito,closed,2024-09-05T14:26:30Z,2024-09-06T05:12:30Z,2024-09-06T05:12:30Z,"doc, meta, fast-track, author ready",main,feat/add-sponsor-me,,,,,,,,,False,,27193779,"109660, 30630, None, None"
2055206296,mcollina,doc: add support link for mcollina,closed,2024-09-05T09:44:53Z,2024-09-07T09:47:13Z,2024-09-07T09:47:13Z,"doc, meta, author ready",main,add-mcollina-github-sponsor,,,,,,,,,False,,27193779,"109660, 30630, None, None"
2055054906,daeyeon,build: fix conflicting V8 object print flags,closed,2024-09-05T08:29:50Z,,2024-09-13T15:26:03Z,"build, author ready, needs-ci",main,main.build-v8-object-print-240904.Wed.be2b,,,,,,,,,False,,27193779,"109660, 30630, None, None"
2054811032,jazelly,fs: check subdir properly in cpSync,closed,2024-09-05T06:12:25Z,,2024-09-05T10:54:42Z,"duplicate, c++, fs, author ready, needs-ci",main,fix-fs-cp-subdir,,,,,,,anonrig,,False,,27193779,"109660, 30630, None, None"
2054436679,tniessen,sqlite: enable foreign key constraints by default,closed,2024-09-04T22:43:06Z,2024-10-06T15:57:23Z,2024-10-06T15:57:23Z,"c++, needs-ci, dont-land-on-v20.x, sqlite",main,sqlite-foreign-keys,,,,,,,,,False,,27193779,"109660, 30630, None, None"
2054433507,avivkeller,test_runner: reimplement `assert.ok` to allow stack parsing,closed,2024-09-04T22:39:16Z,2024-09-15T15:53:18Z,2024-09-15T15:53:18Z,"assert, author ready, test_runner",main,test-runner-assert-stack,,,,,,,,,False,,27193779,"109660, 30630, None, None"
2054370301,jasnell,src: switch crypto APIs to use Maybe<void>,closed,2024-09-04T21:42:03Z,,2024-09-12T03:07:59Z,"c++, lib / src, author ready, needs-ci, dont-land-on-v20.x",main,crypto-additionalconfig-justvoid,,,,,,,"targos, tniessen",,False,,27193779,"109660, 30630, None, None"
2054044114,benjamingr,perf_hooks: fix rangeerror,open,2024-09-04T18:12:25Z,,,"perf_hooks, needs-ci",main,fix-observe-large-arrays,,,,,,,,,False,,27193779,"109660, 30630, None, None"
2053963756,gurgunday,lib: (timers) make arguments array PACKED in all cases,closed,2024-09-04T17:18:00Z,2024-09-10T12:48:04Z,2024-09-10T12:48:04Z,"timers, author ready, needs-ci, needs-benchmark-ci",main,push,,,,,,,,,False,,27193779,"109660, 30630, None, None"
2053937315,joyeecheung,module: refator ESM loader for adding future synchronous hooks,closed,2024-09-04T17:00:47Z,2024-09-17T18:38:33Z,2024-09-17T18:38:33Z,"esm, needs-ci, backport-requested-v20.x",main,sync-hooks-base,,,,,,,,,False,,27193779,"109660, 30630, None, None"
2053889734,luketaher,perf_hooks: add missing type argument to getEntriesByName,closed,2024-09-04T16:30:50Z,2024-09-24T19:39:52Z,2024-09-24T19:39:52Z,"performance, author ready",main,perf/fix-entries-by-name-args,,,,,,,,,False,,27193779,"109660, 30630, None, None"
2053645775,daeyeon,src: fix unhandled error in structuredClone,closed,2024-09-04T14:35:53Z,2024-09-07T23:05:00Z,2024-09-07T23:05:00Z,"c++, author ready, dont-land-on-v20.x, web-standards",main,main.structured-clone-240904.Wed.9de6,,,,,,,,,False,,27193779,"109660, 30630, None, None"
2053408327,joyeecheung,doc: fix typo in CppgcMixin docs,closed,2024-09-04T12:55:37Z,2024-09-05T17:45:27Z,2024-09-05T17:45:27Z,"c++, doc, lib / src, fast-track, dont-land-on-v18.x, dont-land-on-v20.x, dont-land-on-v22.x",main,fix-doc,,,,,,,,,False,,27193779,"109660, 30630, None, None"
2053335918,omerktz,cli: remove deprecated v8 flags,closed,2024-09-04T12:25:33Z,,2024-09-21T08:53:41Z,"semver-major, v8 engine, test, needs-ci, commit-queue-failed",main,fix_test,,,,,,,,,False,,27193779,"109660, 30630, None, None"
2052965975,puskin94,assert: show the diff when deep comparing data with a custom message,closed,2024-09-04T09:32:02Z,,2024-09-28T15:11:17Z,"assert, needs-ci",main,show-diff-in-comparison-with-custom-message,,,,,,,BridgeAR,,False,,27193779,"109660, 30630, None, None"
2052761832,bharath063,build: fix devcontainer for arm64 machines,closed,2024-09-04T07:50:35Z,,2024-09-04T12:21:07Z,arm,main,devcontainers-arm64-fix,,,,,,,,,False,,27193779,"109660, 30630, None, None"
2052387921,RafaelGSS,meta: ping @nodejs/performance on bench changes,closed,2024-09-04T02:21:31Z,2024-09-06T02:28:59Z,2024-09-06T02:28:59Z,"meta, benchmark, author ready, dont-land-on-v20.x",main,ping-performance-team-bench-changes,,,,,,,,,False,,27193779,"109660, 30630, None, None"
2052386464,jasnell,src: eliminate ManagedEVPPkey,closed,2024-09-04T02:19:56Z,,2024-09-11T14:41:25Z,"c++, lib / src, author ready, needs-ci, dont-land-on-v20.x",main,eliminate-managedevppkey,,,,,,,"mcollina, tniessen",,False,,27193779,"109660, 30630, None, None"
2052109658,avivkeller,"repl: runtime deprecate `inputStream`, `outputStream` and `_builtinLibs`",closed,2024-09-03T21:38:54Z,,2024-09-24T20:07:59Z,"repl, semver-major, deprecations, needs-ci, needs-citgm",main,repl-runtime-dep,,,,,,,,,False,,27193779,"109660, 30630, None, None"
2052090622,avivkeller,doc: remove `parseREPLKeyword` from REPL documentation,closed,2024-09-03T21:25:44Z,2024-09-22T19:08:53Z,2024-09-22T19:08:53Z,"doc, repl, author ready, deprecations",main,patch-127,,,,,,,,,False,,27193779,"109660, 30630, None, None"
2052039558,KhafraDev,esm: use undici/fetch data url parser,closed,2024-09-03T20:49:28Z,2024-09-07T08:22:04Z,2024-09-07T08:22:04Z,"esm, author ready, needs-ci, fetch, backport-requested-v20.x",main,data-url-fetch-parser,,,,,,,,,False,,27193779,"109660, 30630, None, None"
2052036511,RafaelGSS,benchmark: add access async version to bench,closed,2024-09-03T20:47:30Z,2024-09-05T20:56:54Z,2024-09-05T20:56:54Z,"fs, benchmark, author ready",main,add-access-async,,,,,,,,,False,,27193779,"109660, 30630, None, None"
2051989331,RafaelGSS,benchmark: enhance dc publish benchmark,closed,2024-09-03T20:14:16Z,2024-09-05T20:21:24Z,2024-09-05T20:21:24Z,"benchmark, author ready, diagnostics_channel, commit-queue-squash",main,improve-diagnostic-channel-publish-bench,,,,,,,,,False,,27193779,"109660, 30630, None, None"
2051958600,RafaelGSS,tools: remove readability/fn_size error throw,closed,2024-09-03T19:55:43Z,2024-09-07T22:55:34Z,2024-09-07T22:55:34Z,"c++, tools",main,tools-remove-fn-size-lint,,,,,,,,,False,,27193779,"109660, 30630, None, None"
2051941736,RafaelGSS,lib: add note about removing sys module,closed,2024-09-03T19:46:32Z,2024-09-05T19:53:52Z,2024-09-05T19:53:52Z,"util, meta, author ready, commit-queue-failed",main,drop-sys-module,,,,,,,,,False,,27193779,"109660, 30630, None, None"
2051719021,avivkeller,tools: update error message for ICU in license-builder,closed,2024-09-03T17:26:32Z,,2024-09-21T15:56:29Z,"tools, i18n-api, author ready, icu",main,patch-126,,,,,,,,,False,,27193779,"109660, 30630, None, None"
2051658204,RafaelGSS,benchmark: add isUtf8 and isAscii bench,closed,2024-09-03T16:44:33Z,,2024-09-06T17:46:52Z,"buffer, benchmark, author ready, commit-queue-rebase",main,add-buffer-benchmark,,,,,,,,,False,,27193779,"109660, 30630, None, None"
2051640451,mhdawson,test: fix test-tls-client-mindhsize for OpenSSL32,closed,2024-09-03T16:32:09Z,,2024-09-12T05:19:38Z,"test, needs-ci, commit-queue-failed",main,increase-dh-sizes-for-openssl21,,,,,,,,,False,,27193779,"109660, 30630, None, None"
2051523775,richardlau,build: turn off -Wrestrict,closed,2024-09-03T15:30:36Z,2024-09-04T07:14:17Z,2024-09-04T07:14:17Z,"build, fast-track, needs-ci, commit-queue-failed, commit-queue-squash",main,wno-restrict,,,,,,,,,False,,27193779,"109660, 30630, None, None"
2051451955,RafaelGSS,benchmark: add some assert benchmarks,closed,2024-09-03T14:54:59Z,,2024-09-05T15:02:33Z,"assert, benchmark, author ready, commit-queue-rebase",main,add-assert-benchmark,,,,,,,,,False,,27193779,"109660, 30630, None, None"
2051304028,jazelly,fs: respect dereference when copy symlink directory,closed,2024-09-03T13:48:05Z,2024-09-05T13:54:50Z,2024-09-05T13:54:50Z,"c++, fs, author ready, needs-ci, dont-land-on-v20.x",main,fix-54730,,,,,,,,,False,,27193779,"109660, 30630, None, None"
2050550867,huseyinacacak-janea,"build,win: add winget config to set up env",closed,2024-09-03T07:10:37Z,2024-09-30T15:17:20Z,2024-09-30T15:17:20Z,"windows, meta",main,huseyin-devhome-win-add-configuration,,,,,,,,,False,,27193779,"109660, 30630, None, None"
2050506806,pmarchini,test_runner: update kPatterns,closed,2024-09-03T06:43:22Z,2024-09-13T02:51:35Z,2024-09-13T02:51:35Z,"author ready, needs-ci, commit-queue-squash, test_runner, dont-land-on-v20.x",main,issue/54726,,,,,,,,,False,,27193779,"109660, 30630, None, None"
2050429438,iwuliz,typings: correct typings in SafePromisePrototypeFinally,closed,2024-09-03T05:37:26Z,2024-09-03T12:26:06Z,2024-09-03T12:26:06Z,"fast-track, author ready, typings",main,fix-safe-promise-jsdoc,,,,,,,,,False,,27193779,"109660, 30630, None, None"
2050024616,RafaelGSS,"benchmark,doc: add CPU scaling governor to perf",closed,2024-09-02T19:17:38Z,2024-09-04T19:21:18Z,2024-09-04T19:21:18Z,"author ready, commit-queue-squash",main,add-cpu-governor-performance,,,,,,,,,False,,27193779,"109660, 30630, None, None"
2049998856,RafaelGSS,"benchmark,doc: mention bar.R to the list of scripts",closed,2024-09-02T18:45:54Z,2024-09-04T18:53:02Z,2024-09-04T18:53:02Z,"benchmark, performance",main,include-bar.R-benchmark-doc,,,,,,,,,False,,27193779,"109660, 30630, None, None"
2049733998,tniessen,sqlite: make sourceSQL and expandedSQL string-valued properties,closed,2024-09-02T14:54:11Z,2024-10-06T17:58:22Z,2024-10-06T17:58:22Z,"c++, needs-ci, dont-land-on-v20.x, sqlite",main,sqlite-sourcesql-expandedsql-properties,,,,,,,,,False,,27193779,"109660, 30630, None, None"
2049695573,avivkeller,meta: update sccache to v0.8.1,closed,2024-09-02T14:33:52Z,2024-09-04T14:39:41Z,2024-09-04T14:39:42Z,"meta, author ready",main,update-sccache,,,,,,,,,False,,27193779,"109660, 30630, None, None"
2048813113,jazelly,lib: convert signals to array before validation,closed,2024-09-02T06:43:28Z,2024-09-06T17:40:21Z,2024-09-06T17:40:21Z,"crypto, author ready, needs-ci, dont-land-on-v20.x, web-standards",main,fix-abort-any,,,,,,,,,False,,27193779,"109660, 30630, None, None"
2048735538,nodejs-github-bot,deps: update cjs-module-lexer to 1.4.0,closed,2024-09-02T05:42:12Z,2024-09-06T22:41:00Z,2024-09-06T22:41:00Z,"lib / src, needs-ci, dependencies, commit-queue-squash",main,actions/tools-update-cjs-module-lexer,,,,,,,,,False,,27193779,"109660, 30630, None, None"
2048643288,tannal,url: add V8 Fast API for Blob RevokeObjectURL,open,2024-09-02T03:58:55Z,,,"c++, whatwg-url, needs-ci, needs-benchmark-ci",main,blob-fast-api,,,,,,,,,False,,27193779,"109660, 30630, None, None"
2048600793,anonrig,lib: use `ObjectHasOwn` instead of alternatives,closed,2024-09-02T02:59:37Z,,2024-09-02T23:35:08Z,"lib / src, needs-ci, dont-land-on-v18.x",main,has-own-primordial,,,,,,,,,False,,27193779,"109660, 30630, None, None"
2048495995,anonrig,os: improve `tmpdir` performance,closed,2024-09-02T00:32:24Z,2024-09-11T14:46:30Z,2024-09-11T14:46:30Z,"c++, os, author ready, needs-ci, needs-benchmark-ci, dont-land-on-v20.x",main,yagiz/improve-tmpdir-performance,,,,,,,"targos, jasnell",,False,,27193779,"109660, 30630, None, None"
2048471586,anonrig,zlib: deprecate instantiating classes without new,closed,2024-09-01T23:45:04Z,2024-09-05T16:25:34Z,2024-09-05T16:25:34Z,"doc, zlib, notable-change, deprecations, commit-queue-squash",main,yagiz/deprecate-zlib-classes-documentation-only,,,,,,,aduh95,,False,,27193779,"109660, 30630, None, None"
2048409588,Shamsherkhan7549,Update README.md,closed,2024-09-01T20:35:02Z,,2024-09-01T21:09:45Z,invalid,main,main,,,,,,,,,False,,27193779,"109660, 30630, None, None"
2048385601,pmarchini,test_runner: add cwd option to run,closed,2024-09-01T19:23:51Z,2024-10-03T15:45:49Z,2024-10-03T15:45:49Z,"author ready, commit-queue-squash, test_runner, backport-requested-v22.x",main,feat/cwd-option-run,,,,,,,,,False,,27193779,"109660, 30630, None, None"
2048374601,dependabot[bot],meta: bump step-security/harden-runner from 2.9.0 to 2.9.1,closed,2024-09-01T18:52:06Z,2024-09-03T18:59:24Z,2024-09-03T18:59:24Z,"meta, author ready, dependencies",main,dependabot/github_actions/step-security/harden-runner-2.9.1,,,,,,,,,False,,27193779,"109660, 30630, None, None"
2048374564,dependabot[bot],meta: bump actions/upload-artifact from 4.3.4 to 4.4.0,closed,2024-09-01T18:52:01Z,2024-09-03T18:59:09Z,2024-09-03T18:59:09Z,"meta, author ready, dependencies",main,dependabot/github_actions/actions/upload-artifact-4.4.0,,,,,,,,,False,,27193779,"109660, 30630, None, None"
2048374521,dependabot[bot],meta: bump github/codeql-action from 3.25.15 to 3.26.6,closed,2024-09-01T18:51:55Z,2024-09-03T18:59:03Z,2024-09-03T18:59:03Z,"meta, author ready, dependencies",main,dependabot/github_actions/github/codeql-action-3.26.6,,,,,,,,,False,,27193779,"109660, 30630, None, None"
2048374515,dependabot[bot],meta: bump actions/setup-python from 5.1.1 to 5.2.0,closed,2024-09-01T18:51:53Z,,2024-09-02T19:00:04Z,duplicate,main,dependabot/github_actions/actions/setup-python-5.2.0,,,,,,,,,False,,27193779,"109660, 30630, None, None"
2048341390,anonrig,zlib: add typings for better dx,closed,2024-09-01T17:15:33Z,,2024-09-14T14:39:10Z,"zlib, author ready, needs-ci, commit-queue-failed, typings, dont-land-on-v20.x",main,yagiz/zlib-add-typings,,,,,,,"jasnell, lemire, benjamingr, mcollina",,False,,27193779,"109660, 30630, None, None"
2048332179,anonrig,zlib: throw brotli initialization error from c++,closed,2024-09-01T16:50:17Z,,2024-09-21T16:24:14Z,"c++, zlib, lib / src, needs-ci",main,yagiz/zlib-throw-err,,,,,,,"targos, addaleax, mcollina",,False,,27193779,"109660, 30630, None, None"
2048331834,avivkeller,test_runner: allow `--import` with no isolation,closed,2024-09-01T16:49:25Z,2024-09-09T22:51:36Z,2024-09-09T22:51:36Z,"needs-ci, commit-queue-squash, test_runner, dont-land-on-v20.x",main,allow-import-isolation,,,,,,,,,False,,27193779,"109660, 30630, None, None"
2048326198,avivkeller,meta: fix links in `SECURITY.md`,closed,2024-09-01T16:34:25Z,2024-09-03T16:38:28Z,2024-09-03T16:38:28Z,"doc, meta, security, author ready",main,patch-124,,,,,,,,,False,,27193779,"109660, 30630, None, None"
2048324004,anonrig,zlib: remove prototype primordials usage,closed,2024-09-01T16:28:21Z,2024-09-19T03:16:21Z,2024-09-19T03:16:21Z,"zlib, author ready, needs-ci, needs-benchmark-ci, commit-queue-squash, dont-land-on-v20.x",main,yagiz/remove-primordials-zlib,,,,,,,jasnell,,False,,27193779,"109660, 30630, None, None"
2048318692,anonrig,zlib: use new.target to check for instantiation,closed,2024-09-01T16:14:36Z,,2024-09-15T00:01:40Z,"zlib, semver-major, needs-ci, commit-queue-squash",main,yagiz/use-new-target,,,,,,,jasnell,,False,,27193779,"109660, 30630, None, None"
2048318415,avivkeller,meta: add `Windows ARM64` to flaky-tests list,closed,2024-09-01T16:13:56Z,2024-09-06T18:59:08Z,2024-09-06T18:59:09Z,"windows, meta, arm, commit-queue-squash",main,patch-123,,,,,,,,,False,,27193779,"109660, 30630, None, None"
2048313781,Trott,meta: bump actions/setup-python from 5.1.1 to 5.2.0,closed,2024-09-01T16:02:39Z,2024-09-04T17:58:22Z,2024-09-04T17:58:22Z,"meta, author ready",main,bump,,,,,,,,,False,,27193779,"109660, 30630, None, None"
2048286180,aduh95,esm: fix support for `URL` instances in `import.meta.resolve`,closed,2024-09-01T15:04:42Z,2024-09-09T23:00:34Z,2024-09-09T23:00:34Z,"esm, author ready, needs-ci",main,fix-resolve-url,,,,,,,,,False,,27193779,"109660, 30630, None, None"
2048276348,haotaoyanzhuce,build: describe the fix when using ndk to compile android node.js on x86_64 host,closed,2024-09-01T14:45:42Z,,2024-09-12T14:38:55Z,"build, android",main,main,,,,,,,,,False,,27193779,"109660, 30630, None, None"
2048242469,tniessen,sqlite: fix segfault in expandedSQL,closed,2024-09-01T13:34:26Z,2024-09-07T09:20:45Z,2024-09-07T09:20:45Z,"c++, author ready, needs-ci, dont-land-on-v20.x, sqlite",main,sqlite-fix-segfault-expandedsql,,,,,,,,,False,,27193779,"109660, 30630, None, None"
2048220894,tniessen,sqlite: remove unnecessary auto assignment,closed,2024-09-01T12:43:27Z,2024-09-05T20:56:47Z,2024-09-05T20:56:47Z,"c++, author ready, needs-ci, dont-land-on-v20.x, sqlite",main,sqlite-avoid-unnecessary-auto,,,,,,,,,False,,27193779,"109660, 30630, None, None"
2048169476,tniessen,doc: clarify expandedSQL behavior,closed,2024-09-01T10:53:07Z,2024-09-04T19:30:00Z,2024-09-04T19:30:00Z,"doc, author ready, dont-land-on-v20.x, sqlite",main,doc-sqlite-expanded-sql,,,,,,,,,False,,27193779,"109660, 30630, None, None"
2048132583,tniessen,doc: render type references in SQLite docs,closed,2024-09-01T09:41:52Z,2024-09-03T09:46:02Z,2024-09-03T09:46:02Z,"doc, author ready, dont-land-on-v20.x, sqlite",main,sqlite-use-type-refs-in-doc,,,,,,,,,False,,27193779,"109660, 30630, None, None"
2048100361,targos,[v22.x] src: handle errors correctly in webstorage,closed,2024-09-01T08:34:10Z,,2024-10-06T13:58:21Z,"c++, needs-ci, v22.x",v22.x-staging,backport-54544-v22,,,,,,,,,False,,27193779,"109660, 30630, None, None"
2048088278,targos,deps: patch V8 to 12.8.374.31,closed,2024-09-01T08:02:25Z,,2024-09-11T07:14:31Z,"build, v8 engine, author ready, needs-ci, commit-queue-rebase, dont-land-on-v18.x, dont-land-on-v20.x, dont-land-on-v22.x",main,v8-patch,,,,,,,,,False,,27193779,"109660, 30630, None, None"
2047931357,nodejs-github-bot,crypto: update root-certificates to 3.96,closed,2024-09-01T00:34:27Z,,2024-11-03T19:54:42Z,"crypto, c++, lib / src, notable-change, needs-ci",main,actions/tools-update-root-certificates,,,,,,,,,False,,27193779,"109660, 30630, None, None"
2047931323,nodejs-github-bot,deps: update ada to 2.9.2,closed,2024-09-01T00:34:23Z,2024-10-21T15:51:00Z,2024-10-21T15:51:00Z,"author ready, needs-ci, dependencies, commit-queue-squash",main,actions/tools-update-ada,,,,,,,,,False,,27193779,"109660, 30630, None, None"
2047931317,nodejs-github-bot,deps: update simdjson to 3.10.1,closed,2024-09-01T00:34:22Z,2024-11-21T13:21:41Z,2024-11-21T13:21:41Z,"author ready, needs-ci, dependencies, lts-watch-v20.x",main,actions/tools-update-simdjson,,,,,,,,,False,,27193779,"109660, 30630, None, None"
2047909483,avivkeller,"Revert ""console: colorize console error and warn""",closed,2024-08-31T23:22:59Z,2024-09-28T13:50:39Z,2024-09-28T13:50:39Z,"console, author ready, needs-ci, revert, lts-watch-v20.x",main,revert-console-color,,,,,,,MrJithil,,False,,27193779,"109660, 30630, None, None"
2047907482,anonrig,zlib: runtime deprecate initializing without new qualifier,closed,2024-08-31T23:12:22Z,,2024-09-23T22:05:10Z,"zlib, semver-major, deprecations, needs-ci",main,yagiz/deprecate-zlib-classes,,,,,,,,,False,,27193779,"109660, 30630, None, None"
2047739535,avivkeller,meta: remove limit and re-enable pull request stalebot,closed,2024-08-31T14:44:05Z,,2024-09-21T15:14:13Z,meta,main,patch-122,,,,,,,mhdawson,,False,,27193779,"109660, 30630, None, None"
2047734580,avivkeller,meta: add old issue stalebot,open,2024-08-31T14:33:49Z,,,"meta, commit-queue-squash",main,patch-119,,,,,,,mhdawson,,False,,27193779,"109660, 30630, None, None"
2047700082,sungpaks,test: improve test-internal-fs-syncwritestream,closed,2024-08-31T13:02:08Z,2024-09-14T14:31:13Z,2024-09-14T14:31:13Z,"test, author ready, needs-ci, commit-queue-squash",main,improve-tests-in-test-internal-fs-syncwritestream,,,,,,,,,False,,27193779,"109660, 30630, None, None"
2047484728,HBSPS,path: remove `StringPrototypeCharCodeAt` from some methods of `posix`,open,2024-08-31T03:06:51Z,,,"path, needs-ci, needs-benchmark-ci",main,path,,,,,,,,,False,,27193779,"109660, 30630, None, None"
2047055639,RafaelGSS,tools: remove readability/fn_size rule,closed,2024-08-30T18:56:57Z,2024-09-01T19:04:03Z,2024-09-01T19:04:03Z,"c++, tools, author ready",main,update-lint-rule,,,,,,,,,False,,27193779,"109660, 30630, None, None"
2046746677,avivkeller,meta: remove `build-windows.yml`,closed,2024-08-30T15:55:41Z,2024-09-18T07:45:00Z,2024-09-18T07:45:00Z,"windows, meta, dont-land-on-v20.x",main,patch-117,,,,,,,,,False,,27193779,"109660, 30630, None, None"
2046732501,avivkeller,doc: add `ERR_INVALID_ADDRESS` to `errors.md`,closed,2024-08-30T15:49:25Z,2024-09-07T23:16:40Z,2024-09-07T23:16:40Z,"doc, net, errors",main,patch-116,,,,,,,,,False,,27193779,"109660, 30630, None, None"
2046621082,vmoroz,node-api: use c-based api for libnode embedding,open,2024-08-30T14:57:48Z,,,"c++, lib / src, node-api, embedding, needs-ci",main,pr/node-api-libnode,,,,,,,,,True,,27193779,"109660, 30630, None, None"
2046568717,targos,tools: fix path of abseil file in v8.gyp,closed,2024-08-30T14:33:24Z,2024-09-17T11:47:08Z,2024-09-17T11:47:08Z,"v8 engine, tools, needs-ci, dont-land-on-v18.x, dont-land-on-v20.x, dont-land-on-v22.x",main,fix-absl,,,,,,,,,False,,27193779,"109660, 30630, None, None"
2046491349,jakecastelli,build: reclaim more disk space on macOS GHA runner,closed,2024-08-30T13:56:38Z,2024-08-30T17:21:10Z,2024-08-30T17:21:10Z,"meta, macos, fast-track, author ready",main,temp-fix-macos-runner-out-of-space,,,,,,,,,False,,27193779,"109660, 30630, None, None"
2046444342,marco-ippolito,test: check typescript loader,closed,2024-08-30T13:34:57Z,2024-12-23T20:34:19Z,2024-12-23T20:34:20Z,"wip, test, esm, needs-ci, strip-types",main,fix/hook/windows,,,,,,,,,False,,27193779,"109660, 30630, None, None"
2046432143,aduh95,tools: add util scripts to land and rebase PRs,closed,2024-08-30T13:29:10Z,2024-09-06T07:08:24Z,2024-09-06T07:08:24Z,"tools, author ready",main,util-scripts,,,,,,,,,False,,27193779,"109660, 30630, None, None"
2046130228,StefanStojanovic,"build,win: enable clang-cl compilation",closed,2024-08-30T11:01:38Z,2024-09-09T10:26:01Z,2024-09-09T10:26:01Z,"windows, build, v8 engine, tools, i18n-api, needs-ci, icu, dont-land-on-v20.x",main,mefi-clang-cl-compile,,,,,,,,,False,,27193779,"109660, 30630, None, None"
2045269749,jazelly,fs: fix cpSync crash on utf characters,closed,2024-08-30T01:18:47Z,,2024-09-21T16:13:32Z,"c++, fs, author ready, needs-ci, dont-land-on-v20.x",main,fix-cpsync-utf-fail,,,,,,,"anonrig, ShenHongFei, aduh95",,False,,27193779,"109660, 30630, None, None"
2045248150,jmsb02,doc: clarify Web Storage behavior,closed,2024-08-30T00:51:16Z,,2024-10-15T10:42:43Z,doc,main,clarify-web-storage-behavior,,,,,,,,,False,,27193779,"109660, 30630, None, None"
2045208963,jasnell,src: move kdf functions to ncrypto,closed,2024-08-30T00:07:06Z,,2024-09-07T02:45:58Z,"crypto, lib / src, needs-ci, dependencies, dont-land-on-v20.x",main,ncrypto-kdf,,,,,,,"mcollina, tniessen",,False,,27193779,"109660, 30630, None, None"
2045198295,Hasnain620,Update README.md,closed,2024-08-29T23:55:59Z,,2024-08-29T23:57:59Z,invalid,main,main,,,,,,,,,False,,27193779,"109660, 30630, None, None"
2045108770,joyeecheung,"module: implement the ""module-sync"" exports condition",closed,2024-08-29T22:52:20Z,2024-09-25T06:35:27Z,2024-09-25T06:35:27Z,"module, semver-minor, notable-change, esm, needs-ci, dont-land-on-v18.x, backport-open-v20.x",main,module-condition,,,,,,,,,False,,27193779,"109660, 30630, None, None"
2045016518,avivkeller,module: support `import()`-ing `blob:` urls,closed,2024-08-29T21:31:35Z,,2024-09-06T21:27:25Z,"module, semver-minor, notable-change, needs-ci, loaders, commit-queue-squash",main,blob-url-import,,,,,,,aduh95,,False,,27193779,"109660, 30630, None, None"
2044920729,mhdawson,deps: allow amaro to be externalizable,closed,2024-08-29T20:22:48Z,,2024-09-05T18:32:53Z,"lib / src, needs-ci, commit-queue-squash, dont-land-on-v20.x, strip-types",main,support-amaro-externalization,,,,,,,,,False,,27193779,"109660, 30630, None, None"
2044768433,sonsurim,fs: refactoring declaratively with the Array.fromAsync function,closed,2024-08-29T18:58:26Z,2024-09-27T09:59:10Z,2024-09-27T09:59:10Z,"fs, benchmark, author ready, needs-ci, needs-benchmark-ci, commit-queue-squash, dont-land-on-v18.x, dont-land-on-v20.x, dont-land-on-v22.x",main,refactor-glob,,,,,,,,,False,,27193779,"109660, 30630, None, None"
2044651216,KhafraDev,events: allow null/undefined eventInitDict,closed,2024-08-29T17:57:15Z,,2024-09-21T16:09:03Z,"author ready, needs-ci, eventtarget",main,null-undefined-eventinitdict,,,,,,,,,False,,27193779,"109660, 30630, None, None"
2044616633,KhafraDev,events: reset event state after dispatch,closed,2024-08-29T17:38:25Z,2024-09-18T15:41:22Z,2024-09-18T15:41:22Z,"author ready, needs-ci, eventtarget, commit-queue-rebase, web-standards",main,reset-event-after-dispatch,,,,,,,,,False,,27193779,"109660, 30630, None, None"
2044600635,avivkeller,meta: fix `contributing` codeowners,closed,2024-08-29T17:29:18Z,2024-08-31T17:33:25Z,2024-08-31T17:33:25Z,"meta, author ready",main,patch-115,,,,,,,,,False,,27193779,"109660, 30630, None, None"
2044590940,mhdawson,Fix typo,closed,2024-08-29T17:23:35Z,2024-08-31T17:33:09Z,2024-08-31T17:33:09Z,"doc, meta, author ready",main,fix-typo,,,,,,,,,False,,27193779,"109660, 30630, None, None"
2044564602,richardlau,build: explicitly set OpenSSL default TLS seclevel,open,2024-08-29T17:08:15Z,,,"build, openssl, needs-ci",main,setdefaultseclevel,,,,,,,,,False,,27193779,"109660, 30630, None, None"
2044268813,jmsb02,doc: clarify Web Storage behavior ,closed,2024-08-29T14:56:32Z,,2024-08-29T15:01:31Z,invalid,main,clarify-web-storage-behavior,,,,,,,,,False,,27193779,"109660, 30630, None, None"
2044227605,jmsb02,doc: clarify Web Storage behavior ,closed,2024-08-29T14:41:18Z,,2024-08-29T14:44:15Z,invalid,main,clarify-web-storage-behavior,,,,,,,,,False,,27193779,"109660, 30630, None, None"
2044226010,anonrig,test: move more url tests to `node:test`,closed,2024-08-29T14:40:38Z,2024-09-13T00:29:55Z,2024-09-13T00:29:55Z,"test, author ready",main,yagiz/move-url-tests,,,,,,,,,False,,27193779,"109660, 30630, None, None"
2044195509,kimtaejin3,child_process: add validator for file argument,open,2024-08-29T14:27:33Z,,,"child_process, needs-ci",main,add-validation-for-file,,,,,,,,,False,,27193779,"109660, 30630, None, None"
2044113975,sendoru,test: add test cases for `getDirents` and `getDirent` function,open,2024-08-29T13:58:37Z,,,"test, needs-ci",main,add-test-for-fs-utils-get-dirent,,,,,,,,,False,,27193779,"109660, 30630, None, None"
2044091016,joyeecheung,build: do not build with code cache for core coverage collection,closed,2024-08-29T13:49:37Z,2024-09-07T23:16:32Z,2024-09-07T23:16:32Z,"build, needs-ci, coverage",main,coverage-code-cache,,,,,,,,,False,,27193779,"109660, 30630, None, None"
2043911139,TusharVindaloo,Create test_by_tushar,closed,2024-08-29T12:36:14Z,,2024-08-29T13:43:34Z,invalid,main,patch-1,,,,,,,,,False,,27193779,"109660, 30630, None, None"
2043893819,puskin94,assert: add partialDeepStrictEqual,closed,2024-08-29T12:27:24Z,2024-11-23T17:45:49Z,2024-11-23T17:45:49Z,"assert, semver-minor, notable-change, author ready, needs-ci",main,assert-deep-match-and-includes,,,,,,,,,False,,27193779,"109660, 30630, None, None"
2043867595,avivkeller,module: move redundant `throwIfUnsupportedURLScheme` call,closed,2024-08-29T12:14:04Z,,2024-09-20T20:30:35Z,"esm, needs-ci",main,patch-114,,,,,,,,,False,,27193779,"109660, 30630, None, None"
2043232970,aduh95,crypto: remove unused `kHashTypes` internal,closed,2024-08-29T06:32:55Z,2024-08-31T06:34:54Z,2024-08-31T06:34:54Z,"crypto, author ready, needs-ci, webcrypto",main,kHashTypes-removal,,,,,,,,,False,,27193779,"109660, 30630, None, None"
2043014804,robberfree,doc: add write flag when open file as the demo code's intention,closed,2024-08-29T02:31:37Z,2024-11-02T16:55:53Z,2024-11-02T16:55:53Z,"doc, stream, author ready",main,patch-2,,,,,,,,,False,,27193779,"109660, 30630, None, None"
2042987984,ShenHongFei,doc: fix module compile cache description,closed,2024-08-29T01:56:50Z,2024-08-29T04:36:46Z,2024-08-29T04:36:46Z,"doc, module, fast-track, dont-land-on-v20.x",main,fix/module-compile-cache-doc,,,,,,,,,False,,27193779,"109660, 30630, None, None"
2042930504,zcbenz,deps: fix sign-compare warning in ncrypto,closed,2024-08-29T00:31:41Z,2024-08-31T02:10:37Z,2024-08-31T02:10:37Z,"dependencies, dont-land-on-v20.x",main,fix-ncrypto-warning,,,,,,,,,False,,27193779,"109660, 30630, None, None"
2042883317,Renegade334,child_process: validate options.shell and correctly enforce shell invocation in exec/execSync,closed,2024-08-28T23:38:22Z,,2025-01-25T15:00:38Z,"child_process, needs-ci, commit-queue-squash",main,child-process-exec-shell,,,,,,,,,False,,27193779,"109660, 30630, None, None"
2042834093,joyeecheung,test: improve output of child process utilities,closed,2024-08-28T22:32:16Z,2024-08-30T22:41:04Z,2024-08-30T22:41:04Z,"test, author ready, needs-ci",main,sync-log,,,,,,,,,False,,27193779,"109660, 30630, None, None"
2042823583,panva,doc: fix webcrypto.md AES-GCM backticks,closed,2024-08-28T22:20:02Z,2024-08-30T22:32:03Z,2024-08-30T22:32:03Z,"crypto, doc, author ready",main,fix-webcrypto-doc,,,,,,,,,False,,27193779,"109660, 30630, None, None"
2042782977,panva,lib: refactor SubtleCrypto experimental warnings,closed,2024-08-28T21:40:21Z,2024-08-30T21:50:10Z,2024-08-30T21:50:10Z,"crypto, experimental, author ready, needs-ci, webcrypto",main,refactor-experimental-webcrypto-algos,,,,,,,,,False,,27193779,"109660, 30630, None, None"
2042690909,npm-cli-bot,deps: upgrade npm to 10.8.3,closed,2024-08-28T20:27:19Z,2024-09-08T06:09:40Z,2024-09-08T06:09:40Z,"npm, fast-track, needs-ci, dont-land-on-v20.x",main,npm-v10.8.3-main,,,,,,,,,False,,27193779,"109660, 30630, None, None"
2042577076,SunsetTechuila,doc: correct `vm.runInThisContext` usage example,closed,2024-08-28T19:07:23Z,,2024-08-28T19:30:10Z,"doc, vm",main,patch-2,,,,,,,,,False,,27193779,"109660, 30630, None, None"
2042487641,RafaelGSS,doc: fix typo in styleText description,closed,2024-08-28T18:05:32Z,2024-08-29T19:42:53Z,2024-08-29T19:42:53Z,"util, doc, fast-track, commit-queue-squash",main,follow-up-doc-ask,,,,,,,,,False,,27193779,"109660, 30630, None, None"
2042366257,joyeecheung,doc: add documentation about os.tmpdir() overrides,closed,2024-08-28T16:43:41Z,2024-08-30T18:44:26Z,2024-08-30T18:44:26Z,"doc, os",main,tmpdir-doc,,,,,,,,,False,,27193779,"109660, 30630, None, None"
2042255192,richardlau,test: update TLS test for OpenSSL 3.2,closed,2024-08-28T15:36:54Z,2024-08-30T15:40:14Z,2024-08-30T15:40:14Z,"test, openssl, author ready, needs-ci, commit-queue-failed",main,openssl32tests,,,,,,,,,False,,27193779,"109660, 30630, None, None"
2042253535,anonrig,doc: add support me link for anonrig,closed,2024-08-28T15:36:00Z,2024-08-30T15:39:49Z,2024-08-30T15:39:49Z,"doc, meta",main,yagiz/add-support-me-link,,,,,,,,,False,,27193779,"109660, 30630, None, None"
2042213657,mhdawson,test: fix test-tls-client-auth test for OpenSSL32,closed,2024-08-28T15:14:39Z,,2024-08-30T16:14:15Z,"test, openssl, needs-ci",main,openssl32-fixes-2,,,,,,,,,False,,27193779,"109660, 30630, None, None"
2042082442,anonrig,test: move more zlib tests to node:test,closed,2024-08-28T14:16:53Z,2024-09-01T00:35:19Z,2024-09-01T00:35:19Z,"zlib, test, author ready, needs-ci, dont-land-on-v20.x",main,yagiz/zlib-tests-node-test,,,,,,,"mcollina, tniessen",,False,,27193779,"109660, 30630, None, None"
2041464619,legendecas,vm: add vm proto property lookup test,closed,2024-08-28T09:16:39Z,2024-09-04T10:58:49Z,2024-09-04T10:58:49Z,"vm, test, needs-ci, dont-land-on-v20.x",main,vm/test-in-operator,,,,,,,,,False,,27193779,"109660, 30630, None, None"
2041256111,ShogunPanda,timers: document ref option for scheduler.wait,closed,2024-08-28T07:28:21Z,2024-09-02T06:57:03Z,2024-09-02T06:57:03Z,"timers, author ready, needs-ci",main,timers-followup,,,,,,,,,False,,27193779,"109660, 30630, None, None"
2040709580,avivkeller,test_runner: support glob inclusions and exclusions,closed,2024-08-28T00:11:16Z,,2024-09-04T14:41:56Z,"c++, semver-minor, notable-change, cli, needs-ci, test_runner",main,test-exclude,,,,,,,"cjihrig, MoLow",,False,,27193779,"109660, 30630, None, None"
2040697102,mhdawson,test: increase key size for ca2-cert.pem,closed,2024-08-27T23:53:35Z,2024-08-29T23:59:18Z,2024-08-29T23:59:18Z,"test, openssl, needs-ci",main,fix-ca2-key-size,,,,,,,,,False,,27193779,"109660, 30630, None, None"
2040608172,giancorderoortiz,deps: V8: backport f320600cd1f4 (V20.x CVE-2024-4761) ,closed,2024-08-27T22:07:48Z,,2025-01-22T13:12:33Z,"build, v8 engine, security, needs-ci, commit-queue-squash, v20.x",v20.x-staging,v20.x-staging,,,,,,,,,False,,27193779,"109660, 30630, None, None"
2040485302,giancorderoortiz,deps: V8: backport f320600cd1f4 (V18.x CVE-2024-4761),closed,2024-08-27T20:37:23Z,,2024-09-11T14:44:33Z,"build, v8 engine, security, needs-ci, commit-queue-squash, v18.x",v18.x-staging,v18.x-staging,,,,,,,,,False,,27193779,"109660, 30630, None, None"
2040316570,avivkeller,tty: fix links for terminal colors,closed,2024-08-27T18:48:17Z,2024-09-24T20:27:00Z,2024-09-24T20:27:00Z,"tty, author ready, needs-ci",main,patch-112,,,,,,,,,False,,27193779,"109660, 30630, None, None"
2040280122,RafaelGSS,doc: add alert on REPL from TCP socket,closed,2024-08-27T18:23:30Z,2024-08-30T14:33:06Z,2024-08-30T14:33:06Z,"doc, repl, security, author ready",main,remove-net-to-nodesocket-example,,,,,,,,,False,,27193779,"109660, 30630, None, None"
2040128080,panva,"test,crypto: update WebCryptoAPI WPT",closed,2024-08-27T16:38:20Z,2024-08-29T16:46:40Z,2024-08-29T16:46:40Z,"crypto, test, author ready, needs-ci, webcrypto, dont-land-on-v20.x, web-standards",main,bump-crypto-wpt,,,,,,,,,False,,27193779,"109660, 30630, None, None"
2040042119,joyeecheung,module: remove bogus assertion in CJS entrypoint handling with --import,closed,2024-08-27T15:52:26Z,,2024-09-17T10:35:28Z,"esm, needs-ci, loaders, backport-open-v20.x",main,import-require-module,,,,,,,,,False,,27193779,"109660, 30630, None, None"
2040032191,jakecastelli,test: use platform time,closed,2024-08-27T15:47:09Z,,2024-09-12T00:21:30Z,"test, author ready, needs-ci, commit-queue-rebase, dont-land-on-v20.x",main,fix-54499-use-platform-timeout,,,,,,,,,False,,27193779,"109660, 30630, None, None"
2039234803,nodejs-github-bot,deps: update nghttp2 to 1.63.0,closed,2024-08-27T10:04:48Z,2024-08-29T10:15:03Z,2024-08-29T10:15:03Z,"http2, needs-ci, dependencies, dont-land-on-v20.x",main,actions/tools-update-nghttp2,,,,,,,,,False,,27193779,"109660, 30630, None, None"
2039087700,ronag,buffer: throw when writing beyond buffer,closed,2024-08-27T08:59:08Z,,2024-09-28T15:22:03Z,"buffer, semver-major, author ready, needs-ci, revert",main,revert-truncate,,,,,,,targos,,False,,27193779,"109660, 30630, None, None"
2038734536,ronag,buffer: throw on invalid encoding in Buffer.from,open,2024-08-27T05:36:39Z,,,"buffer, semver-major",main,from-invalid-encoding,,,,,,,,,False,,27193779,"109660, 30630, None, None"
2038707180,jasnell,test: update test-assert to use node:test,closed,2024-08-27T05:10:26Z,,2024-08-29T18:41:28Z,"test, author ready, needs-ci",main,use-test-for-test-assert,,,,,,,mcollina,,False,,27193779,"109660, 30630, None, None"
2038706325,bcmarinacci,doc: add getHeapStatistics() property descriptions,closed,2024-08-27T05:09:36Z,2024-08-29T05:12:57Z,2024-08-29T05:12:57Z,"doc, author ready, commit-queue-squash",main,heap-statistics-descriptions,,,,,,,,,False,,27193779,"109660, 30630, None, None"
2038619885,snyamathi,[v20x backport] deps: update undici to 6.19.8,closed,2024-08-27T03:43:15Z,,2024-08-27T05:21:37Z,"lib / src, needs-ci, v20.x",v20.x,v20.x,,,,,,,,,False,,27193779,"109660, 30630, None, None"
2038555514,jasnell,test: move a couple of tests over to using node:test,closed,2024-08-27T02:21:48Z,,2024-08-29T02:19:22Z,"test, author ready",main,use-test-in-multiple-small-tests,,,,,,,mcollina,,False,,27193779,"109660, 30630, None, None"
2038535092,jasnell,test: update test-abortsignal-cloneable to use node:test,closed,2024-08-27T01:54:24Z,,2024-08-29T23:08:12Z,"test, needs-ci, dont-land-on-v20.x",main,use-test-in-test-abortsignal-cloneable,,,,,,,,,False,,27193779,"109660, 30630, None, None"
2038405460,avivkeller,tools: lint python files to 3.8,closed,2024-08-26T23:09:41Z,,2024-08-27T20:37:55Z,"build, tools, python, needs-ci",main,python-lint,,,,,,,,,False,,27193779,"109660, 30630, None, None"
2038355601,jasnell,test: update test-aborted-util to use node:test,closed,2024-08-26T22:21:02Z,,2024-08-29T02:14:12Z,"test, needs-ci, dont-land-on-v20.x",main,use-test-in-test-aborted-util,,,,,,,mcollina,,False,,27193779,"109660, 30630, None, None"
2038242310,targos,src: use `Maybe<void>` where bool isn't needed,closed,2024-08-26T20:53:02Z,2024-09-17T07:53:54Z,2024-09-17T07:53:55Z,"c++, lib / src, needs-ci, dont-land-on-v20.x",main,src-maybe-void,,,,,,,,,False,,27193779,"109660, 30630, None, None"
2038236145,jasnell,test: refactor test-abortcontroller to use node:test,closed,2024-08-26T20:49:15Z,,2024-08-29T01:51:19Z,"test, needs-ci, dont-land-on-v20.x",main,use-test-in-test-abortcontroller,,,,,,,mcollina,,False,,27193779,"109660, 30630, None, None"
2038071841,avivkeller,test: use test runner in `test-report-config`,closed,2024-08-26T19:13:06Z,,2024-09-07T20:08:17Z,"test, needs-ci, report",main,patch-111,,,,,,,,,False,,27193779,"109660, 30630, None, None"
2037905377,targos,test: run V8 Fast API tests in release mode too,closed,2024-08-26T17:35:06Z,2024-08-30T10:25:02Z,2024-08-30T10:25:02Z,"needs-ci, dont-land-on-v20.x",main,v8-fast-release,,,,,,,,,False,,27193779,"109660, 30630, None, None"
2037860110,hidaviddong,test: refactor `test-whatwg-webstreams-encoding` to be shorter,closed,2024-08-26T17:08:48Z,2024-09-19T15:26:02Z,2024-09-19T15:26:02Z,"test, author ready, needs-ci, web streams, commit-queue-squash, dont-land-on-v20.x",main,main,,,,,,,,,False,,27193779,"109660, 30630, None, None"
2036717662,marco-ippolito,"[v22.x] Backport: ""module: fix discrepancy between .ts and .js""",closed,2024-08-26T06:52:41Z,,2024-09-18T07:25:10Z,"module, esm, needs-ci, v22.x",v22.x-staging,backport-ts-js-fix,,,,,,,,,False,,27193779,"109660, 30630, None, None"
2036642164,targos,src: disable fast methods for `buffer.write`,closed,2024-08-26T06:07:46Z,2024-08-29T07:06:40Z,2024-08-29T07:06:40Z,"buffer, c++, fast-track, author ready, needs-ci, dont-land-on-v20.x",main,buffer-fast-write-disable,,,,,,,,,False,,27193779,"109660, 30630, None, None"
2036362456,jakecastelli,doc: improve the process for landing a PR,closed,2024-08-26T02:10:46Z,,2024-09-02T09:37:27Z,"doc, meta, commit-queue-squash",main,add-more-info-to-landing-pr-section,,,,,,,,,False,,27193779,"109660, 30630, None, None"
2036285615,guybedford,module: support 'module.exports' interop export name in require(esm),closed,2024-08-26T00:51:17Z,,2024-10-02T04:14:28Z,"module, loaders, backport-open-v20.x, backported-to-v22.x",main,cjs-unwrap,,,,,,,,,False,,27193779,"109660, 30630, None, None"
2036239673,github-actions[bot],doc: run license-builder,closed,2024-08-26T00:06:32Z,2024-08-28T00:29:41Z,2024-08-28T00:29:41Z,"meta, author ready, dont-land-on-v20.x",main,actions/license-builder,,,,,,,,,False,,27193779,"109660, 30630, None, None"
2036188404,RafaelGSS,v22.8.0 proposal,closed,2024-08-25T21:52:42Z,2024-09-03T13:41:48Z,2024-09-03T13:41:48Z,"needs-ci, release, v22.x",v22.x,v22.8.0-proposal,,,,,,,,,False,,27193779,"109660, 30630, None, None"
2036146997,anonrig,zlib: simplify callback implementations,closed,2024-08-25T19:13:57Z,,2024-08-28T14:43:11Z,"zlib, needs-ci",main,simplify-zlib-callbacks,,,,,,,,,False,,27193779,"109660, 30630, None, None"
2036122247,lpinca,test: use valid hostnames,closed,2024-08-25T17:45:30Z,2024-08-25T22:16:25Z,2024-08-25T22:16:25Z,"test, fast-track, author ready, needs-ci, dont-land-on-v20.x",main,use/valid-hostnames,,,,,,,jasnell,,False,,27193779,"109660, 30630, None, None"
2036084417,jakecastelli,"Revert ""net: validate host name for server listen""",closed,2024-08-25T15:48:40Z,,2024-08-28T07:59:33Z,"net, needs-ci, revert, dont-land-on-v20.x",main,revert-52322aa,,,,,,,,,False,,27193779,"109660, 30630, None, None"
2036070748,jazelly,buffer: fix out of range for toString,closed,2024-08-25T15:19:35Z,2024-09-06T17:39:24Z,2024-09-06T17:39:25Z,"buffer, author ready, needs-ci, commit-queue-squash, backport-open-v20.x",main,fix-buffer-out-of-range,,,,,,,,,False,,27193779,"109660, 30630, None, None"
2036056204,puskin94,test: making test-runner-run.mjs ignore colors,closed,2024-08-25T14:48:04Z,2024-09-12T23:13:04Z,2024-09-12T23:13:04Z,"test, author ready",main,test-make-test-runner-run-ignore-colors,,,,,,,,,False,,27193779,"109660, 30630, None, None"
2035767098,nodejs-github-bot,deps: update c-ares to v1.33.1,closed,2024-08-25T00:30:13Z,2024-08-27T00:54:36Z,2024-08-27T00:54:36Z,"cares, needs-ci, dependencies",main,actions/tools-update-c-ares,,,,,,,,,False,,27193779,"109660, 30630, None, None"
2035747325,cjihrig,test_runner: always make spec the default reporter,closed,2024-08-24T23:30:20Z,2024-08-27T15:22:17Z,2024-08-27T15:22:17Z,"semver-major, author ready, test_runner",main,default-reporter,,,,,,,,,False,,27193779,"109660, 30630, None, None"
2035746843,cjihrig,test: refactor test_runner tests to change default reporter,closed,2024-08-24T23:28:43Z,2024-08-27T00:54:22Z,2024-08-27T00:54:22Z,"test, needs-ci, commit-queue-squash, test_runner, dont-land-on-v20.x",main,reporter-tests,,,,,,,,,False,,27193779,"109660, 30630, None, None"
2035696276,avivkeller,path: remove `StringPrototypeCharCodeAt` from `posix.extname`,closed,2024-08-24T21:06:44Z,2024-09-10T23:29:34Z,2024-09-10T23:29:34Z,"path, author ready, needs-ci, needs-benchmark-ci",main,patch-110,,,,,,,,,False,,27193779,"109660, 30630, None, None"
2035672792,aduh95,"url: handle ""unsafe"" characters properly in `pathToFileURL`",closed,2024-08-24T19:50:24Z,2024-10-18T07:20:43Z,2024-10-18T07:20:43Z,"process, whatwg-url, needs-ci, needs-benchmark-ci, commit-queue-squash, backported-to-v22.x",main,path2fileURL-unsafe-chars,,,,,,,,,False,,27193779,"109660, 30630, None, None"
2035579782,targos,src: handle errors correctly in webstorage,closed,2024-08-24T17:07:47Z,2024-08-26T17:20:09Z,2024-08-26T17:20:09Z,"c++, author ready, needs-ci, dont-land-on-v20.x, backported-to-v22.x",main,maybe-webstorage,,,,,,,,,False,,27193779,"109660, 30630, None, None"
2035539318,pranavshan,Update vcbuild.bat,closed,2024-08-24T15:47:08Z,,2024-08-24T15:47:35Z,invalid,main,main,,,,,,,,,False,,27193779,"109660, 30630, None, None"
2035510449,targos,src: handle errors correctly in `permission.cc`,closed,2024-08-24T14:49:38Z,,2024-08-26T15:04:23Z,"c++, needs-ci, commit-queue-rebase",main,permission-maybe,,,,,,,,,False,,27193779,"109660, 30630, None, None"
2035455101,targos,src: use better return types in KVStore,closed,2024-08-24T13:14:22Z,,2024-08-26T13:33:48Z,"c++, lib / src, needs-ci, commit-queue-failed, commit-queue-squash, dont-land-on-v20.x",main,kv-optional,,,,,,,,,False,,27193779,"109660, 30630, None, None"
2035431911,cjihrig,test: force spec reporter in test-runner-watch-mode.mjs,closed,2024-08-24T12:37:05Z,2024-08-26T12:39:36Z,2024-08-26T12:39:36Z,"test, author ready, dont-land-on-v20.x",main,tap-fix,,,,,,,,,False,,27193779,"109660, 30630, None, None"
2035383367,jazelly,lib: ensure no holey array in fixed_queue,closed,2024-08-24T10:58:28Z,2024-09-02T01:42:44Z,2024-09-02T01:42:44Z,"lib / src, author ready, needs-ci, commit-queue-squash",main,no-holey-array-in-fixed-queue,,,,,,,joyeecheung,,False,,27193779,"109660, 30630, None, None"
2035323904,targos,deps: update V8 to 12.9,closed,2024-08-24T09:35:55Z,,2024-09-19T14:25:50Z,"semver-major, build, v8 engine, tools, needs-ci, dependencies, commit-queue-rebase",main,v8-129,,,,,,,,,False,,27193779,"109660, 30630, None, None"
2035225505,ronag,buffer: allow invalid encoding in from,closed,2024-08-24T07:42:01Z,2024-08-27T04:01:30Z,2024-08-27T04:01:30Z,"buffer, author ready, needs-ci",main,invalid-encodinf-utf8,,,,,,,"mcollina, benjamingr, targos",,False,,27193779,"109660, 30630, None, None"
2034882316,avivkeller,build: support up to python 3.13 in android-configure,closed,2024-08-23T21:23:41Z,,2024-09-21T16:21:04Z,"build, python, author ready, needs-ci, android, review wanted, commit-queue-failed, backport-requested-v20.x",main,patch-109,,,,,,,,,False,,27193779,"109660, 30630, None, None"
2034812088,JonasBa,src: add unistd.h import if node posix credentials is defined,closed,2024-08-23T20:24:56Z,2024-09-20T14:58:03Z,2024-09-20T14:58:03Z,"c++, author ready, needs-ci, dont-land-on-v20.x",main,jb/darwin-compile,,,,,,,,,False,,27193779,"109660, 30630, None, None"
2034757651,avivkeller,doc: fix information about including coverage files,closed,2024-08-23T19:39:49Z,2024-08-27T19:11:04Z,2024-08-27T19:11:04Z,"doc, coverage, commit-queue-squash, test_runner",main,patch-13,,,,,,,,,False,,27193779,"109660, 30630, None, None"
2034316064,ronag,buffer: re-enable Fast API for Buffer.write ,closed,2024-08-23T14:34:31Z,2024-09-04T22:34:29Z,2024-09-04T22:34:29Z,"buffer, c++, author ready, needs-ci, dont-land-on-v20.x",main,fast-utf8-2,,,,,,,"lemire, jasnell, addaleax, blexrob",,False,,27193779,"109660, 30630, None, None"
2034290105,ronag,buffer: don't use Fast API for utf8,closed,2024-08-23T14:19:32Z,,2024-08-23T14:46:20Z,"buffer, c++, needs-ci",main,fast-utf8,,,,,,,"santigimeno, benjamingr, anonrig, targos",,False,,27193779,"109660, 30630, None, None"
2034226465,ronag,buffer: truncate instead of throw when writing beyond buffer,closed,2024-08-23T13:43:46Z,2024-08-27T08:48:52Z,2024-08-27T08:48:52Z,"buffer, fast-track, author ready, needs-ci, dont-land-on-v20.x",main,buffer-write-length-oob,,,,,,,"benjamingr, targos",,False,,27193779,"109660, 30630, None, None"
2033964682,legendecas,vm: return all own names and symbols in property enumerator,closed,2024-08-23T11:04:44Z,2024-08-30T11:22:58Z,2024-08-30T11:22:59Z,"c++, vm, needs-ci, dont-land-on-v20.x",main,vm/property-enum,,,,,,,,,False,,27193779,"109660, 30630, None, None"
2033867185,nodejs-github-bot,deps: update amaro to 0.1.8,closed,2024-08-23T10:03:44Z,2024-08-25T10:12:37Z,2024-08-25T10:12:37Z,"c++, author ready, needs-ci, dependencies, dont-land-on-v20.x, strip-types",main,actions/tools-update-amaro,,,,,,,,,False,,27193779,"109660, 30630, None, None"
2033662165,marco-ippolito,module: use amaro default transform values,closed,2024-08-23T08:02:56Z,,2024-08-27T14:39:43Z,"module, author ready, needs-ci, dont-land-on-v20.x, strip-types",main,use-amaro-defaults,,,,,,,,,False,,27193779,"109660, 30630, None, None"
2033491783,injunchoi98,url: update encodePathChars to handle special characters properly,closed,2024-08-23T05:57:58Z,,2024-08-25T01:04:09Z,"whatwg-url, needs-ci, needs-benchmark-ci",main,issue-54505,,,,,,,,,False,,27193779,"109660, 30630, None, None"
2033229526,avivkeller,test: use `node:test` in `test-cli-syntax-bad`,closed,2024-08-23T00:54:25Z,,2024-09-10T15:50:56Z,"test, needs-ci, commit-queue-squash, dont-land-on-v20.x",main,patch-107,,,,,,,,,False,,27193779,"109660, 30630, None, None"
2032952337,avivkeller,repl: catch `\v` and `\r` in new-line detection,closed,2024-08-22T20:48:50Z,2024-09-25T08:51:12Z,2024-09-25T08:51:12Z,"repl, author ready, needs-ci, commit-queue-failed, commit-queue-squash",main,patch-106,,,,,,,,,False,,27193779,"109660, 30630, None, None"
2032885399,aduh95,test: fix `test-process-load-env-file` when path contains `'`,closed,2024-08-22T20:08:19Z,2024-09-06T17:38:42Z,2024-09-06T17:38:42Z,"test, author ready, needs-ci",main,more-robust-process-load-env-test,,,,,,,,,False,,27193779,"109660, 30630, None, None"
2032883016,bengl,async_hooks: add an InactiveAsyncContextFrame class,closed,2024-08-22T20:06:36Z,2024-08-30T20:27:28Z,2024-08-30T20:27:29Z,"async_hooks, needs-ci, dont-land-on-v20.x, async_local_storage",main,bengl/fix-54503,,,,,,,,,False,,27193779,"109660, 30630, None, None"
2032878857,aduh95,test: fix improper path to URL conversion,closed,2024-08-22T20:04:43Z,2024-08-24T20:10:12Z,2024-08-24T20:10:12Z,"test, author ready, needs-ci, dont-land-on-v20.x",main,fix-url-conversion,,,,,,,,,False,,27193779,"109660, 30630, None, None"
2032835167,mhdawson,doc: support for collabs - talk amplification,closed,2024-08-22T19:36:34Z,,2024-08-27T18:29:12Z,"doc, meta",main,support-speakers,,,,,,,,,False,,27193779,"109660, 30630, None, None"
2032802225,JonasBa,src: optimize buffer transcode for matching encodings,open,2024-08-22T19:11:48Z,,,"c++, i18n-api, needs-ci",main,jb/buffer/transcode,,,,,,,,,False,,27193779,"109660, 30630, None, None"
2032781211,pmarchini,test: add test for test_runner util createCoverageTest,closed,2024-08-22T18:56:27Z,,2024-08-23T17:26:39Z,"test, needs-ci",main,test/add-tests-getCoverageReport,,,,,,,,,True,,27193779,"109660, 30630, None, None"
2032730441,mertcanaltin,node-api: add napi_create_buffer_from_arraybuffer method,closed,2024-08-22T18:24:11Z,2024-10-11T15:21:58Z,2024-10-11T15:21:58Z,"buffer, c++, semver-minor, node-api, needs-ci, commit-queue-squash",main,dev-54440,,,,,,,"jasnell, anonrig, joyeecheung, toyobayashi",,False,,27193779,"109660, 30630, None, None"
2032579820,StefanStojanovic,deps: backport ICU-22787 to fix ClangCL on Windows,closed,2024-08-22T16:48:15Z,2024-08-27T18:44:05Z,2024-08-27T18:44:05Z,"windows, build, tools, i18n-api, needs-ci, dependencies, icu, commit-queue-squash, dont-land-on-v20.x",main,mefi-icu-2,,,,,,,targos,,False,,27193779,"109660, 30630, None, None"
2032576308,joyeecheung,src: add JS APIs for compile cache and NODE_DISABLE_COMPILE_CACHE,closed,2024-08-22T16:45:56Z,2024-08-28T23:22:57Z,2024-08-28T23:22:57Z,"c++, semver-minor, lib / src, notable-change, author ready, needs-ci, commit-queue-squash, dont-land-on-v20.x",main,compile-cache-api,,,,,,,,,False,,27193779,"109660, 30630, None, None"
2032348145,JonasBa,src: remove node namespace from sqlite.cc,closed,2024-08-22T14:53:03Z,,2025-01-30T16:13:28Z,"c++, needs-ci, commit-queue-rebase, sqlite",main,jb/sqlite/node-namespace,,,,,,,,,False,,27193779,"109660, 30630, None, None"
2032197068,santigimeno,test: refactor fs-watch tests due to macOS issue,closed,2024-08-22T13:42:42Z,2024-09-06T17:38:28Z,2024-09-06T17:38:28Z,"test, macos, author ready, needs-ci",main,santi/refactor-fs-watch,,,,,,,,,False,,27193779,"109660, 30630, None, None"
2031961482,avivkeller,cli: fix spacing for port range error,closed,2024-08-22T11:41:46Z,2024-09-18T09:18:16Z,2024-09-18T09:18:16Z,"c++, author ready, needs-ci",main,patch-105,,,,,,,,,False,,27193779,"109660, 30630, None, None"
2031656316,pmarchini,test: add tests for runner coverage with different stdout column widths,closed,2024-08-22T09:05:28Z,2024-08-24T12:30:27Z,2024-08-24T12:30:27Z,"test, author ready, coverage, commit-queue-squash, dont-land-on-v20.x",main,test/different-widths-runner-coverage,,,,,,,,,False,,27193779,"109660, 30630, None, None"
2031152993,Uzlopak,tls: wrap ssl errors in ECONNRESET,open,2024-08-22T02:25:20Z,,,"tls, errors, needs-ci",main,tls-wrap,,,,,,,,,False,,27193779,"109660, 30630, None, None"
2030716805,RafaelGSS,"Revert ""deps: upgrade openssl sources to quictls/openssl-3.0.14+quic1""",closed,2024-08-21T20:47:05Z,,2024-08-21T21:32:18Z,"openssl, needs-ci, dependencies",main,revert-openssl-patch,,,,,,,,,False,,27193779,"109660, 30630, None, None"
2030651363,HarshitaAIT,Update README.md,closed,2024-08-21T20:17:06Z,,2024-08-21T20:46:36Z,invalid,main,patch-1,,,,,,,,,False,,27193779,"109660, 30630, None, None"
2030605552,Uzlopak,url: use primordials in url.js,open,2024-08-21T19:56:23Z,,,"url, needs-ci, needs-benchmark-ci, commit-queue-squash",main,url-js-primordials,,,,,,,,,False,,27193779,"109660, 30630, None, None"
2030445215,shallow-beach,doc: fix capitalization in module.md,closed,2024-08-21T18:47:35Z,2024-08-23T00:52:53Z,2024-08-23T00:52:53Z,"doc, module, fast-track, author ready",main,patch-1,,,,,,,,,False,,27193779,"109660, 30630, None, None"
2030271832,marco-ippolito,doc: add note about shasum generation failure,closed,2024-08-21T17:24:52Z,2024-08-27T15:48:43Z,2024-08-27T15:48:43Z,"doc, meta, author ready",main,fix/update-releases-fix,,,,,,,,,False,,27193779,"109660, 30630, None, None"
2029936895,rayark1,url: refactor isIpv6Hostname function to use string methods,closed,2024-08-21T14:32:39Z,,2024-08-21T17:26:02Z,"url, needs-ci, needs-benchmark-ci",main,refactor-isIpv6Hostname-functions,,,,,,,,,False,,27193779,"109660, 30630, None, None"
2029812663,pimterry,crypto: return a clearer error when loading an unsupported pkcs12,closed,2024-08-21T13:33:28Z,2024-09-05T14:15:01Z,2024-09-05T14:15:01Z,"crypto, c++, needs-ci, commit-queue-squash",main,improve-openssl-unsupported-error,,,,,,,,,False,,27193779,"109660, 30630, None, None"
2029665311,debbs061,doc: update websocket flag description to reflect stable API status,closed,2024-08-21T12:19:03Z,2024-08-24T16:59:25Z,2024-08-24T16:59:25Z,"doc, cli, author ready, dont-land-on-v20.x",main,update-websocket-doc,,,,,,,,,False,,27193779,"109660, 30630, None, None"
2029657009,avivkeller,meta: remind users to use a supported version in bug reports,closed,2024-08-21T12:14:31Z,2024-08-23T12:29:47Z,2024-08-23T12:29:47Z,"meta, author ready, commit-queue-squash",main,patch-104,,,,,,,,,False,,27193779,"109660, 30630, None, None"
2029653520,rluvaton,test_runner: add inline snapshot assertion,closed,2024-08-21T12:12:35Z,,2024-10-20T00:01:49Z,"stalled, needs-ci, test_runner",main,add-inline-snapshot-test,,,,,,,cjihrig,,False,,27193779,"109660, 30630, None, None"
2029587994,VickyMahajanGitHub,Update README.md,closed,2024-08-21T11:37:54Z,,2024-08-21T12:03:40Z,invalid,main,main,,,,,,,,,False,,27193779,"109660, 30630, None, None"
2029550435,huseyinacacak-janea,"module,win: make module cache case-insensitive",open,2024-08-21T11:17:45Z,,,"module, windows, blocked, needs-ci",main,huseyin-12402-module-cache-case-sensitivity,,,,,,,,,False,,27193779,"109660, 30630, None, None"
2029518066,alexandre-abrioux,"doc,cli: clarify --max-old-space-size and --max-semi-space-size units",closed,2024-08-21T10:59:23Z,2024-09-06T17:33:03Z,2024-09-06T17:33:03Z,"doc, cli, author ready",main,patch-1,,,,,,,,,False,,27193779,"109660, 30630, None, None"
2029109263,HBSPS,stream: change stream to use index instead of `for...of`,closed,2024-08-21T07:27:46Z,2024-08-23T07:31:55Z,2024-08-23T07:31:55Z,"stream, author ready, needs-ci",main,stream,,,,,,,,,False,,27193779,"109660, 30630, None, None"
2029091394,nodejs-github-bot,deps: update amaro to 0.1.7,closed,2024-08-21T07:17:29Z,2024-08-23T07:23:40Z,2024-08-23T07:23:40Z,"c++, author ready, needs-ci, dependencies, dont-land-on-v20.x, strip-types",main,actions/tools-update-amaro,,,,,,,,,False,,27193779,"109660, 30630, None, None"
2028887349,jazelly,net: validate host name for server listen,closed,2024-08-21T04:38:13Z,2024-08-25T12:36:40Z,2024-08-25T12:36:40Z,"net, semver-major, author ready, needs-ci",main,validate-square-bracket-host,,,,,,,,,False,,27193779,"109660, 30630, None, None"
2028552979,avivkeller,test: update wpt,closed,2024-08-20T22:29:26Z,,2024-09-30T19:28:20Z,"test, needs-ci, web-standards",main,wpt,,,,,,,,,False,,27193779,"109660, 30630, None, None"
2028519882,avivkeller,doc: use correct language fence for wpt,closed,2024-08-20T21:58:52Z,,2024-08-23T18:53:28Z,"doc, test, commit-queue-squash",main,patch-103,,,,,,,,,False,,27193779,"109660, 30630, None, None"
2027249213,sungpaks,buffer: improve error handling of buffer.concat,open,2024-08-20T09:42:09Z,,,"buffer, semver-major, needs-ci",main,improve-buffer-concat-error-handling,,,,,,,,,False,,27193779,"109660, 30630, None, None"
2027142599,legendecas,"Revert ""vm,src: add property query interceptors""",closed,2024-08-20T08:50:23Z,,2024-08-27T09:19:32Z,"c++, vm, needs-ci, revert, commit-queue-rebase",main,vm/in-operator,,,,,,,,,False,,27193779,"109660, 30630, None, None"
2027131138,marco-ippolito,tools: add swc license,closed,2024-08-20T08:43:57Z,2024-08-22T08:48:48Z,2024-08-22T08:48:48Z,"meta, tools, author ready, dont-land-on-v20.x",main,fix/add-swc-license,,,,,,,,,False,,27193779,"109660, 30630, None, None"
2027124182,marco-ippolito,module: fix discrepancy between .ts and .js,closed,2024-08-20T08:40:09Z,2024-08-22T08:48:33Z,2024-08-22T08:48:33Z,"module, esm, author ready, needs-ci, dont-land-on-v20.x, backported-to-v22.x, strip-types",main,fix/discrepancy-strip-types,,,,,,,,,False,,27193779,"109660, 30630, None, None"
2027010744,mertcanaltin,tools: add WPT updater for specific subsystems,closed,2024-08-20T07:35:29Z,2024-11-26T13:43:44Z,2024-11-26T13:43:44Z,"meta, commit-queue-squash",main,dev-wpt-test-updater,,,,,,,"mcollina, panva, addaleax, benjamingr, ronag, marco-ippolito",,False,,27193779,"109660, 30630, None, None"
2026710882,jasnell,src: move more crypto_dh.cc code to ncrypto,closed,2024-08-20T02:31:24Z,,2024-08-27T14:27:28Z,"crypto, lib / src, author ready, dont-land-on-v20.x",main,ncrypto-dh,,,,,,,"mcollina, tniessen",,False,,27193779,"109660, 30630, None, None"
2026698587,CGQAQ,lib: fix realpathSync resolving to invalid path (#54200),open,2024-08-20T02:15:29Z,,,"c++, needs-ci, linux, commit-queue-squash",main,fix-54200,,,,,,,"anonrig, MoLow",,False,,27193779,"109660, 30630, None, None"
2026046804,nodejs-github-bot,deps: update undici to 6.19.8,closed,2024-08-19T17:24:36Z,2024-08-22T16:08:49Z,2024-08-22T16:08:49Z,"lib / src, fast-track, needs-ci, dependencies",main,actions/tools-update-undici,,,,,,,,,False,,27193779,"109660, 30630, None, None"
2025889940,clavin,[v22.x backport] doc: reserve ABI 130 for Electron 33,closed,2024-08-19T15:41:47Z,,2024-08-24T22:17:36Z,"doc, v22.x",v22.x-staging,clavin/doc-electron-33-abi-for-v22,,,,,,,,,False,,27193779,"109660, 30630, None, None"
2025869993,avivkeller,meta: add more labels to dep-updaters,closed,2024-08-19T15:30:47Z,2024-08-22T22:16:16Z,2024-08-22T22:16:16Z,"meta, commit-queue-squash, dont-land-on-v20.x",main,patch-102,,,,,,,,,False,,27193779,"109660, 30630, None, None"
2025808848,RafaelGSS,v22.7.0 proposal,closed,2024-08-19T14:59:34Z,2024-08-22T14:12:54Z,2024-08-22T14:12:54Z,"needs-ci, release, v22.x",v22.x,v22.7.0-proposal,,,,,,,,,False,,27193779,"109660, 30630, None, None"
2025802422,ematipico,docs: clarify `default` value usage of `parseArgs`,closed,2024-08-19T14:56:37Z,,2024-08-19T19:33:42Z,duplicate,main,patch-1,,,,,,,,,False,,27193779,"109660, 30630, None, None"
2025190607,zcbenz,src: do not set value on void return value,closed,2024-08-19T09:27:43Z,,2024-08-24T08:11:25Z,"c++, v8 engine, needs-ci",main,no-set-void-return-value,,,,,,,targos,,False,,27193779,"109660, 30630, None, None"
2025116136,StefanStojanovic,deps: port ICU ClangCL fix,closed,2024-08-19T08:46:16Z,,2024-08-27T18:53:24Z,"windows, needs-ci, dependencies, icu",main,mefi-icu,,,,,,,,,False,,27193779,"109660, 30630, None, None"
2025035454,marco-ippolito,v20.17.0 proposal,closed,2024-08-19T08:03:10Z,2024-08-21T16:06:59Z,2024-08-21T16:06:59Z,"needs-ci, release, v20.x",v20.x,v20.17.0-proposal,,,,,,,,,False,,27193779,"109660, 30630, None, None"
2024685883,cjihrig,test_runner: account for newline in source maps,closed,2024-08-19T02:33:13Z,2024-08-21T02:38:55Z,2024-08-21T02:38:55Z,"author ready, test_runner, dont-land-on-v20.x",main,coverage-bug,,,,,,,,,False,,27193779,"109660, 30630, None, None"
2024565110,tniessen,src: change SetEncodedValue to return Maybe<void>,closed,2024-08-18T23:05:12Z,2024-08-26T11:11:28Z,2024-08-26T11:11:28Z,"c++, lib / src, author ready, needs-ci, dont-land-on-v20.x",main,crypto-maybe-void-setencodedvalue,,,,,,,,,False,,27193779,"109660, 30630, None, None"
2024506019,anonrig,zlib: simplify validators,closed,2024-08-18T19:40:42Z,2024-08-27T14:58:36Z,2024-08-27T14:58:36Z,"zlib, needs-ci",main,zlip/simplify-validators,,,,,,,,,False,,27193779,"109660, 30630, None, None"
2024397335,ronag,buffer: cleanup handling different types buffers,open,2024-08-18T13:55:15Z,,,"buffer, needs-ci",main,buffer-types,,,,,,,,,False,,27193779,"109660, 30630, None, None"
2024320767,tniessen,src: remove redundant AESCipherMode,closed,2024-08-18T10:06:56Z,2024-08-27T08:17:22Z,2024-08-27T08:17:22Z,"crypto, c++, author ready, needs-ci",main,src-remove-redundant-aesciphermode,,,,,,,,,False,,27193779,"109660, 30630, None, None"
2024179416,nodejs-github-bot,deps: patch V8 to 12.8.374.22,closed,2024-08-18T00:31:39Z,,2024-09-01T00:36:54Z,"v8 engine, needs-ci, dependencies, dont-land-on-v18.x, dont-land-on-v20.x, dont-land-on-v22.x",main,actions/update-v8-patch,,,,,,,,,False,,27193779,"109660, 30630, None, None"
2024179031,nodejs-github-bot,deps: update simdutf to 5.5.0,closed,2024-08-18T00:29:39Z,,2024-09-13T15:47:26Z,"needs-ci, dependencies",main,actions/tools-update-simdutf,,,,,,,,,False,,27193779,"109660, 30630, None, None"
2024179029,nodejs-github-bot,deps: update sqlite to 3.46.1,closed,2024-08-18T00:29:38Z,,2024-08-21T15:36:12Z,"dependencies, commit-queue-rebase, dont-land-on-v20.x, sqlite",main,actions/tools-update-sqlite,,,,,,,,,False,,27193779,"109660, 30630, None, None"
2024179018,nodejs-github-bot,deps: update zlib to 1.3.0.1-motley-7e2e4d7,closed,2024-08-18T00:29:36Z,,2024-11-23T16:08:04Z,"c++, zlib, author ready, needs-ci, dependencies",main,actions/tools-update-zlib,,,,,,,,,False,,27193779,"109660, 30630, None, None"
2024174620,bakkot,doc: expand description of `parseArg`'s `default`,closed,2024-08-18T00:10:01Z,2024-12-27T19:17:55Z,2024-12-27T19:17:55Z,"util, doc, commit-queue-squash",main,patch-3,,,,,,,,,False,,27193779,"109660, 30630, None, None"
2024164820,avivkeller,doc: order web perf apis by position in spec,closed,2024-08-17T23:20:18Z,,2024-08-23T18:53:37Z,"doc, perf_hooks",main,patch-101,,,,,,,,,False,,27193779,"109660, 30630, None, None"
2024151916,avivkeller,test_runner: add support for coverage thresholds,closed,2024-08-17T22:18:01Z,2024-08-23T17:02:11Z,2024-08-23T17:02:11Z,"semver-minor, notable-change, cli, author ready, coverage, commit-queue-squash, test_runner, dont-land-on-v20.x",main,coverage-threshold,,,,,,,,,False,,27193779,"109660, 30630, None, None"
2024136050,M1CK431,doc: replace --allow-fs-read by --allow-fs-write in related section,closed,2024-08-17T21:01:28Z,2024-09-06T08:29:43Z,2024-09-06T08:29:43Z,"doc, fs, cli, author ready, permission",main,doc_replace--allow-fs-read_by_--allow-fs-write_in_related_section,,,,,,,,,False,,27193779,"109660, 30630, None, None"
2024090529,M1CK431,doc: replace --allow-fs-read by --allow-fs-write in related section,closed,2024-08-17T17:53:36Z,,2024-08-17T21:02:03Z,"doc, fs, cli, permission",main,patch-1,,,,,,,,,False,,27193779,"109660, 30630, None, None"
2024070915,avivkeller,src: use `String::ValueView` over `String::Value`,closed,2024-08-17T16:35:44Z,,2024-09-01T13:04:03Z,"c++, v8 engine, lib / src, needs-ci, needs-benchmark-ci",main,v8-valueview,,,,,,,,,True,,27193779,"109660, 30630, None, None"
2024063042,cjihrig,test_runner: finish build phase before running tests,closed,2024-08-17T16:04:38Z,2024-08-20T07:14:01Z,2024-08-20T07:14:01Z,"author ready, test_runner, dont-land-on-v20.x",main,filter-suite-order,,,,,,,,,False,,27193779,"109660, 30630, None, None"
2024048379,Banti-Lodhi,Update README.md,closed,2024-08-17T15:07:17Z,,2024-08-17T15:12:58Z,"invalid, doc",main,main,,,,,,,,,False,,27193779,"109660, 30630, None, None"
2023989341,jayaddison,doc: add references to current LTS release `iron`,closed,2024-08-17T11:22:31Z,,2024-08-23T11:50:31Z,"doc, meta, dont-land-on-v18.x",main,issue-54419/lts-docs-update-iron,,,,,,,,,False,,27193779,"109660, 30630, None, None"
2023902388,targos,src: use correct way to signal interceptor error,closed,2024-08-17T06:35:25Z,2024-08-24T17:09:40Z,2024-08-24T17:09:40Z,"c++, needs-ci, dont-land-on-v18.x, dont-land-on-v20.x, dont-land-on-v22.x",main,interceptor-error,,,,,,,,,False,,27193779,"109660, 30630, None, None"
2023684634,aduh95,test_runner: make `mock.module`'s `specifier` consistent with `import()`,closed,2024-08-16T22:23:50Z,2024-08-20T17:39:40Z,2024-08-20T17:39:40Z,"author ready, needs-ci, test_runner, dont-land-on-v20.x",main,mock-loader-import,,,,,,,,,False,,27193779,"109660, 30630, None, None"
2023643104,avivkeller,tty: expose `hasColors` and `getColorDepth`,closed,2024-08-16T21:33:44Z,,2024-09-04T00:13:21Z,"util, tty, notable-change, deprecations, needs-ci",main,tty-exposition,,,,,,,,,False,,27193779,"109660, 30630, None, None"
2023604591,tanmoy215,Update README.md,closed,2024-08-16T20:58:36Z,,2024-08-16T21:01:28Z,invalid,main,main,,,,,,,,,False,,27193779,"109660, 30630, None, None"
2023550710,RafaelGSS,"src,lib: add performance.uvMetricsInfo",closed,2024-08-16T20:16:51Z,2024-08-30T14:22:28Z,2024-08-30T14:22:29Z,"c++, semver-minor, author ready, perf_hooks, needs-ci, commit-queue-squash",main,add-uv-metrics-loop,,,,,,,,,False,,27193779,"109660, 30630, None, None"
2023523440,avivkeller,meta: run coverage-windows when `vcbuild.bat` updated,closed,2024-08-16T19:52:05Z,2024-08-19T14:01:21Z,2024-08-19T14:01:21Z,"windows, meta, coverage",main,patch-99,,,,,,,,,False,,27193779,"109660, 30630, None, None"
2023469513,mscdex,https: only use default ALPNProtocols when appropriate,closed,2024-08-16T19:13:28Z,2024-09-01T03:04:11Z,2024-09-01T03:04:11Z,"https, needs-ci",main,fix-https-alpn,,,,,,,,,False,,27193779,"109660, 30630, None, None"
2023294459,avivkeller,build: update ruff and add `lint-py-fix`,closed,2024-08-16T16:57:16Z,2024-09-24T15:20:20Z,2024-09-24T15:20:20Z,"build, python, author ready, needs-ci, backport-requested-v20.x",main,ruff-0.6.0,,,,,,,,,False,,27193779,"109660, 30630, None, None"
2023226062,avivkeller,"doc, meta: add missing `,` to `BUILDING.md`",closed,2024-08-16T16:03:02Z,2024-08-19T14:01:07Z,2024-08-19T14:01:07Z,"doc, build, meta, fast-track, author ready",main,patch-98,,,,,,,,,False,,27193779,"109660, 30630, None, None"
2022791839,Ceres6,src: add receiver to fast api callback methods,closed,2024-08-16T11:17:33Z,2024-09-28T09:46:04Z,2024-09-28T09:46:04Z,"lib / src, author ready, needs-ci, commit-queue-failed, commit-queue-squash, dont-land-on-v20.x",main,feat/fast-api-recv,,,,,,,,,False,,27193779,"109660, 30630, None, None"
2022656886,rayark1,lib: optimize link header regex for case insensitivity,open,2024-08-16T09:48:12Z,,,needs-ci,main,internal/optimize-link-header-regex,,,,,,,,,False,,27193779,"109660, 30630, None, None"
2022531871,rayark1,lib: add validateThis and validateMissingArgs utilities,open,2024-08-16T08:24:01Z,,,needs-ci,main,validators/add-validateThis-validateMissingArgs,,,,,,,,,False,,27193779,"109660, 30630, None, None"
2022411712,ShogunPanda,timers: fix validation,closed,2024-08-16T07:01:01Z,2024-08-25T07:30:10Z,2024-08-25T07:30:10Z,"timers, needs-ci, commit-queue-squash",main,sleep,,,,,,,,,False,,27193779,"109660, 30630, None, None"
2021903253,legendecas,module: add sourceURL magic comment hinting generated source,closed,2024-08-15T22:10:17Z,2024-08-20T19:45:17Z,2024-08-20T19:45:17Z,"module, inspector, author ready, needs-ci, commit-queue-squash, dont-land-on-v20.x, strip-types",main,ts/source-url,,,,,,,,,False,,27193779,"109660, 30630, None, None"
2021760477,avivkeller,meta: add links to alternative issue trackers,closed,2024-08-15T20:18:53Z,2024-09-18T07:35:58Z,2024-09-18T07:35:58Z,"meta, commit-queue-squash",main,patch-97,,,,,,,targos,,False,,27193779,"109660, 30630, None, None"
2021591391,mfdebian,doc: add esm examples to `node:https`,closed,2024-08-15T18:22:50Z,2024-08-19T13:52:40Z,2024-08-19T13:52:40Z,"https, doc, esm, commit-queue-squash",main,docs-https-esm,,,,,,,,,False,,27193779,"109660, 30630, None, None"
2021431124,HBSPS,path: change `path.join` to use array dynamic allocation,closed,2024-08-15T16:37:51Z,,2024-08-20T13:27:10Z,"path, needs-ci",main,path-posix-join,,,,,,,,,False,,27193779,"109660, 30630, None, None"
2021284783,targos,test: prevent V8 from writing into the system's tmpdir,closed,2024-08-15T15:11:22Z,2024-08-21T15:44:40Z,2024-08-21T15:44:40Z,"test, needs-ci, dont-land-on-v20.x",main,fix-test-tmp,,,,,,,,,False,,27193779,"109660, 30630, None, None"
2021239906,joyeecheung,vm: introduce vanilla contexts via vm.constants.DONT_CONTEXTIFY,closed,2024-08-15T14:47:19Z,2024-08-29T09:05:03Z,2024-08-29T09:05:03Z,"c++, vm, semver-minor, lib / src, notable-change, needs-ci, commit-queue-squash",main,vanilla-context,,,,,,,,,False,,27193779,"109660, 30630, None, None"
2021073902,puskin94,benchmark: adds groups to better separate benchmarks,closed,2024-08-15T13:03:49Z,2024-09-04T03:26:53Z,2024-09-04T03:26:53Z,"http, benchmark, commit-queue-squash",main,benchmarks-by-groups,,,,,,,,,False,,27193779,"109660, 30630, None, None"
2021005311,debbs061,doc: update websocket flag description to reflect stable API status,closed,2024-08-15T12:16:25Z,,2024-08-21T12:19:25Z,"doc, cli",main,update-websocket-docs,,,,,,,,,False,,27193779,"109660, 30630, None, None"
2020603193,ronag,buffer: properly apply dst offset and src length on fast path,closed,2024-08-15T06:18:07Z,2024-08-15T18:31:11Z,2024-08-15T18:31:11Z,"buffer, c++, fast-track, needs-ci, dont-land-on-v20.x",main,fast-string-missing-offset,,,,,,,santigimeno,,False,,27193779,"109660, 30630, None, None"
2020237645,RafaelGSS,lib: respect terminal capabilities on styleText,closed,2024-08-14T23:02:26Z,2024-08-28T18:00:11Z,2024-08-28T18:00:11Z,"util, author ready, needs-ci, commit-queue-squash",main,support-tty-no-colors-styleText,,,,,,,,,False,,27193779,"109660, 30630, None, None"
2020207518,cjihrig,test_runner: report failures in filtered suites,closed,2024-08-14T22:31:45Z,2024-08-18T17:34:11Z,2024-08-18T17:34:11Z,"author ready, dont-land-on-v18.x, test_runner, dont-land-on-v20.x",main,suite-throw,,,,,,,,,False,,27193779,"109660, 30630, None, None"
2020163067,avivkeller,build: print `Running XYZ linter...` for py and yml,closed,2024-08-14T21:47:13Z,2024-09-18T12:04:38Z,2024-09-18T12:04:38Z,"build, needs-ci, commit-queue-squash",main,patch-95,,,,,,,,,False,,27193779,"109660, 30630, None, None"
2020083919,avivkeller,src: use `for` loop in `Dotenv::GetPathFromArgs`,closed,2024-08-14T20:44:32Z,,2024-09-12T22:36:24Z,"c++, needs-ci, commit-queue-squash, dotenv",main,patch-93,,,,,,,anonrig,,False,,27193779,"109660, 30630, None, None"
2020031420,joyeecheung,"[v22.x] Revert ""v8: enable maglev on supported architectures""",closed,2024-08-14T20:05:10Z,,2024-09-06T01:11:01Z,"build, notable-change, needs-ci, commit-queue-rebase, dont-land-on-v20.x, v22.x",v22.x-staging,disable-maglev-22,,,,,,,,,False,,27193779,"109660, 30630, None, None"
2019947032,clavin,doc: reserve ABI 130 for Electron 33,closed,2024-08-14T19:09:56Z,2024-08-19T00:43:30Z,2024-08-19T00:43:31Z,"doc, author ready, dont-land-on-v20.x, backported-to-v22.x",main,clavin/doc-electron-33-abi,,,,,,,,,False,,27193779,"109660, 30630, None, None"
2019941104,avivkeller,lib: reword `--trace-*` message,closed,2024-08-14T19:06:39Z,,2024-09-04T21:21:43Z,"c++, process, needs-ci, needs-citgm",main,trace-message,,,,,,,,,False,,27193779,"109660, 30630, None, None"
2019910127,RafaelGSS,doc: add git node security --cleanup,closed,2024-08-14T18:45:00Z,2024-08-17T13:50:28Z,2024-08-17T13:50:28Z,"doc, author ready",main,use-git-node-cleanup,,,,,,,,,False,,27193779,"109660, 30630, None, None"
2019812156,RafaelGSS,lib: add util.getCallSite() API,closed,2024-08-14T17:42:46Z,2024-09-04T19:47:26Z,2024-09-04T19:47:26Z,"util, semver-minor, author ready, needs-ci, commit-queue-squash, dont-land-on-v20.x",main,add-getCallSite,,,,,,,joyeecheung,,False,,27193779,"109660, 30630, None, None"
2019696701,pmarchini,test_runner: avoid coverage report partial file names,closed,2024-08-14T16:32:46Z,2024-09-18T16:24:20Z,2024-09-18T16:24:20Z,"experimental, author ready, coverage, commit-queue-failed, commit-queue-squash, test_runner, dont-land-on-v20.x",main,issue/51299,,,,,,,,,False,,27193779,"109660, 30630, None, None"
2019603109,qxrein,meta: update release documentation guidelines  - Added a note about updating guides for releases.,closed,2024-08-14T15:36:08Z,,2024-10-11T06:06:09Z,"doc, meta",main,patch-3,,,,,,,,,False,,27193779,"109660, 30630, None, None"
2019449346,codebytere,test: make snapshot comparison more flexible,closed,2024-08-14T14:24:56Z,2024-08-16T14:29:22Z,2024-08-16T14:29:22Z,"test, author ready, needs-ci, dont-land-on-v20.x",main,generic-snapshots,,,,,,,MoLow,,False,,27193779,"109660, 30630, None, None"
2019415387,nodejs-github-bot,deps: update amaro to 0.1.6,closed,2024-08-14T14:09:38Z,,2024-08-19T12:26:57Z,"lib / src, needs-ci, dependencies, commit-queue-failed, dont-land-on-v20.x, strip-types",main,actions/tools-update-amaro,,,,,,,,,False,,27193779,"109660, 30630, None, None"
2019380478,marco-ippolito,"[v22.x] Backport: ""module: add --experimental-transform-types flag""",closed,2024-08-14T13:56:44Z,,2024-08-19T15:07:52Z,"lib / src, needs-ci, v22.x",v22.x-staging,backport/transform,,,,,,,,,False,,27193779,"109660, 30630, None, None"
2019298243,rayark1,fs: improve signal abortion check in read method,closed,2024-08-14T13:22:13Z,,2024-08-24T05:04:21Z,"fs, needs-ci",main,fs/improve-read-signal-check,,,,,,,,,False,,27193779,"109660, 30630, None, None"
2019230123,isid555,made a note about sync and major release,closed,2024-08-14T12:50:20Z,,2024-08-14T18:21:06Z,"doc, meta",main,main,,,,,,,,,False,,27193779,"109660, 30630, None, None"
2019171606,rayark1,fs: refactor handleTimestampsAndMode to remove redundant call,closed,2024-08-14T12:20:19Z,2024-08-24T16:50:57Z,2024-08-24T16:50:57Z,"fs, author ready, needs-ci",main,fs/refactor-timestamps-handling,,,,,,,,,False,,27193779,"109660, 30630, None, None"
2019167927,puskin94,esm: modernize old tests,closed,2024-08-14T12:18:18Z,2024-09-06T08:29:27Z,2024-09-06T08:29:27Z,"test, esm, author ready, needs-ci",main,modernize-old-esm-tests,,,,,,,,,False,,27193779,"109660, 30630, None, None"
2018852925,injunchoi98,path: update win32 toNamespacedPath to support device namespace paths,open,2024-08-14T09:23:44Z,,,"windows, semver-minor, path, needs-ci, needs-benchmark-ci",main,namedspace,,,,,,,,,False,,27193779,"109660, 30630, None, None"
2018235159,rdw-msft,src: add WDAC integration (Windows),open,2024-08-14T00:35:14Z,,,"windows, semver-minor, lib / src, needs-ci, security-wg-agenda",main,wldp-integration,,,,,,,,,False,,27193779,"109660, 30630, None, None"
2017916349,RafaelGSS,doc: replace v19 mention in Current release,closed,2024-08-13T20:32:53Z,2024-08-15T20:40:25Z,2024-08-15T20:40:25Z,"doc, meta, author ready",main,update-release-type-mention,,,,,,,,,False,,27193779,"109660, 30630, None, None"
2017704050,avivkeller,meta: remove unneeded ignore rules from ruff,closed,2024-08-13T18:09:33Z,2024-09-18T15:07:37Z,2024-09-18T15:07:37Z,"python, author ready, commit-queue-squash, dont-land-on-v20.x",main,patch-92,,,,,,,targos,,False,,27193779,"109660, 30630, None, None"
2017541975,avivkeller,build: update required python version to 3.8,closed,2024-08-13T16:27:21Z,2024-08-23T21:20:32Z,2024-08-23T21:20:33Z,"doc, build, python, needs-ci, commit-queue-squash, dont-land-on-v18.x, backport-requested-v20.x",main,python3.8,,,,,,,,,False,,27193779,"109660, 30630, None, None"
2017385433,puskin94,net: replaced RegExpPrototypeTest with RegExpPrototypeExec for ip check,closed,2024-08-13T15:01:59Z,,2024-08-14T12:17:15Z,"net, needs-ci, needs-benchmark-ci",main,net-isIPv-regex-exec,,,,,,,,,False,,27193779,"109660, 30630, None, None"
2017297380,targos,"src,test: track `URL.canParse` fast API calls",closed,2024-08-13T14:19:34Z,2024-08-15T14:23:43Z,2024-08-15T14:23:43Z,"c++, whatwg-url, needs-ci, typings, dont-land-on-v20.x",main,urlcanparse-test,,,,,,,,,False,,27193779,"109660, 30630, None, None"
2017287702,tannal,test: merge ongc and gcutil into gc.js,closed,2024-08-13T14:14:52Z,,2024-08-29T07:50:13Z,"test, addons, async_hooks, node-api, needs-ci, commit-queue-squash",main,common-gc,,,,,,,,,False,,27193779,"109660, 30630, None, None"
2017268535,puskin94,esm: mordernize old tests,closed,2024-08-13T14:05:31Z,,2024-08-14T12:16:55Z,"test, esm, needs-ci",main,test-modernize-old-esm-tests,,,,,,,,,False,,27193779,"109660, 30630, None, None"
2017221215,cjihrig,test_runner: remove problematic uses of parseCommandLine(),closed,2024-08-13T13:44:44Z,,2024-08-15T13:52:59Z,"lib / src, author ready, commit-queue-rebase, test_runner, dont-land-on-v20.x",main,test-options,,,,,,,,,False,,27193779,"109660, 30630, None, None"
2016454852,targos,sqlite: return results with null prototype,closed,2024-08-13T07:01:07Z,2024-08-25T10:43:17Z,2024-08-25T10:43:17Z,"c++, needs-ci, commit-queue-squash, dont-land-on-v20.x, sqlite",main,sqlite-proto,,,,,,,,,False,,27193779,"109660, 30630, None, None"
2016065741,avivkeller,tools: update `sdwrap.py` to use Python3.8 features,closed,2024-08-13T00:16:17Z,,2024-09-01T13:02:07Z,"tools, python, commit-queue-squash",main,patch-91,,,,,,,anonrig,,False,,27193779,"109660, 30630, None, None"
2015979857,avivkeller,meta: update devcontainer to the latest schema,open,2024-08-12T22:37:19Z,,,"meta, arm, commit-queue-squash",main,devcontainer-new,,,,,,,,,False,,27193779,"109660, 30630, None, None"
2015885382,ronag,buffer: optimize byteLength for short strings,closed,2024-08-12T21:10:41Z,2024-08-14T21:22:13Z,2024-08-14T21:22:13Z,"buffer, c++, author ready, needs-ci, dont-land-on-v20.x",main,bytelength-int64,,,,,,,benjamingr,,False,,27193779,"109660, 30630, None, None"
2015755411,ronag,buffer: optimize byteLength for common encodings,closed,2024-08-12T19:40:47Z,2024-08-14T19:46:48Z,2024-08-14T19:46:48Z,"buffer, author ready, needs-ci",main,byteLength-o,,,,,,,lemire,,False,,27193779,"109660, 30630, None, None"
2015696989,jasnell,src: shift even moar x509 to ncrypto,closed,2024-08-12T19:02:53Z,,2024-08-14T21:01:56Z,"crypto, c++, lib / src, author ready, dont-land-on-v20.x",main,use-ncrypto-moar-2,,,,,,,tniessen,,False,,27193779,"109660, 30630, None, None"
2015639522,targos,build: always disable strict aliasing,closed,2024-08-12T18:22:57Z,2024-08-14T18:33:44Z,2024-08-14T18:33:44Z,"build, v8 engine, tools, needs-ci, dont-land-on-v20.x",main,no-strict-aliasing,,,,,,,,,False,,27193779,"109660, 30630, None, None"
2015486578,richardlau,doc: use gcc 12 on AIX for Node.js >=23,closed,2024-08-12T16:40:28Z,2024-08-16T13:10:45Z,2024-08-16T13:10:45Z,"doc, semver-major, build, aix, notable-change",main,building,,,,,,,,,False,,27193779,"109660, 30630, None, None"
2015402884,joyeecheung,build: don't clean obj.target directory if it doesn't exist,closed,2024-08-12T15:52:33Z,2024-08-24T14:17:45Z,2024-08-24T14:17:45Z,"build, needs-ci, commit-queue-squash",main,ninja-coverage,,,,,,,,,False,,27193779,"109660, 30630, None, None"
2015319746,nodejs-github-bot,deps: update OpenSSL to 3.0.14+quic1,closed,2024-08-12T15:14:10Z,,2024-08-14T17:07:44Z,"openssl, needs-ci, dependencies, commit-queue-rebase, backported-to-v18.x, lts-watch-v20.x",main,actions/tools-update-openssl,,,,,,,,,False,,27193779,"109660, 30630, None, None"
2015292820,avivkeller,tools: remove header from c-ares license,closed,2024-08-12T15:02:07Z,2024-08-14T15:43:24Z,2024-08-14T15:43:24Z,tools,main,patch-89,,,,,,,,,False,,27193779,"109660, 30630, None, None"
2015276207,RafaelGSS,benchmark: use assert.ok searchparams,closed,2024-08-12T14:53:51Z,2024-08-14T18:43:02Z,2024-08-14T18:43:02Z,"url, benchmark, whatwg-url, author ready",main,change-to-assert-ok-2,,,,,,,,,False,,27193779,"109660, 30630, None, None"
2015274256,RafaelGSS,benchmark: add initial support for benchmark coverage,open,2024-08-12T14:52:51Z,,,"url, benchmark, performance, whatwg-url",main,benchmark-coverage,,,,,,,,,True,,27193779,"109660, 30630, None, None"
2015134545,jakecastelli,test: make sure current run result is pushed and reset,closed,2024-08-12T13:49:42Z,2024-08-14T13:59:06Z,2024-08-14T13:59:06Z,"test, author ready, needs-ci, dont-land-on-v20.x",main,fix-result-push-and-reset,,,,,,,"MoLow, atlowChemi",,False,,27193779,"109660, 30630, None, None"
2014805910,HBSPS,path: change `posix.join` to use array,closed,2024-08-12T11:12:54Z,2024-08-14T11:18:49Z,2024-08-14T11:18:49Z,"path, author ready, needs-ci, needs-benchmark-ci",main,path,,,,,,,,,False,,27193779,"109660, 30630, None, None"
2014763435,legendecas,doc: experimental flag for global accessible APIs,closed,2024-08-12T10:50:03Z,2024-09-09T13:57:04Z,2024-09-09T13:57:04Z,doc,main,doc/global-experimental,,,,,,,,,False,,27193779,"109660, 30630, None, None"
2014677282,legendecas,lib: Symbol.dispose should be enabled with experimental flag,closed,2024-08-12T10:07:26Z,,2024-08-27T09:52:27Z,"c++, process, tsc-agenda, needs-ci",main,harmony/explicit-resource,,,,,,,,,False,,27193779,"109660, 30630, None, None"
2014584575,theoludwig,doc: add versions when `--watch-preserve-output` was added,closed,2024-08-12T09:21:53Z,2024-08-16T00:56:33Z,2024-08-16T00:56:33Z,"doc, cli, author ready",main,doc/watch-preserve-output-versions,,,,,,,,,False,,27193779,"109660, 30630, None, None"
2014408643,adityab-20040426,Update devcontainer.json,closed,2024-08-12T07:43:21Z,,2024-08-12T07:59:31Z,invalid,main,main,,,,,,,,,False,,27193779,"109660, 30630, None, None"
2014272172,tie,test: fix volatile for CauseSegfault with clang,closed,2024-08-12T06:06:47Z,2024-09-07T22:29:24Z,2024-09-07T22:29:24Z,"c++, author ready",main,cause-segfault-optnone,,,,,,,,,False,,27193779,"109660, 30630, None, None"
2014270141,ronag,buffer: optimize createFromString,closed,2024-08-12T06:05:02Z,2024-08-14T13:34:08Z,2024-08-14T13:34:08Z,"buffer, c++, notable-change, author ready, needs-ci",main,rm-createFromString,,,,,,,"lemire, benjamingr, lpinca, targos",,False,,27193779,"109660, 30630, None, None"
2014029584,theoludwig,watch: preserve output when gracefully restarted,closed,2024-08-12T00:40:17Z,2024-09-30T21:02:58Z,2024-09-30T21:02:58Z,"needs-ci, watch-mode",main,watch/preserve-output-when-gracefully-restarted,,,,,,,,,False,,27193779,"109660, 30630, None, None"
2014009969,github-actions[bot],doc: run license-builder,closed,2024-08-12T00:06:38Z,,2024-08-13T10:58:20Z,meta,main,actions/license-builder,,,,,,,,,False,,27193779,"109660, 30630, None, None"
2013999672,JoftheV,Updates,closed,2024-08-11T23:37:30Z,,2024-08-11T23:50:41Z,invalid,main,main,,,,,,,,,False,,27193779,"109660, 30630, None, None"
2013985038,jasnell,src: move more crypto code to ncrypto,closed,2024-08-11T22:44:28Z,,2024-08-19T14:05:32Z,"crypto, c++, lib / src, needs-ci, dont-land-on-v20.x",main,crypto-bio-to-ncrypto,,,,,,,"mcollina, tniessen",,False,,27193779,"109660, 30630, None, None"
2013873332,ronag,buffer: optimize for common encodings,closed,2024-08-11T16:14:59Z,2024-08-13T16:19:05Z,2024-08-13T16:19:05Z,"buffer, author ready, needs-ci, needs-benchmark-ci",main,buffer-write-check,,,,,,,"mcollina, benjamingr, targos",,False,,27193779,"109660, 30630, None, None"
2013804119,targos,"src,test: ensure that V8 fast APIs are called",closed,2024-08-11T12:34:49Z,2024-08-13T12:37:02Z,2024-08-13T12:37:02Z,"c++, lib / src, author ready, needs-ci, commit-queue-squash, dont-land-on-v20.x",main,track-v8-fast-api,,,,,,,,,False,,27193779,"109660, 30630, None, None"
2013761807,BalaM314,"src: rewrite BindingData::GetPackageScopeConfig, don't use url parser",closed,2024-08-11T10:12:50Z,,2024-12-25T06:03:22Z,"c++, needs-ci",main,patch-1,,,,,,,,,True,,27193779,"109660, 30630, None, None"
2013725662,marco-ippolito,tools: add find pyenv path on windows,closed,2024-08-11T08:14:13Z,2024-08-13T08:24:55Z,2024-08-13T08:24:55Z,"windows, install, tools, author ready, needs-ci",main,feat/support-pyenv,,,,,,,,,False,,27193779,"109660, 30630, None, None"
2013632326,nodejs-github-bot,tools: update eslint to 9.9.1,closed,2024-08-11T00:30:21Z,,2024-09-06T17:35:40Z,"tools, commit-queue-squash",main,actions/tools-update-eslint,,,,,,,,,False,,27193779,"109660, 30630, None, None"
2013632287,nodejs-github-bot,deps: update simdutf to 5.3.4,closed,2024-08-11T00:30:10Z,2024-08-13T00:54:02Z,2024-08-13T00:54:02Z,"needs-ci, dependencies",main,actions/tools-update-simdutf,,,,,,,,,False,,27193779,"109660, 30630, None, None"
2013575047,ronag,buffer: use fast API for writing one-byte strings,closed,2024-08-10T19:59:03Z,2024-08-15T01:01:05Z,2024-08-15T01:01:05Z,"buffer, c++, notable-change, author ready, needs-ci, dont-land-on-v20.x",main,write-string-fast-api,,,,,,,"ShogunPanda, BridgeAR",,False,,27193779,"109660, 30630, None, None"
2013560814,ronag,buffer: optimize writing short strings,open,2024-08-10T18:51:53Z,,,"buffer, performance, needs-ci, needs-benchmark-ci",main,write-short-string,,,,,,,"mcollina, lpinca, avivkeller",,True,,27193779,"109660, 30630, None, None"
2013539943,Codder-lab,doc: update documentation in fs.StatsFs,open,2024-08-10T17:49:43Z,,,"doc, fs",main,suyashpotdar/update-statsfs-docs,,,,,,,,,False,,27193779,"109660, 30630, None, None"
2013398623,jakecastelli,benchmark: add stream.compose benchmark,closed,2024-08-10T12:29:07Z,2024-08-12T12:40:06Z,2024-08-12T12:40:06Z,"stream, benchmark, author ready",main,add-bench-stream-compose,,,,,,,,,False,,27193779,"109660, 30630, None, None"
2013335565,vadorovsky,build: Allow to use atomic builtins from compiler-rt instead of libatomic,open,2024-08-10T08:27:27Z,,,"build, v8 engine, tools, needs-ci, gyp",main,clang-latomic,,,,,,,,,False,,27193779,"109660, 30630, None, None"
2013217312,Uzlopak,tls: Server should generate lazily create sessionIdContext,open,2024-08-10T01:55:30Z,,,"tls, needs-ci",main,lazy-session-id-context,,,,,,,,,False,,27193779,"109660, 30630, None, None"
2013214740,Uzlopak,tls: improve performance of getAllowUnauthorized,open,2024-08-10T01:44:41Z,,,"tls, performance, needs-ci",main,perf-allow-unauthorized,,,,,,,,,False,,27193779,"109660, 30630, None, None"
2013187844,avivkeller,process: add `process.features.typescript`,closed,2024-08-10T00:15:02Z,2024-10-05T07:08:11Z,2024-10-05T07:08:11Z,"semver-minor, process, experimental, author ready, needs-ci, commit-queue-squash, strip-types",main,process-typescript,,,,,,,,,False,,27193779,"109660, 30630, None, None"
2013106472,mfdebian,doc: add esm examples to `node:http2`,closed,2024-08-09T22:07:47Z,2024-08-11T22:15:09Z,2024-08-11T22:15:09Z,"doc, http2, esm",main,docs-http2-esm,,,,,,,,,False,,27193779,"109660, 30630, None, None"
2012949852,joyeecheung,src: update compile cache storage structure,closed,2024-08-09T19:29:52Z,2024-08-19T11:54:37Z,2024-08-19T11:54:37Z,"c++, needs-ci, dont-land-on-v20.x",main,refactor-compile-cache,,,,,,,,,False,,27193779,"109660, 30630, None, None"
2012904221,avivkeller,meta: update workflow names,closed,2024-08-09T18:51:25Z,,2024-08-17T23:36:27Z,meta,main,workflow-names,,,,,,,,,False,,27193779,"109660, 30630, None, None"
2012881369,avivkeller,util: allow colors in non-tty if `FORCE_COLOR`,closed,2024-08-09T18:31:44Z,,2024-09-23T19:27:16Z,"util, needs-ci",main,tty-force-colors,,,,,,,,,False,,27193779,"109660, 30630, None, None"
2012746278,avivkeller,fs: fix subdirectory detection logic,closed,2024-08-09T16:55:03Z,,2024-09-20T20:29:36Z,"wip, c++, fs, needs-ci",main,fs-subdir,,,,,,,,,False,,27193779,"109660, 30630, None, None"
2012713822,aduh95,module: do not attempt to strip type when there's no source,closed,2024-08-09T16:29:28Z,2024-08-12T07:51:41Z,2024-08-12T07:51:41Z,"module, esm, author ready, needs-ci, dont-land-on-v20.x",main,simplify-type-stripping,,,,,,,,,False,,27193779,"109660, 30630, None, None"
2012672402,nodejs-github-bot,deps: update undici to 6.19.7,closed,2024-08-09T16:01:03Z,2024-08-09T22:03:04Z,2024-08-09T22:03:04Z,"lib / src, fast-track, needs-ci, dependencies",main,actions/tools-update-undici,,,,,,,,,False,,27193779,"109660, 30630, None, None"
2012144035,marco-ippolito,module: add --experimental-transform-types flag,closed,2024-08-09T10:34:51Z,2024-08-12T13:07:49Z,2024-08-12T13:07:49Z,"semver-minor, lib / src, notable-change, author ready, needs-ci, commit-queue-squash, dont-land-on-v20.x, strip-types",main,feat/enable-transformations,,,,,,,,,False,,27193779,"109660, 30630, None, None"
2011752677,targos,tty: initialize winSize array with values,closed,2024-08-09T06:18:12Z,2024-08-11T06:32:13Z,2024-08-11T06:32:13Z,"tty, needs-ci, commit-queue-squash",main,tty-winsize,,,,,,,,,False,,27193779,"109660, 30630, None, None"
2011512361,joyeecheung,src: use v8::Isolate::GetDefaultLocale() to compute navigator.language,closed,2024-08-09T01:11:51Z,,2024-08-29T03:25:53Z,"v8 engine, lib / src, needs-ci, dependencies, commit-queue-rebase, dont-land-on-v20.x",main,locale-native,,,,,,,,,False,,27193779,"109660, 30630, None, None"
2011492746,avivkeller,benchmark: add dotenv benchmark,closed,2024-08-09T00:40:52Z,2024-09-18T00:30:39Z,2024-09-18T00:30:39Z,"benchmark, commit-queue-squash, dotenv",main,dotenv-bench,,,,,,,jasnell,,False,,27193779,"109660, 30630, None, None"
2011431598,nodejs-github-bot,deps: update nbytes to 0.1.1,closed,2024-08-08T23:14:31Z,2024-08-10T23:26:02Z,2024-08-10T23:26:02Z,"author ready, needs-ci, dependencies, dont-land-on-v20.x",main,actions/tools-update-nbytes,,,,,,,"mcollina, jasnell",,False,,27193779,"109660, 30630, None, None"
2011376306,joyeecheung,src: refactor http parser binding initialization,closed,2024-08-08T22:22:21Z,2024-08-14T21:21:59Z,2024-08-14T21:21:59Z,"c++, http_parser, needs-ci, dont-land-on-v20.x",main,http-parser-binding,,,,,,,,,False,,27193779,"109660, 30630, None, None"
2011359332,H4ad,lib: fix emit warning for debuglog.time when disabled,closed,2024-08-08T22:08:17Z,2024-08-27T16:20:35Z,2024-08-27T16:20:36Z,"util, author ready, needs-ci, commit-queue-squash, dont-land-on-v20.x",main,fix-gh-54265,,,,,,,,,False,,27193779,"109660, 30630, None, None"
2011074874,RafaelGSS,benchmark: rename count to n,closed,2024-08-08T18:25:23Z,2024-08-10T20:07:55Z,2024-08-10T20:07:55Z,benchmark,main,change-count-to-n,,,,,,,,,False,,27193779,"109660, 30630, None, None"
2010722976,RafaelGSS,doc: explicitly mention node:fs module restriction,closed,2024-08-08T14:45:17Z,2024-08-10T20:07:06Z,2024-08-10T20:07:06Z,"doc, commit-queue-squash, permission",main,add-node-fs-mention,,,,,,,,,False,,27193779,"109660, 30630, None, None"
2010703774,tniessen,doc: add note on weakness of permission model,closed,2024-08-08T14:36:15Z,2024-08-17T13:03:21Z,2024-08-17T13:03:21Z,"doc, security, author ready, permission",main,doc-permission-model-no-security,,,,,,,,,False,,27193779,"109660, 30630, None, None"
2010699189,RafaelGSS,meta: add test-permission-* CODEOWNERS,closed,2024-08-08T14:34:07Z,2024-08-10T20:06:39Z,2024-08-10T20:06:39Z,"meta, author ready, permission",main,add-permission-test-codeowners,,,,,,,,,False,,27193779,"109660, 30630, None, None"
2010694744,RafaelGSS,doc: remove module-based permission doc,closed,2024-08-08T14:32:02Z,2024-08-10T20:06:25Z,2024-08-10T20:06:25Z,"doc, author ready, policy, dont-land-on-v20.x",main,remove-policy-docs,,,,,,,,,False,,27193779,"109660, 30630, None, None"
2010200256,puskin94,net: exclude ipv6 loopback addresses from server.listen,closed,2024-08-08T10:18:59Z,2024-08-23T09:11:44Z,2024-08-23T09:11:44Z,"net, semver-minor, author ready, needs-ci, commit-queue-squash",main,net-exclude-ipv6-loopback-addresses-from-server.listen,,,,,,,,,False,,27193779,"109660, 30630, None, None"
2009685308,jazelly,doc: correct peformance entry types,closed,2024-08-08T04:36:47Z,2024-08-15T11:11:08Z,2024-08-15T11:11:08Z,"doc, author ready, perf_hooks",main,update-perf-entry-type,,,,,,,,,False,,27193779,"109660, 30630, None, None"
2009545316,injunchoi98,url: modify pathToFileURL to handle extended UNC paths,closed,2024-08-08T01:49:22Z,2024-08-12T14:48:39Z,2024-08-12T14:48:39Z,"url, windows, whatwg-url, author ready, needs-ci",main,issue-54261,,,,,,,,,False,,27193779,"109660, 30630, None, None"
2009385177,juanarbol,cli: add `--heap-prof` flag available to `NODE_OPTIONS`,closed,2024-08-07T23:37:44Z,2024-10-20T02:17:22Z,2024-10-20T02:17:22Z,"cli, author ready, needs-ci, commit-queue-failed",main,juan/heap-proof,,,,,,,,,False,,27193779,"109660, 30630, None, None"
2009382657,MCprotein,lib: avoid for of loop and remove unnecessary variable in zlib,closed,2024-08-07T23:34:39Z,2024-08-12T03:53:12Z,2024-08-12T03:53:12Z,"zlib, author ready, needs-ci",main,fix/zlib,,,,,,,,,False,,27193779,"109660, 30630, None, None"
2009300619,avivkeller,benchmark: move `util` benchmarks,closed,2024-08-07T21:59:15Z,,2024-08-08T14:07:29Z,"util, benchmark",main,util-bench,,,,,,,,,False,,27193779,"109660, 30630, None, None"
2009231377,RafaelGSS,benchmark: change assert() to assert.ok(),closed,2024-08-07T21:04:04Z,2024-08-10T20:06:18Z,2024-08-10T20:06:18Z,"fs, benchmark",main,change-to-assert-ok,,,,,,,,,False,,27193779,"109660, 30630, None, None"
2009121776,RafaelGSS,test: add permission.isEnabled type testing,closed,2024-08-07T19:53:00Z,,2024-08-07T21:13:57Z,"test, needs-ci",main,add-permission-isEnabled-test,,,,,,,,,False,,27193779,"109660, 30630, None, None"
2009081612,RafaelGSS,typings: add util.styleText type definition,closed,2024-08-07T19:26:20Z,2024-08-09T19:36:27Z,2024-08-09T19:36:27Z,"author ready, typings",main,add-permission-types,,,,,,,,,False,,27193779,"109660, 30630, None, None"
2008886577,Ethan-Arrowood,test: snicallback prioritization issue,open,2024-08-07T17:18:19Z,,,"test, needs-ci",main,snicallback-prioritization,,,,,,,,,False,,27193779,"109660, 30630, None, None"
2008762676,stagas,lib: expose tsParse as util.stripTypescriptTypes,closed,2024-08-07T15:57:32Z,,2025-02-04T10:02:38Z,"semver-minor, lib / src, experimental, needs-ci, strip-types",main,expose-tsparse,,,,,,,,,False,,27193779,"109660, 30630, None, None"
2008598605,puskin94,dns: exclude loopback link from the single lookup resolution,closed,2024-08-07T14:31:54Z,,2024-08-08T10:19:30Z,"dns, needs-ci",main,dns-single-lookup-exclude-loopback,,,,,,,,,False,,27193779,"109660, 30630, None, None"
2008320100,cola119,inspector: support `Network.loadingFailed` event,closed,2024-08-07T12:17:52Z,2024-08-11T11:42:02Z,2024-08-11T11:42:02Z,"c++, semver-minor, lib / src, inspector",main,support-failed-event,,,,,,,,,False,,27193779,"109660, 30630, None, None"
2008290499,rayark1,console: use validateOneOf for colorMode validation,closed,2024-08-07T12:01:21Z,2024-08-10T01:49:41Z,2024-08-10T01:49:41Z,"console, author ready, commit-queue-squash",main,refactor-console-validateOneOf,,,,,,,,,False,,27193779,"109660, 30630, None, None"
2007717197,marco-ippolito,module: refactor ts parser loading,closed,2024-08-07T06:40:00Z,2024-08-09T06:46:59Z,2024-08-09T06:46:59Z,"module, author ready, needs-ci, dont-land-on-v20.x, strip-types",main,feat/fix-module-loading,,,,,,,,,False,,27193779,"109660, 30630, None, None"
2007559943,Isaac-yz-Liu,test: fix timeout not being cleared,closed,2024-08-07T05:37:38Z,2024-08-09T05:42:10Z,2024-08-09T05:42:10Z,"test, author ready, needs-ci",main,fix-clear-timeout,,,,,,,,,False,,27193779,"109660, 30630, None, None"
2007471072,jasnell,src: move some X509Certificate stuff to ncrypto,closed,2024-08-07T04:58:43Z,,2024-08-12T18:40:30Z,"crypto, c++, lib / src, author ready, dependencies, dont-land-on-v20.x",main,use-ncrypto-moar,,,,,,,"benjamingr, tniessen",,False,,27193779,"109660, 30630, None, None"
2007153137,Qard,lib: improve async_context_frame structure,closed,2024-08-07T02:21:09Z,2024-08-09T19:44:43Z,2024-08-09T19:44:43Z,"doc, lib / src, diag-agenda, needs-ci, dont-land-on-v20.x, async_local_storage",main,als-rewrite-followup,,,,,,,,,False,,27193779,"109660, 30630, None, None"
2007040925,JoftheV,Updates to Node,closed,2024-08-07T01:15:30Z,,2024-08-07T01:45:43Z,invalid,main,main,,,,,,,,,False,,27193779,"109660, 30630, None, None"
2006973367,avivkeller,src: don't match after `--` in `Dotenv::GetPathFromArgs`,closed,2024-08-07T00:11:34Z,2024-08-13T23:56:56Z,2024-08-13T23:56:56Z,"c++, needs-ci, backport-requested-v20.x, dotenv",main,dotenv-fix,,,,,,,,,False,,27193779,"109660, 30630, None, None"
2006972495,JoftheV,Create webpack.yml,closed,2024-08-07T00:10:23Z,,2024-08-07T00:15:49Z,invalid,main,main,,,,,,,,,False,,27193779,"109660, 30630, None, None"
2006585806,aduh95,test: refactor `test-runner-module-mocking`,closed,2024-08-06T18:17:21Z,2024-08-08T18:27:08Z,2024-08-08T18:27:08Z,"test, author ready, needs-ci",main,refactor-mock_loader-test,,,,,,,,,False,,27193779,"109660, 30630, None, None"
2006574863,avivkeller,build: don't store eslint locally,closed,2024-08-06T18:09:08Z,2024-09-06T17:31:46Z,2024-09-06T17:31:46Z,"build, meta, tools, author ready, needs-ci, review wanted, commit-queue-squash, dont-land-on-v18.x, dont-land-on-v20.x",main,eslint-not-local,,,,,,,"anonrig, targos",,False,,27193779,"109660, 30630, None, None"
2006535922,avivkeller,"doc, test: fix `added` versions in `context.filePath`",closed,2024-08-06T17:40:36Z,,2024-08-06T17:51:41Z,"doc, fast-track, test_runner",main,patch-87,,,,,,,,,False,,27193779,"109660, 30630, None, None"
2006531932,RafaelGSS,doc: sort versions DESC,closed,2024-08-06T17:37:58Z,2024-08-06T21:56:00Z,2024-08-06T21:56:00Z,"doc, fast-track, author ready, commit-queue-failed, dont-land-on-v18.x, test_runner, dont-land-on-v20.x, dont-land-on-v22.x",main,hot-fix-lint,,,,,,,,,False,,27193779,"109660, 30630, None, None"
2006345566,Skaytel,V9.x,closed,2024-08-06T15:33:13Z,,2024-08-06T15:38:00Z,invalid,main,v9.x,,,,,,,,,False,,27193779,"109660, 30630, None, None"
2006298592,domharrington,doc: broken `PerformanceObserver` code sample,closed,2024-08-06T15:07:58Z,2024-11-02T17:05:25Z,2024-11-02T17:05:25Z,"doc, perf_hooks, dont-land-on-v20.x",main,patch-1,,,,,,,,,False,,27193779,"109660, 30630, None, None"
2006274534,pmarchini,test_runner: ensure test watcher picks up new test files,closed,2024-08-06T14:55:42Z,2024-08-29T08:55:34Z,2024-08-29T08:55:34Z,"author ready, commit-queue-squash, test_runner, dont-land-on-v20.x",main,issue/53077,,,,,,,MoLow,,False,,27193779,"109660, 30630, None, None"
2005927028,huseyinacacak-janea,path: fix bugs and inconsistencies,closed,2024-08-06T12:03:37Z,2024-09-14T14:56:31Z,2024-09-14T14:56:31Z,"c++, windows, semver-major, path, author ready, needs-citgm, commit-queue-failed, commit-queue-squash",main,huseyin-12382-physicaldrive-open-is-broken,,,,,,,"tniessen, aduh95, RafaelGSS",,False,,27193779,"109660, 30630, None, None"
2005660673,aduh95,test_runner: refactor `mock_loader`,closed,2024-08-06T09:37:08Z,2024-08-21T15:44:30Z,2024-08-21T15:44:30Z,"test, author ready, needs-ci, commit-queue-squash, test_runner, dont-land-on-v20.x",main,refactor-mock_loader,,,,,,,,,False,,27193779,"109660, 30630, None, None"
2005194176,zcbenz,deps: fix GN build warning in ncrypto,closed,2024-08-06T04:20:36Z,2024-08-11T17:54:32Z,2024-08-11T17:54:32Z,"author ready, needs-ci, dependencies, dont-land-on-v20.x",main,ncrypto-warning,,,,,,,tniessen,,False,,27193779,"109660, 30630, None, None"
2005066660,mfdebian,doc: require `node:process` in Events examples,closed,2024-08-06T01:44:43Z,,2024-08-06T19:04:04Z,"doc, events",main,docs-event-require-process,,,,,,,,,False,,27193779,"109660, 30630, None, None"
2004936835,lolocompa,Add missing documentation and examples for fs.StatFs,closed,2024-08-05T22:58:51Z,,2024-08-06T00:33:31Z,"doc, fs",main,add-fs-statfs-documentation,,,,,,,,,False,,27193779,"109660, 30630, None, None"
2004875109,legendecas,src: skip inspector wait in internal workers,closed,2024-08-05T21:50:22Z,2024-08-07T21:56:59Z,2024-08-07T21:57:00Z,"c++, lib / src, inspector, author ready, worker, needs-ci",main,worker/internal-inspect,,,,,,,,,False,,27193779,"109660, 30630, None, None"
2004174248,jazelly,doc: warn for windows build bug,closed,2024-08-05T14:55:41Z,2024-08-08T05:58:53Z,2024-08-08T05:58:53Z,"doc, windows, build, author ready",main,update-win-build-doc,,,,,,,,,False,,27193779,"109660, 30630, None, None"
2004165712,marekpiechut,src: make parsing compatible with motdotla/dotenv package,open,2024-08-05T14:51:43Z,,,"c++, build, needs-ci, dotenv",main,env-inner-quotes,,,,,,,,,False,,27193779,"109660, 30630, None, None"
2003687247,ovflowd,doc: use html for the documentation.md stability indexes,closed,2024-08-05T10:42:47Z,,2024-08-06T00:32:31Z,"doc, fast-track, author ready",main,doc-use-html-instead-of-blockquote,,,,,,,,,False,,27193779,"109660, 30630, None, None"
2003435851,tpoisseau,feat(sqlite): add `StatementSync.prototype.iterate` method,closed,2024-08-05T08:36:48Z,,2024-11-22T09:22:05Z,"c++, semver-minor, lib / src, needs-ci, sqlite",main,feat-sqlite-iterate,,,,,,,"jasnell, targos, tniessen",,False,,27193779,"109660, 30630, None, None"
2003184945,marco-ippolito,"[v22.x] Backport ""module: fix strip-types interaction with detect-module"" ",closed,2024-08-05T06:00:21Z,,2024-08-05T15:21:57Z,"lib / src, needs-ci, v22.x",v22.x-staging,backport/strip-types-imply,,,,,,,,,False,,27193779,"109660, 30630, None, None"
2003077870,nodejs-github-bot,meta: move one or more collaborators to emeritus,closed,2024-08-05T04:11:24Z,2024-08-07T19:20:40Z,2024-08-07T19:20:40Z,"doc, meta, author ready",main,actions/inactive-collaborators,,,,,,,,,False,,27193779,"109660, 30630, None, None"
2002897731,guybedford,cli: mark --conditions flag as stable,closed,2024-08-04T23:49:36Z,2024-09-06T23:37:19Z,2024-09-06T23:37:19Z,"doc, cli, experimental, author ready, loaders",main,conditions-stable,,,,,,,,,False,,27193779,"109660, 30630, None, None"
2002840797,lpinca,"test: use assert.{s,deepS}trictEqual()",closed,2024-08-04T20:08:12Z,2024-08-06T20:12:31Z,2024-08-06T20:12:31Z,"test, author ready, needs-ci",main,use/strict-equal-deep-strict-equal,,,,,,,,,False,,27193779,"109660, 30630, None, None"
2002819245,samuliasmala,doc: update `buffer.constants.MAX_LENGTH` size,closed,2024-08-04T18:45:37Z,2024-08-09T19:19:25Z,2024-08-09T19:19:25Z,"buffer, doc, dont-land-on-v20.x",main,doc-update-buffer-max-length,,,,,,,,,False,,27193779,"109660, 30630, None, None"
2002813543,indutny,lib: fix unhandled errors in webstream adapters,closed,2024-08-04T18:24:24Z,2024-08-06T18:34:36Z,2024-08-06T18:34:36Z,"needs-ci, web streams",main,fix/gh-54205,,,,,,,,,False,,27193779,"109660, 30630, None, None"
2002766100,sungpaks,test: add subtests to test-node-run,closed,2024-08-04T15:45:01Z,2024-08-06T15:47:52Z,2024-08-06T15:47:52Z,"test, author ready, needs-ci, commit-queue-squash, dont-land-on-v20.x",main,add-subtests-in-test-node-run,,,,,,,,,False,,27193779,"109660, 30630, None, None"
2002756852,debbs061,benchmark: remove force option as force defaults to true.,closed,2024-08-04T15:14:38Z,2024-08-06T15:20:45Z,2024-08-06T15:20:45Z,"fs, benchmark, author ready",main,remove-force-option,,,,,,,,,False,,27193779,"109660, 30630, None, None"
2002312738,nodejs-github-bot,deps: update amaro to 0.0.6,closed,2024-08-04T00:30:47Z,,2024-08-05T15:17:25Z,"lib / src, fast-track, author ready, needs-ci, dependencies, commit-queue-rebase, dont-land-on-v20.x, strip-types",main,actions/tools-update-amaro,,,,,,,,,False,,27193779,"109660, 30630, None, None"
2002312475,nodejs-github-bot,deps: update c-ares to v1.33.0,closed,2024-08-04T00:29:32Z,2024-08-11T16:07:06Z,2024-08-11T16:07:06Z,"cares, needs-ci, dependencies, commit-queue-squash",main,actions/tools-update-c-ares,,,,,,,,,False,,27193779,"109660, 30630, None, None"
2002312474,nodejs-github-bot,deps: update simdjson to 3.10.0,closed,2024-08-04T00:29:32Z,2024-08-12T04:01:35Z,2024-08-12T04:01:35Z,"author ready, needs-ci, dependencies, backport-blocked-v20.x",main,actions/tools-update-simdjson,,,,,,,,,False,,27193779,"109660, 30630, None, None"
2002312468,nodejs-github-bot,deps: update simdutf to 5.3.1,closed,2024-08-04T00:29:31Z,2024-08-06T05:48:54Z,2024-08-06T05:48:54Z,"author ready, needs-ci, dependencies",main,actions/tools-update-simdutf,,,,,,,,,False,,27193779,"109660, 30630, None, None"
2002296265,sendoru,Fix doc net connection,closed,2024-08-03T23:33:25Z,2024-08-05T23:36:20Z,2024-08-05T23:36:20Z,"doc, net, author ready, commit-queue-squash",main,fix-doc-net-connection,,,,,,,,,False,,27193779,"109660, 30630, None, None"
2002105264,Sadzurami,doc: fix sea assets example,closed,2024-08-03T15:59:58Z,2024-08-06T08:24:23Z,2024-08-06T08:24:23Z,"doc, single-executable",main,doc-fix-sea-assets-example,,,,,,,,,False,,27193779,"109660, 30630, None, None"
2002104995,Sadzurami,fix: update sea assets example,closed,2024-08-03T15:59:25Z,,2024-08-03T15:59:44Z,"doc, single-executable",main,fix-sea-docs-example,,,,,,,,,False,,27193779,"109660, 30630, None, None"
2002011919,injunchoi98,benchmark: fix benchmark for file path and URL conversion,closed,2024-08-03T12:22:00Z,2024-08-25T13:41:13Z,2024-08-25T13:41:13Z,"url, benchmark, whatwg-url, author ready",main,url-benchmark,,,,,,,,,False,,27193779,"109660, 30630, None, None"
2002003628,sendoru,test: fix test-cli-permission tests when cwd contains /tmp,closed,2024-08-03T11:56:06Z,2024-08-14T03:49:39Z,2024-08-14T03:49:39Z,"test, author ready, needs-ci, commit-queue-squash",main,fix-cli-permission-tests,,,,,,,,,False,,27193779,"109660, 30630, None, None"
2001902520,marco-ippolito,tools: add strip-types to label system,closed,2024-08-03T07:05:37Z,2024-08-05T07:14:55Z,2024-08-05T07:14:55Z,"meta, author ready, dont-land-on-v20.x, strip-types",main,fix/add-strip-types-labelling,,,,,,,,,False,,27193779,"109660, 30630, None, None"
2001775545,TUSHAR1651,Solved the Issue #34946,closed,2024-08-03T03:50:31Z,,2024-08-04T12:39:05Z,buffer,main,main,,,,,,,,,False,,27193779,"109660, 30630, None, None"
2001368481,Manan21st,fix-issue in packages.md,closed,2024-08-02T19:02:12Z,,2024-11-15T00:01:40Z,"doc, stalled",main,packages-issue,,,,,,,,,False,,27193779,"109660, 30630, None, None"
2001280584,louwers,sqlite: add support for SQLite Session Extension,closed,2024-08-02T17:57:31Z,2024-11-18T00:57:05Z,2024-11-18T00:57:05Z,"c++, semver-minor, lib / src, author ready, commit-queue-squash, sqlite",main,session-extension,,,,,,,"avivkeller, TheOneTheOnlyJJ",,False,,27193779,"109660, 30630, None, None"
2001141658,legendecas,doc: add KevinEady as a triager,closed,2024-08-02T16:21:10Z,2024-08-06T11:53:15Z,2024-08-06T11:53:15Z,"doc, meta",main,doc/triager,,,,,,,,,False,,27193779,"109660, 30630, None, None"
2000797439,RafaelGSS,benchmark: use assert.ok instead of assert,closed,2024-08-02T13:27:09Z,2024-08-04T13:29:34Z,2024-08-04T13:29:34Z,"buffer, benchmark, author ready, commit-queue-squash",main,use-assert-ok-buffers,,,,,,,,,False,,27193779,"109660, 30630, None, None"
1999599026,mfdebian,doc: add esm examples to `node:dns`,closed,2024-08-01T23:07:25Z,2024-08-06T18:34:20Z,2024-08-06T18:34:20Z,"doc, dns, author ready, commit-queue-squash",main,docs-dns-esm,,,,,,,,,False,,27193779,"109660, 30630, None, None"
1999099357,dependabot[bot],meta: bump ossf/scorecard-action from 2.3.3 to 2.4.0,closed,2024-08-01T18:19:37Z,2024-08-05T23:59:22Z,2024-08-05T23:59:22Z,"meta, author ready, dependencies, commit-queue-failed",main,dependabot/github_actions/ossf/scorecard-action-2.4.0,,,,,,,,,False,,27193779,"109660, 30630, None, None"
1999099233,dependabot[bot],meta: bump actions/setup-node from 4.0.2 to 4.0.3,closed,2024-08-01T18:19:34Z,2024-08-06T05:44:12Z,2024-08-06T05:44:12Z,"meta, author ready, dependencies, commit-queue-failed",main,dependabot/github_actions/actions/setup-node-4.0.3,,,,,,,,,False,,27193779,"109660, 30630, None, None"
1999099178,dependabot[bot],meta: bump step-security/harden-runner from 2.8.1 to 2.9.0,closed,2024-08-01T18:19:32Z,2024-08-06T05:45:01Z,2024-08-06T05:45:01Z,"meta, author ready, dependencies, commit-queue-failed",main,dependabot/github_actions/step-security/harden-runner-2.9.0,,,,,,,,,False,,27193779,"109660, 30630, None, None"
1999098838,dependabot[bot],meta: bump github/codeql-action from 3.25.11 to 3.25.15,closed,2024-08-01T18:19:25Z,2024-08-06T05:43:19Z,2024-08-06T05:43:19Z,"meta, author ready, dependencies, commit-queue-failed",main,dependabot/github_actions/github/codeql-action-3.25.15,,,,,,,,,False,,27193779,"109660, 30630, None, None"
1999098504,dependabot[bot],meta: bump actions/download-artifact from 4.1.7 to 4.1.8,closed,2024-08-01T18:19:19Z,2024-08-06T05:47:10Z,2024-08-06T05:47:10Z,"meta, author ready, dependencies, commit-queue-failed",main,dependabot/github_actions/actions/download-artifact-4.1.8,,,,,,,,,False,,27193779,"109660, 30630, None, None"
1999098391,dependabot[bot],meta: bump actions/upload-artifact from 4.3.3 to 4.3.4,closed,2024-08-01T18:19:16Z,2024-08-06T05:48:06Z,2024-08-06T05:48:06Z,"meta, author ready, dependencies, commit-queue-failed",main,dependabot/github_actions/actions/upload-artifact-4.3.4,,,,,,,,,False,,27193779,"109660, 30630, None, None"
1999098208,dependabot[bot],meta: bump actions/setup-python from 5.1.0 to 5.1.1,closed,2024-08-01T18:19:12Z,,2024-08-06T05:46:06Z,"meta, author ready, dependencies, commit-queue-failed",main,dependabot/github_actions/actions/setup-python-5.1.1,,,,,,,,,False,,27193779,"109660, 30630, None, None"
1998975789,marco-ippolito,module: fix strip-types interaction with detect-module,closed,2024-08-01T17:11:25Z,2024-08-03T17:15:12Z,2024-08-03T17:15:12Z,"lib / src, author ready, needs-ci, dont-land-on-v20.x, backported-to-v22.x, strip-types",main,fix/interaction-with-detect-module,,,,,,,,,False,,27193779,"109660, 30630, None, None"
1998354109,huseyinacacak-janea,"fs,win: fix bug in paths with trailing slashes",closed,2024-08-01T12:02:20Z,2024-10-10T11:14:56Z,2024-10-10T11:14:56Z,"fs, semver-major, needs-ci",main,huseyin-5301-inconsistent-fs-module,,,,,,,,,False,,27193779,"109660, 30630, None, None"
1998328338,RulerOfCakes,crypto: add `validFromDate` and `validToDate` fields to `X509Certificate`,closed,2024-08-01T11:48:03Z,2024-09-18T00:56:24Z,2024-09-18T00:56:24Z,"c++, semver-minor, lib / src, needs-ci",main,x509-is-valid,,,,,,,,,False,,27193779,"109660, 30630, None, None"
1997900459,lubosmato,dotenv: fix env-file parsing,closed,2024-08-01T08:08:26Z,,2024-08-05T14:55:30Z,"c++, needs-ci",main,main,,,,,,,,,True,,27193779,"109660, 30630, None, None"
1997892998,kimtaejin3,lib: fix handling of non-object options parameter in fs/watchFile,open,2024-08-01T08:04:14Z,,,"fs, needs-ci",main,fix-fs-watchFile,,,,,,,,,False,,27193779,"109660, 30630, None, None"
1997738842,cola119,inspector: provide detailed network information to fix devtools frontend errors,closed,2024-08-01T06:29:33Z,2024-08-05T12:30:45Z,2024-08-05T12:30:45Z,"c++, inspector, author ready, commit-queue-squash",main,fix-ni-frontend-error,,,,,,,,,False,,27193779,"109660, 30630, None, None"
1997520095,EddieAbbondanzio,test_runner: await building suite before executing,closed,2024-08-01T03:17:16Z,,2024-08-02T01:06:59Z,"needs-ci, test_runner",main,await-build-before-executing-tests,,,,,,,,,False,,27193779,"109660, 30630, None, None"
1997450321,anonrig,src: improve buffer.transcode performance,closed,2024-08-01T02:12:29Z,2024-08-20T13:04:30Z,2024-08-20T13:04:30Z,"buffer, c++, i18n-api, performance, needs-ci",main,improve-transcode-performance,,,,,,,tniessen,,False,,27193779,"109660, 30630, None, None"
1997392185,EddieAbbondanzio,doc: add missing new lines to custom test reporter examples,closed,2024-08-01T01:09:14Z,2024-08-03T01:41:55Z,2024-08-03T01:41:56Z,"doc, author ready, test_runner",main,consistent-examples-for-custom-reporter,,,,,,,,,False,,27193779,"109660, 30630, None, None"
1997205819,cjihrig,test_runner: run after hooks even if test is aborted,closed,2024-07-31T21:34:22Z,2024-08-04T15:56:04Z,2024-08-04T15:56:04Z,"author ready, needs-ci, test_runner",main,abort-after,,,,,,,,,False,,27193779,"109660, 30630, None, None"
1997041102,vishal-gawade-031,Update README.md,closed,2024-07-31T19:32:49Z,,2024-07-31T22:54:53Z,invalid,main,main,,,,,,,,,False,,27193779,"109660, 30630, None, None"
1996652289,kmk324,src: change the if statement to a switch statement for code readability.,open,2024-07-31T15:20:52Z,,,"c++, zlib, needs-ci",main,minq_fpr,,,,,,,,,False,,27193779,"109660, 30630, None, None"
1996595897,debbs061,doc: remove unused imports from worker_threads.md,closed,2024-07-31T14:51:19Z,2024-07-31T17:11:13Z,2024-07-31T17:11:13Z,"doc, fast-track, worker, dont-land-on-v20.x",main,unused-import,,,,,,,,,False,,27193779,"109660, 30630, None, None"
1996476047,cjihrig,test_runner: remove outdated comment,closed,2024-07-31T13:53:44Z,,2024-08-05T05:27:34Z,"test, author ready, needs-ci, commit-queue-failed",main,cjihrig-patch-1,,,,,,,,,False,,27193779,"109660, 30630, None, None"
1996303480,jakecastelli,stream: make checking pendingcb on WritableStream backward compatible,closed,2024-07-31T12:25:55Z,2024-08-05T12:30:29Z,2024-08-05T12:30:29Z,"stream, author ready, needs-ci, commit-queue-squash",main,fix-54131,,,,,,,,,False,,27193779,"109660, 30630, None, None"
1996229188,ChALkeR, module: validate that strip-types does not insert any code,closed,2024-07-31T11:47:31Z,,2025-02-04T10:03:38Z,"needs-ci, strip-types",main,chalker/swc-safeguard,,,,,,,,,False,,27193779,"109660, 30630, None, None"
1996148471,unseen1980,Fix duplicated test descriptions,closed,2024-07-31T11:00:48Z,2024-09-27T10:05:34Z,2024-09-27T10:05:34Z,"test, author ready, needs-ci, commit-queue-squash, dont-land-on-v20.x, strip-types",main,duplicated-test-names,,,,,,,,,False,,27193779,"109660, 30630, None, None"
1996068217,aduh95,doc: update list of Triagers on the `README.md`,closed,2024-07-31T10:15:29Z,2024-08-02T10:27:48Z,2024-08-02T10:27:48Z,"doc, author ready",main,update-triagers,,,,,,,,,False,,27193779,"109660, 30630, None, None"
1996048789,sonsurim,test: fix typo in test,closed,2024-07-31T10:05:19Z,2024-08-04T07:03:24Z,2024-08-04T07:03:24Z,"test, async_hooks, author ready, needs-ci",main,fix-wrong-typo,,,,,,,,,False,,27193779,"109660, 30630, None, None"
1996030000,aduh95,build: add `--without-amaro` build flag,closed,2024-07-31T09:55:38Z,2024-08-02T10:37:36Z,2024-08-02T10:37:36Z,"lib / src, author ready, needs-ci, dont-land-on-v20.x, strip-types",main,without-amaro-build-flag,,,,,,,,,False,,27193779,"109660, 30630, None, None"
1995454556,Nahee-Park,test: update wpt test for streams,closed,2024-07-31T02:43:37Z,2024-08-06T05:57:49Z,2024-08-06T05:57:49Z,"test, author ready, needs-ci, web streams, commit-queue-squash",main,bump-streams-wpt,,,,,,,,,False,,27193779,"109660, 30630, None, None"
1995403950,mhdawson,tools: make undici updater build wasm from src,closed,2024-07-31T01:37:05Z,,2024-08-07T20:58:28Z,"lib / src, needs-ci",main,undici-updater,,,,,,,,,False,,27193779,"109660, 30630, None, None"
1994845865,Nahee-Park,test: update wpt test for WebCryptoAPI,closed,2024-07-30T17:10:12Z,,2024-07-31T01:49:41Z,"lib / src, needs-ci",main,wpt-update,,,,,,,,,False,,27193779,"109660, 30630, None, None"
1994760492,erm1116,doc: fix description of the max header size in `HPE_HEADER_OVERFLOW` section,closed,2024-07-30T16:16:05Z,2024-08-18T13:09:11Z,2024-08-18T13:09:12Z,"doc, errors, author ready, commit-queue-squash",main,doc/fix-hpe-header-overflow-error,,,,,,,,,False,,27193779,"109660, 30630, None, None"
1994403997,RafaelGSS,v22.6.0 proposal,closed,2024-07-30T13:13:18Z,2024-08-06T17:02:51Z,2024-08-06T17:02:51Z,"needs-ci, release, v22.x",v22.x,v22.6.0-proposal,,,,,,,,,False,,27193779,"109660, 30630, None, None"
1994182269,joyeecheung,src: remove cached data tag from snapshot metadata,closed,2024-07-30T11:11:10Z,2024-08-23T11:53:18Z,2024-08-23T11:53:18Z,"c++, needs-ci, commit-queue-squash, dont-land-on-v20.x",main,remove-flag,,,,,,,,,False,,27193779,"109660, 30630, None, None"
1994159388,sendoru,doc: add content for Blob.bytes(),closed,2024-07-30T10:58:11Z,,2024-08-04T02:17:23Z,needs-ci,main,doc-blob-bytes,,,,,,,,,False,,27193779,"109660, 30630, None, None"
1994155293,joyeecheung,sea: don't set code cache flags when snapshot is used,closed,2024-07-30T10:56:15Z,2024-08-05T16:48:12Z,2024-08-05T16:48:12Z,"needs-ci, single-executable",main,fix-snapshot-codecache,,,,,,,,,False,,27193779,"109660, 30630, None, None"
1994105876,RulerOfCakes,typings: provide internal types for wasi bindings,closed,2024-07-30T10:28:38Z,2024-08-24T16:59:17Z,2024-08-24T16:59:18Z,"author ready, wasi, typings, commit-queue-squash, dont-land-on-v20.x",main,wasi-types,,,,,,,anonrig,,False,,27193779,"109660, 30630, None, None"
1994076621,targos,module: remove outdated comment,closed,2024-07-30T10:13:09Z,2024-08-01T10:41:00Z,2024-08-01T10:41:00Z,"esm, author ready, commit-queue-failed, dont-land-on-v20.x",main,module-rm-comment,,,,,,,,,False,,27193779,"109660, 30630, None, None"
1994075530,RobertoSimonini1,buffer: add JSDoc to blob bytes method,closed,2024-07-30T10:12:34Z,2024-08-05T00:29:07Z,2024-08-05T00:29:07Z,"author ready, needs-ci",main,blob_bytes_method_JSDoc,,,,,,,,,False,,27193779,"109660, 30630, None, None"
1993866402,pmarchini,test_runner: fix wrongfully printed diagnostic warning while `only: false`,closed,2024-07-30T08:22:52Z,2024-08-08T05:50:33Z,2024-08-08T05:50:33Z,"needs-ci, commit-queue-squash, test_runner, dont-land-on-v20.x",main,issue/54052,,,,,,,,,False,,27193779,"109660, 30630, None, None"
1993821890,StefanStojanovic,test: set test-structuredclone-jstransferable non-flaky,closed,2024-07-30T08:00:03Z,2024-08-06T08:24:15Z,2024-08-06T08:24:16Z,"test, needs-ci",main,mefi-unmark-flaky,,,,,,,,,False,,27193779,"109660, 30630, None, None"
1993686091,jmsb02,doc: add documentation for blob.bytes() method ,closed,2024-07-30T06:37:26Z,,2024-08-04T14:58:45Z,"doc, author ready, commit-queue-squash",main,add-blob-bytes-doc,,,,,,,,,False,,27193779,"109660, 30630, None, None"
1993620275,ronag,buffer: use for loop for small copy length,closed,2024-07-30T05:43:56Z,,2024-08-04T17:30:09Z,"buffer, needs-ci",main,for-copy,,,,,,,aduh95,,False,,27193779,"109660, 30630, None, None"
1993564250,d3x0r,Update required python version,closed,2024-07-30T04:47:22Z,,2024-08-13T20:37:53Z,"doc, build, python",main,patch-2,,,,,,,,,False,,27193779,"109660, 30630, None, None"
1993313122,pluris,typings: add missing binding function `writeFileUtf8()`,closed,2024-07-29T23:43:15Z,2024-08-01T16:21:57Z,2024-08-01T16:21:57Z,"author ready, typings, commit-queue-squash",main,fix/add_writeutf8_typing,,,,,,,,,False,,27193779,"109660, 30630, None, None"
1993242877,marekpiechut,watch: reload changes in contents of --env-file,closed,2024-07-29T22:44:22Z,2024-08-05T10:41:33Z,2024-08-05T10:41:33Z,"c++, needs-ci, commit-queue-squash, dont-land-on-v20.x",main,watch-env-file,,,,,,,,,False,,27193779,"109660, 30630, None, None"
1993212108,mfdebian,doc: add esm examples to `node:console`,closed,2024-07-29T22:25:58Z,2024-08-06T09:56:59Z,2024-08-06T09:56:59Z,"doc, console, commit-queue-squash",main,docs-console-esm,,,,,,,,,False,,27193779,"109660, 30630, None, None"
1993144884,kevinuehara, test: add more fixtures for strip-types,closed,2024-07-29T21:33:37Z,,2024-09-13T17:29:17Z,"test, needs-ci, commit-queue-squash, strip-types",main,kevinuehara/adding-more-typescript-support-tests,,,,,,,,,False,,27193779,"109660, 30630, None, None"
1993125208,aduh95,test_runner: do not expose internal loader,closed,2024-07-29T21:19:22Z,2024-08-13T13:17:51Z,2024-08-13T13:17:51Z,"author ready, needs-ci, commit-queue-failed, test_runner",main,mmock_loader-internal,,,,,,,,,False,,27193779,"109660, 30630, None, None"
1993009996,RafaelGSS,"lib,permission: support Buffer to permission.has",closed,2024-07-29T20:20:29Z,2024-08-03T16:46:57Z,2024-08-03T16:46:58Z,"fs, process, needs-ci, permission",main,support-buffer-to-permission-has,,,,,,,,,False,,27193779,"109660, 30630, None, None"
1992377125,targos,src: replace deprecated `v8::FastApiTypedArray`,closed,2024-07-29T14:25:09Z,,2025-02-15T10:38:28Z,"buffer, c++, blocked, needs-ci",main,v8-fast-rm-uint8array,,,,,,,,,True,,27193779,"109660, 30630, None, None"
1992160815,nodejs-github-bot,deps: update amaro to 0.0.5,closed,2024-07-29T12:53:20Z,,2024-08-01T08:52:10Z,"lib / src, author ready, needs-ci, dependencies",main,actions/tools-update-amaro,,,,,,,,,False,,27193779,"109660, 30630, None, None"
1992115804,marco-ippolito,meta: add typescript team to codeowners,closed,2024-07-29T12:29:55Z,2024-07-31T12:44:01Z,2024-07-31T12:44:01Z,"meta, author ready, dont-land-on-v20.x",main,feat/add-ts-codeowners,,,,,,,,,False,,27193779,"109660, 30630, None, None"
1991878617,pluris,typings: remove unused import in `fs_dir`,closed,2024-07-29T10:21:18Z,,2024-07-29T12:16:52Z,typings,main,fix/typing_fs_dir,,,,,,,,,False,,27193779,"109660, 30630, None, None"
1991671503,bhanupratapsingh0425,Update README.md,closed,2024-07-29T08:35:22Z,,2024-07-29T08:35:35Z,invalid,main,main,,,,,,,,,False,,27193779,"109660, 30630, None, None"
1991605429,sungpaks,"test: fix subtest 1, 2 of test-node-run",closed,2024-07-29T07:59:43Z,,2024-08-04T15:39:58Z,"test, needs-ci",main,fix-test-node-run,,,,,,,,,False,,27193779,"109660, 30630, None, None"
1991579670,kimtaejin3,lib: use ObjectAssign instead of the spread operator,closed,2024-07-29T07:44:36Z,,2024-07-29T12:13:34Z,"needs-ci, web streams",main,webstreams-util-primordials,,,,,,,,,False,,27193779,"109660, 30630, None, None"
1991480250,ronag,buffer: inline _copyActual,closed,2024-07-29T06:45:02Z,,2024-07-30T10:41:44Z,"buffer, needs-ci",main,inline-copy-actual,,,,,,,,,True,,27193779,"109660, 30630, None, None"
1991460597,MCprotein,doc: fix typo in technical-priorities.md,closed,2024-07-29T06:30:56Z,2024-07-29T10:42:33Z,2024-07-29T10:42:33Z,"doc, fast-track",main,fix/doc-typo,,,,,,,,,False,,27193779,"109660, 30630, None, None"
1991390101,MCprotein,lib: fix typos in comments within internal/streams,closed,2024-07-29T05:31:10Z,2024-08-05T01:58:40Z,2024-08-05T01:58:40Z,"stream, author ready, needs-ci, commit-queue-squash",main,fix/typo,,,,,,,,,False,,27193779,"109660, 30630, None, None"
1991367976,injunchoi98,url: improve resolveObject with ObjectAssign,closed,2024-07-29T05:08:45Z,2024-07-31T06:17:59Z,2024-07-31T06:17:59Z,"url, author ready, needs-ci",main,resolveObject,,,,,,,,,False,,27193779,"109660, 30630, None, None"
1991317322,injunchoi98,url: improve resolveObject by replacing for loop with ObjectAssign an…,closed,2024-07-29T04:12:10Z,,2024-07-29T04:45:50Z,"url, needs-ci",main,url-resolveObject-improvement,,,,,,,,,False,,27193779,"109660, 30630, None, None"
1991179592,rayark1,typings: remove deprecated and unused string methods from primordials,open,2024-07-29T01:24:31Z,,,typings,main,remove-deprecated-primordials,,,,,,,,,False,,27193779,"109660, 30630, None, None"
1991080061,ronag,buffer: faster integer argument check,closed,2024-07-28T22:24:12Z,2024-07-30T22:29:51Z,2024-07-30T22:29:51Z,"buffer, author ready, needs-ci",main,buffer-integer,,,,,,,,,False,,27193779,"109660, 30630, None, None"
1991078266,ronag,buffer: faster type check,closed,2024-07-28T22:18:55Z,2024-08-03T17:15:04Z,2024-08-03T17:15:04Z,"buffer, author ready, needs-ci, dont-land-on-v20.x",main,buffer.copy-check,,,,,,,"mcollina, jasnell, benjamingr",,False,,27193779,"109660, 30630, None, None"
1991062570,ronag,buffer: use native copy impl,closed,2024-07-28T21:22:19Z,2024-08-02T09:19:41Z,2024-08-02T09:19:41Z,"buffer, notable-change, author ready, needs-ci, dont-land-on-v20.x",main,buffer-copy,,,,,,,"mcollina, targos",,False,,27193779,"109660, 30630, None, None"
1991016623,rizwan2004cs,Update README.md,closed,2024-07-28T18:43:15Z,,2024-07-29T01:03:02Z,invalid,main,main,,,,,,,,,False,,27193779,"109660, 30630, None, None"
1990863573,targos,build: warn for GCC versions earlier than 12.2,closed,2024-07-28T11:15:23Z,2024-08-05T13:25:44Z,2024-08-05T13:25:44Z,"doc, semver-major, build, needs-ci",main,gcc-12,,,,,,,,,False,,27193779,"109660, 30630, None, None"
1990852642,injunchoi98,url: replace parseParams function's slice with StringPrototypeSlice,closed,2024-07-28T10:39:47Z,,2024-08-06T23:52:49Z,"whatwg-url, author ready, needs-ci",main,protoReplace,,,,,,,,,False,,27193779,"109660, 30630, None, None"
1990839327,targos,build: drop experimental support for Windows <10,closed,2024-07-28T09:57:40Z,2024-07-30T12:29:18Z,2024-07-30T12:29:18Z,"c++, semver-major, lib / src, needs-ci",main,rm-win8,,,,,,,,,False,,27193779,"109660, 30630, None, None"
1990805010,targos,deps: update V8 to 12.8,closed,2024-07-28T08:17:36Z,,2024-08-16T14:05:59Z,"semver-major, build, v8 engine, needs-ci, commit-queue-failed, commit-queue-rebase",main,v8-128,,,,,,,,,False,,27193779,"109660, 30630, None, None"
1990774887,nodejs-github-bot,deps: update undici to 6.19.5,closed,2024-07-28T06:27:25Z,2024-08-06T05:50:36Z,2024-08-06T05:50:36Z,"lib / src, author ready, needs-ci, dependencies, commit-queue-failed, commit-queue-rebase",main,actions/tools-update-undici,,,,,,,,,False,,27193779,"109660, 30630, None, None"
1990744835,juanarbol,"src,lib: introduce `util.getSystemErrorMessage(err)`",closed,2024-07-28T03:55:42Z,2024-10-19T23:15:17Z,2024-10-19T23:15:17Z,"util, c++, libuv, needs-ci, dont-land-on-v20.x",main,juan/uv-err-message,,,,,,,,,False,,27193779,"109660, 30630, None, None"
1990687371,nodejs-github-bot,deps: update undici to 6.19.4,closed,2024-07-28T00:31:40Z,,2024-07-28T06:26:13Z,"lib / src, needs-ci, dependencies",main,actions/tools-update-undici,,,,,,,,,False,,27193779,"109660, 30630, None, None"
1990686986,nodejs-github-bot,tools: update eslint to 9.8.0,closed,2024-07-28T00:29:54Z,2024-07-30T14:56:04Z,2024-07-30T14:56:04Z,"tools, commit-queue-failed, dont-land-on-v20.x",main,actions/tools-update-eslint,,,,,,,,,False,,27193779,"109660, 30630, None, None"
1990686955,nodejs-github-bot,deps: update corepack to 0.29.3,closed,2024-07-28T00:29:45Z,2024-07-30T14:54:52Z,2024-07-30T14:54:52Z,"author ready, needs-ci, dependencies, backported-to-v18.x",main,actions/tools-update-corepack,,,,,,,,,False,,27193779,"109660, 30630, None, None"
1990582846,H4ad,console: fix issues with frozen intrinsics,closed,2024-07-27T16:14:40Z,2024-07-30T04:38:21Z,2024-07-30T04:38:21Z,"console, author ready, needs-ci, commit-queue-squash, dont-land-on-v20.x",main,fix/frozen-intrinsics,,,,,,,,,False,,27193779,"109660, 30630, None, None"
1990563343,1ilsang,tools: add tsc checker,closed,2024-07-27T15:02:08Z,,2025-01-16T10:57:30Z,"build, tools, needs-ci",main,feat/typings-lint,,,,,,,,,False,,27193779,"109660, 30630, None, None"
1990539686,deokjinkim,doc: make some parameters optional in `tracingChannel.traceCallback`,closed,2024-07-27T13:43:58Z,,2024-08-07T06:00:29Z,"doc, author ready, commit-queue-failed, diagnostics_channel",main,240727_make_parameter_optional_in_dc,,,,,,,,,False,,27193779,"109660, 30630, None, None"
1990381674,injunchoi98,url: encode null character at the end of file path,closed,2024-07-27T05:53:59Z,,2024-08-21T11:07:55Z,"url, whatwg-url, needs-ci",main,issue-51167,,,,,,,,,False,,27193779,"109660, 30630, None, None"
1990353963,1ilsang,typings: apply lint,closed,2024-07-27T04:53:27Z,2024-07-29T21:19:58Z,2024-07-29T21:19:58Z,"author ready, typings, dont-land-on-v20.x",main,fix/typings-lint,,,,,,,,,False,,27193779,"109660, 30630, None, None"
1990349495,1ilsang,typings: fix typo on quic onSessionDatagram,closed,2024-07-27T04:49:30Z,2024-07-29T04:52:07Z,2024-07-29T04:52:07Z,"author ready, typings, dont-land-on-v20.x",main,fix/typings-typo,,,,,,,,,False,,27193779,"109660, 30630, None, None"
1990346257,1ilsang,typings: fix TypedArray to a global type,closed,2024-07-27T04:46:18Z,2024-09-06T08:29:11Z,2024-09-06T08:29:11Z,"author ready, typings",main,fix/typedarray,,,,,,,,,False,,27193779,"109660, 30630, None, None"
1990091296,marco-ippolito,module: fix extensionless typescript in cjs loader,closed,2024-07-26T20:42:29Z,2024-07-29T19:43:28Z,2024-07-29T19:43:28Z,"author ready, needs-ci, dont-land-on-v20.x",main,feat/fix-annoying-cjs-bug,,,,,,,,,False,,27193779,"109660, 30630, None, None"
1989975809,sonsurim,test: add initial pull delay and prototype pollution prevention tests for ReadableStream,closed,2024-07-26T19:01:47Z,2024-08-03T19:52:44Z,2024-08-03T19:52:44Z,"test, needs-ci",main,sonsurim-add-readstream-values-test,,,,,,,,,False,,27193779,"109660, 30630, None, None"
1989824580,1ilsang,typings: fix TypedArray to a global type,closed,2024-07-26T17:23:17Z,,2024-07-27T04:53:42Z,typings,main,fix/types,,,,,,,,,False,,27193779,"109660, 30630, None, None"
1989642989,richardlau,doc: move release key for Myles Borins,closed,2024-07-26T15:11:13Z,2024-08-05T15:07:42Z,2024-08-05T15:07:42Z,backported-to-v18.x,main,thanksmyles,,,,,,,,,False,,27193779,"109660, 30630, None, None"
1989621776,kimtaejin3,doc: fix typo in diagnostic tooling support tiers document,closed,2024-07-26T14:58:10Z,2024-07-29T06:36:41Z,2024-07-29T06:36:41Z,doc,main,fix-typo-in-diagnostic,,,,,,,,,False,,27193779,"109660, 30630, None, None"
1989114544,cola119,http: add diagnostics channel `http.client.request.error`,closed,2024-07-26T09:49:50Z,2024-07-28T09:57:39Z,2024-07-28T09:57:39Z,"http, semver-minor, author ready, diagnostics_channel",main,diag-channel-error,,,,,,,,,False,,27193779,"109660, 30630, None, None"
1989041266,MCprotein,lib: replace spread operator with primordials function,closed,2024-07-26T09:06:12Z,2024-08-12T07:05:39Z,2024-08-12T07:05:39Z,"stream, needs-ci",main,fix/stream-compose-primordials,,,,,,,,,False,,27193779,"109660, 30630, None, None"
1988633134,EddieAbbondanzio,test_runner: differentiate test types in enqueue dequeue events,closed,2024-07-26T02:59:40Z,2025-01-05T08:35:35Z,2025-01-05T08:35:35Z,"author ready, needs-ci, commit-queue-squash, test_runner, backport-requested-v22.x",main,differentiate-test-types-in-events,,,,,,,,,False,,27193779,"109660, 30630, None, None"
1988355332,GeoffreyBooth,doc: move GeoffreyBooth to TSC regular member,closed,2024-07-25T21:16:35Z,2024-07-25T21:37:39Z,2024-07-25T21:37:39Z,"doc, fast-track",main,readme-update,,,,,,,,,False,,27193779,"109660, 30630, None, None"
1988340686,anonrig,crypto: remove unnecessary buffer initialization,closed,2024-07-25T21:02:58Z,,2024-07-26T14:53:50Z,"crypto, author ready, needs-ci",main,fix-unnecessary-buffer-init,,,,,,,,,False,,27193779,"109660, 30630, None, None"
1988080681,joyeecheung,module: do not warn for typeless package.json when there isn't one,closed,2024-07-25T18:05:39Z,2024-07-29T17:46:41Z,2024-07-29T17:46:41Z,"esm, author ready, needs-ci, dont-land-on-v18.x, backport-open-v20.x",main,fix-detection-no-pjson,,,,,,,,,False,,27193779,"109660, 30630, None, None"
1988025793,MattiasBuelens,[v20.x backport] stream: implement `min` option for `ReadableStreamBYOBReader.read`,closed,2024-07-25T17:28:34Z,,2024-08-08T13:06:44Z,"lib / src, author ready, needs-ci, web streams, v20.x",v20.x-staging,backport-50888-to-v20.x,,,,,,,,,False,,27193779,"109660, 30630, None, None"
1987309879,Trott,test: move shared module to `test/common`,closed,2024-07-25T11:30:05Z,2024-07-27T15:53:34Z,2024-07-27T15:53:34Z,"test, needs-ci",main,mv-fixture,,,,,,,,,False,,27193779,"109660, 30630, None, None"
1987232317,nektro,test: do not swallow uncaughtException errors in exit code tests,closed,2024-07-25T10:44:26Z,2024-07-29T21:15:53Z,2024-07-29T21:15:53Z,"test, author ready, needs-ci, commit-queue-failed",main,patch-1,,,,,,,,,False,,27193779,"109660, 30630, None, None"
1987189686,codebytere,src: account for OpenSSL unexpected version,closed,2024-07-25T10:19:07Z,2024-07-31T14:52:39Z,2024-07-31T14:52:39Z,c++,main,fix-potential-out-of-range,,,,,,,tniessen,,False,,27193779,"109660, 30630, None, None"
1987046026,marco-ippolito,doc: correct typescript stdin support,closed,2024-07-25T09:03:15Z,2024-07-25T12:58:08Z,2024-07-25T12:58:08Z,"fast-track, dont-land-on-v20.x, strip-types",main,feat/remove-stdinput-doc,,,,,,,,,False,,27193779,"109660, 30630, None, None"
1986967808,MCprotein,lib: use a cli options binding function instead of process,closed,2024-07-25T08:20:39Z,,2024-07-26T06:04:21Z,"util, fs, needs-ci",main,fix/process-change-to-getOptionValue,,,,,,,,,False,,27193779,"109660, 30630, None, None"
1986808465,HBSPS,watch: watch env files in `--watch` mode,closed,2024-07-25T06:45:50Z,,2024-08-09T05:31:12Z,needs-ci,main,watch-env-file,,,,,,,,,False,,27193779,"109660, 30630, None, None"
1986668349,MCprotein,stream: Relocate the status checking code in the onWriteComplete,closed,2024-07-25T04:42:44Z,2024-09-02T07:29:18Z,2024-09-02T07:29:18Z,"stream, semver-minor, needs-ci",main,fix/stream-base-commons-todo,,,,,,,,,False,,27193779,"109660, 30630, None, None"
1986608415,cjihrig,test: mark 'test/parallel/test-sqlite.js' as flaky,closed,2024-07-25T03:29:33Z,2024-07-25T12:12:41Z,2024-07-25T12:12:41Z,"test, fast-track, needs-ci",main,flake,,,,,,,,,False,,27193779,"109660, 30630, None, None"
1986516228,DanielVenable,readline: fix unresolved promise on abortion,closed,2024-07-25T02:02:05Z,,2025-01-30T01:02:01Z,"readline, needs-ci, commit-queue-failed",main,readline-reject-promise-on-abortion,,,,,,,BridgeAR,,False,,27193779,"109660, 30630, None, None"
1986288262,mhdawson,meta: move tsc member to emeritus,closed,2024-07-24T21:46:30Z,2024-07-25T08:23:06Z,2024-07-25T08:23:06Z,"doc, fast-track",main,move-regular,,,,,,,,,False,,27193779,"109660, 30630, None, None"
1986258478,jasnell,src: shift more crypto impl details to ncrypto,closed,2024-07-24T21:20:11Z,,2024-08-05T21:02:07Z,"lib / src, author ready, commit-queue-failed, dont-land-on-v20.x",main,shift-more-to-ncrypto,,,,,,,"tniessen, lemire",,False,,27193779,"109660, 30630, None, None"
1986251089,firecraftgaming,doc: fix typo in method name in the sea doc,closed,2024-07-24T21:13:38Z,2024-08-15T11:11:02Z,2024-08-15T11:11:02Z,doc,main,main,,,,,,,,,False,,27193779,"109660, 30630, None, None"
1985936656,MCprotein,lib: add missing scripts to cmdList,closed,2024-07-24T17:38:16Z,,2024-07-24T17:45:08Z,"npm, wrong repo",main,add/cmdList-missing,,,,,,,,,False,,27193779,"109660, 30630, None, None"
1985935469,Ceres6,Disallow destructuring internalbinding c,closed,2024-07-24T17:37:34Z,,2024-09-28T10:25:27Z,"lib / src, needs-ci",main,disallow-destructuring-internalbinding-c,,,,,,,,,False,,27193779,"109660, 30630, None, None"
1985579049,nodejs-github-bot,deps: update c-ares to v1.32.3,closed,2024-07-24T14:22:18Z,2024-07-26T14:26:53Z,2024-07-26T14:26:53Z,"cares, needs-ci, dependencies",main,actions/tools-update-c-ares,,,,,,,,,False,,27193779,"109660, 30630, None, None"
1985489055,bcoe,build: update gcovr to 7.2 and codecov config,closed,2024-07-24T13:41:46Z,2024-07-27T21:52:23Z,2024-07-27T21:52:23Z,"meta, author ready, commit-queue-squash",main,update-gcovr,,,,,,,"mcollina, richardlau",,False,,27193779,"109660, 30630, None, None"
1984563636,rotu,"module: unsuppress ""pause on uncaught exceptions"" on module-level promises",closed,2024-07-24T04:45:34Z,,2024-07-24T06:08:45Z,"esm, needs-ci",main,patch-1,,,,,,,,,True,,27193779,"109660, 30630, None, None"
1984556986,cjihrig,sqlite: split up large test file,closed,2024-07-24T04:37:24Z,,2024-08-12T13:48:32Z,"test, author ready, commit-queue-rebase, dont-land-on-v20.x, sqlite",main,split-up-sqlite-test,,,,,,,,,False,,27193779,"109660, 30630, None, None"
1984535147,cjihrig,test_runner: remove redundant bootstrap boolean,closed,2024-07-24T04:09:00Z,2024-07-27T13:27:04Z,2024-07-27T13:27:04Z,"author ready, commit-queue-squash, test_runner, dont-land-on-v20.x",main,bootstrap,,,,,,,,,False,,27193779,"109660, 30630, None, None"
1984313422,legendecas,node-api: add property keys benchmark,closed,2024-07-23T23:41:26Z,2024-07-29T11:19:52Z,2024-07-29T11:19:52Z,"benchmark, node-api, author ready",main,node-api/property-keys-bench,,,,,,,,,False,,27193779,"109660, 30630, None, None"
1984237573,cjihrig,test_runner: automatically wait for subtests to finish,closed,2024-07-23T22:13:35Z,,2024-11-28T15:13:05Z,"semver-major, needs-ci, test_runner",main,wait,,,,,,,,,True,,27193779,"109660, 30630, None, None"
1983971829,manaswinikakarla,Update README.md,closed,2024-07-23T19:06:33Z,,2024-07-23T19:06:43Z,invalid,main,main,,,,,,,,,False,,27193779,"109660, 30630, None, None"
1983899552,sonsurim,lib: update lifecycle script list in RunScript,closed,2024-07-23T18:23:06Z,,2024-07-23T18:28:21Z,"npm, wrong repo",main,sonsurim-add-npm-lifecycle,,,,,,,,,False,,27193779,"109660, 30630, None, None"
1983810166,Trott,test: add comments and rename test for timer robustness,closed,2024-07-23T17:31:24Z,2024-07-25T17:33:38Z,2024-07-25T17:33:38Z,"test, author ready, needs-ci",main,test-rename,,,,,,,,,False,,27193779,"109660, 30630, None, None"
1983775795,Ceres6,test: add test for one arg timers to increase coverage,closed,2024-07-23T17:08:19Z,2024-07-25T17:12:52Z,2024-07-25T17:12:52Z,"test, needs-ci",main,test/set-interval-one-arg-cov,,,,,,,,,False,,27193779,"109660, 30630, None, None"
1983581487,Aksinya-Bykova,test_runner: do not throw on mocked clearTimeout(),closed,2024-07-23T15:18:19Z,2024-07-25T15:26:00Z,2024-07-25T15:26:00Z,"author ready, needs-ci, test_runner",main,FixClearTimeout,,,,,,,,,False,,27193779,"109660, 30630, None, None"
1983305152,jakecastelli,meta: add jake to collaborators,closed,2024-07-23T13:05:46Z,2024-07-24T03:48:30Z,2024-07-24T03:48:30Z,"doc, meta, notable-change, fast-track",main,add-jake-to-collaborators,,,,,,,,,False,,27193779,"109660, 30630, None, None"
1983207297,jasnell,src: remove redundant RsaPointer (use RSAPointer),closed,2024-07-23T12:15:30Z,2024-07-25T12:28:23Z,2024-07-25T12:28:23Z,"crypto, c++, author ready, dont-land-on-v20.x",main,remove-redundant-rsapointer,,,,,,,,,False,,27193779,"109660, 30630, None, None"
1983057977,avivkeller,tools: make choco install script readable,closed,2024-07-23T10:55:23Z,2024-09-28T13:39:32Z,2024-09-28T13:39:33Z,"windows, install, tools, author ready, needs-ci, commit-queue-failed, commit-queue-squash",main,patch-86,,,,,,,,,False,,27193779,"109660, 30630, None, None"
1982584047,Emiltayeb,test_runner: switched to internal readline interface,closed,2024-07-23T06:20:55Z,2024-07-28T06:22:10Z,2024-07-28T06:22:10Z,"needs-ci, test_runner",main,swtich-to-internal-readline,,,,,,,,,False,,27193779,"109660, 30630, None, None"
1982297258,rayark1,lib: optimize copyError with ObjectAssign in primordials,closed,2024-07-23T01:02:25Z,2024-07-25T12:12:35Z,2024-07-25T12:12:35Z,"assert, author ready, needs-ci, needs-benchmark-ci, commit-queue-squash",main,optimize-copy-error,,,,,,,,,False,,27193779,"109660, 30630, None, None"
1982160453,rutaganda-salim,Allow nested data: imports with --experimental-network-imports,closed,2024-07-22T22:35:55Z,,2024-07-28T16:33:32Z,"esm, needs-ci",main,fix-data-url-import-1,,,,,,,,,False,,27193779,"109660, 30630, None, None"
1982133324,Qard,deps: V8: backport 7857eb34db42,closed,2024-07-22T22:08:19Z,2024-07-26T14:35:45Z,2024-07-26T14:35:45Z,"c++, semver-minor, build, v8 engine, lib / src, async_hooks, author ready, needs-ci, dependencies, dont-land-on-v20.x, v22.x",main,backport-v8-exposed-cped,,,,,,,,,False,,27193779,"109660, 30630, None, None"
1982099333,legendecas,test: skip sea tests with more accurate available disk space estimation,closed,2024-07-22T21:37:08Z,2024-07-27T12:41:31Z,2024-07-27T12:41:31Z,"test, needs-ci, single-executable",main,test/sea-disk-space,,,,,,,,,False,,27193779,"109660, 30630, None, None"
1981414661,lpinca,test: ignore case when comparing paths on Windows,closed,2024-07-22T14:43:20Z,,2024-07-22T14:48:41Z,"test, needs-ci",main,fix/issue-53989,,,,,,,,,False,,27193779,"109660, 30630, None, None"
1981339240,debbs061,doc: clarify `useCodeCache` setting for cross-platform SEA generation,closed,2024-07-22T14:08:50Z,2024-07-31T09:01:38Z,2024-07-31T09:01:38Z,"doc, commit-queue-squash, single-executable",main,main,,,,,,,,,False,,27193779,"109660, 30630, None, None"
1981329656,injunchoi98,Fixes: https://github.com/nodejs/node/issues/53989,closed,2024-07-22T14:04:11Z,2024-07-23T12:07:34Z,2024-07-23T12:07:34Z,"test, fast-track, author ready, needs-ci, commit-queue-squash",main,issue-53889-bug-fix,,,,,,,,,False,,27193779,"109660, 30630, None, None"
1981125810,huseyinacacak-janea,path: fix relative on Windows,closed,2024-07-22T12:23:24Z,2024-08-06T09:40:24Z,2024-08-06T09:40:24Z,"windows, path, needs-ci",main,huseyin-7650-utf-chars-relative-path,,,,,,,,,False,,27193779,"109660, 30630, None, None"
1981098624,marco-ippolito,doc: fix typo in recognizing-contributors,closed,2024-07-22T12:08:28Z,2024-07-23T09:54:43Z,2024-07-23T09:54:43Z,"doc, fast-track",main,feat/fix-typo-recognizing,,,,,,,,,False,,27193779,"109660, 30630, None, None"
1980134023,jasnell,src: move spkac methods to ncrypto,closed,2024-07-21T22:59:56Z,,2024-08-05T14:38:21Z,"crypto, c++, author ready, dont-land-on-v20.x",main,jsnell/move-crypto-spkac-to-ncrypto,,,,,,,tniessen,,False,,27193779,"109660, 30630, None, None"
1980106039,jasnell,src: start using ncrypto for CSPRNG calls,closed,2024-07-21T21:09:24Z,2024-07-23T21:20:59Z,2024-07-23T21:20:59Z,"c++, lib / src, author ready, dont-land-on-v20.x",main,start-using-ncrypto,,,,,,,bnoordhuis,,False,,27193779,"109660, 30630, None, None"
1980060343,ishupatil,Update README.md,closed,2024-07-21T18:07:37Z,,2024-07-21T18:48:52Z,invalid,main,main,,,,,,,,,False,,27193779,"109660, 30630, None, None"
1980038680,anonrig,fs: fix regression on rmsync,closed,2024-07-21T16:49:29Z,2024-07-23T16:53:02Z,2024-07-23T16:53:02Z,"c++, fs, author ready, needs-ci, dont-land-on-v18.x, dont-land-on-v20.x, dont-land-on-v22.x",main,fix-regression-rmsync,,,,,,,richardlau,,False,,27193779,"109660, 30630, None, None"
1980033374,deokjinkim,src: return `undefined` if no rows are returned in SQLite,closed,2024-07-21T16:31:21Z,2024-07-23T16:34:59Z,2024-07-23T16:34:59Z,"c++, author ready, needs-ci, dont-land-on-v20.x, sqlite",main,240722_return_undefined_stmt_get,,,,,,,,,False,,27193779,"109660, 30630, None, None"
1980018913,pmarchini,assert: use isError instead of instanceof in innerOk to define message type,closed,2024-07-21T15:43:36Z,2024-07-28T13:13:59Z,2024-07-28T13:13:59Z,"assert, author ready, needs-ci",main,issue/50780-assert-ok-non-native-error,,,,,,,,,False,,27193779,"109660, 30630, None, None"
1979890138,79faiz,just for practice sorry!,closed,2024-07-21T11:05:17Z,,2024-07-21T11:56:21Z,invalid,main,main,,,,,,,,,False,,27193779,"109660, 30630, None, None"
1979717677,nodejs-github-bot,tools: update lint-md-dependencies to @rollup/plugin-commonjs@28.0.1 @rollup/plugin-node-resolve@15.3.0 remark-preset-lint-node@5.1.2 rollup@4.24.0,closed,2024-07-21T00:29:33Z,,2024-10-20T12:37:06Z,tools,main,actions/tools-update-lint-md-dependencies,,,,,,,,,False,,27193779,"109660, 30630, None, None"
1979614783,ghost,samyak,closed,2024-07-20T19:22:57Z,,2024-07-20T20:08:53Z,invalid,main,samyak,,,,,,,,,False,,27193779,"109660, 30630, None, None"
1979610320,avivkeller,doc: fix documentation for `--run`,closed,2024-07-20T19:05:17Z,2024-07-22T19:13:00Z,2024-07-22T19:13:00Z,"doc, cli, commit-queue-squash, dont-land-on-v20.x",main,patch-85,,,,,,,,,False,,27193779,"109660, 30630, None, None"
1979610257,ghost,first commit from samyak,closed,2024-07-20T19:05:02Z,,2024-07-20T19:06:38Z,invalid,main,samyak,,,,,,,,,False,,27193779,"109660, 30630, None, None"
1979604868,avivkeller,build: don't store eslint locally,closed,2024-07-20T18:43:26Z,,2024-08-06T18:16:45Z,"build, meta, tools, needs-ci, commit-queue-squash",main,no-local-eslint,,,,,,,anonrig,,False,,27193779,"109660, 30630, None, None"
1979601926,Marostar123,stream: fix error when reading less than buffer,closed,2024-07-20T18:32:46Z,,2024-07-29T06:23:14Z,"stream, needs-ci",main,main,,,,,,,,,False,,27193779,"109660, 30630, None, None"
1979595260,jleedev,src: fix slice of slice of file-backed Blob,closed,2024-07-20T18:10:11Z,2024-07-22T18:25:30Z,2024-07-22T18:25:30Z,"c++, author ready, needs-ci",main,fix-53908,,,,,,,,,False,,27193779,"109660, 30630, None, None"
1979582960,avivkeller,"doc, test: simplify test README table",closed,2024-07-20T17:28:56Z,2024-08-11T18:04:32Z,2024-08-11T18:04:32Z,"doc, test, meta",main,patch-84,,,,,,,,,False,,27193779,"109660, 30630, None, None"
1979571073,avivkeller,meta: remove license for hljs,closed,2024-07-20T16:47:18Z,2024-07-22T16:54:32Z,2024-07-22T16:54:32Z,"meta, tools, author ready",main,license-hljs,,,,,,,,,False,,27193779,"109660, 30630, None, None"
1979566497,sonsurim,[v18.x backport] fs: fix the file name is not included when the withFileTypes option of readdir,closed,2024-07-20T16:31:28Z,,2024-08-19T12:38:44Z,"fs, needs-ci, v18.x",v18.x-staging,fix-readdir-withFileType,,,,,,,,,False,,27193779,"109660, 30630, None, None"
1979515562,aduh95,test: reduce flakiness of `test-assert-esm-cjs-message-verify`,closed,2024-07-20T13:48:07Z,2024-07-21T17:34:38Z,2024-07-21T17:34:38Z,"test, fast-track, author ready, needs-ci",main,unflake-esm-cjs-assert-message,,,,,,,,,False,,27193779,"109660, 30630, None, None"
1979413288,targos,deps: V8: cherry-pick 9812cb486e2b,closed,2024-07-20T09:51:11Z,2024-07-22T09:53:45Z,2024-07-22T09:53:45Z,"build, v8 engine, needs-ci, dont-land-on-v18.x, dont-land-on-v20.x",main,v8-backport-gcc-warning,,,,,,,,,False,,27193779,"109660, 30630, None, None"
1979194692,jakecastelli,test: add coverage for webstorage quota,closed,2024-07-20T04:20:43Z,,2024-08-02T13:34:47Z,"test, author ready, needs-ci, commit-queue-squash, dont-land-on-v20.x",main,ref-53871-max-storage-quota,,,,,,,,,False,,27193779,"109660, 30630, None, None"
1979003602,avivkeller,tools: update `mk-ca-bundle.pl` to `4fab113`,closed,2024-07-19T23:24:40Z,,2024-07-20T12:50:29Z,"tls, openssl, tools",main,patch-83,,,,,,,,,True,,27193779,"109660, 30630, None, None"
1978989333,avivkeller,build: update cpplint to 1.6.1,closed,2024-07-19T23:15:41Z,,2024-07-20T18:58:06Z,"build, meta, tools, needs-ci",main,lint-cpp-update,,,,,,,,,False,,27193779,"109660, 30630, None, None"
1978893220,jasnell,src: switch from ToLocalChecked to ToLocal in node_webstorage,closed,2024-07-19T22:03:32Z,2024-07-21T22:11:33Z,2024-07-21T22:11:33Z,"c++, author ready, dont-land-on-v20.x",main,fixup-node-webstorage-tolocalchecked,,,,,,,,,False,,27193779,"109660, 30630, None, None"
1978824088,JonasBa,fs: remove unnecessary option argument validation,closed,2024-07-19T21:21:14Z,2024-08-06T18:43:42Z,2024-08-06T18:43:42Z,"fs, needs-ci, commit-queue-squash, dont-land-on-v20.x",main,jb/fs-mkdir-options,,,,,,,,,False,,27193779,"109660, 30630, None, None"
1978689761,avivkeller,build: upgrade clang-format to v18,closed,2024-07-19T19:54:45Z,2024-09-14T14:48:08Z,2024-09-14T14:48:08Z,"build, tools, author ready, needs-ci, commit-queue-squash",main,linter,,,,,,,marco-ippolito,,False,,27193779,"109660, 30630, None, None"
1978491023,SunsetTechuila,doc: add info about prefix-only modules to `module.builtinModules`,closed,2024-07-19T17:49:07Z,2024-07-21T17:51:21Z,2024-07-21T17:51:21Z,"doc, module, author ready, commit-queue-squash",main,main,,,,,,,,,False,,27193779,"109660, 30630, None, None"
1978487976,shafi-VM,Fix http.server.close() to properly close idle connections before shu…,open,2024-07-19T17:47:09Z,,,"http, needs-ci",main,fix-server-close,,,,,,,,,False,,27193779,"109660, 30630, None, None"
1978481126,abmusse,test: skip --title check on IBM i,closed,2024-07-19T17:42:38Z,2024-07-22T11:39:04Z,2024-07-22T11:39:04Z,"test, needs-ci, ibm i",main,ibmi-fix-test-worker-node-options,,,,,,,,,False,,27193779,"109660, 30630, None, None"
1978388618,richardlau,"build, tools: drop leading `/` from `r2dir`",closed,2024-07-19T16:40:56Z,2024-07-22T13:21:36Z,2024-07-22T13:21:36Z,tools,main,r2,,,,,,,,,False,,27193779,"109660, 30630, None, None"
1978277986,aduh95,"doc,tools: enforce use of `node:` prefix",closed,2024-07-19T15:35:10Z,2024-07-21T15:44:27Z,2024-07-21T15:44:27Z,"doc, author ready",main,node-prefix-in-docs,,,,,,,,,False,,27193779,"109660, 30630, None, None"
1978197402,avivkeller,meta: reword linter messages,closed,2024-07-19T14:49:26Z,2024-07-21T22:21:42Z,2024-07-21T22:21:42Z,"tools, author ready, dont-land-on-v20.x",main,eslint-messages,,,,,,,,,False,,27193779,"109660, 30630, None, None"
1978120400,anonrig,lib: disallow destructuring internalBinding output,closed,2024-07-19T14:17:08Z,,2024-07-25T15:54:23Z,"help wanted, lib / src, needs-ci",main,disallow-destructuring-internalbinding,,,,,,,,,True,,27193779,"109660, 30630, None, None"
1978033159,marco-ippolito,v20.16.0 proposal,closed,2024-07-19T13:33:59Z,2024-07-24T11:58:58Z,2024-07-24T11:58:58Z,"release, v20.x",v20.x,v20.16.0-proposal,,,,,,,,,False,,27193779,"109660, 30630, None, None"
1977785215,cloydlau,doc: remove `scroll-behavior: smooth;`,closed,2024-07-19T11:13:05Z,2024-07-21T11:15:28Z,2024-07-21T11:15:28Z,"doc, author ready",main,main,,,,,,,,,False,,27193779,"109660, 30630, None, None"
1977784649,zcbenz,src: do not save c_str of a temp string,closed,2024-07-19T11:12:40Z,2024-07-22T07:15:04Z,2024-07-22T07:15:04Z,"c++, fs, needs-ci, dont-land-on-v18.x, dont-land-on-v20.x, dont-land-on-v22.x",main,path-c-str,,,,,,,,,False,,27193779,"109660, 30630, None, None"
1977723052,zcbenz,deps: add gn build files for ncrypto,closed,2024-07-19T10:29:09Z,2024-07-25T02:39:01Z,2024-07-25T02:39:01Z,"needs-ci, dependencies, dont-land-on-v20.x",main,ncrypto-gn,,,,,,,,,False,,27193779,"109660, 30630, None, None"
1977700910,aduh95,test: use `PYTHON` executable from env in `assertSnapshot`,closed,2024-07-19T10:15:18Z,2024-07-21T15:53:07Z,2024-07-21T15:53:07Z,"test, author ready, needs-ci, commit-queue-squash",main,assert-snapshot-python,,,,,,,,,False,,27193779,"109660, 30630, None, None"
1977482577,atlowChemi,test_runner: add coverage support to run function,closed,2024-07-19T08:00:17Z,2024-09-20T13:20:46Z,2024-09-20T13:20:46Z,"semver-minor, author ready, coverage, test_runner",main,coverage-support-via-run,,,,,,,"jakecastelli, jasnell",,False,,27193779,"109660, 30630, None, None"
1977046090,richardlau,v22.5.1 proposal,closed,2024-07-19T01:36:15Z,2024-07-19T13:39:51Z,2024-07-19T13:39:51Z,"release, v22.x",v22.x,v22.5.1-proposal,,,,,,,,,False,,27193779,"109660, 30630, None, None"
1976985609,anonrig,Fix the bug caused by fast api changes in v22.5.0 and have a post-mortem,open,2024-07-18T23:40:34Z,,,"c++, fs, v8 engine, post-mortem, lib / src, blocked, needs-ci",main,add-fast-close,,,,,,,,,False,,27193779,"109660, 30630, None, None"
1976871916,tlhunter,doc: fix worker threadId/destination typo,closed,2024-07-18T21:20:35Z,2024-08-02T10:45:49Z,2024-08-02T10:45:49Z,"doc, author ready, worker, dont-land-on-v20.x",main,tlhunter/worker-threadid-docs-typo,,,,,,,,,False,,27193779,"109660, 30630, None, None"
1976841394,mfdebian,doc: move numCPUs require to top of file in `cluster` CJS example,closed,2024-07-18T21:00:48Z,2024-07-30T06:13:52Z,2024-07-30T06:13:52Z,"cluster, doc, author ready",main,numCPUs-require-atop,,,,,,,,,False,,27193779,"109660, 30630, None, None"
1976746888,cjihrig,test_runner: refactor coverage to pass in config options,closed,2024-07-18T19:54:37Z,2024-07-22T04:26:43Z,2024-07-22T04:26:43Z,"author ready, test_runner, dont-land-on-v20.x",main,coverage-opts,,,,,,,,,False,,27193779,"109660, 30630, None, None"
1976707009,avivkeller,meta: store actions secrets in environment,closed,2024-07-18T19:31:35Z,2024-07-20T19:33:29Z,2024-07-20T19:33:29Z,"meta, author ready, commit-queue-squash",main,actions-secrets,,,,,,,,,False,,27193779,"109660, 30630, None, None"
1976574361,anonrig,build: update codecov.yml,closed,2024-07-18T18:09:35Z,,2024-07-20T18:17:02Z,"meta, author ready, commit-queue-rebase",main,fix-codecov-yml,,,,,,,,,False,,27193779,"109660, 30630, None, None"
1976534074,avivkeller,tools: remove unused python files,closed,2024-07-18T17:42:12Z,2024-08-26T20:43:19Z,2024-08-26T20:43:19Z,"tools, python, author ready",main,less-python,,,,,,,,,False,,27193779,"109660, 30630, None, None"
1976477054,cjihrig,test_runner: support running tests in process,closed,2024-07-18T17:01:06Z,,2024-08-21T13:39:22Z,"semver-minor, lib / src, author ready, commit-queue-rebase, test_runner, dont-land-on-v20.x",main,isolation,,,,,,,"MoLow, atlowChemi",,False,,27193779,"109660, 30630, None, None"
1976343730,cjihrig,"doc: move --test-coverage-{ex,in}clude to proper location",closed,2024-07-18T15:47:58Z,2024-07-20T13:26:09Z,2024-07-20T13:26:10Z,"doc, cli, fast-track, author ready",main,docs,,,,,,,,,False,,27193779,"109660, 30630, None, None"
1976323511,avivkeller,meta: add sea and sqlite to tsconfig,closed,2024-07-18T15:36:01Z,,2024-09-01T13:01:29Z,"meta, review wanted, single-executable, sqlite",main,patch-82,,,,,,,,,False,,27193779,"109660, 30630, None, None"
1976107411,cjihrig,test_runner: refactoring for supporting in-process testing,closed,2024-07-18T14:04:26Z,2024-07-20T16:59:48Z,2024-07-20T16:59:48Z,"author ready, test_runner, dont-land-on-v20.x",main,refactor,,,,,,,,,False,,27193779,"109660, 30630, None, None"
1975979280,lpinca,test: deflake test-blob-file-backed,closed,2024-07-18T13:09:27Z,2024-07-20T13:16:23Z,2024-07-20T13:16:23Z,"test, needs-ci",main,deflake/test-blob-file-backed,,,,,,,,,False,,27193779,"109660, 30630, None, None"
1975750568,legendecas,test: skip sea tests in large debug builds,closed,2024-07-18T11:02:35Z,2024-07-22T21:39:49Z,2024-07-22T21:39:49Z,"test, needs-ci, single-executable",main,test/sea-binary-size,,,,,,,,,False,,27193779,"109660, 30630, None, None"
1974860788,bcoe,test: update gcovr version,closed,2024-07-18T01:28:57Z,,2024-07-18T01:33:52Z,meta,main,update-gcovr,,,,,,,,,False,,27193779,"109660, 30630, None, None"
1974841390,H4ad,lib: support dynamic trace events on debugWithTimer,closed,2024-07-18T01:12:49Z,2024-07-28T17:20:38Z,2024-07-28T17:20:38Z,"util, author ready, needs-ci, commit-queue-squash, dont-land-on-v20.x",main,refactor-my-todo-pt2,,,,,,,,,False,,27193779,"109660, 30630, None, None"
1974701004,aduh95,tools: fix `SLACK_TITLE` in invalid commit workflow,closed,2024-07-17T22:47:33Z,2024-07-21T19:43:40Z,2024-07-21T19:43:40Z,"meta, author ready, commit-queue-squash",main,slack-title-invalid-commit,,,,,,,,,False,,27193779,"109660, 30630, None, None"
1974538547,himself65,meta: add sqlite to js subsystems,closed,2024-07-17T20:50:10Z,2024-07-27T13:35:40Z,2024-07-27T13:35:40Z,"meta, author ready, sqlite",main,himself65/20240717/ci,,,,,,,,,False,,27193779,"109660, 30630, None, None"
1974456742,anonrig,fs: fix not found `close` creation context,closed,2024-07-17T19:57:51Z,,2024-07-18T23:01:51Z,"fs, needs-ci",main,fix-node-close,,,,,,,,,False,,27193779,"109660, 30630, None, None"
1974433829,avivkeller,build: update `ruff` to `0.5.2`,closed,2024-07-17T19:44:43Z,2024-08-13T17:21:59Z,2024-08-13T17:21:59Z,"build, needs-ci",main,update-ruff,,,,,,,,,False,,27193779,"109660, 30630, None, None"
1974400143,avivkeller,"doc, sqlite: add `--experimental-sqlite` note",closed,2024-07-17T19:20:16Z,2024-07-19T19:28:19Z,2024-07-19T19:28:19Z,"doc, commit-queue-squash, dont-land-on-v20.x, sqlite",main,patch-81,,,,,,,,,False,,27193779,"109660, 30630, None, None"
1974355747,avivkeller,"Revert ""fs: add v8 fast api to closeSync""",closed,2024-07-17T18:48:38Z,2024-07-18T22:25:20Z,2024-07-18T22:25:20Z,"c++, fs, lib / src, fast-track, needs-ci, revert, dont-land-on-v18.x, dont-land-on-v20.x",main,revert-53627-add-fast-api-for-close,,,,,,,,,False,,27193779,"109660, 30630, None, None"
1974306957,aduh95,tools: add workflow to ensure `README` lists are in sync with gh teams,closed,2024-07-17T18:18:35Z,2024-08-06T13:50:28Z,2024-08-06T13:50:28Z,"doc, meta, tools, dont-land-on-v18.x, dont-land-on-v20.x",main,verify-team-members-readme,,,,,,,,,False,,27193779,"109660, 30630, None, None"
1974296971,himself65,sqlite: support `db.loadExtension`,closed,2024-07-17T18:14:34Z,,2024-12-11T16:50:58Z,"c++, needs-ci, dont-land-on-v20.x, sqlite",main,himself65/20240717/load_extension,,,,,,,,,False,,27193779,"109660, 30630, None, None"
1974255994,tie,build: support setting an emulator from configure script,open,2024-07-17T17:57:45Z,,,"build, v8 engine, tools, needs-ci",main,emulator,,,,,,,,,False,,27193779,"109660, 30630, None, None"
1974116424,anonrig,build: update gcovr to v7.2,closed,2024-07-17T16:34:29Z,,2024-07-25T15:54:01Z,meta,main,update-gcovr,,,,,,,,,False,,27193779,"109660, 30630, None, None"
1974110895,MattiasBuelens,doc: add MattiasBuelens to collaborators,closed,2024-07-17T16:30:49Z,2024-07-18T13:55:59Z,2024-07-18T13:55:59Z,"doc, meta, fast-track",main,add-mattiasbuelens-to-collaborators,,,,,,,,,False,,27193779,"109660, 30630, None, None"
1974110890,avivkeller,meta: add Github Reviews on new PR,closed,2024-07-17T16:30:49Z,,2024-07-17T16:42:22Z,"meta, tools",main,request-reviews,,,,,,,,,False,,27193779,"109660, 30630, None, None"
1974105306,targos,"build,tools: simplify upload of shasum signatures",closed,2024-07-17T16:27:03Z,2024-07-19T16:31:03Z,2024-07-19T16:31:03Z,tools,main,simplify-release-script,,,,,,,,,False,,27193779,"109660, 30630, None, None"
1974099367,anonrig,build: update codecov,closed,2024-07-17T16:22:57Z,,2024-07-25T12:39:19Z,meta,main,reenable-codecov,,,,,,,targos,,False,,27193779,"109660, 30630, None, None"
1974044906,tniessen,src: simplify AESCipherTraits::AdditionalConfig,closed,2024-07-17T15:53:47Z,2024-07-25T14:54:38Z,2024-07-25T14:54:38Z,"crypto, c++, author ready, needs-ci",main,src-simplify-aesciphertraits-additionalconfig,,,,,,,,,False,,27193779,"109660, 30630, None, None"
1974026354,aduh95,doc: fix release date for 22.5.0,closed,2024-07-17T15:45:47Z,2024-07-17T17:19:02Z,2024-07-17T17:19:02Z,"fast-track, release, dont-land-on-v18.x, dont-land-on-v20.x",main,fix-22.5.0-date,,,,,,,,,False,,27193779,"109660, 30630, None, None"
1973900734,anonrig,meta: move anonrig to tsc voting members,closed,2024-07-17T14:47:58Z,2024-07-17T22:21:32Z,2024-07-17T22:21:32Z,"doc, meta, fast-track, author ready",main,meta-move-anonrig,,,,,,,,,False,,27193779,"109660, 30630, None, None"
1973691457,codebytere,src: expose `LookupAndCompile` with parameters,closed,2024-07-17T13:11:52Z,2024-07-29T17:55:11Z,2024-07-29T17:55:11Z,"c++, needs-ci",main,lookup-compile,,,,,,,,,False,,27193779,"109660, 30630, None, None"
1973661948,codebytere,src: fix `-Wshadow` warning,closed,2024-07-17T12:56:47Z,2024-07-24T09:26:44Z,2024-07-24T09:26:44Z,"c++, author ready",main,remove-shadowed-variable,,,,,,,,,False,,27193779,"109660, 30630, None, None"
1973649939,codebytere,build: ensure `v8_pointer_compression_sandbox` is enabled on 64bit,closed,2024-07-17T12:50:55Z,2024-07-24T10:00:07Z,2024-07-24T10:00:07Z,build,main,add-back-sandbox-variable,,,,,,,,,False,,27193779,"109660, 30630, None, None"
1973571670,tniessen,src: use Maybe<void> in SecureContext,closed,2024-07-17T12:14:36Z,2024-07-19T12:19:13Z,2024-07-19T12:19:13Z,"crypto, c++, author ready, needs-ci, dont-land-on-v20.x",main,crypto-maybe-void-securecontext,,,,,,,,,False,,27193779,"109660, 30630, None, None"
1973109145,Rekl0w,doc: add more details for localStorage and sessionStorage,closed,2024-07-17T08:02:54Z,2024-09-20T13:20:30Z,2024-09-20T13:20:30Z,"doc, commit-queue-squash, dont-land-on-v20.x",main,Fix#53871,,,,,,,,,False,,27193779,"109660, 30630, None, None"
1973082983,Rekl0w,doc: add more details for localStorage and sessionStorage,closed,2024-07-17T07:48:16Z,,2024-07-17T07:49:16Z,doc,main,Fix#53871,,,,,,,,,False,,27193779,"109660, 30630, None, None"
1972722869,RafaelGSS,"src,http2: cache invariant code motion",closed,2024-07-17T02:36:00Z,2024-07-21T23:18:57Z,2024-07-21T23:18:57Z,"c++, performance, http2, author ready, needs-ci",main,http2-invariant-code-motion,,,,,,,,,False,,27193779,"109660, 30630, None, None"
1972687980,EddieAbbondanzio,test_runner: cleanup global event listeners after run,closed,2024-07-17T02:03:06Z,2024-07-23T06:49:52Z,2024-07-23T06:49:52Z,"needs-ci, commit-queue-squash, test_runner",main,remove-global-event-handlers-after-run,,,,,,,,,False,,27193779,"109660, 30630, None, None"
1972389720,RafaelGSS,doc: update security-release process to automated one,closed,2024-07-16T21:36:24Z,2024-07-29T13:34:19Z,2024-07-29T13:34:19Z,"doc, meta, security, commit-queue-squash",main,update-sec-release-process,,,,,,,,,False,,27193779,"109660, 30630, None, None"
1972318137,anonrig,src: refactor webstorage implementation,closed,2024-07-16T20:37:49Z,2024-07-18T20:41:49Z,2024-07-18T20:41:49Z,"c++, author ready, needs-ci, dont-land-on-v20.x",main,refactor-webstorage,,,,,,,,,False,,27193779,"109660, 30630, None, None"
1972287517,anonrig,src: move `ToNamespacedPath` call of webstorage,closed,2024-07-16T20:15:36Z,2024-07-21T20:49:11Z,2024-07-21T20:49:11Z,"c++, author ready, needs-ci, dont-land-on-v20.x",main,webstorage-tonamespacedpath,,,,,,,cjihrig,,False,,27193779,"109660, 30630, None, None"
1972230457,taniishkaaa,doc: update for solution to dual package hazard,open,2024-07-16T19:34:19Z,,,doc,main,issue-52174,,,,,,,,,False,,27193779,"109660, 30630, None, None"
1972079245,aduh95,esm: refactor `get_format`,closed,2024-07-16T17:55:04Z,2024-07-18T17:57:40Z,2024-07-18T17:57:40Z,"esm, author ready, needs-ci, backport-open-v20.x",main,get_format-refactor,,,,,,,,,False,,27193779,"109660, 30630, None, None"
1971861322,Kikobeats,build: minify undici,open,2024-07-16T15:33:12Z,,,"build, tools, dependencies",main,minify-undici,,,,,,,,,False,,27193779,"109660, 30630, None, None"
1971638841,jasnell,src: replace ToLocalChecked uses with ToLocal in node-file,closed,2024-07-16T13:58:04Z,,2024-07-19T04:13:31Z,"c++, fs, author ready",main,replace-node-file-tolocalchecks,,,,,,,joyeecheung,,False,,27193779,"109660, 30630, None, None"
1971553545,mcollina,"test_runner: fix support watch with run(), add globPatterns option",closed,2024-07-16T13:19:28Z,2024-07-24T13:11:20Z,2024-07-24T13:11:20Z,"semver-minor, needs-ci, commit-queue-squash, test_runner, dont-land-on-v20.x",main,support-watch-in-run,,,,,,,,,False,,27193779,"109660, 30630, None, None"
1971452036,nodejs-github-bot,deps: update c-ares to v1.32.2,closed,2024-07-16T12:27:40Z,2024-07-24T14:08:46Z,2024-07-24T14:08:46Z,"cares, needs-ci, dependencies",main,actions/tools-update-c-ares,,,,,,,,,False,,27193779,"109660, 30630, None, None"
1971218023,tsabolov,doc: add a missing word in api/single-executable-applications.md,open,2024-07-16T10:09:02Z,,,"doc, single-executable",main,patch-1,,,,,,,,,False,,27193779,"109660, 30630, None, None"
1970824561,huseyinacacak-janea,build: avoid compiling with VS v17.10,closed,2024-07-16T06:27:53Z,2024-07-25T10:08:16Z,2024-07-25T10:08:16Z,"windows, build, needs-ci, commit-queue-squash, dont-land-on-v20.x",main,huseyin-12291-compilation-error-vs-17-10,,,,,,,,,False,,27193779,"109660, 30630, None, None"
1970567424,zcbenz,deps: fix include_dirs of nbytes,closed,2024-07-16T02:01:12Z,2024-07-18T07:39:35Z,2024-07-18T07:39:35Z,"needs-ci, dependencies, dont-land-on-v20.x",main,nbytes-include-dir,,,,,,,,,False,,27193779,"109660, 30630, None, None"
1970394894,JonasBa,fs: avoid unnecessary options checks when options argument is not passed,closed,2024-07-15T23:26:34Z,2024-07-17T23:29:56Z,2024-07-17T23:29:56Z,"fs, author ready, needs-ci, dont-land-on-v20.x",main,jb/fs-mkdirsync/lazy,,,,,,,,,False,,27193779,"109660, 30630, None, None"
1970381030,legendecas,lib: decorate async stack trace in source maps,closed,2024-07-15T23:08:37Z,2024-07-18T14:45:43Z,2024-07-18T14:45:43Z,"author ready, needs-ci, source maps",main,source-maps/async,,,,,,,,,False,,27193779,"109660, 30630, None, None"
1970276503,H4ad,lib: improve error message when index not found on cjs,closed,2024-07-15T21:30:24Z,2024-07-20T00:22:24Z,2024-07-20T00:22:24Z,"c++, fs, needs-ci, commit-queue-squash",main,fix/message-of-cjs-loader,,,,,,,targos,,False,,27193779,"109660, 30630, None, None"
1969855028,aduh95,doc: fix casing of GitHub handles in README lists,closed,2024-07-15T17:02:48Z,2024-07-17T17:07:41Z,2024-07-17T17:07:41Z,"doc, meta, author ready",main,fix-gh-casing,,,,,,,,,False,,27193779,"109660, 30630, None, None"
1969646221,shyam66666,Update README.md,closed,2024-07-15T15:09:54Z,,2024-07-15T15:10:52Z,invalid,main,main,,,,,,,,,False,,27193779,"109660, 30630, None, None"
1968643386,cjihrig,test_runner: refactor snapshots to support multiple files in the same process,closed,2024-07-15T05:09:30Z,,2024-07-17T07:01:24Z,"semver-minor, author ready, commit-queue-rebase, test_runner, dont-land-on-v20.x",main,snapshot,,,,,,,,,False,,27193779,"109660, 30630, None, None"
1968437018,tniessen,"src,test: disallow unsafe integer coercion in SQLite",closed,2024-07-14T23:26:13Z,2024-07-22T12:22:18Z,2024-07-22T12:22:18Z,"c++, experimental, author ready, needs-ci, dont-land-on-v20.x, sqlite",main,sqlite-dont-coerce-int-silently,,,,,,,,,False,,27193779,"109660, 30630, None, None"
1968413717,tniessen,src: fix potential segmentation fault in SQLite,closed,2024-07-14T21:54:10Z,2024-07-16T22:00:48Z,2024-07-16T22:00:49Z,"c++, experimental, author ready, needs-ci, dont-land-on-v20.x, sqlite",main,sqlite-check-empty,,,,,,,,,False,,27193779,"109660, 30630, None, None"
1968400475,cjihrig,test_runner: consolidate option parsing,closed,2024-07-14T20:56:33Z,2024-07-16T21:05:47Z,2024-07-16T21:05:47Z,"author ready, test_runner, dont-land-on-v20.x",main,runner-config,,,,,,,,,False,,27193779,"109660, 30630, None, None"
1968400302,guybedford,esm: 'module.exports' export on ESM CJS wrapper,closed,2024-07-14T20:55:43Z,,2024-10-02T19:30:53Z,"semver-major, esm, loaders",main,esm-cjs-marker,,,,,,,,,False,,27193779,"109660, 30630, None, None"
1968382105,ibrahimskh,Update README.md,closed,2024-07-14T19:37:16Z,,2024-07-14T20:16:56Z,invalid,main,main,,,,,,,,,False,,27193779,"109660, 30630, None, None"
1968366431,syi0808,test_runner: mock_loader resolve the cjs and esm formats respectively.,closed,2024-07-14T18:37:47Z,2024-08-06T09:24:25Z,2024-08-06T09:24:25Z,"author ready, needs-ci, commit-queue-squash, test_runner",main,fix/module-mock-throw-error-wrong-import,,,,,,,GeoffreyBooth,,False,,27193779,"109660, 30630, None, None"
1968269306,targos,build: disable test-asan workflow,closed,2024-07-14T13:19:36Z,2024-07-16T13:29:10Z,2024-07-16T13:29:10Z,"meta, author ready",main,disable-asan,,,,,,,,,False,,27193779,"109660, 30630, None, None"
1968089149,nodejs-github-bot,deps: update googletest to 4b21f1a,closed,2024-07-14T00:30:54Z,2024-07-16T00:33:40Z,2024-07-16T00:33:40Z,"test, author ready, needs-ci, dependencies",main,actions/tools-update-googletest,,,,,,,,,False,,27193779,"109660, 30630, None, None"
1968088977,nodejs-github-bot,deps: update minimatch to 10.0.1,closed,2024-07-14T00:29:59Z,2024-07-16T00:33:26Z,2024-07-16T00:33:26Z,"author ready, needs-ci, dependencies",main,actions/tools-update-minimatch,,,,,,,,,False,,27193779,"109660, 30630, None, None"
1968088956,nodejs-github-bot,tools: update lint-md-dependencies to remark-preset-lint-node@5.1.0 rollup@4.18.1,closed,2024-07-14T00:29:53Z,2024-07-16T00:33:18Z,2024-07-16T00:33:18Z,"tools, author ready",main,actions/tools-update-lint-md-dependencies,,,,,,,,,False,,27193779,"109660, 30630, None, None"
1968088933,nodejs-github-bot,tools: update eslint to 9.7.0,closed,2024-07-14T00:29:46Z,2024-07-16T00:33:11Z,2024-07-16T00:33:11Z,"tools, author ready, dont-land-on-v20.x",main,actions/tools-update-eslint,,,,,,,,,False,,27193779,"109660, 30630, None, None"
1968088932,nodejs-github-bot,deps: update corepack to 0.29.2,closed,2024-07-14T00:29:46Z,2024-07-16T00:33:04Z,2024-07-16T00:33:04Z,"author ready, needs-ci, dependencies, backported-to-v18.x",main,actions/tools-update-corepack,,,,,,,,,False,,27193779,"109660, 30630, None, None"
1968088909,nodejs-github-bot,deps: update simdutf to 5.3.0,closed,2024-07-14T00:29:39Z,2024-07-16T00:32:58Z,2024-07-16T00:32:58Z,"author ready, needs-ci, dependencies",main,actions/tools-update-simdutf,,,,,,,,,False,,27193779,"109660, 30630, None, None"
1967959695,cjihrig,test_runner: remove plan option from run(),closed,2024-07-13T16:58:20Z,2024-07-15T17:10:01Z,2024-07-15T17:10:01Z,"author ready, test_runner",main,plan,,,,,,,,,False,,27193779,"109660, 30630, None, None"
1967884800,JulianKniephoff,test_runner: fix escaping in snapshot tests,closed,2024-07-13T14:50:22Z,2024-07-15T14:55:44Z,2024-07-15T14:55:44Z,"author ready, test_runner, dont-land-on-v20.x",main,fix-escapes-in-snapshots,,,,,,,,,False,,27193779,"109660, 30630, None, None"
1967761013,tniessen,src: update outdated references to spec sections,closed,2024-07-13T10:06:54Z,2024-07-15T20:01:14Z,2024-07-15T20:01:14Z,"c++, author ready, needs-ci",main,ecma-ref-util,,,,,,,,,False,,27193779,"109660, 30630, None, None"
1967640887,gabrielschulhof,node-api: rename nogc to basic,closed,2024-07-13T04:02:32Z,,2024-07-26T16:29:20Z,"c++, lib / src, node-api, author ready, needs-ci",main,rename-nogc-to-basic,,,,,,,,,False,,27193779,"109660, 30630, None, None"
1967322180,anonrig,meta: change email of @anonrig,closed,2024-07-12T20:54:09Z,2024-07-14T14:28:35Z,2024-07-14T14:28:35Z,"doc, meta, fast-track, author ready",main,change-readme-email,,,,,,,,,False,,27193779,"109660, 30630, None, None"
1967123842,aduh95,doc: add an explicit fetch tag step in release guide,closed,2024-07-12T18:12:33Z,,2024-09-24T08:54:25Z,"doc, meta",main,fetch-last-release-tag,,,,,,,,,False,,27193779,"109660, 30630, None, None"
1966889006,Kay-Yuan,url: fix typo,closed,2024-07-12T15:18:23Z,2024-07-14T15:18:19Z,2024-07-14T15:18:20Z,"whatwg-url, author ready",main,fix-typo-in-internal-url.js,,,,,,,,,False,,27193779,"109660, 30630, None, None"
1966888545,aduh95,V22.5.0 proposal,closed,2024-07-12T15:18:07Z,2024-07-17T15:09:08Z,2024-07-17T15:09:08Z,"release, v22.x",v22.x,v22.5.0-proposal,,,,,,,,,False,,27193779,"109660, 30630, None, None"
1966853756,jakecastelli,stream: throw TypeError when criteria fulfilled in getIterator,closed,2024-07-12T14:57:25Z,2024-08-01T02:00:48Z,2024-08-01T02:00:48Z,"author ready, needs-ci, web streams",main,fix-53891,,,,,,,,,False,,27193779,"109660, 30630, None, None"
1966741528,avivkeller,fs: correctly pass dirent to exclude `withFileTypes`,closed,2024-07-12T14:00:55Z,,2024-07-17T13:22:20Z,"fs, needs-ci, commit-queue-squash, dont-land-on-v20.x",main,fix-dirent,,,,,,,,,False,,27193779,"109660, 30630, None, None"
1966733674,RafaelGSS,"lib,src: drop --experimental-network-imports",closed,2024-07-12T13:56:16Z,2024-07-28T16:33:06Z,2024-07-28T16:33:06Z,"c++, module, lib / src, notable-change, experimental, esm, author ready, needs-ci, commit-queue-squash, dont-land-on-v20.x",main,remove-network-import,,,,,,,,,False,,27193779,"109660, 30630, None, None"
1966506946,danielbayley,"src,test: further cleanup references to osx",closed,2024-07-12T12:09:40Z,2024-07-15T20:32:27Z,2024-07-15T20:32:27Z,"lib / src, author ready, needs-ci",main,osx-reference-cleanup,,,,,,,,,False,,27193779,"109660, 30630, None, None"
1965591062,danielbayley,lib: refactor `platform` utility methods,closed,2024-07-11T23:14:34Z,2024-07-15T18:58:11Z,2024-07-15T18:58:11Z,"lib / src, author ready, needs-ci, dont-land-on-v20.x",main,utility-platform-cleanup,,,,,,,,,False,,27193779,"109660, 30630, None, None"
1964818724,mertcanaltin,test: update wpt test for url,closed,2024-07-11T15:27:10Z,2024-07-14T16:24:21Z,2024-07-14T16:24:21Z,"test, author ready, needs-ci",main,wpt-update,,,,,,,,,False,,27193779,"109660, 30630, None, None"
1964611535,tniessen,src: avoid strcmp in ImportJWKAsymmetricKey,closed,2024-07-11T13:53:17Z,2024-07-21T22:23:46Z,2024-07-21T22:23:46Z,"crypto, c++, author ready, needs-ci",main,crypto-no-strcmp-importjwkasymmetrickey,,,,,,,,,False,,27193779,"109660, 30630, None, None"
1964610065,Kay-Yuan,test: remove unnecessary console log,closed,2024-07-11T13:52:32Z,2024-07-26T12:56:10Z,2024-07-26T12:56:10Z,"test, author ready, needs-ci",main,remove-unnecessary-console-log,,,,,,,,,False,,27193779,"109660, 30630, None, None"
1964478252,tniessen,src: use Maybe<void> in ManagedEVPPKey,closed,2024-07-11T12:50:20Z,2024-07-13T12:55:02Z,2024-07-13T12:55:02Z,"c++, lib / src, author ready, needs-ci",main,crypto-managedevppkey-maybe-void,,,,,,,,,False,,27193779,"109660, 30630, None, None"
1964314193,lirantal,doc: expand troubleshooting section,closed,2024-07-11T11:15:54Z,2024-07-31T09:42:03Z,2024-07-31T09:42:03Z,"doc, build, fast-track, commit-queue-squash",main,lirantal-doc-building-2,,,,,,,,,False,,27193779,"109660, 30630, None, None"
1963011286,jasnell,deps: start working on ncrypto dep,closed,2024-07-10T18:48:20Z,,2024-07-18T13:57:20Z,"crypto, lib / src, author ready, dependencies, dont-land-on-v20.x",main,start-ncrypto,,,,,,,"tniessen, mhdawson",,False,,27193779,"109660, 30630, None, None"
1962939622,benjamingr,stream: improve inspector ergonomics,closed,2024-07-10T17:57:49Z,2024-07-12T18:00:27Z,2024-07-12T18:00:27Z,"author ready, needs-ci, web streams",main,fix-vscode-debugger-issue,,,,,,,,,False,,27193779,"109660, 30630, None, None"
1962899256,npm-cli-bot,deps: upgrade npm to 10.8.2,closed,2024-07-10T17:28:22Z,2024-07-12T17:35:46Z,2024-07-12T17:35:46Z,"npm, needs-ci",main,npm-v10.8.2-main,,,,,,,,,False,,27193779,"109660, 30630, None, None"
1962716636,rotu,use CDP setBreakpointOnFunctionCall,open,2024-07-10T15:46:21Z,,,"needs-ci, debugger",main,chief-flamingo,,,,,,,,,True,,27193779,"109660, 30630, None, None"
1962698259,avivkeller,meta: add `node_sqlite.c` to PR label config,closed,2024-07-10T15:36:56Z,2024-07-12T20:42:49Z,2024-07-12T20:42:50Z,"meta, author ready, commit-queue-squash, sqlite",main,patch-81,,,,,,,,,False,,27193779,"109660, 30630, None, None"
1961124895,Trott,child_process: remove unused internal event,closed,2024-07-09T22:27:06Z,2024-08-01T03:07:10Z,2024-08-01T03:07:10Z,"child_process, semver-major, author ready, needs-ci, needs-citgm",main,remove-it,,,,,,,,,False,,27193779,"109660, 30630, None, None"
1960865541,anonrig,deps: update nbytes and add update script,closed,2024-07-09T19:29:46Z,2024-07-12T13:58:08Z,2024-07-12T13:58:08Z,"meta, tools, author ready, dependencies, dont-land-on-v20.x",main,update-nbytes,,,,,,,marco-ippolito,,False,,27193779,"109660, 30630, None, None"
1960651617,mfdebian,doc: adds mjs examples to `node:child_process`,closed,2024-07-09T17:26:52Z,,2024-07-09T21:13:32Z,"child_process, doc",main,docs-child-process-mjs,,,,,,,,,False,,27193779,"109660, 30630, None, None"
1960574949,MOHIT51196,src: fix env-file flag to ignore spaces before quotes,closed,2024-07-09T16:38:55Z,2024-07-17T09:22:42Z,2024-07-17T09:22:42Z,"c++, author ready, needs-ci, dotenv",main,fix-envfile-flag,,,,,,,,,False,,27193779,"109660, 30630, None, None"
1960300687,avivkeller,doc: update boxstarter README,closed,2024-07-09T14:26:50Z,2024-07-21T22:23:31Z,2024-07-21T22:23:31Z,"doc, build, meta, tools, author ready",main,patch-80,,,,,,,,,False,,27193779,"109660, 30630, None, None"
1960173781,tniessen,doc: clarify authenticity of plaintexts in update,closed,2024-07-09T13:30:57Z,2024-07-11T13:40:39Z,2024-07-11T13:40:39Z,"crypto, doc, security, author ready",main,doc-crypto-decipher-update-authenticity,,,,,,,,,False,,27193779,"109660, 30630, None, None"
1960096060,avivkeller,meta: remove redudant logging from dep updaters,closed,2024-07-09T12:58:45Z,2024-07-14T18:02:13Z,2024-07-14T18:02:13Z,"meta, tools, commit-queue-squash",main,util-no-extra-logging,,,,,,,,,False,,27193779,"109660, 30630, None, None"
1960057888,avivkeller,cli: document `--inspect` port `0` behavior,closed,2024-07-09T12:43:26Z,2024-07-18T14:28:45Z,2024-07-18T14:28:45Z,"doc, inspector, cli, author ready, commit-queue-squash",main,patch-79,,,,,,,,,False,,27193779,"109660, 30630, None, None"
1959962704,lirantal,child_process: fix incomplete prototype pollution hardening,closed,2024-07-09T11:59:40Z,2024-07-21T21:27:04Z,2024-07-21T21:27:04Z,"child_process, test, security, needs-ci",main,fix/prototype-hardening-missing-for-spawn,,,,,,,,,False,,27193779,"109660, 30630, None, None"
1959870971,legendecas,src: reject per-process isolate flags in workers,closed,2024-07-09T11:09:56Z,,2024-08-13T10:38:35Z,"c++, worker, needs-ci",main,env/isolate-flags,,,,,,,,,False,,27193779,"109660, 30630, None, None"
1959637562,targos,esm: do not truncate `data:` URLs for evaluation,closed,2024-07-09T09:28:23Z,,2024-07-15T05:13:36Z,"semver-major, esm, needs-ci",main,fix-53775,,,,,,,,,False,,27193779,"109660, 30630, None, None"
1959217338,YieldRay,fs: ensure consistency for mkdtemp in both fs and fs/promises,closed,2024-07-09T05:40:25Z,2024-07-23T11:56:19Z,2024-07-23T11:56:19Z,"fs, author ready, needs-ci",main,mkdtemp,,,,,,,,,False,,27193779,"109660, 30630, None, None"
1958989398,JLHwung,"crypto: reject dh,x25519,x448 in {Sign,Verify}Final",closed,2024-07-09T02:14:17Z,2024-09-06T22:07:16Z,2024-09-06T22:07:16Z,"crypto, c++, needs-ci, commit-queue-squash",main,fix-node-signfinal-evp-pkey-usage,,,,,,,tniessen,,False,,27193779,"109660, 30630, None, None"
1958988677,jakecastelli,"test_runner,cli: --test-timeout should be used with --test",closed,2024-07-09T02:13:14Z,,2024-07-15T02:02:41Z,"c++, needs-ci, test_runner",main,fix-test-timeout,,,,,,,,,False,,27193779,"109660, 30630, None, None"
1958924367,mfdebian,doc: adds missing comment in assert examples,closed,2024-07-09T00:51:17Z,,2024-07-29T20:02:16Z,"assert, doc",main,docs-getCalls-comment-fix,,,,,,,,,False,,27193779,"109660, 30630, None, None"
1958771433,avivkeller,"doc, benchmarks: update README file",closed,2024-07-08T22:35:16Z,,2024-09-01T13:01:19Z,"meta, benchmark, review wanted",main,patch-78,,,,,,,,,False,,27193779,"109660, 30630, None, None"
1958761737,avivkeller,"doc, meta: add PTAL to glossary",closed,2024-07-08T22:25:10Z,2024-07-14T17:53:46Z,2024-07-14T17:53:46Z,"doc, meta",main,patch-77,,,,,,,,,False,,27193779,"109660, 30630, None, None"
1958717477,RafaelGSS,doc: add Rafael to the last security release,closed,2024-07-08T21:42:22Z,2024-07-12T12:33:31Z,2024-07-12T12:33:31Z,"doc, security, fast-track, author ready",main,add-rafael-sec-steward,,,,,,,,,False,,27193779,"109660, 30630, None, None"
1958698542,lirantal,doc: refresh instructions for building node from source,closed,2024-07-08T21:27:47Z,2024-08-04T22:35:41Z,2024-08-04T22:35:41Z,"doc, build, author ready",main,lirantal-doc-building-1,,,,,,,,,False,,27193779,"109660, 30630, None, None"
1958629564,tniessen,src: fix error handling in ExportJWKAsymmetricKey,closed,2024-07-08T20:42:39Z,2024-07-10T20:46:34Z,2024-07-10T20:46:34Z,"crypto, c++, author ready, needs-ci",main,crypto-fix-error-handling-in-exportjwkasymmetrickey,,,,,,,,,False,,27193779,"109660, 30630, None, None"
1958523227,tniessen,src: use Maybe<void> in node::crypto::error,closed,2024-07-08T19:41:14Z,2024-07-10T19:48:53Z,2024-07-10T19:48:53Z,"crypto, c++, author ready, needs-ci",main,crypto-error-decorate-maybe-void,,,,,,,,,False,,27193779,"109660, 30630, None, None"
1958499210,ljharb,"lib: make navigator not runtime-lookup process.version, arch, or platform",closed,2024-07-08T19:24:29Z,2024-07-15T23:09:55Z,2024-07-15T23:09:55Z,"lib / src, author ready, needs-ci, dont-land-on-v20.x",main,fix-navigator-bug,,,,,,,,,False,,27193779,"109660, 30630, None, None"
1958432412,RafaelGSS,"lib,esm: handle bypass network-import via data:",closed,2024-07-08T18:48:45Z,2024-07-12T12:48:54Z,2024-07-12T12:48:54Z,"esm, author ready, needs-ci, backported-to-v18.x, backported-to-v20.x, backported-to-v22.x",main,backport-network-import-via-data,,,,,,,,,False,,27193779,"109660, 30630, None, None"
1958402433,anonrig,src: mark `node --run` as stable,closed,2024-07-08T18:28:39Z,,2024-09-21T16:29:59Z,"c++, notable-change, experimental, needs-ci, commit-queue-failed, dont-land-on-v20.x",main,mark-node-run-as-stable,,,,,,,RafaelGSS,,False,,27193779,"109660, 30630, None, None"
1958384027,RafaelGSS,doc: update release-post nodejs.org script,closed,2024-07-08T18:16:44Z,2024-07-17T15:29:46Z,2024-07-17T15:29:46Z,"doc, author ready",main,doc-fix-release-post-script,,,,,,,,,False,,27193779,"109660, 30630, None, None"
1957843660,MylesBorins,doc: move MylesBorins to emeritus,closed,2024-07-08T13:31:21Z,2024-07-15T04:28:26Z,2024-07-15T04:28:26Z,"doc, meta, author ready",main,mylesborins-emeritus,,,,,,,,,False,,27193779,"109660, 30630, None, None"
1957382480,daeyeon,src: fix typo in node.h,closed,2024-07-08T09:36:45Z,2024-07-08T14:39:38Z,2024-07-08T14:39:38Z,"c++, fast-track, author ready",main,main.typo-240708.Mon.8836,,,,,,,,,False,,27193779,"109660, 30630, None, None"
1956875238,nodejs-github-bot,meta: move one or more collaborators to emeritus,closed,2024-07-08T04:11:30Z,2024-07-10T04:13:36Z,2024-07-10T04:13:36Z,"doc, meta, author ready",main,actions/inactive-collaborators,,,,,,,,,False,,27193779,"109660, 30630, None, None"
1956654016,anonrig,src: update clang-tidy and focus on modernization,closed,2024-07-08T00:27:30Z,2024-09-25T14:44:32Z,2024-09-25T14:44:32Z,"c++, author ready",main,update-clang-tidy,,,,,,,,,False,,27193779,"109660, 30630, None, None"
1956541052,ehsankhfr,lib: improve cluster/primary code,closed,2024-07-07T19:03:52Z,2024-07-21T22:23:18Z,2024-07-21T22:23:18Z,"cluster, author ready, needs-ci",main,cluster-primary-improvements,,,,,,,,,False,,27193779,"109660, 30630, None, None"
1956531816,joyeecheung,"deps: reland ""Remove --harmony-rab-gsab""",closed,2024-07-07T18:28:15Z,,2024-07-09T18:34:05Z,"build, v8 engine, author ready, needs-ci, commit-queue-rebase, dont-land-on-v20.x",main,gsab,,,,,,,,,False,,27193779,"109660, 30630, None, None"
1956525697,regseb,doc: use mock.callCount() in examples,closed,2024-07-07T18:08:26Z,2024-07-11T17:11:06Z,2024-07-11T17:11:06Z,"doc, author ready, test_runner",main,patch-1,,,,,,,,,False,,27193779,"109660, 30630, None, None"
1956514314,nodejs-github-bot,deps: update c-ares to v1.32.1,closed,2024-07-07T17:26:06Z,2024-07-07T21:37:20Z,2024-07-07T21:37:20Z,"cares, fast-track, needs-ci, dependencies",main,actions/tools-update-c-ares,,,,,,,,,False,,27193779,"109660, 30630, None, None"
1956496989,cjihrig,"lib,src,test,doc: add node:sqlite module",closed,2024-07-07T16:28:20Z,2024-07-09T20:33:38Z,2024-07-09T20:33:38Z,"semver-minor, lib / src, notable-change, experimental, author ready, commit-queue-squash, dont-land-on-v20.x, sqlite",main,sqlite,,,,,,,,,False,,27193779,"109660, 30630, None, None"
1956430913,jakecastelli,test: mark test-pipe-file-to-http as flaky,closed,2024-07-07T12:48:36Z,2024-07-23T14:12:40Z,2024-07-23T14:12:41Z,"test, author ready, needs-ci",main,fix-52963-mark-as-flaky,,,,,,,,,False,,27193779,"109660, 30630, None, None"
1956357749,zcbenz,build: fix build warning of c-ares under GN build,closed,2024-07-07T08:32:23Z,2024-07-09T08:42:40Z,2024-07-09T08:42:41Z,"cares, author ready, needs-ci, dependencies",main,fix-cares-dup-define,,,,,,,,,False,,27193779,"109660, 30630, None, None"
1956357414,zcbenz,tools: use v8_features.json to populate config.gypi,closed,2024-07-07T08:31:04Z,2024-07-15T23:47:01Z,2024-07-15T23:47:01Z,tools,main,use-v8-features-json-2,,,,,,,,,False,,27193779,"109660, 30630, None, None"
1956225078,nodejs-github-bot,deps: update ada to 2.9.0,closed,2024-07-07T00:28:56Z,2024-07-12T19:21:44Z,2024-07-12T19:21:44Z,"author ready, needs-ci, dependencies, needs-benchmark-ci, commit-queue-squash",main,actions/tools-update-ada,,,,,,,,,False,,27193779,"109660, 30630, None, None"
1956215719,legendecas,"src,tools: enable --trace-sigint in tests by default",closed,2024-07-06T23:47:37Z,,2025-01-24T11:14:14Z,"c++, test, tools, needs-ci",main,test/sigint,,,,,,,,,False,,27193779,"109660, 30630, None, None"
1956170170,avivkeller,doc: change backporting guide with updated info,closed,2024-07-06T21:16:06Z,2024-09-18T07:52:31Z,2024-09-18T07:52:31Z,"doc, meta, commit-queue-squash",main,patch-76,,,,,,,,,False,,27193779,"109660, 30630, None, None"
1956089003,avivkeller,"doc, meta: replace command with link to keys",closed,2024-07-06T17:43:33Z,2024-08-05T16:39:58Z,2024-08-05T16:39:58Z,"doc, meta",main,patch-74,,,,,,,,,False,,27193779,"109660, 30630, None, None"
1956070965,avivkeller,meta: use HTML entities in `commit-queue` comment,closed,2024-07-06T16:25:48Z,2024-07-08T16:29:43Z,2024-07-08T16:29:43Z,"tools, author ready, commit-queue-squash",main,patch-73,,,,,,,,,False,,27193779,"109660, 30630, None, None"
1956034806,avivkeller,doc: modernize youtube guide,closed,2024-07-06T14:02:46Z,,2024-09-04T00:10:07Z,"doc, meta, review wanted",main,youtube-no-image,,,,,,,,,False,,27193779,"109660, 30630, None, None"
1955766444,ovflowd,doc: remove the last <pre> tag,closed,2024-07-06T00:15:46Z,2024-07-06T11:06:46Z,2024-07-06T11:06:46Z,"doc, fast-track, author ready, commit-queue-squash",main,doc-remove-pre-tag,,,,,,,,,False,,27193779,"109660, 30630, None, None"
1955561706,avivkeller,fs: add `exists` to `fsPromises`,closed,2024-07-05T18:59:56Z,,2024-07-06T11:20:15Z,"fs, semver-minor, needs-ci",main,fs-promises.exists,,,,,,,,,False,,27193779,"109660, 30630, None, None"
1954188318,avivkeller,cli: update `node.1` to reflect Atom's sunset,closed,2024-07-04T21:25:51Z,2024-07-06T21:27:56Z,2024-07-06T21:27:56Z,"doc, meta, cli, author ready",main,patch-70,,,,,,,,,False,,27193779,"109660, 30630, None, None"
1954138042,anonrig,url: add missing documentation for `URL.parse()`,closed,2024-07-04T20:17:36Z,2024-07-05T02:51:03Z,2024-07-05T02:51:03Z,"doc, url, fast-track, author ready, commit-queue-squash",main,add-url-parse,,,,,,,mcollina,,False,,27193779,"109660, 30630, None, None"
1954069590,RafaelGSS,doc: mention v8.setFlagsFromString to pm,closed,2024-07-04T18:54:19Z,2024-07-06T19:01:35Z,2024-07-06T19:01:35Z,"doc, permission",main,mention-v8-set-flags-pm,,,,,,,,,False,,27193779,"109660, 30630, None, None"
1954039186,RafaelGSS,lib: remove path.resolve from permissions.js,closed,2024-07-04T18:19:18Z,2024-07-08T12:01:38Z,2024-07-08T12:01:38Z,"process, author ready, needs-ci, permission",main,remove-path-resolve,,,,,,,,,False,,27193779,"109660, 30630, None, None"
1953997195,joyeecheung,deps: fix V8 compilation on GCC 12,closed,2024-07-04T17:34:40Z,2024-07-25T10:08:09Z,2024-07-25T10:08:09Z,"v8 engine, needs-ci, dont-land-on-v20.x",main,fix-gcc-12,,,,,,,,,False,,27193779,"109660, 30630, None, None"
1953827466,marco-ippolito,module: add --experimental-strip-types,closed,2024-07-04T15:10:39Z,2024-07-24T16:30:08Z,2024-07-24T16:30:08Z,"module, semver-minor, lib / src, notable-change, experimental, tsc-agenda, esm, needs-ci, loaders-agenda, commit-queue-squash",main,feat/typescript-support,,,,,,,"joyeecheung, mhdawson",,False,,27193779,"109660, 30630, None, None"
1953748572,daeyeon,src: fix Worker termination when `--inspect-brk` is passed,closed,2024-07-04T14:21:39Z,2024-07-06T15:49:50Z,2024-07-06T15:49:50Z,"c++, lib / src, inspector, author ready, worker, needs-ci, commit-queue-squash",main,main.inspector-240704.Thu.d70e,,,,,,,,,False,,27193779,"109660, 30630, None, None"
1953626900,nodejs-github-bot,deps: update c-ares to v1.32.0,closed,2024-07-04T13:12:55Z,2024-07-06T13:23:59Z,2024-07-06T13:23:59Z,"cares, author ready, needs-ci, dependencies, commit-queue-squash",main,actions/tools-update-c-ares,,,,,,,,,False,,27193779,"109660, 30630, None, None"
1953626563,anfibiacreativa,http: expose websocket in nodehttp,closed,2024-07-04T13:12:44Z,2024-07-08T15:55:43Z,2024-07-08T15:55:43Z,"http, semver-minor, author ready, needs-ci, commit-queue-squash, backport-requested-v20.x, lts-watch-v20.x",main,feat/expose-websockets-in-nodehttp,,,,,,,,,False,,27193779,"109660, 30630, None, None"
1953603251,panva,url: make URL.parse enumerable,closed,2024-07-04T13:00:05Z,,2024-07-06T14:53:29Z,"whatwg-url, author ready, needs-ci, commit-queue-rebase, dont-land-on-v20.x",main,update-wpt,,,,,,,,,False,,27193779,"109660, 30630, None, None"
1952243995,avivkeller,meta: make more bug-report information required,closed,2024-07-03T19:27:54Z,2024-07-22T13:21:27Z,2024-07-22T13:21:27Z,meta,main,patch-69,,,,,,,,,False,,27193779,"109660, 30630, None, None"
1951999103,avivkeller,test_runner: support `each` tests,closed,2024-07-03T16:26:35Z,,2024-07-04T12:46:47Z,"needs-ci, test_runner",main,each-tests,,,,,,,,,False,,27193779,"109660, 30630, None, None"
1951721062,anonrig,esm: improve `defaultResolve` performance,closed,2024-07-03T13:57:26Z,2024-07-06T10:22:08Z,2024-07-06T10:22:08Z,"esm, author ready, needs-ci, dont-land-on-v20.x",main,improve-default-resolve,,,,,,,,,False,,27193779,"109660, 30630, None, None"
1951424098,targos,doc: fix releases guide for recent Git versions,closed,2024-07-03T11:30:08Z,2024-07-05T11:36:00Z,2024-07-05T11:36:00Z,"doc, author ready",main,fix-release-step,,,,,,,,,False,,27193779,"109660, 30630, None, None"
1950528552,zcbenz,deps: c-ares: cherry-pick 64df444,closed,2024-07-03T00:29:05Z,,2024-07-05T00:30:51Z,,main,fix-cares-win-build,,,,,,,,,False,,27193779,"109660, 30630, None, None"
1950496969,avivkeller,test: use correct file naming syntax for `util-parse-env`,closed,2024-07-02T23:47:54Z,2024-09-13T18:45:59Z,2024-09-13T18:45:59Z,"util, test, needs-ci, dotenv",main,patch-67,,,,,,,,,False,,27193779,"109660, 30630, None, None"
1950475162,avivkeller,process: unify experimental warning messages,closed,2024-07-02T23:26:30Z,2024-07-23T11:56:03Z,2024-07-23T11:56:03Z,"process, experimental, author ready, needs-ci",main,uniform-experimental-warnings,,,,,,,,,False,,27193779,"109660, 30630, None, None"
1950199771,mfdebian,doc: require `node:process` in assert doc examples,closed,2024-07-02T19:45:55Z,2024-07-04T19:49:38Z,2024-07-04T19:49:38Z,"assert, doc, author ready",main,docs-assert.md-fix,,,,,,,,,False,,27193779,"109660, 30630, None, None"
1949990316,aduh95,tls: remove prototype primordials,closed,2024-07-02T17:32:40Z,2024-07-07T00:56:04Z,2024-07-07T00:56:04Z,"tls, author ready, needs-ci, commit-queue-squash",main,tls-bye-bye-primordials,,,,,,,,,False,,27193779,"109660, 30630, None, None"
1949976407,aduh95,http: remove prototype primordials,closed,2024-07-02T17:24:00Z,2024-07-06T08:33:16Z,2024-07-06T08:33:16Z,"lib / src, author ready, needs-ci, commit-queue-failed, commit-queue-squash, dont-land-on-v18.x",main,http-bye-bye-primordials,,,,,,,,,False,,27193779,"109660, 30630, None, None"
1949923336,aduh95,http2: remove prototype primordials,closed,2024-07-02T16:49:01Z,2024-07-05T06:20:12Z,2024-07-05T06:20:12Z,"http2, author ready, needs-ci, commit-queue-squash",main,http2-bye-bye-primordials,,,,,,,,,False,,27193779,"109660, 30630, None, None"
1949920355,avivkeller,build: support `lint-js-fix` in `vcbuild.bat`,closed,2024-07-02T16:46:48Z,2024-08-06T05:57:35Z,2024-08-06T05:57:35Z,"windows, build, author ready, needs-ci, dont-land-on-v20.x",main,patch-65,,,,,,,,,False,,27193779,"109660, 30630, None, None"
1949843130,mhdawson,doc: exclude voting and regular TSC from spotlight,closed,2024-07-02T16:01:15Z,2024-07-05T14:52:17Z,2024-07-05T14:52:17Z,"author ready, commit-queue-squash",main,adjust-spotlight-elligeability,,,,,,,,,False,,27193779,"109660, 30630, None, None"
1949822410,mhdawson,meta: move regular TSC member to emeritus,closed,2024-07-02T15:49:05Z,2024-07-04T15:56:54Z,2024-07-04T15:56:54Z,"doc, author ready",main,move-emeritus-2,,,,,,,,,False,,27193779,"109660, 30630, None, None"
1949594108,abmusse,test: un-set inspector-async-hook-setup-at-inspect-brk as flaky,closed,2024-07-02T14:02:59Z,2024-07-04T20:45:42Z,2024-07-04T20:45:42Z,"test, author ready, needs-ci",main,unmark-test-inspector-async-hook-setup-at-inspect-brk-flaky,,,,,,,,,False,,27193779,"109660, 30630, None, None"
1949239613,zcbenz,src: do not get string_view from temp string,closed,2024-07-02T11:07:38Z,2024-07-05T00:51:06Z,2024-07-05T00:51:06Z,"c++, author ready, needs-ci, dont-land-on-v20.x",main,path-dnagling-pointer,,,,,,,,,False,,27193779,"109660, 30630, None, None"
1949235774,zcbenz,build: fix mac build error of c-ares under GN,closed,2024-07-02T11:05:31Z,2024-07-05T00:51:00Z,2024-07-05T00:51:00Z,"cares, needs-ci, dependencies",main,cares-gn,,,,,,,,,False,,27193779,"109660, 30630, None, None"
1949232001,zcbenz,build: fix build error in sqlite under GN build,closed,2024-07-02T11:03:20Z,,2024-07-07T05:20:57Z,"needs-ci, dependencies, dont-land-on-v20.x",main,sqlite-gn-build,,,,,,,,,False,,27193779,"109660, 30630, None, None"
1949226791,zcbenz,build: add gn files for deps/nbytes,closed,2024-07-02T11:00:19Z,,2024-07-07T05:19:50Z,"needs-ci, dependencies, dont-land-on-v20.x",main,nbytes-gn,,,,,,,,,False,,27193779,"109660, 30630, None, None"
1948952305,tniessen,crypto: avoid std::function,closed,2024-07-02T08:47:32Z,2024-07-06T18:28:00Z,2024-07-06T18:28:00Z,"crypto, c++, author ready, needs-ci",main,crypto-avoid-stdfunction,,,,,,,,,False,,27193779,"109660, 30630, None, None"
1948934277,ShogunPanda,worker: add postMessageToThread,closed,2024-07-02T08:38:46Z,2024-07-09T07:16:05Z,2024-07-09T07:16:05Z,"semver-minor, process, lib / src, author ready, worker, needs-ci",main,send-to-worker,,,,,,,,,False,,27193779,"109660, 30630, None, None"
1948272232,avivkeller,doc: remove incorrect `scroll-padding-top` offset,closed,2024-07-01T22:58:07Z,,2024-07-02T02:19:07Z,"duplicate, doc",main,patch-65,,,,,,,,,False,,27193779,"109660, 30630, None, None"
1948121492,anonrig,fs: improve async error performance,open,2024-07-01T20:48:39Z,,,"c++, lib / src, needs-ci",main,improve-fs-async-errors,,,,,,,"lemire, addaleax",,False,,27193779,"109660, 30630, None, None"
1947957311,avivkeller,doc: align ABI version registry,closed,2024-07-01T18:53:13Z,,2024-08-24T12:19:05Z,doc,main,patch-64,,,,,,,,,False,,27193779,"109660, 30630, None, None"
1947923823,avivkeller,doc: update `api_assets` README for new files,closed,2024-07-01T18:29:43Z,2024-07-19T10:44:56Z,2024-07-19T10:44:56Z,"doc, author ready",main,patch-63,,,,,,,,,False,,27193779,"109660, 30630, None, None"
1947897366,dependabot[bot],meta: bump codecov/codecov-action from 4.4.1 to 4.5.0,closed,2024-07-01T18:13:47Z,2024-07-03T20:23:16Z,2024-07-03T20:23:16Z,"meta, author ready, dependencies",main,dependabot/github_actions/codecov/codecov-action-4.5.0,,,,,,,,,False,,27193779,"109660, 30630, None, None"
1947897261,dependabot[bot],meta: bump mozilla-actions/sccache-action from 0.0.4 to 0.0.5,closed,2024-07-01T18:13:42Z,2024-07-03T18:21:57Z,2024-07-03T18:21:57Z,"meta, author ready, dependencies",main,dependabot/github_actions/mozilla-actions/sccache-action-0.0.5,,,,,,,,,False,,27193779,"109660, 30630, None, None"
1947897181,dependabot[bot],meta: bump github/codeql-action from 3.25.7 to 3.25.11,closed,2024-07-01T18:13:39Z,2024-07-03T18:21:42Z,2024-07-03T18:21:42Z,"meta, author ready, dependencies",main,dependabot/github_actions/github/codeql-action-3.25.11,,,,,,,,,False,,27193779,"109660, 30630, None, None"
1947897046,dependabot[bot],meta: bump peter-evans/create-pull-request from 6.0.5 to 6.1.0,closed,2024-07-01T18:13:32Z,2024-07-03T18:21:20Z,2024-07-03T18:21:20Z,"meta, author ready, dependencies",main,dependabot/github_actions/peter-evans/create-pull-request-6.1.0,,,,,,,,,False,,27193779,"109660, 30630, None, None"
1947897045,dependabot[bot],meta: bump actions/checkout from 4.1.6 to 4.1.7,closed,2024-07-01T18:13:32Z,2024-07-03T18:21:27Z,2024-07-03T18:21:27Z,"meta, author ready, dependencies",main,dependabot/github_actions/actions/checkout-4.1.7,,,,,,,,,False,,27193779,"109660, 30630, None, None"
1947896689,dependabot[bot],meta: bump step-security/harden-runner from 2.8.0 to 2.8.1,closed,2024-07-01T18:13:16Z,2024-07-03T18:21:13Z,2024-07-03T18:21:13Z,"meta, author ready, dependencies",main,dependabot/github_actions/step-security/harden-runner-2.8.1,,,,,,,,,False,,27193779,"109660, 30630, None, None"
1947883442,bpasero,path: use the correct name in `validateString`,closed,2024-07-01T18:03:25Z,2024-07-30T14:59:47Z,2024-07-30T14:59:47Z,"path, author ready, needs-ci, commit-queue-failed",main,ben/patch-1,,,,,,,,,False,,27193779,"109660, 30630, None, None"
1947774227,anonrig,build: set macos deployment target to 13.3,closed,2024-07-01T16:57:02Z,,2024-07-15T15:25:04Z,"semver-major, build, needs-ci",main,set-macos-deployment-target,,,,,,,richardlau,,False,,27193779,"109660, 30630, None, None"
1947750857,anonrig,fs: improve error performance of `fs.dir`,closed,2024-07-01T16:48:07Z,2024-07-09T14:38:01Z,2024-07-09T14:38:02Z,"c++, fs, author ready, needs-ci, typings, dont-land-on-v20.x",main,fs-dir-improve-error,,,,,,,joyeecheung,,False,,27193779,"109660, 30630, None, None"
1947533616,anonrig,build: enable pointer compression,closed,2024-07-01T14:47:03Z,,2024-07-01T14:54:55Z,"build, needs-ci",main,enable-pointer-compression,,,,,,,"lemire, joyeecheung",,False,,27193779,"109660, 30630, None, None"
1947326461,jakecastelli,doc: add additional explanation to the wildcard section in permissions,closed,2024-07-01T13:11:48Z,2024-07-04T17:30:07Z,2024-07-04T17:30:07Z,"doc, author ready",main,improve-fs-permission-doc-based-53621,,,,,,,,,False,,27193779,"109660, 30630, None, None"
1947131372,cloydlau,doc: avoid hiding by navigation bar in anchor jumping in 17.x,closed,2024-07-01T11:35:24Z,,2024-07-19T10:36:11Z,doc,v17.x,cloydlau/v17.x,,,,,,,,,False,,27193779,"109660, 30630, None, None"
1946967388,cloydlau,doc: fix that 22.x docs scroll to wrong locations,closed,2024-07-01T10:13:13Z,2024-07-10T09:24:43Z,2024-07-10T09:24:43Z,"doc, author ready",main,main,,,,,,,,,False,,27193779,"109660, 30630, None, None"
1946104782,vmoroz,test: fix embedding test for Windows,closed,2024-06-30T21:35:54Z,2024-08-27T21:30:50Z,2024-08-27T21:30:50Z,"test, author ready, needs-ci, commit-queue-squash",main,PR/fix_embdedtest_on_windows,,,,,,,,,False,,27193779,"109660, 30630, None, None"
1946102051,anonrig,src: move `loadEnvFile` toNamespacedPath call,closed,2024-06-30T21:24:45Z,2024-07-12T00:48:13Z,2024-07-12T00:48:13Z,"c++, process, author ready, needs-ci, backport-blocked-v20.x",main,move-load-env-file-tonamespaced-path,,,,,,,,,False,,27193779,"109660, 30630, None, None"
1946100944,anonrig,fs: move watchers `ToNamespacedPath` calls to C++,open,2024-06-30T21:20:20Z,,,"c++, fs, needs-ci",main,watchers-tonamespaced-path,,,,,,,,,False,,27193779,"109660, 30630, None, None"
1946099592,anonrig,esm: remove unnecessary toNamespacedPath calls,closed,2024-06-30T21:14:54Z,2024-07-04T17:08:17Z,2024-07-04T17:08:17Z,"esm, author ready, needs-ci, dont-land-on-v20.x",main,esm-tonamespaced-path,,,,,,,"GeoffreyBooth, aduh95",,False,,27193779,"109660, 30630, None, None"
1946098538,anonrig,v8: move `ToNamespacedPath` to c++,closed,2024-06-30T21:10:49Z,2024-07-04T16:19:36Z,2024-07-04T16:19:36Z,"c++, author ready, needs-ci, backport-blocked-v20.x",main,v8-move-tonamespaced-path,,,,,,,"targos, tniessen, joyeecheung",,False,,27193779,"109660, 30630, None, None"
1946097191,anonrig,lib: move `ToNamespacedPath` call to c++,closed,2024-06-30T21:05:50Z,2024-07-04T16:41:24Z,2024-07-04T16:41:24Z,"c++, fs, esm, author ready, needs-ci, dont-land-on-v20.x",main,move-tonamespaced-path,,,,,,,"GeoffreyBooth, aduh95",,False,,27193779,"109660, 30630, None, None"
1945884009,targos,deps: update V8 to 12.7,closed,2024-06-30T10:05:52Z,,2024-07-28T08:17:49Z,"semver-major, build, v8 engine, needs-ci",main,v8-127,,,,,,,,,False,,27193779,"109660, 30630, None, None"
1945863793,targos,doc: mark NODE_MODULE_VERSION for Node.js 22.0.0,closed,2024-06-30T09:05:22Z,2024-07-02T09:08:03Z,2024-07-02T09:08:03Z,"doc, author ready",main,nmv-v22,,,,,,,,,False,,27193779,"109660, 30630, None, None"
1945842707,jasnell,lib: make navigator properties lazy,closed,2024-06-30T07:48:33Z,2024-07-04T14:35:28Z,2024-07-04T14:35:28Z,"performance, author ready, needs-ci, dont-land-on-v20.x",main,make-navigator-properties-lazy,,,,,,,,,False,,27193779,"109660, 30630, None, None"
1945775879,afanasy,Added OpenSSL Security Level section to docs/api/tls.md,closed,2024-06-30T02:20:17Z,2024-07-10T10:41:34Z,2024-07-10T10:41:34Z,"tls, doc, openssl, backport-requested-v20.x",main,main,,,,,,,,,False,,27193779,"109660, 30630, None, None"
1945752214,nodejs-github-bot,deps: update minimatch to 9.0.5,closed,2024-06-30T00:29:02Z,2024-07-07T21:20:12Z,2024-07-07T21:20:12Z,"needs-ci, dependencies, commit-queue-squash",main,actions/tools-update-minimatch,,,,,,,,,False,,27193779,"109660, 30630, None, None"
1945752172,nodejs-github-bot,tools: update eslint to 9.6.0,closed,2024-06-30T00:28:51Z,2024-07-02T00:50:32Z,2024-07-02T00:50:32Z,"tools, dont-land-on-v20.x",main,actions/tools-update-eslint,,,,,,,,,False,,27193779,"109660, 30630, None, None"
1945692383,GeoffreyBooth,test_runner: support module detection in module mocks,closed,2024-06-29T20:36:01Z,2024-07-04T13:30:03Z,2024-07-04T13:30:03Z,"module, test, author ready, needs-ci, loaders, commit-queue-squash, test_runner",main,fix-mocking-with-detection,,,,,,,,,False,,27193779,"109660, 30630, None, None"
1945685955,AlirezaEbrahimkhani,docs: add documentation for process.traceProcessWarnings,open,2024-06-29T20:04:43Z,,,"doc, process",main,docs/traceProcessWarnings,,,,,,,"jasnell, avivkeller",,False,,27193779,"109660, 30630, None, None"
1945681885,avivkeller,test: allow recursion in testing,closed,2024-06-29T19:44:35Z,,2024-09-23T19:27:49Z,"test, tools, needs-ci",main,testing-files,,,,,,,,,False,,27193779,"109660, 30630, None, None"
1945562569,H4ad,doc: include node.module_timer on available categories,closed,2024-06-29T15:07:58Z,2024-07-01T15:18:17Z,2024-07-01T15:18:17Z,"doc, author ready",main,doc/add-tracing-doc,,,,,,,,,False,,27193779,"109660, 30630, None, None"
1945519659,elliotgoodrich,doc: fix module customization hook examples,closed,2024-06-29T13:32:32Z,2024-07-01T13:34:35Z,2024-07-01T13:34:35Z,"doc, module, author ready",main,fix-module-hook-example,,,,,,,,,False,,27193779,"109660, 30630, None, None"
1945427720,mscdex,tls: add setKeyCert() to tls.Socket,closed,2024-06-29T10:23:33Z,2024-07-15T15:17:59Z,2024-07-15T15:17:59Z,"c++, lib / src, author ready, needs-ci",main,tls-socket-setkeycert,,,,,,,,,False,,27193779,"109660, 30630, None, None"
1944695254,anonrig,fs: reduce throwing unnecessary errors on glob,closed,2024-06-28T16:54:48Z,2024-07-11T18:51:35Z,2024-07-11T18:51:35Z,"fs, author ready, needs-ci, dont-land-on-v20.x",main,glob-reduce-errors,,,,,,,,,False,,27193779,"109660, 30630, None, None"
1944667618,anonrig,typings: add `fs_dir` types,closed,2024-06-28T16:34:14Z,2024-06-30T16:39:06Z,2024-06-30T16:39:07Z,"fs, author ready, typings",main,add-fs-dir-typings,,,,,,,,,False,,27193779,"109660, 30630, None, None"
1944661210,anonrig,fs: move `ToNamespacedPath` dir calls to c++,closed,2024-06-28T16:29:54Z,2024-07-11T18:51:28Z,2024-07-11T18:51:28Z,"c++, fs, author ready, needs-ci, dont-land-on-v20.x",main,opendir-tonamespacedpath,,,,,,,,,False,,27193779,"109660, 30630, None, None"
1944623211,anonrig,url: reduce unnecessary string copies,closed,2024-06-28T16:03:46Z,2024-07-11T20:13:52Z,2024-07-11T20:13:52Z,"c++, whatwg-url, author ready, needs-ci",main,url-reduce-ocpy,,,,,,,,,False,,27193779,"109660, 30630, None, None"
1944527108,anonrig,fs: add v8 fast api to closeSync,closed,2024-06-28T14:58:24Z,2024-07-15T00:28:46Z,2024-07-15T00:28:46Z,"c++, fs, author ready, needs-ci, dont-land-on-v18.x, dont-land-on-v20.x",main,add-fast-api-for-close,,,,,,,"mcollina, Qard, tniessen, joyeecheung, H4ad",,False,,27193779,"109660, 30630, None, None"
1944490631,anonrig,fs: fix typings,closed,2024-06-28T14:37:25Z,2024-07-04T11:04:38Z,2024-07-04T11:04:38Z,"fs, needs-ci, typings, commit-queue-squash",main,fs-fix-typings,,,,,,,,,False,,27193779,"109660, 30630, None, None"
1944274979,benjamingr,"http, readline: replace sort with toSorted",closed,2024-06-28T12:38:56Z,2024-07-10T16:46:25Z,2024-07-10T16:46:25Z,"http, readline, needs-ci, typings, dont-land-on-v18.x, dont-land-on-v20.x",main,replace-with-tosorted,,,,,,,,,False,,27193779,"109660, 30630, None, None"
1944238255,benjamingr,timers: test timeout NaN warning in promises version,closed,2024-06-28T12:18:31Z,2024-07-22T05:52:57Z,2024-07-22T05:52:57Z,"test, author ready, needs-ci, commit-queue-squash, dont-land-on-v18.x, dont-land-on-v20.x, dont-land-on-v22.x",main,test-timer-warning-promises,,,,,,,,,False,,27193779,"109660, 30630, None, None"
1943603102,GeoffreyBooth,module: unflag detect-module,closed,2024-06-28T05:07:10Z,2024-07-20T18:30:47Z,2024-07-20T18:30:47Z,"module, semver-minor, lib / src, notable-change, esm, author ready, needs-ci, loaders, commit-queue-squash, dont-land-on-v18.x, backport-open-v20.x",main,unflag-detect-module,,,,,,,,,False,,27193779,"109660, 30630, None, None"
1943367058,anonrig,fs: move `rmSync` implementation to c++,closed,2024-06-28T00:38:49Z,2024-07-18T20:02:50Z,2024-07-18T20:02:50Z,"c++, lib / src, author ready, needs-ci, dont-land-on-v18.x, dont-land-on-v20.x, dont-land-on-v22.x",main,improve-rmSync-performance,,,,,,,"mcollina, lemire, jasnell, addaleax, tniessen, joyeecheung",,False,,27193779,"109660, 30630, None, None"
1943309039,avivkeller,"doc, child_process: add esm snippets",closed,2024-06-27T23:18:22Z,2024-09-05T08:47:49Z,2024-09-05T08:47:49Z,"child_process, doc, review wanted, commit-queue-squash",main,patch-62,,,,,,,,,False,,27193779,"109660, 30630, None, None"
1943017195,Emiltayeb,doc: fix doc for correct usage with plan & TextContext,closed,2024-06-27T19:11:12Z,2024-06-29T19:20:35Z,2024-06-29T19:20:35Z,"doc, author ready, test_runner",main,doc-fix-plan-assert,,,,,,,,,False,,27193779,"109660, 30630, None, None"
1942968823,anonrig,fs: optimize `fs.cpSync` js calls,closed,2024-06-27T18:38:31Z,2024-07-22T16:00:40Z,2024-07-22T16:00:40Z,"c++, lib / src, author ready, needs-ci, dont-land-on-v20.x",main,optimize-cp-sync,,,,,,,lemire,,False,,27193779,"109660, 30630, None, None"
1942915199,Emiltayeb,doc: fix doc for correct usage with plan & TextContext,closed,2024-06-27T18:12:04Z,,2024-06-27T19:08:06Z,"doc, test_runner",main,fix-plan-assert-doc,,,,,,,,,True,,27193779,"109660, 30630, None, None"
1942857371,anonrig,benchmark: add cpSync benchmark,closed,2024-06-27T17:38:40Z,2024-06-27T21:13:22Z,2024-06-27T21:13:22Z,"fs, benchmark, fast-track, author ready",main,add-cp-sync-benchmark,,,,,,,jasnell,,False,,27193779,"109660, 30630, None, None"
1942828147,joyeecheung,src: document the Node.js context emebdder data,closed,2024-06-27T17:21:06Z,2024-07-06T19:12:31Z,2024-07-06T19:12:31Z,"c++, needs-ci",main,context-data-comment,,,,,,,,,False,,27193779,"109660, 30630, None, None"
1942745639,LeoDog896,lib: add security warning on io full access,open,2024-06-27T16:27:46Z,,,"process, needs-ci, permission",main,warn-all,,,,,,,"anonrig, tniessen, RafaelGSS",,False,,27193779,"109660, 30630, None, None"
1942733437,mhdawson,doc: remove some news issues that are no longer,closed,2024-06-27T16:19:31Z,2024-06-29T16:22:17Z,2024-06-29T16:22:17Z,"doc, author ready",main,remove-core-issue,,,,,,,,,False,,27193779,"109660, 30630, None, None"
1942710993,mhdawson,doc: add issue for news from ambassadors,closed,2024-06-27T16:08:13Z,2024-06-29T16:22:09Z,2024-06-29T16:22:09Z,"doc, author ready",main,add-ambassador-news,,,,,,,,,False,,27193779,"109660, 30630, None, None"
1942488946,legendecas,build: fix gyp configs in debug,closed,2024-06-27T14:24:05Z,2024-07-23T08:56:44Z,2024-07-23T08:56:44Z,"build, v8 engine, tools, author ready, needs-ci, commit-queue-squash, dont-land-on-v18.x, dont-land-on-v20.x",main,build/debug-vars,,,,,,,,,False,,27193779,"109660, 30630, None, None"
1942404794,peixotoleonardo,doc: add esm example for os,closed,2024-06-27T13:51:45Z,2024-06-29T13:57:49Z,2024-06-29T13:57:49Z,"doc, os, author ready",main,doc/os,,,,,,,,,False,,27193779,"109660, 30630, None, None"
1941097415,theanarkh,lib: add toJSON to PerformanceMeasure,closed,2024-06-27T01:35:33Z,2024-06-29T04:48:23Z,2024-06-29T04:48:23Z,"author ready, needs-ci",main,add_toJSON_to_PerformanceMeasure,,,,,,,,,False,,27193779,"109660, 30630, None, None"
1941027601,H4ad,"src,lib: expose getCategoryEnabledBuffer to use on node.http",closed,2024-06-26T23:48:26Z,2024-07-16T18:40:22Z,2024-07-16T18:40:22Z,"http, c++, author ready, needs-ci, commit-queue-squash",main,remove-my-tracing-todo,,,,,,,,,False,,27193779,"109660, 30630, None, None"
1940958519,panva,crypto: make deriveBits length parameter optional and nullable,closed,2024-06-26T22:16:14Z,2024-06-28T22:21:29Z,2024-06-28T22:21:29Z,"crypto, author ready, needs-ci, webcrypto, backported-to-v18.x",main,derive-bits-optional-nullable,,,,,,,,,False,,27193779,"109660, 30630, None, None"
1940840519,bmeck,cli: ensure --run has proper pwd,closed,2024-06-26T20:35:35Z,,2025-02-12T13:23:00Z,"c++, needs-ci",main,bmeck/task-runner-pwd,,,,,,,,,False,,27193779,"109660, 30630, None, None"
1940834641,mhdawson,meta: move member from TSC regular to emeriti,closed,2024-06-26T20:33:20Z,2024-06-28T20:38:55Z,2024-06-28T20:38:55Z,"doc, meta, author ready",main,move-emeritus,,,,,,,,,False,,27193779,"109660, 30630, None, None"
1940641285,richardlau,test: use `Set.difference()`,closed,2024-06-26T18:29:34Z,2024-06-28T18:39:38Z,2024-06-28T18:39:38Z,"test, author ready, needs-ci, dont-land-on-v18.x, dont-land-on-v20.x",main,setdiff,,,,,,,,,False,,27193779,"109660, 30630, None, None"
1940585531,joyeecheung,worker: allow copied NODE_OPTIONS in the env setting,closed,2024-06-26T17:58:16Z,2024-07-05T18:40:04Z,2024-07-05T18:40:04Z,"c++, worker, needs-ci, commit-queue-squash",main,worker-option,,,,,,,,,False,,27193779,"109660, 30630, None, None"
1940400381,jakecastelli,test: fix flaky timeout in test-pipe-file-to-http,closed,2024-06-26T16:14:38Z,,2024-07-07T12:50:20Z,"test, needs-ci",main,fix-52963,,,,,,,,,False,,27193779,"109660, 30630, None, None"
1940071676,cola119,inspector: add initial support for network inspection,closed,2024-06-26T13:38:40Z,2024-07-19T05:00:30Z,2024-07-19T05:00:30Z,"c++, semver-minor, lib / src, inspector, notable-change, diag-agenda, experimental, author ready, commit-queue-squash",main,network-inspection-poc,,,,,,,,,False,,27193779,"109660, 30630, None, None"
1939266243,targos,[v22.x] test: skip reproducible snapshot test on 32-bit,closed,2024-06-26T06:48:14Z,,2024-06-26T10:43:58Z,"test, fast-track, needs-ci, dont-land-on-v20.x, v22.x",v22.x-staging,skip-reproducible-32bit,,,,,,,joyeecheung,,False,,27193779,"109660, 30630, None, None"
1938633732,vmoroz,node-api: remove RefBase and CallbackWrapper,closed,2024-06-25T21:35:58Z,2024-08-27T09:30:19Z,2024-08-27T09:30:19Z,"c++, node-api, author ready, needs-ci, commit-queue-squash",main,PR/remove_refbase,,,,,,,,,False,,27193779,"109660, 30630, None, None"
1938516742,sky-39,updated readme,closed,2024-06-25T20:07:05Z,,2024-06-25T20:50:21Z,invalid,main,first-open-source-akash,,,,,,,,,False,,27193779,"109660, 30630, None, None"
1938510188,avivkeller,vm: perform lazy-loading at top level,closed,2024-06-25T20:03:03Z,,2024-09-01T12:57:27Z,"vm, needs-ci",main,patch-61,,,,,,,,,False,,27193779,"109660, 30630, None, None"
1938122784,richardlau,build: add version-specific library path for AIX,closed,2024-06-25T16:23:39Z,2024-06-27T16:28:45Z,2024-06-27T16:28:45Z,"build, aix, author ready, needs-ci",main,aixblibpath,,,,,,,,,False,,27193779,"109660, 30630, None, None"
1937584134,targos,v22.4.0 release proposal,closed,2024-06-25T11:58:47Z,2024-07-02T08:48:16Z,2024-07-02T08:48:16Z,"release, v22.x",v22.x,v22.4.0-proposal,,,,,,,,,False,,27193779,"109660, 30630, None, None"
1937248779,joyeecheung,"Revert ""deps: V8: cherry-pick 9ebca66a5740""",closed,2024-06-25T09:12:08Z,2024-06-25T16:44:47Z,2024-06-25T16:44:47Z,"fast-track, dont-land-on-v22.x",main,revert-v8,,,,,,,,,False,,27193779,"109660, 30630, None, None"
1937233705,legendecas,"Revert ""build: only generate specified build type files""",closed,2024-06-25T09:04:06Z,2024-06-26T07:29:48Z,2024-06-26T07:29:48Z,"build, fast-track, needs-ci, dont-land-on-v22.x",main,build/revert-ninja,,,,,,,,,False,,27193779,"109660, 30630, None, None"
1936921616,targos,src: fix implementation of `PropertySetterCallback`,closed,2024-06-25T06:25:16Z,,2024-07-10T07:32:33Z,"c++, vm, needs-ci, commit-queue-rebase, dont-land-on-v18.x, dont-land-on-v20.x",main,property-setter-callback,,,,,,,,,False,,27193779,"109660, 30630, None, None"
1936512503,DanielVenable,fix: rejects readline question promise on abortion,closed,2024-06-24T23:38:06Z,,2024-07-13T19:49:35Z,"readline, needs-ci",main,close-readline-question-promise-on-abort,,,,,,,,,False,,27193779,"109660, 30630, None, None"
1935992898,joyeecheung,src: refactor embedded entrypoint loading,closed,2024-06-24T17:21:19Z,2024-07-05T19:58:35Z,2024-07-05T19:58:35Z,"lib / src, needs-ci, commit-queue-squash, backport-open-v20.x",main,refactor-embedding,,,,,,,,,False,,27193779,"109660, 30630, None, None"
1935829949,avivkeller,repl: support syntax highlighting,closed,2024-06-24T15:38:51Z,,2024-10-27T19:36:41Z,"repl, semver-major, notable-change, needs-ci",main,repl-syntax-highlighting,,,,,,,,,False,,27193779,"109660, 30630, None, None"
1935372070,avivkeller,doc: document `testSkipPatterns` testing option,closed,2024-06-24T11:55:22Z,2024-06-26T12:05:14Z,2024-06-26T12:05:14Z,"doc, author ready, test_runner",main,patch-60,,,,,,,,,False,,27193779,"109660, 30630, None, None"
1935201589,jakecastelli,doc: add documentation for ReadStream and WriteStream in tty,closed,2024-06-24T10:31:30Z,2024-07-19T10:53:25Z,2024-07-19T10:53:25Z,"doc, tools, author ready, commit-queue-squash",main,continue-38021,,,,,,,,,False,,27193779,"109660, 30630, None, None"
1935078101,tniessen,doc: clarify that fs.exists() may return false for existing symlink,closed,2024-06-24T09:33:45Z,2024-06-26T09:38:31Z,2024-06-26T09:38:31Z,"doc, fs, author ready",main,doc-fs-exists-symlink,,,,,,,,,False,,27193779,"109660, 30630, None, None"
1934418816,avivkeller,meta: prevent constant references to issues in versioning,closed,2024-06-24T01:02:42Z,2024-06-26T01:24:00Z,2024-06-26T01:24:00Z,meta,main,patch-59,,,,,,,,,False,,27193779,"109660, 30630, None, None"
1934339147,joyeecheung,src: zero-initialize data that are copied into the snapshot,closed,2024-06-23T21:24:37Z,,2024-07-06T19:12:25Z,"c++, lib / src, needs-ci, commit-queue-rebase, dont-land-on-v20.x",main,memset-padding,,,,,,,,,False,,27193779,"109660, 30630, None, None"
1934075443,robhogan,doc: note http.closeAllConnections excludes upgraded sockets,closed,2024-06-23T10:20:12Z,2024-06-25T10:32:48Z,2024-06-25T10:32:49Z,"http, doc, author ready, commit-queue-squash",main,doc/closeallconnections-excludes-upgrades,,,,,,,,,False,,27193779,"109660, 30630, None, None"
1934058875,ehsankhfr,fs: improve glob code and fix typos,closed,2024-06-23T09:30:11Z,,2024-06-23T13:56:37Z,"fs, needs-ci",main,fs-glob-improvements,,,,,,,,,False,,27193779,"109660, 30630, None, None"
1933901407,GeoffreyBooth,esm: move hooks test with others,closed,2024-06-23T04:53:18Z,2024-06-25T10:08:45Z,2024-06-25T10:08:45Z,"test, esm, author ready, needs-ci, loaders",main,test-changes-from-fix-for-unflagging-module-format-detection,,,,,,,,,False,,27193779,"109660, 30630, None, None"
1933790726,nodejs-github-bot,tools: update lint-md-dependencies to unified@11.0.5,closed,2024-06-23T00:28:11Z,2024-06-30T07:05:32Z,2024-06-30T07:05:32Z,"tools, author ready, commit-queue-squash",main,actions/tools-update-lint-md-dependencies,,,,,,,,,False,,27193779,"109660, 30630, None, None"
1933790668,nodejs-github-bot,deps: update c-ares to v1.31.0,closed,2024-06-23T00:27:55Z,2024-06-25T00:50:15Z,2024-06-25T00:50:15Z,"cares, needs-ci, dependencies",main,actions/tools-update-c-ares,,,,,,,,,False,,27193779,"109660, 30630, None, None"
1933778117,avivkeller,test_runner: support glob matching coverage files,closed,2024-06-22T23:45:30Z,2024-07-14T22:37:45Z,2024-07-14T22:37:45Z,"notable-change, author ready, needs-ci, test_runner, dont-land-on-v20.x, backported-to-v22.x",main,coverage-patterns,,,,,,,,,False,,27193779,"109660, 30630, None, None"
1933760700,mildsunrise,buffer: Reallocate() instead of creating a new backing store,closed,2024-06-22T22:40:49Z,,2024-06-23T07:27:49Z,"buffer, c++, author ready, needs-ci, needs-benchmark-ci",main,buffer-new-reallocate,,,,,,,"addaleax, targos",,False,,27193779,"109660, 30630, None, None"
1933647657,lemire,src: avoid allocation in the Size method for BASE64URL and BASE64,closed,2024-06-22T17:26:39Z,,2024-09-17T15:26:33Z,"buffer, c++, needs-ci",main,fix_problem_with_size_base64,,,,,,,"addaleax, joyeecheung",,False,,27193779,"109660, 30630, None, None"
1933601005,YaIWon,deps: update acorn to 8.12.0,closed,2024-06-22T14:51:24Z,,2024-06-22T16:17:50Z,"duplicate, invalid",main,actions/tools-update-acorn,,,,,,,,,False,,27193779,"109660, 30630, None, None"
1933589461,YaIWon,invalid,closed,2024-06-22T14:25:17Z,,2024-06-22T14:26:51Z,invalid,main,main,,,,,,,,,False,,27193779,"109660, 30630, None, None"
1933587465,danielbayley,deps: swap `minimatch` with `micromatch`,closed,2024-06-22T14:19:11Z,,2024-06-26T00:29:18Z,"fs, meta, needs-ci, dependencies",main,picomatch,,,,,,,,,True,,27193779,"109660, 30630, None, None"
1933564507,targos,tools: lock versions of irrelevant DB deps,closed,2024-06-22T13:06:32Z,2024-06-24T13:17:54Z,2024-06-24T13:17:54Z,"tools, author ready, dont-land-on-v20.x",main,lock-db,,,,,,,,,False,,27193779,"109660, 30630, None, None"
1933352563,richardlau,tools: fix skip detection of test runner output,closed,2024-06-22T03:56:35Z,2024-06-24T13:05:56Z,2024-06-24T13:05:56Z,"test, tools",main,testharnessskip,,,,,,,,,False,,27193779,"109660, 30630, None, None"
1933343050,codediverdev,tools: Fix class of GetEmbeddedSnapshotData in snapshot README,closed,2024-06-22T03:31:05Z,2024-06-27T18:28:16Z,2024-06-27T18:28:16Z,"doc, tools, snapshot",main,snapshot-doc-fix,,,,,,,,,False,,27193779,"109660, 30630, None, None"
1933239232,codediverdev,lib: update js2c.py to js2c.cc,closed,2024-06-22T00:27:28Z,2024-06-22T14:46:07Z,2024-06-22T14:46:07Z,"lib / src, fast-track, author ready",main,update-js2c-comment,,,,,,,,,False,,27193779,"109660, 30630, None, None"
1933235792,Renegade334,"doc, typings: events.once accepts symbol event type",closed,2024-06-22T00:20:34Z,2024-06-27T21:56:25Z,2024-06-27T21:56:26Z,"doc, events",main,doc-events-once,,,,,,,,,False,,27193779,"109660, 30630, None, None"
1933234655,anonrig,fs: improve `cpSync` performance,open,2024-06-22T00:17:45Z,,,"c++, fs, semver-major, needs-ci, typings",main,improve-fs-cp-sync,,,,,,,"targos, tniessen, joyeecheung",,False,,27193779,"109660, 30630, None, None"
1933175937,anonrig,src: move `FromNamespacedPath` to path.cc,closed,2024-06-21T22:15:46Z,2024-06-27T14:56:33Z,2024-06-27T14:56:33Z,"c++, lib / src, author ready, needs-ci, dont-land-on-v18.x, dont-land-on-v20.x",main,refactor-from-namespaced-path,,,,,,,,,False,,27193779,"109660, 30630, None, None"
1933095624,anonrig,src: use `starts_with` in node_dotenv.cc,closed,2024-06-21T20:42:31Z,2024-06-25T09:41:33Z,2024-06-25T09:41:33Z,"c++, author ready, needs-ci, dont-land-on-v18.x, dont-land-on-v20.x",main,use-cpp-20-dotenv,,,,,,,"mcollina, lemire",,False,,27193779,"109660, 30630, None, None"
1933057665,anonrig,fs: improve `ExistsSync` performance on Windows,closed,2024-06-21T20:06:26Z,,2024-09-10T02:23:15Z,"c++, fs, windows, needs-ci, needs-benchmark-ci",main,improve-existssync,,,,,,,,,False,,27193779,"109660, 30630, None, None"
1932966159,richardlau,test: extend env for `test-node-output-errors`,closed,2024-06-21T18:43:31Z,2024-06-23T18:53:04Z,2024-06-23T18:53:04Z,"test, author ready, needs-ci",main,testnodeoutputerrorsfix,,,,,,,,,False,,27193779,"109660, 30630, None, None"
1932851959,ShenHongFei,fs: calling mkdir in fs.cp function can ignore EEXIST error,open,2024-06-21T17:16:28Z,,,"fs, needs-ci",main,fs-cp-mkdir-ignore-eexist,,,,,,,anonrig,,False,,27193779,"109660, 30630, None, None"
1932784950,jakecastelli,test_runner: fix delete test file cause dependency file change not rerun the tests,closed,2024-06-21T16:28:48Z,2024-08-14T15:43:10Z,2024-08-14T15:43:10Z,"author ready, needs-ci, commit-queue-squash, test_runner, dont-land-on-v20.x",main,fix-test-runner-watch-dependency-update,,,,,,,"cjihrig, MoLow",,False,,27193779,"109660, 30630, None, None"
1932619738,shivam999876,Update README.md,closed,2024-06-21T14:41:18Z,,2024-06-21T14:41:43Z,doc,main,patch-1,,,,,,,,,False,,27193779,"109660, 30630, None, None"
1931476078,EliphazBouye,Coverage reporter shallow error doc,closed,2024-06-20T22:51:14Z,2024-06-26T19:10:23Z,2024-06-26T19:10:23Z,"doc, commit-queue-squash, test_runner",main,coverage-reporter-shallow-error-doc,,,,,,,,,False,,27193779,"109660, 30630, None, None"
1931475653,legendecas,deps: V8: cherry-pick 9ebca66a5740,closed,2024-06-20T22:50:33Z,2024-06-23T22:31:34Z,2024-06-23T22:31:34Z,"build, v8 engine, author ready, needs-ci, dont-land-on-v22.x",main,v8/rab-gasb,,,,,,,,,False,,27193779,"109660, 30630, None, None"
1931248028,mhdawson,doc: recommend not using libuv node-api function,closed,2024-06-20T19:52:57Z,,2024-06-24T19:30:50Z,"doc, node-api",main,deprecate-get-libuv,,,,,,,,,False,,27193779,"109660, 30630, None, None"
1930609254,marco-ippolito,"[v20.x] Revert ""deps: update undici to 6.13.0""",closed,2024-06-20T13:19:01Z,,2024-06-20T13:27:11Z,"needs-ci, dependencies, v20.x",v20.x-staging,feat/revert-undici,,,,,,,,,False,,27193779,"109660, 30630, None, None"
1930407508,legendecas,build: configure with shared sqlite3,closed,2024-06-20T11:29:18Z,2024-06-22T23:15:42Z,2024-06-22T23:15:42Z,"build, tools, author ready, needs-ci, dont-land-on-v20.x",main,build/shared-sqlite,,,,,,,,,False,,27193779,"109660, 30630, None, None"
1930308629,legendecas,"vm,src: add property query interceptors",closed,2024-06-20T10:31:21Z,,2024-07-09T09:40:01Z,"c++, vm, author ready, needs-ci, commit-queue-rebase, dont-land-on-v20.x",main,vm/interceptor,,,,,,,,,False,,27193779,"109660, 30630, None, None"
1929371147,nodejs-github-bot,tools: update eslint to 9.5.0,closed,2024-06-19T19:55:54Z,2024-06-22T12:54:57Z,2024-06-22T12:54:57Z,"tools, author ready, commit-queue-squash, dont-land-on-v20.x",main,actions/tools-update-eslint,,,,,,,,,False,,27193779,"109660, 30630, None, None"
1929162170,benjamingr,meta: make emitting warnings bypass deprecation cycle,closed,2024-06-19T17:01:38Z,2024-06-27T10:01:23Z,2024-06-27T10:01:24Z,"doc, meta",main,suggest-warning-exception-to-deprecations,,,,,,,,,False,,27193779,"109660, 30630, None, None"
1929012827,legendecas,build: only generate specified build type ninja files,closed,2024-06-19T15:21:09Z,2024-06-22T08:36:37Z,2024-06-22T08:36:37Z,"build, author ready, needs-ci, dont-land-on-v22.x",main,build/ninja,,,,,,,,,False,,27193779,"109660, 30630, None, None"
1928747274,panva,doc: only apply content-visibility on all.html,closed,2024-06-19T13:08:35Z,2024-06-19T17:14:45Z,2024-06-19T17:14:45Z,"doc, fast-track, author ready, commit-queue-squash",main,doc-content-visibility,,,,,,,,,False,,27193779,"109660, 30630, None, None"
1927486933,jasnell,"src, deps: add nbytes library",closed,2024-06-19T00:25:12Z,,2024-06-21T14:39:20Z,"lib / src, author ready, dont-land-on-v20.x",main,beginnings-of-nbytes-library,,,,,,,"mcollina, tniessen",,False,,27193779,"109660, 30630, None, None"
1926875347,richardlau,test: fix OpenSSL version checks,closed,2024-06-18T16:41:34Z,2024-06-26T19:45:55Z,2024-06-26T19:45:55Z,"test, openssl, author ready, needs-ci",main,openssl32_testfix,,,,,,,,,False,,27193779,"109660, 30630, None, None"
1926848773,anonrig,[v20.x backport] src: move package_json_reader cache to c++,closed,2024-06-18T16:23:51Z,,2024-12-11T00:45:05Z,"lib / src, needs-ci, v20.x",v20.x-staging,backport-50322-to-20,,,,,,,marco-ippolito,,False,,27193779,"109660, 30630, None, None"
1926740453,joyeecheung,[v20.x] backport require(esm) and related patches,closed,2024-06-18T15:22:52Z,,2024-08-08T13:03:46Z,"lib / src, needs-ci, v20.x",v20.x-staging,backport-require-esm,,,,,,,,,False,,27193779,"109660, 30630, None, None"
1926583248,mhdawson,doc: add additional guidance for PRs to deps,closed,2024-06-18T14:04:20Z,,2024-06-20T15:51:23Z,"doc, author ready",main,non-auto-deps,,,,,,,,,False,,27193779,"109660, 30630, None, None"
1925761919,synapse,"assert,util: change WeakMap and WeakSet comparison handling",closed,2024-06-18T06:26:58Z,,2024-06-28T07:28:57Z,"assert, util, semver-major, author ready, commit-queue-rebase",main,weak-handle,,,,,,,,,False,,27193779,"109660, 30630, None, None"
1925180178,jsk95,stream: update doc for new default high water mark,closed,2024-06-17T22:30:04Z,2024-06-20T08:59:14Z,2024-06-20T08:59:14Z,"doc, stream, author ready, commit-queue-squash",main,patch-1,,,,,,,,,False,,27193779,"109660, 30630, None, None"
1924959383,avivkeller,meta: ping TSC for manual `deps` changes,closed,2024-06-17T19:54:52Z,,2024-08-19T17:11:15Z,"meta, security",main,patch-58,,,,,,,,,False,,27193779,"109660, 30630, None, None"
1924583700,avivkeller,meta: use correct source for workflow in PR,closed,2024-06-17T16:12:38Z,2024-06-20T14:49:37Z,2024-06-20T14:49:37Z,"meta, commit-queue-squash",main,patch-57,,,,,,,,,False,,27193779,"109660, 30630, None, None"
1924231016,ShogunPanda,worker: add connect and setConnectionsListener,closed,2024-06-17T13:17:50Z,,2024-07-02T08:39:34Z,"lib / src, notable-change, worker, needs-ci",main,worker-connect,,,,,,,"addaleax, joyeecheung",,False,,27193779,"109660, 30630, None, None"
1924123066,marco-ippolito,v20.15.0 proposal,closed,2024-06-17T12:20:21Z,2024-06-20T15:49:11Z,2024-06-20T15:49:11Z,"needs-ci, release, v20.x",v20.x,v20.15.0-proposal,,,,,,,,,False,,27193779,"109660, 30630, None, None"
1923883548,gana6547,Update README.md,closed,2024-06-17T10:05:47Z,,2024-06-17T10:09:49Z,"invalid, doc",main,main,,,,,,,,,False,,27193779,"109660, 30630, None, None"
1923479618,mertcanaltin,events: Optimize onceWrap function for better performance,closed,2024-06-17T06:27:32Z,,2024-07-11T15:11:19Z,"events, needs-ci, needs-benchmark-ci",main,optimize-once-wrap,,,,,,,anonrig,,False,,27193779,"109660, 30630, None, None"
1923318083,nodejs-github-bot,meta: move one or more collaborators to emeritus,closed,2024-06-17T04:11:38Z,2024-06-19T04:21:46Z,2024-06-19T04:21:46Z,"doc, meta, author ready",main,actions/inactive-collaborators,,,,,,,,,False,,27193779,"109660, 30630, None, None"
1922987419,anonrig,test: update `compression` web-platform tests,closed,2024-06-16T19:32:00Z,2024-06-18T19:39:58Z,2024-06-18T19:39:58Z,"test, author ready, needs-ci, dont-land-on-v20.x",main,update-compression-wpt,,,,,,,"mcollina, jasnell",,False,,27193779,"109660, 30630, None, None"
1922986638,anonrig,test: update encoding web-platform tests,closed,2024-06-16T19:30:12Z,2024-06-18T19:39:49Z,2024-06-18T19:39:49Z,"test, author ready, needs-ci",main,update-encoding-wpt,,,,,,,"mcollina, jasnell",,False,,27193779,"109660, 30630, None, None"
1922952110,ehsankhfr,lib: support promise reject for http2.connect promisify integration,closed,2024-06-16T17:56:50Z,,2024-06-20T12:49:42Z,"http2, author ready, needs-ci",main,lib-http2-con-prom-error,,,,,,,,,False,,27193779,"109660, 30630, None, None"
1922912311,targos,src: use `args.This()` instead of `Holder`,closed,2024-06-16T15:58:57Z,2024-06-18T16:02:42Z,2024-06-18T16:02:42Z,"c++, lib / src, author ready, needs-ci",main,holder-to-this,,,,,,,,,False,,27193779,"109660, 30630, None, None"
1922911921,joyeecheung,inspector: fix disable async hooks on Debugger.setAsyncCallStackDepth,closed,2024-06-16T15:58:01Z,2024-06-18T16:02:25Z,2024-06-18T16:02:25Z,"c++, inspector, notable-change, author ready, needs-ci, commit-queue-squash",main,fix-disable,,,,,,,,,False,,27193779,"109660, 30630, None, None"
1922911066,anonrig,test: update `url` web-platform tests,closed,2024-06-16T15:55:06Z,2024-06-18T16:02:16Z,2024-06-18T16:02:16Z,"test, author ready, needs-ci",main,update-url-wpt-tests,,,,,,,,,False,,27193779,"109660, 30630, None, None"
1922899344,avivkeller,meta: fix typo in dependency updates,closed,2024-06-16T15:20:29Z,2024-06-18T15:28:50Z,2024-06-18T15:28:50Z,"meta, author ready",main,patch-41,,,,,,,,,False,,27193779,"109660, 30630, None, None"
1922468018,nodejs-github-bot,deps: patch V8 to 12.4.254.21,closed,2024-06-16T00:30:19Z,2024-06-18T00:51:44Z,2024-06-18T00:51:44Z,"v8 engine, needs-ci, dont-land-on-v20.x",main,actions/update-v8-patch,,,,,,,,,False,,27193779,"109660, 30630, None, None"
1922467883,nodejs-github-bot,tools: update eslint to 9.5.0,closed,2024-06-16T00:29:42Z,,2024-06-19T19:50:39Z,"tools, blocked",main,actions/tools-update-eslint,,,,,,,,,False,,27193779,"109660, 30630, None, None"
1922467499,nodejs-github-bot,deps: update undici to 6.19.2,closed,2024-06-16T00:28:41Z,,2024-06-19T00:49:08Z,"lib / src, needs-ci, dependencies, commit-queue-rebase",main,actions/tools-update-undici,,,,,,,,,False,,27193779,"109660, 30630, None, None"
1922467262,nodejs-github-bot,deps: update simdjson to 3.9.4,closed,2024-06-16T00:28:12Z,2024-06-18T02:29:27Z,2024-06-18T02:29:27Z,"needs-ci, dependencies, backport-blocked-v20.x",main,actions/tools-update-simdjson,,,,,,,,,False,,27193779,"109660, 30630, None, None"
1922467242,nodejs-github-bot,deps: update acorn-walk to 8.3.3,closed,2024-06-16T00:28:09Z,2024-06-18T00:51:28Z,2024-06-18T00:51:28Z,"needs-ci, dependencies",main,actions/tools-update-acorn-walk,,,,,,,,,False,,27193779,"109660, 30630, None, None"
1922467241,nodejs-github-bot,deps: update acorn to 8.12.1,closed,2024-06-16T00:28:08Z,,2024-08-06T16:01:05Z,"lib / src, needs-ci, dependencies",main,actions/tools-update-acorn,,,,,,,,,False,,27193779,"109660, 30630, None, None"
1922467233,nodejs-github-bot,deps: update zlib to 1.3.0.1-motley-71660e1,closed,2024-06-16T00:28:06Z,,2024-08-12T06:12:11Z,"lib / src, author ready, needs-ci, dependencies, commit-queue-rebase",main,actions/tools-update-zlib,,,,,,,,,False,,27193779,"109660, 30630, None, None"
1922188092,theanarkh,lib: remove the unused code,closed,2024-06-15T17:01:01Z,2024-06-17T17:11:38Z,2024-06-17T17:11:38Z,"process, author ready, needs-ci",main,remove_unused_code,,,,,,,,,False,,27193779,"109660, 30630, None, None"
1922102438,jakecastelli,stream: pipeline wait for close before calling the callback,closed,2024-06-15T15:33:01Z,2024-06-27T11:29:35Z,2024-06-27T11:29:35Z,"stream, semver-minor, needs-ci",main,fix-51540-attempt2,,,,,,,,,False,,27193779,"109660, 30630, None, None"
1921448140,tniessen,crypto: avoid taking ownership of OpenSSL objects,closed,2024-06-14T22:57:59Z,2024-06-23T22:11:18Z,2024-06-23T22:11:18Z,"c++, lib / src, author ready, needs-ci",main,crypto-no-ownership,,,,,,,,,False,,27193779,"109660, 30630, None, None"
1921440787,tniessen,tls: check result of SSL_CTX_set_*_proto_version,closed,2024-06-14T22:43:47Z,2024-06-16T22:53:04Z,2024-06-16T22:53:04Z,"tls, crypto, c++, openssl, author ready, needs-ci",main,tls-dont-ignore-version-setter-ret,,,,,,,,,False,,27193779,"109660, 30630, None, None"
1921252996,bmeck,cli: make run and watch modes friends,open,2024-06-14T19:50:50Z,,,"c++, lib / src, cli, needs-ci",main,bmeck/make-run-and-watch-friends,,,,,,,anonrig,,False,,27193779,"109660, 30630, None, None"
1921189052,richardlau,src: fix dynamically linked OpenSSL version,closed,2024-06-14T18:57:41Z,,2024-06-18T14:48:27Z,"c++, author ready, needs-ci, commit-queue-rebase",main,opensslver,,,,,,,,,False,,27193779,"109660, 30630, None, None"
1921065804,tniessen,buffer: make indexOf(byte) faster,closed,2024-06-14T17:16:36Z,2024-06-16T17:44:59Z,2024-06-16T17:44:59Z,"buffer, c++, performance, author ready, needs-ci",main,buffer-fast-indexofnumber,,,,,,,,,False,,27193779,"109660, 30630, None, None"
1920736196,mcollina,fs: do not crash if the watched file is removed while setting up watch,closed,2024-06-14T13:42:28Z,2024-06-17T14:28:12Z,2024-06-17T14:28:12Z,"fs, needs-ci, commit-queue-squash",main,fix-linux-watch,,,,,,,,,False,,27193779,"109660, 30630, None, None"
1920286054,puskin94,test_runner: adding colors to the xs and dots in the dot test runner,closed,2024-06-14T09:14:07Z,,2024-07-23T09:40:12Z,"needs-ci, test_runner",main,make-dot-and-x-test-runner-colored,,,,,,,,,False,,27193779,"109660, 30630, None, None"
1919189270,richardlau,src: reset `process.versions` during pre-execution,closed,2024-06-13T17:18:29Z,2024-06-20T18:07:19Z,2024-06-20T18:07:19Z,"c++, needs-ci",main,resetprocessversions,,,,,,,,,False,,27193779,"109660, 30630, None, None"
1919174604,mcollina,timers: do not retain a reference to the async store after firing,open,2024-06-13T17:11:48Z,,,"timers, async_hooks, needs-ci",main,timers-leak,,,,,,,,,True,,27193779,"109660, 30630, None, None"
1919166013,richardlau,src: remove `base64` from `process.versions`,closed,2024-06-13T17:08:06Z,2024-06-15T17:23:36Z,2024-06-15T17:23:36Z,"buffer, c++, author ready, needs-ci",main,fixversions,,,,,,,,,False,,27193779,"109660, 30630, None, None"
1918742446,anonrig,src: remove `SetEncoding` from StringEncoder,closed,2024-06-13T13:37:45Z,2024-06-15T13:41:37Z,2024-06-15T13:41:37Z,"buffer, c++, author ready, needs-ci",main,remove-unused-set-encoding,,,,,,,tniessen,,False,,27193779,"109660, 30630, None, None"
1918706956,anonrig,src: simplify `size() == 0` checks,closed,2024-06-13T13:22:03Z,2024-06-15T13:24:53Z,2024-06-15T13:24:53Z,"c++, lib / src, author ready, needs-ci",main,simplify-empty-checks,,,,,,,targos,,False,,27193779,"109660, 30630, None, None"
1918458047,tniessen,src: avoid strcmp in favor of operator==,closed,2024-06-13T11:10:10Z,2024-06-13T16:53:09Z,2024-06-13T16:53:09Z,"crypto, c++, fast-track, author ready, needs-ci",main,src-avoid-strcmp,,,,,,,,,False,,27193779,"109660, 30630, None, None"
1918009291,jakecastelli,stream: callback should be called when pendingcb is 0,closed,2024-06-13T07:23:04Z,2024-06-15T07:30:11Z,2024-06-15T07:30:11Z,"stream, author ready, commit-queue-squash",main,fix-46170,,,,,,,,,False,,27193779,"109660, 30630, None, None"
1917809889,anushkaryaa,Update README.md,closed,2024-06-13T04:48:56Z,,2024-06-13T04:49:53Z,invalid,main,main,,,,,,,,,False,,27193779,"109660, 30630, None, None"
1917389548,tniessen,tls: avoid taking ownership of OpenSSL objects,closed,2024-06-12T20:53:00Z,2024-06-14T20:57:35Z,2024-06-14T20:57:35Z,"tls, crypto, c++, openssl, author ready, needs-ci",main,tls-no-ownership,,,,,,,,,False,,27193779,"109660, 30630, None, None"
1917095593,avivkeller,util: support more config options for parseArgs,closed,2024-06-12T17:30:49Z,,2024-08-15T17:31:18Z,"util, needs-ci, commit-queue-squash",main,parse-args-default,,,,,,,tniessen,,False,,27193779,"109660, 30630, None, None"
1916861551,anonrig,doc: move `node --run` stability to release candidate,closed,2024-06-12T15:32:14Z,2024-06-14T15:42:12Z,2024-06-14T15:42:12Z,"doc, notable-change, cli, author ready, backport-blocked-v20.x",main,make-run-release-candidate,,,,,,,,,False,,27193779,"109660, 30630, None, None"
1916805473,lemire,"assert,util: correct comparison when both contain same reference ",closed,2024-06-12T15:04:11Z,2024-06-17T13:30:24Z,2024-06-17T13:30:24Z,"test, author ready, needs-ci, commit-queue-squash",main,verify_53423,,,,,,,,,False,,27193779,"109660, 30630, None, None"
1916541998,marco-ippolito,"Revert ""util: move util._extend to eol""",closed,2024-06-12T13:02:53Z,2024-06-14T13:07:59Z,2024-06-14T13:07:59Z,"util, author ready, needs-ci, dont-land-on-v18.x, dont-land-on-v20.x, dont-land-on-v22.x",main,feat/revert-util_extend-deprecation,,,,,,,,,False,,27193779,"109660, 30630, None, None"
1915073378,ehsankhfr,src: fix typo in env.cc,closed,2024-06-11T18:53:31Z,2024-06-14T01:27:12Z,2024-06-14T01:27:12Z,"c++, author ready",main,src-env-typo-fixes,,,,,,,,,False,,27193779,"109660, 30630, None, None"
1914886981,SelimWaly,fix: correctly format error construction in debugger timeout handling,open,2024-06-11T16:48:09Z,,,"test, needs-ci",main,patch-2,,,,,,,,,False,,27193779,"109660, 30630, None, None"
1913797074,nodejs-github-bot,deps: update c-ares to v1.30.0,closed,2024-06-11T07:52:43Z,2024-06-13T07:54:33Z,2024-06-13T07:54:33Z,"author ready, needs-ci, dependencies",main,actions/tools-update-c-ares,,,,,,,,,False,,27193779,"109660, 30630, None, None"
1913789099,synapse,assert: add `matchObjectStrict` and `matchObject`,closed,2024-06-11T07:48:15Z,,2024-09-23T11:59:29Z,"assert, semver-minor, stalled, needs-ci, commit-queue-squash",main,main,,,,,,,,,False,,27193779,"109660, 30630, None, None"
1913761095,marco-ippolito,tools: fix c-ares update script,closed,2024-06-11T07:32:01Z,2024-06-13T07:37:47Z,2024-06-13T07:37:47Z,"tools, author ready",main,feat/fix-c-ares-script,,,,,,,,,False,,27193779,"109660, 30630, None, None"
1913725237,targos,tools: move ESLint to tools/eslint,closed,2024-06-11T07:13:19Z,2024-06-19T19:54:08Z,2024-06-19T19:54:08Z,"build, meta, tools, needs-ci, commit-queue-squash, dont-land-on-v20.x",main,mv-eslint,,,,,,,,,False,,27193779,"109660, 30630, None, None"
1913588963,kxxt,[RISC-V]  Fix performance regression,closed,2024-06-11T05:35:43Z,,2024-06-13T05:39:23Z,"build, v8 engine, needs-ci, riscv64, commit-queue-rebase, dont-land-on-v18.x, dont-land-on-v20.x",main,riscv/fix-perf-regression,,,,,,,,,False,,27193779,"109660, 30630, None, None"
1913471751,jakecastelli,"test: refactor, add assertion to http-request-end",closed,2024-06-11T03:27:24Z,2024-06-26T19:45:47Z,2024-06-26T19:45:47Z,"test, needs-ci, commit-queue-failed",main,improve-http-request-end-test,,,,,,,,,False,,27193779,"109660, 30630, None, None"
1913073000,avivkeller,test: support recursive testing files,closed,2024-06-10T21:23:22Z,,2024-06-18T18:26:58Z,"test, tools, needs-ci",main,recursive-test,,,,,,,,,False,,27193779,"109660, 30630, None, None"
1912543848,Jvr2022,deps: update to cjs-module-lexer@1.3.1,closed,2024-06-10T15:50:05Z,,2024-06-10T18:45:02Z,invalid,main,patch-1,,,,,,,,,False,,27193779,"109660, 30630, None, None"
1911924713,aduh95,tools: do not run Corepack code before it's reviewed,closed,2024-06-10T10:47:58Z,2024-06-12T10:57:42Z,2024-06-12T10:57:42Z,"build, author ready, needs-ci",main,safer-corepack-update,,,,,,,,,False,,27193779,"109660, 30630, None, None"
1911476749,huseyinacacak-janea,src: fix IsIPAddress for IPv6,closed,2024-06-10T07:27:04Z,2024-06-12T12:44:20Z,2024-06-12T12:44:20Z,"c++, inspector, author ready, needs-ci",main,huseyin-12295-fix-flaky-cctest-test-inspector-socket,,,,,,,,,False,,27193779,"109660, 30630, None, None"
1911186319,jasnell,lib: implement experimental Observable,closed,2024-06-10T03:27:05Z,,2024-09-28T15:58:35Z,"lib / src, needs-ci, web-standards",main,implement-experimental-observable,,,,,,,,,True,,27193779,"109660, 30630, None, None"
1910955594,theanarkh,permission: add permission for udp,open,2024-06-09T20:48:53Z,,,"c++, lib / src, needs-ci, permission",main,add-permission-for-dns,,,,,,,marco-ippolito,,False,,27193779,"109660, 30630, None, None"
1910915194,ehsankhfr,doc: API doc typo fixes,closed,2024-06-09T18:56:24Z,2024-06-10T22:34:38Z,2024-06-10T22:34:38Z,"doc, fast-track, author ready",main,api-doc-typos-fix,,,,,,,,,False,,27193779,"109660, 30630, None, None"
1910848935,jakecastelli,"doc, http: add `rejectNonStandardBodyWrites` option, clear its behaviour",closed,2024-06-09T15:57:36Z,2024-06-11T16:39:17Z,2024-06-11T16:39:18Z,"http, doc, author ready, commit-queue-squash",main,fix-53035,,,,,,,,,False,,27193779,"109660, 30630, None, None"
1910603650,targos,tools: move ESLint tools to tools/eslint,closed,2024-06-09T06:55:19Z,2024-06-11T06:58:51Z,2024-06-11T06:58:51Z,"lib / src, author ready, needs-ci, dont-land-on-v20.x",main,mv-eslint-tools,,,,,,,,,False,,27193779,"109660, 30630, None, None"
1910440554,tniessen,"[v20.x] Revert ""crypto: make timingSafeEqual faster for Uint8Array""",closed,2024-06-08T21:22:05Z,,2024-06-12T07:35:40Z,"crypto, c++, author ready, needs-ci, v20.x",v20.x-staging,v20.x-revert-fast-timingsafeequal,,,,,,,,,False,,27193779,"109660, 30630, None, None"
1910373037,theanarkh,src: fix permission inspector crash,closed,2024-06-08T18:32:18Z,2024-06-10T18:35:56Z,2024-06-10T18:35:56Z,"c++, inspector, author ready, needs-ci, permission",main,fix_permission_inspector_crash,,,,,,,,,False,,27193779,"109660, 30630, None, None"
1910305568,deokjinkim,lib: fix naming convention of `Symbol`,closed,2024-06-08T14:46:37Z,2024-06-10T14:56:14Z,2024-06-10T14:56:15Z,"events, http2, author ready, needs-ci, commit-queue-squash",main,240608_fix_naming_convention_of_symbol,,,,,,,,,False,,27193779,"109660, 30630, None, None"
1910185014,jakecastelli,stream: fix finishCount cause close event not waited,closed,2024-06-08T07:37:20Z,,2024-06-08T15:20:18Z,"stream, needs-ci",main,fix-51540,,,,,,,,,True,,27193779,"109660, 30630, None, None"
1909561296,richardlau,test: update TLS tests for OpenSSL 3.2,closed,2024-06-07T16:43:23Z,2024-06-09T16:50:09Z,2024-06-09T16:50:09Z,"test, openssl, author ready, needs-ci",main,openssl3.2tests,,,,,,,,,False,,27193779,"109660, 30630, None, None"
1909373599,avivkeller,build: add more information to Makefile help,closed,2024-06-07T14:37:00Z,2024-09-24T20:40:34Z,2024-09-24T20:40:34Z,"build, author ready, needs-ci, commit-queue-squash, backport-requested-v20.x",main,patch-55,,,,,,,tniessen,,False,,27193779,"109660, 30630, None, None"
1909294076,jakecastelli,test: fix flaky timeout in test-pipe-file-to-http,closed,2024-06-07T13:56:07Z,,2024-06-07T14:57:10Z,"test, needs-ci",main,fix-52963,,,,,,,,,False,,27193779,"109660, 30630, None, None"
1909281741,RafaelGSS,v22.3.0 proposal,closed,2024-06-07T13:49:06Z,2024-06-11T18:49:38Z,2024-06-11T18:49:38Z,"release, v22.x",v22.x,v22.3.0-proposal,,,,,,,,,False,,27193779,"109660, 30630, None, None"
1908081378,avivkeller,doc: comment the example code,closed,2024-06-06T21:14:15Z,,2024-09-01T12:57:14Z,doc,main,patch-54,,,,,,,,,False,,27193779,"109660, 30630, None, None"
1907887384,richardlau,test: update tests for OpenSSL 3.0.14,closed,2024-06-06T18:51:30Z,2024-06-10T17:43:36Z,2024-06-10T17:43:36Z,"test, openssl, needs-ci",main,openssl3.0.14tests,,,,,,,,,False,,27193779,"109660, 30630, None, None"
1907765461,KhafraDev,buffer: extract Blob's .arrayBuffer() & webidl changes,closed,2024-06-06T17:31:33Z,2024-09-26T05:53:58Z,2024-09-26T05:53:58Z,"author ready, backport-requested-v20.x",main,blob-changes,,,,,,,,,False,,27193779,"109660, 30630, None, None"
1907721811,avivkeller,meta: disable windows builds,closed,2024-06-06T17:06:09Z,,2024-06-10T10:57:20Z,"windows, meta",main,patch-53,,,,,,,,,False,,27193779,"109660, 30630, None, None"
1907709190,avivkeller,test: improve coverage for timer promises scheduler,closed,2024-06-06T17:00:08Z,,2024-09-21T16:22:34Z,"timers, test, author ready, needs-ci, commit-queue-squash",main,patch-52,,,,,,,,,False,,27193779,"109660, 30630, None, None"
1907419465,tniessen,tls: use SSL_get_peer_tmp_key,closed,2024-06-06T14:41:06Z,2024-06-13T14:37:36Z,2024-06-13T14:37:36Z,"tls, crypto, c++, openssl, needs-ci",main,ssl-get-peer-tmp-key,,,,,,,,,False,,27193779,"109660, 30630, None, None"
1907411900,avivkeller,meta: print inactive collaborators in PR,closed,2024-06-06T14:37:03Z,,2024-06-07T20:47:14Z,"meta, tools",main,inactive-pr,,,,,,,,,False,,27193779,"109660, 30630, None, None"
1907403548,tniessen,crypto: improve GetECGroupBits signature,closed,2024-06-06T14:32:48Z,2024-06-10T21:28:03Z,2024-06-10T21:28:03Z,"crypto, c++, needs-ci",main,ecgroupbits,,,,,,,,,False,,27193779,"109660, 30630, None, None"
1907398041,jakecastelli,"test,stream: add test to writable stream not closed when readable stream emits error",closed,2024-06-06T14:29:55Z,,2024-06-24T14:27:26Z,needs-ci,main,fix-46908,,,,,,,,,False,,27193779,"109660, 30630, None, None"
1906800350,joyeecheung,src: print v8::OOMDetails::detail when it's available,closed,2024-06-06T09:07:02Z,2024-06-12T18:30:16Z,2024-06-12T18:30:16Z,"c++, author ready, needs-ci",main,oom-details,,,,,,,,,False,,27193779,"109660, 30630, None, None"
1905953930,avivkeller,benchmark: support --help in CLI,closed,2024-06-05T20:46:36Z,2024-08-06T18:21:27Z,2024-08-06T18:21:27Z,"benchmark, performance",main,patch-50,,,,,,,,,False,,27193779,"109660, 30630, None, None"
1905648697,KhafraDev,lib: expose global CloseEvent,closed,2024-06-05T17:39:36Z,2024-06-07T17:54:29Z,2024-06-07T17:54:29Z,"semver-major, process, lib / src, author ready",main,global-closeevent,,,,,,,,,False,,27193779,"109660, 30630, None, None"
1905625484,avivkeller,doc: add organization header to README,closed,2024-06-05T17:23:59Z,,2024-08-17T23:28:23Z,doc,main,patch-49,,,,,,,,,False,,27193779,"109660, 30630, None, None"
1905615001,KhafraDev,doc: mark WebSocket as stable,closed,2024-06-05T17:16:57Z,2024-06-07T17:24:56Z,2024-06-07T17:24:56Z,"doc, notable-change, author ready, dont-land-on-v20.x, web-standards",main,websocket-stable,,,,,,,,,False,,27193779,"109660, 30630, None, None"
1905472135,avivkeller,meta: move comment on labelled to a single job,closed,2024-06-05T15:56:41Z,,2024-09-01T12:57:06Z,"meta, review wanted",main,patch-45,,,,,,,,,False,,27193779,"109660, 30630, None, None"
1905078673,isti115,doc: fix mistake in the module `load` hook api,closed,2024-06-05T13:01:30Z,2024-06-07T22:03:07Z,2024-06-07T22:03:07Z,"doc, module, author ready",main,patch-1,,,,,,,,,False,,27193779,"109660, 30630, None, None"
1904984920,targos,"Revert ""vm,src: add property query interceptors""",closed,2024-06-05T12:13:22Z,2024-06-06T06:51:30Z,2024-06-06T06:51:30Z,"c++, vm, fast-track, needs-ci, commit-queue-squash, dont-land-on-v18.x, dont-land-on-v20.x, dont-land-on-v22.x",main,fix-regression,,,,,,,,,False,,27193779,"109660, 30630, None, None"
1904934613,richardlau,doc: fix broken link in `static-analysis.md`,closed,2024-06-05T11:46:42Z,2024-06-07T11:55:16Z,2024-06-07T11:55:16Z,"doc, meta, author ready",main,static_analysis,,,,,,,,,False,,27193779,"109660, 30630, None, None"
1904838154,tniessen,doc: remove IRC from man page,closed,2024-06-05T10:57:16Z,2024-06-07T13:40:10Z,2024-06-07T13:40:10Z,"doc, author ready",main,doc-man-page-irc,,,,,,,,,False,,27193779,"109660, 30630, None, None"
1904765825,joyeecheung,doc: mark --cpu-prof and --heap-prof as stable,closed,2024-06-05T10:21:32Z,,2024-06-07T13:48:30Z,"doc, cli, author ready, commit-queue-rebase",main,prof-stable,,,,,,,,,False,,27193779,"109660, 30630, None, None"
1903379537,avivkeller,doc: remove first timer badge,closed,2024-06-04T16:43:35Z,2024-06-17T07:40:28Z,2024-06-17T07:40:28Z,"doc, commit-queue-failed, commit-queue-squash",main,remove-,,,,,,,,,False,,27193779,"109660, 30630, None, None"
1903310467,theanarkh,lib: fix timer leak,closed,2024-06-04T15:58:06Z,2024-06-07T15:51:44Z,2024-06-07T15:51:44Z,"timers, author ready, needs-ci",main,fix_timer_leak,,,,,,,,,False,,27193779,"109660, 30630, None, None"
1903245024,targos,tools: remove no-goma arg from make-v8 script,closed,2024-06-04T15:21:21Z,2024-06-06T15:27:51Z,2024-06-06T15:27:51Z,"v8 engine, tools, needs-ci",main,no-no-goma,,,,,,,,,False,,27193779,"109660, 30630, None, None"
1902955316,ShogunPanda,module: allow multiple chain,closed,2024-06-04T13:04:11Z,,2024-09-02T06:53:02Z,"module, lib / src, needs-ci, loaders",main,multiple-chains,,,,,,,,,False,,27193779,"109660, 30630, None, None"
1902815342,lukehaas,repl: handle object patterns without values,closed,2024-06-04T11:52:13Z,2024-06-07T01:24:32Z,2024-06-07T01:24:32Z,"repl, author ready",main,fix-reply-await-bug,,,,,,,,,False,,27193779,"109660, 30630, None, None"
1902800667,avivkeller,doc: organize components-in-core,closed,2024-06-04T11:44:52Z,,2024-09-01T12:56:58Z,"doc, meta",main,patch-48,,,,,,,,,False,,27193779,"109660, 30630, None, None"
1902791419,richardlau,doc: doc-only deprecate OpenSSL engine-based APIs,closed,2024-06-04T11:39:32Z,2024-06-07T16:10:47Z,2024-06-07T16:10:48Z,"doc, openssl, notable-change, author ready",main,deprecate_openssl_engines,,,,,,,,,False,,27193779,"109660, 30630, None, None"
1902618116,legendecas,build: generate binlog in out directories,closed,2024-06-04T10:05:03Z,2024-06-06T10:13:17Z,2024-06-06T10:13:17Z,"windows, build, needs-ci",main,win/binlog,,,,,,,,,False,,27193779,"109660, 30630, None, None"
1902265957,Govindu564,Update README.md,closed,2024-06-04T07:00:48Z,,2024-06-04T07:03:35Z,invalid,main,main,,,,,,,,,False,,27193779,"109660, 30630, None, None"
1901818341,avivkeller,"doc, stream: define more cases for event emissions",closed,2024-06-03T23:04:00Z,2024-06-08T15:52:46Z,2024-06-08T15:52:46Z,"doc, stream",main,patch-47,,,,,,,,,False,,27193779,"109660, 30630, None, None"
1901777489,MoLow,tools: use sccache Github action,closed,2024-06-03T22:25:12Z,2024-06-05T22:33:40Z,2024-06-05T22:33:40Z,"meta, author ready, commit-queue-squash",main,use-sccache-on-actions,,,,,,,,,False,,27193779,"109660, 30630, None, None"
1901766336,MoLow,test_runner: calculate executed lines using source map,closed,2024-06-03T22:15:43Z,2024-06-05T22:25:06Z,2024-06-05T22:25:06Z,"author ready, needs-ci, commit-queue-squash, test_runner",main,fix-source-map-original-lines,,,,,,,,,False,,27193779,"109660, 30630, None, None"
1901727252,avivkeller,build: use shell-only python version detection,closed,2024-06-03T21:46:35Z,,2024-06-04T00:13:51Z,"build, python, needs-ci",main,patch-46,,,,,,,,,False,,27193779,"109660, 30630, None, None"
1901583752,mhdawson,doc: add option to have support me link,closed,2024-06-03T20:11:17Z,,2024-07-10T20:00:53Z,"doc, author ready, commit-queue-squash",main,sponsorship,,,,,,,,,False,,27193779,"109660, 30630, None, None"
1901353976,avivkeller,test: support recursive test files,closed,2024-06-03T17:35:36Z,,2024-06-18T18:25:08Z,"test, tools, needs-ci",main,recursive-testing-support,,,,,,,targos,,False,,27193779,"109660, 30630, None, None"
1901310377,avivkeller,meta: close likely spam issues,closed,2024-06-03T17:06:50Z,,2024-06-04T13:12:52Z,meta,main,patch-45,,,,,,,,,False,,27193779,"109660, 30630, None, None"
1901284729,tniessen,lib: fix misleading argument of validateUint32,closed,2024-06-03T16:49:33Z,2024-06-05T22:59:06Z,2024-06-05T22:59:06Z,"lib / src, author ready, needs-ci",main,lib-validateuint32-positive,,,,,,,,,False,,27193779,"109660, 30630, None, None"
1901193970,tniessen,crypto: remove ERR_CRYPTO_SCRYPT_INVALID_PARAMETER,closed,2024-06-03T15:57:07Z,2024-07-10T16:38:00Z,2024-07-10T16:38:00Z,"crypto, semver-major, errors, author ready, needs-ci",main,crypto-scrypt-option-pairs,,,,,,,"bnoordhuis, addaleax",,False,,27193779,"109660, 30630, None, None"
1901069545,avivkeller,doc: add missing definitions to `internal-api.md`,closed,2024-06-03T14:57:14Z,2024-09-18T07:44:45Z,2024-09-18T07:44:45Z,"doc, meta, commit-queue-squash",main,patch-44,,,,,,,"tniessen, aduh95",,False,,27193779,"109660, 30630, None, None"
1901056966,avivkeller,doc: use active language in GN Build Guide,closed,2024-06-03T14:50:58Z,,2024-09-01T12:56:31Z,"doc, build, meta",main,patch-43,,,,,,,,,False,,27193779,"109660, 30630, None, None"
1901040868,legendecas,doc: indicate requirement on VS 17.6 or newer,closed,2024-06-03T14:44:01Z,2024-06-06T09:05:29Z,2024-06-06T09:05:29Z,"doc, build, dont-land-on-v18.x, dont-land-on-v20.x",main,doc/windows,,,,,,,,,False,,27193779,"109660, 30630, None, None"
1900869999,tniessen,"crypto: fix propagation of ""memory limit exceeded""",closed,2024-06-03T13:26:33Z,2024-06-05T13:32:14Z,2024-06-05T13:32:15Z,"crypto, c++, openssl, author ready, needs-ci",main,crypto-scrypt-memory,,,,,,,,,False,,27193779,"109660, 30630, None, None"
1900602467,nodejs-github-bot,tools: update eslint to 9.4.0,closed,2024-06-03T11:12:42Z,2024-06-05T11:20:33Z,2024-06-05T11:20:33Z,"tools, author ready, dont-land-on-v20.x",main,actions/tools-update-eslint,,,,,,,,,False,,27193779,"109660, 30630, None, None"
1900514389,huseyinacacak-janea,"module,win: fix long path resolve",closed,2024-06-03T10:25:51Z,2024-08-10T14:12:53Z,2024-08-10T14:12:53Z,"c++, fs, needs-ci, commit-queue-squash, dont-land-on-v20.x",main,huseyin-11801-long-path-error,,,,,,,,,False,,27193779,"109660, 30630, None, None"
1900304115,targos,test: fix test-http-server-keepalive-req-gc,closed,2024-06-03T08:40:03Z,,2024-06-10T09:38:56Z,"test, needs-ci, commit-queue-rebase",main,robust-gc,,,,,,,,,False,,27193779,"109660, 30630, None, None"
1899920098,jakecastelli,tools: add stream label on PR when related files being changed in lib,closed,2024-06-03T03:49:42Z,2024-06-07T18:52:05Z,2024-06-07T18:52:05Z,meta,main,fix-stream-label-on-pr,,,,,,,,,False,,27193779,"109660, 30630, None, None"
1899570405,jakecastelli,stream: prevent stream unexpected pause when highWaterMark set to 0,closed,2024-06-02T14:41:42Z,2024-06-08T02:04:40Z,2024-06-08T02:04:40Z,"stream, needs-ci",main,fix-51930,,,,,,,,,False,,27193779,"109660, 30630, None, None"
1899470537,JonnyBurger,doc: Mention possibility of `corepack enable npm`,closed,2024-06-02T10:09:16Z,,2024-06-14T14:18:08Z,doc,main,patch-1,,,,,,,,,False,,27193779,"109660, 30630, None, None"
1899368292,jasnell,quic: start adding in the internal quic js api,closed,2024-06-02T03:34:30Z,,2024-09-29T18:41:37Z,"c++, lib / src, needs-ci, quic, dont-land-on-v18.x, dont-land-on-v20.x",main,quic-part-13,,,,,,,"Qard, tniessen",,False,,27193779,"109660, 30630, None, None"
1899333927,nodejs-github-bot,deps: update undici to 6.18.2,closed,2024-06-02T00:28:21Z,2024-06-04T15:21:38Z,2024-06-04T15:21:38Z,"lib / src, author ready, needs-ci, dependencies",main,actions/tools-update-undici,,,,,,,,,False,,27193779,"109660, 30630, None, None"
1899333746,nodejs-github-bot,deps: update ada to 2.8.0,closed,2024-06-02T00:27:30Z,2024-06-04T00:33:07Z,2024-06-04T00:33:07Z,"author ready, needs-ci, dependencies",main,actions/tools-update-ada,,,,,,,,,False,,27193779,"109660, 30630, None, None"
1899333736,nodejs-github-bot,deps: update corepack to 0.28.2,closed,2024-06-02T00:27:27Z,2024-06-04T00:33:00Z,2024-06-04T00:33:00Z,"author ready, needs-ci, dependencies, backported-to-v18.x",main,actions/tools-update-corepack,,,,,,,,,False,,27193779,"109660, 30630, None, None"
1899333731,nodejs-github-bot,deps: update simdjson to 3.9.3,closed,2024-06-02T00:27:26Z,2024-06-04T00:32:40Z,2024-06-04T00:32:40Z,"author ready, needs-ci, dependencies, backport-blocked-v20.x",main,actions/tools-update-simdjson,,,,,,,,,False,,27193779,"109660, 30630, None, None"
1899333725,nodejs-github-bot,tools: update gyp-next to 0.18.1,closed,2024-06-02T00:27:25Z,2024-06-04T00:32:33Z,2024-06-04T00:32:33Z,"build, tools, author ready, needs-ci, gyp, dont-land-on-v18.x, dont-land-on-v20.x",main,actions/tools-update-gyp-next,,,,,,,,,False,,27193779,"109660, 30630, None, None"
1899273713,avivkeller,"doc, meta: remove redudant sections from technical values",closed,2024-06-01T20:47:07Z,,2024-06-01T22:10:23Z,"doc, meta",main,patch-42,,,,,,,,,False,,27193779,"109660, 30630, None, None"
1899268789,avivkeller,doc: remove mentions of policy model from security info,closed,2024-06-01T20:30:52Z,2024-06-08T00:39:52Z,2024-06-08T00:39:52Z,"doc, meta, security, deprecations, policy",main,patch-41,,,,,,,,,False,,27193779,"109660, 30630, None, None"
1899227700,dependabot[bot],meta: bump ossf/scorecard-action from 2.3.1 to 2.3.3,closed,2024-06-01T18:24:01Z,2024-06-03T18:34:09Z,2024-06-03T18:34:09Z,"meta, dependencies",main,dependabot/github_actions/ossf/scorecard-action-2.3.3,,,,,,,,,False,,27193779,"109660, 30630, None, None"
1899227664,dependabot[bot],meta: bump actions/checkout from 4.1.4 to 4.1.6,closed,2024-06-01T18:23:55Z,2024-06-03T18:33:19Z,2024-06-03T18:33:19Z,"meta, dependencies",main,dependabot/github_actions/actions/checkout-4.1.6,,,,,,,,,False,,27193779,"109660, 30630, None, None"
1899227571,dependabot[bot],meta: bump github/codeql-action from 3.25.3 to 3.25.7,closed,2024-06-01T18:23:37Z,2024-06-03T18:33:10Z,2024-06-03T18:33:10Z,"meta, dependencies",main,dependabot/github_actions/github/codeql-action-3.25.7,,,,,,,,,False,,27193779,"109660, 30630, None, None"
1899227517,dependabot[bot],meta: bump step-security/harden-runner from 2.7.1 to 2.8.0,closed,2024-06-01T18:23:28Z,2024-06-08T19:16:52Z,2024-06-08T19:16:52Z,"meta, dependencies",main,dependabot/github_actions/step-security/harden-runner-2.8.0,,,,,,,,,False,,27193779,"109660, 30630, None, None"
1899227499,dependabot[bot],meta: bump codecov/codecov-action from 4.3.1 to 4.4.1,closed,2024-06-01T18:23:25Z,2024-06-03T18:33:01Z,2024-06-03T18:33:01Z,"meta, dependencies",main,dependabot/github_actions/codecov/codecov-action-4.4.1,,,,,,,,,False,,27193779,"109660, 30630, None, None"
1899213368,avivkeller,"doc, meta: organize contributing to Node-API guide",closed,2024-06-01T17:45:31Z,2024-06-22T16:55:02Z,2024-06-22T16:55:03Z,"doc, meta, node-api, commit-queue-squash",main,patch-40,,,,,,,,,False,,27193779,"109660, 30630, None, None"
1899123816,jakecastelli,stream: pipe to a closed or destroyed stream should not be allowed in pipeline,closed,2024-06-01T13:34:47Z,2024-06-14T08:27:56Z,2024-06-14T08:27:57Z,"stream, semver-major, errors, commit-queue-squash",main,fix-52622,,,,,,,ronag,,False,,27193779,"109660, 30630, None, None"
1898723006,H4ad,process: port on-exit-leak-free to core,closed,2024-05-31T23:02:30Z,2024-07-11T17:57:20Z,2024-07-11T17:57:20Z,"semver-minor, process, lib / src, author ready, needs-ci, commit-queue-squash, dont-land-on-v20.x",main,add-on-exit-leak,,,,,,,tniessen,,False,,27193779,"109660, 30630, None, None"
1898595602,avivkeller,doc: add uninstallation guide,closed,2024-05-31T20:32:43Z,,2024-06-01T19:43:29Z,"doc, install, meta",main,patch-39,,,,,,,,,False,,27193779,"109660, 30630, None, None"
1898568731,avivkeller,"doc, meta: use markdown rather than HTML in `CONTRIBUTING.md`",closed,2024-05-31T20:08:25Z,2024-06-08T19:16:44Z,2024-06-08T19:16:44Z,"doc, meta",main,patch-38,,,,,,,,,False,,27193779,"109660, 30630, None, None"
1898536817,F3n67u,doc: add `err` param to fs.copyFile callback,closed,2024-05-31T19:42:40Z,,2024-06-03T22:51:19Z,"doc, fs, needs-ci, commit-queue-rebase",main,docs-copyfile-err,,,,,,,,,False,,27193779,"109660, 30630, None, None"
1898432877,targos,benchmark: fix napi/ref addon,closed,2024-05-31T18:21:02Z,2024-06-02T18:26:23Z,2024-06-02T18:26:23Z,"benchmark, author ready",main,fix-napi-bench,,,,,,,,,False,,27193779,"109660, 30630, None, None"
1898413722,richardlau,test: fix test when compiled without engine support,closed,2024-05-31T18:07:00Z,2024-06-02T18:12:24Z,2024-06-02T18:12:24Z,"test, addons, author ready, needs-ci, backported-to-v18.x",main,openssl_no_engine,,,,,,,,,False,,27193779,"109660, 30630, None, None"
1898301175,richardlau,test: update TLS trace tests for OpenSSL >= 3.2,closed,2024-05-31T16:43:19Z,2024-06-02T16:47:58Z,2024-06-02T16:47:58Z,"test, author ready, needs-ci",main,openssl32_testfix,,,,,,,,,False,,27193779,"109660, 30630, None, None"
1897680400,StefanStojanovic,build: find version of Clang installed on Windows,closed,2024-05-31T10:45:42Z,2024-06-11T17:37:26Z,2024-06-11T17:37:26Z,"doc, windows, install, build, tools, needs-ci, dont-land-on-v20.x",main,huseyin-12229-implement-clang-version-detection,,,,,,,,,False,,27193779,"109660, 30630, None, None"
1897664959,dygabo,lib: fix the name of the fetch global function,closed,2024-05-31T10:36:00Z,2024-06-02T10:42:47Z,2024-06-02T10:42:47Z,"lib / src, regression, author ready, needs-ci, commit-queue-squash, fetch",main,fix-fetch-function-name,,,,,,,,,False,,27193779,"109660, 30630, None, None"
1897270211,ronag,stream: properly cleanup pipeline on destroy,open,2024-05-31T06:39:24Z,,,needs-ci,main,pipeline-signal-2,,,,,,,,,False,,27193779,"109660, 30630, None, None"
1896895403,avivkeller,doc: update style guide,closed,2024-05-30T22:49:33Z,2024-09-26T22:56:35Z,2024-09-26T22:56:35Z,"doc, meta, author ready, review wanted",main,patch-37,,,,,,,aduh95,,False,,27193779,"109660, 30630, None, None"
1896860831,avivkeller,doc: remove api_asset's README,closed,2024-05-30T22:11:19Z,,2024-07-01T18:24:15Z,doc,main,patch-36,,,,,,,,,False,,27193779,"109660, 30630, None, None"
1896362291,KhafraDev,buffer: add .bytes() method to Blob,closed,2024-05-30T16:10:12Z,2024-06-04T02:00:05Z,2024-06-04T02:00:05Z,"buffer, semver-minor, author ready, needs-ci, web-standards",main,blob-bytes,,,,,,,,,False,,27193779,"109660, 30630, None, None"
1896145703,03Fede,Update package.json,closed,2024-05-30T14:23:29Z,,2024-05-30T14:24:48Z,invalid,main,patch-1,,,,,,,,,False,,27193779,"109660, 30630, None, None"
1896006719,joyeecheung,src: use v8::(Des|S)erializeInternalFieldsCallback,closed,2024-05-30T13:11:13Z,2024-06-07T11:36:51Z,2024-06-07T11:36:51Z,"c++, author ready, needs-ci, snapshot, dont-land-on-v20.x",main,context-data,,,,,,,,,False,,27193779,"109660, 30630, None, None"
1895730724,Mrtenz,"doc: remove cases for keys not containing ""*"" in `PATTERN_KEY_COMPARE`",closed,2024-05-30T10:54:10Z,2024-06-05T11:20:26Z,2024-06-05T11:20:26Z,"doc, esm, author ready",main,pattern-key-compare-docs,,,,,,,,,False,,27193779,"109660, 30630, None, None"
1895404385,jakecastelli,stream: make sure _destroy is called on the tail,closed,2024-05-30T08:05:30Z,2024-06-10T14:56:04Z,2024-06-10T14:56:04Z,"author ready, needs-ci, commit-queue-squash",main,fix-51987,,,,,,,,,False,,27193779,"109660, 30630, None, None"
1895276099,targos,tools: use Ubuntu 24.04 and Clang on GitHub actions,closed,2024-05-30T06:53:48Z,2024-06-10T09:38:47Z,2024-06-10T09:38:47Z,meta,main,clang-gha,,,,,,,,,False,,27193779,"109660, 30630, None, None"
1894740910,npm-cli-bot,deps: upgrade npm to 10.8.1,closed,2024-05-29T21:05:33Z,2024-05-30T11:21:05Z,2024-05-30T11:21:05Z,"npm, fast-track, needs-ci",main,npm-v10.8.1-main,,,,,,,,,False,,27193779,"109660, 30630, None, None"
1894474609,joyeecheung,src: use V8-owned CppHeap,open,2024-05-29T18:14:12Z,,,"c++, lib / src, blocked, needs-ci",canary-base,cppheap-auto-2,,,,,,,,,True,,27193779,"109660, 30630, None, None"
1894352790,VerteDinde,doc: reserve 128 for Electron 32,closed,2024-05-29T17:05:52Z,2024-05-31T17:17:07Z,2024-05-31T17:17:07Z,"doc, author ready",main,patch-5,,,,,,,,,False,,27193779,"109660, 30630, None, None"
1893968687,dygabo,module: allow module.register from workers,open,2024-05-29T13:51:18Z,,,"c++, lib / src, needs-ci",main,allow-hooks-thread-from-worker,,,,,,,,,True,,27193779,"109660, 30630, None, None"
1893775992,mihraravi,Update README.md,closed,2024-05-29T12:17:25Z,,2024-05-29T12:25:47Z,invalid,main,main,,,,,,,,,False,,27193779,"109660, 30630, None, None"
1893267951,raushan789,Update README.md,closed,2024-05-29T07:46:08Z,,2024-05-29T08:00:38Z,invalid,main,main,,,,,,,,,False,,27193779,"109660, 30630, None, None"
1892981993,meigei119,将index.md重命名为索引.node.js,closed,2024-05-29T03:51:08Z,,2024-05-29T08:36:20Z,invalid,main,patch-1,,,,,,,,,False,,27193779,"109660, 30630, None, None"
1892717037,legendecas,build: support python 3.13,closed,2024-05-28T22:01:17Z,2024-05-30T22:09:16Z,2024-05-30T22:09:16Z,"build, author ready, needs-ci",main,build/py-313,,,,,,,,,False,,27193779,"109660, 30630, None, None"
1892524136,orgads,stream: micro-optimize writable condition,closed,2024-05-28T19:30:07Z,2024-06-04T09:47:35Z,2024-06-04T09:47:35Z,author ready,main,streams-uoptimize,,,,,,,,,False,,27193779,"109660, 30630, None, None"
1892262186,orgads,stream: fix memory usage regression in writable,closed,2024-05-28T16:27:38Z,2024-06-02T00:35:36Z,2024-06-02T00:35:36Z,needs-ci,main,writable-temp-leak,,,,,,,,,False,,27193779,"109660, 30630, None, None"
1892236093,jakecastelli,doc: add note to ninjia build for macOS using -jn flag,closed,2024-05-28T16:11:23Z,2024-05-30T16:21:57Z,2024-05-30T16:21:57Z,"doc, author ready, commit-queue-squash",main,add-note-to-ninjia-build-for-macos,,,,,,,,,False,,27193779,"109660, 30630, None, None"
1892012843,targos,build: remove support for 32-bit Windows,closed,2024-05-28T14:17:53Z,2024-05-30T14:28:48Z,2024-05-30T14:28:48Z,"windows, semver-major, build, lib / src, notable-change, author ready, needs-ci, commit-queue-squash",main,rm-32bit-win,,,,,,,,,False,,27193779,"109660, 30630, None, None"
1891413930,mcollina,"Revert ""module: have a single hooks thread for all workers""",closed,2024-05-28T09:10:45Z,2024-06-02T22:10:34Z,2024-06-02T22:10:34Z,"lib / src, tsc-agenda, needs-ci, commit-queue-squash, dont-land-on-v20.x",main,revert-one-thread,,,,,,,ShogunPanda,,False,,27193779,"109660, 30630, None, None"
1890909059,jakecastelli,build: fix the extra whitespace before NINJIA_ARGS,closed,2024-05-28T01:31:35Z,2024-06-08T01:08:22Z,2024-06-08T01:08:22Z,"build, author ready, needs-ci",main,fix-passing-j32-to-ninja,,,,,,,,,False,,27193779,"109660, 30630, None, None"
1890892549,anonrig,build: update ruff to v0.4.5,closed,2024-05-28T00:59:46Z,2024-05-30T01:18:12Z,2024-05-30T01:18:12Z,"build, author ready, needs-ci",main,update-ruff,,,,,,,,,False,,27193779,"109660, 30630, None, None"
1890742377,JakobJingleheimer,test: expose `file` & `fullName` props on TestContext (for snapshots),closed,2024-05-27T21:01:31Z,,2024-05-30T15:26:34Z,"needs-ci, test_runner",main,test_runner/expose-props-for-snapshots,,,,,,,,,False,,27193779,"109660, 30630, None, None"
1890691473,anonrig,src: make `--env-file` return warning when not found,closed,2024-05-27T20:00:09Z,,2024-06-27T12:47:24Z,"c++, needs-ci, dotenv",main,make-dotenv-warn,,,,,,,"mcollina, targos",,False,,27193779,"109660, 30630, None, None"
1890612480,RafaelGSS,"src,permission: handle process.chdir on pm",closed,2024-05-27T18:34:48Z,2024-06-01T15:12:54Z,2024-06-01T15:12:54Z,"c++, author ready, needs-ci, permission",main,handle-process-chdir-pm,,,,,,,,,False,,27193779,"109660, 30630, None, None"
1890163413,targos,src: do not use soon-to-be-deprecated V8 API,closed,2024-05-27T13:12:11Z,,2024-05-29T22:04:24Z,"c++, semver-major, needs-ci, commit-queue-rebase",main,v8-data-property,,,,,,,,,False,,27193779,"109660, 30630, None, None"
1890031197,StefanStojanovic,test: fix Windows native test suites,closed,2024-05-27T11:57:07Z,2024-05-27T18:56:59Z,2024-05-27T18:56:59Z,"windows, build, test, fast-track, needs-ci",main,mefi-native-suites-fix,,,,,,,,,False,,27193779,"109660, 30630, None, None"
1889963043,targos,"vm,src: add property query interceptors",closed,2024-05-27T11:16:30Z,2024-06-04T06:45:39Z,2024-06-04T06:45:39Z,"c++, vm, needs-ci, commit-queue-squash, dont-land-on-v18.x, dont-land-on-v20.x, dont-land-on-v22.x",main,fix-52720,,,,,,,,,False,,27193779,"109660, 30630, None, None"
1889131410,popmoore,doc: fix esm markdown file,closed,2024-05-26T23:04:45Z,2024-05-27T17:51:10Z,2024-05-27T17:51:10Z,"doc, esm, fast-track, author ready",main,main,,,,,,,,,False,,27193779,"109660, 30630, None, None"
1889052983,cjihrig,test_runner: add snapshot testing,closed,2024-05-26T18:16:31Z,2024-05-30T13:07:54Z,2024-05-30T13:07:54Z,"semver-minor, lib / src, test_runner, backport-requested-v20.x",main,snapshot,,,,,,,,,False,,27193779,"109660, 30630, None, None"
1889041407,Trott,doc: fix minor grammar and style issues in SECURITY.md,closed,2024-05-26T17:33:30Z,2024-05-28T17:40:22Z,2024-05-28T17:40:22Z,"doc, security, author ready",main,minor,,,,,,,,,False,,27193779,"109660, 30630, None, None"
1888927447,avivkeller,doc: auto-generate ESM/CJS,closed,2024-05-26T13:53:05Z,,2024-05-31T10:29:22Z,"doc, tools",main,auto-esm-cjs,,,,,,,,,False,,27193779,"109660, 30630, None, None"
1888919767,jakecastelli,lib: remove var as performance boost no longer apply,closed,2024-05-26T13:30:03Z,,2024-10-18T01:16:11Z,needs-ci,main,remove-var-usage,,,,,,,,,True,,27193779,"109660, 30630, None, None"
1888911785,avivkeller,doc: include ESM import for HTTP,closed,2024-05-26T13:09:58Z,2024-05-30T00:46:42Z,2024-05-30T00:46:42Z,"http, doc, commit-queue-squash",main,patch-35,,,,,,,,,False,,27193779,"109660, 30630, None, None"
1888832387,jakecastelli,[v20.x backport] watch: fix arguments parsing,closed,2024-05-26T09:40:14Z,,2024-06-17T13:07:55Z,"needs-ci, v20.x",v20.x-staging,fix-watch-mode-args-parsing-regression,,,,,,,,,False,,27193779,"109660, 30630, None, None"
1888732492,szmarczak,"http2, tls: check content-length, fix RST and GOAWAY logic",open,2024-05-26T05:36:49Z,,,"c++, lib / src, baking-for-lts, needs-ci, dont-land-on-v18.x",main,fix-http2,,,,,,,jasnell,,False,,27193779,"109660, 30630, None, None"
1888603845,nodejs-github-bot,deps: patch V8 to 12.4.254.20,closed,2024-05-26T00:27:55Z,2024-06-02T12:30:03Z,2024-06-02T12:30:03Z,"v8 engine, needs-ci, dont-land-on-v20.x",main,actions/update-v8-patch,,,,,,,,,False,,27193779,"109660, 30630, None, None"
1888603739,nodejs-github-bot,tools: update lint-md-dependencies to @rollup/plugin-commonjs@26.0.1 rollup@4.18.0,closed,2024-05-26T00:27:27Z,2024-06-13T07:03:33Z,2024-06-13T07:03:33Z,"tools, author ready",main,actions/tools-update-lint-md-dependencies,,,,,,,,,False,,27193779,"109660, 30630, None, None"
1888603699,nodejs-github-bot,deps: update googletest to 34ad51b,closed,2024-05-26T00:27:16Z,,2024-07-10T20:07:39Z,"test, author ready, needs-ci, dependencies, commit-queue-rebase",main,actions/tools-update-googletest,,,,,,,,,False,,27193779,"109660, 30630, None, None"
1888603695,nodejs-github-bot,deps: update zlib to 1.3.0.1-motley-209717d,closed,2024-05-26T00:27:16Z,2024-06-13T21:45:23Z,2024-06-13T21:45:23Z,"lib / src, author ready, needs-ci, dependencies",main,actions/tools-update-zlib,,,,,,,,,False,,27193779,"109660, 30630, None, None"
1888603686,nodejs-github-bot,deps: update c-ares to 1.29.0,closed,2024-05-26T00:27:13Z,2024-06-02T05:30:14Z,2024-06-02T05:30:15Z,"cares, needs-ci, dependencies, commit-queue-squash, backported-to-v18.x",main,actions/tools-update-c-ares,,,,,,,,,False,,27193779,"109660, 30630, None, None"
1888600541,anonrig,src: traverse parent folders while running `--run`,closed,2024-05-26T00:20:07Z,2024-06-07T21:20:53Z,2024-06-07T21:20:53Z,"c++, semver-minor, needs-ci, backport-blocked-v20.x",main,traverse-until-root,,,,,,,"GeoffreyBooth, benjamingr, tniessen, joyeecheung, RafaelGSS",,False,,27193779,"109660, 30630, None, None"
1888529289,MoLow,test_runner: avoid error when coverage line not mappable,closed,2024-05-25T21:51:54Z,,2024-06-03T22:15:49Z,"needs-ci, test_runner",main,coverage-dont-throw-if-line-not-coverable,,,,,,,,,False,,27193779,"109660, 30630, None, None"
1888518205,DanKaplanSES,module: improve error message for cjs code in an esm module,open,2024-05-25T21:16:36Z,,,"esm, needs-ci",main,require-is-not-defined-in-ES-module-scopes-error-message,,,,,,,,,False,,27193779,"109660, 30630, None, None"
1888430362,fahrradflucht,fs: fix cp dir/non-dir mismatch error messages,closed,2024-05-25T17:27:40Z,2024-05-31T22:12:16Z,2024-05-31T22:12:16Z,"fs, author ready, needs-ci",main,cp-error-messages-fix,,,,,,,,,False,,27193779,"109660, 30630, None, None"
1888379135,avivkeller,meta: request reviews from github actions,closed,2024-05-25T15:28:00Z,,2024-08-23T18:50:51Z,"meta, tools",main,review-action,,,,,,,"targos, Uzlopak, RafaelGSS, atlowChemi",,False,,27193779,"109660, 30630, None, None"
1888369055,deokjinkim,test_runner: refactor to use min/max of `validateInteger`,closed,2024-05-25T15:10:02Z,2024-06-01T22:21:25Z,2024-06-01T22:21:25Z,"author ready, needs-ci, test_runner",main,240526_refactor_to_use_minmax_validateInteger,,,,,,,,,False,,27193779,"109660, 30630, None, None"
1888349998,deokjinkim,doc: fix wrong variable name in example of `timers.tick()`,closed,2024-05-25T14:18:56Z,2024-05-27T14:22:46Z,2024-05-27T14:22:46Z,"doc, author ready, test_runner",main,240525_fix_wrong_variable_name,,,,,,,,,False,,27193779,"109660, 30630, None, None"
1888214285,aduh95,test: do not assume cwd in snapshot tests,closed,2024-05-25T10:13:20Z,2024-06-30T14:56:10Z,2024-06-30T14:56:10Z,"test, author ready, needs-ci",main,snapshot-cwd,,,,,,,,,False,,27193779,"109660, 30630, None, None"
1888126429,zcbenz,build: fix building embedtest in GN build,closed,2024-05-25T07:35:44Z,,2024-05-28T10:24:28Z,,main,gn-embedtest,,,,,,,,,False,,27193779,"109660, 30630, None, None"
1888078396,marco-ippolito,"[v20.x] Revert ""Revert ""stream: fix cloned webstreams not being unref'd""""",closed,2024-05-25T06:05:50Z,,2024-05-27T20:23:33Z,"needs-ci, web streams, v20.x",v20.x-staging,feat/fix-revert-revert,,,,,,,jasnell,,False,,27193779,"109660, 30630, None, None"
1887548081,RafaelGSS,workflow: re-enable ubsan,open,2024-05-24T19:59:26Z,,,meta,main,re-enable-ubsan,,,,,,,,,False,,27193779,"109660, 30630, None, None"
1887463889,pabitra-k11,Update README.md,closed,2024-05-24T19:03:39Z,,2024-05-24T19:43:39Z,invalid,main,main,,,,,,,,,False,,27193779,"109660, 30630, None, None"
1887038879,deokjinkim,doc: fix wrong function name in example of `context.plan()`,closed,2024-05-24T14:56:40Z,2024-05-26T15:03:34Z,2024-05-26T15:03:34Z,"doc, author ready, test_runner",main,240524_fix_wrong_function_name,,,,,,,,,False,,27193779,"109660, 30630, None, None"
1886766347,alcuadrado,Remove `initializeCommand` from devcontainer.json,closed,2024-05-24T12:37:31Z,,2024-05-24T12:38:08Z,,main,patch-1,,,,,,,,,False,,27193779,"109660, 30630, None, None"
1886743250,avivkeller,meta: remove `initializeCommand` from devcontainer,closed,2024-05-24T12:24:08Z,2024-05-26T12:34:12Z,2024-05-26T12:34:12Z,"meta, author ready",main,patch-34,,,,,,,bnb,,False,,27193779,"109660, 30630, None, None"
1886738026,ShogunPanda,net: add new net.server.listen tracing channel,closed,2024-05-24T12:21:29Z,2024-05-30T08:40:20Z,2024-05-30T08:40:20Z,"net, semver-minor, needs-ci",main,net-server-listen-tracing,,,,,,,,,False,,27193779,"109660, 30630, None, None"
1886736484,joyeecheung,src: use __FUNCSIG__ on Windows in backtrace,closed,2024-05-24T12:20:57Z,2024-05-29T21:11:59Z,2024-05-29T21:11:59Z,"c++, needs-ci",main,funcsig,,,,,,,,,False,,27193779,"109660, 30630, None, None"
1886690213,StefanStojanovic,deps: fix FP16 bitcasts.h,closed,2024-05-24T11:58:21Z,2024-05-28T07:10:52Z,2024-05-28T07:10:52Z,"build, v8 engine, needs-ci, dependencies, dont-land-on-v20.x",main,mefi-fp16,,,,,,,lemire,,False,,27193779,"109660, 30630, None, None"
1886409333,MoLow,[v20x backport] test_runner backports,closed,2024-05-24T09:28:13Z,,2024-06-05T18:44:58Z,"needs-ci, test_runner, v20.x",v20.x-staging,v20-test-runner-backports,,,,,,,,,False,,27193779,"109660, 30630, None, None"
1885995725,MoLow,"test_runner,docs: align documentation with actual stdout/stderr behavior",closed,2024-05-24T05:55:00Z,2024-05-28T19:44:17Z,2024-05-28T19:44:17Z,"needs-ci, test_runner",main,fix-stdout-docs,,,,,,,benjamingr,,False,,27193779,"109660, 30630, None, None"
1885844198,AcherTT,fs: replace all isInt32 in fs with isFd,closed,2024-05-24T03:59:45Z,,2024-05-31T03:05:08Z,"fs, needs-ci",main,style/fs-isfd,,,,,,,,,False,,27193779,"109660, 30630, None, None"
1885537672,theoludwig,fs: recursive cp methods as stable,closed,2024-05-23T22:15:50Z,2024-05-26T21:47:03Z,2024-05-26T21:47:03Z,"doc, fs, notable-change, author ready",main,fs-cp-recursive-stable,,,,,,,,,False,,27193779,"109660, 30630, None, None"
1885393868,RafaelGSS,doc: mention pm is not enforced when using fd,closed,2024-05-23T20:33:36Z,2024-05-27T18:31:29Z,2024-05-27T18:31:29Z,"doc, author ready, commit-queue-squash, permission",main,mention-fd-pm-doc,,,,,,,,,False,,27193779,"109660, 30630, None, None"
1885363454,RafaelGSS,"src,permission: disable WASI when pm is enabled",closed,2024-05-23T20:16:44Z,2024-06-01T13:13:12Z,2024-06-01T13:13:13Z,"c++, semver-minor, lib / src, needs-ci, permission",main,add-wasi-pm,,,,,,,,,False,,27193779,"109660, 30630, None, None"
1885185589,atlowChemi,[v20.x backport] test_runner: make end of work check stricter,closed,2024-05-23T18:10:56Z,,2024-11-03T00:02:02Z,"stalled, needs-ci, test_runner, v20.x",v20.x-staging,backport-52326-to-20,,,,,,,,,False,,27193779,"109660, 30630, None, None"
1884939455,marco-ippolito,v20.14.0 proposal,closed,2024-05-23T15:58:08Z,2024-05-28T16:32:36Z,2024-05-28T16:32:36Z,"release, v20.x",v20.x,v20.14.0-proposal,,,,,,,,,False,,27193779,"109660, 30630, None, None"
1884753436,StefanStojanovic,doc: add StefanStojanovic to collaborators,closed,2024-05-23T14:30:59Z,,2024-05-23T14:52:27Z,"doc, notable-change, fast-track",main,mefi-collaborator,,,,,,,,,False,,27193779,"109660, 30630, None, None"
1884667542,avivkeller,doc: add note for windows users and symlinks,closed,2024-05-23T13:50:55Z,2024-05-25T19:00:10Z,2024-05-25T19:00:10Z,"doc, windows, build, commit-queue-squash",main,patch-30,,,,,,,,,False,,27193779,"109660, 30630, None, None"
1884518888,legendecas,build: fix configure --help,closed,2024-05-23T12:40:16Z,,2024-05-23T13:31:08Z,"build, needs-ci",main,configure-help,,,,,,,,,False,,27193779,"109660, 30630, None, None"
1883891326,jakecastelli,test_runner: handle file rename and deletion under watch mode,closed,2024-05-23T07:02:44Z,2024-06-02T08:11:30Z,2024-06-02T08:11:31Z,"needs-ci, commit-queue-squash, test_runner",main,fix-test-runner-rename-delete-error,,,,,,,,,False,,27193779,"109660, 30630, None, None"
1883863178,ketan024,new featutres ,closed,2024-05-23T06:43:11Z,,2024-05-23T07:37:49Z,invalid,main,main,,,,,,,,,False,,27193779,"109660, 30630, None, None"
1883686375,JacksonTian,module: fix error message for not found,open,2024-05-23T04:00:55Z,,,"esm, needs-ci",main,fix_module_not_found_error,,,,,,,,,False,,27193779,"109660, 30630, None, None"
1883420899,legendecas,[v20.x] vm: harden module type checks,closed,2024-05-22T22:12:11Z,,2024-09-26T06:45:27Z,"vm, needs-ci, v20.x",v20.x-staging,backport-52162-to-20,,,,,,,,,False,,27193779,"109660, 30630, None, None"
1883316012,avivkeller,meta: add prettier support,closed,2024-05-22T20:56:05Z,,2024-05-22T21:06:21Z,meta,main,prettier,,,,,,,,,False,,27193779,"109660, 30630, None, None"
1883120317,kylo5aby,util: support negative options for `parseArgs`,closed,2024-05-22T18:45:17Z,2024-06-19T15:36:18Z,2024-06-19T15:36:18Z,"util, semver-minor, author ready, needs-ci",main,node-util,,,,,,,,,False,,27193779,"109660, 30630, None, None"
1882981223,richardlau,build: fix `--enable-d8` builds,closed,2024-05-22T17:24:19Z,2024-05-24T17:32:09Z,2024-05-24T17:32:09Z,"v8 engine, tools, author ready, needs-ci",main,enable_d8,,,,,,,,,False,,27193779,"109660, 30630, None, None"
1882950641,aduh95,build: add `--skip-tests` to `test-ci-js` target,closed,2024-05-22T17:05:28Z,2024-05-29T17:24:32Z,2024-05-29T17:24:32Z,"build, needs-ci",main,jstest-only,,,,,,,,,False,,27193779,"109660, 30630, None, None"
1882929066,aduh95,test: skip `test-setproctitle` when `ps` is not available,closed,2024-05-22T16:56:14Z,2024-05-25T18:26:36Z,2024-05-25T18:26:36Z,"test, author ready, needs-ci",main,skip-test/parallel/test-setproctitle.js,,,,,,,,,False,,27193779,"109660, 30630, None, None"
1882714712,jakecastelli,watch: fix variable dependencyOwners naming,closed,2024-05-22T15:13:12Z,2024-05-24T05:31:06Z,2024-05-24T05:31:06Z,"fast-track, author ready, needs-ci",main,fix-dependencyowner-nameing,,,,,,,,,False,,27193779,"109660, 30630, None, None"
1882051264,AdamMajer,test: increase allocation so it fails for the test,closed,2024-05-22T09:50:15Z,2024-05-24T09:56:03Z,2024-05-24T09:56:03Z,"test, author ready, needs-ci",main,fix-memory-allocation,,,,,,,,,False,,27193779,"109660, 30630, None, None"
1882040516,aduh95,"Revert ""tools: add --certify-safe to ncu-ci""",closed,2024-05-22T09:44:30Z,2024-05-24T09:47:51Z,2024-05-24T09:47:51Z,"tools, author ready",main,revert-52940-add-certify-safe,,,,,,,,,False,,27193779,"109660, 30630, None, None"
1881673143,nodejs-github-bot,deps: patch V8 to 12.4.254.19,closed,2024-05-22T06:17:06Z,2024-05-24T06:19:26Z,2024-05-24T06:19:26Z,"v8 engine, author ready, needs-ci, dont-land-on-v18.x, dont-land-on-v20.x",main,actions/update-v8-patch,,,,,,,,,False,,27193779,"109660, 30630, None, None"
1881629081,atlowChemi,[v20.x backport] test_runner: ignore todo flag when running suites,closed,2024-05-22T05:35:00Z,,2024-05-23T09:12:39Z,"needs-ci, test_runner, v20.x",v20.x-staging,test-runner-v20-backports,,,,,,,,,False,,27193779,"109660, 30630, None, None"
1881201224,Uzlopak,util: fix crashing when emitting new Buffer() deprecation warning,closed,2024-05-21T21:17:47Z,2024-07-11T12:13:20Z,2024-07-11T12:13:20Z,"util, needs-ci",main,fix-53075,,,,,,,,,False,,27193779,"109660, 30630, None, None"
1881091333,tniessen,build: fix -j propagation to ninja,closed,2024-05-21T19:55:44Z,2024-05-25T17:37:05Z,2024-05-25T17:37:06Z,"build, author ready, needs-ci",main,build-fix-ninja-jobs,,,,,,,,,False,,27193779,"109660, 30630, None, None"
1880698951,joyeecheung,src: remove dependency on wrapper-descriptor-based cpp heap,closed,2024-05-21T15:30:54Z,,2024-06-04T11:23:58Z,"c++, lib / src, needs-ci, request-ci-failed",canary-base,cppheap-auto,,,,,,,,,False,,27193779,"109660, 30630, None, None"
1880272632,targos,src: do not use deprecated V8 API,closed,2024-05-21T11:44:51Z,,2024-05-27T11:57:12Z,"c++, needs-ci, commit-queue-rebase, dont-land-on-v18.x, dont-land-on-v20.x",main,v8-deprecated-api,,,,,,,"lpinca, tniessen",,False,,27193779,"109660, 30630, None, None"
1879511553,juanarbol,src: nuke deprecated and un-used enum members in `OptionEnvvarSettings`,closed,2024-05-21T04:29:42Z,2024-11-05T20:44:25Z,2024-11-05T20:44:25Z,"c++, semver-major, author ready, needs-ci, typings",main,juan/remove-deprecated-opts,,,,,,,,,False,,27193779,"109660, 30630, None, None"
1879494275,juanarbol,cli: add `--expose-gc` flag available to `NODE_OPTIONS`,closed,2024-05-21T04:10:08Z,2024-06-04T17:07:29Z,2024-06-04T17:07:29Z,"c++, cli, needs-ci",main,juan/expose-gc,,,,,,,,,False,,27193779,"109660, 30630, None, None"
1878761279,nodejs-github-bot,deps: update undici to 6.18.1,closed,2024-05-20T17:22:03Z,,2024-05-22T17:28:03Z,"lib / src, needs-ci, dependencies, commit-queue-rebase",main,actions/tools-update-undici,,,,,,,,,False,,27193779,"109660, 30630, None, None"
1878236555,ronag,buffer: optimize asciiWrite for short strings,closed,2024-05-20T12:01:29Z,,2024-05-20T16:13:30Z,"buffer, needs-ci",main,ascii-short,,,,,,,,,False,,27193779,"109660, 30630, None, None"
1878158778,aduh95,test: replace `.substr` with `.slice`,closed,2024-05-20T11:21:02Z,2024-05-22T05:08:59Z,2024-05-22T05:08:59Z,"test, fast-track, author ready, needs-ci",main,sub-substr,,,,,,,,,False,,27193779,"109660, 30630, None, None"
1877844437,zeeqko,test: remove unnecessary return,closed,2024-05-20T08:17:33Z,,2024-05-20T08:54:53Z,"test, needs-ci",main,remove-unreachable-return,,,,,,,,,False,,27193779,"109660, 30630, None, None"
1877683427,kylo5aby,build: fix ./configure --help format error,closed,2024-05-20T06:43:50Z,2024-05-23T13:34:44Z,2024-05-23T13:34:44Z,"build, author ready, needs-ci",main,configure_dev,,,,,,,,,False,,27193779,"109660, 30630, None, None"
1877509342,nodejs-github-bot,meta: move one or more collaborators to emeritus,closed,2024-05-20T04:11:37Z,2024-05-23T08:12:15Z,2024-05-23T08:12:15Z,"doc, meta, author ready",main,actions/inactive-collaborators,,,,,,,,,False,,27193779,"109660, 30630, None, None"
1877385706,anonrig,src: reduce unnecessary `GetCwd` calls,closed,2024-05-20T01:23:25Z,2024-05-22T01:45:35Z,2024-05-22T01:45:35Z,"c++, author ready, needs-ci",main,remove-unnecessary-cwd,,,,,,,,,False,,27193779,"109660, 30630, None, None"
1877377596,anonrig,src: replace `kPathSeparator` with std::filesystem,closed,2024-05-20T01:11:04Z,2024-06-30T20:11:14Z,2024-06-30T20:11:14Z,"c++, lib / src, author ready, needs-ci, dont-land-on-v20.x",main,remove-kpathseparator,,,,,,,"mcollina, lemire, joyeecheung, atlowChemi",,False,,27193779,"109660, 30630, None, None"
1877364983,anonrig,fs: remove basename in favor of std::filesystem,closed,2024-05-20T00:50:10Z,2024-05-22T01:20:42Z,2024-05-22T01:20:42Z,"c++, fs, author ready, needs-ci, dont-land-on-v18.x, dont-land-on-v20.x",main,remove-fs-basename,,,,,,,,,False,,27193779,"109660, 30630, None, None"
1877273721,anonrig,src: simplify node modules traverse path,closed,2024-05-19T19:45:38Z,2024-05-21T20:47:07Z,2024-05-21T20:47:07Z,"c++, module, author ready, needs-ci, dont-land-on-v18.x, dont-land-on-v20.x",main,simplify-node-modules,,,,,,,"jasnell, guybedford, addaleax",,False,,27193779,"109660, 30630, None, None"
1877256723,BoscoDomingo,src: add `--env-file-if-exists` flag,closed,2024-05-19T18:43:33Z,2024-09-16T00:58:16Z,2024-09-16T00:58:16Z,"c++, lib / src, author ready, needs-ci, backport-requested-v20.x, dotenv",main,feature/optional-env-file-argument,,,,,,,,,False,,27193779,"109660, 30630, None, None"
1877171486,anonrig,cli: add `NODE_RUN_PACKAGE_JSON_PATH` env,closed,2024-05-19T13:57:58Z,2024-05-21T13:59:35Z,2024-05-21T13:59:35Z,"c++, semver-minor, author ready, needs-ci, backport-blocked-v20.x",main,add-node-run-package-json-path,,,,,,,"mcollina, jasnell, GeoffreyBooth",,False,,27193779,"109660, 30630, None, None"
1877157831,fahrradflucht,test: use python3 instead of python in pummel test,closed,2024-05-19T13:14:06Z,2024-07-04T13:08:38Z,2024-07-04T13:08:38Z,"test, author ready, needs-ci",main,test-switch-to-python3-in-pummel,,,,,,,,,False,,27193779,"109660, 30630, None, None"
1876964335,nodejs-github-bot,deps: patch V8 to 12.4.254.18,closed,2024-05-19T00:27:53Z,2024-05-21T00:35:58Z,2024-05-21T00:35:58Z,"v8 engine, needs-ci, dont-land-on-v20.x",main,actions/update-v8-patch,,,,,,,,,False,,27193779,"109660, 30630, None, None"
1876964166,nodejs-github-bot,deps: update googletest to 33af80a,closed,2024-05-19T00:27:01Z,2024-05-21T08:23:02Z,2024-05-21T08:23:02Z,"test, author ready, needs-ci, dependencies",main,actions/tools-update-googletest,,,,,,,,,False,,27193779,"109660, 30630, None, None"
1876964158,nodejs-github-bot,deps: update zlib to 1.3.0.1-motley-4f653ff,closed,2024-05-19T00:26:59Z,2024-05-21T00:35:50Z,2024-05-21T00:35:50Z,"c++, zlib, needs-ci, dependencies",main,actions/tools-update-zlib,,,,,,,,,False,,27193779,"109660, 30630, None, None"
1876929162,aduh95,module: do not set CJS variables for Worker eval,closed,2024-05-18T21:06:38Z,2024-05-25T02:51:47Z,2024-05-25T02:51:47Z,"c++, module, vm, process, esm, author ready, needs-ci, commit-queue-squash, backport-open-v20.x",main,no-cjs-var-in-worker-eval,,,,,,,,,False,,27193779,"109660, 30630, None, None"
1876799739,cjihrig,test_runner: fix t.assert methods,closed,2024-05-18T16:39:50Z,2024-05-20T16:49:16Z,2024-05-20T16:49:16Z,"author ready, commit-queue-squash, test_runner",main,fix-assert,,,,,,,,,False,,27193779,"109660, 30630, None, None"
1876751204,avivkeller,tools: update error message for Type Error,closed,2024-05-18T13:39:44Z,2024-05-25T01:20:02Z,2024-05-25T01:20:02Z,"doc, tools",main,patch-33,,,,,,,,,False,,27193779,"109660, 30630, None, None"
1876745478,avivkeller,build: support `lint-js-fix` in `vcbuild.bat`,closed,2024-05-18T13:18:20Z,,2024-07-02T16:43:48Z,"windows, build, author ready, needs-ci",main,patch-32,,,,,,,,,False,,27193779,"109660, 30630, None, None"
1876744270,avivkeller,build: use broader detection for 'help',closed,2024-05-18T13:13:35Z,2024-05-25T19:00:02Z,2024-05-25T19:00:03Z,"windows, build, author ready, needs-ci, commit-queue-squash",main,patch-31,,,,,,,,,False,,27193779,"109660, 30630, None, None"
1876733668,dygabo,module: resolve format for all situations with auto module detection on,closed,2024-05-18T12:42:38Z,,2024-08-01T09:16:23Z,"c++, esm, needs-ci, loaders",main,fix-for-unflagging-module-format-detection,,,,,,,,,True,,27193779,"109660, 30630, None, None"
1876645582,jakecastelli,"test,timers: add coverage to timer/promises scheduler yield, wait",closed,2024-05-18T09:49:41Z,,2024-06-17T14:38:12Z,"timers, test, needs-ci",main,test-add-coverage-to-timer-promises-schedular-yield-wait,,,,,,,,,False,,27193779,"109660, 30630, None, None"
1876528411,benmccann,doc: clarify possible `eventType` values in `fs.watch`,open,2024-05-18T03:16:36Z,,,"doc, fs",main,patch-1,,,,,,,,,False,,27193779,"109660, 30630, None, None"
1876274094,anonrig,src: remove unused `base64_table_url`,closed,2024-05-17T20:27:10Z,2024-05-19T20:32:16Z,2024-05-19T20:32:16Z,"buffer, c++, author ready, needs-ci, dont-land-on-v20.x",main,anonrig/remove-unused,,,,,,,,,False,,27193779,"109660, 30630, None, None"
1876155792,juanarbol,worker: do not ingore `unref` when called in `parentPort`,closed,2024-05-17T19:04:36Z,,2024-05-17T19:31:56Z,"worker, needs-ci",main,juan/53086,,,,,,,,,False,,27193779,"109660, 30630, None, None"
1876017708,legendecas,src: attach CppHeap to an v8::Isolate with isolate params,closed,2024-05-17T17:18:31Z,,2024-05-20T16:03:29Z,"c++, lib / src, needs-ci",main,cpp-heap,,,,,,,,,True,,27193779,"109660, 30630, None, None"
1874903398,nodejs-github-bot,deps: update undici to 6.17.0,closed,2024-05-17T07:25:52Z,2024-05-20T13:05:50Z,2024-05-20T13:05:50Z,"lib / src, needs-ci, dependencies, commit-queue-squash",main,actions/tools-update-undici,,,,,,,,,False,,27193779,"109660, 30630, None, None"
1874561914,anonrig,cli: add `NODE_RUN_SCRIPT_NAME` env to `node --run`,closed,2024-05-17T01:15:11Z,2024-05-19T01:37:25Z,2024-05-19T01:37:25Z,"c++, semver-minor, author ready, needs-ci, backport-blocked-v20.x",main,add-node-lifecycle-event,,,,,,,"mcollina, jasnell, tniessen, joyeecheung, legendecas",,False,,27193779,"109660, 30630, None, None"
1874262328,DanielBelz1997,add Daniel-Belz to Contributors list,closed,2024-05-16T20:35:01Z,,2024-05-16T20:46:13Z,invalid,main,add-Daniel-Belz,,,,,,,,,False,,27193779,"109660, 30630, None, None"
1874074159,theanarkh,src: fix execArgv in worker,closed,2024-05-16T18:33:35Z,2024-05-23T15:27:50Z,2024-05-23T15:27:50Z,"c++, author ready, worker, needs-ci",main,fix_exec_argv_in_worker,,,,,,,,,False,,27193779,"109660, 30630, None, None"
1873849094,richardlau,v18.20.3 proposal,closed,2024-05-16T16:21:27Z,2024-05-21T11:54:50Z,2024-05-21T11:54:50Z,"doc, build, meta, cares, needs-ci, dependencies, v18.x",v18.x,v18.20.3-proposal,,,,,,,,,False,,27193779,"109660, 30630, None, None"
1873774435,priyansh20005,Update koshtiji.md,closed,2024-05-16T15:44:39Z,,2024-05-16T15:47:16Z,invalid,main,main,,,,,,,,,False,,27193779,"109660, 30630, None, None"
1873773583,marco-ippolito,crypto: move Hmac and Hash constructor to eol,closed,2024-05-16T15:44:11Z,,2024-05-18T12:30:30Z,"crypto, semver-major, deprecations, needs-ci, needs-citgm",main,chore/eol-hmac-constructor,,,,,,,,,False,,27193779,"109660, 30630, None, None"
1873237648,avivkeller,build: support `lint-md-fix`,closed,2024-05-16T11:35:10Z,,2024-05-21T00:20:40Z,"build, author ready, needs-ci",main,patch-30,,,,,,,,,False,,27193779,"109660, 30630, None, None"
1873216249,zeeqko,tools: move webcrypto into no-restricted-properties,closed,2024-05-16T11:24:16Z,2024-05-30T20:55:02Z,2024-05-30T20:55:02Z,"tools, author ready, needs-ci, dont-land-on-v20.x",main,eslint-rule-update-no-restricted-properties,,,,,,,,,False,,27193779,"109660, 30630, None, None"
1872975895,nicolo-ribaudo,"Revert ""src: make sure pass the `argv` to worker threads""",closed,2024-05-16T09:37:02Z,,2024-05-22T13:14:33Z,"c++, worker, needs-ci, revert",main,fix-22.2-worker-regression,,,,,,,,,False,,27193779,"109660, 30630, None, None"
1872869592,lpinca,test: add AbortController to knownGlobals,closed,2024-05-16T08:44:24Z,2024-05-18T08:50:48Z,2024-05-18T08:50:48Z,"test, author ready, needs-ci",main,fix/todo,,,,,,,,,False,,27193779,"109660, 30630, None, None"
1872808826,lpinca,test: remove timers from test-tls-socket-close,closed,2024-05-16T08:16:52Z,2024-05-23T11:51:40Z,2024-05-23T11:51:40Z,"test, author ready, needs-ci",main,remove/timers-from-test-tls-socket-close,,,,,,,,,False,,27193779,"109660, 30630, None, None"
1872231126,kansas1295,Circleci project setup,closed,2024-05-15T23:46:46Z,,2024-05-15T23:49:40Z,invalid,main,circleci-project-setup,,,,,,,,,False,,27193779,"109660, 30630, None, None"
1872212581,flakey5,tools: upload shasums `dist-staging` bucket on release,closed,2024-05-15T23:29:22Z,,2024-05-15T23:34:22Z,tools,main,flakey5/20240515/staging-bucket,,,,,,,,,False,,27193779,"109660, 30630, None, None"
1872188476,avivkeller,module: prevent `format` from being set to `null` internaly,closed,2024-05-15T23:00:16Z,,2024-06-08T10:56:07Z,"esm, needs-ci, commit-queue-squash",main,never-null-format,,,,,,,,,False,,27193779,"109660, 30630, None, None"
1872163162,npm-cli-bot,deps: upgrade npm to 10.8.0,closed,2024-05-15T22:37:12Z,2024-05-16T12:38:49Z,2024-05-16T12:38:49Z,"npm, fast-track, needs-ci",main,npm-v10.8.0-main,,,,,,,,,False,,27193779,"109660, 30630, None, None"
1872108531,avivkeller,module: ensure `format` is never `null` with `experimental-detect-module`,closed,2024-05-15T21:53:01Z,,2024-05-15T22:42:18Z,"module, esm, needs-ci, loaders",main,never-null-format,,,,,,,aduh95,,True,,27193779,"109660, 30630, None, None"
1872051212,avivkeller,module: ensure `format` is never `null`,closed,2024-05-15T21:05:08Z,,2024-05-15T21:32:33Z,"module, esm, needs-ci, loaders",main,never-null-format,,,,,,,,,False,,27193779,"109660, 30630, None, None"
1871483508,RafaelGSS,doc: add Marco Ippolito to TSC,closed,2024-05-15T15:18:57Z,2024-05-15T19:51:14Z,2024-05-15T19:51:14Z,"doc, notable-change, fast-track, author ready",main,add-marco-to-tsc,,,,,,,,,False,,27193779,"109660, 30630, None, None"
1871383736,jakecastelli,doc: improve ninja build for --built-in-modules-path,closed,2024-05-15T14:30:19Z,2024-05-17T14:39:45Z,2024-05-17T14:39:45Z,"doc, author ready, commit-queue-squash",main,ninja-build-builtin-modules-path,,,,,,,,,False,,27193779,"109660, 30630, None, None"
1871372296,dygabo,doc: clarify options for single customization hooks thread,closed,2024-05-15T14:24:41Z,,2024-06-03T11:23:49Z,"doc, module, worker, loaders",main,doc-update-envargs-worker,,,,,,,,,False,,27193779,"109660, 30630, None, None"
1871350982,jakecastelli,doc: deprecate NaN or negative number as delay to setTimeout and setInterval,closed,2024-05-15T14:14:17Z,,2024-06-27T11:45:13Z,"doc, timers, notable-change, tsc-agenda, deprecations, commit-queue-squash",main,doc-deprecate-invalid-value,,,,,,,,,False,,27193779,"109660, 30630, None, None"
1871276570,zcbenz,"build: set ""clang"" in config.gypi in GN build",closed,2024-05-15T13:46:25Z,2024-05-20T01:51:14Z,2024-05-20T01:51:14Z,tools,main,gn-config-gypi-clang,,,,,,,,,False,,27193779,"109660, 30630, None, None"
1871167410,StefanStojanovic,[WIP] Fix ClangCL ARM64 cross-compilation,closed,2024-05-15T13:07:40Z,,2024-09-11T14:02:25Z,"v8 engine, tools, i18n-api, needs-ci, dependencies, icu",main,mefi-clang-cl-arm64,,,,,,,,,True,,27193779,"109660, 30630, None, None"
1871086453,tniessen,tls: fix negative sessionTimeout handling,closed,2024-05-15T12:28:12Z,2024-05-18T00:26:11Z,2024-05-18T00:26:11Z,"tls, crypto, c++, openssl, author ready, needs-ci, review wanted",main,tls-sessiontimeout-not-negative,,,,,,,,,False,,27193779,"109660, 30630, None, None"
1870994470,avivkeller,cli: allow `--test-[name/skip]-pattern` in `NODE_OPTIONS`,closed,2024-05-15T11:41:11Z,2024-08-16T12:58:39Z,2024-08-16T12:58:39Z,"c++, cli, needs-ci, test_runner, dont-land-on-v20.x",main,patch-29,,,,,,,,,False,,27193779,"109660, 30630, None, None"
1870589824,MoLow,test_runner: avoid error when coverage line not found,closed,2024-05-15T08:39:34Z,2024-05-17T08:46:52Z,2024-05-17T08:46:52Z,"author ready, needs-ci, test_runner",main,coverage-dont-throw-if-line-not-found,,,,,,,,,False,,27193779,"109660, 30630, None, None"
1870515588,targos,"lib,doc: replace references to import assertions",closed,2024-05-15T07:57:49Z,2024-05-17T08:07:48Z,2024-05-17T08:07:48Z,"doc, esm, author ready, needs-ci, loaders, dont-land-on-v18.x, dont-land-on-v20.x",main,assertions,,,,,,,,,False,,27193779,"109660, 30630, None, None"
1870503031,targos,src: replace deprecated GetImportAssertions V8 API,closed,2024-05-15T07:50:03Z,2024-05-18T13:32:20Z,2024-05-18T13:32:20Z,"c++, needs-ci, dont-land-on-v18.x, dont-land-on-v20.x",main,GetImportAttributes,,,,,,,,,False,,27193779,"109660, 30630, None, None"
1870447238,targos,src: remove calls to recently deprecated V8 APIs,closed,2024-05-15T07:17:06Z,,2024-05-19T09:12:43Z,"c++, vm, author ready, needs-ci, commit-queue-rebase, dont-land-on-v18.x, dont-land-on-v20.x",main,v8-deprecated-script-origin,,,,,,,,,False,,27193779,"109660, 30630, None, None"
1870075427,dfperry5,doc: specify no results reported with lcov reporter,closed,2024-05-15T01:00:09Z,,2024-05-15T01:01:03Z,"doc, test_runner",main,Issue-52670-lcov-reporter-documentation-update,,,,,,,,,False,,27193779,"109660, 30630, None, None"
1869967143,tniessen,buffer: make compare/equals faster,closed,2024-05-14T22:37:26Z,2024-05-16T22:47:12Z,2024-05-16T22:47:12Z,"buffer, c++, performance, author ready, needs-ci, dont-land-on-v20.x",main,buffer-fast-compare,,,,,,,,,False,,27193779,"109660, 30630, None, None"
1869894180,gitspeaks,Clarify behavior of require('http') and require('node:http') with existing require.cache entries,closed,2024-05-14T21:30:58Z,,2024-05-15T16:42:51Z,"doc, module",main,node-core-doc,,,,,,,,,False,,27193779,"109660, 30630, None, None"
1869846999,avivkeller,test: update ESM loader hooks to allow ambiguous format,closed,2024-05-14T20:49:12Z,,2024-05-15T16:10:57Z,"test, esm, needs-ci, loaders",main,patch-28,,,,,,,,,False,,27193779,"109660, 30630, None, None"
1869798012,avivkeller,module: default to commonjs when format cannot be detected,closed,2024-05-14T20:11:16Z,,2024-05-14T20:46:07Z,"module, esm, needs-ci",main,patch-28,,,,,,,,,True,,27193779,"109660, 30630, None, None"
1869690476,mbhatt1,Match upstream?,closed,2024-05-14T19:17:58Z,,2024-05-14T19:21:55Z,"v8 engine, needs-ci",main,patch-1,,,,,,,,,False,,27193779,"109660, 30630, None, None"
1869631071,mertcanaltin,node-api: add support for UTF-8 and Latin-1 property keys,closed,2024-05-14T18:50:26Z,,2024-09-13T20:02:12Z,"c++, node-api, author ready, needs-ci, commit-queue-failed, commit-queue-squash",main,dev-52979,,,,,,,"Trott, gabrielschulhof, anonrig, joyeecheung",,False,,27193779,"109660, 30630, None, None"
1869577990,rithvikvibhu,dns: add TLSA record query support,open,2024-05-14T18:28:18Z,,,"c++, dns, semver-minor, lib / src, needs-ci, commit-queue-squash",main,dns-tlsa,,,,,,,,,False,,27193779,"109660, 30630, None, None"
1869310510,deokjinkim,doc: remove unavailable youtube link in pull requests,closed,2024-05-14T15:34:06Z,2024-05-16T15:44:13Z,2024-05-16T15:44:13Z,"doc, author ready",main,240515_remove_unavailable_youtube_link,,,,,,,,,False,,27193779,"109660, 30630, None, None"
1869170100,avivkeller,doc: add links to security steward companies,closed,2024-05-14T14:28:46Z,2024-08-06T07:51:07Z,2024-08-06T07:51:07Z,doc,main,patch-27,,,,,,,benjamingr,,False,,27193779,"109660, 30630, None, None"
1868546174,nodejs-github-bot,deps: patch V8 to 12.4.254.17,closed,2024-05-14T09:41:53Z,2024-05-18T13:42:31Z,2024-05-18T13:42:31Z,"v8 engine, needs-ci, dont-land-on-v20.x",main,actions/update-v8-patch,,,,,,,,,False,,27193779,"109660, 30630, None, None"
1868220813,A19890, العقدة,closed,2024-05-14T06:58:45Z,,2024-05-14T07:22:12Z,invalid,main,main,,,,,,,,,False,,27193779,"109660, 30630, None, None"
1867745676,tniessen,src: convert all endian checks to constexpr,closed,2024-05-14T00:01:31Z,2024-05-25T09:04:21Z,2024-05-25T09:04:21Z,"c++, lib / src, author ready, needs-ci, dont-land-on-v18.x, dont-land-on-v20.x",main,src-cpp20-endian,,,,,,,,,False,,27193779,"109660, 30630, None, None"
1867639876,tniessen,src: improve node::Dotenv declarations,closed,2024-05-13T22:20:12Z,2024-05-16T19:33:17Z,2024-05-16T19:33:18Z,"c++, author ready, needs-ci, dotenv",main,src-dotenv-cleanup,,,,,,,,,False,,27193779,"109660, 30630, None, None"
1867251846,targos,v22.2.0 release proposal,closed,2024-05-13T18:24:38Z,2024-05-15T19:19:57Z,2024-05-15T19:19:57Z,"release, v22.x",v22.x,v22.2.0-proposal,,,,,,,,,False,,27193779,"109660, 30630, None, None"
1866964388,deokjinkim,doc: add missing supported timer values in `timers.enable()`,closed,2024-05-13T15:57:00Z,2024-05-15T16:02:33Z,2024-05-15T16:02:33Z,"doc, author ready, test_runner",main,240514_add_missing_supported_timer_values_in_timers,,,,,,,,,False,,27193779,"109660, 30630, None, None"
1866839428,Shehroz618,Update README.md,closed,2024-05-13T14:52:27Z,,2024-05-13T14:53:32Z,invalid,main,main,,,,,,,,,False,,27193779,"109660, 30630, None, None"
1866071094,nodejs-github-bot,deps: update nghttp2 to 1.62.1,closed,2024-05-13T08:54:05Z,,2024-06-06T14:30:27Z,"http2, needs-ci, dependencies, commit-queue-rebase, dont-land-on-v18.x, dont-land-on-v20.x",main,actions/tools-update-nghttp2,,,,,,,,,False,,27193779,"109660, 30630, None, None"
1865390763,avivkeller,repl: integrate experimental repl,closed,2024-05-12T18:20:42Z,,2024-06-24T14:24:02Z,"repl, lib / src, experimental, needs-ci, review wanted",main,exp-repl-integrate,,,,,,,"aduh95, atlowChemi",,False,,27193779,"109660, 30630, None, None"
1865248576,marco-ippolito,doc: remove reference to AUTHORS file,closed,2024-05-12T10:28:35Z,2024-05-14T10:35:52Z,2024-05-14T10:35:52Z,"doc, author ready",main,remove-authors,,,,,,,,,False,,27193779,"109660, 30630, None, None"
1865243858,aduh95,test: mark `test-net-write-fully-async-buffer` as flaky,open,2024-05-12T10:10:41Z,,,"test, needs-ci, commit-queue-squash",main,test-net-write-fully-async-buffer-flaky,,,,,,,,,False,,27193779,"109660, 30630, None, None"
1865232356,targos,tools: fix v8-update workflow,closed,2024-05-12T09:27:35Z,2024-05-14T09:36:56Z,2024-05-14T09:36:57Z,"meta, author ready",main,test-v8-patch,,,,,,,,,False,,27193779,"109660, 30630, None, None"
1865215388,aduh95,test: mark `test-benchmark-crypto` as flaky,closed,2024-05-12T08:53:47Z,,2024-06-30T06:10:10Z,"test, author ready, needs-ci, review wanted",main,test-benchmark-crypto-flaky,,,,,,,,,False,,27193779,"109660, 30630, None, None"
1865207419,MoLow,test_runner: fix watch mode race condition,closed,2024-05-12T08:22:48Z,2024-05-14T08:31:02Z,2024-05-14T08:31:02Z,"author ready, needs-ci, test_runner",main,fix-test-runner-watch-mode,,,,,,,aduh95,,False,,27193779,"109660, 30630, None, None"
1865141997,KhafraDev,lib: speed up MessageEvent creation internally,closed,2024-05-12T02:53:03Z,2024-06-16T03:40:30Z,2024-06-16T03:40:30Z,"author ready, worker, needs-ci, commit-queue-squash, dont-land-on-v20.x",main,use-fast-create-messageevent,,,,,,,,,False,,27193779,"109660, 30630, None, None"
1865117262,nodejs-github-bot,tools: update eslint to 9.4.0,closed,2024-05-12T00:29:50Z,,2024-06-03T11:10:30Z,tools,main,actions/tools-update-eslint,,,,,,,,,True,,27193779,"109660, 30630, None, None"
1865116994,nodejs-github-bot,deps: update googletest to fa6de7f,closed,2024-05-12T00:28:19Z,2024-05-14T00:46:06Z,2024-05-14T00:46:06Z,"test, author ready, needs-ci, dependencies",main,actions/tools-update-googletest,,,,,,,,,False,,27193779,"109660, 30630, None, None"
1865116865,nodejs-github-bot,deps: update undici to 6.16.1,closed,2024-05-12T00:27:37Z,2024-05-14T00:45:58Z,2024-05-14T00:45:58Z,"lib / src, author ready, needs-ci, dependencies",main,actions/tools-update-undici,,,,,,,,,False,,27193779,"109660, 30630, None, None"
1865116801,nodejs-github-bot,deps: update simdjson to 3.9.2,closed,2024-05-12T00:27:15Z,2024-05-14T00:45:50Z,2024-05-14T00:45:50Z,"author ready, needs-ci, dependencies, backport-blocked-v20.x",main,actions/tools-update-simdjson,,,,,,,,,False,,27193779,"109660, 30630, None, None"
1865116759,nodejs-github-bot,deps: update corepack to 0.28.1,closed,2024-05-12T00:27:03Z,2024-05-14T00:45:43Z,2024-05-14T00:45:43Z,"author ready, needs-ci, dependencies, backported-to-v18.x",main,actions/tools-update-corepack,,,,,,,,,False,,27193779,"109660, 30630, None, None"
1864987280,avivkeller,cli: add OpenJSF slack to man-page,closed,2024-05-11T15:00:11Z,,2024-06-05T14:03:58Z,doc,main,patch-26,,,,,,,,,False,,27193779,"109660, 30630, None, None"
1864961974,avivkeller,net: support `0` in IPv4 address,closed,2024-05-11T13:41:42Z,,2024-05-20T22:07:54Z,"net, needs-ci",main,patch-25,,,,,,,,,False,,27193779,"109660, 30630, None, None"
1864803892,mcollina,tools: add --certify-safe to ncu-ci,closed,2024-05-11T06:38:55Z,2024-05-12T06:33:11Z,2024-05-12T06:33:11Z,"tools, tsc-agenda, fast-track",main,add-certify-safe,,,,,,,aduh95,,False,,27193779,"109660, 30630, None, None"
1864558410,avivkeller,doc: specify that preloaded modules affect subprocesses,closed,2024-05-10T21:27:48Z,2024-09-04T19:55:17Z,2024-09-04T19:55:17Z,"doc, cli, review wanted, loaders, dont-land-on-v20.x",main,patch-23,,,,,,,,,False,,27193779,"109660, 30630, None, None"
1864379885,crawford,tools: support rewriting links in code blocks,closed,2024-05-10T18:48:13Z,,2024-08-28T13:54:22Z,"doc, tools",main,links-in-code-blocks,,,,,,,,,False,,27193779,"109660, 30630, None, None"
1864379368,crawford,doc: mention quicker way to build docs,closed,2024-05-10T18:47:53Z,2024-05-12T18:54:03Z,2024-05-12T18:54:03Z,"doc, author ready",main,make-doc-only,,,,,,,,,False,,27193779,"109660, 30630, None, None"
1863907936,anonrig,meta: move `@anonrig` to TSC regular member,closed,2024-05-10T13:10:37Z,2024-05-11T18:56:52Z,2024-05-11T18:56:52Z,"doc, meta, fast-track, author ready",main,move-anonrig-to-regular,,,,,,,,,False,,27193779,"109660, 30630, None, None"
1863017316,avivkeller,meta: security hardening for github actions,closed,2024-05-10T01:07:19Z,,2024-05-10T11:40:09Z,"meta, security",main,patch-22,,,,,,,,,False,,27193779,"109660, 30630, None, None"
1862945207,kansas1295,Circleci project setup,closed,2024-05-09T23:26:27Z,,2024-05-09T23:28:16Z,,main,circleci-project-setup,,,,,,,,,False,,27193779,"109660, 30630, None, None"
1862681394,lukealbao,[v18 backport] test: add v8-updates/test-linux-perf-logger,closed,2024-05-09T19:35:48Z,,2024-05-16T15:34:49Z,"test, needs-ci, v18.x",v18.x-staging,gh-51308-add-test-linux-perf-logger-to-v18x,,,,,,,,,False,,27193779,"109660, 30630, None, None"
1862647083,lemire,"deps: enable unbundling of simdjson, simdutf, ada",closed,2024-05-09T19:07:45Z,2024-05-11T19:16:26Z,2024-05-11T19:16:26Z,"build, needs-ci, commit-queue-squash",main,make_simdutf_simdjson_ada_unbound,,,,,,,"jasnell, kvakil",,False,,27193779,"109660, 30630, None, None"
1862243887,avivkeller,doc: update styles,closed,2024-05-09T14:37:16Z,,2024-05-09T19:10:57Z,doc,main,patch-21,,,,,,,,,False,,27193779,"109660, 30630, None, None"
1862031110,avivkeller,assert: --assert-full-diff,closed,2024-05-09T12:29:45Z,,2024-09-23T19:38:19Z,"assert, c++, cli, needs-ci",main,full-assert-diff,,,,,,,,,False,,27193779,"109660, 30630, None, None"
1861520389,huseyinacacak-janea,path: fix toNamespacedPath on Windows,closed,2024-05-09T06:51:42Z,2024-05-13T13:43:16Z,2024-05-13T13:43:16Z,"path, needs-ci",main,huseyin-30224-fix-namespacedpath-inconsistency,,,,,,,,,False,,27193779,"109660, 30630, None, None"
1861285347,VoltrexKeyva,build: remove deprecated calls for argument groups,closed,2024-05-09T01:52:53Z,2024-05-11T02:03:03Z,2024-05-11T02:03:04Z,"build, author ready, needs-ci",main,rm-deprecated-calls,,,,,,,,,False,,27193779,"109660, 30630, None, None"
1861174541,avivkeller,doc: update hljs with the latest styles,closed,2024-05-08T23:03:16Z,2024-05-13T10:47:45Z,2024-05-13T10:47:45Z,"doc, commit-queue-squash",main,patch-19,,,,,,,,,False,,27193779,"109660, 30630, None, None"
1861153784,syg,src: remove ArrayBufferAllocator::Reallocate override,closed,2024-05-08T22:36:11Z,2024-06-13T13:30:53Z,2024-06-13T13:30:53Z,"c++, needs-ci",main,rm-allocate-override,,,,,,,,,False,,27193779,"109660, 30630, None, None"
1860956189,tlhunter,"doc, test: tracing channel hasSubscribers getter ",closed,2024-05-08T20:14:39Z,2024-07-24T16:48:40Z,2024-07-24T16:48:40Z,"needs-ci, diagnostics_channel",main,tlhunter/dc-tc-hassub-doc-and-test,,,,,,,,,False,,27193779,"109660, 30630, None, None"
1860769114,RafaelGSS,doc: include followTags and GPG=TTY mention,closed,2024-05-08T18:07:26Z,2024-05-12T17:20:51Z,2024-05-12T17:20:51Z,"doc, author ready, commit-queue-squash",main,doc-improve-release-process,,,,,,,,,False,,27193779,"109660, 30630, None, None"
1860752741,RafaelGSS,src: sync NODE_REPL_EXTERNAL_MODULE and kDisableNodeOptionsEnv,closed,2024-05-08T17:55:32Z,2024-05-23T18:41:55Z,2024-05-23T18:41:55Z,"c++, repl, author ready, needs-ci, commit-queue-squash",main,disable-external-module,,,,,,,,,False,,27193779,"109660, 30630, None, None"
1860703670,avivkeller,[v20.x backport] test: move 'http' into subfolder,closed,2024-05-08T17:22:45Z,,2024-06-12T07:31:10Z,"test, blocked, needs-ci, v20.x",v20.x-staging,v20-backport-http-subfolder,,,,,,,,,True,,27193779,"109660, 30630, None, None"
1860594708,avivkeller,[v21.x backport] test: move http to subfolder,closed,2024-05-08T16:13:00Z,,2024-05-08T17:14:51Z,"test, blocked, needs-ci",v21.x-staging,http-subfolder-staging,,,,,,,,,False,,27193779,"109660, 30630, None, None"
1860565942,avivkeller,test: allow recursive testing,closed,2024-05-08T15:54:36Z,,2024-06-03T17:35:54Z,"test, tools, needs-ci, review wanted",main,allow-recursive-testing,,,,,,,targos,,False,,27193779,"109660, 30630, None, None"
1860555209,marco-ippolito,v20.13.1 proposal,closed,2024-05-08T15:48:01Z,2024-05-09T10:28:24Z,2024-05-09T10:28:24Z,"needs-ci, v20.x",v20.x,v20.13.1-proposal,,,,,,,,,False,,27193779,"109660, 30630, None, None"
1860446305,marco-ippolito,"[v20.x] Revert ""module: print location of unsettled top-level await in entry points""",closed,2024-05-08T14:47:45Z,,2024-05-08T14:51:19Z,"lib / src, needs-ci, v20.x",v20.x,fix-v20-revert,,,,,,,,,False,,27193779,"109660, 30630, None, None"
1860403772,marco-ippolito,"[v20.x] Revert ""tools: install npm PowerShell scripts on Windows""",closed,2024-05-08T14:26:19Z,,2024-05-08T17:57:46Z,"windows, install, build, tools, fast-track, needs-ci, v20.x",v20.x,feat/revert-npm-issue,,,,,,,,,False,,27193779,"109660, 30630, None, None"
1860276464,marco-ippolito,doc: exclude commits with baking-for-lts,closed,2024-05-08T13:27:20Z,2024-05-10T13:34:27Z,2024-05-10T13:34:27Z,"doc, author ready",main,fix/baking-for-lts,,,,,,,,,False,,27193779,"109660, 30630, None, None"
1860083562,avivkeller,doc: add logo to README,closed,2024-05-08T11:41:17Z,,2024-05-08T12:32:44Z,doc,main,patch-18,,,,,,,,,False,,27193779,"109660, 30630, None, None"
1859971048,marco-ippolito,tools: fix doc update action,closed,2024-05-08T10:33:04Z,2024-05-10T10:42:09Z,2024-05-10T10:42:09Z,"meta, author ready",main,fix-update-tools,,,,,,,,,False,,27193779,"109660, 30630, None, None"
1859933249,targos,tools: prepare custom rules for ESLint v9,closed,2024-05-08T10:11:06Z,2024-05-09T15:27:39Z,2024-05-09T15:27:39Z,"tools, fast-track, author ready, commit-queue-squash",main,eslint-rules-v9,,,,,,,,,False,,27193779,"109660, 30630, None, None"
1859757366,luyahan,tools: fix riscv64 build failed,closed,2024-05-08T08:36:43Z,2024-11-18T15:41:23Z,2024-11-18T15:41:23Z,"v8 engine, tools, needs-ci, riscv64",main,fix-failed,,,,,,,,,False,,27193779,"109660, 30630, None, None"
1859659113,targos,src: avoid unused variable 'error' warning,closed,2024-05-08T07:40:11Z,2024-05-10T07:50:20Z,2024-05-10T07:50:20Z,"c++, author ready, needs-ci, debugger, commit-queue-squash",main,debug_utils-warning,,,,,,,,,False,,27193779,"109660, 30630, None, None"
1859273027,crawford,doc: fix links to ECMAScript module resolution,closed,2024-05-08T00:57:40Z,,2024-05-10T18:48:27Z,"doc, tools, review wanted",main,doc-link-fixes,,,,,,,,,False,,27193779,"109660, 30630, None, None"
1859242784,VoltrexKeyva,build: exit on unsupported host OS for Android,closed,2024-05-08T00:11:12Z,2024-05-25T07:39:56Z,2024-05-25T07:39:57Z,"build, author ready, android",main,throw-unsup-os,,,,,,,,,False,,27193779,"109660, 30630, None, None"
1859059457,avivkeller,path: add `matchesGlob` method,closed,2024-05-07T20:58:29Z,2024-06-23T06:08:59Z,2024-06-23T06:08:59Z,"semver-minor, path, notable-change, author ready, needs-ci, commit-queue-squash, backported-to-v22.x",main,node-path-glob,,,,,,,"targos, tniessen",,False,,27193779,"109660, 30630, None, None"
1858815204,znewsham,watch: ensure watch mode detects deleted and re-added files,open,2024-05-07T18:13:33Z,,,"needs-ci, watch-mode",main,watch-rename-rewatch,,,,,,,,,False,,27193779,"109660, 30630, None, None"
1858675342,avivkeller,doc: add names next to release key bash commands,closed,2024-05-07T16:36:40Z,2024-05-09T16:46:50Z,2024-05-09T16:46:50Z,"doc, author ready",main,patch-17,,,,,,,,,False,,27193779,"109660, 30630, None, None"
1858326346,avivkeller,test: move 'http' tests into subfolder,closed,2024-05-07T13:39:55Z,,2024-06-03T16:24:13Z,"http, test, blocked, needs-ci",main,test-http-subfolder,,,,,,,targos,,False,,27193779,"109660, 30630, None, None"
1858215715,pimterry,doc: add pimterry to collaborators,closed,2024-05-07T12:44:42Z,2024-05-07T12:53:13Z,2024-05-07T12:53:13Z,"doc, notable-change, fast-track, request-ci-failed",main,add-pimterry,,,,,,,,,False,,27193779,"109660, 30630, None, None"
1858137051,targos,build: harmonize Clang checks and update V8 warning cflags,closed,2024-05-07T11:59:32Z,,2024-05-09T12:11:04Z,"zlib, build, v8 engine, tools, author ready, needs-ci, dependencies, commit-queue-rebase",main,clang-config,,,,,,,,,False,,27193779,"109660, 30630, None, None"
1857739980,MoLow,[v20.x backport]  test_runner: support source mapped test locations,closed,2024-05-07T08:37:59Z,,2024-05-17T14:30:17Z,"needs-ci, test_runner, v20.x",v20.x-staging,test-runner-v20-backports,,,,,,,,,False,,27193779,"109660, 30630, None, None"
1857470004,targos,build: add option to enable clang-cl on Windows,closed,2024-05-07T05:49:01Z,2024-05-13T19:05:05Z,2024-05-13T19:05:05Z,"build, meta, needs-ci, dont-land-on-v20.x",main,clang-cl-v2,,,,,,,,,False,,27193779,"109660, 30630, None, None"
1857271629,lukealbao,test: unskip v8-updates/test-linux-perf-logger,closed,2024-05-07T01:44:38Z,,2024-05-29T13:11:35Z,"test, needs-ci, dont-land-on-v18.x, dont-land-on-v20.x",main,gh-51308-mainline,,,,,,,,,False,,27193779,"109660, 30630, None, None"
1857170531,joyeecheung,module: cache synchronous module jobs before linking,closed,2024-05-07T00:17:39Z,,2024-05-09T00:25:17Z,"esm, author ready, needs-ci, commit-queue-rebase, backport-open-v20.x",main,fix-cjs-esm-esm,,,,,,,,,False,,27193779,"109660, 30630, None, None"
1857070535,anonrig,build: improve makefile to be os agnostic,closed,2024-05-06T22:13:56Z,,2024-06-12T23:08:22Z,"build, needs-ci",main,fix-windows-makefile,,,,,,,"mcollina, jasnell, targos, richardlau",,False,,27193779,"109660, 30630, None, None"
1856835801,mhdawson,deps: update uvwasi to 0.0.21,closed,2024-05-06T19:39:55Z,,2024-05-08T19:43:28Z,"needs-ci, wasi",main,uvwasi-update,,,,,,,,,False,,27193779,"109660, 30630, None, None"
1856600171,avivkeller,doc: add note about `--expose-internals`,closed,2024-05-06T17:15:08Z,2024-09-23T20:22:45Z,2024-09-23T20:22:45Z,"doc, meta, author ready, commit-queue-squash",main,patch-16,,,,,,,,,False,,27193779,"109660, 30630, None, None"
1856463741,marco-ippolito,test_runner: support test plans,closed,2024-05-06T15:49:41Z,2024-05-09T09:48:14Z,2024-05-09T09:48:14Z,"semver-minor, author ready, needs-ci, commit-queue-squash, test_runner",main,feat/test-plan,,,,,,,,,False,,27193779,"109660, 30630, None, None"
1856445228,avivkeller,test: move parallels into subfolders,closed,2024-05-06T15:38:22Z,,2024-05-07T10:35:54Z,"discuss, test, needs-ci",main,organized-parallels,,,,,,,,,False,,27193779,"109660, 30630, None, None"
1856400408,avivkeller,meta: add module label for the lib/internal/modules folder,closed,2024-05-06T15:19:36Z,2024-08-06T18:34:11Z,2024-08-06T18:34:11Z,"module, meta, commit-queue-squash",main,patch-15,,,,,,,,,False,,27193779,"109660, 30630, None, None"
1856161371,mhdawson,Ambassador program,closed,2024-05-06T13:13:47Z,,2024-06-13T13:54:04Z,"doc, tsc-agenda",main,ambassador-program,,,,,,,,,False,,27193779,"109660, 30630, None, None"
1856136816,zcbenz,build: drop base64 dep in GN build,closed,2024-05-06T12:59:46Z,2024-05-08T01:43:26Z,2024-05-08T01:43:26Z,"fast-track, author ready",main,base64-dep,,,,,,,,,False,,27193779,"109660, 30630, None, None"
1856021026,legendecas,test: skip unstable shadow realm gc tests,closed,2024-05-06T11:50:09Z,2024-05-08T21:41:40Z,2024-05-08T21:41:40Z,"test, needs-ci",main,test/shadowrealm,,,,,,,,,False,,27193779,"109660, 30630, None, None"
1855808839,akshatinnobitsystems,Update README.md,closed,2024-05-06T09:40:14Z,,2024-05-06T10:06:37Z,"invalid, doc",main,main,,,,,,,,,False,,27193779,"109660, 30630, None, None"
1855429985,targos,doc: update BUILDING.md previous versions links,closed,2024-05-06T04:57:03Z,2024-05-06T12:30:21Z,2024-05-06T12:30:21Z,"doc, build, fast-track, author ready, dont-land-on-v18.x, dont-land-on-v20.x",main,update-previous,,,,,,,,,False,,27193779,"109660, 30630, None, None"
1855199603,avivkeller,doc: make root markdown files uppercase,closed,2024-05-05T22:35:17Z,,2024-05-11T01:40:41Z,doc,main,patch-2,,,,,,,,,False,,27193779,"109660, 30630, None, None"
1855142049,avivkeller,module: move `require` calls to lazy loading,closed,2024-05-05T19:37:18Z,,2024-05-05T20:42:44Z,"module, needs-ci, needs-benchmark-ci",main,patch-15,,,,,,,,,False,,27193779,"109660, 30630, None, None"
1855105436,cjihrig,test_runner: support module mocking,closed,2024-05-05T17:52:41Z,2024-05-19T05:09:09Z,2024-05-19T05:09:09Z,"c++, semver-minor, lib / src, author ready, commit-queue-squash",main,mock-new,,,,,,,MoLow,,False,,27193779,"109660, 30630, None, None"
1855028130,nodejs-github-bot,deps: patch V8 to 12.4.254.16,closed,2024-05-05T14:12:23Z,,2024-05-14T09:40:45Z,"v8 engine, needs-ci",main,actions/update-v8-patch,,,,,,,,,False,,27193779,"109660, 30630, None, None"
1855022751,aduh95,tools: specify a commit-message for V8 update workflow,closed,2024-05-05T13:56:10Z,2024-05-05T14:09:27Z,2024-05-05T14:09:27Z,"meta, fast-track, author ready",main,v8-auto-update,,,,,,,,,False,,27193779,"109660, 30630, None, None"
1855021540,aduh95,tools: update `gr2m/create-or-update-pull-request-action`,closed,2024-05-05T13:52:15Z,2024-05-07T13:54:21Z,2024-05-07T13:54:21Z,"meta, author ready",main,update-create-pr-action,,,,,,,,,False,,27193779,"109660, 30630, None, None"
1855011192,benjamingr,doc: document watermark string behavior,closed,2024-05-05T13:20:33Z,2024-05-10T17:58:40Z,2024-05-10T17:58:40Z,"doc, stream, author ready",main,stream-string-length,,,,,,,,,False,,27193779,"109660, 30630, None, None"
1854977746,targos,tools: use sccache GitHub action,closed,2024-05-05T11:45:39Z,2024-05-06T07:59:18Z,2024-05-06T07:59:18Z,"meta, fast-track, author ready, commit-queue-squash",main,sccache,,,,,,,,,False,,27193779,"109660, 30630, None, None"
1854922544,targos,[v22.x] build: compile with C++20 support,closed,2024-05-05T09:26:34Z,,2024-05-08T07:02:17Z,"build, tools, needs-ci, gyp, dont-land-on-v18.x, dont-land-on-v20.x, v22.x",v22.x-staging,c++20-node22,,,,,,,,,False,,27193779,"109660, 30630, None, None"
1854801287,avivkeller,fs: allow 'withFileTypes' to be used with globs,closed,2024-05-05T01:04:17Z,2024-05-07T11:12:42Z,2024-05-07T11:12:42Z,"fs, semver-minor, author ready, needs-ci, commit-queue-squash, dont-land-on-v18.x, dont-land-on-v20.x",main,withfiletypes-glob,,,,,,,,,False,,27193779,"109660, 30630, None, None"
1854791462,nodejs-github-bot,tools: update lint-md-dependencies to rollup@4.17.2,closed,2024-05-05T00:26:30Z,2024-05-08T09:44:35Z,2024-05-08T09:44:35Z,"tools, author ready",main,actions/tools-update-lint-md-dependencies,,,,,,,,,False,,27193779,"109660, 30630, None, None"
1854791311,nodejs-github-bot,tools: update gyp-next to 0.18.0,closed,2024-05-05T00:26:15Z,,2024-05-09T20:20:16Z,"build, tools, needs-ci, gyp, commit-queue-rebase, dont-land-on-v20.x",main,actions/tools-update-gyp-next,,,,,,,,,False,,27193779,"109660, 30630, None, None"
1854791293,nodejs-github-bot,deps: update uvwasi to 0.0.21,closed,2024-05-05T00:26:10Z,,2024-05-06T19:40:52Z,"needs-ci, wasi, dependencies",main,actions/tools-update-uvwasi,,,,,,,,,False,,27193779,"109660, 30630, None, None"
1854666187,avivkeller,meta: add checklists to the pull-request template,closed,2024-05-04T15:50:05Z,,2024-08-23T18:49:30Z,meta,main,patch-14,,,,,,,,,False,,27193779,"109660, 30630, None, None"
1854650656,avivkeller,url: improve isURL performance by adding a typecheck,closed,2024-05-04T15:12:30Z,,2024-08-23T18:49:00Z,"whatwg-url, needs-ci, needs-benchmark-ci",main,patch-13,,,,,,,,,False,,27193779,"109660, 30630, None, None"
1854446991,theanarkh,dgram: do not call callback if socket is closed,closed,2024-05-04T07:58:48Z,2024-05-23T20:32:25Z,2024-05-23T20:32:25Z,"dgram, author ready, needs-ci, commit-queue-failed",main,dont-emit-error-after-close-handle,,,,,,,,,False,,27193779,"109660, 30630, None, None"
1854401975,lpinca,stream: use Buffer.byteLength() to get the string length,closed,2024-05-04T05:49:02Z,,2024-05-05T10:47:41Z,"stream, needs-ci, needs-benchmark-ci",main,fix/issue-52818,,,,,,,,,False,,27193779,"109660, 30630, None, None"
1854382481,theanarkh,src: make sure pass the cli_options to worker,closed,2024-05-04T05:18:57Z,2024-05-12T07:46:28Z,2024-05-12T07:46:29Z,"c++, author ready, worker, needs-ci, dont-land-on-v18.x",main,fix_worker_options,,,,,,,,,False,,27193779,"109660, 30630, None, None"
1853799569,avivkeller,deps: vendor emphasize,closed,2024-05-03T17:00:17Z,,2024-05-09T22:21:00Z,"build, meta, tools, needs-ci, dependencies",main,vendor-emphasize,,,,,,,,,False,,27193779,"109660, 30630, None, None"
1853681988,mhdawson,quic: address coverity warning,closed,2024-05-03T15:48:29Z,,2024-05-10T14:16:43Z,"c++, author ready, needs-ci, quic, dont-land-on-v20.x",main,coverity-52,,,,,,,,,False,,27193779,"109660, 30630, None, None"
1853426395,aduh95,tools: fix V8 update workflow,closed,2024-05-03T13:15:23Z,2024-05-05T13:21:58Z,2024-05-05T13:21:58Z,"tools, author ready, commit-queue-squash",main,v8-auto-update,,,,,,,,,False,,27193779,"109660, 30630, None, None"
1853343115,targos,test: skip v8-updates/test-linux-perf-logger,closed,2024-05-03T12:21:49Z,2024-05-05T12:25:45Z,2024-05-05T12:25:45Z,"test, needs-ci",main,targos-patch-1,,,,,,,,,False,,27193779,"109660, 30630, None, None"
1853291084,SimonSiefke,src: fix typo Unabled -> Unable,closed,2024-05-03T11:45:29Z,2024-05-11T09:31:06Z,2024-05-11T09:31:06Z,"c++, author ready, needs-ci",main,patch-1,,,,,,,,,False,,27193779,"109660, 30630, None, None"
1853284155,targos,build: compile with C++20 support when using Clang,closed,2024-05-03T11:40:20Z,,2024-05-04T05:06:38Z,"wip, semver-major, build, needs-ci",main,c++20-clang,,,,,,,,,False,,27193779,"109660, 30630, None, None"
1853096004,MoLow,stream: fix `flatMap` concurrency,open,2024-05-03T09:33:05Z,,,"stream, needs-ci",main,fix-flat-map-concurrency,,,,,,,,,True,,27193779,"109660, 30630, None, None"
1853027233,ronag,src: bump assumed hwm,open,2024-05-03T08:44:49Z,,,"c++, needs-ci",main,write-string,,,,,,,,,True,,27193779,"109660, 30630, None, None"
1852685490,avivkeller,doc: add 'not recommended' blockquotes,closed,2024-05-03T03:25:42Z,,2024-05-10T23:08:05Z,"doc, tools",main,warning-blockquotes,,,,,,,tniessen,,False,,27193779,"109660, 30630, None, None"
1852670027,avivkeller,doc: add censor notice for the use of some words,closed,2024-05-03T02:58:36Z,,2024-05-04T10:52:25Z,"doc, deprecations",main,patch-13,,,,,,,,,False,,27193779,"109660, 30630, None, None"
1852419731,anonrig,test: add env variable test for --run,closed,2024-05-02T21:25:19Z,2024-05-04T21:27:05Z,2024-05-04T21:27:05Z,"test, author ready, needs-ci, backport-blocked-v20.x",main,run-script-add-missing-test,,,,,,,,,False,,27193779,"109660, 30630, None, None"
1852386518,anonrig,src: fix positional args in task runner,closed,2024-05-02T21:08:21Z,2024-05-08T11:37:08Z,2024-05-08T11:37:08Z,"c++, author ready, needs-ci, commit-queue-squash, backport-blocked-v20.x",main,fix-positional-args,,,,,,,"addaleax, joyeecheung",,False,,27193779,"109660, 30630, None, None"
1852274672,ghost,doc: fix grammatical mistake,closed,2024-05-02T19:50:24Z,2024-05-03T13:30:10Z,2024-05-03T13:30:10Z,"doc, fast-track, author ready",main,patch-1,,,,,,,,,False,,27193779,"109660, 30630, None, None"
1852173519,ghost,doc: fix small grammatical mistake,closed,2024-05-02T18:51:21Z,,2024-05-02T19:46:03Z,doc,main,patch-1,,,,,,,,,False,,27193779,"109660, 30630, None, None"
1851908773,richardlau,deps: V8: cherry-pick f6bef09b3b0a,closed,2024-05-02T16:28:00Z,2024-05-03T13:30:02Z,2024-05-03T13:30:02Z,"build, v8 engine, fast-track, needs-ci, dont-land-on-v18.x, dont-land-on-v20.x",main,v8ci_ppc64le,,,,,,,,,False,,27193779,"109660, 30630, None, None"
1851894126,Whitecx,doc: add Buffer.from(string) to functions that use buffer pool,closed,2024-05-02T16:20:54Z,2024-06-14T12:27:01Z,2024-06-14T12:27:01Z,"buffer, doc",main,update-buffer-pool-docs,,,,,,,,,False,,27193779,"109660, 30630, None, None"
1851666312,avivkeller,doc: add more definitions to GLOSSARY.md,closed,2024-05-02T14:30:56Z,2024-05-05T22:30:31Z,2024-05-05T22:30:31Z,"doc, meta, author ready, commit-queue-squash",main,patch-2,,,,,,,VoltrexKeyva,,False,,27193779,"109660, 30630, None, None"
1851156452,legendecas,meta: add mailmap entry for legendecas,closed,2024-05-02T10:18:33Z,2024-05-04T10:26:26Z,2024-05-04T10:26:26Z,"meta, author ready",main,my-mailmap,,,,,,,,,False,,27193779,"109660, 30630, None, None"
1851156145,legendecas,build: define `NOMINMAX` in common.gypi,closed,2024-05-02T10:18:21Z,2024-05-04T13:55:07Z,2024-05-04T13:55:07Z,"build, needs-ci, dont-land-on-v20.x",main,addon/minmax,,,,,,,,,False,,27193779,"109660, 30630, None, None"
1851077312,marco-ippolito,v20.13.0 proposal,closed,2024-05-02T09:32:32Z,2024-05-07T15:10:10Z,2024-05-07T15:10:10Z,"needs-ci, release, v20.x",v20.x,v20.13.0-proposal,,,,,,,,,False,,27193779,"109660, 30630, None, None"
1851033590,MoLow,test_runner: preserve hook promise when executed twice,closed,2024-05-02T09:07:06Z,2024-05-04T22:55:50Z,2024-05-04T22:55:50Z,"util, needs-ci, test_runner",main,preserve-hook-result,,,,,,,,,False,,27193779,"109660, 30630, None, None"
1850877747,Whitecx,doc: added Buffer.from(string) to functions that use buffer pool,closed,2024-05-02T07:32:50Z,,2024-05-02T15:53:25Z,"buffer, doc",main,correct-buffer-pool-docs,,,,,,,,,False,,27193779,"109660, 30630, None, None"
1850361637,avivkeller,fs: add support for minimatch overrides,closed,2024-05-01T21:33:30Z,,2024-05-02T12:01:41Z,"fs, needs-ci",main,fs-minimatch,,,,,,,,,False,,27193779,"109660, 30630, None, None"
1850150344,avivkeller,build: rewrite makefile in python,closed,2024-05-01T18:48:23Z,,2024-05-06T17:51:05Z,"doc, windows, discuss, build, meta, tools, needs-ci, review wanted",main,python-makefile,,,,,,,,,True,,27193779,"109660, 30630, None, None"
1850121382,dependabot[bot],meta: bump actions/checkout from 4.1.1 to 4.1.4,closed,2024-05-01T18:26:36Z,2024-05-03T18:33:01Z,2024-05-03T18:33:01Z,"meta, author ready, dependencies",main,dependabot/github_actions/actions/checkout-4.1.4,,,,,,,,,False,,27193779,"109660, 30630, None, None"
1850121100,dependabot[bot],meta: bump github/codeql-action from 3.24.9 to 3.25.3,closed,2024-05-01T18:26:20Z,2024-05-03T18:32:54Z,2024-05-03T18:32:54Z,"meta, author ready, dependencies",main,dependabot/github_actions/github/codeql-action-3.25.3,,,,,,,,,False,,27193779,"109660, 30630, None, None"
1850121002,dependabot[bot],meta: bump actions/upload-artifact from 4.3.1 to 4.3.3,closed,2024-05-01T18:26:15Z,2024-05-03T18:32:46Z,2024-05-03T18:32:46Z,"meta, author ready, dependencies",main,dependabot/github_actions/actions/upload-artifact-4.3.3,,,,,,,,,False,,27193779,"109660, 30630, None, None"
1850120948,dependabot[bot],meta: bump actions/download-artifact from 4.1.4 to 4.1.7,closed,2024-05-01T18:26:13Z,2024-05-03T18:32:39Z,2024-05-03T18:32:39Z,"meta, author ready, dependencies",main,dependabot/github_actions/actions/download-artifact-4.1.7,,,,,,,,,False,,27193779,"109660, 30630, None, None"
1850120897,dependabot[bot],meta: bump codecov/codecov-action from 4.1.1 to 4.3.1,closed,2024-05-01T18:26:10Z,2024-05-03T18:32:32Z,2024-05-03T18:32:32Z,"meta, author ready, dependencies",main,dependabot/github_actions/codecov/codecov-action-4.3.1,,,,,,,,,False,,27193779,"109660, 30630, None, None"
1850120787,dependabot[bot],meta: bump step-security/harden-runner from 2.7.0 to 2.7.1,closed,2024-05-01T18:26:04Z,2024-05-03T18:32:24Z,2024-05-03T18:32:24Z,"meta, author ready, dependencies",main,dependabot/github_actions/step-security/harden-runner-2.7.1,,,,,,,,,False,,27193779,"109660, 30630, None, None"
1850055256,mhdawson,test: crypto-rsa-dsa testing for dynamic openssl,closed,2024-05-01T17:34:48Z,,2024-05-06T19:01:12Z,"test, needs-ci",main,improve-rsa-test,,,,,,,,,False,,27193779,"109660, 30630, None, None"
1849871547,targos,tools: migrate to ESLint flat config and update ESLint to v9.3.0,closed,2024-05-01T15:21:18Z,2024-05-23T19:45:18Z,2024-05-23T19:45:18Z,"lib / src, needs-ci, review wanted, commit-queue-squash, dont-land-on-v20.x",main,eslint-flat-config,,,,,,,,,False,,27193779,"109660, 30630, None, None"
1849752137,Cody-traded-clothes,Set up Shopify Oxygen deployment workflow file,closed,2024-05-01T13:52:31Z,,2024-05-01T13:59:57Z,meta,main,shopify-setup-oxygen-workflow-226t,,,,,,,,,False,,27193779,"109660, 30630, None, None"
1849607712,rluvaton,doc: add test_runner to subsystem,closed,2024-05-01T12:00:06Z,2024-05-01T14:19:58Z,2024-05-01T14:19:58Z,"doc, fast-track, test_runner",main,add-test-runner-to-subsystem,,,,,,,,,False,,27193779,"109660, 30630, None, None"
1849529284,MattiasBuelens,[v20.x backport] streams: fixes for webstreams,closed,2024-05-01T10:40:15Z,,2024-07-19T13:29:55Z,"needs-ci, web streams, v20.x",v20.x-staging,backport-51168-to-v20.x,,,,,,,,,False,,27193779,"109660, 30630, None, None"
1849466719,MattiasBuelens,"[v20.x backport] streams: implement TransformStream cleanup using ""transformer.cancel""",closed,2024-05-01T09:46:21Z,,2024-05-16T08:31:53Z,"needs-ci, web streams, v20.x",v20.x-staging,backport-50126-to-v20.x,,,,,,,,,False,,27193779,"109660, 30630, None, None"
1848929621,aduh95,"2024-05-02, Version 22.1.0 (Current)",closed,2024-04-30T23:14:33Z,2024-05-02T13:53:51Z,2024-05-02T13:53:51Z,"needs-ci, release, v22.x",v22.x,v22.1.0-proposal,,,,,,,,,False,,27193779,"109660, 30630, None, None"
1848862231,npm-cli-bot,deps: upgrade npm to 10.7.0,closed,2024-04-30T22:08:49Z,2024-05-01T06:53:22Z,2024-05-01T06:53:23Z,"npm, fast-track, needs-ci",main,npm-v10.7.0-main,,,,,,,,,False,,27193779,"109660, 30630, None, None"
1848756578,joyeecheung,cli: allow running wasm in limited vmemory with --disable-wasm-trap-handler,closed,2024-04-30T21:02:30Z,,2024-05-10T09:15:02Z,"c++, semver-minor, lib / src, needs-ci",main,wasm-trap-disable,,,,,,,,,False,,27193779,"109660, 30630, None, None"
1848434153,KhafraDev,deps: update undici to 6.15.0,closed,2024-04-30T17:16:11Z,2024-05-02T17:21:23Z,2024-05-02T17:21:23Z,"author ready, dependencies, commit-queue-squash",main,update-undici,,,,,,,,,False,,27193779,"109660, 30630, None, None"
1848397453,joyeecheung,process: add process.getBuiltinModule(id),closed,2024-04-30T16:54:58Z,,2024-05-28T20:23:18Z,"semver-minor, lib / src, notable-change, needs-ci, commit-queue-rebase",main,process-builtin,,,,,,,,,False,,27193779,"109660, 30630, None, None"
1848264787,RafaelGSS,"src,permission: resolve path on fs_permission",closed,2024-04-30T15:48:13Z,2024-05-03T03:40:49Z,2024-05-03T03:40:49Z,"c++, lib / src, author ready, needs-ci, commit-queue-squash, backport-requested-v20.x, permission",main,convert-paths-on-pm,,,,,,,tniessen,,False,,27193779,"109660, 30630, None, None"
1848214946,MoLow,watch: fix arguments parsing,closed,2024-04-30T15:27:18Z,2024-05-02T18:45:41Z,2024-05-02T18:45:41Z,"author ready, needs-ci, commit-queue-squash, watch-mode",main,fix-watch-mode-args,,,,,,,,,False,,27193779,"109660, 30630, None, None"
1847478973,aduh95,doc: simplify copy-pasting of `branch-diff` commands,closed,2024-04-30T09:33:27Z,2024-05-02T09:37:04Z,2024-05-02T09:37:04Z,"doc, author ready",main,release-guide-copiable-command,,,,,,,,,False,,27193779,"109660, 30630, None, None"
1846732113,zcbenz,build: make simdjson a public dep in GN build,closed,2024-04-29T23:17:14Z,2024-05-05T04:06:24Z,2024-05-05T04:06:24Z,commit-queue-squash,main,simd-dep,,,,,,,,,False,,27193779,"109660, 30630, None, None"
1846292663,RafaelGSS,test: drop test-crypto-timing-safe-equal-benchmarks,closed,2024-04-29T18:21:29Z,2024-05-01T18:27:29Z,2024-05-01T18:27:29Z,"test, author ready, needs-ci",main,drop-crypto-flaky-test,,,,,,,,,False,,27193779,"109660, 30630, None, None"
1846188486,Amankazmi,Update README.md,closed,2024-04-29T17:19:02Z,,2024-04-29T17:50:37Z,"invalid, doc",main,main,,,,,,,,,False,,27193779,"109660, 30630, None, None"
1845369799,marco-ippolito,cli: move --trace-atomics-wait to eol,closed,2024-04-29T10:21:10Z,2024-05-01T12:24:49Z,2024-05-01T12:24:49Z,"c++, semver-major, deprecations, needs-ci",main,remove-trace-atomics,,,,,,,,,False,,27193779,"109660, 30630, None, None"
1845322050,EliphazBouye,Coverage reporter shallow error doc,closed,2024-04-29T09:53:50Z,,2024-06-20T22:38:53Z,"doc, test_runner",main,coverage-reporter-shallow-error-doc,,,,,,,,,False,,27193779,"109660, 30630, None, None"
1845140798,targos,src: migrate to new V8 interceptors API,closed,2024-04-29T08:12:01Z,2024-05-01T16:50:02Z,2024-05-01T16:50:02Z,"c++, lib / src, needs-ci, dont-land-on-v18.x, dont-land-on-v20.x",main,v8-interceptors,,,,,,,,,False,,27193779,"109660, 30630, None, None"
1845101994,marco-ippolito,util: move deprecated utils to eol,closed,2024-04-29T07:47:36Z,,2024-05-06T09:38:11Z,"util, semver-major, notable-change, author ready, deprecations, needs-ci, needs-citgm, commit-queue-rebase",main,chore/deprecate-utils,,,,,,,,,False,,27193779,"109660, 30630, None, None"
1844828634,kylo5aby,doc: update the description of the return type for options.filter,closed,2024-04-29T03:28:04Z,2024-06-19T08:29:05Z,2024-06-19T08:29:05Z,"doc, fs",main,doc,,,,,,,lpinca,,False,,27193779,"109660, 30630, None, None"
1844684202,jasnell,src: add new underlying async context tracking,closed,2024-04-28T23:57:17Z,,2024-07-18T13:58:48Z,"c++, lib / src, needs-ci",main,asynccontext-refactor,,,,,,,,,True,,27193779,"109660, 30630, None, None"
1844620280,aduh95,test: make `test-error-serdes` as flaky,closed,2024-04-28T20:51:09Z,2024-04-28T23:10:30Z,2024-04-28T23:10:30Z,"test, fast-track, needs-ci",main,test-error-serdes-flaky,,,,,,,,,False,,27193779,"109660, 30630, None, None"
1844469655,IlyasShabi,doc: update process.versions properties,closed,2024-04-28T15:35:39Z,2024-04-30T15:44:48Z,2024-04-30T15:44:48Z,"doc, process, author ready",main,process-verions,,,,,,,,,False,,27193779,"109660, 30630, None, None"
1844464509,IlyasShabi,doc: add environment variables specification,open,2024-04-28T15:21:41Z,,,"doc, process, dotenv",main,load-env-spec,,,,,,,,,False,,27193779,"109660, 30630, None, None"
1844416363,cola119,inspector: introduce the `--inspect-wait` flag,closed,2024-04-28T13:53:30Z,2024-05-11T18:48:30Z,2024-05-11T18:48:30Z,"c++, semver-minor, lib / src, inspector, author ready, needs-ci, commit-queue-squash",main,introduce-inspect-wait,,,,,,,,,False,,27193779,"109660, 30630, None, None"
1844344767,rluvaton,events: add fast and slow path,open,2024-04-28T11:23:28Z,,,"events, performance, needs-ci, needs-citgm, needs-benchmark-ci",main,add-fast-and-slow-path-for-event-emitter,,,,,,,,,True,,27193779,"109660, 30630, None, None"
1844187275,itzzjb,"doc : added ""visit"" instead of ""see"" to the README.md file",closed,2024-04-28T02:33:21Z,,2024-04-29T04:03:48Z,doc,main,main,,,,,,,,,False,,27193779,"109660, 30630, None, None"
1844183672,RafaelGSS,"src,permission: throw async errors on async APIs",closed,2024-04-28T02:17:16Z,2024-04-30T02:19:55Z,2024-04-30T02:19:55Z,"c++, lib / src, security, notable-change, author ready, needs-ci, dont-land-on-v18.x, permission",main,async-errors-pm,,,,,,,,,False,,27193779,"109660, 30630, None, None"
1844160109,nodejs-github-bot,tools: update lint-md-dependencies to rollup@4.17.0,closed,2024-04-28T00:27:22Z,2024-04-30T00:29:44Z,2024-04-30T00:29:44Z,"tools, author ready",main,actions/tools-update-lint-md-dependencies,,,,,,,,,False,,27193779,"109660, 30630, None, None"
1844160083,nodejs-github-bot,deps: update undici to 6.15.0,closed,2024-04-28T00:27:15Z,,2024-04-30T17:16:34Z,"needs-ci, dependencies",main,actions/tools-update-undici,,,,,,,,,False,,27193779,"109660, 30630, None, None"
1844160008,nodejs-github-bot,deps: update simdutf to 5.2.8,closed,2024-04-28T00:26:51Z,,2024-05-12T19:13:01Z,"author ready, needs-ci, dependencies, commit-queue-rebase",main,actions/tools-update-simdutf,,,,,,,,,False,,27193779,"109660, 30630, None, None"
1844032526,rluvaton,events: extract events file to a separate files,open,2024-04-27T18:02:05Z,,,"events, needs-ci",main,move-event-emitter-async-resource-code-to-own-file,,,,,,,,,False,,27193779,"109660, 30630, None, None"
1844028145,daeyeon,build: fix --v8-lite-mode build,closed,2024-04-27T17:45:33Z,2024-06-03T11:00:47Z,2024-06-03T11:00:47Z,"v8 engine, tools, needs-ci, dont-land-on-v18.x, dont-land-on-v20.x",main,main.build-240428.Sun.5116,,,,,,,,,False,,27193779,"109660, 30630, None, None"
1843977655,daeyeon,cli: remove --no-experimental-global-customevent flag,closed,2024-04-27T15:04:43Z,2024-04-29T15:15:40Z,2024-04-29T15:15:40Z,"c++, semver-major, process, lib / src, author ready, needs-ci, commit-queue-squash",main,main.customevt-240427.Sat.c33b,,,,,,,,,False,,27193779,"109660, 30630, None, None"
1843930841,matthieusieben,watch: allow listening for grouped changes,closed,2024-04-27T12:33:36Z,2024-05-12T07:43:39Z,2024-05-12T07:43:39Z,"author ready, needs-ci",main,fix-52721,,,,,,,,,False,,27193779,"109660, 30630, None, None"
1843904335,targos,build: fix typo in node.gyp,closed,2024-04-27T10:58:37Z,2024-04-29T11:06:04Z,2024-04-29T11:06:04Z,"build, author ready, needs-ci",main,targos-patch-1,,,,,,,,,False,,27193779,"109660, 30630, None, None"
1843382099,lemire,"deps, src: simplifying base64 encoding",closed,2024-04-26T19:15:25Z,2024-04-30T06:39:12Z,2024-04-30T06:39:12Z,"tools, needs-ci, dependencies, commit-queue-squash",main,simplifying_base64_encoding,,,,,,,,,False,,27193779,"109660, 30630, None, None"
1843380805,eugene1g,http2: fix excessive CPU usage when using `allowHTTP1=true`,closed,2024-04-26T19:14:27Z,2024-04-28T19:18:07Z,2024-04-28T19:18:07Z,"http2, author ready",main,fix-http2server-timer,,,,,,,,,False,,27193779,"109660, 30630, None, None"
1843362814,avivkeller,meta: merge stalebot and update timings/messages,closed,2024-04-26T18:58:36Z,,2024-08-31T11:05:45Z,"meta, review wanted, commit-queue-squash",main,patch-10,,,,,,,"targos, mhdawson, aduh95",,False,,27193779,"109660, 30630, None, None"
1842880095,nicolo-ribaudo,fs: allow setting Stats/BigIntStats Date properties,closed,2024-04-26T13:37:26Z,2024-04-28T13:39:35Z,2024-04-28T13:39:36Z,"fs, author ready, commit-queue-squash, dont-land-on-v18.x, dont-land-on-v20.x",main,fix-22-stat-regression,,,,,,,,,False,,27193779,"109660, 30630, None, None"
1842856088,dygabo,module: have a single hooks thread for all workers,closed,2024-04-26T13:22:51Z,2024-05-08T02:20:48Z,2024-05-08T02:20:48Z,"module, lib / src, needs-ci, loaders, commit-queue-squash, dont-land-on-v18.x, dont-land-on-v20.x",main,spawn-only-one-loader-thread,,,,,,,,,False,,27193779,"109660, 30630, None, None"
1842245057,ShogunPanda,src: fix test local edge case,closed,2024-04-26T07:05:03Z,,2024-05-05T10:41:43Z,"test, needs-ci, commit-queue-rebase",main,fix-env-test,,,,,,,anonrig,,False,,27193779,"109660, 30630, None, None"
1842229746,ShogunPanda,http: correctly translate HTTP method,closed,2024-04-26T06:52:21Z,,2024-05-04T15:56:53Z,"http, c++, http_parser, needs-ci, request-ci-failed, dont-land-on-v18.x, dont-land-on-v20.x",main,http-search-all-methods,,,,,,,,,False,,27193779,"109660, 30630, None, None"
1841948316,avivkeller,module: allow JSONC imports,closed,2024-04-26T01:15:18Z,,2024-08-17T23:25:01Z,"esm, needs-ci",main,jsonc-imports,,,,,,,,,False,,27193779,"109660, 30630, None, None"
1841695741,avivkeller,meta: migrate labelling to actions (Discuss / WIP),closed,2024-04-25T20:55:04Z,,2024-05-24T20:49:06Z,"discuss, meta",main,bot-actions-migrate,,,,,,,,,False,,27193779,"109660, 30630, None, None"
1841598881,avivkeller,meta: standardize regex,closed,2024-04-25T19:48:03Z,2024-04-29T20:30:14Z,2024-04-29T20:30:14Z,"meta, author ready, commit-queue-squash",main,patch-2,,,,,,,,,False,,27193779,"109660, 30630, None, None"
1841420947,joyeecheung,zlib: expose zlib.crc32(),closed,2024-04-25T17:53:00Z,2024-05-02T12:54:46Z,2024-05-02T12:54:46Z,"c++, zlib, semver-minor, needs-ci, commit-queue-squash",main,crc32,,,,,,,,,False,,27193779,"109660, 30630, None, None"
1841396942,npm-cli-bot,deps: upgrade npm to 10.6.0,closed,2024-04-25T17:38:28Z,,2024-04-30T22:08:51Z,"npm, fast-track, needs-ci",main,npm-v10.6.0-main,,,,,,,,,False,,27193779,"109660, 30630, None, None"
1840954702,chrisirhc,(draft) add trailer header and chunked,closed,2024-04-25T13:54:06Z,,2024-04-29T01:05:57Z,"test, needs-ci",main,chua/04-25--add-transfer-encoding-test,,,,,,,,,True,,27193779,"109660, 30630, None, None"
1840834868,avivkeller,vm: fix ASCII-betical order,closed,2024-04-25T12:59:18Z,2024-04-25T19:14:17Z,2024-04-25T19:14:17Z,"vm, fast-track, author ready, needs-ci, dont-land-on-v20.x",main,patch-2,,,,,,,,,False,,27193779,"109660, 30630, None, None"
1840821730,avivkeller,child_process: throw different error message for executing batch files w/o shell: true,closed,2024-04-25T12:52:26Z,,2024-09-24T20:06:19Z,"child_process, lib / src, needs-ci, commit-queue-squash",main,batch-throw-typeerror,,,,,,,aduh95,,False,,27193779,"109660, 30630, None, None"
1839718512,richardlau,deps: V8: cherry-pick 500de8bd371b,closed,2024-04-24T22:22:41Z,2024-04-26T22:32:47Z,2024-04-26T22:32:47Z,"build, v8 engine, author ready, needs-ci, v22.x",main,backport-v8-500de8b,,,,,,,,,False,,27193779,"109660, 30630, None, None"
1839664458,LiviaMedeiros,test: limit stack size in `test-error-serdes`,closed,2024-04-24T21:31:42Z,,2024-10-03T06:05:58Z,"test, blocked, needs-ci",main,test-maybe-deflake-error-serdes,,,,,,,,,False,,27193779,"109660, 30630, None, None"
1839586790,avivkeller,path: support file urls,closed,2024-04-24T20:29:32Z,,2024-09-01T12:56:10Z,"semver-minor, path, whatwg-url, needs-ci, needs-benchmark-ci",main,support-path-url,,,,,,,,,False,,27193779,"109660, 30630, None, None"
1839551289,mhdawson,test: mark test as flaky,closed,2024-04-24T20:04:07Z,2024-04-26T20:57:48Z,2024-04-26T20:57:48Z,"test, author ready, needs-ci",main,diable-flaky1,,,,,,,,,False,,27193779,"109660, 30630, None, None"
1839533741,aduh95,tools: take co-authors into account in `find-inactive-collaborators`,closed,2024-04-24T19:51:02Z,2024-04-26T19:54:54Z,2024-04-26T19:54:54Z,"tools, author ready",main,find-inactive-co-authors,,,,,,,,,False,,27193779,"109660, 30630, None, None"
1837870236,mleenhardt,doc: fix incorrect language identifiers causing duplicated code blocks in test.md,closed,2024-04-24T03:27:45Z,2024-04-24T08:00:25Z,2024-04-24T08:00:25Z,"doc, fast-track, test_runner",main,patch-1,,,,,,,,,False,,27193779,"109660, 30630, None, None"
1837843197,anonrig,typings: fix invalid JSDoc declarations,closed,2024-04-24T02:54:00Z,2024-04-24T16:07:22Z,2024-04-24T16:07:22Z,"esm, fast-track, author ready, commit-queue-failed, typings",main,fix-jsdoc,,,,,,,,,False,,27193779,"109660, 30630, None, None"
1837826327,anonrig,lib: reduce amount of caught URL errors,closed,2024-04-24T02:43:47Z,2024-06-13T18:32:59Z,2024-06-13T18:32:59Z,"lib / src, author ready, needs-ci, backport-open-v20.x",main,reduce-url-throws,,,,,,,"GeoffreyBooth, targos, joyeecheung",,False,,27193779,"109660, 30630, None, None"
1837523538,MattiasBuelens,stream: update ongoing promise in async iterator `return()` method,closed,2024-04-23T21:30:45Z,2024-04-28T16:51:45Z,2024-04-28T16:51:45Z,"author ready, web streams, commit-queue-squash",main,streams-async-iterator-return-update-ongoing,,,,,,,,,False,,27193779,"109660, 30630, None, None"
1837153551,mihir254,test_runner: display failed test stack trace with dot reporter,closed,2024-04-23T17:23:18Z,2024-05-07T11:34:44Z,2024-05-07T11:34:44Z,"author ready, needs-ci, commit-queue-failed, commit-queue-squash, test_runner",main,modifying-dot-reporter,,,,,,,,,False,,27193779,"109660, 30630, None, None"
1836856392,avivkeller,meta: remove stale labels on close,closed,2024-04-23T14:31:48Z,,2024-04-23T14:57:05Z,meta,main,patch-14,,,,,,,,,False,,27193779,"109660, 30630, None, None"
1836411964,zanettea,Reduce likelihood of race conditions on keep-alive timeout calculatio…,closed,2024-04-23T10:48:33Z,,2024-09-13T16:23:09Z,"http, needs-ci",main,main,,,,,,,,,False,,27193779,"109660, 30630, None, None"
1835920548,targos,deps: update V8 to 12.5,closed,2024-04-23T05:49:41Z,,2024-06-30T08:59:22Z,"semver-major, build, v8 engine, needs-ci",main,v8-125,,,,,,,,,False,,27193779,"109660, 30630, None, None"
1835244843,RafaelGSS,doc: remove relative limitation to pm,closed,2024-04-22T18:54:29Z,2024-04-24T18:56:57Z,2024-04-24T18:56:57Z,"doc, experimental, author ready, permission",main,remove-relative-mention,,,,,,,,,False,,27193779,"109660, 30630, None, None"
1835159558,mhdawson,quic: address recent coverity warnings,closed,2024-04-22T18:01:06Z,,2024-04-29T16:23:25Z,"c++, needs-ci, quic, dont-land-on-v20.x",main,coverity-50,,,,,,,,,False,,27193779,"109660, 30630, None, None"
1835111181,vmoroz,"test,doc: enable running embedtest for Windows",closed,2024-04-22T17:29:50Z,2024-05-23T18:33:40Z,2024-05-23T18:33:40Z,"windows, build, needs-ci, commit-queue-squash",main,pr/enable_embedtest_for_windows,,,,,,,,,False,,27193779,"109660, 30630, None, None"
1835096111,abmusse,test: skip test-fs-watch-recursive-delete.js on IBM i,closed,2024-04-22T17:20:29Z,2024-04-24T05:29:49Z,2024-04-24T05:29:49Z,"test, fast-track, author ready, needs-ci, ibm i",main,patch-1,,,,,,,,,False,,27193779,"109660, 30630, None, None"
1835042959,mcollina,lib: avoid swapping prototype in AbortSignal creation,closed,2024-04-22T16:54:20Z,,2024-04-22T16:54:59Z,needs-ci,main,abort-signal-perf,,,,,,,jasnell,,True,,27193779,"109660, 30630, None, None"
1835012261,avivkeller,test: fix backtick usage in docs,closed,2024-04-22T16:35:31Z,2024-04-24T18:56:49Z,2024-04-24T18:56:49Z,"test, needs-ci, dont-land-on-v20.x",main,patch-13,,,,,,,,,False,,27193779,"109660, 30630, None, None"
1834995772,avivkeller,tools: merge stalebot,closed,2024-04-22T16:26:19Z,,2024-04-22T19:00:37Z,meta,main,stalebot,,,,,,,,,False,,27193779,"109660, 30630, None, None"
1834954120,bmeck,module: package imports targets outside package,open,2024-04-22T16:02:01Z,,,"module, esm, needs-ci",main,unlock-external-package-imports,,,,,,,,,False,,27193779,"109660, 30630, None, None"
1834644847,avivkeller,"doc, meta: add troubleshooting guide",closed,2024-04-22T13:45:32Z,,2024-08-09T00:56:34Z,"doc, review wanted",main,patch-8,,,,,,,,,False,,27193779,"109660, 30630, None, None"
1834587145,joyeecheung,src: cast to v8::Value before using v8::EmbedderGraph::V8Node,closed,2024-04-22T13:17:19Z,2024-04-25T16:52:01Z,2024-04-25T16:52:01Z,"c++, needs-ci",main,v8node-value,,,,,,,,,False,,27193779,"109660, 30630, None, None"
1834536874,avivkeller,doc: add more information to SUPPORT.md,closed,2024-04-22T12:53:20Z,,2024-09-01T12:55:59Z,"doc, meta, commit-queue-squash",main,patch-6,,,,,,,,,False,,27193779,"109660, 30630, None, None"
1833706917,nodejs-github-bot,meta: move one or more collaborators to emeritus,closed,2024-04-22T04:11:03Z,2024-04-24T04:24:48Z,2024-04-24T04:24:48Z,"doc, meta, author ready, commit-queue-squash",main,actions/inactive-collaborators,,,,,,,,,False,,27193779,"109660, 30630, None, None"
1833623078,vmoroz,"build,tools,node-api: fix building node-api tests for Windows Debug",closed,2024-04-22T02:16:14Z,2024-04-26T11:36:14Z,2024-04-26T11:36:14Z,"windows, build, tools, node-api, needs-ci",main,pr/fix_node_api_tests_for_debug_config,,,,,,,,,False,,27193779,"109660, 30630, None, None"
1833535875,github-actions[bot],doc: run license-builder,closed,2024-04-22T00:06:23Z,2024-04-24T00:25:09Z,2024-04-24T00:25:09Z,"meta, author ready",main,actions/license-builder,,,,,,,,,False,,27193779,"109660, 30630, None, None"
1833463879,jasnell,quic: add scaffolding for Web Transport API,open,2024-04-21T20:46:43Z,,,"needs-ci, quic",main,quic-part-12,,,,,,,,,True,,27193779,"109660, 30630, None, None"
1833449219,avivkeller,tls: fix 'ERR_TLS_PSK_SET_IDENTIY_HINT_FAILED' typo,closed,2024-04-21T19:52:53Z,2024-09-20T17:59:22Z,2024-09-20T17:59:22Z,"crypto, c++, semver-major, author ready, needs-ci",main,fix-tls-error-typo,,,,,,,,,False,,27193779,"109660, 30630, None, None"
1833445498,avivkeller,test_runner: allow retryable tests,closed,2024-04-21T19:39:30Z,,2024-09-01T12:55:30Z,"semver-minor, needs-ci, test_runner",main,retryable-tests,,,,,,,MoLow,,False,,27193779,"109660, 30630, None, None"
1833397890,aduh95,lib: enforce ASCII order in error code imports,closed,2024-04-21T17:01:53Z,2024-04-23T17:05:38Z,2024-04-23T17:05:38Z,"lib / src, author ready, needs-ci, dont-land-on-v20.x",main,error-order,,,,,,,,,False,,27193779,"109660, 30630, None, None"
1833304778,targos,tools: fix invalid escape sequence in mkssldef,closed,2024-04-21T12:58:56Z,2024-04-23T13:04:51Z,2024-04-23T13:04:52Z,"tls, openssl, tools",main,pyraw,,,,,,,,,False,,27193779,"109660, 30630, None, None"
1833250910,rluvaton,"http,net: use preallocate events to improve performance",closed,2024-04-21T09:55:54Z,,2024-04-22T10:40:05Z,"http, net, needs-ci",main,improve-stream-based-performance,,,,,,,,,True,,27193779,"109660, 30630, None, None"
1833240960,rluvaton,try to improve stream perf,closed,2024-04-21T09:20:51Z,,2024-04-21T20:26:48Z,"stream, lib / src, performance, needs-ci",main,check-stream-perf-improvement,,,,,,,,,True,,27193779,"109660, 30630, None, None"
1833200357,daeyeon,"events,doc: mark CustomEvent as stable",closed,2024-04-21T06:56:40Z,2024-04-23T07:09:24Z,2024-04-23T07:09:24Z,"doc, events, notable-change, author ready",main,main.customevt-240421.Sun.8732,,,,,,,,,False,,27193779,"109660, 30630, None, None"
1833065476,nodejs-github-bot,tools: update lint-md-dependencies to rollup@4.15.0,closed,2024-04-21T00:26:56Z,2024-04-23T00:48:22Z,2024-04-23T00:48:22Z,"tools, author ready",main,actions/tools-update-lint-md-dependencies,,,,,,,,,False,,27193779,"109660, 30630, None, None"
1833065275,nodejs-github-bot,deps: update corepack to 0.28.0,closed,2024-04-21T00:26:07Z,2024-04-23T00:48:14Z,2024-04-23T00:48:14Z,"author ready, needs-ci, dependencies, backported-to-v18.x, backported-to-v20.x",main,actions/tools-update-corepack,,,,,,,,,False,,27193779,"109660, 30630, None, None"
1833000055,avivkeller,test: add `--test-random-seed` cli argument,closed,2024-04-20T19:58:38Z,,2024-04-21T12:39:04Z,"c++, lib / src, needs-ci, test_runner",main,test-random-seed,,,,,,,,,False,,27193779,"109660, 30630, None, None"
1832950182,pluris,"fs: update jsdoc params for `read`, `readSync`",closed,2024-04-20T16:57:50Z,,2024-04-20T23:47:59Z,"fs, needs-ci",main,fix/fs_jsdoc_read,,,,,,,,,False,,27193779,"109660, 30630, None, None"
1832926247,panva,cli: remove --no-experimental-fetch flag,closed,2024-04-20T15:34:36Z,2024-04-22T15:43:58Z,2024-04-22T15:43:58Z,"c++, semver-major, process, cli, author ready, needs-ci, fetch",main,remove-fetch-flag,,,,,,,,,False,,27193779,"109660, 30630, None, None"
1832915369,UlisesGascon,tools: add osx notarization support for tarballs,open,2024-04-20T14:56:23Z,,,"macos, tools",main,tools/osx-tarball-notarization,,,,,,,,,True,,27193779,"109660, 30630, None, None"
1832894148,anonrig,src: rewrite task runner in c++,closed,2024-04-20T13:50:07Z,2024-05-02T19:54:02Z,2024-05-02T19:54:02Z,"lib / src, needs-ci, commit-queue-squash, dont-land-on-v20.x",main,rewrite-task-runner-in-cpp,,,,,,,,,False,,27193779,"109660, 30630, None, None"
1832744525,pavel-romanov8,doc: remove buffered flag from performance hooks examples,open,2024-04-20T04:26:49Z,,,"doc, perf_hooks",main,remove-buffered-from-examples,,,,,,,,,False,,27193779,"109660, 30630, None, None"
1832658280,avivkeller,test: delete test-cluster-shared-handle-bind-prvivileged-port,closed,2024-04-20T00:04:08Z,,2024-08-17T23:24:37Z,"cluster, test, needs-ci",main,patch-12,,,,,,,,,False,,27193779,"109660, 30630, None, None"
1832338474,ruyadorno,fs: fix read / readSync positional offset types,closed,2024-04-19T19:42:08Z,2024-04-22T06:06:30Z,2024-04-22T06:06:30Z,"fs, needs-ci",main,fix-readsync-positional-offset-types,,,,,,,,,False,,27193779,"109660, 30630, None, None"
1832314692,RafaelGSS,doc: deprecate --experimental-policy,closed,2024-04-19T19:30:13Z,,2024-04-22T13:46:32Z,"doc, experimental, author ready, deprecations, policy, commit-queue-failed",main,doc-deprecate-policy,,,,,,,richardlau,,False,,27193779,"109660, 30630, None, None"
1831958974,mhdawson,doc: add info on contributor spotlight program,closed,2024-04-19T16:10:27Z,,2024-04-21T18:11:33Z,doc,main,spotlight,,,,,,,,,False,,27193779,"109660, 30630, None, None"
1831859114,addaleax,src: add `string_view` overload to snapshot FromBlob,closed,2024-04-19T15:19:08Z,2024-04-24T06:16:15Z,2024-04-24T06:16:16Z,"c++, semver-minor, embedding, needs-ci, snapshot",main,embedder-snapshot-data-from-blob-string-view,,,,,,,,,False,,27193779,"109660, 30630, None, None"
1831843991,targos,build: compile with C++20 support on Windows,closed,2024-04-19T15:13:02Z,,2024-04-19T15:51:51Z,"semver-major, build, needs-ci",main,c++20-win,,,,,,,,,False,,27193779,"109660, 30630, None, None"
1831834691,avivkeller,repl: integrate experimental repl,closed,2024-04-19T15:08:00Z,,2024-05-12T14:56:01Z,"repl, semver-minor, lib / src, experimental, needs-ci",main,patch-11,,,,,,,aduh95,,False,,27193779,"109660, 30630, None, None"
1831732537,aduh95,tools: add lint rule to keep primordials in ASCII order,closed,2024-04-19T14:12:46Z,2024-04-21T16:53:08Z,2024-04-21T16:53:08Z,"lib / src, author ready, needs-ci, commit-queue-squash, dont-land-on-v20.x",main,primordials-ascii-order,,,,,,,,,False,,27193779,"109660, 30630, None, None"
1831130543,lpinca,doc: replace U+00A0 with U+0020,closed,2024-04-19T08:53:30Z,2024-04-21T09:03:50Z,2024-04-21T09:03:50Z,"doc, net, author ready",main,replace/U+00A0-with-U+0020,,,,,,,,,False,,27193779,"109660, 30630, None, None"
1831129412,lpinca,doc: sort options alphabetically,closed,2024-04-19T08:53:03Z,2024-04-21T08:55:04Z,2024-04-21T08:55:05Z,"doc, net, author ready",main,sort/options,,,,,,,,,False,,27193779,"109660, 30630, None, None"
1831108288,kylo5aby,buffer: remove lines setting indexes to integer value from `Blob.slice`,closed,2024-04-19T08:39:34Z,2024-05-06T12:45:32Z,2024-05-06T12:45:32Z,"author ready, needs-ci",main,blob,,,,,,,,,False,,27193779,"109660, 30630, None, None"
1830918066,lucshi,lib: avoid repl.setupHistory() blocks node exit after repl closed,open,2024-04-19T06:45:53Z,,,"repl, needs-ci, request-ci-failed",main,52386,,,,,,,,,False,,27193779,"109660, 30630, None, None"
1830454152,mhdawson,module: address coverity warning of memory leak,closed,2024-04-18T22:25:37Z,,2024-04-22T16:16:08Z,"c++, needs-ci",main,coverity-49,,,,,,,,,False,,27193779,"109660, 30630, None, None"
1830353726,mhdawson,node-api: address coverity report,closed,2024-04-18T21:13:14Z,2024-04-26T14:36:03Z,2024-04-26T14:36:03Z,"c++, node-api, needs-ci",main,coverity-48,,,,,,,,,False,,27193779,"109660, 30630, None, None"
1830335155,RafaelGSS,"lib,src: remove --experimental-policy",closed,2024-04-18T20:59:54Z,2024-05-07T16:25:45Z,2024-05-07T16:25:45Z,"lib / src, notable-change, experimental, author ready, deprecations, needs-ci, policy, dont-land-on-v18.x, dont-land-on-v20.x",main,drop-experimental-policy,,,,,,,,,False,,27193779,"109660, 30630, None, None"
1829963521,Trott,tools: update lint-md-dependencies,closed,2024-04-18T16:43:52Z,2024-04-19T16:49:59Z,2024-04-19T16:49:59Z,"tools, fast-track",main,update-lint-md-deps,,,,,,,,,False,,27193779,"109660, 30630, None, None"
1829912514,deokjinkim,lib: use predefined variable instead of bit operation,closed,2024-04-18T16:12:51Z,2024-04-20T16:24:25Z,2024-04-20T16:24:26Z,"author ready, needs-ci",main,240419_use_predefined_variable,,,,,,,,,False,,27193779,"109660, 30630, None, None"
1829761609,lucshi,"doc: update ""setupHistory"" content in repl API doc",closed,2024-04-18T14:58:00Z,,2024-04-19T01:18:15Z,"doc, repl",main,52386,,,,,,,,,False,,27193779,"109660, 30630, None, None"
1829466234,joyeecheung,module: skip NODE_COMPILE_CACHE when policy is enabled,closed,2024-04-18T12:34:43Z,2024-04-25T16:51:55Z,2024-04-25T16:51:55Z,"c++, needs-ci, commit-queue-squash, backport-blocked-v20.x",main,cache-policy,,,,,,,,,False,,27193779,"109660, 30630, None, None"
1829337348,kettanaito,"doc: emphasize ""timeout"" and ""request.setTimeout()"" difference",open,2024-04-18T11:23:08Z,,,"http, doc",main,docs/set-timeout-difference,,,,,,,,,False,,27193779,"109660, 30630, None, None"
1828364012,nodejs-github-bot,deps: update icu to 75.1,closed,2024-04-17T21:53:35Z,2024-04-21T00:44:40Z,2024-04-21T00:44:40Z,"test, needs-ci, dependencies",main,actions/tools-update-icu,,,,,,,,,False,,27193779,"109660, 30630, None, None"
1828258853,avivkeller,fs: fix ENOENT on file deletion,closed,2024-04-17T20:27:18Z,,2024-04-18T12:26:26Z,"fs, needs-ci",main,patch-11,,,,,,,,,False,,27193779,"109660, 30630, None, None"
1827869918,Trott,doc: update markdown footnote formatting for linting,closed,2024-04-17T17:09:56Z,,2024-04-17T21:26:03Z,"crypto, doc, fast-track",main,final,,,,,,,,,True,,27193779,"109660, 30630, None, None"
1827776222,avivkeller,util: mark deprecated objects with symbol,closed,2024-04-17T16:09:10Z,,2024-05-13T21:38:19Z,"util, semver-minor, needs-ci",main,patch-9,,,,,,,,,False,,27193779,"109660, 30630, None, None"
1827589261,Trott,doc: fix issue detected in markdown lint update,closed,2024-04-17T14:41:46Z,2024-04-17T16:27:24Z,2024-04-17T16:27:24Z,fast-track,main,doc-fix,,,,,,,,,False,,27193779,"109660, 30630, None, None"
1827379990,panva,cli: remove --no-experimental-global-webcrypto flag,closed,2024-04-17T12:58:15Z,2024-04-19T13:02:01Z,2024-04-19T13:02:01Z,"crypto, semver-major, process, lib / src, cli, author ready, needs-ci, webcrypto",main,remove-webcrypto-flag,,,,,,,,,False,,27193779,"109660, 30630, None, None"
1826972442,lpinca,test: ensure that all worker servers are ready,closed,2024-04-17T09:11:15Z,2024-04-19T09:17:20Z,2024-04-19T09:17:20Z,"test, author ready, needs-ci",main,fix/fd-leak,,,,,,,,,False,,27193779,"109660, 30630, None, None"
1826369639,JacksonTian,tools: fix heading spaces for osx-entitlements.plist,closed,2024-04-17T00:51:38Z,2024-04-17T10:40:45Z,2024-04-17T10:40:45Z,"macos, tools, fast-track",main,plist_spaces,,,,,,,,,False,,27193779,"109660, 30630, None, None"
1826234162,RafaelGSS,build: temporary disable ubsan,closed,2024-04-16T22:02:22Z,2024-04-17T05:38:21Z,2024-04-17T05:38:21Z,"meta, fast-track, author ready",main,temporary-remove-ubsan,,,,,,,,,False,,27193779,"109660, 30630, None, None"
1826117546,devraymondsh,build: fix arm64 cross-compilation bug on non-arm machines,closed,2024-04-16T20:19:05Z,2024-04-24T06:30:03Z,2024-04-24T06:30:03Z,"build, author ready, needs-ci",main,fix-arm64-cross-compile-bug,,,,,,,,,False,,27193779,"109660, 30630, None, None"
1825750525,avivkeller,doc: specify to use primordials when coding,closed,2024-04-16T16:01:52Z,,2024-04-16T17:17:40Z,doc,main,patch-9,,,,,,,,,False,,27193779,"109660, 30630, None, None"
1825453536,avivkeller,doc: add RedYetiDev to triage team,closed,2024-04-16T13:31:36Z,2024-04-20T12:46:34Z,2024-04-20T12:46:34Z,doc,main,patch-8,,,,,,,,,False,,27193779,"109660, 30630, None, None"
1825304854,mlegenhausen,doc: correct unsafe URL example in http docs,closed,2024-04-16T12:26:38Z,2024-04-21T12:56:11Z,2024-04-21T12:56:11Z,"http, doc, commit-queue-squash",main,fix-unsafe-url-parse-docs,,,,,,,,,False,,27193779,"109660, 30630, None, None"
1825235149,kylo5aby,fs: add skipSymlinkDir option to skip symbolic dirs for fs.readdir,closed,2024-04-16T11:46:12Z,,2024-04-24T07:46:22Z,"fs, needs-ci",main,fs-readdir,,,,,,,,,False,,27193779,"109660, 30630, None, None"
1824840089,tniessen,crypto: move DEP0182 to runtime deprecation,closed,2024-04-16T08:06:27Z,2024-04-23T14:38:07Z,2024-04-23T14:38:07Z,"crypto, c++, semver-major, security, author ready, deprecations, needs-ci",main,crypto-runtime-deprecate-gcm-short,,,,,,,,,False,,27193779,"109660, 30630, None, None"
1824468903,climba03003,doc: correct stream.finished changes,closed,2024-04-16T02:50:48Z,2024-04-20T18:37:01Z,2024-04-20T18:37:01Z,"doc, stream, author ready, commit-queue-squash",main,doc-fix-stream-finished,,,,,,,,,False,,27193779,"109660, 30630, None, None"
1823993700,debadree25,benchmark: reduce the buffer size for blob,closed,2024-04-15T19:30:27Z,2024-04-17T19:33:44Z,2024-04-17T19:33:44Z,"benchmark, author ready",main,fix/reduce-blob-bench,,,,,,,,,False,,27193779,"109660, 30630, None, None"
1823950173,debadree25,src: introduce PullAll method to speed up blob.text/arrayBuffer,open,2024-04-15T19:01:13Z,,,"c++, needs-ci",main,ft/fast-blob-array-buf,,,,,,,lemire,,False,,27193779,"109660, 30630, None, None"
1823946836,thisalihassan,src: remove misplaced windows code under posix guard in node.cc,closed,2024-04-15T18:58:55Z,,2024-04-30T17:08:45Z,"c++, needs-ci",main,fix-misplace-win-from-posix,,,,,,,,,False,,27193779,"109660, 30630, None, None"
1823907146,tniessen,src: remove erroneous CVE-2024-27980 revert option,closed,2024-04-15T18:36:31Z,2024-04-18T13:09:10Z,2024-04-18T13:09:10Z,"c++, security, author ready, needs-ci, dont-land-on-v18.x, dont-land-on-v20.x",main,src-remove-revert-cve-2024-27980,,,,,,,,,False,,27193779,"109660, 30630, None, None"
1823648000,richardlau,test: skip test for dynamically linked OpenSSL,closed,2024-04-15T16:11:50Z,2024-04-15T23:23:18Z,2024-04-15T23:23:18Z,"test, fast-track, needs-ci",main,implicit-rej,,,,,,,,,False,,27193779,"109660, 30630, None, None"
1823236885,huseyinacacak-janea,test: split wasi poll test for windows,closed,2024-04-15T12:57:25Z,2024-04-17T13:01:15Z,2024-04-17T13:01:15Z,"test, needs-ci",main,huseyin-11972-flaky-test-wasi-poll,,,,,,,,,False,,27193779,"109660, 30630, None, None"
1823189557,thisalihassan,doc: correct unsafe URL example in http docs,closed,2024-04-15T12:32:55Z,,2024-04-16T12:03:43Z,"http, doc",main,fix-unsafe-url-parse-docs,,,,,,,,,False,,27193779,"109660, 30630, None, None"
1822460739,joyeecheung,module: implement NODE_COMPILE_CACHE for automatic on-disk code caching,closed,2024-04-15T05:42:39Z,,2024-04-17T22:10:01Z,"semver-minor, notable-change, commit-queue-failed, commit-queue-rebase, backport-blocked-v20.x, backported-to-v22.x",main,node-compile-cache,,,,,,,,,False,,27193779,"109660, 30630, None, None"
1822134957,avivkeller,lib: allow map in querystring,closed,2024-04-14T21:48:21Z,,2024-08-17T23:24:20Z,"querystring, semver-minor, needs-ci, review wanted",main,querystring-support,,,,,,,,,False,,27193779,"109660, 30630, None, None"
1822078440,avivkeller,"module,cli: fix module loading for paths ending with `/.` or `/..`",closed,2024-04-14T19:03:50Z,,2024-08-17T23:24:09Z,"module, semver-major, cli, needs-ci",main,patch-5,,,,,,,,,False,,27193779,"109660, 30630, None, None"
1822072353,IlyasShabi,src: add support to override local env variables option,open,2024-04-14T18:45:04Z,,,"c++, semver-minor, lib / src, notable-change, needs-ci",main,dotenv-override,,,,,,,"GeoffreyBooth, joyeecheung",,False,,27193779,"109660, 30630, None, None"
1822034342,avivkeller,test_runner: add --test-skip-pattern cli option,closed,2024-04-14T16:59:21Z,2024-04-18T20:59:50Z,2024-04-18T20:59:50Z,"c++, semver-minor, lib / src, notable-change, author ready, needs-ci, commit-queue-squash, dont-land-on-v20.x",main,main,,,,,,,cjihrig,,False,,27193779,"109660, 30630, None, None"
1821991856,avivkeller,lib: add CSS global,closed,2024-04-14T15:00:07Z,,2024-04-14T16:12:59Z,needs-ci,main,add-css,,,,,,,,,False,,27193779,"109660, 30630, None, None"
1821949301,daeyeon,src: fix Worker termination in `inspector.waitForDebugger`,closed,2024-04-14T12:54:02Z,2024-05-13T05:08:57Z,2024-05-13T05:08:57Z,"c++, lib / src, inspector, author ready, worker, needs-ci, commit-queue-squash",main,main.fix-52467-240414.Sun.9dcd,,,,,,,,,False,,27193779,"109660, 30630, None, None"
1821877655,marco-ippolito,tools: fix eslint update script,closed,2024-04-14T09:40:08Z,,2024-08-08T15:31:15Z,"tools, blocked",main,fix/fix-eslint,,,,,,,,,False,,27193779,"109660, 30630, None, None"
1821876751,nodejs-github-bot,tools: update eslint to 9.0.0,closed,2024-04-14T09:36:43Z,,2024-04-14T09:37:40Z,tools,main,actions/tools-update-eslint,,,,,,,,,False,,27193779,"109660, 30630, None, None"
1821876537,nodejs-github-bot,deps: update minimatch to 9.0.4,closed,2024-04-14T09:35:57Z,2024-04-16T09:45:06Z,2024-04-16T09:45:06Z,"needs-ci, dependencies",main,actions/tools-update-minimatch,,,,,,,,,False,,27193779,"109660, 30630, None, None"
1821870922,marco-ippolito,tools: update minimatch index path,closed,2024-04-14T09:18:22Z,2024-04-15T04:42:40Z,2024-04-15T04:42:40Z,"tools, fast-track",main,fix/minimatch-broken,,,,,,,,,False,,27193779,"109660, 30630, None, None"
1821863111,zeffanine-aimen,Update fs.read() documentation for clarity on length argument,closed,2024-04-14T08:53:02Z,,2024-04-16T06:42:10Z,"doc, fs",main,zeffanine-aimen/what-does-fs-read-52447,,,,,,,,,False,,27193779,"109660, 30630, None, None"
1821704458,aawadat,Create tea.yaml,closed,2024-04-14T02:29:18Z,,2024-04-14T02:54:01Z,,main,patch-1,,,,,,,,,False,,27193779,"109660, 30630, None, None"
1821679929,nodejs-github-bot,tools: update lint-md-dependencies to rollup@4.14.2 vfile-reporter@8.1.1,closed,2024-04-14T00:27:00Z,2024-04-16T00:39:36Z,2024-04-16T00:39:36Z,"tools, author ready",main,actions/tools-update-lint-md-dependencies,,,,,,,,,False,,27193779,"109660, 30630, None, None"
1821679875,nodejs-github-bot,deps: update ada to 2.7.8,closed,2024-04-14T00:26:42Z,,2024-04-21T01:23:58Z,"author ready, needs-ci, dependencies",main,actions/tools-update-ada,,,,,,,lemire,,False,,27193779,"109660, 30630, None, None"
1821679865,nodejs-github-bot,deps: update zlib to 1.3.0.1-motley-7d77fb7,closed,2024-04-14T00:26:39Z,2024-04-17T20:20:38Z,2024-04-17T20:20:38Z,"lib / src, needs-ci, dependencies",main,actions/tools-update-zlib,,,,,,,,,False,,27193779,"109660, 30630, None, None"
1821644721,MoLow,doc: update test runner coverage limitations,closed,2024-04-13T21:29:55Z,2024-04-15T21:32:29Z,2024-04-15T21:32:29Z,"doc, test_runner",main,test-runner-update-coverage-limitations,,,,,,,,,False,,27193779,"109660, 30630, None, None"
1821581470,rluvaton,test_runner: improve reporter performance,closed,2024-04-13T19:38:06Z,,2024-04-13T19:58:41Z,"needs-ci, test_runner",main,improve-test-reporter-performance,,,,,,,,,True,,27193779,"109660, 30630, None, None"
1821558057,rluvaton,test benchmark change,closed,2024-04-13T18:29:07Z,,2024-04-13T18:47:31Z,,main,test-benchmark,,,,,,,,,True,,27193779,"109660, 30630, None, None"
1821354064,sinansonmez,test: write tests for assertIsArray http2 util,closed,2024-04-13T08:46:42Z,2024-04-15T08:55:21Z,2024-04-15T08:55:21Z,"test, needs-ci",main,test/assertIsArray,,,,,,,,,False,,27193779,"109660, 30630, None, None"
1820981886,avivkeller,"lib, url: allow `options` for URL parsing in `fileURLtoPath` and `pathToFileURL`",closed,2024-04-12T22:00:24Z,2024-04-24T15:47:48Z,2024-04-24T15:47:48Z,"semver-minor, whatwg-url, author ready, needs-ci",main,patch-10,,,,,,,targos,,False,,27193779,"109660, 30630, None, None"
1820693239,RafaelGSS,"2024-04-24, Version 22.0.0 (Current)",closed,2024-04-12T18:35:37Z,2024-04-24T18:17:21Z,2024-04-24T18:17:21Z,"release, v22.x",v22.x,v22.0.0-proposal,,,,,,,,,False,,27193779,"109660, 30630, None, None"
1820654366,avivkeller,doc: A self to triagers (RedYetiDev),closed,2024-04-12T18:05:59Z,,2024-04-16T13:29:13Z,doc,main,patch-9,,,,,,,lpinca,,False,,27193779,"109660, 30630, None, None"
1820508166,avivkeller,repl: print errors in red,closed,2024-04-12T16:31:34Z,,2024-04-13T21:16:07Z,"repl, needs-ci",main,patch-8,,,,,,,,,False,,27193779,"109660, 30630, None, None"
1820217071,avivkeller,"lib, repl: convert repl constructor to a class definition",closed,2024-04-12T13:38:14Z,,2024-04-12T15:22:41Z,"repl, semver-major, needs-ci",main,patch-9,,,,,,,,,False,,27193779,"109660, 30630, None, None"
1820203551,avivkeller,"lib, bootstrap: allow require of bootstrap/realm with --expose-internals",closed,2024-04-12T13:29:56Z,,2024-04-12T14:32:07Z,"lib / src, needs-ci",main,patch-8,,,,,,,,,False,,27193779,"109660, 30630, None, None"
1820036766,avivkeller,"lib, path: support file:/// urls in path functions",closed,2024-04-12T11:55:13Z,,2024-04-24T16:12:46Z,"semver-minor, path, needs-ci",main,patch-2,,,,,,,aduh95,,True,,27193779,"109660, 30630, None, None"
1819851961,rluvaton,"ignore me, just checking the perf improvement of using built error for abort signal",closed,2024-04-12T10:43:32Z,,2024-04-12T11:07:40Z,needs-ci,main,check-the-perf-improvement-of-built-in-error-for-abort-signal,,,,,,,,,True,,27193779,"109660, 30630, None, None"
1819811641,rluvaton,Playground on how I added custom error to v8,closed,2024-04-12T10:30:10Z,,2024-04-12T11:07:51Z,,main,how-to-add-custom-error-to-v8,,,,,,,,,True,,27193779,"109660, 30630, None, None"
1819597670,nodejs-github-bot,deps: update undici to 6.13.0,closed,2024-04-12T09:17:43Z,2024-04-19T14:29:15Z,2024-04-19T14:29:15Z,"lib / src, needs-ci, dependencies, commit-queue-squash",main,actions/tools-update-undici,,,,,,,,,False,,27193779,"109660, 30630, None, None"
1819594726,ShogunPanda,dns: add order option and support ipv6first,closed,2024-04-12T09:16:23Z,2024-04-17T15:24:28Z,2024-04-17T15:24:29Z,"semver-minor, notable-change, commit-queue-squash",main,dns6-first,,,,,,,,,False,,27193779,"109660, 30630, None, None"
1819551940,nodejs-github-bot,deps: update undici to 6.13.0,closed,2024-04-12T08:58:19Z,,2024-04-12T09:16:09Z,"needs-ci, dependencies",main,actions/tools-update-undici,,,,,,,,,False,,27193779,"109660, 30630, None, None"
1819325146,Trott,doc: remove line breaks in markdown definitions,closed,2024-04-12T06:41:21Z,,2024-04-12T19:18:25Z,"crypto, doc",main,doc,,,,,,,,,False,,27193779,"109660, 30630, None, None"
1819013833,cjihrig,test_runner: don't exceed call stack when filtering,closed,2024-04-12T01:17:26Z,,2024-04-14T01:22:24Z,"author ready, commit-queue-rebase, dont-land-on-v18.x, test_runner, dont-land-on-v20.x",main,callstack,,,,,,,,,False,,27193779,"109660, 30630, None, None"
1818900599,joyeecheung,module: fix submodules loaded by require() and import(),closed,2024-04-11T22:40:27Z,2024-04-16T14:07:44Z,2024-04-16T14:07:44Z,"esm, needs-ci, backport-blocked-v20.x",main,fix-re-import,,,,,,,,,False,,27193779,"109660, 30630, None, None"
1818729428,avivkeller,"lib, repl: fix #48165 by adding `.last`",closed,2024-04-11T20:27:39Z,,2024-04-12T13:38:43Z,"repl, needs-ci",main,patch-10,,,,,,,,,False,,27193779,"109660, 30630, None, None"
1818591268,avivkeller,lib: fix #49904 by adding child_process/promises,closed,2024-04-11T19:15:35Z,,2024-04-11T20:33:37Z,"child_process, needs-ci",main,patch-9,,,,,,,,,False,,27193779,"109660, 30630, None, None"
1818377791,avivkeller,lib: use || instead of ArrayPrototypeIncludes,closed,2024-04-11T16:54:18Z,,2024-04-11T20:35:16Z,needs-ci,main,patch-8,,,,,,,,,False,,27193779,"109660, 30630, None, None"
1818311937,avivkeller,lib: simplify primordial safe generation,closed,2024-04-11T16:06:13Z,,2024-07-16T13:56:31Z,"needs-ci, dont-land-on-v18.x, dont-land-on-v20.x",main,patch-7,,,,,,,,,False,,27193779,"109660, 30630, None, None"
1818297489,pluris,buffer: add missing ARG_TYPE(ArrayBuffer) for isUtf8,closed,2024-04-11T15:56:28Z,2024-04-13T16:04:48Z,2024-04-13T16:04:48Z,"buffer, author ready, needs-ci",main,fix/is_utf8,,,,,,,,,False,,27193779,"109660, 30630, None, None"
1818188517,aduh95,tools: add a linter for README lists,closed,2024-04-11T14:59:40Z,2024-04-13T15:03:44Z,2024-04-13T15:03:44Z,"doc, meta, tools, author ready",main,readme-lint-lists,,,,,,,,,False,,27193779,"109660, 30630, None, None"
1818125389,ShogunPanda,net: add CLI option for autoSelectFamilyAttemptTimeout,closed,2024-04-11T14:33:22Z,2024-04-17T09:06:12Z,2024-04-17T09:06:12Z,"c++, net, semver-minor, needs-ci, commit-queue-squash",main,cli-default-autofamily-timeout,,,,,,,,,False,,27193779,"109660, 30630, None, None"
1818111187,nodejs-github-bot,deps: update simdutf to 5.2.4,closed,2024-04-11T14:26:20Z,2024-04-13T15:13:45Z,2024-04-13T15:13:45Z,"needs-ci, dependencies",main,actions/tools-update-simdutf,,,,,,,,,False,,27193779,"109660, 30630, None, None"
1818047042,avivkeller,lib: remove unused 'patternDependencies',closed,2024-04-11T13:57:32Z,,2024-04-21T14:27:33Z,"needs-ci, policy",main,patch-6,,,,,,,,,False,,27193779,"109660, 30630, None, None"
1818034056,avivkeller,lib: Rename readme.md to README.md,closed,2024-04-11T13:51:02Z,2024-04-14T10:30:31Z,2024-04-14T10:30:31Z,"doc, author ready",main,patch-5,,,,,,,,,False,,27193779,"109660, 30630, None, None"
1818025153,avivkeller,process: remove redudant lazy loading from 'warnings',closed,2024-04-11T13:46:26Z,,2024-04-13T21:18:41Z,"process, needs-ci",main,patch-4,,,,,,,,,False,,27193779,"109660, 30630, None, None"
1817660901,targos,deps: update V8 to 12.4,closed,2024-04-11T10:05:46Z,,2024-04-22T21:25:31Z,"semver-major, build, v8 engine, author ready, needs-ci, commit-queue-rebase",main,v8-124,,,,,,,,,False,,27193779,"109660, 30630, None, None"
1817226266,kylo5aby,fs: ensure return value type of `options.filter` in `cpSync` consistent with doc,closed,2024-04-11T04:18:23Z,,2024-06-19T08:15:13Z,"fs, semver-major, needs-ci",main,fs-cpSync,,,,,,,,,False,,27193779,"109660, 30630, None, None"
1816990513,anonrig,tools: remove pr approval condition for collaborators,closed,2024-04-10T23:52:45Z,,2024-04-11T21:27:21Z,"meta, tools",main,collaborator-review-requirement,,,,,,,,,False,,27193779,"109660, 30630, None, None"
1816983079,anonrig,tools: change inactive limit to 9 months,closed,2024-04-10T23:43:12Z,,2024-05-08T14:34:12Z,"meta, tools",main,reduce-inactive-to-9,,,,,,,,,False,,27193779,"109660, 30630, None, None"
1816777554,npm-cli-bot,deps: upgrade npm to 10.5.2,closed,2024-04-10T20:31:30Z,2024-04-12T01:24:57Z,2024-04-12T01:24:57Z,"npm, fast-track, needs-ci",main,npm-v10.5.2-main,,,,,,,,,False,,27193779,"109660, 30630, None, None"
1816747933,nodejs-github-bot,meta: move one or more collaborators to emeritus,closed,2024-04-10T20:08:14Z,2024-04-14T09:02:30Z,2024-04-14T09:02:30Z,"doc, meta, author ready",main,actions/inactive-collaborators,,,,,,,,,False,,27193779,"109660, 30630, None, None"
1816715075,thisalihassan,benchmark: add ipc support to benchmark spawn stdio config,closed,2024-04-10T19:46:18Z,,2024-04-13T18:01:31Z,"benchmark, performance, author ready, commit-queue-rebase",main,benchmark-fix-spawn-ipc,,,,,,,,,False,,27193779,"109660, 30630, None, None"
1816690788,Trott,doc: remove Internet Explorer mention in BUILDING.md,closed,2024-04-10T19:27:34Z,2024-04-10T23:37:19Z,2024-04-10T23:37:19Z,fast-track,main,ie,,,,,,,,,False,,27193779,"109660, 30630, None, None"
1816657755,Trott,doc: accommodate upcoming stricter .md linting,closed,2024-04-10T19:08:16Z,2024-04-10T23:08:40Z,2024-04-10T23:08:40Z,"doc, build, fast-track",main,upcoming,,,,,,,,,False,,27193779,"109660, 30630, None, None"
1816627945,mertcanaltin,doc: Update fs.read() documentation for clarity,closed,2024-04-10T18:50:23Z,2024-05-10T18:04:06Z,2024-05-10T18:04:06Z,"doc, fs, author ready, commit-queue-squash",main,dev-52447,,,,,,,"joyeecheung, LiviaMedeiros",,False,,27193779,"109660, 30630, None, None"
1816485948,RafaelGSS,doc: add Rafael to steward list,closed,2024-04-10T17:02:06Z,2024-04-10T21:08:14Z,2024-04-10T21:08:14Z,"doc, fast-track",main,add-rafael-steward-april10,,,,,,,,,False,,27193779,"109660, 30630, None, None"
1816455841,joyeecheung,src: reduce unnecessary serialization of CLI options in C++,closed,2024-04-10T16:43:53Z,2024-05-02T22:57:03Z,2024-05-02T22:57:03Z,"c++, lib / src, needs-ci, commit-queue-squash",main,options,,,,,,,,,False,,27193779,"109660, 30630, None, None"
1815988244,avivkeller,"lib, url: Use primordials in URL",closed,2024-04-10T12:41:18Z,,2024-05-03T18:28:27Z,"url, needs-ci",main,patch-3,,,,,,,,,False,,27193779,"109660, 30630, None, None"
1815440534,kushagravats,Update 1-bug-report.yml,closed,2024-04-10T06:53:15Z,,2024-04-10T07:44:02Z,meta,main,patch-2,,,,,,,,,False,,27193779,"109660, 30630, None, None"
1815432750,kushagravats,Update devcontainer.json,closed,2024-04-10T06:46:37Z,,2024-09-15T00:01:53Z,"stalled, review wanted",main,patch-1,,,,,,,,,False,,27193779,"109660, 30630, None, None"
1815175266,lemire,buffer: even faster atob,closed,2024-04-10T01:34:21Z,2024-05-12T19:29:26Z,2024-05-12T19:29:26Z,"buffer, c++, author ready, needs-ci, commit-queue-squash",main,better_atob,,,,,,,,,False,,27193779,"109660, 30630, None, None"
1815074504,segevfiner,build: add missing libnode.lib and copy debug build if built,closed,2024-04-09T23:25:12Z,,2024-04-29T17:25:18Z,"windows, build, needs-ci",main,windows-node-shared-fixes,,,,,,,,,False,,27193779,"109660, 30630, None, None"
1814838583,avivkeller,lib: replace string prototype usage with alternatives,closed,2024-04-09T20:04:57Z,2024-04-11T21:46:47Z,2024-04-11T21:46:47Z,"author ready, needs-ci",main,patch-2,,,,,,,,,False,,27193779,"109660, 30630, None, None"
1814725098,fahrradflucht,src: fix loadEnvFile ENOENT error,closed,2024-04-09T18:31:13Z,2024-04-17T01:21:18Z,2024-04-17T01:21:18Z,"c++, author ready, needs-ci",main,dotenv-enoent-error,,,,,,,,,False,,27193779,"109660, 30630, None, None"
1814673636,JakobJingleheimer,module: tidy code and comments,closed,2024-04-09T17:52:56Z,2024-04-13T19:41:20Z,2024-04-13T19:41:20Z,"esm, author ready, needs-ci, commit-queue-squash, backport-blocked-v20.x",main,chore/tidy-code-comments,,,,,,,,,False,,27193779,"109660, 30630, None, None"
1814423123,cjihrig,"deps,lib,src: add experimental web storage",closed,2024-04-09T15:45:23Z,,2024-06-14T18:40:09Z,"semver-minor, lib / src, author ready, commit-queue-rebase, dont-land-on-v20.x",main,webstorage-bak,,,,,,,,,False,,27193779,"109660, 30630, None, None"
1814404498,avivkeller,Use StringPrototypeStartsWith instead of .startsWith,closed,2024-04-09T15:34:39Z,,2024-04-09T15:52:45Z,needs-ci,main,patch-1,,,,,,,,,False,,27193779,"109660, 30630, None, None"
1814183694,sinansonmez,test: test-http2-misc-util.js - Add test for `assertIsArray` http2 util function ,closed,2024-04-09T13:51:12Z,,2024-04-13T08:34:20Z,"meta, needs-ci",main,add-test-for-assertIsArray,,,,,,,,,False,,27193779,"109660, 30630, None, None"
1814004480,huseyinacacak-janea,test: fix test-tls-ticket-cluster.js,closed,2024-04-09T12:07:58Z,2024-04-18T10:17:28Z,2024-04-18T10:17:28Z,"test, needs-ci, commit-queue-squash",main,huseyin-12013-node-test-tls-ticket-cluster-flaky,,,,,,,,,False,,27193779,"109660, 30630, None, None"
1813468878,targos,test: simplify ASan build checks,closed,2024-04-09T06:26:57Z,2024-04-11T07:29:28Z,2024-04-11T07:29:28Z,"test, meta, tools, needs-ci",main,asan,,,,,,,,,False,,27193779,"109660, 30630, None, None"
1812665490,anonrig,buffer: improve `base64` and `base64url` performance,closed,2024-04-08T18:07:00Z,2024-04-12T02:50:25Z,2024-04-12T02:50:25Z,"buffer, c++, notable-change, needs-ci, needs-benchmark-ci, commit-queue-squash",main,improve-base64-operations,,,,,,,joyeecheung,,False,,27193779,"109660, 30630, None, None"
1812593924,anonrig,buffer: improve `btoa` performance,closed,2024-04-08T17:24:56Z,2024-04-11T11:41:45Z,2024-04-11T11:41:45Z,"buffer, c++, needs-ci, commit-queue-squash",main,improve-btoa,,,,,,,"addaleax, benjamingr, joyeecheung",,False,,27193779,"109660, 30630, None, None"
1812563592,Koromix,node-api: store external type tags by value,closed,2024-04-08T17:02:45Z,2024-04-15T17:18:38Z,2024-04-15T17:18:38Z,"c++, node-api, commit-queue-squash",main,store_external_type_tags_by_value,,,,,,,,,False,,27193779,"109660, 30630, None, None"
1812437939,anonrig,tools: change inactive limit to 12 months,closed,2024-04-08T15:46:55Z,2024-04-10T19:03:09Z,2024-04-10T19:03:10Z,"meta, tools, author ready, commit-queue-squash",main,update-inactive-collaborators,,,,,,,,,False,,27193779,"109660, 30630, None, None"
1812407872,VoltrexKeyva,doc: correct naming convention in C++ style guide,closed,2024-04-08T15:29:33Z,2024-04-10T15:32:53Z,2024-04-10T15:32:53Z,"doc, author ready",main,use-correct-name-conv,,,,,,,,,False,,27193779,"109660, 30630, None, None"
1812318619,wesleytodd,tools: update stale bot messaging,closed,2024-04-08T14:49:10Z,2024-04-10T14:53:51Z,2024-04-10T14:53:51Z,"meta, author ready",main,stale-bot-message,,,,,,,,,False,,27193779,"109660, 30630, None, None"
1811539667,AugustinMauroy,doc: add throw example,closed,2024-04-08T08:21:15Z,,2024-05-21T17:48:26Z,"doc, test_runner",main,doc-test,,,,,,,,,False,,27193779,"109660, 30630, None, None"
1811094194,Don78843Fk,Create Sik,closed,2024-04-08T01:16:22Z,,2024-04-08T02:00:16Z,,actions/tools-update-cjs-module-lexer,patch-1,,,,,,,,,True,,27193779,"109660, 30630, None, None"
1811017412,joyeecheung,module: detect ESM syntax by trying to recompile as SourceTextModule,closed,2024-04-07T22:02:34Z,2024-04-19T14:29:08Z,2024-04-19T14:29:08Z,"c++, lib / src, author ready, needs-ci, backport-open-v20.x",main,refactor-esm-detection,,,,,,,,,False,,27193779,"109660, 30630, None, None"
1810992709,JakobJingleheimer,doc: update `process.execArg` example to be more useful,closed,2024-04-07T20:32:50Z,2024-04-09T20:42:05Z,2024-04-09T20:42:05Z,"doc, process, author ready, commit-queue-squash",main,doc/process-execArg-example,,,,,,,,,False,,27193779,"109660, 30630, None, None"
1810989070,rluvaton,ignore me,closed,2024-04-07T20:19:28Z,,2024-04-07T20:43:14Z,needs-ci,main,check-how-much-test-runner-improved,,,,,,,,,True,,27193779,"109660, 30630, None, None"
1810984873,rluvaton,events: improve creation time of EventTarget,closed,2024-04-07T20:15:38Z,,2024-04-07T20:33:24Z,"performance, needs-ci, eventtarget, needs-benchmark-ci",main,improve-event-target-creation,,,,,,,,,False,,27193779,"109660, 30630, None, None"
1810965731,rluvaton,lib: improve perf of `AbortSignal` creation,closed,2024-04-07T19:32:29Z,,2024-04-10T20:16:07Z,"performance, notable-change, author ready, needs-ci, needs-benchmark-ci, abortcontroller, commit-queue-rebase, dont-land-on-v18.x, dont-land-on-v20.x",main,improve-abort-listener-creation,,,,,,,,,False,,27193779,"109660, 30630, None, None"
1810885779,IlyasShabi,src: remove regex usage for env file parsing,closed,2024-04-07T15:34:18Z,2024-04-17T05:30:06Z,2024-04-17T05:30:06Z,"c++, author ready, needs-ci, commit-queue-squash",main,dotenv-refacto,,,,,,,,,False,,27193779,"109660, 30630, None, None"
1810820815,targos,test: fix Windows compiler warnings in overlapped-checker,closed,2024-04-07T12:19:00Z,2024-04-10T21:08:06Z,2024-04-10T21:08:06Z,"test, needs-ci",main,win-overlapped,,,,,,,,,False,,27193779,"109660, 30630, None, None"
1810767960,atlowChemi,test_runner: expose lcov reporter as newable function,closed,2024-04-07T10:23:20Z,2024-04-15T04:16:19Z,2024-04-15T04:16:19Z,"semver-major, author ready, needs-ci, test_runner",main,newable-lcov-reporter,,,,,,,,,False,,27193779,"109660, 30630, None, None"
1810712754,himself65,test_runner: better error handing for test hook,closed,2024-04-07T07:56:26Z,2024-04-15T10:27:17Z,2024-04-15T10:27:17Z,"needs-ci, test_runner",main,himself65/20240407/better-error-handler,,,,,,,,,False,,27193779,"109660, 30630, None, None"
1810605497,nodejs-github-bot,tools: update lint-md-dependencies to rollup@4.14.0,closed,2024-04-07T00:27:07Z,2024-04-09T00:48:41Z,2024-04-09T00:48:41Z,"tools, author ready",main,actions/tools-update-lint-md-dependencies,,,,,,,,,False,,27193779,"109660, 30630, None, None"
1810605436,nodejs-github-bot,deps: update simdjson to 3.9.1,closed,2024-04-07T00:26:51Z,2024-05-09T18:21:42Z,2024-05-09T18:21:42Z,"needs-ci, dependencies, backport-blocked-v20.x",main,actions/tools-update-simdjson,,,,,,,,,False,,27193779,"109660, 30630, None, None"
1810605432,nodejs-github-bot,deps: update simdutf to 5.2.3,closed,2024-04-07T00:26:50Z,,2024-04-08T21:51:58Z,"blocked, needs-ci, dependencies",main,actions/tools-update-simdutf,,,,,,,,,False,,27193779,"109660, 30630, None, None"
1810605416,nodejs-github-bot,deps: update nghttp2 to 1.61.0,closed,2024-04-07T00:26:47Z,2024-04-16T21:22:12Z,2024-04-16T21:22:12Z,"http2, needs-ci, dependencies",main,actions/tools-update-nghttp2,,,,,,,,,False,,27193779,"109660, 30630, None, None"
1810586120,saranrajshri,url: refactor few conditions,closed,2024-04-06T23:44:57Z,,2024-04-23T08:25:24Z,"whatwg-url, needs-ci",main,url-ref,,,,,,,,,False,,27193779,"109660, 30630, None, None"
1810532005,fahrradflucht,doc: call out http(s).globalAgent defaults,closed,2024-04-06T20:26:41Z,2024-04-08T20:33:46Z,2024-04-08T20:33:46Z,doc,main,docs/http-global-agent-defaults,,,,,,,,,False,,27193779,"109660, 30630, None, None"
1810511146,saranrajshri,url: add gopher and ftp to parse format test,closed,2024-04-06T19:25:05Z,,2024-04-23T08:25:38Z,"test, needs-ci",main,url-uts,,,,,,,,,False,,27193779,"109660, 30630, None, None"
1810490854,tniessen,src: update branch name in node_revert.h,closed,2024-04-06T18:05:01Z,2024-04-08T10:52:46Z,2024-04-08T10:52:46Z,"c++, lib / src, fast-track, needs-ci",main,src-revert-branch-name,,,,,,,,,False,,27193779,"109660, 30630, None, None"
1810457061,JikokuAice,added cool emoji in readme.md,closed,2024-04-06T16:01:30Z,,2024-04-06T21:46:19Z,"invalid, doc",main,main,,,,,,,,,False,,27193779,"109660, 30630, None, None"
1810435706,daeyeon,doc: fix typo in cli.md,closed,2024-04-06T14:44:57Z,2024-04-06T18:49:45Z,2024-04-06T18:49:45Z,"doc, cli, fast-track, dont-land-on-v20.x",main,main.fix-typo-240406.Sat.13db,,,,,,,,,False,,27193779,"109660, 30630, None, None"
1810292085,lpinca,[v18.x backport] backport 49574 and 50240 to v18.x,closed,2024-04-06T06:17:46Z,,2024-04-17T13:53:38Z,"test, needs-ci, v18.x",v18.x-staging,backport-49574-and-50240-to-v18.x,,,,,,,,,False,,27193779,"109660, 30630, None, None"
1810291494,cjinhuo,lib: pass through net.Server options during IPC,open,2024-04-06T06:15:27Z,,,"child_process, needs-ci",main,pass_through_net_server_config_during_ipc,,,,,,,,,False,,27193779,"109660, 30630, None, None"
1810070917,anonrig,buffer: improve `atob` performance,closed,2024-04-05T21:43:53Z,,2024-04-08T12:43:31Z,"buffer, lib / src, author ready, needs-ci, commit-queue-rebase",main,deps/simdutf,,,,,,,,,False,,27193779,"109660, 30630, None, None"
1809799726,codebytere,doc: reserve 125 for Electron 31,closed,2024-04-05T17:58:31Z,2024-04-07T18:09:38Z,2024-04-07T18:09:38Z,"doc, author ready",main,nmv-electron-31,,,,,,,,,False,,27193779,"109660, 30630, None, None"
1808855883,targos,tools: run test-ubsan on ubuntu-latest,closed,2024-04-05T09:30:34Z,2024-04-05T19:27:32Z,2024-04-05T19:27:32Z,"meta, fast-track, author ready",main,test-ubsan-latest,,,,,,,,,False,,27193779,"109660, 30630, None, None"
1808854022,targos,tools: run test-asan on ubuntu-24.04,closed,2024-04-05T09:29:49Z,,2024-07-17T11:45:35Z,"help wanted, wip, meta",main,test-asan-latest,,,,,,,,,False,,27193779,"109660, 30630, None, None"
1808571323,Trott,"doc: use consistent plural form of ""index""",closed,2024-04-05T06:39:01Z,2024-04-07T06:46:29Z,2024-04-07T06:46:29Z,"doc, author ready",main,indexes,,,,,,,,,False,,27193779,"109660, 30630, None, None"
1808482958,szuend,src: Fix inefficient usage of v8_inspector::StringView,open,2024-04-05T05:40:48Z,,,"c++, lib / src, needs-ci",main,fix-inspector-string-view-usage,,,,,,,,,False,,27193779,"109660, 30630, None, None"
1807386964,KhafraDev,lib: replace MessageEvent with undici's,closed,2024-04-04T15:52:25Z,2024-04-29T11:05:58Z,2024-04-29T11:05:58Z,"semver-minor, lib / src, tsc-agenda, worker, needs-ci, needs-benchmark-ci, dont-land-on-v18.x, dont-land-on-v20.x",main,replace-messageevent,,,,,,,,,False,,27193779,"109660, 30630, None, None"
1806920181,pimterry,Fix h2-over-h2 connection proxying,closed,2024-04-04T12:36:42Z,2024-04-08T09:53:18Z,2024-04-08T09:53:18Z,"http2, author ready, needs-ci, backported-to-v20.x",main,h2-kSession-bound-error,,,,,,,,,False,,27193779,"109660, 30630, None, None"
1806832279,rluvaton,events: improve `addAbortListener` perf by saving the same options object,open,2024-04-04T11:54:58Z,,,"events, performance, needs-ci",main,improve-add-abort-listener-perf,,,,,,,,,False,,27193779,"109660, 30630, None, None"
1806653797,tniessen,src: add NODE_SECURITY_REVERT environment variable,open,2024-04-04T10:24:41Z,,,"c++, semver-minor, security, needs-ci",main,env-security-revert,,,,,,,jasnell,,False,,27193779,"109660, 30630, None, None"
1806412220,climba03003,src: fix dotenv parsing commented env,closed,2024-04-04T08:24:17Z,,2024-04-07T16:19:58Z,"c++, needs-ci",main,fix-dotenv,,,,,,,,,False,,27193779,"109660, 30630, None, None"
1806318633,mthirumalai2905,Update README.md,closed,2024-04-04T07:35:29Z,,2024-06-12T00:01:13Z,"doc, stalled",main,main,,,,,,,,,False,,27193779,"109660, 30630, None, None"
1806233752,AugustinMauroy,doc: add missing space,closed,2024-04-04T06:42:05Z,2024-04-04T10:57:36Z,2024-04-04T10:57:36Z,"doc, fast-track, author ready",main,fix-typo,,,,,,,,,False,,27193779,"109660, 30630, None, None"
1805729012,rluvaton,watch: fix some node argument not passed to watched process,closed,2024-04-03T22:45:46Z,2024-04-07T20:50:46Z,2024-04-07T20:50:46Z,"needs-ci, commit-queue-squash, watch-mode",main,fix-watch-path-and-require,,,,,,,,,False,,27193779,"109660, 30630, None, None"
1805438218,emmanuel-ferdman,doc: update the location of `build_with_cmake`,closed,2024-04-03T19:35:45Z,2024-04-07T20:34:29Z,2024-04-07T20:34:29Z,"doc, node-api",main,wip,,,,,,,,,False,,27193779,"109660, 30630, None, None"
1805333509,RafaelGSS,doc: use only hackerone handle for security advisory,closed,2024-04-03T18:33:55Z,,2024-04-10T17:01:32Z,doc,main,main,,,,,,,,,False,,27193779,"109660, 30630, None, None"
1805140220,RafaelGSS,doc: add Rafael to sec release stewards,closed,2024-04-03T16:51:50Z,2024-04-05T16:59:13Z,2024-04-05T16:59:13Z,"doc, author ready",main,add-myself-stewards,,,,,,,,,False,,27193779,"109660, 30630, None, None"
1805090723,rluvaton,test: fix watch test with require not testing pid,closed,2024-04-03T16:25:35Z,2024-04-11T10:56:02Z,2024-04-11T10:56:02Z,"test, author ready, needs-ci, commit-queue-squash",main,fix-watch-test,,,,,,,,,False,,27193779,"109660, 30630, None, None"
1804912024,theanarkh,lib: throw error when pass overlapped to spawn_sync,open,2024-04-03T15:03:04Z,,,"child_process, needs-ci, review wanted",main,throw_error_when_pass_overlapped_to_spawn_sync,,,,,,,,,False,,27193779,"109660, 30630, None, None"
1804897118,npm-cli-bot,deps: upgrade npm to 10.5.1,closed,2024-04-03T14:56:13Z,2024-04-07T21:36:14Z,2024-04-07T21:36:14Z,"npm, fast-track, needs-ci",main,npm-v10.5.1-main,,,,,,,,,False,,27193779,"109660, 30630, None, None"
1804868149,mcollina,fs: fixes recursive fs.watch crash on Linux when deleting files,closed,2024-04-03T14:42:00Z,2024-04-19T12:52:15Z,2024-04-19T12:52:15Z,"fs, author ready, needs-ci, commit-queue-squash",main,fix-52018,,,,,,,"cjihrig, aduh95",,False,,27193779,"109660, 30630, None, None"
1804853837,tniessen,"fs,permission: make handling of buffers consistent",closed,2024-04-03T14:34:50Z,2024-04-06T07:37:05Z,2024-04-06T07:37:05Z,"fs, security, author ready, needs-ci, permission",main,perm-fs-symlink-buffer-consistent,,,,,,,,,False,,27193779,"109660, 30630, None, None"
1804841092,theanarkh,src: add UV_PIPE_NO_TRUNCATE for bind in pipe_wrap.cc,closed,2024-04-03T14:28:33Z,2024-05-06T12:56:36Z,2024-05-06T12:56:37Z,"c++, net, semver-major, author ready",main,add_UV_PIPE_NO_TRUNCATE_for_pipe,,,,,,,,,False,,27193779,"109660, 30630, None, None"
1804785481,dipeshagarwaaal,Update README.md,closed,2024-04-03T14:05:07Z,,2024-04-03T14:13:01Z,invalid,main,main,,,,,,,,,False,,27193779,"109660, 30630, None, None"
1804770437,tniessen,crypto: deprecate implicitly shortened GCM tags,closed,2024-04-03T13:58:29Z,2024-04-10T08:16:34Z,2024-04-10T08:16:34Z,"crypto, c++, security, notable-change, author ready, deprecations, needs-ci",main,crypto-gcm-short-auth,,,,,,,bnoordhuis,,False,,27193779,"109660, 30630, None, None"
1804308221,tniessen,crypto: make timingSafeEqual faster for Uint8Array,closed,2024-04-03T10:17:53Z,2024-04-08T11:36:53Z,2024-04-08T11:36:53Z,"crypto, c++, performance, author ready, needs-ci",main,crypto-timingsafeequal-fast,,,,,,,,,False,,27193779,"109660, 30630, None, None"
1804118835,panva,crypto: reject Ed25519/Ed448 in Sign/Verify prototypes,closed,2024-04-03T08:47:01Z,2024-04-08T06:18:43Z,2024-04-08T06:18:44Z,"crypto, c++, author ready, needs-ci",main,fix-oneshot-signer,,,,,,,,,False,,27193779,"109660, 30630, None, None"
1803514888,Bo98,[v18.x] deps: V8: cherry-pick d15d49b09dc7,closed,2024-04-02T23:48:31Z,,2024-04-17T12:05:36Z,"build, v8 engine, needs-ci, v18.x",v18.x-staging,v18.x-staging,,,,,,,,,False,,27193779,"109660, 30630, None, None"
1803435591,kumarrishav,[v18.x] http: remove closeIdleConnections function while calling server close.,closed,2024-04-02T22:09:43Z,,2024-04-17T12:05:45Z,"http, needs-ci, v18.x",v18.x-staging,patch-1,,,,,,,,,False,,27193779,"109660, 30630, None, None"
1803431370,kumarrishav,[v18.x] http: remove closeIdleConnections function while calling server close,closed,2024-04-02T22:05:35Z,,2024-04-02T22:06:23Z,"http, needs-ci, v18.x",v18.x,patch-1,,,,,,,,,False,,27193779,"109660, 30630, None, None"
1803392208,kumarrishav,[v18.x] http: remove closeIdleConnections function while calling server close,closed,2024-04-02T21:34:59Z,,2024-04-02T21:50:08Z,"http, needs-ci, v18.x",v18.x,patch-1,,,,,,,,,False,,27193779,"109660, 30630, None, None"
1803199964,Benricheson101,test_runner: fix clearing final timeout inside own callback,closed,2024-04-02T19:23:35Z,,2024-04-11T07:41:02Z,"author ready, needs-ci, test_runner",main,fix/mock-timer-clear,,,,,,,,,False,,27193779,"109660, 30630, None, None"
1803010784,mweberxyz,http: resume kept-alive when no body allowed,open,2024-04-02T17:41:06Z,,,"http, needs-ci",main,http-keep-alive-auto-resume,,,,,,,,,False,,27193779,"109660, 30630, None, None"
1802977531,nodejs-github-bot,deps: update undici to 6.11.1,closed,2024-04-02T17:18:24Z,,2024-04-03T14:39:15Z,"lib / src, needs-ci, dependencies",main,actions/tools-update-undici,,,,,,,,,False,,27193779,"109660, 30630, None, None"
1802769988,cjihrig,test_runner: make end of work check stricter,closed,2024-04-02T15:23:03Z,2024-04-11T02:43:11Z,2024-04-11T02:43:11Z,"test_runner, backport-open-v20.x",main,root-rerun,,,,,,,,,False,,27193779,"109660, 30630, None, None"
1802248622,MoLow,test_runner: fix recursive run,closed,2024-04-02T11:11:25Z,2024-04-04T13:10:52Z,2024-04-04T13:10:52Z,"needs-ci, test_runner",main,test-runner-recursive-run,,,,,,,,,False,,27193779,"109660, 30630, None, None"
1801994934,targos,"Revert ""tools: run `build-windows` workflow only on source changes""",closed,2024-04-02T08:59:15Z,2024-04-04T09:06:50Z,2024-04-04T09:06:50Z,meta,main,revert-build-windows,,,,,,,,,False,,27193779,"109660, 30630, None, None"
1801699226,lpinca,stream: make Duplex inherit destroy from Writable,closed,2024-04-02T05:54:46Z,2024-04-05T18:34:34Z,2024-04-05T18:34:34Z,needs-ci,main,fix/duplex-destroy,,,,,,,,,False,,27193779,"109660, 30630, None, None"
1801122351,Trott,"doc: replace ""below"" with ""following""",closed,2024-04-01T20:05:26Z,2024-04-03T20:21:29Z,2024-04-03T20:21:29Z,"doc, commit-queue-squash",main,below,,,,,,,,,False,,27193779,"109660, 30630, None, None"
1801010836,dependabot[bot],meta: bump actions/download-artifact from 4.1.3 to 4.1.4,closed,2024-04-01T18:47:47Z,2024-04-03T18:52:45Z,2024-04-03T18:52:45Z,"meta, author ready, dependencies",main,dependabot/github_actions/actions/download-artifact-4.1.4,,,,,,,,,False,,27193779,"109660, 30630, None, None"
1801010802,dependabot[bot],meta: bump rtCamp/action-slack-notify from 2.2.1 to 2.3.0,closed,2024-04-01T18:47:46Z,2024-04-03T18:52:35Z,2024-04-03T18:52:35Z,"meta, author ready, dependencies",main,dependabot/github_actions/rtCamp/action-slack-notify-2.3.0,,,,,,,,,False,,27193779,"109660, 30630, None, None"
1801010681,dependabot[bot],meta: bump github/codeql-action from 3.24.6 to 3.24.9,closed,2024-04-01T18:47:40Z,2024-04-03T18:52:25Z,2024-04-03T18:52:25Z,"meta, author ready, dependencies",main,dependabot/github_actions/github/codeql-action-3.24.9,,,,,,,,,False,,27193779,"109660, 30630, None, None"
1801010677,dependabot[bot],meta: bump actions/cache from 4.0.1 to 4.0.2,closed,2024-04-01T18:47:40Z,2024-04-03T18:52:14Z,2024-04-03T18:52:14Z,"meta, author ready, dependencies",main,dependabot/github_actions/actions/cache-4.0.2,,,,,,,,,False,,27193779,"109660, 30630, None, None"
1801010518,dependabot[bot],meta: bump actions/setup-python from 5.0.0 to 5.1.0,closed,2024-04-01T18:47:32Z,2024-04-03T18:52:04Z,2024-04-03T18:52:04Z,"meta, author ready, dependencies",main,dependabot/github_actions/actions/setup-python-5.1.0,,,,,,,,,False,,27193779,"109660, 30630, None, None"
1801010421,dependabot[bot],meta: bump actions/checkout from 4.1.1 to 4.1.2,closed,2024-04-01T18:47:27Z,,2024-04-12T17:25:33Z,"meta, dependencies",main,dependabot/github_actions/actions/checkout-4.1.2,,,,,,,,,False,,27193779,"109660, 30630, None, None"
1801010420,dependabot[bot],meta: bump codecov/codecov-action from 4.1.0 to 4.1.1,closed,2024-04-01T18:47:27Z,2024-04-03T18:51:54Z,2024-04-03T18:51:54Z,"meta, author ready, dependencies",main,dependabot/github_actions/codecov/codecov-action-4.1.1,,,,,,,,,False,,27193779,"109660, 30630, None, None"
1800628315,pluris,buffer: fix default value for `sourceEnd` in `copy()`,closed,2024-04-01T14:49:37Z,,2024-04-01T15:00:23Z,"buffer, needs-ci",main,fix/default_value_copy,,,,,,,,,False,,27193779,"109660, 30630, None, None"
1800217969,zcbenz,v8: update v8 patch to avoid breaking building with clang,closed,2024-04-01T10:18:18Z,,2024-04-27T08:12:54Z,"v8 engine, needs-ci",main,v8-fix-compilation,,,,,,,targos,,False,,27193779,"109660, 30630, None, None"
1799903215,targos,tools: update Ruff to v0.3.4,closed,2024-04-01T06:30:25Z,2024-04-08T07:42:09Z,2024-04-08T07:42:09Z,build,main,ruff,,,,,,,,,False,,27193779,"109660, 30630, None, None"
1799885941,targos,tools: use Python 3.12 in GitHub Actions workflows,closed,2024-04-01T06:16:15Z,2024-04-03T06:24:57Z,2024-04-03T06:24:57Z,"meta, author ready",main,py-312,,,,,,,,,False,,27193779,"109660, 30630, None, None"
1799763869,nodejs-github-bot,meta: move one or more collaborators to emeritus,closed,2024-04-01T04:11:03Z,2024-04-03T04:19:48Z,2024-04-03T04:19:48Z,"doc, meta",main,actions/inactive-collaborators,,,,,,,,,False,,27193779,"109660, 30630, None, None"
1799558468,MoLow,test_runner: hide new line when no error in spec reporter,closed,2024-03-31T22:58:47Z,2024-04-02T23:03:13Z,2024-04-02T23:03:13Z,"author ready, needs-ci, commit-queue-squash, test_runner",main,test-runner-spec-compact,,,,,,,,,False,,27193779,"109660, 30630, None, None"
1799554568,MoLow,test_runner: improve describe.only behavior,closed,2024-03-31T22:42:05Z,2024-04-02T22:46:06Z,2024-04-02T22:46:06Z,"author ready, needs-ci, commit-queue-squash, test_runner, backport-open-v20.x",main,test-runner-only-improve,,,,,,,,,False,,27193779,"109660, 30630, None, None"
1799512515,joyeecheung,vm: migrate ContextifyScript to cppgc,closed,2024-03-31T21:02:36Z,,2024-08-30T16:58:34Z,"c++, vm, lib / src, needs-ci, commit-queue-rebase, dont-land-on-v18.x, dont-land-on-v20.x, dont-land-on-v22.x",main,cppgc-data,,,,,,,,,False,,27193779,"109660, 30630, None, None"
1799459434,Haappaa,Create Wattpad,closed,2024-03-31T18:12:23Z,,2024-03-31T18:32:18Z,doc,main,patch-1,,,,,,,,,False,,27193779,"109660, 30630, None, None"
1799366000,targos,deps: update V8 to 12.3,closed,2024-03-31T14:06:18Z,,2024-04-19T08:40:02Z,"semver-major, build, v8 engine, needs-ci, commit-queue-rebase",main,v8-123,,,,,,,,,False,,27193779,"109660, 30630, None, None"
1799348773,targos,src: stop using `v8::BackingStore::Reallocate`,closed,2024-03-31T13:34:51Z,2024-04-05T09:20:11Z,2024-04-05T09:20:11Z,"c++, lib / src, needs-ci",main,fix-52234,,,,,,,joyeecheung,,False,,27193779,"109660, 30630, None, None"
1799347021,joyeecheung,module: centralize SourceTextModule compilation for builtin loader,closed,2024-03-31T13:30:35Z,2024-04-03T23:31:48Z,2024-04-03T23:31:48Z,"lib / src, needs-ci, backport-requested-v20.x",main,refactor-esm,,,,,,,,,False,,27193779,"109660, 30630, None, None"
1799313063,jakecastelli,doc: add lint-js-fix into BUILDING.md,closed,2024-03-31T12:15:59Z,2024-04-10T23:45:36Z,2024-04-10T23:45:36Z,"doc, build",main,add-js-lint-fix,,,,,,,,,False,,27193779,"109660, 30630, None, None"
1799167864,cjihrig,test_runner: disable highWatermark on TestsStream,closed,2024-03-31T03:31:33Z,2024-04-02T03:37:30Z,2024-04-02T03:37:30Z,"author ready, test_runner",main,hwm,,,,,,,,,False,,27193779,"109660, 30630, None, None"
1799135589,nodejs-github-bot,tools: update lint-md-dependencies to rollup@4.13.2,closed,2024-03-31T00:26:56Z,2024-04-04T13:10:45Z,2024-04-04T13:10:45Z,"tools, author ready",main,actions/tools-update-lint-md-dependencies,,,,,,,,,False,,27193779,"109660, 30630, None, None"
1799135541,nodejs-github-bot,deps: update c-ares to 1.28.1,closed,2024-03-31T00:26:37Z,2024-04-04T13:10:39Z,2024-04-04T13:10:39Z,"cares, needs-ci, dependencies, commit-queue-squash",main,actions/tools-update-c-ares,,,,,,,,,False,,27193779,"109660, 30630, None, None"
1799103608,rluvaton,doc: fix email pattern to be wrapped with `<<` instead of single `<`,closed,2024-03-30T21:33:34Z,2024-03-31T06:53:09Z,2024-03-31T06:53:09Z,"doc, fast-track, commit-queue-squash",main,fix-email,,,,,,,,,False,,27193779,"109660, 30630, None, None"
1799090035,mertcanaltin,streams: fix util inspect returning undefined for CompressionStream & DecompressionStream,closed,2024-03-30T20:27:35Z,2024-05-12T07:38:40Z,2024-05-12T07:38:40Z,"author ready, needs-ci, web streams, commit-queue-squash",main,dev-52263,,,,,,,jasnell,,False,,27193779,"109660, 30630, None, None"
1799078345,thisalihassan,url: implement parse method for safer URL parsing,closed,2024-03-30T19:38:24Z,2024-04-13T12:57:12Z,2024-04-13T12:57:12Z,"semver-minor, whatwg-url, needs-ci, commit-queue-squash",main,url-parse-implement,,,,,,,"mcollina, lpinca, joyeecheung, Jamesernator",,False,,27193779,"109660, 30630, None, None"
1799073351,segevfiner,build: Add the option to generate compile_commands.json on Windows via vcbuild.bat,closed,2024-03-30T19:18:02Z,,2024-09-21T16:00:20Z,"windows, build, author ready, needs-ci, commit-queue-squash",main,vcbuild-compile-commands,,,,,,,RafaelGSS,,False,,27193779,"109660, 30630, None, None"
1799072823,Aidan7757,lib: adds colors to X's and .'s in test_runner dot reporter,closed,2024-03-30T19:15:35Z,,2024-06-14T14:40:33Z,"needs-ci, test_runner",main,dot_reporter_colored,,,,,,,,,False,,27193779,"109660, 30630, None, None"
1799044771,segevfiner,build: Fix headers install for shared mode on Windows,closed,2024-03-30T17:31:09Z,,2024-04-29T17:32:21Z,"windows, build, author ready, needs-ci",main,fix-shared-node-windows-headers-install,,,,,,,,,False,,27193779,"109660, 30630, None, None"
1798955080,YCChenVictor,lib: refactor lazy loading of undici for fetch method,closed,2024-03-30T14:26:41Z,2024-04-12T17:54:43Z,2024-04-12T17:54:43Z,"lib / src, needs-ci, commit-queue-squash",main,feature/lazy-fetch-undici-loading,,,,,,,,,False,,27193779,"109660, 30630, None, None"
1798810945,mertcanaltin,streams: fix util inspect returning undefined for CompressionStream and DecompressionStream,closed,2024-03-30T07:34:49Z,,2024-03-30T20:07:47Z,"needs-ci, web streams",main,dev-52263,,,,,,,"jasnell, KhafraDev",,False,,27193779,"109660, 30630, None, None"
1798669637,himself65,[v18.x backport] lib: enable global CustomEvent by default,closed,2024-03-30T01:50:52Z,,2024-03-31T19:43:26Z,"c++, process, needs-ci, v18.x",v18.x-staging,himself65/20240529-pick,,,,,,,,,False,,27193779,"109660, 30630, None, None"
1798656349,anonrig,src: handle multiline dotnev edge case,closed,2024-03-30T01:01:12Z,,2024-04-07T14:00:18Z,"test, blocked, needs-ci",main,try-to-reproduce-error,,,,,,,,,False,,27193779,"109660, 30630, None, None"
1798647123,anonrig,src: reserve `node run` command,closed,2024-03-30T00:35:27Z,,2024-04-06T22:40:16Z,"c++, semver-major, tsc-agenda, author ready, needs-ci",main,reserve-node-run,,,,,,,,,False,,27193779,"109660, 30630, None, None"
1798475581,mertcanaltin,src: node crashes due to multiline environment value,closed,2024-03-29T19:38:02Z,,2024-04-07T21:25:06Z,"c++, needs-ci",main,dev-52248,,,,,,,anonrig,,False,,27193779,"109660, 30630, None, None"
1798380742,joyeecheung,module: disallow CJS <-> ESM edges in a cycle from require(esm),closed,2024-03-29T18:26:12Z,2024-04-08T14:45:55Z,2024-04-08T14:45:55Z,"lib / src, needs-ci, commit-queue-squash, backport-blocked-v20.x",main,require-esm-cycle,,,,,,,,,False,,27193779,"109660, 30630, None, None"
1798158768,panva,crypto: validate RSA-PSS saltLength in subtle.sign and subtle.verify,closed,2024-03-29T15:18:18Z,2024-04-03T05:16:10Z,2024-04-03T05:16:10Z,"crypto, author ready, needs-ci, webcrypto",main,webcrypto-validate-saltLength,,,,,,,jasnell,,False,,27193779,"109660, 30630, None, None"
1797364638,atlowChemi,[v20.x backport] test_runner: format coverage report for tap reporter,closed,2024-03-29T05:22:51Z,,2024-04-29T13:52:58Z,"needs-ci, test_runner, v20.x, backported-to-v20.x",v20.x-staging,backport-51119-to-20,,,,,,,,,False,,27193779,"109660, 30630, None, None"
1797300275,Ch3nYuY,deps: remove the duplicate inclusion of sys/random.h in c-ares,closed,2024-03-29T03:53:19Z,,2024-03-31T07:00:21Z,"cares, needs-ci, dependencies",main,fix/cares-CMakeLists.txt,,,,,,,,,False,,27193779,"109660, 30630, None, None"
1796642730,marco-ippolito,doc: add release key for marco-ippolito,closed,2024-03-28T18:24:31Z,,2024-03-31T06:36:48Z,"doc, meta, notable-change, commit-queue-rebase, backported-to-v18.x, backported-to-v20.x",main,fix/gpg-key-doc,,,,,,,,,False,,27193779,"109660, 30630, None, None"
1796614059,richardlau,[v20.x] deps: V8: remove references to non-existent flags,closed,2024-03-28T18:06:04Z,,2024-04-17T11:54:48Z,"build, v8 engine, needs-ci, v20.x",v20.x-staging,maglevflags,,,,,,,,,False,,27193779,"109660, 30630, None, None"
1796427240,congzhangzh,doc: add ccache 4 windows for speeding up buiding section,open,2024-03-28T16:16:35Z,,,"doc, build",main,doc_buiding_speed_up_4_windows,,,,,,,,,True,,27193779,"109660, 30630, None, None"
1796417890,congzhangzh,doc: add ccache suport 4 windows,closed,2024-03-28T16:11:05Z,,2024-03-28T16:14:50Z,"doc, build",main,doc_building_speed_windows,,,,,,,,,True,,27193779,"109660, 30630, None, None"
1796321428,thisalihassan,benchmark: conditionally use spawn with taskset for CPU pinning,closed,2024-03-28T15:21:09Z,2024-04-06T22:43:54Z,2024-04-06T22:43:54Z,"benchmark, performance, author ready, commit-queue-squash",main,taskset_support_benchmark,,,,,,,,,False,,27193779,"109660, 30630, None, None"
1796184277,congzhangzh,doc: remove mold use on mac for speeding up build,closed,2024-03-28T14:13:38Z,,2024-04-30T13:28:49Z,"doc, build",main,doc_building_fix_speed_up_section_4_mac,,,,,,,,,False,,27193779,"109660, 30630, None, None"
1795776777,omkaryc,Update README.md,closed,2024-03-28T10:47:06Z,,2024-03-28T15:48:50Z,doc,main,main,,,,,,,,,False,,27193779,"109660, 30630, None, None"
1795376489,GeoffreyBooth,module: improve detection try catch,closed,2024-03-28T06:28:58Z,,2024-05-06T04:12:59Z,"c++, module, errors, esm, needs-ci",main,fix-try-catch,,,,,,,"targos, aduh95",,True,,27193779,"109660, 30630, None, None"
1795193964,cjihrig,test_runner: run afterEach hooks in correct order,closed,2024-03-28T02:49:19Z,2024-03-30T02:58:11Z,2024-03-30T02:58:11Z,"author ready, test_runner",main,after-each-order,,,,,,,,,False,,27193779,"109660, 30630, None, None"
1794992465,RafaelGSS,benchmark: add toNamespacedPath bench,closed,2024-03-27T22:34:55Z,2024-03-29T22:40:23Z,2024-03-29T22:40:23Z,"path, benchmark, author ready",main,add-toNamespacedPath-bench,,,,,,,,,False,,27193779,"109660, 30630, None, None"
1793546184,nodejs-github-bot,deps: update undici to 6.10.2,closed,2024-03-27T09:54:28Z,2024-03-29T10:01:18Z,2024-03-29T10:01:18Z,"author ready, needs-ci, dependencies",main,actions/tools-update-undici,,,,,,,,,False,,27193779,"109660, 30630, None, None"
1793326942,thomas-mauran,lib: .load .save add proper error message when no file passed,closed,2024-03-27T07:44:17Z,2024-04-06T02:12:19Z,2024-04-06T02:12:20Z,"repl, author ready, commit-queue-squash",main,chore/error-msg-load-save-repl,,,,,,,,,False,,27193779,"109660, 30630, None, None"
1792131391,panva,"test,crypto: update WebCryptoAPI WPT",closed,2024-03-26T16:40:57Z,,2024-03-26T19:47:41Z,"crypto, test, needs-ci, webcrypto",main,wpt-bump,,,,,,,,,False,,27193779,"109660, 30630, None, None"
1792020131,cjihrig,test_runner: omit filtered test from output,closed,2024-03-26T15:53:12Z,2024-03-28T15:57:34Z,2024-03-28T15:57:34Z,"semver-major, author ready, test_runner, backport-open-v20.x",main,filter,,,,,,,,,False,,27193779,"109660, 30630, None, None"
1791136753,codebytere,crypto: enable NODE_EXTRA_CA_CERTS with BoringSSL,closed,2024-03-26T09:15:42Z,2024-04-11T23:29:56Z,2024-04-11T23:29:56Z,"c++, needs-ci, commit-queue-squash",main,openssl-init-boringssl,,,,,,,bnoordhuis,,False,,27193779,"109660, 30630, None, None"
1790838771,kylo5aby,string_decoder: throw an error when writing a too long buffer,closed,2024-03-26T06:06:25Z,,2024-05-04T15:42:41Z,"buffer, c++, string_decoder, needs-ci",main,string_decoder,,,,,,,,,False,,27193779,"109660, 30630, None, None"
1790594911,H4ad,module: print amount of load time of a module,closed,2024-03-26T01:41:52Z,2024-05-30T16:58:59Z,2024-05-30T16:58:59Z,"semver-minor, author ready, needs-ci, review wanted, commit-queue-squash, dont-land-on-v20.x",main,trace-load-module,,,,,,,"lemire, RafaelGSS",,False,,27193779,"109660, 30630, None, None"
1790220128,richardlau,v20.12.0 proposal,closed,2024-03-25T20:23:28Z,2024-03-26T17:25:45Z,2024-03-26T17:25:45Z,"meta, v20.x",v20.x,v20.12.0-proposal,,,,,,,,,False,,27193779,"109660, 30630, None, None"
1789828944,anonrig,tools: skip common extensions on js2c,closed,2024-03-25T16:43:21Z,,2024-06-13T21:40:22Z,tools,main,improve-js2c,,,,,,,,,False,,27193779,"109660, 30630, None, None"
1789510449,mhdawson,doc: move TSC members from regular to emeritus,closed,2024-03-25T14:06:33Z,2024-03-27T14:19:16Z,2024-03-27T14:19:16Z,"doc, author ready",main,move-to-emeritus,,,,,,,,,False,,27193779,"109660, 30630, None, None"
1789026973,bnb,doc: add ESM and CommonJS examples in `fs` documentation,open,2024-03-25T09:41:55Z,,,"doc, fs",main,bnb/fs-docs-examples,,,,,,,,,False,,27193779,"109660, 30630, None, None"
1788710154,MrJithil,Add cls command to repl,open,2024-03-25T05:48:25Z,,,"repl, needs-ci",main,addClsCommandToRepl,,,,,,,"joyeecheung, cola119",,False,,27193779,"109660, 30630, None, None"
1788269328,cjihrig,"doc, test: clarify the behavior of todo tests",closed,2024-03-24T16:49:29Z,,2024-03-26T16:52:41Z,"author ready, commit-queue-rebase",main,todo-tests,,,,,,,,,False,,27193779,"109660, 30630, None, None"
1788095418,meyfa,doc: quote test_runner glob parameters,closed,2024-03-24T08:07:10Z,2024-03-26T09:00:45Z,2024-03-26T09:00:45Z,"doc, test_runner, dont-land-on-v20.x",main,doc/test-quote,,,,,,,,,False,,27193779,"109660, 30630, None, None"
1787994318,nodejs-github-bot,deps: update ngtcp2 to 1.8.1,closed,2024-03-24T00:27:05Z,,2024-11-21T10:58:02Z,"needs-ci, quic, dependencies",main,actions/tools-update-ngtcp2,,,,,,,,,False,,27193779,"109660, 30630, None, None"
1787993964,nodejs-github-bot,deps: update zlib to 1.3.0.1-motley-24c07df,closed,2024-03-24T00:26:03Z,2024-03-27T19:53:28Z,2024-03-27T19:53:28Z,"lib / src, author ready, needs-ci, dependencies",main,actions/tools-update-zlib,,,,,,,,,False,,27193779,"109660, 30630, None, None"
1787971259,Saneeitas,Update README.md,closed,2024-03-23T23:02:20Z,,2024-06-28T22:10:15Z,"doc, meta",main,Saneeitas-patch-1,,,,,,,,,False,,27193779,"109660, 30630, None, None"
1787699535,akashyeole,doc: fix bullet(arrow) alignment vertically in documentation,closed,2024-03-23T07:13:46Z,2024-03-27T23:35:22Z,2024-03-27T23:35:22Z,"doc, commit-queue-failed, commit-queue-squash",main,akashyeole,,,,,,,,,False,,27193779,"109660, 30630, None, None"
1787653691,gabrielschulhof,doc: move gabrielschulhof to TSC emeritus,closed,2024-03-23T04:30:13Z,2024-03-25T04:39:30Z,2024-03-25T04:39:30Z,"doc, author ready",main,move-to-emeritus,,,,,,,,,False,,27193779,"109660, 30630, None, None"
1787369618,anonrig,cli: implement `node --run <script-in-package-json>`,closed,2024-03-22T21:43:13Z,2024-04-08T00:49:14Z,2024-04-08T00:49:14Z,"c++, semver-minor, lib / src, notable-change, needs-ci, backport-blocked-v20.x",main,anonrig/add-node-run-command,,,,,,,"tniessen, joyeecheung, RafaelGSS",,False,,27193779,"109660, 30630, None, None"
1787317142,cjihrig,test: add error only reporter for node:test,closed,2024-03-22T20:56:31Z,,2025-01-11T14:22:46Z,"test, needs-ci",main,test-reporter,,,,,,,legendecas,,False,,27193779,"109660, 30630, None, None"
1785821698,nishaYO,docs: fix broken link in template.html,closed,2024-03-22T03:58:38Z,,2024-03-22T12:32:01Z,doc,main,fix-docs-broken-link,,,,,,,,,False,,27193779,"109660, 30630, None, None"
1785690259,cjihrig,test_runner: don't await the same promise for each test,closed,2024-03-22T01:29:32Z,,2024-03-25T01:01:44Z,"author ready, commit-queue-rebase, test_runner",main,extra-await,,,,,,,MoLow,,False,,27193779,"109660, 30630, None, None"
1785403892,nicolo-ribaudo,"[v18.x] test, v8: fix wrong import attributes test",closed,2024-03-21T21:03:35Z,,2024-03-22T16:32:01Z,"v8 engine, fast-track, needs-ci, v18.x",v18.x-staging,fix-v18-import-attributes-backport,,,,,,,,,False,,27193779,"109660, 30630, None, None"
1785258932,richardlau,deps: V8: backports for gcc 12,closed,2024-03-21T19:42:44Z,,2024-03-23T19:49:44Z,"build, v8 engine, author ready, needs-ci, commit-queue-rebase",main,v8-gcc12,,,,,,,,,False,,27193779,"109660, 30630, None, None"
1785115554,cjihrig,test_runner: simplify test time tracking,closed,2024-03-21T18:16:53Z,,2024-03-25T13:23:38Z,"author ready, commit-queue-rebase, test_runner",main,test-times,,,,,,,,,False,,27193779,"109660, 30630, None, None"
1785051860,congzhangzh,doc: add tips about vcpkg cause build faild on windows,closed,2024-03-21T17:36:58Z,2024-04-03T23:48:55Z,2024-04-03T23:48:55Z,"doc, build, commit-queue-squash",main,add_tips_about_vcpkg_cause_build_failed_on_windows,,,,,,,,,False,,27193779,"109660, 30630, None, None"
1784993487,congzhangzh,doc: add mold to speeding up section,closed,2024-03-21T17:08:16Z,2024-03-25T15:40:10Z,2024-03-25T15:40:10Z,"doc, build, commit-queue-squash",main,add_mold_to_speed_up_section,,,,,,,,,False,,27193779,"109660, 30630, None, None"
1784805183,kylo5aby,fs: keep fs.promises.readFile read until EOF is reached,closed,2024-03-21T15:39:03Z,2024-05-11T15:39:21Z,2024-05-11T15:39:21Z,"fs, needs-ci",main,fs-readfile,,,,,,,,,False,,27193779,"109660, 30630, None, None"
1784785611,aduh95,test: do not set concurrency on parallelized runs,closed,2024-03-21T15:30:10Z,2024-03-23T21:11:28Z,2024-03-23T21:11:28Z,"test, esm, author ready, needs-ci, backport-requested-v20.x",main,TEST_PARALLEL,,,,,,,,,False,,27193779,"109660, 30630, None, None"
1784511355,guymguym,http: add parser kOnStreamAlloc callback for faster uploads,open,2024-03-21T13:25:32Z,,,"http, c++, http_parser, needs-ci, typings",main,guy-node-http-onread,,,,,,,"ShogunPanda, targos",,False,,27193779,"109660, 30630, None, None"
1784229447,nodejs-github-bot,deps: update undici to 6.10.2,closed,2024-03-21T11:13:29Z,,2024-03-27T09:53:10Z,"needs-ci, dependencies",main,actions/tools-update-undici,,,,,,,,,False,,27193779,"109660, 30630, None, None"
1783878564,aduh95,process: wait for `'exit'` before printing result,closed,2024-03-21T08:21:12Z,2024-03-25T12:28:54Z,2024-03-25T12:28:54Z,"semver-major, process, author ready, needs-ci",main,print-promises,,,,,,,,,False,,27193779,"109660, 30630, None, None"
1783343865,H4ad,build: use clang over g++ for ubsan,closed,2024-03-21T01:22:03Z,,2024-03-21T18:32:53Z,meta,main,use-clang-for-ubsan,,,,,,,,,False,,27193779,"109660, 30630, None, None"
1783281994,GeoffreyBooth,module: warn on detection in typeless package,closed,2024-03-21T00:23:43Z,2024-03-23T00:38:31Z,2024-03-23T00:38:31Z,"module, esm, author ready, needs-ci, commit-queue-squash",main,detect-module-warning,,,,,,,,,False,,27193779,"109660, 30630, None, None"
1783003634,joyeecheung,module: add __esModule to require()'d ESM,closed,2024-03-20T20:45:45Z,,2024-07-11T18:59:33Z,"semver-minor, notable-change, experimental, esm, author ready, needs-ci, commit-queue-rebase, backport-open-v20.x",main,namespace,,,,,,,,,False,,27193779,"109660, 30630, None, None"
1782893017,richardlau,v18.20.0 proposal,closed,2024-03-20T19:37:08Z,2024-03-26T17:24:14Z,2024-03-26T17:24:14Z,"release, v18.x",v18.x,v18.20.0-proposal,,,,,,,,,False,,27193779,"109660, 30630, None, None"
1781993514,theanarkh,src: use S_ISDIR to check if the file is dir,closed,2024-03-20T12:26:17Z,2024-05-12T18:07:46Z,2024-05-12T18:07:46Z,"c++, fs, author ready, needs-ci",main,fix_fs_is_dir,,,,,,,,,False,,27193779,"109660, 30630, None, None"
1781686496,legendecas,vm: harden module type checks,closed,2024-03-20T09:36:43Z,2024-03-22T09:41:03Z,2024-03-22T09:41:03Z,"vm, needs-ci, backported-to-v20.x",main,module/brand-check,,,,,,,,,False,,27193779,"109660, 30630, None, None"
1781674709,huseyinacacak-janea,"build,win: fix problems with format-md",closed,2024-03-20T09:29:58Z,,2024-04-24T05:15:37Z,"windows, build, meta, needs-ci, commit-queue-failed, commit-queue-rebase, dont-land-on-v20.x",main,huseyin-12044-fix-issues-in-linter-and-tests-on-windows,,,,,,,,,False,,27193779,"109660, 30630, None, None"
1781450775,RoboSchmied,doc: fix typos in maintaining-dependencies.md,closed,2024-03-20T07:03:00Z,2024-03-21T09:27:58Z,2024-03-21T09:27:58Z,"doc, fast-track, author ready",main,patch-1,,,,,,,,,False,,27193779,"109660, 30630, None, None"
1780313672,dygabo,doc: fix `--env-file` docs to contain the valid quotes ,closed,2024-03-19T16:37:11Z,2024-03-23T19:33:07Z,2024-03-23T19:33:07Z,"doc, cli, author ready",main,doc-env-file-update,,,,,,,,,False,,27193779,"109660, 30630, None, None"
1779963710,theanarkh,doc: optimize child process doc,closed,2024-03-19T13:59:06Z,2024-03-26T10:31:23Z,2024-03-26T10:31:23Z,"child_process, doc",main,optimize_child_process_doc,,,,,,,,,False,,27193779,"109660, 30630, None, None"
1779431409,legendecas,lib: cache source maps in vm sources,open,2024-03-19T09:35:22Z,,,"lib / src, blocked, needs-ci, source maps",main,source-maps/vm,,,,,,,,,False,,27193779,"109660, 30630, None, None"
1779361711,targos,tools: sync ubsan workflow with asan,closed,2024-03-19T08:56:38Z,2024-03-21T09:08:01Z,2024-03-21T09:08:01Z,"meta, author ready, commit-queue-squash",main,update-ubsan,,,,,,,,,False,,27193779,"109660, 30630, None, None"
1779197463,2004hitesh,Update devcontainer.json,closed,2024-03-19T07:07:24Z,,2024-03-19T07:57:58Z,invalid,main,main,,,,,,,,,False,,27193779,"109660, 30630, None, None"
1778839241,anonrig,test: add missing cctest/test_path.cc,closed,2024-03-19T00:54:00Z,2024-03-21T14:36:40Z,2024-03-21T14:36:40Z,"build, fast-track, author ready, needs-ci",main,add-missing-cctest,,,,,,,RafaelGSS,,False,,27193779,"109660, 30630, None, None"
1778389725,Uzlopak,util: improve isInsideNodeModules,closed,2024-03-18T20:58:36Z,2024-05-05T09:57:36Z,2024-05-05T09:57:36Z,"util, author ready, needs-ci, commit-queue-failed, dont-land-on-v18.x",main,util-isInsideNodeModules,,,,,,,,,False,,27193779,"109660, 30630, None, None"
1778386056,cjihrig,test: reduce flakiness of test-runner-output.mjs,closed,2024-03-18T20:57:07Z,2024-03-19T07:38:46Z,2024-03-19T07:38:46Z,"test, fast-track, author ready, needs-ci",main,flake,,,,,,,,,False,,27193779,"109660, 30630, None, None"
1778354933,Uzlopak,chore: NumberParseInt has also always radix,closed,2024-03-18T20:40:48Z,,2024-03-19T20:43:16Z,"lib / src, needs-ci",main,NumberParseInt-with-radix,,,,,,,,,False,,27193779,"109660, 30630, None, None"
1778341762,mhdawson,src: address coverity warning in module_wrap.cc,closed,2024-03-18T20:32:50Z,,2024-03-25T17:50:04Z,"c++, needs-ci, backport-requested-v20.x",main,coverity-47,,,,,,,,,False,,27193779,"109660, 30630, None, None"
1778300879,mhdawson,toosl: fix error reported by coverity in js2c.cc,closed,2024-03-18T20:17:17Z,,2024-03-25T13:53:35Z,tools,main,coverity-46,,,,,,,,,False,,27193779,"109660, 30630, None, None"
1778275839,mhdawson,src: fix move after use reported by coverity,closed,2024-03-18T20:06:08Z,,2024-03-22T22:01:23Z,"c++, vm, needs-ci",main,coverity-45,,,,,,,joyeecheung,,False,,27193779,"109660, 30630, None, None"
1778234255,cjihrig,"Revert ""test_runner: abort unfinished tests on async error""",closed,2024-03-18T19:48:45Z,,2024-03-18T23:57:10Z,"author ready, needs-ci, dont-land-on-v18.x, test_runner, dont-land-on-v20.x",main,revert,,,,,,,,,False,,27193779,"109660, 30630, None, None"
1777990809,lemire,deps: update simdutf to 5.0.0,closed,2024-03-18T17:39:50Z,2024-03-20T17:44:37Z,2024-03-20T17:44:37Z,"semver-minor, notable-change, needs-ci, dependencies",main,update_simdutf_to_500,,,,,,,joyeecheung,,False,,27193779,"109660, 30630, None, None"
1777890791,aduh95,test: add test for using `--print` with promises,closed,2024-03-18T16:50:48Z,2024-03-19T07:02:55Z,2024-03-19T07:02:55Z,"test, fast-track, author ready, needs-ci",main,test-print-promises,,,,,,,,,False,,27193779,"109660, 30630, None, None"
1777800988,theanarkh,lib: fix handle.setSimultaneousAccepts,closed,2024-03-18T16:13:50Z,,2024-03-19T04:48:45Z,"child_process, needs-ci",main,fix_handle_setSimultaneousAccepts,,,,,,,,,False,,27193779,"109660, 30630, None, None"
1777635249,anonrig,fs: move `ToNamespacedPath` to c++,closed,2024-03-18T15:03:52Z,2024-06-20T02:11:10Z,2024-06-20T02:11:10Z,"c++, fs, windows, lib / src, needs-ci, commit-queue-squash",main,simplify-fs,,,,,,,mcollina,,False,,27193779,"109660, 30630, None, None"
1776894542,JacksonTian,lib: fix type error for _refreshLine,closed,2024-03-18T09:15:14Z,2024-03-21T10:48:18Z,2024-03-21T10:48:18Z,"readline, author ready, needs-ci",main,readline,,,,,,,,,False,,27193779,"109660, 30630, None, None"
1776848147,aduh95,test: add `spawnSyncAndAssert` util,closed,2024-03-18T08:57:24Z,2024-03-20T18:44:14Z,2024-03-20T18:44:14Z,"test, author ready, needs-ci",main,spawnSyncAndExitWithoutError,,,,,,,joyeecheung,,False,,27193779,"109660, 30630, None, None"
1776222141,MoLow,test_runner: emit diagnostics when watch mode drains,closed,2024-03-17T21:51:45Z,2024-03-19T21:55:25Z,2024-03-19T21:55:25Z,"needs-ci, test_runner",main,test-runner-emit-diagnostics-when-drained,,,,,,,benjamingr,,False,,27193779,"109660, 30630, None, None"
1776159621,anonrig,fs: refactor maybeCallback function,closed,2024-03-17T18:28:48Z,2024-03-19T18:32:16Z,2024-03-19T18:32:16Z,"fs, author ready, needs-ci",main,refactor-fs,,,,,,,,,False,,27193779,"109660, 30630, None, None"
1776098603,cjihrig,test_runner: add suite(),closed,2024-03-17T15:34:15Z,2024-03-19T15:38:17Z,2024-03-19T15:38:17Z,"semver-minor, needs-ci, test_runner",main,suite,,,,,,,,,False,,27193779,"109660, 30630, None, None"
1775990359,congzhangzh,[vcbuild.bat] bug fix & add ccache support,closed,2024-03-17T10:46:22Z,,2024-03-30T00:45:11Z,"windows, build, needs-ci",main,vcbuild_improve,,,,,,,,,False,,27193779,"109660, 30630, None, None"
1775917307,nodejs-github-bot,deps: update simdjson to 3.8.0,closed,2024-03-17T06:50:11Z,2024-03-25T20:28:24Z,2024-03-25T20:28:24Z,"author ready, needs-ci, dependencies, backport-blocked-v20.x",main,actions/tools-update-simdjson,,,,,,,,,False,,27193779,"109660, 30630, None, None"
1775916997,nodejs-github-bot,deps: update zlib to 1.3.0.1-motley-24342f6,closed,2024-03-17T06:48:46Z,2024-03-19T10:14:40Z,2024-03-19T10:14:40Z,"zlib, author ready, needs-ci, dependencies",main,actions/tools-update-zlib,,,,,,,,,False,,27193779,"109660, 30630, None, None"
1775821963,nodejs-github-bot,tools: update lint-md-dependencies to rollup@4.13.0,closed,2024-03-17T00:25:56Z,2024-03-27T20:23:04Z,2024-03-27T20:23:04Z,tools,main,actions/tools-update-lint-md-dependencies,,,,,,,,,False,,27193779,"109660, 30630, None, None"
1775821727,nodejs-github-bot,tools: update github_reporter to 1.7.0,closed,2024-03-17T00:25:32Z,2024-03-19T00:27:30Z,2024-03-19T00:27:30Z,tools,main,actions/tools-update-github_reporter,,,,,,,,,False,,27193779,"109660, 30630, None, None"
1775770647,IlyasShabi,src: remove comments from env file,closed,2024-03-16T23:24:10Z,,2024-04-12T02:52:57Z,"c++, needs-ci",main,dotenv-remove-comments,,,,,,,lemire,,False,,27193779,"109660, 30630, None, None"
1775629064,theanarkh,lib: emit listening event once when call listen twice,closed,2024-03-16T18:40:00Z,2024-03-19T15:54:59Z,2024-03-19T15:54:59Z,"net, author ready",main,fix_call_net_listen_twice,,,,,,,,,False,,27193779,"109660, 30630, None, None"
1775614621,theanarkh,lib: make sure clear the old timer in http server,closed,2024-03-16T18:04:45Z,2024-03-19T12:42:33Z,2024-03-19T12:42:33Z,"http, author ready, needs-ci",main,clear_old_timer_of_http_server,,,,,,,,,False,,27193779,"109660, 30630, None, None"
1775613826,cjihrig,test_runner: ignore todo flag when running suites,closed,2024-03-16T18:03:09Z,2024-03-18T18:11:34Z,2024-03-18T18:11:34Z,"needs-ci, test_runner, backported-to-v20.x",main,suite-todo,,,,,,,,,False,,27193779,"109660, 30630, None, None"
1775590507,congzhangzh,[BUILDING.md] Update GNU/Linux Speeding up section,closed,2024-03-16T16:58:53Z,,2024-03-22T15:36:29Z,"doc, build",main,patch-2,,,,,,,,,False,,27193779,"109660, 30630, None, None"
1775576147,cjihrig,test_runner: skip each hooks for skipped tests,closed,2024-03-16T16:13:58Z,2024-03-18T16:29:36Z,2024-03-18T16:29:36Z,"author ready, needs-ci, commit-queue-squash, test_runner",main,each-hooks,,,,,,,,,False,,27193779,"109660, 30630, None, None"
1775498607,SuperchupuDev,doc: update pnpm link,closed,2024-03-16T14:22:08Z,2024-03-18T14:27:59Z,2024-03-18T14:27:59Z,"doc, author ready",main,patch-1,,,,,,,,,False,,27193779,"109660, 30630, None, None"
1775359258,akdey1,updated,closed,2024-03-16T08:59:16Z,,2024-03-16T09:22:05Z,"invalid, doc",main,main,,,,,,,,,False,,27193779,"109660, 30630, None, None"
1775252876,haze,stream: add `new` when constructing `ERR_MULTIPLE_CALLBACK`,closed,2024-03-16T03:29:48Z,2024-03-18T09:33:04Z,2024-03-18T09:33:04Z,"author ready, commit-queue-squash",main,pr/hb/err-multiple-callback-fix,,,,,,,,,False,,27193779,"109660, 30630, None, None"
1775095561,Uzlopak,fix: improve event-loop promise state tracking,closed,2024-03-15T22:31:58Z,2024-05-06T20:16:22Z,2024-05-06T20:16:22Z,"process, needs-ci",main,improve-event-loop,,,,,,,aduh95,,False,,27193779,"109660, 30630, None, None"
1775056906,GeoffreyBooth,doc: add policy for “placeholder” executables,closed,2024-03-15T21:54:51Z,,2024-04-16T20:31:50Z,doc,main,placeholder-executables-policy,,,,,,,,,False,,27193779,"109660, 30630, None, None"
1774858866,aduh95,esm: add limited support for `--print`,open,2024-03-15T19:12:07Z,,,"process, errors, needs-ci",main,esm--print,,,,,,,,,False,,27193779,"109660, 30630, None, None"
1774849981,nicolo-ribaudo,esm: drop support for import assertions,closed,2024-03-15T19:06:10Z,2024-04-19T00:01:24Z,2024-04-19T00:01:25Z,"c++, notable-change, needs-ci, commit-queue-squash, dont-land-on-v18.x, dont-land-on-v20.x",main,drop-assert,,,,,,,,,False,,27193779,"109660, 30630, None, None"
1774832159,theanarkh,src: make start of signal_wrap reenterable,open,2024-03-15T18:53:16Z,,,"c++, process, needs-ci",main,fix_signal_wrap,,,,,,,,,False,,27193779,"109660, 30630, None, None"
1774645248,richardlau,fs: fix edge case in readFileSync utf8 fast path,closed,2024-03-15T16:44:05Z,2024-03-18T12:51:51Z,2024-03-18T12:51:51Z,"c++, fs, author ready, needs-ci",main,fixfastpath,,,,,,,,,False,,27193779,"109660, 30630, None, None"
1774618358,jkrems,zlib: add zstd support,closed,2024-03-15T16:29:27Z,,2025-02-08T12:43:57Z,"c++, zlib, semver-minor, notable-change, needs-ci, review wanted, dependencies, commit-queue-rebase",main,zstd,,,,,,,jasnell,,False,,27193779,"109660, 30630, None, None"
1774148273,MoLow,test_runner: skip `--require` for test orchestration process,closed,2024-03-15T13:37:00Z,,2024-05-24T09:01:40Z,"semver-major, process, author ready, needs-ci, commit-queue-failed, commit-queue-squash, test_runner",main,test-runner-require,,,,,,,"benjamingr, aduh95",,False,,27193779,"109660, 30630, None, None"
1773793988,legendecas,lib: convert WeakMaps in cjs loader with symbol properties,closed,2024-03-15T10:00:40Z,2024-04-12T14:39:56Z,2024-04-12T14:39:56Z,"esm, author ready, needs-ci, backport-blocked-v20.x",main,module/weak_map,,,,,,,,,False,,27193779,"109660, 30630, None, None"
1773748389,Leslie-T-art,Update trap-handler.h.patch,closed,2024-03-15T09:33:55Z,,2024-05-06T18:06:11Z,invalid,main,main,,,,,,,,,False,,27193779,"109660, 30630, None, None"
1773427853,GeoffreyBooth,module: eliminate performance cost of ESM syntax detection for CommonJS entry points,closed,2024-03-15T05:07:50Z,2024-03-20T15:48:05Z,2024-03-20T15:48:05Z,"c++, module, lib / src, performance, esm, author ready, needs-ci, commit-queue-squash, backport-open-v20.x",main,optimize-cjs-detection,,,,,,,aduh95,,False,,27193779,"109660, 30630, None, None"
1773382160,cjihrig,test_runner: run top level tests in a microtask,closed,2024-03-15T04:08:31Z,2024-03-17T04:17:36Z,2024-03-17T04:17:36Z,"needs-ci, test_runner",main,start-tests,,,,,,,,,False,,27193779,"109660, 30630, None, None"
1773304717,mhdawson,src: add `process.cveRevert`,open,2024-03-15T02:21:49Z,,,"c++, lib / src, security, needs-ci",main,allow-progrematic-cve-revert,,,,,,,,,True,,27193779,"109660, 30630, None, None"
1773042013,cjihrig,test_runner: remove redundant report call,closed,2024-03-14T21:29:40Z,2024-03-16T21:36:58Z,2024-03-16T21:36:58Z,"needs-ci, test_runner",main,reporting,,,,,,,,,False,,27193779,"109660, 30630, None, None"
1772704878,ruyadorno,doc: update collaborator email,closed,2024-03-14T17:42:51Z,2024-03-16T17:48:59Z,2024-03-16T17:48:59Z,"doc, meta, author ready",main,update-ruyadorno-email-address,,,,,,,,,False,,27193779,"109660, 30630, None, None"
1772509892,ShogunPanda,tools: allow local updates for llhttp,closed,2024-03-14T15:50:21Z,2024-03-30T15:23:30Z,2024-03-30T15:23:30Z,"tools, commit-queue-squash",main,local-llhttp-update,,,,,,,,,False,,27193779,"109660, 30630, None, None"
1771835222,targos,build: speed up compilation of some V8 files,closed,2024-03-14T10:16:23Z,,2024-03-19T07:49:58Z,"v8 engine, tools, author ready, needs-ci, commit-queue-squash, dont-land-on-v20.x",main,fix-slow-tq-csa,,,,,,,,,False,,27193779,"109660, 30630, None, None"
1771700382,atlowChemi,events: extract addAbortListener for safe internal use,closed,2024-03-14T09:01:00Z,,2024-03-16T09:09:02Z,"lib / src, author ready, needs-ci, commit-queue-rebase",main,safe-addAbortListener,,,,,,,,,False,,27193779,"109660, 30630, None, None"
1771601582,atlowChemi,doc: document missing options of events.on,closed,2024-03-14T08:03:36Z,,2024-04-05T14:07:50Z,"doc, events, author ready, needs-ci, commit-queue-rebase",main,document-events-on-options,,,,,,,benjamingr,,False,,27193779,"109660, 30630, None, None"
1771184986,H4ad,process: wait promise resolve before print result,closed,2024-03-14T01:38:29Z,,2024-03-25T12:26:44Z,"semver-major, process, needs-ci",main,print-handle-promises,,,,,,,,,False,,27193779,"109660, 30630, None, None"
1770775766,mhdawson,doc: clarify what is supported in NODE_OPTIONS,closed,2024-03-13T19:38:57Z,,2024-03-22T22:03:00Z,"doc, cli, author ready, commit-queue-squash",main,add-missing-node-options-doc,,,,,,,,,False,,27193779,"109660, 30630, None, None"
1770067414,MoLow,watch: mark as stable,closed,2024-03-13T13:02:49Z,2024-03-15T13:09:48Z,2024-03-15T13:09:48Z,"notable-change, needs-ci, watch-mode",main,watch-mode-stable,,,,,,,,,False,,27193779,"109660, 30630, None, None"
1769830500,marco-ippolito,crypto: runtime deprecate hmac constructor,closed,2024-03-13T11:03:38Z,2024-03-20T16:20:05Z,2024-03-20T16:20:05Z,"crypto, semver-major, deprecations, needs-ci",main,runtime-deprecate-hmac-constructor,,,,,,,,,False,,27193779,"109660, 30630, None, None"
1769793937,aduh95,crypto: fix `input` validation in `crypto.hash`,closed,2024-03-13T10:43:24Z,2024-03-21T11:12:32Z,2024-03-21T11:12:32Z,"crypto, author ready, needs-ci, commit-queue-failed",main,crypto-hash-input-validation,,,,,,,,,False,,27193779,"109660, 30630, None, None"
1769788178,fengmk2,doc: remove ArrayBuffer from crypto.hash() data parameter type,closed,2024-03-13T10:40:06Z,2024-03-13T15:56:33Z,2024-03-13T15:56:33Z,"crypto, doc, fast-track, author ready",main,typo-fix-on-crypto,,,,,,,,,False,,27193779,"109660, 30630, None, None"
1769730207,marco-ippolito,fs: runtime deprecate fs.Stats constructor,closed,2024-03-13T10:10:18Z,2024-03-19T08:17:36Z,2024-03-19T08:17:36Z,"fs, semver-major, author ready, deprecations, needs-ci",main,runtime-deprecate-stats,,,,,,,,,False,,27193779,"109660, 30630, None, None"
1769622188,yashpandey06,Refractored a Line in process.md for better user experience and under…,closed,2024-03-13T09:15:51Z,,2024-03-13T09:50:27Z,"doc, process",main,yash_node-1,,,,,,,,,False,,27193779,"109660, 30630, None, None"
1769576051,legendecas,async_hooks: add SymbolDispose support to AsyncLocalStorage,open,2024-03-13T08:47:39Z,,,"lib / src, async_hooks, needs-ci",main,async_hooks/disposable,,,,,,,benjamingr,,False,,27193779,"109660, 30630, None, None"
1769565968,marco-ippolito,tools: remove gyp-next .github folder,closed,2024-03-13T08:41:01Z,2024-03-15T08:44:08Z,2024-03-15T08:44:08Z,"tools, author ready",main,feat/tools-remove-github-gyp-next,,,,,,,,,False,,27193779,"109660, 30630, None, None"
1769234484,10xLaCroixDrinker,doc: remove ableist language from crypto,closed,2024-03-13T03:30:58Z,2024-03-17T12:10:27Z,2024-03-17T12:10:27Z,"crypto, doc, author ready, backported-to-v18.x, backported-to-v20.x",main,bugfix/remove-ableist-language,,,,,,,,,False,,27193779,"109660, 30630, None, None"
1769180723,nodejs-github-bot,tools: update gyp-next to 0.16.2,closed,2024-03-13T02:15:27Z,2024-03-15T02:27:45Z,2024-03-15T02:27:45Z,"build, tools, needs-ci, gyp",main,actions/tools-update-gyp-next,,,,,,,,,False,,27193779,"109660, 30630, None, None"
1769155287,theanarkh,lib: support keepOpen options in process.send for handle/socket/server,closed,2024-03-13T01:41:09Z,,2024-03-30T15:34:36Z,"child_process, needs-ci",main,support_keepopen_options_for_all_handle,,,,,,,,,False,,27193779,"109660, 30630, None, None"
1768775376,MoLow,test_runner: use source maps when reporting coverage,closed,2024-03-12T19:35:56Z,2024-03-15T06:33:42Z,2024-03-15T06:33:42Z,"needs-ci, commit-queue-squash, test_runner",main,test-runner-coverage-use-source-maps,,,,,,,,,False,,27193779,"109660, 30630, None, None"
1768660649,GeoffreyBooth,doc: add spec for contains module syntax,closed,2024-03-12T18:27:53Z,2024-03-20T03:09:33Z,2024-03-20T03:09:33Z,"doc, module, esm, commit-queue-squash",main,contains-module-syntax-spec,,,,,,,,,False,,27193779,"109660, 30630, None, None"
1768636267,legendecas,"lib,src: iterate module requests of a module wrap in JS",closed,2024-03-12T18:14:52Z,2024-04-25T10:33:15Z,2024-04-25T10:33:15Z,"c++, lib / src, needs-ci, backport-open-v20.x",main,module/link,,,,,,,,,False,,27193779,"109660, 30630, None, None"
1768539057,RafaelGSS,doc: mention NodeSource in RafaelGSS steward list,closed,2024-03-12T17:28:13Z,2024-03-14T17:34:10Z,2024-03-14T17:34:10Z,"doc, author ready",main,update-steward-rafaelgss-org,,,,,,,,,False,,27193779,"109660, 30630, None, None"
1768118871,theanarkh,lib: fix listen with handle in cluster worker,closed,2024-03-12T14:50:52Z,2024-03-14T14:54:31Z,2024-03-14T14:54:31Z,"net, author ready",main,fix_listen_with_handle,,,,,,,,,False,,27193779,"109660, 30630, None, None"
1766991690,anonrig,fs: validate remaining fd calls from cpp,closed,2024-03-12T01:44:57Z,,2024-03-14T02:01:28Z,"c++, fs, author ready, needs-ci, commit-queue-rebase",main,more-fs-stuff,,,,,,,"lemire, santigimeno, joyeecheung",,False,,27193779,"109660, 30630, None, None"
1766967208,anonrig,fs: validate file mode from cpp,closed,2024-03-12T01:16:17Z,2024-03-14T01:22:55Z,2024-03-14T01:22:55Z,"c++, lib / src, author ready, needs-ci",main,move-get-valid-mode-to-cpp,,,,,,,"jasnell, tniessen, joyeecheung",,False,,27193779,"109660, 30630, None, None"
1766558503,joyeecheung,module: support ESM detection in the CJS loader,closed,2024-03-11T19:45:33Z,2024-04-29T20:21:54Z,2024-04-29T20:21:54Z,"module, lib / src, cli, esm, author ready, needs-ci, commit-queue-squash, dont-land-on-v18.x, backport-open-v20.x",main,require-module-with-detection,,,,,,,,,False,,27193779,"109660, 30630, None, None"
1765739578,theanarkh,doc: optimize the doc about Unix abstract socket,closed,2024-03-11T13:48:45Z,2024-03-19T15:29:55Z,2024-03-19T15:29:55Z,"doc, net, author ready",main,optimize_net_doc,,,,,,,,,False,,27193779,"109660, 30630, None, None"
1765339288,marco-ippolito,util: support array of formats in util.styleText,closed,2024-03-11T10:12:44Z,2024-03-15T10:42:21Z,2024-03-15T10:42:21Z,"util, semver-minor, author ready, needs-ci",main,feat/text-style-array,,,,,,,,,False,,27193779,"109660, 30630, None, None"
1764791610,legendecas,src: return a number from process.constrainedMemory() constantly,closed,2024-03-11T03:12:45Z,,2024-03-14T16:28:03Z,"c++, author ready, needs-ci",main,process/contrained,,,,,,,,,False,,27193779,"109660, 30630, None, None"
1764612291,cjihrig,test_runner: support forced exit,closed,2024-03-10T22:03:35Z,2024-03-13T10:49:15Z,2024-03-13T10:49:15Z,"semver-minor, lib / src, needs-ci",main,force-exit,,,,,,,,,False,,27193779,"109660, 30630, None, None"
