11138,6,1,0,0,0.0,closed,False,False
11132,8,8,0,0,0.0,open,False,False
11127,92,0,0,0,0.0,closed,True,True
11126,2,2,0,0,0.0,open,False,False
11123,2,2,1,0,0.0,closed,True,True
11116,1,1,1,0,0.0,closed,False,False
11115,3,2,0,0,0.0,closed,True,True
11111,3,3,0,0,0.0,closed,True,True
11110,4,4,0,0,0.0,closed,False,False
11107,204,43,0,0,0.0,closed,True,True
11106,3,3,0,0,0.0,closed,True,True
11102,3,3,0,0,0.0,closed,True,True
11088,3,3,0,0,0.0,closed,True,True
11087,4,4,0,0,0.0,closed,True,True
11086,71,37,0,0,0.0,closed,True,True
11080,0,0,0,0,0,closed,False,False
11078,7,0,0,0,0.0,closed,True,True
11075,1,1,0,0,0.0,closed,True,True
11074,2,2,0,0,0.0,closed,False,False
11068,664,0,1,0,0.0,closed,True,True
11054,459,459,0,0,0.0,closed,True,True
11051,337,569,0,0,0.0,closed,False,False
11048,20,20,0,0,0.0,closed,False,False
11046,1,1,0,0,0.0,closed,True,True
11042,1,1,0,0,0.0,closed,True,True
11040,3999,458,2,0,0.0,closed,True,True
11036,0,27770,0,0,0.0,closed,False,False
11035,1,1,0,0,0.0,closed,False,False
11032,3,1,0,0,0.0,closed,True,True
11029,1,1,1,0,0.0,closed,True,True
11024,7,7,0,0,0.0,closed,True,True
11023,6,0,0,0,0.0,closed,False,False
11022,9,4,0,0,0.0,closed,False,False
11021,2,2,0,0,0.0,closed,False,False
11020,4,4,0,0,0.0,closed,True,True
11016,40,0,0,0,0.0,closed,True,True
11015,214,452,0,0,0.0,closed,False,False
11014,1,1,0,0,0.0,closed,False,False
11013,32,18,0,0,0.0,closed,True,True
11001,3,3,1,0,0.0,closed,False,False
10999,1,1,0,0,0.0,closed,False,False
10995,10,1,1,0,0.0,closed,False,False
10994,3,3,0,0,0.0,closed,False,False
10984,1,1,0,0,0.0,closed,True,True
10981,2,2,0,0,0.0,closed,False,False
10979,1,1,0,0,0.0,closed,True,True
10978,2,2,0,0,0.0,closed,True,True
10974,11,6,0,0,0.0,closed,True,True
10966,352,352,0,0,0.0,closed,True,True
10961,3,3,0,0,0.0,closed,False,False
10955,45,28,0,0,0.0,closed,True,True
10954,3,3,0,0,0.0,closed,True,True
10953,46,26,0,0,0.0,closed,False,False
10941,664,0,2,0,0.0,closed,True,True
10939,1654,61,0,0,0.0,closed,True,True
10936,1,1,0,0,0.0,closed,False,False
10931,2,2,0,0,0.0,closed,False,False
10930,1,0,0,0,0.0,closed,False,False
10929,4,3,0,0,0.0,closed,False,False
10903,159,85,0,0,0.0,closed,False,False
10901,3,3,0,0,0.0,closed,True,True
10898,28,29,0,0,0.0,closed,False,False
10897,1866,1866,0,0,0.0,closed,False,False
10895,1,1,0,0,0.0,closed,True,True
10884,5,5,0,0,0.0,closed,True,True
10883,2,2,0,0,0.0,closed,True,True
10882,1,1,0,0,0.0,closed,False,False
10878,1,0,0,0,0.0,closed,True,True
10868,4,4,0,0,0.0,closed,True,True
10867,21,5,0,0,0.0,closed,True,True
10866,4,4,0,0,0.0,closed,True,True
10865,2,2,0,0,0.0,closed,False,False
10864,12,31,0,0,0.0,closed,False,False
10863,11,31,0,0,0.0,closed,False,False
10859,13,19,0,0,0.0,closed,True,True
10858,357,370,0,0,0.0,closed,False,False
10857,71,36,3,0,0.0,closed,False,False
10856,24,23,0,0,0.0,closed,True,True
10855,2,1,0,0,0.0,closed,False,False
10854,27,29,0,0,0.0,closed,True,True
10853,170,168,0,0,0.0,closed,True,True
10847,265,139,0,0,0.0,closed,True,True
10846,1,1,1,0,0.0,closed,False,False
10843,25,2,0,0,0.0,closed,True,True
10834,2,2,0,0,0.0,closed,True,True
10833,2714,270,45,38,0.6440677966101694,closed,False,False
10829,5,5,0,0,0.0,closed,True,True
10827,2,2,0,2,2.0,closed,True,True
10821,0,7976,0,0,0.0,closed,False,False
10820,572,564,0,0,0.0,closed,False,False
10819,0,0,0,0,0.0,closed,False,False
10815,1,0,0,0,0.0,closed,True,True
10813,5,5,1,0,0.0,closed,True,True
10812,1,1,0,0,0.0,closed,True,True
10809,12,9,0,0,0.0,closed,True,True
10806,30,7,0,0,0.0,closed,True,True
10805,1,1,0,0,0.0,closed,False,False
10804,14,14,0,0,0.0,closed,True,True
10799,4,4,0,0,0.0,closed,True,True
10796,1,1,2,0,0.0,closed,True,True
10794,1,1,0,0,0.0,closed,True,True
10793,25,25,0,0,0.0,closed,False,False
10792,85,38,0,0,0.0,closed,True,True
10790,4,4,0,0,0.0,closed,False,False
10782,9,9,0,0,0.0,closed,False,False
10781,269,33,0,0,0.0,closed,True,True
10758,40,2,1,0,0.0,closed,False,False
10754,2,1,0,0,0.0,closed,False,False
10753,94,27,0,0,0.0,closed,True,True
10749,7,3,0,0,0.0,closed,True,True
10745,2,2,0,0,0.0,closed,False,False
10744,2,1,0,0,0.0,closed,False,False
10741,1,1,0,0,0.0,closed,False,False
10724,35,33,0,0,0.0,closed,False,False
10719,1,0,0,0,0.0,closed,False,False
10705,23,0,0,0,0.0,closed,False,False
10697,3,3,0,0,0.0,closed,False,False
10693,4,0,0,0,0.0,closed,False,False
10688,8404,1,0,0,0.0,closed,False,False
10677,9,8,3,0,0.0,closed,False,False
10671,2021,1773,0,0,0.0,closed,True,True
10667,4,4,0,0,0.0,closed,False,False
10661,120,120,0,0,0.0,closed,True,True
10641,1,1,0,0,0.0,closed,False,False
10635,110,57,0,0,0.0,closed,False,False
10634,2,0,0,0,0.0,closed,False,False
10614,0,4,1,0,0.0,closed,True,True
10610,1,1,1,0,0.0,closed,False,False
10609,72,7,0,0,0.0,closed,True,True
10608,138,17,0,0,0.0,closed,True,True
10607,4,4,0,0,0.0,closed,False,False
10606,1,1,0,0,0.0,closed,False,False
10604,661,659,1,0,0.0,closed,False,False
10600,37,37,0,0,0.0,closed,True,True
10595,5,4,0,0,0.0,closed,False,False
10594,98,98,0,0,0.0,closed,True,True
10593,11,0,0,0,0.0,closed,True,True
10587,0,1,0,0,0.0,closed,True,True
10586,1,1,0,0,0.0,closed,True,True
10583,4,4,0,0,0.0,closed,False,False
10579,372,1,1,0,0.0,closed,True,True
10578,1,0,0,0,0.0,closed,False,False
10577,0,0,0,0,0,closed,False,False
10576,7,3,0,0,0.0,closed,True,True
10574,8,0,0,0,0.0,closed,False,False
10570,9,22,0,0,0.0,closed,True,True
10569,3,3,0,0,0.0,closed,False,False
10566,4,4,0,0,0.0,closed,False,False
10562,1,1,0,0,0.0,closed,True,True
10560,1837,1689,0,0,0.0,closed,False,False
10558,13,13,0,0,0.0,closed,False,False
10555,7,6,0,0,0.0,closed,True,True
10549,11,9,0,0,0.0,closed,False,False
10548,13,13,0,0,0.0,closed,True,True
10547,59,100,1,0,0.0,closed,False,False
10543,71,7989,0,0,0.0,closed,True,True
10541,2,2,4,0,0.0,closed,True,True
10532,2,2,0,0,0.0,closed,False,False
10531,4,4,0,0,0.0,closed,False,False
10528,8,3,0,0,0.0,closed,False,False
10527,7,1,0,0,0.0,closed,False,False
10526,8,1,0,0,0.0,closed,False,False
10513,51,3,0,0,0.0,closed,False,False
10512,1,1,0,0,0.0,closed,False,False
10511,2,2,0,0,0.0,closed,False,False
10501,2,2,0,0,0.0,closed,False,False
10500,1,1,0,0,0.0,closed,True,True
10498,3370,2253,0,0,0.0,closed,False,False
10474,3,3,0,0,0.0,closed,False,False
10473,1,1,0,0,0.0,closed,False,False
10468,2,2,0,0,0.0,closed,True,True
10467,0,0,0,0,0,closed,False,False
10464,2,1,0,0,0.0,closed,True,True
10463,6,3,1,0,0.0,closed,True,True
10459,719,532,0,0,0.0,closed,True,True
10458,658,658,1,0,0.0,closed,False,False
10452,1,1,1,0,0.0,closed,True,True
10449,2237,1229,0,0,0.0,closed,False,False
10448,5,2,1,0,0.0,closed,False,False
10445,6,6,0,0,0.0,closed,True,True
10442,1,1,0,0,0.0,closed,True,True
10436,2,9,0,0,0.0,closed,True,True
10435,2,2,0,0,0.0,closed,False,False
10433,3,3,0,0,0.0,closed,False,False
10429,0,0,0,0,0.0,closed,False,False
10420,8,2,0,0,0.0,closed,False,False
10413,2,2,0,0,0.0,closed,True,True
10412,1,1,0,0,0.0,closed,False,False
10410,3,3,0,0,0.0,closed,False,False
10408,216,14,2,5,1.6666666666666667,closed,False,False
10407,22,22,0,0,0.0,closed,True,True
10404,1,1,0,0,0.0,closed,False,False
10399,30,1,0,0,0.0,closed,True,True
10398,1384,1277,0,0,0.0,closed,False,False
10394,2,12,0,0,0.0,closed,True,True
10381,1,1,0,0,0.0,closed,True,True
10377,7,7,0,0,0.0,closed,False,False
10375,12,10,0,0,0.0,closed,False,False
10374,3,1,0,0,0.0,closed,True,True
10364,22,18,0,0,0.0,closed,True,True
10361,8,0,0,0,0.0,closed,True,True
10356,12,8,0,0,0.0,closed,True,True
10355,1,9,0,0,0.0,closed,False,False
10352,2,2,0,0,0.0,closed,False,False
10350,2,2,0,0,0.0,closed,False,False
10346,13,13,0,0,0.0,closed,True,True
10343,206620,14720,0,0,0.0,closed,False,False
10337,6,0,0,0,0.0,closed,True,True
10335,2,1,0,0,0.0,closed,False,False
10332,44,40,2,0,0.0,closed,True,True
10330,3,1,0,0,0.0,closed,True,True
10327,45,35,1,0,0.0,closed,True,True
10326,62,2,1,0,0.0,closed,True,True
10324,95,79,0,0,0.0,closed,True,True
10320,1,1,0,0,0.0,closed,True,True
10316,36,50,0,0,0.0,closed,True,True
10314,1,1,0,0,0.0,closed,True,True
10312,7,7,0,0,0.0,closed,True,True
10310,188,10,0,0,0.0,closed,False,False
10306,1,1,0,0,0.0,closed,True,True
10305,1,1,0,0,0.0,closed,True,True
10304,3,3,0,0,0.0,closed,True,True
10297,10,1,0,0,0.0,closed,True,True
10294,57,31,0,0,0.0,closed,True,True
10293,18,0,19,0,0.0,closed,True,True
10288,4,1,1,0,0.0,closed,True,True
10287,162,162,0,0,0.0,closed,True,True
10285,15,8,0,0,0.0,closed,False,False
10284,3,3,0,0,0.0,closed,False,False
10283,27,0,0,0,0.0,closed,True,True
10277,2,1,0,0,0.0,closed,False,False
10275,3,2,0,0,0.0,closed,False,False
10274,539,118,24,0,0.0,closed,False,False
10273,87,59,4,0,0.0,closed,True,True
10272,601,594,0,0,0.0,closed,True,True
10271,3,2,0,0,0.0,closed,False,False
10265,2,2,0,0,0.0,closed,True,True
10262,0,60,0,0,0.0,closed,True,True
10260,60,0,0,0,0.0,closed,True,True
10253,174,336,0,0,0.0,closed,False,False
10248,1,1,0,0,0.0,closed,True,True
10246,161,153,0,0,0.0,closed,False,False
10245,1,1,0,0,0.0,closed,True,True
10243,2,2,0,0,0.0,closed,True,True
10242,59,6,0,0,0.0,closed,True,True
10237,5,0,0,0,0.0,closed,False,False
10236,4,3,0,0,0.0,closed,False,False
10235,6,1,0,0,0.0,closed,True,True
10233,1,1,0,0,0.0,closed,True,True
10231,1,1,0,0,0.0,closed,True,True
10229,5,5,0,0,0.0,closed,False,False
10228,2,2,0,0,0.0,closed,True,True
10227,45,45,0,0,0.0,closed,True,True
10225,45,1,0,0,0.0,closed,True,True
10224,126,53,0,0,0.0,closed,True,True
10223,80,36,0,0,0.0,closed,True,True
10218,41,118,0,0,0.0,closed,True,True
10217,16,16,0,0,0.0,closed,True,True
10213,16,84,0,0,0.0,closed,False,False
10211,35,38,0,0,0.0,closed,True,True
10209,302,77,2,0,0.0,closed,False,False
10192,30,17,0,0,0.0,closed,True,True
10191,44,3,0,0,0.0,closed,True,True
10187,7,1,0,0,0.0,closed,False,False
10186,3,44,0,0,0.0,closed,True,True
10185,0,40,1,0,0.0,closed,False,False
10184,17,161,0,0,0.0,closed,True,True
10183,1,1,0,0,0.0,closed,True,True
10182,5,1,0,0,0.0,closed,False,False
10174,1,1,0,0,0.0,closed,True,True
10171,2038,49,0,0,0.0,closed,True,True
10167,5,1,0,0,0.0,closed,False,False
10165,74,40,0,0,0.0,closed,True,True
10162,19,19,0,0,0.0,closed,True,True
10161,7,0,0,0,0.0,closed,False,False
10157,9,8,1,0,0.0,closed,False,False
10156,1,0,0,0,0.0,closed,False,False
10151,54,2,0,0,0.0,closed,True,True
10150,140,142,0,0,0.0,closed,True,True
10149,140,141,0,0,0.0,closed,False,False
10146,161,17,0,0,0.0,closed,True,True
10144,6,6,0,0,0.0,closed,False,False
10143,1,1,0,0,0.0,closed,True,True
10142,24,3,0,0,0.0,closed,False,False
10139,38,12,0,0,0.0,closed,True,True
10138,2,2,0,0,0.0,closed,True,True
10135,46,23,0,0,0.0,closed,True,True
10133,1,1,0,0,0.0,closed,True,True
10132,1,0,0,0,0.0,closed,False,False
10128,44,3,0,0,0.0,closed,True,True
10124,2,2,0,0,0.0,closed,True,True
10120,213,348,1,0,0.0,closed,True,True
10119,18,13,0,0,0.0,closed,True,True
10117,352,11,0,0,0.0,closed,True,True
10112,3,3,1,0,0.0,closed,False,False
10111,3,0,0,0,0.0,closed,True,True
10105,97,46,0,2,1.0,closed,True,True
10103,23,27,0,0,0.0,closed,True,True
10101,827,698,0,0,0.0,closed,False,False
10100,827,698,0,0,0.0,closed,False,False
10094,27,4,0,0,0.0,closed,False,False
10086,55,38,0,0,0.0,closed,False,False
10076,2,2,0,0,0.0,closed,True,True
10075,1,1,0,0,0.0,closed,True,True
10070,19,7,0,0,0.0,closed,True,True
10069,2,2,0,0,0.0,closed,True,True
10068,28,3,0,0,0.0,closed,True,True
10067,1,1,0,0,0.0,closed,True,True
10064,25,3,0,0,0.0,closed,True,True
10063,85,18,0,0,0.0,closed,True,True
10060,8,3,0,0,0.0,closed,True,True
10056,9,9,0,0,0.0,closed,True,True
10055,1,1,0,0,0.0,closed,True,True
10054,9,40,0,0,0.0,closed,True,True
10053,3,2,0,0,0.0,closed,True,True
10051,7,3,0,0,0.0,closed,False,False
10042,7,6,0,0,0.0,closed,True,True
10040,56,54,0,0,0.0,closed,True,True
10035,1,0,0,0,0.0,closed,True,True
10032,1,1,0,0,0.0,closed,False,False
10031,1,1,0,0,0.0,closed,False,False
10029,2,0,0,0,0.0,closed,True,True
10028,2,0,0,0,0.0,closed,False,False
10027,3,3,0,0,0.0,closed,False,False
10025,105,21,0,0,0.0,closed,True,True
10024,3,3,0,0,0.0,closed,True,True
10023,2,2,0,0,0.0,closed,False,False
10020,7,1,0,0,0.0,closed,True,True
10019,5,1,0,0,0.0,closed,True,True
10012,27,10,0,0,0.0,closed,True,True
10001,1,1,0,1,1.0,closed,False,False
9999,13,1,0,0,0.0,closed,False,False
9997,1,1,0,0,0.0,closed,True,True
9993,312,7,11,16,8.0,closed,True,True
9987,1,0,0,0,0.0,closed,False,False
9986,34,0,0,0,0.0,closed,True,True
9985,10,2,0,0,0.0,closed,True,True
9982,1,0,0,0,0.0,closed,False,False
9979,4,4,0,0,0.0,closed,False,False
9978,2,2,0,0,0.0,closed,False,False
9976,37,20,0,0,0.0,closed,True,True
9975,2,2,0,0,0.0,closed,True,True
9972,6,5,0,0,0.0,closed,True,True
9971,1,0,0,0,0.0,closed,False,False
9968,253,299,2,0,0.0,closed,True,True
9966,2,0,0,0,0.0,closed,True,True
9965,1,1,0,0,0.0,closed,False,False
9962,1,1,0,0,0.0,closed,True,True
9961,1,1,0,0,0.0,closed,True,True
9960,28,5,0,0,0.0,closed,True,True
9957,9,0,1,0,0.0,closed,False,False
9954,79,40,0,0,0.0,closed,True,True
9950,669,46,0,0,0.0,closed,True,True
9947,6,0,0,0,0.0,closed,True,True
9946,70,82,0,0,0.0,closed,False,False
9945,0,12,0,0,0.0,closed,False,False
9944,2,6,0,0,0.0,closed,True,True
9942,21,18,1,0,0.0,closed,False,False
9941,15,6,1,0,0.0,closed,False,False
9940,28,4,4,0,0.0,closed,False,False
9939,1,2,0,0,0.0,closed,True,True
9938,93,5,0,0,0.0,closed,True,True
9937,7,3,0,0,0.0,closed,False,False
9935,1,1,0,0,0.0,closed,True,True
9934,2,2,0,0,0.0,closed,True,True
9929,3,3,0,0,0.0,closed,False,False
9919,1,0,0,0,0.0,closed,False,False
9914,79,331,0,0,0.0,closed,True,True
9908,49,39,0,0,0.0,closed,False,False
9899,10,54,0,0,0.0,closed,True,True
9897,1,1,0,0,0.0,closed,True,True
9895,23,6,0,0,0.0,closed,True,True
9893,131,22,2,6,1.5,closed,True,True
9881,8,1,0,0,0.0,closed,True,True
9880,13,3,0,0,0.0,closed,True,True
9878,84,0,0,0,0.0,closed,True,True
9875,40,50,0,0,0.0,closed,True,True
9874,173,126,0,0,0.0,closed,True,True
9871,122,153,0,0,0.0,closed,True,True
9870,153,122,0,0,0.0,closed,True,True
9868,153,122,0,0,0.0,closed,False,False
9866,1,1,0,0,0.0,closed,True,True
9863,1,1,0,0,0.0,closed,True,True
9860,24,1,0,0,0.0,closed,True,True
9859,2,2,2,0,0.0,closed,False,False
9857,3,7,0,0,0.0,closed,True,True
9856,18,9,0,0,0.0,closed,True,True
9855,70,63,0,0,0.0,closed,True,True
9853,2,2,1,0,0.0,closed,False,False
9847,58,0,0,0,0.0,closed,False,False
9846,6,3,0,0,0.0,closed,True,True
9843,29,21,0,0,0.0,closed,True,True
9840,36,50,0,0,0.0,closed,False,False
9833,55,55,1,0,0.0,closed,True,True
9829,879,4,0,0,0.0,closed,False,False
9827,120,10,0,0,0.0,closed,True,True
9824,2,0,0,0,0.0,closed,True,True
9821,1,1,0,0,0.0,closed,False,False
9820,2,2,0,0,0.0,closed,False,False
9819,1,1,0,0,0.0,closed,False,False
9811,84,37,0,0,0.0,closed,True,True
9805,2,3,0,0,0.0,closed,False,False
9803,33,12,0,0,0.0,closed,True,True
9797,99,27,0,0,0.0,closed,True,True
9795,3,3,0,0,0.0,closed,True,True
9794,2,2,0,0,0.0,closed,False,False
9792,5,5,0,0,0.0,closed,True,True
9791,37,24,0,0,0.0,closed,True,True
9790,0,20,0,0,0.0,closed,True,True
9787,29,33,0,0,0.0,closed,True,True
9786,4,7,0,0,0.0,closed,True,True
9785,1,1,0,0,0.0,closed,True,True
9784,36,20,0,0,0.0,closed,True,True
9783,16,10,0,0,0.0,closed,True,True
9782,4,3,0,0,0.0,closed,True,True
9780,10,16,0,0,0.0,closed,True,True
9779,3,1,0,0,0.0,closed,True,True
9777,1005,269,0,0,0.0,closed,False,False
9775,4,1,0,0,0.0,closed,True,True
9772,236,15,0,0,0.0,closed,True,True
9771,1,1,0,0,0.0,closed,True,True
9769,35,11,0,0,0.0,closed,True,True
9768,1,1,0,0,0.0,closed,True,True
9767,25,11,0,0,0.0,closed,True,True
9766,17,3,0,0,0.0,closed,True,True
9763,10,10,0,0,0.0,closed,True,True
9762,289,289,0,0,0.0,closed,True,True
9760,7,1,0,0,0.0,closed,False,False
9759,7,1,0,0,0.0,closed,False,False
9757,16,5,0,0,0.0,closed,True,True
9755,26,48,2,0,0.0,closed,True,True
9752,1,1,0,0,0.0,closed,True,True
9747,3,3,0,0,0.0,closed,False,False
9746,1,0,0,0,0.0,closed,False,False
9742,1,1,0,0,0.0,closed,True,True
9741,1,1,0,0,0.0,closed,True,True
9739,61,69,0,0,0.0,closed,True,True
9738,1,1,0,0,0.0,closed,False,False
9737,513,46,0,0,0.0,closed,False,False
9736,45,1,0,0,0.0,closed,True,True
9733,43,3,0,0,0.0,closed,True,True
9731,222,52,0,0,0.0,closed,True,True
9726,4,4,0,0,0.0,closed,True,True
9718,2,2,0,0,0.0,closed,True,True
9717,64,44,0,0,0.0,closed,True,True
9715,34,14,0,0,0.0,closed,True,True
9713,9,9,2,0,0.0,closed,True,True
9712,5,5,0,0,0.0,closed,True,True
9711,442,322,0,0,0.0,closed,True,True
9700,2,9,0,0,0.0,closed,True,True
9699,1,1,0,0,0.0,closed,True,True
9697,70,3,0,0,0.0,closed,True,True
9696,21,6,0,1,1.0,closed,True,True
9694,5,5,0,0,0.0,closed,True,True
9692,1,1,0,0,0.0,closed,True,True
9689,24,0,0,0,0.0,closed,True,True
9687,5,5,0,0,0.0,closed,True,True
9686,77,0,0,0,0.0,closed,True,True
9684,87,0,0,0,0.0,closed,False,False
9680,1,1,0,0,0.0,closed,True,True
9676,1,1,0,0,0.0,closed,False,False
9672,5,5,0,0,0.0,closed,True,True
9668,3,3,0,0,0.0,closed,True,True
9667,12,0,0,0,0.0,closed,True,True
9666,182,9,0,0,0.0,closed,False,False
9653,63,30,1,0,0.0,open,False,False
9650,3,3,0,0,0.0,closed,True,True
9647,4,4,0,0,0.0,closed,True,True
9646,16,2,0,0,0.0,closed,True,True
9645,4,1,0,0,0.0,closed,True,True
9644,8,4,10,6,1.5,closed,True,True
9643,201,42,1,0,0.0,closed,True,True
9641,35,5,1,2,0.6666666666666666,closed,True,True
9640,28,22,0,0,0.0,closed,True,True
9639,19,17,0,0,0.0,closed,True,True
9638,11,11,0,0,0.0,closed,True,True
9634,9,4,0,0,0.0,closed,True,True
9626,1,1,0,0,0.0,closed,False,False
9625,2,2,0,0,0.0,closed,True,True
9622,94,91,0,0,0.0,closed,True,True
9621,12,12,0,0,0.0,closed,True,True
9618,22,10,0,0,0.0,closed,True,True
9611,2,2,0,0,0.0,closed,False,False
9610,3,3,0,0,0.0,closed,False,False
9609,37,37,0,0,0.0,closed,True,True
9606,265,265,0,0,0.0,closed,True,True
9601,37,37,0,0,0.0,closed,True,True
9600,120,120,0,0,0.0,closed,True,True
9597,32,13,0,0,0.0,closed,True,True
9594,6,2,0,0,0.0,closed,True,True
9588,46,27,0,0,0.0,closed,True,True
9587,411,194,0,0,0.0,closed,True,True
9586,1,0,0,0,0.0,closed,True,True
9585,37,72,0,0,0.0,closed,True,True
9584,1,0,0,0,0.0,closed,True,True
9582,11,4,0,0,0.0,closed,True,True
9581,72,37,3,3,3.0,closed,True,True
9578,1,1,0,0,0.0,closed,True,True
9577,80,18,0,0,0.0,closed,True,True
9575,13,82,0,0,0.0,closed,True,True
9570,3,0,7,0,0.0,closed,True,True
9566,17,17,0,0,0.0,closed,True,True
9562,1,1,0,0,0.0,closed,True,True
9552,3,8,0,0,0.0,closed,True,True
9546,463,463,0,0,0.0,closed,True,True
9541,2,2,1,0,0.0,closed,True,True
9540,42,44,1,0,0.0,closed,False,False
9535,24,3,0,0,0.0,closed,True,True
9524,1,1,0,0,0.0,closed,True,True
9523,1,1,0,0,0.0,closed,False,False
9508,2,2,0,0,0.0,closed,True,True
9507,1,1,0,0,0.0,closed,True,True
9506,1,1,0,0,0.0,closed,True,True
9503,1,1,0,0,0.0,closed,True,True
9502,22,22,0,0,0.0,closed,False,False
9501,1,1,0,0,0.0,closed,True,True
9500,1,1,0,0,0.0,closed,True,True
9496,2,2,0,0,0.0,closed,True,True
9495,1,1,0,0,0.0,closed,True,True
9493,2,2,0,0,0.0,closed,True,True
9491,2,2,0,0,0.0,closed,True,True
9490,91,32,0,0,0.0,closed,True,True
9482,1,1,2,0,0.0,closed,True,True
9480,1,1,0,0,0.0,closed,True,True
9478,52,62,0,0,0.0,closed,False,False
9476,81,70,2,0,0.0,closed,False,False
9475,134,92,2,0,0.0,closed,True,True
9471,5,7,1,0,0.0,closed,True,True
9468,2,2,0,0,0.0,closed,False,False
9464,81,70,0,0,0.0,closed,True,True
9463,3,3,0,0,0.0,closed,True,True
9459,7,5,0,0,0.0,closed,True,True
9457,7,4,0,0,0.0,closed,True,True
9452,4,4,0,0,0.0,closed,True,True
9445,2,2,0,0,0.0,closed,True,True
9444,40,4,0,0,0.0,closed,True,True
9437,3,3,0,0,0.0,closed,True,True
9434,1,1,0,0,0.0,closed,True,True
9432,35,16,0,0,0.0,closed,True,True
9428,2,1,1,0,0.0,closed,True,True
9427,2,3,0,0,0.0,closed,True,True
9426,4,4,0,0,0.0,closed,True,True
9425,3,3,0,0,0.0,closed,False,False
9424,2,2,2,0,0.0,closed,False,False
9422,3,3,0,0,0.0,closed,True,True
9421,2,2,0,0,0.0,closed,True,True
9416,12,12,0,0,0.0,closed,True,True
9415,138,468,0,0,0.0,closed,False,False
9411,6,6,0,0,0.0,closed,True,True
9410,1,1,0,0,0.0,closed,False,False
9409,2,2,0,0,0.0,closed,False,False
9406,27,6,0,0,0.0,closed,True,True
9403,9,9,0,0,0.0,closed,True,True
9402,117,28,0,0,0.0,closed,True,True
9401,4,4,0,0,0.0,closed,True,True
9399,9,12,0,0,0.0,closed,True,True
9392,21,7,0,0,0.0,closed,True,True
9391,4,4,0,0,0.0,closed,True,True
9389,88,15,0,0,0.0,closed,True,True
9387,10,5,2,0,0.0,closed,True,True
9386,120,1,0,0,0.0,closed,True,True
9383,916,74,0,0,0.0,closed,True,True
9378,1,1,0,0,0.0,closed,True,True
9377,1,1,0,0,0.0,closed,False,False
9376,14,14,0,0,0.0,closed,True,True
9372,78,21,0,0,0.0,closed,True,True
9370,78,21,0,0,0.0,closed,False,False
9364,15,10,0,0,0.0,closed,True,True
9355,1,0,0,0,0.0,closed,True,True
9354,14,5,0,0,0.0,closed,True,True
9348,2,2,0,0,0.0,closed,False,False
9344,3,3,2,0,0.0,closed,True,True
9343,5,1,0,0,0.0,closed,True,True
9341,1,1,0,0,0.0,closed,True,True
9335,1,1,0,0,0.0,closed,True,True
9333,19,23,0,0,0.0,closed,True,True
9331,46,9,0,0,0.0,closed,True,True
9328,541,541,0,0,0.0,closed,False,False
9326,44,63,0,0,0.0,closed,True,True
9324,2,2,0,0,0.0,closed,False,False
9322,4,2,0,0,0.0,closed,True,True
9318,14,49,0,0,0.0,closed,True,True
9317,341,341,0,0,0.0,closed,True,True
9310,8,2,0,0,0.0,closed,True,True
9309,1,1,0,0,0.0,closed,False,False
9308,2,2,0,0,0.0,closed,False,False
9307,10,7,0,0,0.0,closed,True,True
9306,14,14,0,0,0.0,closed,True,True
9297,15,3,0,0,0.0,closed,True,True
9293,70,19,0,0,0.0,closed,True,True
9292,23,3,1,0,0.0,closed,True,True
9285,43,43,0,0,0.0,closed,True,True
9272,33,18,0,0,0.0,closed,True,True
9271,95,95,0,0,0.0,closed,True,True
9270,29,22,0,0,0.0,closed,True,True
9268,14,7,0,0,0.0,closed,True,True
9267,3,1,0,0,0.0,closed,True,True
9266,82,226,0,0,0.0,closed,True,True
9265,0,0,0,0,0,closed,False,False
9264,2,1,0,0,0.0,closed,True,True
9259,11,3,0,0,0.0,closed,True,True
9253,190,51,0,0,0.0,closed,True,True
9252,34,3,0,0,0.0,closed,True,True
9251,18,2120,1,0,0.0,closed,False,False
9248,47,16,0,0,0.0,closed,True,True
9244,2,0,0,0,0.0,closed,True,True
9243,86,38,1,0,0.0,closed,True,True
9242,54,10,0,0,0.0,closed,True,True
9238,221,221,0,0,0.0,closed,True,True
9235,186,155,1,0,0.0,closed,True,True
9226,5,4,0,0,0.0,closed,True,True
9225,13,5,0,0,0.0,closed,True,True
9224,1,1,0,0,0.0,closed,False,False
9223,3,3,0,0,0.0,closed,False,False
9217,188,126,0,0,0.0,closed,True,True
9216,22,14,0,0,0.0,closed,True,True
9207,36,11,0,0,0.0,closed,True,True
9206,1,1,0,0,0.0,closed,True,True
9198,16,9,0,0,0.0,closed,False,False
9196,1,1,0,0,0.0,closed,True,True
9195,1,7,0,0,0.0,closed,True,True
9192,9,1,0,2,2.0,closed,True,True
9191,1,1,0,0,0.0,closed,True,True
9189,3,0,0,0,0.0,closed,True,True
9185,42,15,0,0,0.0,closed,True,True
9182,3,3,0,0,0.0,closed,False,False
9180,6,4,0,0,0.0,closed,True,True
9175,29,2,0,0,0.0,closed,True,True
9174,3,0,0,0,0.0,closed,True,True
9171,555,430,0,0,0.0,closed,False,False
9167,11,1,0,0,0.0,closed,True,True
9166,35,8,4,0,0.0,closed,True,True
9165,1,443,0,0,0.0,closed,False,False
9163,8,8,0,0,0.0,closed,True,True
9161,350,5,0,0,0.0,closed,True,True
9160,231,210,0,0,0.0,closed,True,True
9155,15,15,0,0,0.0,closed,True,True
9153,63,40,0,0,0.0,closed,True,True
9151,244,80,0,0,0.0,closed,False,False
9144,15,15,0,0,0.0,closed,True,True
9141,64,14,0,0,0.0,closed,True,True
9138,9,9,2,0,0.0,closed,False,False
9134,152,144,0,0,0.0,closed,True,True
9132,11,1,0,0,0.0,closed,True,True
9127,10,1,0,0,0.0,closed,True,True
9117,272,82,0,0,0.0,closed,True,True
9114,3,3,0,0,0.0,closed,True,True
9113,2,2,0,0,0.0,closed,True,True
9112,12,12,0,0,0.0,closed,True,True
9111,27,11,0,0,0.0,closed,True,True
9107,3,3,0,0,0.0,closed,True,True
9098,2,2,2,0,0.0,closed,False,False
9097,4,6,0,0,0.0,closed,False,False
9093,3,3,0,0,0.0,closed,True,True
9091,47,31,0,0,0.0,closed,True,True
9089,506,49,0,0,0.0,closed,True,True
9084,232,2,0,0,0.0,closed,False,False
9081,31,8,0,0,0.0,closed,True,True
9079,10,8,0,0,0.0,closed,False,False
9075,15,15,0,0,0.0,closed,True,True
9074,1,1,0,0,0.0,closed,True,True
9073,21,9,0,0,0.0,closed,True,True
9072,2,2,0,0,0.0,closed,False,False
9069,28,14,0,0,0.0,closed,True,True
9067,15,15,0,0,0.0,closed,True,True
9064,1,1,0,0,0.0,closed,True,True
9062,1,1,2,0,0.0,closed,True,True
9058,2,36,0,0,0.0,closed,True,True
9057,1,1,2,1,1.0,closed,True,True
9054,5,5,0,0,0.0,closed,True,True
9047,5,5,0,0,0.0,closed,True,True
9045,10,10,0,0,0.0,closed,True,True
9043,0,43,0,0,0.0,closed,True,True
9038,1,1,0,0,0.0,closed,True,True
9036,6,11,0,0,0.0,closed,True,True
9035,19,0,0,0,0.0,closed,True,True
9034,45,0,0,0,0.0,closed,True,True
9031,15,15,0,0,0.0,closed,True,True
9027,9,4,0,0,0.0,closed,True,True
9025,2,0,0,0,0.0,closed,False,False
9023,229,144,0,4,4.0,closed,True,True
9021,22,22,0,0,0.0,closed,True,True
9020,12,12,0,0,0.0,closed,False,False
9019,185,7,37,10,1.6666666666666667,closed,False,False
9016,6,6,0,0,0.0,closed,True,True
9012,845,22,2,10,3.3333333333333335,closed,True,True
9006,6,5,0,0,0.0,closed,True,True
9004,7,7,0,0,0.0,closed,True,True
9002,1,1,0,0,0.0,closed,True,True
9001,94,13,0,0,0.0,closed,True,True
8998,83,9,0,0,0.0,closed,False,False
8997,218,218,0,0,0.0,closed,True,True
8992,15,2,0,0,0.0,closed,True,True
8991,44,3,4,4,2.0,closed,False,False
8988,4,4,0,0,0.0,closed,True,True
8987,4,4,0,0,0.0,closed,True,True
8985,4,0,49,0,0.0,closed,True,True
8980,4,4,0,0,0.0,closed,True,True
8977,425,9,1,0,0.0,closed,True,True
8974,47,47,0,0,0.0,closed,True,True
8969,442,33,19,14,0.9333333333333333,closed,False,False
8968,3,3,0,0,0.0,closed,True,True
8965,10,10,0,0,0.0,closed,True,True
8964,5,1,0,0,0.0,closed,True,True
8963,1474,1474,0,0,0.0,closed,False,False
8961,2,0,0,0,0.0,closed,True,True
8960,218,80,1,0,0.0,closed,False,False
8949,209,46,4,0,0.0,closed,True,True
8947,29,1,1,0,0.0,closed,True,True
8944,7,14,0,0,0.0,closed,True,True
8943,45,6,2,0,0.0,closed,True,True
8942,1,1,0,0,0.0,closed,True,True
8941,150,0,0,0,0.0,closed,True,True
8939,1,1,2,0,0.0,closed,False,False
8932,2,2,0,0,0.0,closed,True,True
8930,2,8,0,0,0.0,closed,True,True
8926,96,12,2,0,0.0,closed,True,True
8925,22,2,0,0,0.0,closed,True,True
8921,41,41,0,0,0.0,closed,True,True
8918,1,1,1,0,0.0,closed,True,True
8917,6,4,0,0,0.0,closed,True,True
8914,1,1,0,0,0.0,closed,True,True
8913,46,7,0,0,0.0,closed,True,True
8912,35,31,0,0,0.0,closed,True,True
8907,52,7,18,0,0.0,closed,True,True
8905,18,18,0,0,0.0,closed,True,True
8902,67,9,0,0,0.0,closed,False,False
8901,3,3,0,0,0.0,closed,True,True
8890,7,2,0,0,0.0,closed,True,True
8889,1,3,6,0,0.0,closed,False,False
8888,4,4,0,0,0.0,closed,True,True
8887,27,27,0,0,0.0,closed,False,False
8886,1,1,0,0,0.0,closed,True,True
8885,216,27,0,0,0.0,closed,True,True
8881,4,2,0,0,0.0,closed,True,True
8879,5,0,0,0,0.0,closed,False,False
8877,9,9,0,0,0.0,closed,True,True
8873,25,16,0,0,0.0,closed,True,True
8871,201,124,0,0,0.0,closed,False,False
8870,2,2,0,0,0.0,closed,True,True
8868,0,0,0,0,0.0,closed,True,True
8867,4,4,0,0,0.0,closed,True,True
8866,6,6,0,0,0.0,closed,True,True
8863,3,3,0,0,0.0,closed,True,True
8862,4,3,0,0,0.0,closed,True,True
8859,2,2,3,0,0.0,closed,True,True
8857,1,1,6,0,0.0,closed,True,True
8855,32,22,1,5,5.0,closed,True,True
8852,2,2,0,0,0.0,closed,True,True
8850,20,78,22,0,0.0,closed,True,True
8849,90,13,0,0,0.0,closed,True,True
8848,4,2,0,0,0.0,closed,True,True
8844,3,6,0,3,3.0,closed,False,False
8842,3,0,0,0,0.0,closed,True,True
8841,3,1469,1,0,0.0,closed,False,False
8839,1,5,0,0,0.0,closed,True,True
8838,1,1,0,0,0.0,closed,True,True
8836,369,29,0,0,0.0,closed,True,True
8834,14,7,0,0,0.0,closed,True,True
8827,2,3,0,0,0.0,closed,True,True
8820,6,2,0,0,0.0,closed,True,True
8819,44,27,0,0,0.0,closed,True,True
8817,120,174,0,0,0.0,closed,True,True
8815,9,21,0,0,0.0,closed,True,True
8814,23,54,0,0,0.0,closed,False,False
8813,8,4,0,0,0.0,closed,False,False
8812,10,4,0,0,0.0,closed,True,True
8810,40,3,0,0,0.0,closed,True,True
8809,29,23,0,0,0.0,closed,True,True
8807,69,31,0,0,0.0,closed,True,True
8806,4,4,2,0,0.0,closed,False,False
8805,53,24,0,0,0.0,closed,False,False
8804,1,0,5,0,0.0,closed,True,True
8803,11,28,2,0,0.0,closed,True,True
8801,1,1,0,0,0.0,closed,True,True
8800,1,1,0,0,0.0,closed,True,True
8796,35,14,0,0,0.0,closed,True,True
8795,1,1,0,0,0.0,closed,True,True
8792,21,23,0,0,0.0,closed,True,True
8784,680,636,0,0,0.0,closed,True,True
8782,10,0,0,0,0.0,closed,True,True
8779,10,3,0,0,0.0,closed,True,True
8778,10,10,0,0,0.0,closed,True,True
8777,198,198,0,0,0.0,closed,True,True
8776,0,0,0,0,0,closed,False,False
8774,1,1,0,0,0.0,closed,True,True
8772,27,35,0,0,0.0,closed,True,True
8764,1859,24,49,0,0.0,closed,True,True
8759,114,38,0,0,0.0,closed,True,True
8758,634,633,0,0,0.0,closed,True,True
8757,34,14,0,0,0.0,closed,True,True
8753,17,4,0,0,0.0,closed,True,True
8752,33,18,0,0,0.0,closed,True,True
8751,15,1577,7,0,0.0,closed,True,True
8750,25,13,0,0,0.0,closed,True,True
8749,1,1,0,0,0.0,closed,True,True
8747,6,3,0,0,0.0,closed,True,True
8746,2,12,0,0,0.0,closed,True,True
8744,14,8,0,0,0.0,closed,True,True
8742,1,1,0,0,0.0,closed,False,False
8738,9,8,2,0,0.0,closed,True,True
8737,218,199,0,0,0.0,closed,True,True
8735,6,2,0,0,0.0,closed,True,True
8733,617,648,2,0,0.0,closed,True,True
8732,0,28,0,0,0.0,closed,True,True
8731,7,3,0,0,0.0,closed,True,True
8730,28,0,0,0,0.0,closed,True,True
8729,16,3,0,0,0.0,closed,True,True
8726,2,4,2,0,0.0,closed,True,True
8725,12,195,0,0,0.0,closed,True,True
8724,1743,9,9,0,0.0,closed,True,True
8717,297,217,0,0,0.0,closed,True,True
8715,4,4,0,0,0.0,closed,True,True
8714,18,10,0,0,0.0,closed,True,True
8712,5,1,19,0,0.0,closed,True,True
8709,16,13,0,0,0.0,closed,True,True
8708,620,649,0,0,0.0,closed,False,False
8707,91,37,2,0,0.0,closed,True,True
8705,2,2,0,0,0.0,closed,True,True
8703,162,74,0,0,0.0,closed,True,True
8701,80,31,1,0,0.0,closed,True,True
8700,30,8,0,0,0.0,closed,False,False
8693,7,7,1,0,0.0,closed,True,True
8692,2,2,0,0,0.0,closed,False,False
8690,221,178,1,0,0.0,closed,True,True
8683,22,21,0,0,0.0,closed,True,True
8680,6,0,0,0,0.0,closed,True,True
8677,20,4,0,0,0.0,closed,True,True
8674,20,4,0,0,0.0,closed,False,False
8673,501,376,0,0,0.0,closed,True,True
8672,376,501,0,0,0.0,closed,True,True
8664,2,2,0,0,0.0,closed,True,True
8660,22,6,0,0,0.0,closed,True,True
8659,4,38,1,0,0.0,closed,True,True
8652,1,1,0,0,0.0,closed,True,True
8645,1,1,0,0,0.0,closed,True,True
8640,162,135,1,0,0.0,closed,True,True
8637,11,1,0,0,0.0,closed,True,True
8634,11,11,0,0,0.0,closed,True,True
8628,33,33,0,0,0.0,closed,True,True
8625,600,3,9,3,3.0,closed,True,True
8615,337,35,0,0,0.0,closed,True,True
8613,1,1,0,0,0.0,closed,False,False
8612,35,337,0,0,0.0,closed,True,True
8611,253,253,0,0,0.0,closed,True,True
8610,2,2,0,0,0.0,closed,True,True
8609,11,11,0,0,0.0,closed,True,True
8608,337,35,0,0,0.0,closed,True,True
8605,54,42,0,0,0.0,closed,True,True
8603,16,3,0,0,0.0,closed,True,True
8597,638,0,2,0,0.0,closed,True,True
8595,4,4,0,0,0.0,closed,True,True
8591,11,11,0,0,0.0,closed,True,True
8585,110,14,6,0,0.0,closed,True,True
8583,5,4,3,0,0.0,closed,True,True
8582,4,4,4,0,0.0,closed,True,True
8580,165,45,0,0,0.0,closed,True,True
8577,2,2,0,0,0.0,closed,True,True
8576,2,2,0,0,0.0,closed,True,True
8574,367,351,0,0,0.0,closed,False,False
8570,3,3,0,0,0.0,closed,True,True
8566,170,18,0,0,0.0,closed,True,True
8561,16,14,0,0,0.0,closed,True,True
8560,3,1,0,0,0.0,closed,True,True
8559,8,8,0,0,0.0,closed,True,True
8556,5,27,0,0,0.0,closed,True,True
8555,28,151,23,0,0.0,closed,True,True
8550,62,60,0,0,0.0,closed,True,True
8545,45,17,0,0,0.0,closed,True,True
8543,18,10,0,0,0.0,closed,True,True
8538,15,15,0,0,0.0,closed,True,True
8537,3,32,0,0,0.0,closed,True,True
8536,8,8,0,0,0.0,closed,True,True
8535,8,8,0,0,0.0,closed,True,True
8534,8,3,0,0,0.0,closed,True,True
8533,6,6,0,0,0.0,closed,True,True
8532,1,1,0,0,0.0,closed,True,True
8531,2,0,0,0,0.0,closed,True,True
8530,18,18,0,0,0.0,closed,False,False
8527,9,8,0,0,0.0,closed,True,True
8526,3,1,0,0,0.0,closed,True,True
8525,123,183,0,0,0.0,closed,True,True
8522,173,91,0,0,0.0,closed,True,True
8521,113,14,0,0,0.0,closed,True,True
8520,3,1,0,0,0.0,closed,True,True
8512,71,63,1,0,0.0,closed,True,True
8510,1,1,0,0,0.0,closed,True,True
8508,2,0,0,0,0.0,closed,True,True
8504,4,1,0,0,0.0,closed,True,True
8502,8,5,2,0,0.0,closed,True,True
8498,8,8,1,0,0.0,closed,False,False
8497,5,5,0,0,0.0,closed,True,True
8496,500,15,0,0,0.0,closed,True,True
8494,31,0,0,0,0.0,closed,True,True
8493,500,57,0,1,0.3333333333333333,closed,False,False
8492,2,49,0,0,0.0,closed,True,True
8491,23,0,0,0,0.0,closed,False,False
8490,303,1,0,0,0.0,closed,True,True
8489,252,8,0,0,0.0,closed,False,False
8481,5,1,0,0,0.0,closed,True,True
8480,629,0,4,0,0.0,closed,True,True
8478,15,5,0,0,0.0,closed,True,True
8471,63,28,0,0,0.0,closed,True,True
8470,5,4,0,0,0.0,closed,True,True
8469,1,1,0,0,0.0,closed,True,True
8468,12,9,0,0,0.0,closed,True,True
8465,5,3,0,0,0.0,closed,True,True
8464,9,9,0,0,0.0,closed,True,True
8455,133,98,0,0,0.0,closed,True,True
8453,5,5,0,0,0.0,closed,True,True
8450,1,1,0,0,0.0,closed,True,True
8449,1,1,0,0,0.0,closed,True,True
8447,4,6,0,0,0.0,closed,True,True
8446,164,48,0,0,0.0,closed,True,True
8444,1,1,0,0,0.0,closed,True,True
8443,2,2,0,0,0.0,closed,True,True
8442,1,1,0,0,0.0,closed,True,True
8441,9,7,0,0,0.0,closed,True,True
8440,37,17,0,0,0.0,closed,True,True
8439,1,1,0,0,0.0,closed,True,True
8437,633,648,0,0,0.0,closed,False,False
8436,4,4,0,0,0.0,closed,True,True
8435,133,30,0,0,0.0,closed,True,True
8434,11,14,0,0,0.0,closed,True,True
8429,10,11,0,0,0.0,closed,True,True
8427,15,0,0,0,0.0,closed,True,True
8426,19,15,0,0,0.0,closed,True,True
8425,5,1,0,0,0.0,closed,True,True
8422,24,17,0,0,0.0,closed,True,True
8421,21,74,0,0,0.0,closed,True,True
8419,74,21,0,0,0.0,closed,True,True
8414,1,1,0,0,0.0,closed,True,True
8410,2,1,0,0,0.0,closed,True,True
8409,88,5,0,0,0.0,closed,True,True
8407,1,1,0,0,0.0,closed,True,True
8401,8,8,0,0,0.0,closed,True,True
8400,15,15,0,0,0.0,closed,True,True
8398,35,35,0,0,0.0,closed,True,True
8394,7,7,0,0,0.0,closed,True,True
8393,28,88,0,0,0.0,closed,True,True
8389,2,2,0,0,0.0,closed,True,True
8388,341,135,1,0,0.0,closed,False,False
8383,4,4,0,0,0.0,closed,True,True
8378,6,1,0,0,0.0,closed,True,True
8377,6,6,0,0,0.0,closed,True,True
8376,3,1,0,0,0.0,closed,True,True
8374,30,22,0,0,0.0,closed,True,True
8373,2,3,0,0,0.0,closed,True,True
8370,5,5,0,0,0.0,closed,True,True
8368,9,5,1,0,0.0,closed,True,True
8365,4,4,0,0,0.0,closed,True,True
8364,4,4,0,0,0.0,closed,True,True
8353,57,58,0,0,0.0,closed,True,True
8352,4,4,0,0,0.0,closed,True,True
8349,31,38,0,0,0.0,closed,True,True
8348,10,10,0,0,0.0,closed,True,True
8347,19,8,0,0,0.0,closed,True,True
8346,4,4,0,0,0.0,closed,True,True
8345,1,0,0,0,0.0,closed,True,True
8344,315,9,0,0,0.0,closed,True,True
8343,160,82,0,0,0.0,closed,True,True
8338,1,1,0,0,0.0,closed,True,True
8333,15,11,0,0,0.0,closed,True,True
8332,0,0,0,0,0,closed,False,False
8327,45,11,0,0,0.0,closed,True,True
8325,389,206,0,0,0.0,closed,True,True
8323,2,2,0,0,0.0,closed,True,True
8316,2,1,0,0,0.0,closed,True,True
8315,3,1,0,0,0.0,closed,True,True
8312,79,56,0,0,0.0,closed,False,False
8307,3,3,0,0,0.0,closed,True,True
8305,147,3,0,0,0.0,closed,True,True
8303,32,30,0,0,0.0,closed,True,True
8302,45,7,0,0,0.0,closed,True,True
8300,22,1,0,0,0.0,closed,False,False
8298,5,0,1,0,0.0,closed,False,False
8295,4,2,0,0,0.0,closed,True,True
8294,2,0,0,0,0.0,closed,True,True
8293,2,2,0,0,0.0,closed,True,True
8291,17,25,0,0,0.0,closed,True,True
8290,30,1,0,0,0.0,closed,True,True
8289,112,48,0,0,0.0,closed,True,True
8286,3,3,0,0,0.0,closed,True,True
8285,2,2,0,0,0.0,closed,True,True
8284,2,2,0,0,0.0,closed,True,True
8283,169,17,0,0,0.0,closed,False,False
8282,2,2,0,0,0.0,closed,True,True
8281,2,2,0,0,0.0,closed,True,True
8280,21,19,0,0,0.0,closed,True,True
8279,155,14,0,0,0.0,closed,True,True
8277,4,2,0,0,0.0,closed,True,True
8276,76,19,0,0,0.0,closed,False,False
8275,3,3,0,0,0.0,closed,True,True
8272,20,1,0,0,0.0,closed,True,True
8268,432,32,1,0,0.0,closed,True,True
8267,441,1467,0,0,0.0,closed,False,False
8266,50,38,0,0,0.0,closed,True,True
8262,3,3,0,0,0.0,closed,True,True
8261,34,3,1,0,0.0,closed,True,True
8253,8,165,0,0,0.0,closed,False,False
8248,1,1,0,0,0.0,closed,True,True
8242,21,1,0,0,0.0,closed,True,True
8240,8,2,0,0,0.0,closed,True,True
8238,2,2,0,0,0.0,closed,True,True
8237,4,18,0,0,0.0,closed,True,True
8236,109,59,0,0,0.0,closed,True,True
8235,16,7,0,0,0.0,closed,True,True
8234,60,141,0,0,0.0,closed,False,False
8228,5,1,0,0,0.0,closed,True,True
8220,2,2,0,0,0.0,closed,True,True
8219,12,6,0,0,0.0,closed,True,True
8215,114,246,0,0,0.0,closed,True,True
8214,1,1,0,0,0.0,closed,True,True
8210,4,4,0,0,0.0,closed,True,True
8208,2,2,0,0,0.0,closed,True,True
8207,2,2,0,0,0.0,closed,True,True
8205,7,26,0,0,0.0,closed,False,False
8204,4,1,0,0,0.0,closed,True,True
8202,9,2,0,0,0.0,closed,True,True
8201,15,15,3,0,0.0,closed,True,True
8199,1,1,0,0,0.0,closed,True,True
8198,19,19,0,0,0.0,closed,True,True
8195,4,4,0,0,0.0,closed,True,True
8191,7,4,0,0,0.0,closed,True,True
8189,1,5,0,0,0.0,closed,True,True
8187,2,3,0,0,0.0,closed,True,True
8186,4,176,2,0,0.0,closed,False,False
8185,2,2,0,0,0.0,closed,True,True
8183,3,3,0,0,0.0,closed,True,True
8181,2,2,0,0,0.0,closed,True,True
8179,2,2,0,0,0.0,closed,True,True
8178,6,1,0,0,0.0,closed,True,True
8177,8,8,0,0,0.0,closed,True,True
8171,21,15,0,0,0.0,closed,True,True
8168,482,283,0,0,0.0,closed,True,True
8167,83,1,5,0,0.0,closed,True,True
8166,1,1,0,0,0.0,closed,True,True
8161,3,0,0,0,0.0,closed,True,True
8159,23,16,0,0,0.0,closed,True,True
8155,9,3,0,0,0.0,closed,True,True
8146,1,1,0,0,0.0,closed,True,True
8141,10,10,0,0,0.0,closed,True,True
8140,80,22,0,0,0.0,closed,True,True
8138,2,2,0,0,0.0,closed,False,False
8137,8,23,0,0,0.0,closed,True,True
8133,23,21,0,0,0.0,closed,True,True
8129,16,46,0,0,0.0,closed,True,True
8127,42,21,1,0,0.0,closed,True,True
8123,64,35,0,0,0.0,closed,True,True
8121,16,10,0,0,0.0,closed,True,True
8118,18,18,0,0,0.0,closed,True,True
8116,12,11,0,0,0.0,closed,True,True
8111,25,11,0,0,0.0,closed,True,True
8110,16,0,0,0,0.0,closed,True,True
8109,1,1,0,0,0.0,closed,True,True
8100,1,1,0,0,0.0,closed,True,True
8097,7,6,1,0,0.0,closed,False,False
8096,1,3,0,0,0.0,closed,True,True
8093,61,5,0,0,0.0,closed,True,True
8092,19,15,0,0,0.0,closed,True,True
8090,21,17,0,0,0.0,closed,True,True
8089,15,21,0,0,0.0,closed,True,True
8086,23,10,0,0,0.0,closed,True,True
8085,356,258,0,0,0.0,closed,True,True
8079,2,2,0,0,0.0,closed,False,False
8078,1,0,0,0,0.0,closed,True,True
8077,35,1,0,0,0.0,closed,True,True
8075,51,9,0,0,0.0,closed,True,True
8074,26,10,1,0,0.0,closed,False,False
8067,1,1,0,0,0.0,closed,True,True
8066,706,363,0,0,0.0,closed,True,True
8065,1,1,0,0,0.0,closed,True,True
8063,1,1,0,0,0.0,closed,True,True
8057,1,1,0,0,0.0,closed,True,True
8054,1,1,0,0,0.0,closed,True,True
8053,1,1,0,0,0.0,closed,True,True
8052,1,1,0,0,0.0,closed,True,True
8048,0,6,2,0,0.0,closed,True,True
8047,7,7,0,0,0.0,closed,True,True
8041,23,13,0,0,0.0,closed,True,True
8039,7,7,0,0,0.0,closed,False,False
8037,610,148,1,0,0.0,closed,True,True
8036,28,8,0,0,0.0,closed,True,True
8032,14,6,0,0,0.0,closed,True,True
8028,380,31,0,0,0.0,closed,True,True
8022,7,7,0,0,0.0,closed,True,True
8019,1,1,0,1,0.5,closed,False,False
8018,8,6,0,0,0.0,closed,True,True
8016,35,7,0,0,0.0,closed,True,True
8015,1,1,0,0,0.0,closed,True,True
8013,5,5,0,0,0.0,closed,True,True
8012,5,5,0,0,0.0,closed,True,True
8010,3,3,0,0,0.0,closed,True,True
8007,3,3,0,0,0.0,closed,True,True
8005,39,19,0,0,0.0,closed,True,True
8004,25,14,0,0,0.0,closed,True,True
8002,0,7,0,0,0.0,closed,True,True
7997,38,18,2,0,0.0,closed,True,True
7996,3,5,0,0,0.0,closed,True,True
7995,13,5,0,0,0.0,closed,True,True
7994,1,3,0,0,0.0,closed,True,True
7993,7,7,0,0,0.0,closed,True,True
7992,3,3,0,0,0.0,closed,True,True
7989,12,12,0,0,0.0,closed,True,True
7988,392,25,1,0,0.0,closed,True,True
7987,27,26,0,0,0.0,closed,True,True
7984,2,2,0,0,0.0,closed,True,True
7983,36,1,14,0,0.0,closed,True,True
7982,5,5,0,0,0.0,closed,True,True
7981,374,360,0,0,0.0,closed,False,False
7980,374,360,0,0,0.0,closed,False,False
7979,4,4,0,0,0.0,closed,True,True
7978,49,31,0,0,0.0,closed,True,True
7974,173,45,0,0,0.0,closed,True,True
7972,171,1,0,0,0.0,closed,False,False
7971,2,16,0,0,0.0,closed,True,True
7970,3,3,1,0,0.0,closed,False,False
7969,16,9,1,0,0.0,closed,False,False
7968,3,3,1,0,0.0,closed,False,False
7967,2,2,1,0,0.0,closed,False,False
7966,3,3,1,0,0.0,closed,False,False
7965,5,5,1,0,0.0,closed,False,False
7964,3,3,1,0,0.0,closed,False,False
7963,5,5,1,0,0.0,closed,False,False
7962,1,1,1,0,0.0,closed,False,False
7961,20,20,1,0,0.0,closed,False,False
7960,1,1,1,0,0.0,closed,False,False
7959,13,13,1,0,0.0,closed,False,False
7958,10,10,1,0,0.0,closed,False,False
7957,2,1,0,0,0.0,closed,False,False
7953,3,2,0,0,0.0,closed,True,True
7951,4,11,0,0,0.0,closed,True,True
7950,2,2,0,0,0.0,closed,True,True
7949,2,2,0,0,0.0,closed,True,True
7947,11,0,0,0,0.0,closed,True,True
7946,213,134,5,0,0.0,closed,True,True
7944,147,148,0,0,0.0,closed,False,False
7943,2,2,0,0,0.0,closed,True,True
7942,129,142,0,0,0.0,closed,True,True
7941,21,2,0,0,0.0,closed,True,True
7940,1,0,0,0,0.0,closed,True,True
7928,0,3,0,0,0.0,closed,True,True
7923,69,11,1,0,0.0,closed,True,True
7922,305,79,0,0,0.0,closed,True,True
7921,2,1,0,0,0.0,closed,True,True
7920,11,5,0,0,0.0,closed,True,True
7918,190,36,0,0,0.0,closed,True,True
7915,32,52,0,0,0.0,closed,True,True
7913,41,5,0,0,0.0,closed,True,True
7912,7,2,0,0,0.0,closed,True,True
7911,7,5,0,0,0.0,closed,True,True
7910,1,1,0,0,0.0,closed,True,True
7903,2,2,0,0,0.0,closed,True,True
7901,106,34,0,0,0.0,closed,True,True
7900,3,3,0,0,0.0,closed,True,True
7898,29,14,0,0,0.0,closed,True,True
7897,2,2,0,0,0.0,closed,True,True
7894,2,2,0,0,0.0,closed,True,True
7890,4,3,0,0,0.0,closed,True,True
7887,41,53,0,0,0.0,closed,True,True
7883,2,2,0,0,0.0,closed,True,True
7878,16,12,0,0,0.0,closed,True,True
7877,2,1,0,0,0.0,closed,False,False
7876,99,79,0,0,0.0,closed,True,True
7875,9,12,0,0,0.0,closed,True,True
7873,3,0,0,0,0.0,closed,True,True
7872,212,24,0,0,0.0,closed,True,True
7868,237,26,0,0,0.0,closed,False,False
7867,37,13,0,0,0.0,closed,True,True
7861,5,5,0,0,0.0,closed,True,True
7860,17,17,0,0,0.0,closed,True,True
7858,55,52,0,0,0.0,closed,True,True
7857,2,2,1,0,0.0,closed,True,True
7856,14,0,0,0,0.0,closed,True,True
7849,105,50,0,0,0.0,closed,True,True
7848,5,0,0,0,0.0,closed,True,True
7847,2,2,0,0,0.0,closed,True,True
7846,2,2,0,0,0.0,closed,True,True
7845,15,3,0,0,0.0,closed,True,True
7844,480,133,0,0,0.0,closed,True,True
7839,12,0,0,0,0.0,closed,True,True
7838,2,2,0,0,0.0,closed,True,True
7836,69,53,0,0,0.0,closed,True,True
7834,16,1,0,0,0.0,closed,True,True
7833,1,1,0,0,0.0,closed,True,True
7832,2,2,0,0,0.0,closed,True,True
7831,3,3,0,0,0.0,closed,True,True
7830,19,0,0,0,0.0,closed,True,True
7827,2,2,0,0,0.0,closed,True,True
7826,7,3,0,0,0.0,closed,True,True
7821,1174,131,1,0,0.0,closed,True,True
7814,3,3,0,0,0.0,closed,True,True
7811,10,0,6,0,0.0,closed,True,True
7802,61,8,0,0,0.0,closed,True,True
7801,133,1231,0,0,0.0,closed,True,True
7799,95,45,0,0,0.0,closed,False,False
7797,1,1,0,0,0.0,closed,True,True
7796,275,78,0,0,0.0,closed,True,True
7789,657,181,0,0,0.0,closed,True,True
7786,36,34,0,0,0.0,closed,True,True
7784,1,1,0,0,0.0,closed,True,True
7783,1,1,0,0,0.0,closed,True,True
7782,105,18,0,0,0.0,closed,True,True
7780,1,1,0,0,0.0,closed,True,True
7779,1,1,0,0,0.0,closed,True,True
7778,1,1,0,0,0.0,closed,True,True
7776,1,1,0,0,0.0,closed,True,True
7775,20,10,0,0,0.0,closed,True,True
7774,25,32,0,0,0.0,closed,True,True
7771,1,1,0,0,0.0,closed,True,True
7768,19,15,0,0,0.0,closed,True,True
7767,1099,276,0,0,0.0,closed,True,True
7764,6,6,0,0,0.0,closed,True,True
7753,3,3,0,0,0.0,closed,True,True
7751,1,1,0,0,0.0,closed,False,False
7750,108,47,0,0,0.0,closed,True,True
7745,1,1,0,0,0.0,closed,True,True
7738,37,13,0,0,0.0,closed,True,True
7736,2,2,6,0,0.0,closed,False,False
7734,84,98,0,0,0.0,closed,False,False
7733,1,1,0,0,0.0,closed,True,True
7732,18,17,0,0,0.0,closed,True,True
7729,2,2,0,0,0.0,closed,False,False
7723,18,18,0,0,0.0,closed,True,True
7722,3,3,0,0,0.0,closed,True,True
7721,2,2,22,0,0.0,closed,False,False
7720,464,34,0,0,0.0,closed,False,False
7719,10,2,0,0,0.0,closed,True,True
7717,597,26,8,29,0.5686274509803921,closed,True,True
7714,2,1,0,0,0.0,closed,True,True
7712,1,1,0,0,0.0,closed,True,True
7711,1,1,0,0,0.0,closed,True,True
7710,1,1,0,0,0.0,closed,True,True
7709,3,3,0,0,0.0,closed,True,True
7708,55,1,0,0,0.0,closed,True,True
7705,1318,1070,0,0,0.0,closed,False,False
7704,3,20,0,0,0.0,closed,True,True
7701,330,478,0,0,0.0,closed,True,True
7694,2,2,0,0,0.0,closed,False,False
7693,583,100,1,0,0.0,closed,True,True
7692,4,0,0,0,0.0,closed,True,True
7690,5,5,0,0,0.0,closed,True,True
7689,1,0,0,0,0.0,closed,True,True
7688,594,34,2,0,0.0,closed,True,True
7685,1,24,0,0,0.0,closed,True,True
7684,514,84,0,0,0.0,closed,True,True
7678,1,1,0,0,0.0,closed,True,True
7677,2,2,0,0,0.0,closed,True,True
7675,22,22,0,0,0.0,closed,True,True
7674,1,1,0,0,0.0,closed,True,True
7672,43,35,0,0,0.0,closed,True,True
7669,1,1,0,0,0.0,closed,True,True
7668,6,2,2,0,0.0,closed,True,True
7662,9,9,0,4,4.0,closed,True,True
7661,233,60,0,0,0.0,closed,False,False
7655,35,36,1,0,0.0,closed,True,True
7654,604,0,1,0,0.0,closed,True,True
7649,25,25,0,0,0.0,closed,True,True
7648,2,2,0,0,0.0,closed,True,True
7643,159,19,0,0,0.0,closed,True,True
7642,159,19,0,0,0.0,closed,True,True
7637,18,22,0,0,0.0,closed,False,False
7636,19,23,0,0,0.0,closed,False,False
7634,0,1,0,0,0.0,closed,True,True
7633,0,1,0,0,0.0,closed,True,True
7632,25,19,0,0,0.0,closed,True,True
7631,25,19,0,0,0.0,closed,True,True
7630,14,14,0,0,0.0,closed,False,False
7629,14,14,0,0,0.0,closed,False,False
7626,17,16,0,0,0.0,closed,True,True
7625,90,90,0,0,0.0,closed,False,False
7624,17,16,0,0,0.0,closed,False,False
7620,269,277,0,0,0.0,closed,True,True
7619,289,89,2,0,0.0,closed,True,True
7614,1,1,0,0,0.0,closed,True,True
7611,28,28,0,0,0.0,closed,True,True
7610,28,44,0,0,0.0,closed,True,True
7605,75,71,0,0,0.0,closed,True,True
7604,184,69,0,0,0.0,closed,True,True
7600,1231,133,29,10,0.7692307692307693,closed,True,True
7598,2,0,0,0,0.0,closed,False,False
7597,1,1,0,0,0.0,closed,True,True
7590,351,183,0,0,0.0,closed,True,True
7589,5,3,0,0,0.0,closed,True,True
7587,0,19,2,0,0.0,closed,True,True
7586,75,61,0,0,0.0,closed,True,True
7584,1100,0,0,0,0.0,closed,True,True
7582,369,243,0,0,0.0,closed,True,True
7580,19,0,0,0,0.0,closed,True,True
7579,54,3,1,0,0.0,closed,True,True
7578,36,22,0,0,0.0,closed,False,False
7577,2,2,0,0,0.0,closed,True,True
7575,45,27,0,0,0.0,closed,False,False
7572,24,4,0,0,0.0,closed,True,True
7571,1,1,0,0,0.0,closed,True,True
7566,15,15,0,0,0.0,closed,True,True
7563,328,186,0,0,0.0,closed,False,False
7562,16,9,0,0,0.0,closed,True,True
7545,192,39,0,0,0.0,closed,True,True
7544,12,10,0,0,0.0,closed,True,True
7542,4,0,0,0,0.0,closed,True,True
7540,14,8,0,0,0.0,closed,True,True
7539,362,153,1,0,0.0,closed,True,True
7538,41,21,0,0,0.0,closed,True,True
7537,2,1,0,0,0.0,closed,True,True
7536,19,46,0,0,0.0,closed,True,True
7534,46,19,0,0,0.0,closed,True,True
7526,15,15,0,0,0.0,closed,True,True
7525,264,131,1,0,0.0,closed,True,True
7524,246,123,0,0,0.0,closed,False,False
7522,22,10,0,0,0.0,closed,False,False
7518,3,3,0,0,0.0,closed,True,True
7511,321,74,0,0,0.0,closed,True,True
7510,99,102,0,0,0.0,closed,True,True
7509,17,10,0,0,0.0,closed,True,True
7508,149,106,0,0,0.0,closed,True,True
7504,3,3,0,0,0.0,closed,False,False
7502,181,87,0,0,0.0,closed,True,True
7500,14,14,0,0,0.0,closed,True,True
7496,1,1,0,0,0.0,closed,True,True
7494,298,152,0,0,0.0,closed,True,True
7493,299,154,0,0,0.0,closed,False,False
7491,8,24,0,0,0.0,closed,True,True
7489,5,10,0,0,0.0,closed,True,True
7486,85,0,0,0,0.0,closed,True,True
7485,3,3,0,0,0.0,closed,True,True
7484,10,3,0,0,0.0,closed,True,True
7482,187,68,1,0,0.0,closed,True,True
7480,41,15,0,0,0.0,closed,True,True
7472,1625,54,0,0,0.0,closed,True,True
7471,47,57,0,0,0.0,closed,True,True
7468,85,99,0,0,0.0,closed,False,False
7467,13,13,0,0,0.0,closed,True,True
7466,13,13,0,0,0.0,closed,True,True
7465,10374,1235,0,0,0.0,closed,False,False
7462,14,14,0,0,0.0,closed,True,True
7461,7,7,0,0,0.0,closed,True,True
7460,1,1,0,0,0.0,closed,True,True
7452,42,41,0,0,0.0,closed,True,True
7451,48,1218,0,0,0.0,closed,True,True
7447,21,21,0,2,1.0,closed,True,True
7446,3,3,0,0,0.0,closed,True,True
7443,48,44,0,0,0.0,closed,True,True
7442,18,20,0,0,0.0,closed,True,True
7440,20,20,0,0,0.0,closed,True,True
7438,2,2,1,0,0.0,closed,True,True
7436,10,8,2,0,0.0,closed,True,True
7433,5,3,0,0,0.0,closed,True,True
7429,8,10,1,0,0.0,closed,True,True
7424,14,14,0,0,0.0,closed,True,True
7418,8,8,0,0,0.0,closed,True,True
7416,2,2,0,0,0.0,closed,True,True
7414,2,2,0,0,0.0,closed,False,False
7408,2,2,0,0,0.0,closed,True,True
7407,2,0,0,0,0.0,closed,True,True
7406,38,30,0,0,0.0,closed,True,True
7405,7,3,0,0,0.0,closed,True,True
7404,1,1,0,0,0.0,closed,True,True
7403,1,1,0,0,0.0,closed,True,True
7400,25,8,0,0,0.0,closed,True,True
7399,5,5,0,0,0.0,closed,True,True
7397,2,3,0,0,0.0,closed,True,True
7396,4,13,0,0,0.0,closed,True,True
7394,15,12,0,0,0.0,closed,True,True
7393,2,2,0,0,0.0,closed,True,True
7392,7,1,0,0,0.0,closed,True,True
7391,221,0,0,0,0.0,closed,True,True
7390,2,2,0,0,0.0,closed,True,True
7389,25,8,0,0,0.0,closed,False,False
7388,1,1,0,0,0.0,closed,True,True
7387,1,1,0,0,0.0,closed,True,True
7386,1,1,0,0,0.0,closed,True,True
7385,4,4,0,0,0.0,closed,True,True
7375,3,3,1,0,0.0,closed,True,True
7373,350,124,0,0,0.0,closed,True,True
7366,8,8,0,0,0.0,closed,True,True
7361,85,99,0,0,0.0,closed,False,False
7344,32,25,1,0,0.0,closed,True,True
7340,12,12,0,0,0.0,closed,True,True
7329,2,2,0,0,0.0,closed,True,True
7326,1,1,1,0,0.0,closed,True,True
7319,1,1,0,0,0.0,closed,True,True
7317,4,4,0,0,0.0,closed,True,True
7316,23,4,0,0,0.0,closed,True,True
7312,2,2,0,0,0.0,closed,True,True
7309,6,6,0,0,0.0,closed,True,True
7307,9,9,0,0,0.0,closed,True,True
7288,13,13,0,0,0.0,closed,True,True
7287,2,2,0,0,0.0,closed,True,True
7282,15,14,0,0,0.0,closed,True,True
7275,2,2,0,0,0.0,closed,True,True
7274,8,1,0,0,0.0,closed,True,True
7272,8,25,0,0,0.0,closed,True,True
7271,8,7,0,0,0.0,closed,True,True
7269,210,26,2,12,6.0,closed,True,True
7267,328,200,0,0,0.0,closed,True,True
7266,1,1,0,0,0.0,closed,True,True
7265,6,0,0,0,0.0,closed,True,True
7264,12,3,0,0,0.0,closed,True,True
7263,79,1,0,1,0.3333333333333333,closed,True,True
7259,1,5,0,0,0.0,closed,True,True
7258,23,5,0,0,0.0,closed,True,True
7257,7,21,0,0,0.0,closed,True,True
7251,20,19,0,0,0.0,closed,True,True
7249,67,16,0,0,0.0,closed,True,True
7247,136,57,0,0,0.0,closed,True,True
7244,2,0,0,0,0.0,closed,True,True
7240,7,7,0,0,0.0,closed,True,True
7235,3,0,0,1,1.0,closed,False,False
7234,2,2,0,0,0.0,closed,True,True
7233,2,2,0,0,0.0,closed,True,True
7232,2,2,0,0,0.0,closed,True,True
7229,4709,861,10,0,0.0,closed,True,True
7226,7,13,0,0,0.0,closed,True,True
7225,2,2,0,0,0.0,closed,True,True
7217,237,104,0,0,0.0,closed,True,True
7215,236,104,4,0,0.0,closed,False,False
7211,2,2,0,0,0.0,closed,True,True
7210,2,2,0,0,0.0,closed,True,True
7209,1,1,0,0,0.0,closed,True,True
7208,4,4,17,0,0.0,closed,False,False
7206,2,2,1,0,0.0,closed,True,True
7205,48,22,0,0,0.0,closed,True,True
7198,2,2,0,0,0.0,closed,True,True
7197,30,2,0,0,0.0,closed,True,True
7194,402,199,0,0,0.0,closed,True,True
7193,416,264,0,0,0.0,closed,False,False
7192,20,70,0,0,0.0,closed,True,True
7189,9,0,1,0,0.0,closed,True,True
7188,38,36,0,0,0.0,closed,True,True
7187,7,2,0,0,0.0,closed,True,True
7184,553,121,3,0,0.0,closed,True,True
7181,0,0,1,0,0.0,closed,False,False
7174,7,10,0,0,0.0,closed,True,True
7173,153,39,1,0,0.0,closed,True,True
7170,375,415,0,0,0.0,closed,True,True
7162,9,1,1,0,0.0,closed,True,True
7161,1,1,0,0,0.0,closed,True,True
7156,4,2,0,0,0.0,closed,True,True
7153,2,2,0,0,0.0,closed,True,True
7152,2,2,0,0,0.0,closed,True,True
7151,2,2,0,0,0.0,closed,True,True
7150,2,2,0,0,0.0,closed,True,True
7141,80,26,0,0,0.0,closed,False,False
7140,2,0,0,0,0.0,closed,True,True
7139,11,2,0,0,0.0,closed,True,True
7138,2,2,0,0,0.0,closed,True,True
7137,219,0,2,0,0.0,closed,True,True
7136,2,2,0,0,0.0,closed,True,True
7134,2,2,0,0,0.0,closed,True,True
7133,7,3,0,0,0.0,closed,True,True
7131,6,6,0,0,0.0,closed,True,True
7128,1,1,0,0,0.0,closed,True,True
7127,1,1,0,0,0.0,closed,False,False
7124,2,2,0,0,0.0,closed,True,True
7122,19,8,3,0,0.0,closed,True,True
7121,3,0,1,0,0.0,closed,True,True
7110,258,251,0,0,0.0,closed,True,True
7099,26,17,6,0,0.0,closed,True,True
7095,1,1,0,0,0.0,closed,True,True
7093,4,4,0,0,0.0,closed,True,True
7087,1,1,0,0,0.0,closed,False,False
7068,8,134,4,0,0.0,closed,True,True
7053,8,8,0,0,0.0,closed,True,True
7047,77,77,2,0,0.0,closed,True,True
7040,1,1,0,0,0.0,closed,True,True
7028,2142,14,1,0,0.0,closed,False,False
7021,6,6,0,0,0.0,closed,True,True
6999,15,15,0,0,0.0,closed,True,True
6980,19,2,5,3,1.5,closed,True,True
6973,6,6,0,0,0.0,closed,True,True
6972,2,2,0,0,0.0,closed,False,False
6969,6,6,0,0,0.0,closed,True,True
6967,6,6,0,0,0.0,closed,True,True
6963,165,0,1,0,0.0,closed,True,True
6962,5,0,0,0,0.0,closed,True,True
6958,2,2,0,0,0.0,closed,False,False
6956,9,8,0,0,0.0,closed,True,True
6955,2,2,0,0,0.0,closed,True,True
6952,2,2,0,0,0.0,closed,True,True
6951,112,12,0,0,0.0,closed,True,True
6946,4,45,0,0,0.0,closed,True,True
6945,591,0,1,0,0.0,closed,False,False
6944,1,1,0,0,0.0,closed,True,True
6943,30,11,0,0,0.0,closed,True,True
6942,17,8,0,0,0.0,closed,True,True
6939,280,211,1,0,0.0,closed,True,True
6935,6,6,0,0,0.0,closed,True,True
6934,8,0,0,0,0.0,closed,True,True
6931,6,6,0,0,0.0,closed,True,True
6929,0,0,0,0,0.0,closed,True,True
6928,4,13,0,0,0.0,closed,True,True
6927,13,4,0,0,0.0,closed,True,True
6926,13,13,0,0,0.0,closed,True,True
6925,4,0,0,0,0.0,closed,True,True
6924,374,87,0,0,0.0,closed,True,True
6923,4,4,0,0,0.0,closed,True,True
6921,65,17,0,0,0.0,closed,False,False
6910,2,0,0,0,0.0,closed,True,True
6898,2029,11,0,0,0.0,closed,False,False
6887,1,1,0,0,0.0,closed,True,True
6885,30,23,0,0,0.0,closed,False,False
6884,10,10,1,0,0.0,closed,False,False
6869,110,110,0,0,0.0,closed,True,True
6858,3,3,0,0,0.0,closed,True,True
6856,77,12,13,1,0.16666666666666666,closed,True,True
6850,134,127,0,0,0.0,closed,True,True
6846,2,1,2,0,0.0,closed,True,True
6845,4,2,0,0,0.0,closed,True,True
6844,1,1,0,0,0.0,closed,True,True
6843,1,1,0,0,0.0,closed,True,True
6842,1,1,0,0,0.0,closed,True,True
6841,1,1,0,0,0.0,closed,True,True
6836,1,1,0,0,0.0,closed,True,True
6833,14,14,0,0,0.0,closed,False,False
6831,3,3,0,0,0.0,closed,True,True
6830,1,1,0,0,0.0,closed,True,True
6827,1,1,3,0,0.0,closed,True,True
6825,607,22,27,65,1.5853658536585367,closed,True,True
6824,8,3,0,0,0.0,closed,True,True
6822,14,6,0,0,0.0,closed,True,True
6819,1,0,0,0,0.0,closed,True,True
6818,3,2,0,0,0.0,closed,True,True
6817,3,2,0,0,0.0,closed,True,True
6814,2,2,0,0,0.0,closed,True,True
6810,59,59,0,0,0.0,closed,True,True
6808,1,1,0,0,0.0,closed,True,True
6806,2,2,0,0,0.0,closed,True,True
6805,2,2,1,0,0.0,closed,True,True
6798,2,2,0,0,0.0,closed,True,True
6797,1,1,0,0,0.0,closed,True,True
6796,2,2,0,0,0.0,closed,True,True
6795,2,2,0,0,0.0,closed,True,True
6790,14,14,0,0,0.0,closed,False,False
6788,2,2,0,0,0.0,closed,True,True
6787,1,1,0,0,0.0,closed,True,True
6782,176,54,6,0,0.0,closed,True,True
6778,2537,426,0,0,0.0,closed,True,True
6766,2,2,1,0,0.0,closed,False,False
6765,3,9,1,0,0.0,closed,True,True
6762,4,7,0,0,0.0,closed,True,True
6760,8,0,0,0,0.0,closed,True,True
6758,85,48,0,0,0.0,closed,True,True
6755,12,11,0,0,0.0,closed,True,True
6750,13,10,0,0,0.0,closed,True,True
6749,48,24,0,0,0.0,closed,True,True
6748,18,17,0,0,0.0,closed,True,True
6745,2,2,0,0,0.0,closed,True,True
6744,17,0,0,0,0.0,closed,True,True
6742,11,12,25,0,0.0,closed,True,True
6729,16,16,0,0,0.0,closed,True,True
6710,13096,778,0,0,0.0,closed,False,False
6702,217,0,2,0,0.0,closed,True,True
6701,30,30,0,0,0.0,closed,True,True
6699,2,2,0,0,0.0,closed,True,True
6695,2,2,0,0,0.0,closed,True,True
6694,10,0,0,0,0.0,closed,True,True
6690,306,236,0,0,0.0,closed,True,True
6688,0,0,0,0,0.0,closed,False,False
6681,764,16,2,0,0.0,closed,False,False
6680,4,2,0,0,0.0,closed,True,True
6675,916,246,20,11,0.36666666666666664,closed,True,True
6673,1,1,0,0,0.0,closed,True,True
6672,2,2,0,0,0.0,closed,True,True
6671,4,4,0,0,0.0,closed,True,True
6669,2,2,0,0,0.0,closed,True,True
6665,2,2,0,0,0.0,closed,True,True
6664,2,2,0,0,0.0,closed,True,True
6658,5,5,0,0,0.0,closed,True,True
6657,0,0,0,0,0,closed,False,False
6656,141,388,0,0,0.0,closed,True,True
6655,388,141,0,0,0.0,closed,True,True
6654,2,2,0,0,0.0,closed,True,True
6652,91,93,0,0,0.0,closed,True,True
6650,47,28,0,0,0.0,closed,True,True
6633,4,4,0,0,0.0,closed,True,True
6628,38,15,0,0,0.0,closed,True,True
6623,75,21,0,0,0.0,closed,True,True
6617,52,30,0,0,0.0,closed,True,True
6613,4,1,0,0,0.0,closed,True,True
6612,51,27,0,0,0.0,closed,True,True
6603,43,30,0,0,0.0,closed,True,True
6598,42,42,0,0,0.0,closed,True,True
6595,3,3,0,0,0.0,closed,True,True
6594,3,3,0,0,0.0,closed,True,True
6591,24,15,0,0,0.0,closed,True,True
6586,188,45,8,0,0.0,closed,True,True
6585,13,13,0,0,0.0,closed,True,True
6582,6,6,0,0,0.0,closed,True,True
6579,4,4,0,0,0.0,closed,True,True
6578,3,3,0,0,0.0,closed,True,True
6577,4,4,0,0,0.0,closed,True,True
6575,32,17,0,0,0.0,closed,True,True
6572,65,40,1,1,1.0,closed,False,False
6571,3,3,0,0,0.0,closed,True,True
6570,3,3,0,0,0.0,closed,False,False
6565,59,13,0,0,0.0,closed,True,True
6564,38,38,0,0,0.0,closed,True,True
6563,1,0,0,0,0.0,closed,True,True
6562,8,2,0,0,0.0,closed,True,True
6561,450,86,0,0,0.0,closed,True,True
6557,1,1,0,0,0.0,closed,True,True
6554,1,4,0,0,0.0,closed,True,True
6545,1142,95,0,0,0.0,closed,False,False
6544,1268,91,0,0,0.0,closed,False,False
6543,1142,95,0,0,0.0,closed,False,False
6529,1268,91,0,0,0.0,closed,False,False
6525,1,1,0,0,0.0,closed,True,True
6524,27,2,0,0,0.0,closed,True,True
6520,102,87,0,0,0.0,closed,True,True
6515,87,9,0,0,0.0,closed,True,True
6514,4,5,0,0,0.0,closed,True,True
6511,4,4,0,0,0.0,closed,True,True
6510,8,0,0,1,1.0,closed,False,False
6506,26,24,0,0,0.0,closed,True,True
6504,560,14,0,10,1.4285714285714286,closed,False,False
6503,1,1,0,0,0.0,closed,True,True
6502,6,1,1,0,0.0,closed,True,True
6501,26,33,0,0,0.0,closed,True,True
6498,5,5,0,0,0.0,closed,True,True
6497,27,11,0,0,0.0,closed,True,True
6496,11,11,0,0,0.0,closed,True,True
6488,1,1,0,0,0.0,closed,True,True
6487,32,1,5,0,0.0,closed,True,True
6486,6,6,0,0,0.0,closed,True,True
6483,2,2,0,0,0.0,closed,True,True
6482,5,5,0,0,0.0,closed,True,True
6481,5,5,0,0,0.0,closed,True,True
6479,390,144,0,0,0.0,closed,False,False
6475,158,107,0,0,0.0,closed,True,True
6473,425,151,1,0,0.0,closed,True,True
6470,648,478,0,0,0.0,closed,True,True
6468,579,0,1,0,0.0,closed,True,True
6466,1,1,0,0,0.0,closed,True,True
6465,37,31,0,0,0.0,closed,True,True
6462,2,2,0,0,0.0,closed,True,True
6461,34,14,0,0,0.0,closed,True,True
6460,9,0,1,0,0.0,closed,True,True
6459,36,36,0,0,0.0,closed,True,True
6458,5,5,0,0,0.0,closed,True,True
6457,4,4,0,0,0.0,closed,True,True
6446,12,4,1,0,0.0,closed,True,True
6445,17,8,0,0,0.0,closed,True,True
6436,6,2,0,0,0.0,closed,True,True
6429,4,4,0,0,0.0,closed,True,True
6425,89,23,0,0,0.0,closed,True,True
6418,4,4,0,0,0.0,closed,True,True
6416,100,103,4,0,0.0,closed,True,True
6415,4,4,0,0,0.0,closed,True,True
6414,5,5,0,0,0.0,closed,True,True
6413,4,4,0,0,0.0,closed,True,True
6411,40,7,0,0,0.0,closed,True,True
6410,16,14,0,0,0.0,closed,True,True
6408,1,1,5,0,0.0,closed,True,True
6407,20,8,0,0,0.0,closed,True,True
6406,2284,983,10,0,0.0,closed,True,True
6403,7,3,0,0,0.0,closed,True,True
6399,1873,1481,0,0,0.0,closed,False,False
6394,26,55,0,0,0.0,closed,True,True
6393,30,0,0,0,0.0,closed,False,False
6392,111,120,0,0,0.0,closed,True,True
6389,2,2,0,0,0.0,closed,True,True
6386,2223,976,0,0,0.0,closed,False,False
6385,4,1,0,0,0.0,closed,True,True
6384,2,2,2,0,0.0,closed,True,True
6383,21,19,0,0,0.0,closed,True,True
6379,55,26,0,0,0.0,closed,True,True
6374,2,2,0,0,0.0,closed,True,True
6373,2,2,0,0,0.0,closed,True,True
6362,2,2,0,0,0.0,closed,True,True
6361,27,29,0,0,0.0,closed,True,True
6359,12,12,0,0,0.0,closed,True,True
6358,85,41,9,0,0.0,closed,True,True
6354,23,13,0,0,0.0,closed,True,True
6351,11,1,4,0,0.0,closed,True,True
6349,2,2,2,0,0.0,closed,True,True
6347,132,14,0,0,0.0,closed,True,True
6343,14,132,0,0,0.0,closed,True,True
6340,2,2,1,0,0.0,closed,True,True
6334,2,2,0,0,0.0,closed,True,True
6333,56,17,3,0,0.0,closed,True,True
6330,10,10,5,0,0.0,closed,True,True
6328,108,55,0,0,0.0,closed,True,True
6327,2,2,12,0,0.0,closed,True,True
6326,2,2,0,0,0.0,closed,True,True
6325,96,170,5,0,0.0,closed,True,True
6323,35,22,0,0,0.0,closed,True,True
6322,5,5,0,0,0.0,closed,True,True
6320,8,0,0,0,0.0,closed,True,True
6319,2,0,0,0,0.0,closed,True,True
6318,11,2,0,0,0.0,closed,True,True
6313,7,7,0,0,0.0,closed,True,True
6312,2,2,1,0,0.0,closed,True,True
6310,123,96,1,0,0.0,closed,True,True
6308,2,2,0,0,0.0,closed,True,True
6306,2,2,0,0,0.0,closed,True,True
6304,1,1,0,0,0.0,closed,True,True
6303,515,287,0,0,0.0,closed,True,True
6297,2,2,0,0,0.0,closed,True,True
6294,149,2,0,0,0.0,closed,True,True
6289,287,287,0,0,0.0,closed,True,True
6286,1,1,0,0,0.0,closed,True,True
6285,278,278,0,0,0.0,closed,True,True
6282,1527,371,70,0,0.0,closed,True,True
6279,3,6,0,5,2.5,closed,True,True
6275,266,171,0,0,0.0,closed,True,True
6274,1,1,0,0,0.0,closed,True,True
6271,1,1,0,0,0.0,closed,True,True
6270,7,4,0,0,0.0,closed,True,True
6267,8,8,0,0,0.0,closed,True,True
6266,46,3,2,5,0.625,closed,True,True
6264,5,15,7,0,0.0,closed,True,True
6263,8,8,0,0,0.0,closed,True,True
6262,49,78,1,0,0.0,closed,True,True
6260,1,0,8,0,0.0,closed,True,True
6258,98,42,0,0,0.0,closed,True,True
6257,78,49,1,0,0.0,closed,True,True
6256,2,7,0,0,0.0,closed,True,True
6253,6,10,0,0,0.0,closed,True,True
6251,41,41,0,0,0.0,closed,True,True
6250,7,2,0,0,0.0,closed,True,True
6249,1,1,0,0,0.0,closed,True,True
6247,5,3,0,0,0.0,closed,True,True
6246,1,1,0,0,0.0,closed,True,True
6244,1,1,0,0,0.0,closed,True,True
6243,26,13,0,0,0.0,closed,True,True
6242,20,7,0,0,0.0,closed,True,True
6239,100,84,0,0,0.0,closed,True,True
6238,3,1,0,0,0.0,closed,True,True
6237,3,5,0,0,0.0,closed,True,True
6233,97,54,0,0,0.0,closed,True,True
6229,1180,1184,0,0,0.0,closed,True,True
6227,1469,1122,2,0,0.0,closed,True,True
6222,4,4,4,0,0.0,closed,True,True
6219,2,2,0,0,0.0,closed,True,True
6218,5704,2451,5,0,0.0,closed,False,False
6215,9,9,0,0,0.0,closed,True,True
6213,2,2,0,0,0.0,closed,True,True
6211,63,55,0,0,0.0,closed,True,True
6210,2,2,0,0,0.0,closed,True,True
6208,3,3,0,0,0.0,closed,True,True
6207,2,2,0,0,0.0,closed,True,True
6206,46,3,12,0,0.0,closed,False,False
6205,3,3,0,0,0.0,closed,True,True
6203,2,2,0,0,0.0,closed,True,True
6202,5,5,0,0,0.0,closed,True,True
6201,4,4,0,0,0.0,closed,True,True
6199,403,102,2,0,0.0,closed,True,True
6195,17,10,0,0,0.0,closed,True,True
6194,7,1,0,0,0.0,closed,True,True
6193,2,2,1,0,0.0,closed,True,True
6191,4,4,0,0,0.0,closed,True,True
6188,5,5,0,0,0.0,closed,True,True
6187,4,4,0,0,0.0,closed,True,True
6186,4,4,0,0,0.0,closed,True,True
6185,29,3,1,0,0.0,closed,True,True
6184,33,7,0,0,0.0,closed,True,True
6182,4,4,0,0,0.0,closed,True,True
6173,1,1,0,0,0.0,closed,True,True
6168,50,18,0,0,0.0,closed,True,True
6166,8,12,0,0,0.0,closed,True,True
6165,235,26,10,0,0.0,closed,True,True
6158,1,1,0,0,0.0,closed,True,True
6156,56,27,2,0,0.0,closed,True,True
6155,1,0,0,0,0.0,closed,True,True
6150,4,3,0,0,0.0,closed,True,True
6137,319,171,3,0,0.0,closed,True,True
6134,1,1,0,0,0.0,closed,True,True
6133,2,2,0,0,0.0,closed,True,True
6131,1,1,0,0,0.0,closed,True,True
6130,3,3,0,0,0.0,closed,False,False
6128,114,16,0,0,0.0,closed,True,True
6126,3,1,0,0,0.0,closed,False,False
6125,71,16,1,0,0.0,closed,True,True
6123,36,43,0,0,0.0,closed,True,True
6119,10,10,0,0,0.0,closed,True,True
6109,36,26,3,0,0.0,closed,True,True
6107,1,1,0,0,0.0,closed,True,True
6106,44,11,0,0,0.0,closed,True,True
6104,8,7,0,4,2.0,closed,True,True
6103,10,10,0,0,0.0,closed,True,True
6099,1,0,0,0,0.0,closed,True,True
6097,641,34,67,23,0.8518518518518519,closed,True,True
6094,43,15,1,0,0.0,closed,True,True
6093,6,0,1,3,1.0,closed,True,True
6086,36,1,0,0,0.0,closed,True,True
6084,150,87,0,0,0.0,closed,True,True
6081,53,53,0,0,0.0,closed,True,True
6080,2,2,0,0,0.0,closed,True,True
6079,221,181,0,0,0.0,closed,True,True
6078,1,1,0,0,0.0,closed,True,True
6076,20,4,0,0,0.0,closed,True,True
6075,1,1,0,0,0.0,closed,True,True
6064,442,129,1,0,0.0,closed,True,True
6063,8,8,0,0,0.0,closed,True,True
6061,12,12,0,0,0.0,closed,True,True
6056,5,5,0,0,0.0,closed,True,True
6055,9,9,0,0,0.0,closed,True,True
6051,5,18,0,0,0.0,closed,True,True
6050,8,8,0,0,0.0,closed,True,True
6047,23,13,0,0,0.0,closed,True,True
6045,1,1,0,0,0.0,closed,True,True
6043,3,3,0,0,0.0,closed,True,True
6040,333,37,24,10,0.4166666666666667,closed,True,True
6037,6,7,0,0,0.0,closed,True,True
6036,8,8,0,0,0.0,closed,True,True
6035,7,7,0,0,0.0,closed,True,True
6033,19,19,0,0,0.0,closed,True,True
6032,3,2,0,0,0.0,closed,True,True
6031,75,21,0,0,0.0,closed,True,True
6029,2,2,0,0,0.0,closed,True,True
6026,1,0,0,0,0.0,closed,True,True
6024,1,1,1,0,0.0,closed,True,True
6021,1,1,0,3,3.0,closed,False,False
6018,15,3,0,0,0.0,closed,True,True
6007,14,2,0,0,0.0,closed,True,True
6006,3,3,1,0,0.0,closed,True,True
6005,5,52,0,0,0.0,closed,True,True
6003,2,1,0,0,0.0,closed,True,True
6001,2,1,7,0,0.0,closed,False,False
6000,38,1,1,0,0.0,closed,False,False
5997,1,1,0,0,0.0,closed,True,True
5994,1,1,0,0,0.0,closed,True,True
5990,452,44,0,0,0.0,closed,True,True
5987,18,18,0,0,0.0,closed,True,True
5985,72,4,1,0,0.0,closed,True,True
5973,26,9,0,0,0.0,closed,True,True
5970,10,10,0,0,0.0,closed,True,True
5959,4,4,0,0,0.0,closed,True,True
5954,152,23,0,0,0.0,closed,True,True
5947,27,27,1,0,0.0,closed,True,True
5945,2993,1321,7,0,0.0,closed,True,True
5944,1,1,0,0,0.0,closed,True,True
5936,2,2,0,0,0.0,closed,True,True
5935,133,45,11,0,0.0,closed,True,True
5933,5,221,0,0,0.0,closed,False,False
5932,2,2,0,0,0.0,closed,True,True
5925,5,5,5,0,0.0,closed,True,True
5918,5,5,10,0,0.0,closed,False,False
5917,178,178,0,0,0.0,closed,True,True
5907,19,19,0,0,0.0,closed,True,True
5906,26,58,1,0,0.0,closed,False,False
5901,61,37,0,0,0.0,closed,True,True
5900,181,12,43,0,0.0,closed,False,False
5891,188,170,0,0,0.0,closed,True,True
5890,159,41,0,0,0.0,closed,True,True
5887,16,1,0,0,0.0,closed,True,True
5886,9,9,0,0,0.0,closed,True,True
5884,6,4,0,0,0.0,closed,True,True
5880,7,4,0,0,0.0,closed,True,True
5879,5,5,0,0,0.0,closed,False,False
5877,19,19,0,0,0.0,closed,True,True
5875,3,36,0,0,0.0,closed,True,True
5874,16,12,1,0,0.0,closed,True,True
5873,115,75,0,0,0.0,closed,True,True
5868,94,12,0,0,0.0,closed,True,True
5866,4,3,0,0,0.0,closed,True,True
5865,36,13,0,0,0.0,closed,True,True
5856,5,5,0,0,0.0,closed,True,True
5847,4,25,0,0,0.0,closed,True,True
5846,20,15,0,0,0.0,closed,True,True
5844,20,20,0,0,0.0,closed,True,True
5841,3,0,0,0,0.0,closed,True,True
5832,4,4,0,0,0.0,closed,True,True
5831,6,6,0,0,0.0,closed,False,False
5829,66,22,0,0,0.0,closed,True,True
5822,44,3,0,0,0.0,closed,True,True
5821,50,24,0,0,0.0,closed,True,True
5816,1,1,0,0,0.0,closed,True,True
5815,1,1,0,0,0.0,closed,True,True
5814,1,1,0,0,0.0,closed,True,True
5812,12,27,0,0,0.0,closed,True,True
5809,1,1,0,0,0.0,closed,True,True
5808,43,50,0,0,0.0,closed,True,True
5805,1,1,0,0,0.0,closed,True,True
5803,1,1,0,0,0.0,closed,True,True
5799,16,26,0,0,0.0,closed,True,True
5798,63,43,1,0,0.0,closed,True,True
5797,3281,1315,1,0,0.0,closed,False,False
5796,1,1,0,0,0.0,closed,True,True
5795,1,1,0,0,0.0,closed,True,True
5793,44,8,0,0,0.0,closed,True,True
5788,11,3,0,0,0.0,closed,True,True
5785,8,5,0,0,0.0,closed,True,True
5773,31,4,1,1,1.0,closed,True,True
5771,15,0,0,0,0.0,closed,True,True
5769,1,1,0,0,0.0,closed,True,True
5762,19,16,0,0,0.0,closed,True,True
5758,2,2,0,0,0.0,closed,True,True
5757,1,1,0,0,0.0,closed,True,True
5754,9,8,0,0,0.0,closed,True,True
5752,4,2,1,0,0.0,closed,True,True
5750,12,12,0,0,0.0,closed,True,True
5749,12,6,0,0,0.0,closed,True,True
5748,48,30,0,0,0.0,closed,True,True
5746,2,2,0,0,0.0,closed,True,True
5738,4,91,0,0,0.0,closed,False,False
5737,2,1,0,0,0.0,closed,True,True
5733,4,1,0,0,0.0,closed,True,True
5731,2,2,0,0,0.0,closed,True,True
5730,6,7,0,0,0.0,closed,True,True
5729,38,38,0,0,0.0,closed,True,True
5728,4,1,0,0,0.0,closed,True,True
5724,5,4,0,0,0.0,closed,True,True
5721,1,0,1,0,0.0,closed,True,True
5720,720,278,0,2,1.0,closed,True,True
5719,73,91,0,0,0.0,closed,True,True
5716,116,42,0,0,0.0,closed,True,True
5715,1,4,0,0,0.0,closed,True,True
5713,1,1,0,0,0.0,closed,True,True
5710,58,31,0,0,0.0,closed,True,True
5709,5,4,0,0,0.0,closed,True,True
5708,1,1,0,0,0.0,closed,True,True
5706,3,3,0,0,0.0,closed,True,True
5705,564,0,1,0,0.0,closed,True,True
5704,20,8,0,0,0.0,closed,True,True
5702,1,1,0,0,0.0,closed,True,True
5700,7,7,0,0,0.0,closed,True,True
5699,10,10,0,0,0.0,closed,True,True
5698,3,3,0,0,0.0,closed,False,False
5697,10,10,0,0,0.0,closed,True,True
5696,77,7,0,0,0.0,closed,True,True
5685,10,10,1,0,0.0,closed,True,True
5684,10,10,0,0,0.0,closed,True,True
5682,14,3,2,0,0.0,closed,True,True
5681,18,18,0,1,1.0,closed,True,True
5674,308,2,1,0,0.0,closed,True,True
5673,1,1,3,0,0.0,closed,False,False
5669,3,3,0,0,0.0,closed,True,True
5666,16,16,0,0,0.0,closed,True,True
5665,0,0,0,0,0,closed,False,False
5664,405,1,2,0,0.0,closed,True,True
5659,45,5,0,0,0.0,closed,True,True
5656,1,1,0,0,0.0,closed,True,True
5654,203,20,0,0,0.0,closed,True,True
5652,1,1,0,0,0.0,closed,True,True
5651,5,5,0,0,0.0,closed,True,True
5650,4,2,0,0,0.0,closed,True,True
5649,1,1,0,0,0.0,closed,True,True
5646,14,7,0,0,0.0,closed,True,True
5645,202,57,4,0,0.0,closed,True,True
5639,4,4,0,0,0.0,closed,True,True
5638,4270,1364,27,2,0.04,closed,True,True
5635,10,10,0,0,0.0,closed,True,True
5634,2,2,0,0,0.0,closed,True,True
5633,7,0,0,0,0.0,closed,True,True
5632,701,574,0,0,0.0,closed,True,True
5625,92,35,0,0,0.0,closed,True,True
5623,519,39,1,0,0.0,closed,True,True
5616,11,4,0,2,1.0,closed,True,True
5607,3,3,0,0,0.0,closed,True,True
5606,80,26,2,0,0.0,closed,True,True
5600,8,4,0,0,0.0,closed,True,True
5597,35,18,0,0,0.0,closed,True,True
5596,2,3,0,0,0.0,closed,True,True
5593,16,24,0,0,0.0,closed,True,True
5591,3,3,0,0,0.0,closed,True,True
5589,13,8,0,0,0.0,closed,True,True
5576,41,16,0,0,0.0,closed,True,True
5574,39,2,5,0,0.0,closed,True,True
5573,85,6,9,0,0.0,closed,True,True
5571,628,368,0,0,0.0,closed,True,True
5570,25,2,0,1,0.16666666666666666,closed,False,False
5569,15,14,0,0,0.0,closed,True,True
5568,18,2,0,0,0.0,closed,False,False
5567,684,419,0,0,0.0,closed,False,False
5562,24,0,1,0,0.0,closed,False,False
5557,1,0,0,0,0.0,closed,True,True
5555,41,37,0,0,0.0,closed,True,True
5554,25,33,0,0,0.0,closed,True,True
5551,9,0,0,0,0.0,closed,True,True
5550,15,29,0,0,0.0,closed,True,True
5547,3,2,0,0,0.0,closed,True,True
5546,39,98,0,0,0.0,closed,True,True
5545,2982,1342,0,0,0.0,closed,False,False
5544,28,12,3,0,0.0,closed,True,True
5543,22,40,0,0,0.0,closed,False,False
5542,41,98,0,0,0.0,closed,False,False
5539,176,49,4,0,0.0,closed,False,False
5534,116,56,0,0,0.0,closed,False,False
5528,10,10,0,0,0.0,closed,True,True
5525,12,2,0,0,0.0,closed,True,True
5524,10,5,0,0,0.0,closed,True,True
5523,13,12,2,0,0.0,closed,True,True
5516,548,0,0,0,0.0,closed,True,True
5514,86,12,0,0,0.0,closed,True,True
5511,133,133,0,0,0.0,closed,True,True
5510,143,2,0,0,0.0,closed,True,True
5507,223,0,0,0,0.0,closed,True,True
5506,292,61,2,0,0.0,closed,False,False
5504,11,11,0,0,0.0,closed,True,True
5502,183,182,0,0,0.0,closed,False,False
5501,98,165,7,0,0.0,closed,False,False
5499,22,22,0,0,0.0,closed,True,True
5498,8,4,0,0,0.0,closed,True,True
5496,36,5,0,0,0.0,closed,True,True
5491,10,10,1,0,0.0,closed,True,True
5489,107,58,7,0,0.0,closed,True,True
5487,3,3,0,0,0.0,closed,True,True
5486,2,2,0,0,0.0,closed,True,True
5485,1,1,1,0,0.0,closed,True,True
5484,78,2,0,0,0.0,closed,True,True
5483,15,25,0,4,2.0,closed,True,True
5482,1,1,0,0,0.0,closed,True,True
5481,8,2,0,0,0.0,closed,True,True
5476,152,50,1,0,0.0,closed,True,True
5471,92,130,0,0,0.0,closed,True,True
5470,47,17,0,0,0.0,closed,False,False
5469,21,7,0,0,0.0,closed,True,True
5468,2,2,0,0,0.0,closed,True,True
5465,22,22,0,0,0.0,closed,True,True
5464,65,26,0,0,0.0,closed,True,True
5461,239,239,0,0,0.0,closed,True,True
5456,42,16,0,0,0.0,closed,True,True
5455,40,40,0,0,0.0,closed,True,True
5449,17,14,0,0,0.0,closed,True,True
5446,1,1,0,0,0.0,closed,True,True
5444,6,0,0,0,0.0,closed,True,True
5443,2,2,0,0,0.0,closed,True,True
5442,7,0,0,0,0.0,closed,True,True
5440,167,92,1,0,0.0,closed,True,True
5438,1,1,0,0,0.0,closed,True,True
5437,1,1,0,0,0.0,closed,True,True
5436,1,1,0,0,0.0,closed,True,True
5435,3,3,0,0,0.0,closed,True,True
5433,96,60,0,0,0.0,closed,True,True
5431,28,102,0,0,0.0,closed,True,True
5430,16,20,0,0,0.0,closed,True,True
5427,8,8,0,0,0.0,closed,True,True
5426,16,301,0,0,0.0,closed,True,True
5425,42,30,0,0,0.0,closed,True,True
5424,12,12,0,0,0.0,closed,True,True
5423,4,4,0,0,0.0,closed,True,True
5422,133,304,0,0,0.0,closed,False,False
5420,1,1,0,0,0.0,closed,True,True
5418,1,1,0,0,0.0,closed,True,True
5417,320,320,0,0,0.0,closed,True,True
5415,26,12,0,0,0.0,closed,True,True
5413,5,3,0,0,0.0,closed,True,True
5409,0,0,0,0,0.0,closed,True,True
5408,9,3,0,0,0.0,closed,True,True
5405,7,7,0,0,0.0,closed,True,True
5404,285,127,0,0,0.0,closed,True,True
5398,2,2,0,0,0.0,closed,True,True
5397,2,2,0,0,0.0,closed,True,True
5396,2,2,0,0,0.0,closed,True,True
5395,1,1,0,0,0.0,closed,True,True
5394,25,26,0,0,0.0,closed,True,True
5392,325,123,0,0,0.0,closed,True,True
5386,184,141,2,0,0.0,closed,True,True
5383,10,10,0,0,0.0,closed,True,True
5382,7,7,0,0,0.0,closed,True,True
5381,9,9,0,0,0.0,closed,True,True
5378,84,81,0,0,0.0,closed,True,True
5377,17,9,0,0,0.0,closed,True,True
5376,242,7,0,0,0.0,closed,True,True
5373,151,25,0,0,0.0,closed,True,True
5372,10,3,0,0,0.0,closed,True,True
5371,180,94,0,0,0.0,closed,False,False
5365,1,1,0,0,0.0,closed,True,True
5364,1,1,0,0,0.0,closed,False,False
5363,79,51,0,0,0.0,closed,True,True
5356,239,1,0,0,0.0,closed,False,False
5355,0,0,0,0,0.0,closed,True,True
5354,4,214,1,0,0.0,closed,False,False
5353,5,22,0,0,0.0,closed,True,True
5352,13,15,0,0,0.0,closed,True,True
5351,3,3,0,0,0.0,closed,True,True
5349,36,23,0,0,0.0,closed,True,True
5348,160,17,0,0,0.0,closed,True,True
5347,79,39,2,0,0.0,closed,True,True
5346,3,0,0,0,0.0,closed,True,True
5344,4,11,0,0,0.0,closed,True,True
5336,239,1,0,0,0.0,closed,False,False
5334,33,17,6,3,0.75,closed,True,True
5332,29,24,0,0,0.0,closed,True,True
5331,61,51,0,0,0.0,closed,True,True
5329,3,3,0,0,0.0,closed,True,True
5326,32,11,0,0,0.0,closed,True,True
5325,2,2,0,0,0.0,closed,True,True
5323,399,116,0,0,0.0,closed,True,True
5322,2,2,0,0,0.0,closed,True,True
5320,1,1,0,0,0.0,closed,True,True
5319,3,3,0,0,0.0,closed,True,True
5318,204,63,0,0,0.0,closed,True,True
5317,0,3,0,0,0.0,closed,True,True
5316,139,91,0,0,0.0,closed,True,True
5311,89,86,0,0,0.0,closed,True,True
5308,47,29,0,0,0.0,closed,True,True
5307,3,1,0,0,0.0,closed,True,True
5305,1,1,0,0,0.0,closed,True,True
5303,1,6,0,0,0.0,closed,True,True
5302,27,14,0,0,0.0,closed,True,True
5301,6,0,0,0,0.0,closed,True,True
5300,1,12,0,0,0.0,closed,True,True
5298,36,8,1,0,0.0,closed,True,True
5297,5,0,0,0,0.0,closed,True,True
5296,36,22,0,0,0.0,closed,True,True
5295,25,6,0,0,0.0,closed,True,True
5291,2,2,0,0,0.0,closed,True,True
5290,1,1,0,0,0.0,closed,True,True
5289,2,2,0,0,0.0,closed,True,True
5288,114,134,0,0,0.0,closed,True,True
5286,36,36,0,0,0.0,closed,True,True
5285,9,9,0,0,0.0,closed,True,True
5282,105,45,0,0,0.0,closed,True,True
5278,2,2,0,0,0.0,closed,True,True
5277,81,40,0,0,0.0,closed,True,True
5276,6,16,18,0,0.0,closed,True,True
5275,173,273,0,0,0.0,closed,False,False
5274,55,54,7,0,0.0,closed,True,True
5273,41,26,1,0,0.0,closed,True,True
5272,4,4,0,0,0.0,closed,True,True
5270,3,3,0,0,0.0,closed,True,True
5269,11,6,2,0,0.0,closed,False,False
5268,1,0,0,0,0.0,closed,True,True
5267,1,0,0,0,0.0,closed,True,True
5266,10,11,0,0,0.0,closed,True,True
5265,3,3,0,0,0.0,closed,True,True
5262,3,3,0,0,0.0,closed,True,True
5261,41,42,0,0,0.0,closed,True,True
5260,97,38,0,0,0.0,closed,True,True
5259,35,4,0,0,0.0,closed,True,True
5256,727,320,7,0,0.0,closed,True,True
5252,14,9,0,0,0.0,closed,True,True
5250,66,10,0,0,0.0,closed,True,True
5247,6,5,3,0,0.0,closed,False,False
5244,462,174,0,0,0.0,closed,True,True
5240,4,18,0,0,0.0,closed,True,True
5236,363,64,0,0,0.0,closed,True,True
5223,30,35,0,0,0.0,closed,True,True
5222,6,3,0,0,0.0,closed,True,True
5219,11,1,0,0,0.0,closed,True,True
5218,1,3,1,1,1.0,closed,True,True
5213,6,6,0,0,0.0,closed,True,True
5212,14,2,0,0,0.0,closed,True,True
5210,54,27,0,0,0.0,closed,True,True
5208,111,42,2,0,0.0,closed,True,True
5207,1,1,0,0,0.0,closed,True,True
5204,8,7,0,0,0.0,closed,False,False
5198,49,41,2,0,0.0,closed,True,True
5197,8,18,0,0,0.0,closed,True,True
5194,38,19,1,1,1.0,closed,False,False
5191,167,109,0,0,0.0,closed,True,True
5187,3,2,0,0,0.0,closed,True,True
5186,0,7,0,0,0.0,closed,True,True
5183,6,6,0,0,0.0,closed,True,True
5177,142,26,13,0,0.0,closed,True,True
5171,10,10,0,0,0.0,closed,True,True
5170,2,2,0,0,0.0,closed,False,False
5169,6,6,0,0,0.0,closed,True,True
5168,54,13,0,0,0.0,closed,True,True
5166,95,58,9,0,0.0,closed,True,True
5156,9,9,0,0,0.0,closed,True,True
5151,71,57,1,0,0.0,closed,True,True
5150,7,7,0,0,0.0,closed,True,True
5125,56,21,3,0,0.0,closed,True,True
5124,0,7,1,0,0.0,closed,True,True
5122,3,3,0,0,0.0,closed,True,True
5121,63,12,2,0,0.0,closed,True,True
5120,3,3,0,0,0.0,closed,True,True
5115,55,14,0,0,0.0,closed,True,True
5106,1,1,0,0,0.0,closed,True,True
5104,65,3,0,0,0.0,closed,True,True
5103,36,26,0,0,0.0,closed,True,True
5100,30,23,0,0,0.0,closed,True,True
5089,99,85,0,0,0.0,closed,True,True
5088,4,4,0,0,0.0,closed,True,True
5084,6,6,0,0,0.0,closed,True,True
5078,1703,0,0,0,0.0,closed,False,False
5077,6,6,0,0,0.0,closed,True,True
5068,16,16,0,0,0.0,closed,True,True
5060,12,12,0,0,0.0,closed,True,True
5059,195,195,0,0,0.0,closed,True,True
5055,2,0,0,0,0.0,closed,False,False
5049,244,19,8,0,0.0,closed,True,True
5046,1328,899,2,2,0.3333333333333333,closed,True,True
5040,2,2,0,0,0.0,closed,True,True
5036,367,159,0,0,0.0,closed,True,True
5034,13,13,0,0,0.0,closed,True,True
5033,1,1,0,0,0.0,closed,True,True
5032,1,1,0,0,0.0,closed,True,True
5031,24,30,0,0,0.0,closed,True,True
5029,9,66,0,0,0.0,closed,True,True
5025,77,23,0,0,0.0,closed,True,True
5017,5,8,0,0,0.0,closed,True,True
5016,16,26,3,0,0.0,closed,True,True
5015,1,1,0,0,0.0,closed,True,True
5014,1,1,0,0,0.0,closed,True,True
5008,58,4,0,0,0.0,closed,True,True
4992,2,2,0,0,0.0,closed,True,True
4991,2,2,0,0,0.0,closed,True,True
4990,43,43,0,0,0.0,closed,True,True
4984,73,73,1,0,0.0,closed,True,True
4976,43,11,9,1,0.5,closed,False,False
4975,5,5,0,0,0.0,closed,True,True
4967,1,1,0,0,0.0,closed,True,True
4959,5,5,0,0,0.0,closed,True,True
4949,2,2,0,0,0.0,closed,True,True
4948,4,4,0,0,0.0,closed,True,True
4947,5,5,0,0,0.0,closed,True,True
4946,16,12,0,0,0.0,closed,True,True
4944,5,5,0,0,0.0,closed,True,True
4943,177,55,0,0,0.0,closed,True,True
4941,1,1,0,0,0.0,closed,True,True
4940,1,1,0,0,0.0,closed,True,True
4939,62,40,0,0,0.0,closed,True,True
4935,41,9,3,0,0.0,closed,False,False
4934,222,76,2,0,0.0,closed,True,True
4930,35,0,1,0,0.0,closed,True,True
4926,48,6,0,0,0.0,closed,True,True
4925,1,1,0,0,0.0,closed,True,True
4922,36,2,0,0,0.0,closed,False,False
4921,50,15,0,0,0.0,closed,True,True
4920,6,10,0,0,0.0,closed,True,True
4918,4,4,0,0,0.0,closed,True,True
4917,27,13,0,0,0.0,closed,True,True
4916,35,2,0,0,0.0,closed,False,False
4909,2,2,3,0,0.0,closed,False,False
4902,5,0,0,0,0.0,closed,True,True
4901,197,112,0,0,0.0,closed,True,True
4892,1,1,0,0,0.0,closed,True,True
4889,78,22,0,0,0.0,closed,True,True
4885,1,0,0,0,0.0,closed,True,True
4882,3,0,0,0,0.0,closed,True,True
4878,76,42,0,0,0.0,closed,True,True
4876,16,3,0,0,0.0,closed,True,True
4875,1,1,0,0,0.0,closed,True,True
4874,2,6,0,0,0.0,closed,True,True
4873,8,4,0,0,0.0,closed,True,True
4872,5,0,0,0,0.0,closed,True,True
4869,0,5,1,0,0.0,closed,True,True
4868,0,0,1,0,0,closed,False,False
4865,2,0,2,0,0.0,closed,False,False
4860,2,2,0,0,0.0,closed,False,False
4859,55,18,0,0,0.0,closed,True,True
4848,16,2,18,0,0.0,closed,True,True
4846,19,19,0,0,0.0,closed,True,True
4838,67,15,0,0,0.0,closed,True,True
4837,15,67,0,0,0.0,closed,True,True
4836,67,15,0,0,0.0,closed,True,True
4826,14,12,0,0,0.0,closed,True,True
4825,1,1,0,0,0.0,closed,True,True
4817,73,157,0,0,0.0,closed,True,True
4816,5,5,0,0,0.0,closed,True,True
4815,10,24,0,1,0.5,closed,True,True
4814,11,9,0,0,0.0,closed,True,True
4813,20,2,0,0,0.0,closed,True,True
4811,24,3,3,0,0.0,closed,True,True
4809,53,48,0,0,0.0,closed,True,True
4807,12,11,0,0,0.0,closed,True,True
4806,1,1,0,0,0.0,closed,True,True
4804,1,1,0,0,0.0,closed,True,True
4801,487,438,0,0,0.0,closed,True,True
4800,9,8,2,0,0.0,closed,True,True
4799,1,1,0,0,0.0,closed,True,True
4795,223,37,0,0,0.0,closed,True,True
4793,22,8,0,0,0.0,closed,True,True
4792,2,2,0,0,0.0,closed,True,True
4790,13,6,0,0,0.0,closed,True,True
4787,24,0,0,0,0.0,closed,True,True
4786,79,53,0,0,0.0,closed,True,True
4783,0,0,0,0,0.0,closed,False,False
4782,3,0,0,0,0.0,closed,False,False
4781,1,2,0,0,0.0,closed,False,False
4777,13,13,0,0,0.0,closed,True,True
4773,26,7,0,0,0.0,closed,True,True
4770,701,35,11,0,0.0,closed,False,False
4766,5,8,0,0,0.0,closed,True,True
4765,5,5,0,0,0.0,closed,True,True
4762,147,94,0,0,0.0,closed,True,True
4760,13,2,0,0,0.0,closed,True,True
4759,0,1,0,0,0.0,closed,True,True
4758,3,3,1,0,0.0,closed,False,False
4752,1,1,0,0,0.0,closed,True,True
4751,1,1,0,0,0.0,closed,True,True
4750,1,0,0,0,0.0,closed,True,True
4749,122,170,0,0,0.0,closed,True,True
4747,170,122,0,0,0.0,closed,True,True
4745,5,5,0,0,0.0,closed,True,True
4744,1,1,0,0,0.0,closed,False,False
4739,3,3,0,0,0.0,closed,True,True
4738,13,45,0,0,0.0,closed,True,True
4735,101,446,0,0,0.0,closed,True,True
4734,11,7,0,0,0.0,closed,True,True
4732,1,1,0,0,0.0,closed,True,True
4729,77,28,0,0,0.0,closed,True,True
4725,30,43,0,0,0.0,closed,True,True
4723,106,41,0,0,0.0,closed,True,True
4722,11,2,0,0,0.0,closed,True,True
4720,24,24,0,0,0.0,closed,True,True
4719,81,27,0,0,0.0,closed,True,True
4716,108,91,0,0,0.0,closed,True,True
4712,31,12,0,0,0.0,closed,True,True
4709,14,4,0,0,0.0,closed,True,True
4708,1,1,0,0,0.0,closed,True,True
4707,1,1,0,0,0.0,closed,True,True
4705,76,2,0,0,0.0,closed,True,True
4703,4,4,0,0,0.0,closed,True,True
4702,44,21,0,0,0.0,closed,True,True
4700,310,279,4,0,0.0,closed,True,True
4699,17,13,0,0,0.0,closed,True,True
4689,3,0,2,0,0.0,closed,False,False
4684,26,8,1,0,0.0,closed,True,True
4680,101,49,0,0,0.0,closed,True,True
4679,4,2,0,0,0.0,closed,True,True
4678,1,1,0,0,0.0,closed,True,True
4673,2,2,0,0,0.0,closed,True,True
4670,28,6,0,0,0.0,closed,False,False
4668,26,4,0,0,0.0,closed,True,True
4667,38,24,0,0,0.0,closed,False,False
4666,1,1,0,0,0.0,closed,True,True
4662,1,1,0,0,0.0,closed,True,True
4658,4,12,0,0,0.0,closed,True,True
4656,5,5,0,0,0.0,closed,True,True
4655,13,13,0,0,0.0,closed,True,True
4654,3,3,0,0,0.0,closed,True,True
4653,209,209,0,0,0.0,closed,True,True
4647,2,0,0,0,0.0,closed,True,True
4645,3,3,0,0,0.0,closed,True,True
4644,8,8,0,0,0.0,closed,True,True
4643,55,25,0,0,0.0,closed,True,True
4641,595,0,12,0,0.0,closed,False,False
4636,1,1,0,0,0.0,closed,True,True
4635,1,1,0,0,0.0,closed,True,True
4634,32,13,0,0,0.0,closed,True,True
4632,12,9,0,0,0.0,closed,True,True
4629,1,1,0,0,0.0,closed,True,True
4625,5,5,0,0,0.0,closed,True,True
4624,1,1,0,0,0.0,closed,True,True
4617,6,6,0,0,0.0,closed,True,True
4616,245,236,0,0,0.0,closed,True,True
4615,17,14,0,0,0.0,closed,True,True
4614,51,17,1,0,0.0,closed,True,True
4613,11,11,0,0,0.0,closed,True,True
4611,8,5,0,0,0.0,closed,True,True
4608,18,18,0,0,0.0,closed,True,True
4607,45,71,0,0,0.0,closed,True,True
4605,1,1,1,0,0.0,closed,True,True
4596,18,17,0,0,0.0,closed,True,True
4592,1,1,0,0,0.0,closed,True,True
4591,124,103,1,0,0.0,closed,True,True
4587,4,9,0,0,0.0,closed,True,True
4586,9,4,0,0,0.0,closed,True,True
4584,759,569,0,0,0.0,closed,True,True
4582,127,127,0,0,0.0,closed,True,True
4581,1,1,0,0,0.0,closed,True,True
4580,1,0,0,0,0.0,closed,True,True
4578,116,92,10,0,0.0,closed,True,True
4577,31,21,0,0,0.0,closed,True,True
4576,96,81,0,0,0.0,closed,True,True
4572,8,8,0,0,0.0,closed,True,True
4569,1,1,2,1,0.5,closed,True,True
4566,4,9,0,0,0.0,closed,True,True
4563,11,3,0,0,0.0,closed,True,True
4562,133,149,6,0,0.0,closed,True,True
4560,35,27,5,1,0.25,closed,True,True
4558,158,54,0,0,0.0,closed,True,True
4557,344,11,0,0,0.0,closed,True,True
4552,1,0,0,0,0.0,closed,True,True
4550,25,4,0,0,0.0,closed,True,True
4549,18,7,0,0,0.0,closed,True,True
4548,1,1,0,0,0.0,closed,True,True
4544,2,2,0,0,0.0,closed,True,True
4543,16,5,1,0,0.0,closed,True,True
4541,5,13,0,0,0.0,closed,True,True
4540,2,0,0,0,0.0,closed,True,True
4513,1,25,0,0,0.0,closed,True,True
4510,1,1,0,0,0.0,closed,True,True
4504,93,23,0,0,0.0,closed,True,True
4502,6,6,0,0,0.0,closed,True,True
4500,5,4,0,0,0.0,closed,True,True
4499,31,25,0,0,0.0,closed,True,True
4487,3,2,0,0,0.0,closed,True,True
4483,38,38,0,0,0.0,closed,True,True
4482,8,6,0,0,0.0,closed,True,True
4476,22,15,1,0,0.0,closed,True,True
4473,29,0,0,0,0.0,closed,True,True
4467,1,1,0,0,0.0,closed,True,True
4465,1,1,0,0,0.0,closed,True,True
4463,58,45,0,0,0.0,closed,True,True
4461,3,3,1,0,0.0,closed,False,False
4460,3,3,0,0,0.0,closed,False,False
4457,4,4,0,0,0.0,closed,True,True
4453,1,0,0,0,0.0,closed,True,True
4450,8,2,0,0,0.0,closed,True,True
4448,378,89,0,0,0.0,closed,True,True
4446,2,2,0,0,0.0,closed,True,True
4443,1407,1399,1,0,0.0,closed,False,False
4442,1403,1395,0,0,0.0,closed,False,False
4441,27,57,0,0,0.0,closed,True,True
4440,2,0,0,0,0.0,closed,True,True
4438,541,364,14,2,0.16666666666666666,closed,True,True
4437,3,3,0,0,0.0,closed,True,True
4436,3,3,0,0,0.0,closed,True,True
4435,3,3,0,0,0.0,closed,True,True
4434,35,2,0,0,0.0,closed,True,True
4430,4,4,0,0,0.0,closed,True,True
4427,288,91,0,0,0.0,closed,True,True
4425,3,3,0,0,0.0,closed,True,True
4421,13,4,0,0,0.0,closed,True,True
4419,4,0,0,0,0.0,closed,True,True
4418,14,8,0,0,0.0,closed,True,True
4413,35,35,0,0,0.0,closed,True,True
4411,765,222,0,0,0.0,closed,True,True
4410,3,3,1,0,0.0,closed,True,True
4408,5,5,0,0,0.0,closed,True,True
4406,8,8,0,0,0.0,closed,True,True
4405,4,0,0,0,0.0,closed,True,True
4401,43,4,0,0,0.0,closed,True,True
4397,2,1,0,0,0.0,closed,True,True
4395,169,104,0,0,0.0,closed,True,True
4394,12,12,0,0,0.0,closed,True,True
4393,0,3,0,2,0.6666666666666666,closed,True,True
4392,44,24,0,0,0.0,closed,True,True
4391,24,10,0,2,0.4,closed,True,True
4389,9,7,1,0,0.0,closed,True,True
4386,210,33,0,0,0.0,closed,True,True
4383,182,137,0,0,0.0,closed,True,True
4379,966,335,0,0,0.0,closed,True,True
4376,25,44,0,0,0.0,closed,True,True
4372,7,11,1,0,0.0,closed,False,False
4369,5,5,0,0,0.0,closed,True,True
4365,5,5,0,0,0.0,closed,True,True
4355,28,14,0,0,0.0,closed,True,True
4353,8,5,0,1,1.0,closed,True,True
4345,5,5,0,0,0.0,closed,True,True
4344,41,55,1,0,0.0,closed,True,True
4343,23,18,0,0,0.0,closed,True,True
4342,5,5,0,0,0.0,closed,True,True
4341,1,1,0,0,0.0,closed,True,True
4340,1,1,0,0,0.0,closed,True,True
4339,29,38,0,0,0.0,closed,True,True
4338,4,2,0,0,0.0,closed,True,True
4337,1991,681,0,0,0.0,closed,True,True
4330,6,6,0,0,0.0,closed,True,True
4328,2,1,0,0,0.0,closed,True,True
4312,3,3,0,0,0.0,closed,True,True
4310,3,3,0,0,0.0,closed,True,True
4309,4,1,0,0,0.0,closed,False,False
4308,5,2,0,0,0.0,closed,False,False
4307,0,1588,0,0,0.0,closed,False,False
4306,130,130,0,0,0.0,closed,True,True
4304,3,3,0,0,0.0,closed,True,True
4301,878,554,0,4,2.0,closed,True,True
4290,1,1,0,0,0.0,closed,True,True
4289,1,1,0,0,0.0,closed,True,True
4286,2,2,0,0,0.0,closed,True,True
4283,38,29,1,0,0.0,closed,True,True
4281,22,19,3,0,0.0,closed,False,False
4279,156,4,0,0,0.0,closed,True,True
4278,6,3,0,0,0.0,closed,True,True
4277,44,36,0,0,0.0,closed,True,True
4275,95,108,0,0,0.0,closed,True,True
4271,3,3,1,0,0.0,closed,True,True
4270,281,64,0,0,0.0,closed,True,True
4269,48,21,0,0,0.0,closed,True,True
4268,129,46,0,0,0.0,closed,True,True
4265,3,3,7,0,0.0,closed,True,True
4258,41,7,0,0,0.0,closed,True,True
4256,1,1,0,0,0.0,closed,True,True
4255,6,7,1,0,0.0,closed,True,True
4253,45,23,1,0,0.0,closed,True,True
4251,9,5,0,0,0.0,closed,True,True
4249,1,1,0,0,0.0,closed,True,True
4247,8,0,1,0,0.0,closed,True,True
4242,11,0,0,0,0.0,closed,True,True
4233,4,4,0,0,0.0,closed,True,True
4232,10,3,0,0,0.0,closed,True,True
4231,4,2,3,0,0.0,closed,True,True
4228,105,24,0,0,0.0,closed,True,True
4227,1,1,0,0,0.0,closed,True,True
4226,17,12,0,0,0.0,closed,True,True
4223,8,0,0,0,0.0,closed,True,True
4222,103,12,0,0,0.0,closed,False,False
4221,365,299,0,0,0.0,closed,True,True
4220,8,3,0,0,0.0,closed,True,True
4219,132,108,0,0,0.0,closed,True,True
4216,137,30,0,0,0.0,closed,False,False
4215,86,15,6,0,0.0,closed,True,True
4209,97,8,0,0,0.0,closed,True,True
4205,3,3,0,0,0.0,closed,True,True
4203,10,0,2,0,0.0,closed,True,True
4202,2812,3159,0,0,0.0,closed,False,False
4200,110,49,0,0,0.0,closed,True,True
4198,9,0,0,0,0.0,closed,True,True
4197,17,17,0,0,0.0,closed,True,True
4194,5,5,0,0,0.0,closed,True,True
4193,11,4,1,0,0.0,closed,True,True
4191,2,2,0,0,0.0,closed,True,True
4189,4,0,0,0,0.0,closed,True,True
4188,1,1,0,0,0.0,closed,True,True
4187,4,4,3,0,0.0,closed,True,True
4186,114,47,0,0,0.0,closed,True,True
4185,3,3,1,0,0.0,closed,False,False
4181,5,1,0,0,0.0,closed,True,True
4179,616,269,0,0,0.0,closed,True,True
4175,1581,3160,1,0,0.0,closed,False,False
4174,1580,3159,0,0,0.0,closed,False,False
4167,86,49,0,0,0.0,closed,True,True
4166,412,97,1,0,0.0,closed,True,True
4165,98,23,2,12,2.0,closed,True,True
4161,421,70,0,0,0.0,closed,True,True
4154,61,49,0,0,0.0,closed,True,True
4151,301,192,0,0,0.0,closed,True,True
4147,16,1,0,0,0.0,closed,True,True
4145,2,2,0,0,0.0,closed,True,True
4144,3,1,0,0,0.0,closed,True,True
4141,1,0,0,0,0.0,closed,True,True
4137,251,56,0,0,0.0,closed,True,True
4132,414,98,0,0,0.0,closed,True,True
4129,263,78,23,4,1.3333333333333333,closed,True,True
4127,1,1,0,0,0.0,closed,True,True
4124,5,0,6,0,0.0,closed,True,True
4123,3,2,0,0,0.0,closed,True,True
4121,5,5,0,0,0.0,closed,True,True
4120,31,15,0,0,0.0,closed,True,True
4119,9,75,0,0,0.0,closed,True,True
4117,274,5,1,0,0.0,closed,True,True
4115,3,1,0,0,0.0,closed,True,True
4114,9,9,0,0,0.0,closed,True,True
4111,5,5,0,0,0.0,closed,True,True
4109,6,6,0,0,0.0,closed,True,True
4107,254,41,1,0,0.0,closed,True,True
4106,786,126,2,1,0.2,closed,True,True
4098,350,28,2,0,0.0,closed,True,True
4097,2,1,0,0,0.0,closed,True,True
4096,498,286,0,0,0.0,closed,True,True
4089,1,1,0,0,0.0,closed,True,True
4088,12,10,0,0,0.0,closed,True,True
4086,9,9,0,0,0.0,closed,True,True
4085,50,355,0,0,0.0,closed,True,True
4082,384,225,0,0,0.0,closed,True,True
4077,7,7,0,0,0.0,closed,True,True
4075,7,4,5,0,0.0,closed,False,False
4072,1,1,1,0,0.0,closed,True,True
4071,4,4,2,0,0.0,closed,True,True
4070,2,2,0,0,0.0,closed,True,True
4067,4,0,0,0,0.0,closed,True,True
4066,35,0,0,0,0.0,closed,True,True
4063,38,13,1,0,0.0,closed,False,False
4062,112,226,1,3,3.0,closed,True,True
4055,3,2,2,2,1.0,closed,True,True
4053,5,5,0,0,0.0,closed,True,True
4050,3,0,1,0,0.0,closed,True,True
4047,5,5,2,0,0.0,closed,True,True
4044,26,24,0,0,0.0,closed,True,True
4039,1,1,0,0,0.0,closed,True,True
4038,1,1,0,2,2.0,closed,False,False
4036,16,17,0,3,3.0,closed,True,True
4035,882,999,0,0,0.0,closed,True,True
4032,36,2,0,0,0.0,closed,True,True
4031,103,33,2,1,0.5,closed,True,True
4016,166,166,0,0,0.0,closed,True,True
4013,44,34,0,0,0.0,closed,True,True
4012,2,2,0,0,0.0,closed,True,True
4009,1,1,0,0,0.0,closed,False,False
4008,490,490,3,2,0.5,closed,True,True
4006,10,10,0,0,0.0,closed,False,False
4005,1,1,0,0,0.0,closed,True,True
4004,45,5941,3,0,0.0,closed,False,False
4003,1,1,0,0,0.0,closed,True,True
4001,11,14,0,0,0.0,closed,True,True
4000,3,2,0,0,0.0,closed,True,True
3998,31,11,0,0,0.0,closed,True,True
3997,23,20,0,0,0.0,closed,True,True
3995,38,22,0,0,0.0,closed,True,True
3992,66,66,0,0,0.0,closed,True,True
3989,228,0,0,0,0.0,closed,True,True
3978,11,11,0,0,0.0,closed,True,True
3976,6,6,0,0,0.0,closed,True,True
3975,25,2,0,0,0.0,closed,True,True
3974,4,5,0,0,0.0,closed,True,True
3972,243,15,0,0,0.0,closed,True,True
3968,182,102,2,0,0.0,closed,True,True
3966,55,32,0,0,0.0,closed,True,True
3964,1,1,0,0,0.0,closed,True,True
3962,1,1,1,0,0.0,closed,False,False
3961,2,2,0,0,0.0,closed,False,False
3957,1,7,0,0,0.0,closed,True,True
3956,1,1,0,0,0.0,closed,True,True
3955,25,19,2,0,0.0,closed,True,True
3953,147,26,0,0,0.0,closed,True,True
3950,19,19,0,0,0.0,closed,True,True
3949,73,34,2,0,0.0,closed,True,True
3948,11,11,0,0,0.0,closed,True,True
3947,11,11,0,0,0.0,closed,True,True
3946,2,2,0,0,0.0,closed,False,False
3945,1,1,0,0,0.0,closed,True,True
3944,3,2,0,0,0.0,closed,True,True
3943,2,2,0,0,0.0,closed,True,True
3941,3,3,0,0,0.0,closed,True,True
3933,12,12,0,0,0.0,closed,True,True
3932,36,2,0,0,0.0,closed,True,True
3926,11,11,0,0,0.0,closed,True,True
3925,4,4,0,0,0.0,closed,True,True
3924,5,7,0,0,0.0,closed,True,True
3923,24,11,0,0,0.0,closed,True,True
3921,26,29,0,0,0.0,closed,True,True
3920,30,36,0,0,0.0,closed,True,True
3917,13,7,0,0,0.0,closed,True,True
3916,498,0,0,0,0.0,closed,True,True
3915,10,10,0,0,0.0,closed,True,True
3912,6,2,0,0,0.0,closed,False,False
3911,5,5,0,0,0.0,closed,True,True
3905,22,22,0,0,0.0,closed,False,False
3904,6,6,0,0,0.0,closed,True,True
3903,10,10,0,0,0.0,closed,True,True
3902,2663,849,10,0,0.0,closed,True,True
3901,481,454,2,0,0.0,closed,True,True
3898,1614,1609,0,0,0.0,closed,True,True
3891,50,2,0,0,0.0,closed,True,True
3888,107,44,14,0,0.0,closed,True,True
3884,4794,3,0,0,0.0,closed,False,False
3881,4,2,0,0,0.0,closed,True,True
3880,2,2,0,0,0.0,closed,True,True
3878,1,0,0,0,0.0,closed,True,True
3877,0,24,0,0,0.0,closed,True,True
3876,4,17,0,0,0.0,closed,True,True
3875,12,3,1,0,0.0,closed,True,True
3873,438,467,0,0,0.0,closed,True,True
3872,18,12,0,0,0.0,closed,True,True
3869,40,39,0,0,0.0,closed,True,True
3861,9,11,0,0,0.0,closed,True,True
3859,467,438,0,0,0.0,closed,True,True
3856,79,42,0,0,0.0,closed,True,True
3855,404,190,0,0,0.0,closed,True,True
3854,70,4,0,2,0.6666666666666666,closed,True,True
3853,16,9,0,0,0.0,closed,True,True
3852,2631,1006,0,0,0.0,closed,False,False
3851,1,1,0,0,0.0,closed,True,True
3850,1,1,0,0,0.0,closed,True,True
3847,3,1,0,0,0.0,closed,True,True
3844,42,35,5,0,0.0,closed,True,True
3841,35,50,0,0,0.0,closed,True,True
3839,1,1,0,0,0.0,closed,True,True
3838,73,19,2,0,0.0,closed,True,True
3835,57,13,0,0,0.0,closed,True,True
3832,372,868,0,0,0.0,closed,True,True
3831,1,0,1,0,0.0,closed,True,True
3829,21,1,2,1,1.0,closed,True,True
3821,40,17,0,0,0.0,closed,True,True
3820,33,33,0,0,0.0,closed,True,True
3816,69,39,3,0,0.0,closed,True,True
3815,3128,3132,3,0,0.0,closed,False,False
3809,61,56,0,0,0.0,closed,True,True
3808,16,1,0,0,0.0,closed,True,True
3806,3,1,0,2,2.0,closed,True,True
3805,1,0,0,1,1.0,closed,False,False
3804,1,0,0,0,0.0,closed,False,False
3803,101,43,0,0,0.0,closed,True,True
3800,8,1,0,0,0.0,closed,True,True
3797,1,1,0,0,0.0,closed,True,True
3796,26,10,0,0,0.0,closed,True,True
3791,21,6,17,0,0.0,closed,True,True
3790,4,3,0,0,0.0,closed,True,True
3789,3,3,0,0,0.0,closed,True,True
3788,27,5,2,0,0.0,closed,False,False
3787,3,3,0,0,0.0,closed,True,True
3785,28,6,0,0,0.0,closed,False,False
3783,4,3,0,0,0.0,closed,True,True
3782,223,86,0,0,0.0,closed,True,True
3781,4,3,0,0,0.0,closed,True,True
3778,5,0,0,0,0.0,closed,True,True
3777,2,2,0,0,0.0,closed,True,True
3775,376,0,0,0,0.0,closed,True,True
3772,5,6,0,0,0.0,closed,True,True
3771,30,0,3,0,0.0,closed,False,False
3768,5,4,0,0,0.0,closed,True,True
3767,1,1,0,0,0.0,closed,True,True
3766,3,3,0,0,0.0,closed,True,True
3765,1,1,0,0,0.0,closed,True,True
3764,684,477,16,0,0.0,closed,True,True
3761,484,484,0,0,0.0,closed,True,True
3759,3,3,0,0,0.0,closed,True,True
3758,2,33,0,0,0.0,closed,True,True
3754,86,98,1,0,0.0,closed,True,True
3747,186,307,0,1,0.5,closed,True,True
3735,54,43,2,2,0.2,closed,True,True
3731,1,1,0,0,0.0,closed,True,True
3727,7,6,0,0,0.0,closed,True,True
3726,35,3,0,1,0.5,closed,True,True
3725,6,6,0,0,0.0,closed,True,True
3722,83,13,0,0,0.0,closed,True,True
3719,167,14,0,3,0.42857142857142855,closed,True,True
3718,13,6,0,0,0.0,closed,True,True
3713,5,5,0,0,0.0,closed,True,True
3710,1104,24,18,0,0.0,closed,False,False
3708,10,7,0,1,1.0,closed,True,True
3706,34,101,23,0,0.0,closed,True,True
3705,24,21,2,0,0.0,closed,True,True
3702,1,0,1,1,1.0,closed,False,False
3699,19,5,0,0,0.0,closed,True,True
3694,1,1,1,0,0.0,closed,False,False
3693,2,2,0,0,0.0,closed,True,True
3692,28,32,1,0,0.0,closed,True,True
3691,103,91,0,0,0.0,closed,True,True
3690,3,3,0,0,0.0,closed,True,True
3687,23,23,0,0,0.0,closed,True,True
3680,4,2,0,0,0.0,closed,True,True
3679,2,2,0,0,0.0,closed,True,True
3678,6,6,0,0,0.0,closed,True,True
3676,12,8,1,0,0.0,closed,True,True
3675,203,46,0,0,0.0,closed,True,True
3672,1,1,0,0,0.0,closed,True,True
3671,1,1,0,0,0.0,closed,False,False
3670,183,76,11,3,0.5,closed,True,True
3660,20,9,0,0,0.0,closed,True,True
3658,247,17,1,2,0.3333333333333333,closed,True,True
3655,205,205,0,0,0.0,closed,True,True
3654,3,1,0,0,0.0,closed,True,True
3650,1,1,0,0,0.0,closed,True,True
3649,4,4,0,0,0.0,closed,True,True
3647,6,6,0,0,0.0,closed,True,True
3643,4,4,0,0,0.0,closed,True,True
3642,8,8,0,0,0.0,closed,True,True
3640,1,1,0,0,0.0,closed,True,True
3636,37,4,0,0,0.0,closed,True,True
3634,64,7,0,0,0.0,closed,True,True
3631,12,3,0,0,0.0,closed,True,True
3629,14,6,0,0,0.0,closed,True,True
3628,2,2,0,0,0.0,closed,True,True
3627,63,1,1,0,0.0,closed,True,True
3626,18,15,1,0,0.0,closed,True,True
3624,12,12,0,0,0.0,closed,True,True
3619,100,1,0,0,0.0,closed,True,True
3616,10,10,0,0,0.0,closed,True,True
3612,12,12,0,0,0.0,closed,True,True
3610,37,37,0,0,0.0,closed,True,True
3608,44,13,4,0,0.0,closed,True,True
3607,4,4,0,0,0.0,closed,True,True
3605,9,0,0,0,0.0,closed,True,True
3604,72,34,1,0,0.0,closed,True,True
3603,13,13,0,0,0.0,closed,True,True
3602,5,3,2,0,0.0,closed,True,True
3601,181,14,2,0,0.0,closed,True,True
3600,22,10,0,0,0.0,closed,False,False
3598,5,5,0,0,0.0,closed,True,True
3597,56,11,0,0,0.0,closed,True,True
3596,4,2,23,0,0.0,closed,True,True
3595,10,50,0,0,0.0,closed,True,True
3594,5,5,0,0,0.0,closed,True,True
3593,30,33,0,0,0.0,closed,True,True
3591,137,5,1,0,0.0,closed,True,True
3590,50,10,1,0,0.0,closed,True,True
3589,1,1,0,0,0.0,closed,True,True
3588,13,4,0,0,0.0,closed,True,True
3586,57,41,0,0,0.0,closed,True,True
3584,36,12,0,0,0.0,closed,True,True
3583,7,3,0,0,0.0,closed,True,True
3581,1,1,0,0,0.0,closed,True,True
3580,6,6,0,0,0.0,closed,True,True
3579,1,1,0,0,0.0,closed,True,True
3578,10,5,0,0,0.0,closed,True,True
3577,3,3,0,0,0.0,closed,True,True
3569,3,3,0,0,0.0,closed,True,True
3567,24,18,3,0,0.0,closed,True,True
3566,0,0,5,7,0,closed,False,False
3560,1836,1941,2,0,0.0,closed,True,True
3558,4,4,0,0,0.0,closed,True,True
3557,1,0,0,0,0.0,closed,True,True
3555,37,26,16,0,0.0,closed,True,True
3554,1,0,0,0,0.0,closed,True,True
3553,67,34,4,0,0.0,closed,True,True
3552,2,2,0,0,0.0,closed,True,True
3551,16,16,0,0,0.0,closed,True,True
3550,361,30,0,0,0.0,closed,True,True
3548,22,22,0,0,0.0,closed,True,True
3547,2,2,0,0,0.0,closed,True,True
3546,8,8,5,0,0.0,closed,True,True
3544,15,3,0,0,0.0,closed,True,True
3543,2,2,0,0,0.0,closed,True,True
3542,1,1,0,0,0.0,closed,True,True
3540,2,1,0,0,0.0,closed,True,True
3538,1,1,0,0,0.0,closed,True,True
3537,1,0,0,0,0.0,closed,True,True
3536,30,21,0,0,0.0,closed,True,True
3531,1,1,0,0,0.0,closed,True,True
3530,47,11,0,0,0.0,closed,True,True
3529,29,14,0,0,0.0,closed,True,True
3528,32,32,0,0,0.0,closed,False,False
3526,35,45,0,0,0.0,closed,True,True
3525,243,24,0,0,0.0,closed,True,True
3524,66,34,1,0,0.0,closed,True,True
3522,2,0,0,0,0.0,closed,True,True
3519,15,5,0,0,0.0,closed,True,True
3514,65,65,0,0,0.0,closed,True,True
3513,27,25,0,0,0.0,closed,True,True
3512,1,1,0,0,0.0,closed,True,True
3511,12,12,0,0,0.0,closed,True,True
3509,1,31,0,0,0.0,closed,False,False
3504,1,1,0,0,0.0,closed,True,True
3503,49,31,0,0,0.0,closed,False,False
3502,11,11,5,0,0.0,closed,True,True
3500,274,64,20,0,0.0,closed,True,True
3498,6,1,2,0,0.0,closed,True,True
3497,1,0,1,0,0.0,closed,True,True
3495,40,2,0,0,0.0,closed,True,True
3494,1,1,0,0,0.0,closed,True,True
3493,321,6,3,0,0.0,closed,True,True
3490,12,12,1,0,0.0,closed,True,True
3483,338,63,0,0,0.0,closed,False,False
3482,2,0,0,0,0.0,closed,True,True
