9636,287,176,5,0,0.0,open,False,False
9634,1255,28,12,0,0.0,open,False,False
9632,10,5,4,0,0.0,open,False,False
9630,71,27,6,2,0.2222222222222222,closed,True,True
9629,16,0,4,0,0.0,open,False,False
9628,1204,184,16,34,1.5454545454545454,open,False,False
9627,82,44,22,0,0.0,open,False,False
9626,87,70,4,0,0.0,closed,True,True
9623,1036,0,2,11,11.0,open,False,False
9621,434,0,9,2,0.6666666666666666,open,False,False
9620,1878,56,7,0,0.0,closed,True,True
9619,1,1,4,0,0.0,closed,True,True
9618,103,216,4,0,0.0,open,False,False
9617,103,112,9,0,0.0,closed,True,True
9616,41,31,4,4,0.4,closed,True,True
9613,79,52,5,1,0.1111111111111111,closed,True,True
9611,95,95,3,0,0.0,closed,True,True
9610,30,37,4,6,2.0,closed,True,True
9608,11,4,5,0,0.0,closed,True,True
9605,64,9,9,0,0.0,closed,True,True
9604,1,0,4,0,0.0,closed,True,True
9602,18806,32102,8,0,0.0,closed,False,False
9599,24,3,4,0,0.0,closed,True,True
9597,930,169,6,0,0.0,open,False,False
9596,403,33,9,10,0.12195121951219512,closed,True,True
9595,123,120,3,0,0.0,open,False,False
9594,422,428,3,0,0.0,open,False,False
9593,69,34,10,2,0.10526315789473684,open,False,False
9592,41,17,4,0,0.0,closed,True,True
9591,50,13,8,0,0.0,closed,True,True
9590,405,416,4,0,0.0,closed,False,False
9589,93,93,4,0,0.0,closed,False,False
9588,16,285,6,0,0.0,open,False,False
9586,552,142,7,12,0.17647058823529413,closed,True,True
9585,135,23,12,0,0.0,closed,True,True
9584,85,0,9,9,3.0,open,False,False
9583,279,1,7,1,0.25,closed,True,True
9582,7,3,12,0,0.0,closed,True,True
9581,1,0,8,0,0.0,closed,True,True
9580,294,288,5,3,0.5,closed,True,True
9578,31,30,5,0,0.0,closed,True,True
9576,6,1,4,0,0.0,closed,True,True
9575,139,292,3,0,0.0,closed,True,True
9574,51,72,4,0,0.0,open,False,False
9573,31,4,3,0,0.0,closed,True,True
9572,9,5,8,0,0.0,closed,True,True
9571,49,61,3,0,0.0,closed,True,True
9570,292,139,3,0,0.0,closed,True,True
9568,154,55,7,11,1.5714285714285714,closed,True,True
9566,11,4,6,2,0.4,closed,True,True
9565,14,2,6,0,0.0,closed,True,True
9564,132,14,6,2,0.037037037037037035,closed,True,True
9563,402,413,5,0,0.0,closed,False,False
9562,87,87,4,0,0.0,closed,False,False
9561,157,392,4,0,0.0,closed,False,False
9560,41,42,3,0,0.0,open,False,False
9559,21,21,3,0,0.0,closed,True,True
9558,5,5,3,0,0.0,open,False,False
9556,307,0,5,0,0.0,open,False,False
9555,34,4,4,0,0.0,closed,True,True
9553,1,0,5,0,0.0,closed,False,False
9552,134,41,4,0,0.0,closed,True,True
9551,20,34,4,0,0.0,closed,True,True
9550,3,5,4,0,0.0,closed,True,True
9548,2,2,10,0,0.0,closed,False,False
9547,239,119,7,4,0.25,closed,True,True
9546,303,135,4,0,0.0,closed,True,True
9544,37,11,7,0,0.0,closed,False,False
9543,575,0,9,78,4.875,open,False,False
9541,434,254,5,0,0.0,open,False,False
9540,68,113,4,1,0.5,closed,True,True
9538,394,405,4,0,0.0,closed,False,False
9537,87,87,4,0,0.0,closed,False,False
9536,20,63,5,0,0.0,closed,True,True
9535,1,1,4,0,0.0,closed,True,True
9534,400,119,8,31,0.775,closed,True,True
9533,22,3,4,0,0.0,closed,True,True
9531,2,0,4,0,0.0,closed,True,True
9529,45,24,4,0,0.0,closed,True,True
9528,1,1,3,0,0.0,closed,True,True
9527,25,24,3,3,1.0,closed,True,True
9520,187,78,5,11,0.9166666666666666,closed,True,True
9519,384,395,4,0,0.0,closed,False,False
9518,92,92,5,0,0.0,closed,False,False
9517,448,333,5,0,0.0,open,False,False
9516,16,285,4,0,0.0,closed,False,False
9514,184,87,6,11,0.2391304347826087,closed,True,True
9512,20,13,6,0,0.0,closed,True,True
9511,883,235,11,14,0.2857142857142857,closed,True,True
9508,284,67,27,25,1.7857142857142858,closed,True,True
9507,51,0,5,0,0.0,closed,False,False
9506,550,32,4,29,1.45,closed,True,True
9505,96,94,5,0,0.0,closed,False,False
9504,6,6,4,0,0.0,closed,True,True
9503,10,1,3,0,0.0,closed,True,True
9502,40,41,6,0,0.0,open,False,False
9501,72,59,4,0,0.0,closed,True,True
9500,132,366,5,0,0.0,closed,False,False
9499,31,31,6,2,0.6666666666666666,closed,True,True
9498,148,73,3,0,0.0,closed,True,True
9497,4,0,4,0,0.0,closed,True,True
9495,122,356,5,0,0.0,closed,False,False
9494,84,283,5,0,0.0,closed,False,False
9493,239,239,5,0,0.0,closed,False,False
9492,223,224,5,0,0.0,closed,False,False
9490,1136,187,11,32,0.8888888888888888,closed,True,True
9489,942,36,4,0,0.0,closed,True,True
9488,258,78,9,7,0.21875,closed,True,True
9487,2144,2188,7,0,0.0,closed,False,False
9486,2144,2188,7,0,0.0,closed,False,False
9485,1428,57,5,0,0.0,closed,True,True
9483,79,279,4,0,0.0,closed,False,False
9482,57,65,7,7,0.7,closed,True,True
9481,58,29,4,0,0.0,closed,False,False
9480,1,0,4,0,0.0,closed,False,False
9478,9,3,9,0,0.0,closed,False,False
9476,764,170,9,0,0.0,closed,True,True
9475,116,39,9,0,0.0,closed,True,True
9474,71,268,7,0,0.0,closed,False,False
9473,80,317,12,0,0.0,closed,False,False
9472,756,36,2,0,0.0,open,False,False
9471,1,1,3,0,0.0,closed,True,True
9470,25,2,5,0,0.0,closed,True,True
9469,689,11,6,2,0.020833333333333332,closed,True,True
9468,102,33,3,0,0.0,closed,True,True
9466,796,93,5,25,1.4705882352941178,closed,True,True
9465,23,267,5,0,0.0,closed,True,True
9464,313,33,5,13,0.15476190476190477,closed,True,True
9463,141,246,7,0,0.0,closed,True,True
9462,168,186,5,0,0.0,closed,False,False
9461,12,5,5,0,0.0,open,False,False
9460,17,286,5,0,0.0,closed,False,False
9459,18,18,4,0,0.0,closed,False,False
9458,204,204,4,0,0.0,closed,False,False
9457,47,298,19,0,0.0,open,False,False
9456,43,239,8,0,0.0,closed,False,False
9455,63,258,8,0,0.0,closed,False,False
9454,38,38,3,0,0.0,closed,True,True
9453,0,0,5,0,0.0,closed,False,False
9452,41,0,6,3,0.6,open,False,False
9450,66,78,6,0,0.0,closed,True,True
9448,2,2,7,0,0.0,closed,True,True
9445,646,21,8,43,0.9772727272727273,closed,True,True
9444,55,5,3,2,2.0,closed,True,True
9443,20,22,3,0,0.0,closed,True,True
9441,21,8,3,0,0.0,closed,True,True
9439,3,3,3,0,0.0,closed,True,True
9438,365,2,5,16,1.2307692307692308,closed,True,True
9437,49,3,6,4,0.8,closed,True,True
9435,809,782,5,8,8.0,closed,True,True
9434,21,21,3,0,0.0,closed,True,True
9433,7,200,7,0,0.0,open,False,False
9432,107,31,3,0,0.0,closed,True,True
9430,58,19,6,0,0.0,closed,True,True
9428,34,4,3,10,1.4285714285714286,closed,True,True
9427,8,11,4,0,0.0,closed,True,True
9426,64,15,4,1,0.5,closed,True,True
9424,273,152,7,22,1.2941176470588236,closed,True,True
9423,58,272,4,4,1.0,closed,True,True
9420,24,3,10,0,0.0,closed,True,True
9419,37,18,4,0,0.0,closed,True,True
9418,6,2,4,0,0.0,closed,True,True
9417,1,1,4,0,0.0,closed,True,True
9415,1,2,20,2,0.013071895424836602,closed,False,False
9414,48,19,5,0,0.0,closed,False,False
9413,4431,425,4,0,0.0,closed,False,False
9412,10,10,4,0,0.0,closed,True,True
9411,11,11,5,0,0.0,closed,False,False
9410,10,10,4,0,0.0,closed,False,False
9407,3475,1644,19,82,0.7008547008547008,closed,True,True
9406,23,22,4,0,0.0,closed,False,False
9405,24,99,7,0,0.0,closed,False,False
9404,5,5,4,0,0.0,closed,False,False
9403,16,16,3,0,0.0,closed,True,True
9402,17,286,7,0,0.0,closed,False,False
9401,184,184,3,0,0.0,closed,True,True
9400,276,252,3,0,0.0,closed,True,True
9399,5,5,6,0,0.0,closed,True,True
9398,77,94,22,0,0.0,closed,True,True
9397,19,212,4,0,0.0,closed,False,False
9396,35,36,8,0,0.0,closed,False,False
9395,0,0,5,0,0.0,closed,False,False
9392,5,2,4,0,0.0,closed,True,True
9391,5,11,5,0,0.0,closed,True,True
9390,87,52,4,6,0.5454545454545454,closed,True,True
9389,11,4,3,0,0.0,closed,True,True
9387,2221,5,16,23,0.8214285714285714,closed,True,True
9386,3760,4669,7,1,1.0,open,False,False
9383,15,1,4,0,0.0,closed,True,True
9381,2,3,5,0,0.0,closed,True,True
9380,1,1,4,3,1.0,closed,True,True
9379,7,0,5,0,0.0,closed,True,True
9377,75,73,3,0,0.0,closed,True,True
9371,10,18,9,0,0.0,closed,False,False
9370,9,17,8,0,0.0,closed,False,False
9369,3673,136,7,0,0.0,closed,True,True
9368,1,1,7,0,0.0,closed,True,True
9367,644,762,7,0,0.0,closed,False,False
9366,28,0,6,0,0.0,closed,True,True
9365,4,2,4,0,0.0,closed,True,True
9364,39,38,3,0,0.0,closed,True,True
9363,15,16,5,0,0.0,closed,False,False
9362,8863,2949,5,0,0.0,closed,False,False
9361,5,3,4,0,0.0,closed,True,True
9360,9,3,4,0,0.0,closed,True,True
9358,6,6,13,2,0.6666666666666666,closed,True,True
9357,290,186,11,1,0.023255813953488372,closed,False,False
9356,1877,2119,6,0,0.0,closed,False,False
9355,1,0,6,0,0.0,closed,False,False
9354,37,228,3,0,0.0,closed,False,False
9353,267,88,9,1,0.01694915254237288,open,False,False
9352,28,6,2,0,0.0,closed,True,True
9351,1,0,2,0,0.0,closed,True,True
9350,12,14,7,5,1.25,open,False,False
9349,238,246,2,0,0.0,closed,True,True
9348,17,286,3,0,0.0,closed,False,False
9347,201,196,2,0,0.0,closed,True,True
9346,25,205,4,0,0.0,closed,False,False
9345,7,200,12,0,0.0,closed,False,False
9344,13,206,5,0,0.0,closed,False,False
9343,24,99,3,0,0.0,closed,True,True
9342,11,86,4,0,0.0,closed,False,False
9341,1,1,5,0,0.0,closed,True,True
9340,25,20,3,0,0.0,closed,True,True
9339,1,1,4,0,0.0,closed,True,True
9338,7,0,3,0,0.0,closed,True,True
9337,0,130,5,0,0.0,closed,True,True
9336,825,304,6,53,1.394736842105263,closed,True,True
9333,18,5,9,0,0.0,closed,True,True
9332,283,235,8,15,0.8333333333333334,closed,True,True
9331,0,0,10,5,0,closed,False,False
9330,60,18,3,0,0.0,closed,True,True
9329,233,241,3,0,0.0,closed,False,False
9328,70,83,4,0,0.0,open,False,False
9327,150,148,4,0,0.0,closed,False,False
9324,157,329,3,0,0.0,closed,False,False
9323,366,24,3,0,0.0,open,False,False
9320,1697,914,7,18,1.0588235294117647,closed,True,True
9319,3,3,12,7,0.875,closed,True,True
9318,1,1,4,0,0.0,closed,False,False
9311,15,8,2,0,0.0,closed,True,True
9309,479,38,10,3,0.08823529411764706,open,False,False
9308,196,6,10,12,0.36363636363636365,closed,True,True
9306,4,4,3,0,0.0,closed,True,True
9305,4440,138,5,0,0.0,closed,False,False
9301,265,437,3,0,0.0,closed,False,False
9300,40,40,2,0,0.0,closed,True,True
9299,21,21,4,0,0.0,closed,True,True
9298,232,214,2,0,0.0,closed,True,True
9297,151,138,3,0,0.0,closed,False,False
9296,19,9,5,3,0.5,closed,True,True
9295,29,25,3,2,0.5,closed,True,True
9294,232,0,3,0,0.0,closed,False,False
9291,274,21,11,8,0.0975609756097561,closed,True,True
9290,1,0,2,0,0.0,closed,True,True
9288,1,7,2,3,1.5,closed,True,True
9287,16,0,4,0,0.0,closed,True,True
9285,729,6,9,25,0.5208333333333334,closed,True,True
9284,265,437,3,0,0.0,closed,False,False
9283,161,148,3,0,0.0,closed,False,False
9282,41,215,3,0,0.0,closed,False,False
9281,227,209,3,0,0.0,closed,False,False
9280,156,143,3,0,0.0,closed,False,False
9279,118,98,5,0,0.0,closed,False,False
9278,310,55,9,18,0.2647058823529412,closed,True,True
9272,191,7,5,0,0.0,closed,True,True
9271,655,2,7,15,0.6,closed,True,True
9269,1009,1,6,2,0.125,closed,True,True
9267,447,46,3,9,0.375,closed,True,True
9266,556,3,21,31,0.44285714285714284,closed,True,True
9264,114,60,5,0,0.0,closed,True,True
9263,53,416,4,0,0.0,closed,True,True
9262,252,424,4,0,0.0,closed,False,False
9261,21,21,3,0,0.0,closed,False,False
9260,75,62,3,0,0.0,closed,False,False
9259,41,214,4,0,0.0,closed,False,False
9258,1213,417,8,9,0.42857142857142855,closed,True,True
9256,320,1193,2,0,0.0,closed,True,True
9255,3,3,3,0,0.0,closed,True,True
9251,34,22,3,0,0.0,closed,True,True
9249,2910,12,3,0,0.0,open,False,False
9248,117,37,5,0,0.0,closed,True,True
9247,55,27,4,0,0.0,closed,True,True
9245,8,2,5,0,0.0,closed,True,True
9244,2,0,4,0,0.0,closed,True,True
9243,63,63,5,0,0.0,closed,True,True
9242,191,363,3,0,0.0,closed,False,False
9241,18,18,3,0,0.0,closed,False,False
9240,40,213,3,0,0.0,closed,False,False
9239,40,40,3,0,0.0,closed,False,False
9238,70,83,5,0,0.0,closed,False,False
9237,334,258,4,0,0.0,closed,True,True
9236,21,21,3,0,0.0,closed,False,False
9235,14,0,3,0,0.0,closed,True,True
9234,79,35,3,0,0.0,closed,True,True
9233,42,1,3,3,1.5,closed,True,True
9231,2,2,7,0,0.0,closed,False,False
9230,130,84,2,0,0.0,closed,True,True
9229,94,15,3,1,0.125,closed,True,True
9228,40,213,3,0,0.0,closed,False,False
9225,222,175,5,0,0.0,open,False,False
9223,12515,563,4,0,0.0,closed,False,False
9220,140,139,3,0,0.0,closed,False,False
9219,13,4,3,0,0.0,closed,True,True
9218,1,2,6,0,0.0,closed,True,True
9217,129,76,12,2,0.029411764705882353,closed,True,True
9216,1,1,3,0,0.0,closed,True,True
9214,151,143,2,0,0.0,closed,True,True
9213,253,13,3,0,0.0,closed,True,True
9212,399,7,2,0,0.0,closed,True,True
9211,1194,320,5,16,0.64,closed,True,True
9210,11,16,2,0,0.0,closed,True,True
9209,3,2,2,0,0.0,closed,True,True
9208,146,138,4,0,0.0,closed,False,False
9207,20,20,3,0,0.0,closed,True,True
9206,24,125,10,0,0.0,closed,False,False
9205,190,360,8,0,0.0,closed,False,False
9204,36,208,7,0,0.0,closed,False,False
9203,140,139,7,0,0.0,closed,False,False
9202,24,100,2,0,0.0,closed,True,True
9201,291,121,5,0,0.0,closed,False,False
9197,3143,159,3,0,0.0,closed,True,True
9195,17,4,3,0,0.0,closed,True,True
9185,43,22,3,0,0.0,closed,True,True
9180,417,418,2,0,0.0,closed,True,True
9179,416,53,5,26,1.3,closed,True,True
9176,645,315,6,3,0.15789473684210525,closed,True,True
9172,90,0,2,1,0.5,closed,True,True
9171,5,16,2,0,0.0,closed,True,True
9170,16,23,3,0,0.0,closed,True,True
9169,108,0,3,1,0.5,closed,True,True
9165,29,29,2,0,0.0,closed,True,True
9164,0,5501,5,0,0.0,closed,True,True
9163,73,0,16,16,0.21621621621621623,open,False,False
9161,183,181,3,0,0.0,closed,False,False
9159,1035,509,4,0,0.0,closed,True,True
9158,267,0,6,0,0.0,closed,True,True
9157,30,14,3,0,0.0,closed,True,True
9156,119,113,3,0,0.0,closed,False,False
9155,70,83,3,0,0.0,closed,False,False
9154,179,177,4,0,0.0,closed,False,False
9153,30,30,5,0,0.0,closed,False,False
9152,132,131,3,0,0.0,closed,False,False
9151,134,128,4,0,0.0,closed,False,False
9150,30,30,2,0,0.0,closed,True,True
9149,14,1,4,0,0.0,closed,True,True
9147,210,46,7,7,0.5833333333333334,closed,True,True
9146,57,168,5,0,0.0,closed,False,False
9144,220,0,2,1,0.3333333333333333,closed,True,True
9143,214,0,5,0,0.0,open,False,False
9138,11,2,13,3,0.3,closed,True,True
9135,8,5,3,0,0.0,closed,True,True
9133,1673,59,6,0,0.0,open,False,False
9132,8,41,3,0,0.0,closed,True,True
9130,2,29,3,0,0.0,closed,True,True
9128,16,10,5,0,0.0,closed,True,True
9127,4,4,5,0,0.0,open,False,False
9126,123,123,3,0,0.0,closed,False,False
9125,154,153,3,0,0.0,closed,False,False
9124,804,416,2,9,0.6923076923076923,closed,True,True
9121,264,10,4,1,0.1,closed,True,True
9119,225,234,8,2,0.2,closed,True,True
9114,5,1,6,0,0.0,closed,True,True
9113,506,131,11,21,0.4772727272727273,closed,True,True
9112,1,1,3,0,0.0,closed,True,True
9110,6,6,5,0,0.0,closed,False,False
9109,40,212,8,0,0.0,closed,False,False
9108,26,26,3,0,0.0,closed,False,False
9107,70,83,3,0,0.0,closed,False,False
9106,116,92,5,0,0.0,closed,False,False
9105,142,141,3,0,0.0,closed,False,False
9104,25,25,3,0,0.0,closed,False,False
9103,113,113,3,0,0.0,closed,False,False
9102,21,21,3,0,0.0,closed,False,False
9101,25,25,3,0,0.0,closed,False,False
9100,107,107,3,0,0.0,closed,False,False
9099,2,2,2,0,0.0,closed,True,True
9098,52,3,3,1,1.0,closed,True,True
9097,381,58,3,4,0.3333333333333333,closed,True,True
9096,29,9,6,0,0.0,closed,True,True
9094,54,37,3,1,0.045454545454545456,closed,True,True
9093,0,10,3,0,0.0,closed,True,True
9092,1,1,3,0,0.0,closed,True,True
9091,12,12,3,0,0.0,closed,True,True
9090,275,25,6,0,0.0,closed,True,True
9089,1,7,3,0,0.0,closed,True,True
9088,13,12,3,0,0.0,closed,True,True
9081,22,2,2,0,0.0,closed,True,True
9080,37,35,3,0,0.0,closed,True,True
9078,17,8,3,0,0.0,closed,True,True
9077,13,1,2,0,0.0,closed,True,True
9074,50,0,4,0,0.0,closed,True,True
9073,219,2,5,0,0.0,closed,True,True
9072,2,2,3,0,0.0,closed,False,False
9069,7,7,3,0,0.0,closed,True,True
9068,1,1,4,0,0.0,closed,True,True
9065,3,3,3,0,0.0,closed,True,True
9062,4,2,3,0,0.0,closed,True,True
9061,7,7,3,0,0.0,closed,True,True
9051,1330,236,13,24,0.3037974683544304,closed,True,True
9050,599,149,11,39,1.054054054054054,closed,True,True
9048,28,629,3,0,0.0,closed,True,True
9047,139,8,2,0,0.0,closed,True,True
9043,702,20,5,0,0.0,closed,True,True
9041,86,30,4,0,0.0,closed,False,False
9037,85,30,9,7,1.75,closed,False,False
9036,889,1160,2,11,1.1,closed,True,True
9032,1,1,3,0,0.0,closed,True,True
9024,13,7,3,0,0.0,closed,True,True
9023,29271,10105,4,0,0.0,closed,True,True
9022,0,0,4,0,0.0,closed,False,False
9019,32,32,5,0,0.0,closed,False,False
9018,176,181,5,0,0.0,closed,False,False
9017,24,37,2,0,0.0,closed,True,True
9016,36,51,3,0,0.0,closed,True,True
9015,0,0,5,0,0,closed,False,False
9014,122,114,4,0,0.0,closed,False,False
9013,27,27,4,0,0.0,closed,False,False
9012,7,7,3,0,0.0,closed,True,True
9011,98,111,4,0,0.0,closed,False,False
9010,23,36,4,0,0.0,closed,False,False
9009,24,24,4,0,0.0,closed,False,False
9008,22,22,3,0,0.0,closed,True,True
9007,5,5,10,0,0.0,closed,False,False
9005,1,1,3,0,0.0,closed,False,False
8992,360,0,4,0,0.0,closed,True,True
8987,219,0,5,0,0.0,closed,True,True
8984,18,18,3,0,0.0,closed,False,False
8983,70,83,5,0,0.0,closed,False,False
8982,55,2,2,1,0.1111111111111111,closed,True,True
8975,19966,6625,2,0,0.0,closed,False,False
8974,5,26,0,0,0.0,closed,True,True
8951,110,5,5,0,0.0,closed,True,True
8949,15,20,4,0,0.0,closed,True,True
8947,7,0,2,0,0.0,closed,True,True
8944,32,23,2,0,0.0,closed,True,True
8943,10,9,3,0,0.0,closed,True,True
8941,5,5,2,0,0.0,closed,True,True
8940,16,1,3,0,0.0,closed,True,True
8939,49,164,3,4,0.8,closed,True,True
8934,30,8,5,0,0.0,closed,True,True
8932,207,127,9,4,0.21052631578947367,closed,True,True
8929,71,10,3,0,0.0,closed,True,True
8926,160,152,4,0,0.0,closed,False,False
8925,683,561,2,0,0.0,closed,True,True
8924,25,25,2,0,0.0,closed,True,True
8923,25,25,5,0,0.0,closed,True,True
8922,9,9,2,0,0.0,closed,True,True
8920,1,1,2,0,0.0,closed,True,True
8916,30,14,4,4,1.3333333333333333,closed,False,False
8911,147,1,4,0,0.0,closed,False,False
8909,10600,60,10,0,0.0,closed,False,False
8908,17,4,6,1,0.25,closed,True,True
8907,217,266,6,0,0.0,closed,False,False
8906,4,3,2,0,0.0,closed,False,False
8905,24,3,3,0,0.0,closed,True,True
8903,98,0,4,0,0.0,closed,True,True
8902,104,34,3,0,0.0,closed,False,False
8901,798,22,3,4,0.6666666666666666,closed,False,False
8900,36,12,5,0,0.0,closed,True,True
8899,764,770,4,0,0.0,closed,False,False
8898,253,2,5,0,0.0,closed,True,True
8897,14,3,3,0,0.0,closed,True,True
8896,192,215,5,0,0.0,closed,False,False
8895,68,81,8,0,0.0,closed,False,False
8894,8,1,3,0,0.0,closed,True,True
8893,155,147,3,0,0.0,closed,False,False
8892,36,36,4,0,0.0,closed,False,False
8891,35,16,3,0,0.0,closed,True,True
8890,115,18,3,0,0.0,closed,True,True
8888,112,104,5,0,0.0,closed,False,False
8886,267,250,4,0,0.0,closed,True,True
8885,111,108,2,0,0.0,closed,True,True
8883,2,5,3,0,0.0,closed,True,True
8882,146,138,4,0,0.0,closed,False,False
8881,36,36,4,0,0.0,closed,False,False
8880,484,24,5,0,0.0,closed,True,True
8878,3,15,7,0,0.0,closed,False,False
8877,203,24,5,1,0.25,closed,True,True
8876,0,8,3,0,0.0,closed,False,False
8874,20449,7548,14,13,0.04180064308681672,closed,True,True
8873,3,1,3,0,0.0,closed,True,True
8872,1,1,4,0,0.0,closed,True,True
8871,25,25,2,0,0.0,closed,True,True
8870,39,39,10,0,0.0,closed,True,True
8869,32,32,3,0,0.0,closed,False,False
8868,140,132,3,0,0.0,closed,False,False
8867,68,81,3,0,0.0,closed,False,False
8866,172,190,3,0,0.0,closed,False,False
8865,94,116,2,0,0.0,closed,True,True
8864,21,21,2,0,0.0,closed,True,True
8863,5,5,4,0,0.0,closed,False,False
8862,81,1,0,0,0.0,closed,True,True
8861,46,8,6,0,0.0,closed,True,True
8860,26,15,2,0,0.0,closed,True,True
8857,5,5,0,0,0.0,closed,True,True
8856,148,8,6,1,0.1111111111111111,closed,True,True
8855,6,6,3,0,0.0,closed,True,True
8854,180,14,2,0,0.0,closed,False,False
8852,84,1,5,17,1.0,closed,True,True
8851,1,1,4,0,0.0,closed,True,True
8850,118,5,3,8,1.0,closed,True,True
8847,1721,1690,11,5,0.1282051282051282,closed,True,True
8845,87,0,4,0,0.0,closed,True,True
8844,378,3,17,0,0.0,closed,False,False
8841,21,3,2,0,0.0,closed,True,True
8840,150,0,1,3,3.0,closed,True,True
8839,3,0,3,0,0.0,closed,True,True
8838,220,76,3,4,0.8,closed,True,True
8837,127,92,3,4,0.8,closed,True,True
8836,89,12,3,2,0.6666666666666666,closed,True,True
8835,294,0,5,1,0.08333333333333333,closed,True,True
8834,8,8,2,0,0.0,closed,True,True
8832,3,6,7,0,0.0,closed,True,True
8806,36,22,0,0,0.0,closed,True,True
8805,961,2,4,23,1.2777777777777777,closed,True,True
8804,563,5,9,0,0.0,closed,True,True
8803,4,0,2,0,0.0,closed,True,True
8802,1,1,4,0,0.0,closed,True,True
8787,108,100,5,0,0.0,closed,True,True
8786,374,0,3,4,1.0,closed,True,True
8785,4253,2738,4,0,0.0,closed,False,False
8781,43,0,1,0,0.0,closed,True,True
8778,110,0,4,3,0.10344827586206896,closed,True,True
8773,6,3,2,0,0.0,closed,True,True
8772,76,29,1,0,0.0,closed,True,True
8771,10,4,2,0,0.0,closed,True,True
8769,161,26,0,0,0.0,closed,True,True
8768,232,1,7,9,0.6428571428571429,closed,True,True
8767,0,0,4,0,0.0,closed,True,True
8765,279,24,6,7,0.7777777777777778,closed,True,True
8764,282,13,2,0,0.0,closed,False,False
8763,106,98,4,0,0.0,closed,True,True
8762,2,2,2,0,0.0,closed,True,True
8761,28,28,1,0,0.0,closed,True,True
8760,21,21,2,0,0.0,closed,True,True
8759,108,100,3,0,0.0,closed,False,False
8758,21,21,1,0,0.0,closed,True,True
8757,12,12,1,0,0.0,closed,True,True
8756,218,225,2,0,0.0,closed,True,True
8755,124,131,2,0,0.0,closed,True,True
8754,12773,872,23,21,0.5,closed,True,True
8753,259,256,2,0,0.0,closed,True,True
8752,169,170,4,15,1.3636363636363635,closed,True,True
8751,8,6,10,14,0.875,closed,True,True
8750,449,132,17,22,0.2018348623853211,closed,True,True
8749,22,8,5,5,0.054945054945054944,closed,True,True
8747,1,1,4,0,0.0,closed,True,True
8746,58,26,3,0,0.0,closed,True,True
8745,117,106,6,0,0.0,closed,False,False
8736,13,10,7,0,0.0,closed,True,True
8734,4,6,4,0,0.0,closed,True,True
8730,214,214,2,0,0.0,closed,False,False
8729,6,6,2,0,0.0,closed,True,True
8728,2,4,3,0,0.0,closed,True,True
8727,3,1,2,0,0.0,closed,True,True
8726,7,4,1,0,0.0,closed,True,True
8725,314,192,12,13,1.4444444444444444,closed,True,True
8718,539,110,12,11,0.5,closed,True,True
8717,60,4,1,0,0.0,closed,True,True
8716,28,28,4,0,0.0,closed,False,False
8715,2,45,2,0,0.0,closed,True,True
8713,100,45,2,0,0.0,closed,True,True
8710,53,22,4,6,0.5,closed,True,True
8709,237,6,3,2,0.3333333333333333,closed,True,True
8708,9,2,8,0,0.0,closed,False,False
8706,25,25,1,0,0.0,closed,True,True
8705,5,5,3,0,0.0,closed,True,True
8704,199,199,2,0,0.0,closed,False,False
8703,164,151,1,0,0.0,closed,True,True
8702,3,3,5,0,0.0,closed,False,False
8701,21,21,1,0,0.0,closed,True,True
8700,6,6,1,0,0.0,closed,True,True
8699,28,28,1,0,0.0,closed,True,True
8698,27,27,3,0,0.0,closed,False,False
8697,10009,69,5,0,0.0,closed,False,False
8695,14,7,1,0,0.0,closed,True,True
8694,91,151,0,0,0.0,closed,True,True
8693,12,12,6,0,0.0,closed,False,False
8692,1,18,1,0,0.0,closed,True,True
8691,32,33,3,0,0.0,closed,True,True
8688,4,1,3,0,0.0,closed,True,True
8687,6,5,1,0,0.0,closed,True,True
8686,301,274,6,0,0.0,closed,False,False
8682,2,1,2,0,0.0,closed,True,True
8681,1,0,2,0,0.0,closed,True,True
8680,5,1,2,0,0.0,closed,True,True
8675,63,3,3,0,0.0,closed,True,True
8674,97,0,2,0,0.0,closed,True,True
8670,1,1,1,0,0.0,closed,True,True
8666,0,1,2,0,0.0,closed,True,True
8665,73,9,3,0,0.0,closed,True,True
8664,274,117,0,0,0.0,closed,True,True
8663,0,0,2,0,0.0,closed,False,False
8662,1,1,2,0,0.0,closed,True,True
8660,0,0,5,0,0.0,closed,False,False
8658,31,31,1,0,0.0,closed,False,False
8657,47,16,2,0,0.0,closed,True,True
8655,14,12,1,0,0.0,closed,True,True
8654,41,0,1,0,0.0,closed,True,True
8653,97,3,6,6,0.4,closed,True,True
8651,4683,1452,3,0,0.0,closed,False,False
8649,505,294,5,0,0.0,closed,True,True
8648,246,187,10,24,1.1428571428571428,closed,True,True
8647,17,7,2,0,0.0,closed,True,True
8646,0,41,2,0,0.0,closed,True,True
8645,47,0,3,0,0.0,closed,True,True
8644,38,8,4,3,0.42857142857142855,closed,True,True
8643,29,8,3,0,0.0,closed,True,True
8642,2,0,2,0,0.0,closed,True,True
8640,5,0,3,0,0.0,closed,True,True
8639,55,2,2,2,0.6666666666666666,closed,True,True
8638,14,9,1,0,0.0,closed,True,True
8636,39,23,2,0,0.0,closed,True,True
8634,1248,10,6,8,0.5714285714285714,closed,True,True
8633,28,0,2,0,0.0,closed,True,True
8632,99,16,3,6,0.75,closed,True,True
8630,16,1,6,0,0.0,closed,True,True
8629,63,38,0,0,0.0,closed,True,True
8624,388,53,1,0,0.0,closed,True,True
8623,250,216,2,1,0.5,closed,True,True
8622,1,0,4,0,0.0,closed,True,True
8620,1,0,3,0,0.0,closed,True,True
8619,2,2,3,0,0.0,closed,True,True
8618,21,21,1,0,0.0,closed,True,True
8617,21,22,1,0,0.0,closed,True,True
8616,5,5,1,0,0.0,closed,True,True
8615,172,172,1,0,0.0,closed,True,True
8614,167,170,1,0,0.0,closed,True,True
8612,25,25,1,0,0.0,closed,True,True
8611,29,29,3,0,0.0,closed,True,True
8610,27,28,1,0,0.0,closed,True,True
8609,2,2,1,0,0.0,closed,True,True
8603,25,1,2,0,0.0,closed,True,True
8602,360,0,10,2,0.11764705882352941,closed,False,False
8598,367,168,1,0,0.0,closed,True,True
8597,523,3,4,7,0.5833333333333334,closed,True,True
8596,43,17,7,0,0.0,closed,False,False
8595,67,323,1,0,0.0,closed,True,True
8593,84,0,1,12,3.0,closed,True,True
8584,190,34,2,0,0.0,closed,True,True
8583,90,47,1,2,1.0,closed,True,True
8581,1,10,2,0,0.0,closed,True,True
8580,1892,2859,3,0,0.0,closed,False,False
8578,51,12,16,1,0.058823529411764705,closed,True,True
8576,331,0,3,0,0.0,closed,True,True
8575,56,21,1,2,2.0,closed,True,True
8574,45,5,1,8,1.3333333333333333,closed,True,True
8573,706,1037,4,0,0.0,closed,False,False
8571,6,0,1,0,0.0,closed,True,True
8570,14,0,1,0,0.0,closed,True,True
8569,8,6,3,0,0.0,closed,False,False
8568,1,1,1,0,0.0,closed,True,True
8567,79,273,1,0,0.0,closed,True,True
8566,5,3,2,2,0.4,closed,False,False
8565,1,1,3,0,0.0,closed,False,False
8563,2,0,1,0,0.0,closed,True,True
8562,0,7,1,0,0.0,closed,True,True
8561,233,62,3,2,1.0,closed,False,False
8560,1,1,1,0,0.0,closed,True,True
8559,1,6,1,0,0.0,closed,True,True
8558,68,271,2,0,0.0,closed,False,False
8557,2,2,4,0,0.0,closed,True,True
8556,267,397,0,0,0.0,closed,True,True
8555,0,3837,7,0,0.0,closed,True,True
8553,5,5,0,0,0.0,closed,True,True
8552,5,5,1,0,0.0,closed,True,True
8551,10,10,1,0,0.0,closed,True,True
8550,1,6,2,0,0.0,closed,True,True
8549,127,101,7,0,0.0,closed,False,False
8548,341,910,3,0,0.0,closed,True,True
8547,267,397,1,0,0.0,closed,False,False
8546,68,64,2,0,0.0,closed,False,False
8545,25,25,4,0,0.0,closed,True,True
8544,7,5,1,0,0.0,closed,True,True
8543,27,27,1,0,0.0,closed,True,True
8542,5,5,1,0,0.0,closed,True,True
8541,32,30,10,1,0.16666666666666666,closed,True,True
8539,5536,3989,5,0,0.0,closed,False,False
8536,71,42,2,0,0.0,closed,True,True
8535,110,13,2,0,0.0,closed,True,True
8534,3,3,3,0,0.0,closed,True,True
8533,322,155,19,0,0.0,closed,True,True
8532,244,0,2,0,0.0,closed,True,True
8531,362,406,6,11,0.6111111111111112,closed,True,True
8528,240,0,4,0,0.0,closed,True,True
8526,286,419,9,14,1.2727272727272727,closed,True,True
8525,322,0,4,4,0.14814814814814814,closed,True,True
8524,168,82,8,32,2.0,closed,True,True
8523,1,1,1,0,0.0,closed,True,True
8521,1,35,1,0,0.0,closed,True,True
8520,3,3,3,0,0.0,closed,False,False
8519,720,714,3,7,0.6363636363636364,closed,True,True
8518,942,132,3,0,0.0,closed,True,True
8517,11,11,4,2,0.6666666666666666,closed,True,True
8514,2,2,1,0,0.0,closed,True,True
8513,10,4,3,0,0.0,closed,True,True
8512,2,1,3,0,0.0,closed,True,True
8511,28,10,1,0,0.0,closed,False,False
8510,31,31,3,0,0.0,closed,False,False
8509,58,56,1,0,0.0,closed,False,False
8507,11,2,3,2,2.0,closed,True,True
8506,6,6,1,0,0.0,closed,True,True
8505,32,29,1,1,0.125,closed,True,True
8504,3984,2584,3,0,0.0,closed,False,False
8502,3,3,7,0,0.0,closed,True,True
8501,137,56,6,20,1.6666666666666667,closed,True,True
8500,2,2,1,0,0.0,closed,True,True
8499,130,2,1,0,0.0,closed,True,True
8498,5,5,0,0,0.0,closed,True,True
8496,67,0,2,0,0.0,closed,True,True
8495,18,14,5,0,0.0,closed,False,False
8494,18,14,5,0,0.0,closed,False,False
8493,18,14,3,0,0.0,closed,False,False
8492,292,366,1,0,0.0,closed,True,True
8491,229,316,0,0,0.0,closed,True,True
8490,5,5,2,0,0.0,closed,True,True
8489,28,10,5,0,0.0,closed,False,False
8488,203,154,0,0,0.0,closed,True,True
8487,3766,1763,3,0,0.0,closed,True,True
8481,75,60,0,0,0.0,closed,True,True
8477,93,79,1,0,0.0,closed,True,True
8476,23,14,6,0,0.0,closed,True,True
8475,15,10,2,0,0.0,closed,True,True
8474,3,19,9,0,0.0,closed,False,False
8473,23,21,4,0,0.0,closed,True,True
8472,5,5,6,0,0.0,closed,True,True
8471,57,56,9,0,0.0,closed,True,True
8470,1,1,0,0,0.0,closed,True,True
8469,2,2,0,0,0.0,closed,True,True
8468,2,2,0,0,0.0,closed,True,True
8467,2,2,0,0,0.0,closed,True,True
8466,85,83,14,0,0.0,closed,False,False
8465,4,4,4,0,0.0,closed,True,True
8464,123,122,1,0,0.0,closed,True,True
8463,287,361,2,0,0.0,closed,False,False
8462,694,0,1,4,0.4,closed,True,True
8459,0,9,1,0,0.0,closed,True,True
8458,1,1,3,0,0.0,closed,True,True
8456,1,1,1,0,0.0,closed,True,True
8455,139194,910158,4,0,0.0,closed,False,False
8454,269,280,2,0,0.0,closed,False,False
8453,19,12,3,3,1.5,closed,False,False
8452,16,12,1,0,0.0,closed,True,True
8448,674,604,6,0,0.0,closed,True,True
8447,5,6,1,0,0.0,closed,True,True
8445,5,5,6,0,0.0,closed,False,False
8444,198,155,5,0,0.0,closed,False,False
8443,28,10,4,0,0.0,closed,False,False
8442,685,519,1,0,0.0,closed,True,True
8441,875,754,6,0,0.0,closed,False,False
8440,282,356,5,0,0.0,closed,False,False
8439,3,3,0,0,0.0,closed,True,True
8438,2,2,1,0,0.0,closed,True,True
8437,2,2,0,0,0.0,closed,True,True
8436,2,2,0,0,0.0,closed,True,True
8435,1,1,0,0,0.0,closed,True,True
8434,67,65,1,0,0.0,closed,True,True
8433,5,5,6,0,0.0,closed,True,True
8432,134,134,2,0,0.0,closed,True,True
8431,116,122,5,0,0.0,closed,False,False
8430,13,0,2,0,0.0,closed,True,True
8429,37,31,1,4,0.8,closed,True,True
8428,2,1,2,0,0.0,closed,True,True
8425,860,1015,1,0,0.0,closed,True,True
8424,22,1,1,0,0.0,closed,True,True
8423,35812,174,3,0,0.0,closed,False,False
8421,52,27,0,0,0.0,closed,False,False
8418,11,2,3,4,1.0,closed,True,True
8417,6,2,9,0,0.0,closed,True,True
8416,3,3,1,0,0.0,closed,True,True
8412,3,0,1,0,0.0,closed,True,True
8411,1000,245,4,0,0.0,closed,False,False
8410,4,4,2,0,0.0,closed,True,True
8409,59,0,8,10,0.5263157894736842,closed,True,True
8408,35,21,1,9,1.8,closed,True,True
8407,25,3,2,0,0.0,closed,True,True
8406,171,10,2,5,1.0,closed,True,True
8405,47,24,1,9,0.9,closed,True,True
8404,67,41,1,2,1.0,closed,True,True
8403,1270,342,10,14,0.3333333333333333,closed,True,True
8401,355,10,5,27,0.9642857142857143,closed,True,True
8400,616,0,4,0,0.0,closed,False,False
8399,1613,245,3,0,0.0,closed,False,False
8398,21,8,9,4,0.25,closed,True,True
8397,1,1,1,1,1.0,closed,True,True
8396,33,0,2,5,0.23809523809523808,closed,True,True
8395,34,0,1,2,0.2857142857142857,closed,True,True
8394,1042,245,3,0,0.0,closed,False,False
8393,17,4,3,2,0.3333333333333333,closed,True,True
8391,20,0,4,1,0.16666666666666666,closed,True,True
8390,1,0,2,0,0.0,closed,True,True
8389,284,56,4,4,0.4444444444444444,closed,True,True
8387,170,39,3,3,0.375,closed,True,True
8386,31,0,1,0,0.0,closed,True,True
8385,1,1,0,0,0.0,closed,True,True
8384,149,0,2,0,0.0,closed,True,True
8383,41,3,1,0,0.0,closed,True,True
8382,1,1,1,0,0.0,closed,True,True
8381,395,172,3,0,0.0,closed,False,False
8380,2,2,1,0,0.0,closed,True,True
8379,394,171,3,0,0.0,closed,False,False
8377,1,5,2,1,0.3333333333333333,closed,True,True
8376,23,18,2,0,0.0,closed,False,False
8375,628,0,6,96,2.5945945945945947,closed,True,True
8372,179,0,1,0,0.0,closed,True,True
8369,21,0,6,0,0.0,closed,True,True
8367,195,133,1,16,1.6,closed,True,True
8366,1,1,2,0,0.0,closed,True,True
8365,4,2,1,0,0.0,closed,True,True
8364,3655,474,3,0,0.0,closed,False,False
8363,1,1,1,0,0.0,closed,True,True
8362,1,0,1,0,0.0,closed,True,True
8361,23,18,1,0,0.0,closed,True,True
8360,338,150,1,10,1.1111111111111112,closed,True,True
8358,2787,301,33,99,1.125,closed,True,True
8355,269,8,1,0,0.0,closed,True,True
8351,4,4,2,0,0.0,closed,True,True
8350,12,4,1,0,0.0,closed,True,True
8347,134,685,3,0,0.0,closed,False,False
8346,127,61,1,0,0.0,closed,True,True
8344,2,2,1,0,0.0,closed,True,True
8343,3,0,1,0,0.0,closed,True,True
8342,102,26,2,0,0.0,closed,True,True
8341,11,0,6,0,0.0,closed,True,True
8340,364,270,3,38,2.533333333333333,closed,True,True
8339,16,16,4,2,0.5,closed,True,True
8338,200,200,13,4,0.16,closed,True,True
8337,17,9,0,0,0.0,closed,True,True
8336,325,93,1,0,0.0,closed,True,True
8335,19,0,0,0,0.0,closed,False,False
8331,3,3,2,2,0.6666666666666666,closed,True,True
8327,61,0,4,0,0.0,closed,False,False
8324,151,4,2,2,0.18181818181818182,closed,True,True
8320,166,0,4,0,0.0,closed,False,False
8319,9,0,4,0,0.0,closed,True,True
8318,2,2,1,0,0.0,closed,True,True
8316,6618,261,1,7,1.4,closed,True,True
8306,19577,4832,30,41,0.1889400921658986,closed,False,False
8290,108,1,7,2,0.047619047619047616,closed,False,False
8289,2375,0,1,0,0.0,closed,True,True
8287,432,614,5,2,1.0,closed,True,True
8286,1,0,3,0,0.0,closed,True,True
8285,65,13,3,10,1.4285714285714286,closed,True,True
8284,9,4,2,0,0.0,closed,True,True
8283,123,65,22,45,0.4368932038834951,closed,True,True
8282,17,1,2,0,0.0,closed,True,True
8281,42,8,2,9,1.2857142857142858,closed,True,True
8280,11,2,2,0,0.0,closed,False,False
8279,24,4,2,0,0.0,closed,True,True
8276,0,34,5,0,0.0,closed,True,True
8275,6,4,2,0,0.0,closed,True,True
8274,3889,3,10,13,0.3023255813953488,closed,True,True
8273,130,10,11,0,0.0,closed,True,True
8272,104,15,3,0,0.0,closed,True,True
8271,4,2,2,0,0.0,closed,True,True
8269,221,120,7,11,5.5,closed,False,False
8267,2,0,2,0,0.0,closed,True,True
8266,2,0,3,0,0.0,closed,True,True
8265,22,2,4,2,0.3333333333333333,closed,True,True
8264,81,1,4,0,0.0,closed,True,True
8262,244,7,2,0,0.0,closed,True,True
8261,6,3,2,0,0.0,closed,True,True
8260,1841,2007,11,0,0.0,closed,True,True
8259,4,0,2,0,0.0,closed,True,True
8258,1064,477,3,0,0.0,closed,False,False
8257,477,1064,2,0,0.0,closed,True,True
8256,3,7,1,0,0.0,closed,False,False
8255,79,4,2,2,0.2222222222222222,closed,True,True
8254,314,0,6,0,0.0,closed,False,False
8253,7,3,2,0,0.0,closed,False,False
8252,678,365,2,0,0.0,closed,True,True
8250,40,13,2,0,0.0,closed,True,True
8249,7,3,2,0,0.0,closed,True,True
8248,42,0,3,0,0.0,closed,True,True
8246,28,32,2,1,0.5,closed,True,True
8245,6,0,2,0,0.0,closed,False,False
8243,168,67,6,14,0.2028985507246377,closed,True,True
8242,30,36,1,0,0.0,closed,True,True
8241,5,3,1,0,0.0,closed,True,True
8239,0,32,3,0,0.0,closed,True,True
8238,295,43,3,0,0.0,closed,True,True
8237,271,2,6,0,0.0,closed,True,True
8236,989,45,4,97,1.830188679245283,closed,True,True
8235,170,1,4,0,0.0,closed,False,False
8234,35,1,16,6,0.13636363636363635,closed,True,True
8233,12,24,2,1,0.5,closed,True,True
8232,179,47,6,0,0.0,closed,True,True
8231,73,23,2,2,0.4,closed,True,True
8230,5,0,1,0,0.0,closed,True,True
8229,81,24,1,3,0.6,closed,True,True
8228,15,12,2,0,0.0,closed,True,True
8222,0,2,2,0,0.0,closed,True,True
8221,231,0,3,7,1.1666666666666667,closed,True,True
8219,32,17,2,3,0.5,closed,True,True
8217,308,0,5,3,0.1875,closed,True,True
8216,682,442,5,0,0.0,closed,True,True
8215,730,442,2,0,0.0,closed,False,False
8213,3,4,4,0,0.0,closed,True,True
8212,41,25,5,3,0.5,closed,False,False
8207,270,46,8,10,0.5263157894736842,closed,True,True
8205,1,1,2,0,0.0,closed,True,True
8204,131,31,2,0,0.0,closed,True,True
8203,1386,9,1,0,0.0,closed,False,False
8202,15,0,2,0,0.0,closed,True,True
8201,100,0,3,0,0.0,closed,True,True
8200,173,141,4,0,0.0,closed,False,False
8199,13,2,3,0,0.0,closed,False,False
8198,679,437,6,0,0.0,closed,True,True
8197,188,177,5,17,0.85,closed,True,True
8196,395,635,10,27,1.588235294117647,closed,True,True
8195,497,0,5,0,0.0,closed,False,False
8194,109,87,3,0,0.0,closed,True,True
8193,1,1,3,0,0.0,closed,True,True
8192,11,0,2,0,0.0,closed,True,True
8191,524,171,13,27,1.2272727272727273,closed,True,True
8190,1064,477,13,33,0.532258064516129,closed,True,True
8189,689,442,3,0,0.0,closed,False,False
8188,173,141,4,0,0.0,closed,False,False
8187,1,5,2,0,0.0,closed,True,True
8186,10,11,6,4,0.6666666666666666,closed,False,False
8183,3,3,2,0,0.0,closed,True,True
8182,26,8,2,0,0.0,closed,True,True
8180,1,1,2,0,0.0,closed,True,True
8178,0,30,5,0,0.0,closed,True,True
8176,33,3,2,2,0.4,closed,True,True
8171,14,19,2,0,0.0,closed,True,True
8169,26,28,4,3,0.75,closed,True,True
8167,93,11,5,10,1.1111111111111112,closed,True,True
8165,12,6,4,3,1.0,closed,True,True
8163,1,1,2,0,0.0,closed,True,True
8162,146,1,3,12,0.8571428571428571,closed,True,True
8161,102,18,4,0,0.0,closed,True,True
8160,9,0,1,0,0.0,closed,True,True
8158,249,114,5,2,0.6666666666666666,closed,False,False
8157,3,0,2,0,0.0,closed,True,True
8156,28,10,5,1,0.25,closed,True,True
8153,6,1,2,2,0.6666666666666666,closed,True,True
8152,25,7,2,0,0.0,closed,True,True
8150,35,13,2,0,0.0,closed,True,True
8149,2,2,2,0,0.0,closed,False,False
8148,197,216,5,1,0.25,closed,True,True
8147,27,29,3,10,1.4285714285714286,closed,True,True
8146,48,6,3,0,0.0,closed,True,True
8143,21,2,3,0,0.0,closed,True,True
8142,93,94,6,8,1.0,closed,True,True
8140,60,18,5,24,1.8461538461538463,closed,True,True
8139,3,1,2,0,0.0,closed,True,True
8138,3,10,3,0,0.0,closed,True,True
8137,4,2,2,0,0.0,closed,True,True
8136,40,28,2,0,0.0,closed,True,True
8135,345,345,3,0,0.0,closed,True,True
8134,10,54,3,0,0.0,closed,False,False
8133,55,0,2,0,0.0,closed,False,False
8132,5,0,3,0,0.0,closed,False,False
8129,58,22,2,1,0.16666666666666666,closed,True,True
8128,9,1,2,2,0.6666666666666666,closed,True,True
8124,37,4,2,0,0.0,closed,True,True
8123,23,57,4,2,0.2222222222222222,closed,True,True
8120,33,33,1,0,0.0,closed,False,False
8119,262,273,0,0,0.0,closed,True,True
8118,16,16,2,0,0.0,closed,True,True
8117,0,0,1,0,0.0,closed,False,False
8116,78143,12500,2,0,0.0,closed,False,False
8115,9,1,2,0,0.0,closed,True,True
8114,41,0,1,0,0.0,closed,False,False
8113,77759,12165,2,0,0.0,closed,True,True
8111,14,1,5,4,1.3333333333333333,closed,True,True
8109,190,24,5,6,0.24,closed,True,True
8108,16,15,4,5,1.6666666666666667,closed,True,True
8106,97,0,2,0,0.0,closed,True,True
8103,7,6,2,1,0.3333333333333333,closed,True,True
8100,10,19,4,1,0.25,closed,True,True
8098,62,62,5,0,0.0,closed,False,False
8096,3,3,5,0,0.0,closed,True,True
8095,10,5,2,0,0.0,closed,True,True
8094,133,6,0,2,0.3333333333333333,closed,True,True
8092,12,13,9,0,0.0,closed,True,True
8091,2,0,3,0,0.0,closed,True,True
8090,2,1,2,0,0.0,closed,True,True
8089,3,4,3,0,0.0,closed,True,True
8088,156,137,10,25,1.0869565217391304,closed,True,True
8086,4,1,2,0,0.0,closed,True,True
8085,53,56,4,1,0.125,closed,True,True
8081,76,0,3,0,0.0,closed,False,False
8080,0,0,2,0,0.0,closed,False,False
8079,688,20,3,0,0.0,closed,False,False
8078,144,16,5,1,0.2,closed,True,True
8077,218,56,2,5,0.21739130434782608,closed,True,True
8071,15,0,3,0,0.0,closed,True,True
8067,1007,60,5,10,0.3448275862068966,closed,True,True
8065,961,105,3,0,0.0,closed,False,False
8064,28,2,2,0,0.0,closed,True,True
8057,0,0,11,1,0,closed,False,False
8056,6,2,10,0,0.0,closed,False,False
8054,71,55,5,2,0.2,closed,True,True
8053,1265,5326,5,2,0.5,closed,True,True
8052,47,15,2,8,1.6,closed,True,True
8050,5,5,2,0,0.0,closed,True,True
8049,5,5,2,0,0.0,closed,False,False
8048,355,0,2,0,0.0,closed,False,False
8047,646,197,3,18,2.5714285714285716,closed,True,True
8046,3660,10859,2,0,0.0,closed,False,False
8044,3689,117,30,29,0.5087719298245614,closed,True,True
8043,6,5,2,1,0.5,closed,True,True
8041,6,6,2,0,0.0,closed,True,True
8040,2604,4547,3,48,1.92,closed,True,True
8038,434,3,4,10,0.6666666666666666,closed,True,True
8037,6,0,2,0,0.0,closed,True,True
8036,1,1,2,0,0.0,closed,True,True
8035,2,0,2,0,0.0,closed,True,True
8034,7,5,2,0,0.0,closed,True,True
8033,7,10,2,3,1.5,closed,True,True
8032,766,200,1,0,0.0,closed,False,False
8031,19,3,2,0,0.0,closed,True,True
8030,586,310,6,42,0.8571428571428571,closed,True,True
8029,236,7,1,0,0.0,closed,False,False
8028,2,0,3,0,0.0,closed,True,True
8027,2,2,2,0,0.0,closed,True,True
8026,5717,141,4,25,5.0,closed,True,True
8025,7002,524,1,0,0.0,closed,False,False
8024,109,332,4,8,0.18181818181818182,closed,True,True
8021,436,411,3,0,0.0,closed,True,True
8018,1,1,2,0,0.0,closed,True,True
8017,2,2,2,0,0.0,closed,True,True
8016,332,139,6,10,0.8333333333333334,closed,True,True
8015,20,0,2,0,0.0,closed,True,True
8014,2,2,2,0,0.0,closed,True,True
8013,10,2,2,0,0.0,closed,True,True
8012,18,17,4,1,0.5,closed,True,True
8010,5,6,2,1,1.0,closed,True,True
8008,113,43,7,23,1.0,closed,True,True
8007,17,5,7,2,0.2857142857142857,closed,False,False
8001,38,14,10,6,1.2,closed,True,True
8000,49,72,4,11,0.8461538461538461,closed,True,True
7999,38,15,7,2,0.16666666666666666,closed,True,True
7998,179,4,7,0,0.0,closed,True,True
7997,82,48,6,7,0.5384615384615384,closed,True,True
7996,128,12,7,8,0.8888888888888888,closed,True,True
7995,88,9,3,2,0.6666666666666666,closed,True,True
7994,0,0,6,6,1.2,closed,True,True
7992,4,1,4,0,0.0,closed,True,True
7981,75,47,5,7,1.4,closed,True,True
7979,22,16,4,0,0.0,closed,True,True
7977,71,30,5,2,0.3333333333333333,closed,True,True
7976,25,10,7,0,0.0,closed,True,True
7975,34,16,4,0,0.0,closed,True,True
7972,4,2,4,0,0.0,closed,True,True
7971,7,11,4,0,0.0,closed,True,True
7970,0,0,8,2,0,closed,False,False
7969,7,7,4,0,0.0,closed,True,True
7966,138,594,9,0,0.0,closed,True,True
7965,204,1,5,3,0.75,closed,True,True
7963,66,3,14,0,0.0,closed,False,False
7962,47,6,5,0,0.0,closed,True,True
7957,294,371,20,20,1.6666666666666667,closed,True,True
7955,70,22,4,2,1.0,closed,True,True
7946,2,2,1,0,0.0,closed,True,True
7944,19,6,4,0,0.0,closed,True,True
7943,9,1,6,2,2.0,closed,False,False
7941,76,61,3,0,0.0,closed,True,True
7939,6,12,4,1,0.3333333333333333,closed,False,False
7938,171,103,38,18,1.0588235294117647,closed,True,True
7936,8,9,3,4,1.0,closed,True,True
7934,19,8,5,1,0.3333333333333333,closed,True,True
7932,892,27,6,2,0.09523809523809523,closed,True,True
7931,1,1,1,0,0.0,closed,True,True
7930,548,80,7,0,0.0,closed,True,True
7928,3,1,6,0,0.0,closed,False,False
7927,2,3,1,0,0.0,closed,True,True
7926,20,2,6,0,0.0,closed,False,False
7925,186,172,1,0,0.0,closed,True,True
7924,23,1,1,1,0.25,closed,True,True
7923,126,26,3,0,0.0,closed,True,True
7922,12,2,1,0,0.0,closed,True,True
7920,56,8,3,3,0.3,closed,True,True
7918,33,4,4,0,0.0,closed,True,True
7917,41,25,1,5,1.25,closed,True,True
7915,149,40,8,15,0.8823529411764706,closed,True,True
7914,739,183,7,14,0.24561403508771928,closed,True,True
7912,1,1,1,0,0.0,closed,True,True
7910,52,1,1,0,0.0,closed,True,True
7909,1,1,1,0,0.0,closed,True,True
7907,620,9,7,1,0.16666666666666666,closed,True,True
7906,0,0,2,0,0.0,closed,False,False
7905,1,1,4,0,0.0,closed,True,True
7903,14,5,1,0,0.0,closed,True,True
7899,2168,1371,10,48,1.8461538461538463,closed,True,True
7894,139,3,5,0,0.0,closed,True,True
7893,4,0,1,2,1.0,closed,True,True
7892,417,114,26,30,0.8571428571428571,closed,True,True
7891,1462,1228,1,0,0.0,closed,True,True
7890,0,12,4,0,0.0,closed,True,True
7889,1,1,4,0,0.0,closed,True,True
7887,1,0,5,0,0.0,closed,True,True
7886,18,5,4,0,0.0,closed,True,True
7884,11,3,1,4,0.5714285714285714,closed,True,True
7872,582,44,7,4,0.13333333333333333,closed,True,True
7871,193,150,3,4,0.8,closed,True,True
7869,3,1,4,0,0.0,closed,True,True
7868,368,29,4,3,0.15,closed,True,True
7862,747,236,6,19,0.7307692307692307,closed,True,True
7861,11,3,1,0,0.0,closed,True,True
7860,19,0,4,0,0.0,closed,True,True
7856,276,70,8,0,0.0,closed,False,False
7855,10,8,1,0,0.0,closed,True,True
7854,2,2,4,0,0.0,closed,True,True
7853,7,0,4,0,0.0,closed,True,True
7851,9,3,1,0,0.0,closed,True,True
7849,145,99,5,2,0.09090909090909091,closed,True,True
7847,660,8,3,2,0.5,closed,False,False
7840,23,7,4,1,0.5,closed,True,True
7837,55,65,4,0,0.0,closed,True,True
7836,131,121,5,1,0.25,closed,True,True
7828,480,20,5,0,0.0,closed,False,False
7826,1140,1,6,7,0.5833333333333334,closed,True,True
7808,976,1019,4,10,1.1111111111111112,closed,True,True
7805,13,1,2,0,0.0,closed,True,True
7804,1645,1193,5,0,0.0,closed,False,False
7803,328,20,18,24,0.48,closed,True,True
7802,14,22,1,0,0.0,closed,True,True
7799,24,6,1,0,0.0,closed,True,True
7798,299,157,6,6,0.4,closed,True,True
7797,15,9,1,0,0.0,closed,True,True
7796,35,10,1,0,0.0,closed,True,True
7795,4,0,1,0,0.0,closed,True,True
7794,55,18,6,1,0.25,closed,True,True
7793,17,7,4,0,0.0,closed,True,True
7792,10,3,1,0,0.0,closed,True,True
7791,481,112,4,0,0.0,closed,True,True
7790,7,0,4,0,0.0,closed,True,True
7789,15,2,7,6,2.0,closed,True,True
7788,19,1,4,7,3.5,closed,True,True
7786,384,0,1,1,0.5,closed,True,True
7784,30,4,5,0,0.0,closed,True,True
7777,709,797,4,1,0.5,closed,True,True
7775,165,0,1,2,0.6666666666666666,closed,True,True
7770,6,0,4,0,0.0,closed,False,False
7769,4,4,1,0,0.0,closed,True,True
7766,4,4,4,1,1.0,closed,True,True
7763,28,25,4,2,0.5,closed,True,True
7762,11,6,4,0,0.0,closed,True,True
7760,2,0,3,0,0.0,closed,True,True
7758,1,1,4,0,0.0,closed,True,True
7756,6,8,4,0,0.0,closed,True,True
7755,155,31,1,0,0.0,closed,True,True
7754,130,82,9,1,0.25,closed,False,False
7749,3,3,4,0,0.0,closed,True,True
7747,93,0,9,2,0.6666666666666666,closed,False,False
7745,1356,105,6,0,0.0,closed,True,True
7743,531,120,4,0,0.0,closed,True,True
7742,2,0,6,0,0.0,closed,True,True
7741,18,4,1,0,0.0,closed,True,True
7740,6,164,2,2,0.5,closed,True,True
7739,21,17,3,0,0.0,closed,True,True
7737,240,239,3,1,0.2,closed,True,True
7736,113,1,1,0,0.0,closed,True,True
7734,34,24,4,0,0.0,closed,True,True
7733,34,24,5,0,0.0,closed,False,False
7728,38,0,1,0,0.0,closed,True,True
7725,65,0,4,2,0.2222222222222222,closed,True,True
7724,15,13,2,0,0.0,closed,True,True
7722,1053,632,1,0,0.0,closed,True,True
7718,316,2,6,0,0.0,closed,True,True
7717,275,66,4,15,1.1538461538461537,closed,True,True
7716,6,0,4,0,0.0,closed,True,True
7715,5,5,4,0,0.0,closed,True,True
7714,793,729,4,0,0.0,closed,True,True
7711,465,0,1,0,0.0,closed,True,True
7710,91,0,1,0,0.0,closed,True,True
7709,20,8,1,2,2.0,closed,True,True
7705,495,0,4,1,0.5,closed,True,True
7697,1,0,4,0,0.0,closed,True,True
7695,2728,2036,4,0,0.0,closed,True,True
7694,12,0,11,0,0.0,closed,False,False
7693,253,64,1,5,1.0,closed,True,True
7692,179,141,6,0,0.0,closed,False,False
7691,173,141,6,0,0.0,closed,False,False
7690,33,80,6,0,0.0,closed,True,True
7689,19,3,8,4,1.3333333333333333,closed,True,True
7688,160,8,6,0,0.0,closed,True,True
7687,186,0,4,0,0.0,closed,True,True
7686,1053,632,9,13,0.5652173913043478,closed,False,False
7685,395,836,5,0,0.0,closed,True,True
7684,7,5,8,2,0.3333333333333333,closed,True,True
7680,100,0,7,0,0.0,closed,True,True
7679,0,1,2,0,0.0,closed,True,True
7678,167,1,2,3,0.375,closed,True,True
7677,126,2,2,0,0.0,closed,True,True
7671,396,260,4,0,0.0,closed,False,False
7670,235,4,1,3,0.1875,closed,True,True
7667,39,1,3,0,0.0,closed,True,True
7666,1,0,4,0,0.0,closed,True,True
7665,37,0,4,0,0.0,closed,True,True
7663,589,115,9,5,0.3333333333333333,closed,True,True
7657,2516,624,13,29,0.5272727272727272,closed,True,True
7656,34,6,1,0,0.0,closed,True,True
7655,966,99,5,4,0.4444444444444444,closed,True,True
7654,171,39,2,6,1.5,closed,True,True
7653,4,3,2,0,0.0,closed,True,True
7649,1,1,11,0,0.0,closed,True,True
7647,332,141,4,0,0.0,closed,True,True
7646,6842,58,7,0,0.0,closed,False,False
7645,7,2,4,1,0.3333333333333333,closed,True,True
7643,65,1,3,2,1.0,closed,True,True
7642,165,3,5,7,1.1666666666666667,closed,True,True
7641,44,39,4,1,0.1111111111111111,closed,True,True
7638,119,5,6,5,0.2777777777777778,closed,True,True
7636,11,4,4,0,0.0,closed,True,True
7633,23,0,4,0,0.0,closed,True,True
7632,23,0,1,0,0.0,closed,False,False
7631,270,35,3,2,0.6666666666666666,closed,True,True
7629,18,4,18,8,0.36363636363636365,closed,True,True
7626,836,395,5,3,0.2727272727272727,closed,True,True
7625,9,1,8,0,0.0,closed,True,True
7622,168,57,6,5,1.6666666666666667,closed,True,True
7620,13,12,1,0,0.0,closed,True,True
7619,12,1,4,0,0.0,closed,True,True
7616,61,77,3,0,0.0,closed,False,False
7614,231,14,8,2,0.14285714285714285,closed,True,True
7612,726,20,8,9,0.6,closed,True,True
7608,46,67,3,1,0.5,closed,True,True
7607,3,3,9,0,0.0,closed,True,True
7606,169,74,3,7,1.4,closed,True,True
7605,1747,0,5,2,0.25,closed,True,True
7604,95,44,3,1,0.5,closed,True,True
7603,15,5,1,0,0.0,closed,True,True
7599,13,2,2,0,0.0,closed,True,True
7596,2,0,2,0,0.0,closed,True,True
7595,145,0,6,7,0.7777777777777778,closed,True,True
7593,18,18,11,0,0.0,closed,True,True
7592,14,19,1,0,0.0,closed,True,True
7591,34,16,1,0,0.0,closed,True,True
7589,2,130,4,0,0.0,closed,True,True
7588,55,11,6,5,0.29411764705882354,closed,True,True
7586,14,2,8,0,0.0,closed,True,True
7583,39,63,2,0,0.0,closed,True,True
7582,18,70,2,0,0.0,closed,True,True
7581,307,263,3,0,0.0,closed,True,True
7580,15,7,4,0,0.0,closed,True,True
7575,14,2,4,0,0.0,closed,True,True
7574,104,0,5,0,0.0,closed,False,False
7573,2,0,4,0,0.0,closed,True,True
7568,5,2,4,0,0.0,closed,True,True
7567,7,1,1,0,0.0,closed,True,True
7565,311,0,6,6,0.5454545454545454,closed,True,True
7564,46,0,1,0,0.0,closed,True,True
7563,2,2,5,0,0.0,closed,True,True
7559,291,46,13,3,0.1111111111111111,closed,True,True
7558,1,1,1,0,0.0,closed,True,True
7556,149,106,1,0,0.0,closed,True,True
7554,78,9,4,0,0.0,closed,True,True
7553,27,2,4,0,0.0,closed,True,True
7551,287,120,16,6,0.12,closed,True,True
7550,335,188,2,2,0.5,closed,True,True
7548,3,2,3,0,0.0,closed,True,True
7546,11,6,4,0,0.0,closed,True,True
7544,1,1,2,0,0.0,closed,True,True
7539,199,91,4,0,0.0,closed,True,True
7536,101,0,7,4,0.26666666666666666,closed,True,True
7533,415,206,4,11,0.9166666666666666,closed,True,True
7531,35,0,2,1,0.2,closed,True,True
7529,172,0,2,2,0.3333333333333333,closed,True,True
7527,443,27,1,0,0.0,closed,False,False
7523,218,4,7,16,1.0666666666666667,closed,True,True
7522,0,0,9,1,0.034482758620689655,closed,False,False
7521,289,27,4,5,0.29411764705882354,closed,False,False
7513,498,153,10,2,0.15384615384615385,closed,True,True
7512,206,155,2,0,0.0,closed,False,False
7511,156,2,2,2,0.4,closed,True,True
7510,27,2,5,1,1.0,closed,False,False
7509,206,155,6,0,0.0,closed,False,False
7505,33,4,5,5,2.5,closed,True,True
7501,36,10,1,1,0.3333333333333333,closed,True,True
7500,81,0,4,0,0.0,closed,True,True
7499,62,0,5,0,0.0,closed,True,True
7498,25,16,6,0,0.0,closed,True,True
7497,2,0,6,0,0.0,closed,True,True
7496,2,2,6,3,1.5,closed,True,True
7495,131,114,4,7,0.6363636363636364,closed,True,True
7494,139,82,2,0,0.0,closed,True,True
7491,0,0,4,0,0.0,closed,False,False
7490,82,26,7,4,1.0,closed,True,True
7489,15,15,1,0,0.0,closed,True,True
7487,0,1,1,0,0.0,closed,True,True
7483,1,0,4,0,0.0,closed,True,True
7480,2,0,1,0,0.0,closed,True,True
7478,5,1,1,0,0.0,closed,True,True
7477,19,36,1,0,0.0,closed,True,True
7474,6,8,1,0,0.0,closed,True,True
7472,5,3,1,0,0.0,closed,True,True
7470,3,3,7,0,0.0,closed,True,True
7469,26,10,5,0,0.0,closed,True,True
7468,126,242,2,0,0.0,closed,True,True
7466,749,25,1,0,0.0,closed,True,True
7463,182,31,6,17,0.7391304347826086,closed,True,True
7462,68,91,1,9,1.2857142857142858,closed,True,True
7458,797,596,4,0,0.0,closed,True,True
7457,5,47,1,0,0.0,closed,True,True
7455,10,10,1,3,3.0,closed,True,True
7453,47,22,4,0,0.0,closed,False,False
7452,0,0,1,0,0.0,closed,True,True
7451,43,7,1,2,0.6666666666666666,closed,True,True
7450,4,1,2,0,0.0,closed,False,False
7449,79,17,4,0,0.0,closed,True,True
7445,151,50,5,0,0.0,closed,True,True
7439,62,25,5,0,0.0,closed,True,True
7437,935,140,7,16,1.6,closed,True,True
7436,136,0,2,0,0.0,closed,False,False
7435,6,3,1,0,0.0,closed,True,True
7434,134,53,2,3,0.42857142857142855,closed,True,True
7432,190,106,3,0,0.0,closed,True,True
7431,128,8,5,0,0.0,closed,True,True
7429,37,2,3,0,0.0,closed,False,False
7427,47,3,8,0,0.0,closed,True,True
7426,9,4,4,0,0.0,closed,True,True
7425,40,75,2,0,0.0,closed,False,False
7416,173,173,1,0,0.0,closed,True,True
7414,59,63,1,0,0.0,closed,True,True
7408,1,73,4,0,0.0,closed,True,True
7406,951,735,16,53,0.9298245614035088,closed,False,False
7405,806,642,5,18,0.6206896551724138,closed,True,True
7402,3,3,4,0,0.0,closed,True,True
7395,175,0,4,0,0.0,closed,True,True
7390,7,1,6,0,0.0,closed,True,True
7387,625,229,5,16,0.45714285714285713,closed,True,True
7386,25,0,4,0,0.0,closed,True,True
7385,277,157,7,2,0.15384615384615385,closed,True,True
7384,35,1,1,6,2.0,closed,True,True
7383,0,17,4,1,0.3333333333333333,closed,True,True
7382,58,1,18,5,0.4166666666666667,closed,True,True
7381,32,3,3,8,1.1428571428571428,closed,True,True
7379,1,1,1,0,0.0,closed,True,True
7377,3,3,4,0,0.0,closed,True,True
7376,881,276,8,26,1.368421052631579,closed,True,True
7375,37,16,1,0,0.0,closed,True,True
7373,142,82,1,1,0.06666666666666667,closed,True,True
7371,1,1,1,0,0.0,closed,True,True
7370,31,1,6,0,0.0,closed,True,True
7369,4,41,5,0,0.0,closed,True,True
7366,2,2,4,0,0.0,closed,True,True
7365,4566,123,5,11,0.6470588235294118,closed,True,True
7363,46,11,6,0,0.0,closed,True,True
7362,49,60,9,3,0.42857142857142855,closed,False,False
7361,76,60,4,0,0.0,closed,True,True
7360,73,71,2,0,0.0,closed,True,True
7359,57,49,4,1,0.5,closed,False,False
7358,47,53,7,0,0.0,closed,True,True
7357,10,1,2,0,0.0,closed,True,True
7356,8,2,1,0,0.0,closed,True,True
7355,1,1,3,0,0.0,closed,True,True
7354,73,74,4,0,0.0,closed,True,True
7353,0,9,4,0,0.0,closed,True,True
7351,17,3,1,0,0.0,closed,True,True
7350,210,27,5,0,0.0,closed,True,True
7349,26,22,4,0,0.0,closed,True,True
7348,7,1,4,0,0.0,closed,True,True
7347,14,1,4,0,0.0,closed,True,True
7345,114,39,1,0,0.0,closed,True,True
7343,15,13,5,0,0.0,closed,True,True
7342,240,0,5,2,1.0,closed,True,True
7341,144,34,5,0,0.0,closed,False,False
7340,23,23,3,0,0.0,closed,True,True
7338,96,48,2,7,3.5,closed,True,True
7335,573,79,8,0,0.0,closed,True,True
7333,86,76,2,14,3.5,closed,False,False
7330,48,8,4,0,0.0,closed,True,True
7328,199,60,1,2,0.6666666666666666,closed,True,True
7322,683,278,2,1,0.038461538461538464,closed,False,False
7319,392,276,6,2,0.08,closed,True,True
7318,9115,19486,7,0,0.0,closed,False,False
7317,1115,27,11,11,0.8461538461538461,closed,True,True
7316,3386,12,5,0,0.0,closed,True,True
7310,295,87,7,4,0.5,closed,True,True
7303,39,11,2,0,0.0,closed,True,True
7301,9,0,5,1,1.0,closed,True,True
7298,9,2,3,0,0.0,closed,True,True
7296,492,521,7,0,0.0,closed,True,True
7294,1,1,5,0,0.0,closed,False,False
7293,1,1,4,0,0.0,closed,True,True
7292,8817,19486,5,0,0.0,closed,False,False
7291,883,240,11,10,0.25,closed,True,True
7290,39000,0,5,0,0.0,closed,False,False
7288,1082,285,1,3,0.13043478260869565,closed,True,True
7286,97,405,2,2,2.0,closed,True,True
7285,47,0,4,21,2.625,closed,True,True
7281,515,548,2,0,0.0,closed,False,False
7280,993,605,6,36,2.25,closed,True,True
7278,363,37,4,0,0.0,closed,True,True
7277,363,37,4,0,0.0,closed,False,False
7276,284,38,1,0,0.0,closed,False,False
7275,47,49,4,2,0.3333333333333333,closed,True,True
7272,199,8,5,0,0.0,closed,True,True
7271,531,145,8,3,0.14285714285714285,closed,True,True
7270,896,94,6,0,0.0,closed,True,True
7268,61,26,1,0,0.0,closed,True,True
7267,36,0,6,8,1.1428571428571428,closed,True,True
7266,373,1,4,0,0.0,closed,True,True
7265,6,0,5,0,0.0,closed,False,False
7254,233,169,2,0,0.0,closed,True,True
7247,314,246,10,12,0.8,closed,True,True
7237,6,0,1,0,0.0,closed,True,True
7232,168,43,2,21,7.0,closed,True,True
7231,494,333,3,0,0.0,closed,True,True
7230,5,0,7,0,0.0,closed,False,False
7229,19769,0,7,0,0.0,closed,False,False
7228,118,18,4,0,0.0,closed,True,True
7226,474,124,3,0,0.0,closed,True,True
7224,19,16,2,0,0.0,closed,True,True
7223,10,1,3,0,0.0,closed,True,True
7220,93,55,3,0,0.0,closed,True,True
7219,126,1,3,1,0.5,closed,False,False
7215,16,16,4,0,0.0,closed,True,True
7214,2,1,9,6,6.0,closed,False,False
7213,12,5,5,0,0.0,closed,True,True
7212,943,474,5,18,1.2,closed,True,True
7211,13,4,9,5,0.5555555555555556,closed,True,True
7209,13,10,1,0,0.0,closed,True,True
7208,975,4,3,0,0.0,closed,False,False
7207,1,1,4,0,0.0,closed,True,True
7205,9,1,4,0,0.0,closed,True,True
7204,3,3,1,0,0.0,closed,False,False
7203,12190,12181,1,0,0.0,closed,True,True
7202,11,10,2,0,0.0,closed,True,True
7200,12,2,6,24,4.0,closed,False,False
7196,273,35,5,13,1.8571428571428572,closed,True,True
7195,729,31,10,14,0.5833333333333334,closed,True,True
7194,1082,137,1,23,2.090909090909091,closed,True,True
7193,294,4,10,1,0.023809523809523808,closed,True,True
7192,0,119,2,0,0.0,closed,True,True
7191,38,11,1,0,0.0,closed,False,False
7190,2,2,4,0,0.0,closed,True,True
7189,9889,0,5,0,0.0,closed,False,False
7188,720,459,8,0,0.0,closed,True,True
7185,49,54,4,0,0.0,closed,True,True
7184,2,2,6,0,0.0,closed,False,False
7183,115,174,2,2,0.3333333333333333,closed,True,True
7182,16,5,12,1,0.0625,closed,False,False
7180,25,25,2,0,0.0,closed,False,False
7178,640,732,2,2,0.6666666666666666,closed,True,True
7175,3567,2981,3,0,0.0,closed,False,False
7171,2905,2433,4,0,0.0,closed,True,True
7170,771,721,17,120,2.6666666666666665,closed,True,True
7169,12,0,4,2,0.6666666666666666,closed,True,True
7168,280,89,10,33,0.868421052631579,closed,True,True
7166,11,3,1,0,0.0,closed,True,True
7165,1340,295,3,14,0.7368421052631579,closed,True,True
7164,55,36,2,0,0.0,closed,True,True
7163,84,87,2,8,1.1428571428571428,closed,True,True
7162,310,0,6,16,2.6666666666666665,closed,True,True
7160,1,0,4,0,0.0,closed,False,False
7151,2067,1223,2,0,0.0,closed,False,False
7148,42,23,5,0,0.0,closed,False,False
7147,6,0,3,0,0.0,closed,False,False
7146,6,0,3,0,0.0,closed,False,False
7145,125,107,3,1,0.2,closed,True,True
7144,2,2312,7,0,0.0,closed,True,True
7142,2447,89,32,18,0.3103448275862069,closed,False,False
7141,214,88,6,0,0.0,closed,False,False
7139,6,0,6,0,0.0,closed,False,False
7138,6,0,6,0,0.0,closed,False,False
7137,0,433,6,0,0.0,closed,True,True
7136,2,0,7,0,0.0,closed,False,False
7135,3489,3640,9,0,0.0,closed,False,False
7134,1,2315,12,0,0.0,closed,True,True
7133,0,433,7,0,0.0,closed,False,False
7130,479,8,11,16,2.0,closed,True,True
7129,6,0,6,0,0.0,closed,False,False
7127,6,0,6,0,0.0,closed,False,False
7126,855,87,7,0,0.0,closed,False,False
7125,25,15,8,0,0.0,closed,True,True
7124,13,13,7,0,0.0,closed,True,True
7123,14,13,17,1,0.058823529411764705,closed,True,True
7121,88,97,15,6,0.5,closed,True,True
7120,10592,0,6,20,10.0,closed,False,False
7118,6,0,6,1,1.0,closed,False,False
7117,305,2776,12,6,0.11320754716981132,closed,True,True
7116,307,440,7,20,6.666666666666667,closed,True,True
7115,272,142,11,30,1.875,closed,True,True
7113,1,1,4,0,0.0,closed,True,True
7112,46,5804,10,1,0.016666666666666666,closed,True,True
7110,1,1,6,1,0.2,closed,True,True
7109,6,0,6,1,0.5,closed,False,False
7107,6,0,5,1,1.0,closed,False,False
7106,2053,1207,15,86,2.2051282051282053,closed,True,True
7104,2,2,6,0,0.0,closed,True,True
7103,6,0,3,1,1.0,closed,False,False
7102,10,1,14,7,1.4,closed,False,False
7101,6,0,3,3,3.0,closed,False,False
7100,6,0,3,1,1.0,closed,False,False
7099,1,1,2,0,0.0,closed,True,True
7098,159,92,2,0,0.0,closed,True,True
7097,11,1490,9,2,0.2857142857142857,closed,True,True
7096,3,4,2,0,0.0,closed,True,True
7093,6,0,1,0,0.0,closed,False,False
7091,680,10,29,34,0.6666666666666666,closed,True,True
7089,20,0,2,0,0.0,closed,False,False
7087,452,6,2,0,0.0,closed,False,False
7085,923,149,19,15,0.42857142857142855,closed,True,True
7082,208,113,2,4,1.0,closed,True,True
7081,6,0,2,0,0.0,closed,False,False
7078,555,36,16,15,15.0,closed,False,False
7077,6,0,2,0,0.0,closed,False,False
7076,6,0,2,0,0.0,closed,False,False
7071,2,2,1,0,0.0,closed,False,False
7068,18,7,8,0,0.0,closed,True,True
7064,12,0,3,0,0.0,closed,False,False
7062,6,0,3,0,0.0,closed,False,False
7061,6,0,2,0,0.0,closed,False,False
7060,6,0,2,0,0.0,closed,False,False
7059,1,0,1,0,0.0,closed,False,False
7058,6,0,2,0,0.0,closed,False,False
7057,6,0,2,0,0.0,closed,False,False
7056,6,0,2,0,0.0,closed,False,False
7055,6,0,1,0,0.0,closed,False,False
7054,3230,3215,10,141,1.6588235294117648,closed,True,True
7053,6,0,2,0,0.0,closed,False,False
7052,6,0,2,0,0.0,closed,False,False
7051,10592,0,3,0,0.0,closed,False,False
7050,6,0,2,0,0.0,closed,False,False
7049,6,0,2,0,0.0,closed,False,False
7048,6,0,2,0,0.0,closed,False,False
7047,6,0,1,0,0.0,closed,False,False
7046,43,39,2,0,0.0,closed,True,True
7045,4,6,1,0,0.0,closed,True,True
7042,6,0,2,0,0.0,closed,False,False
7041,2,2,2,0,0.0,closed,True,True
7040,58,82,2,0,0.0,closed,True,True
7039,58,82,3,0,0.0,closed,False,False
7038,6,0,2,0,0.0,closed,False,False
7036,2,2,2,0,0.0,closed,False,False
7035,7,7,2,0,0.0,closed,True,True
7034,6,0,2,0,0.0,closed,False,False
7033,6,0,2,0,0.0,closed,False,False
7031,6,0,2,0,0.0,closed,False,False
7030,139,359,5,2,0.2222222222222222,closed,False,False
7029,60,18,6,0,0.0,closed,True,True
7026,5,2,2,1,0.3333333333333333,closed,True,True
7025,151,16,4,1,0.125,closed,True,True
7022,54,52,13,0,0.0,closed,True,True
7021,294,259,7,18,0.6206896551724138,closed,False,False
7020,6,0,2,0,0.0,closed,False,False
7018,6,0,1,0,0.0,closed,False,False
7017,6,0,1,0,0.0,closed,False,False
7016,217,103,4,14,1.2727272727272727,closed,True,True
7015,1,1,1,0,0.0,closed,False,False
7014,3,0,1,0,0.0,closed,True,True
7013,6,0,2,0,0.0,closed,False,False
7012,17,5,2,0,0.0,closed,False,False
7010,6,2,1,0,0.0,closed,True,True
7009,6,0,2,0,0.0,closed,False,False
7008,1,0,3,0,0.0,closed,False,False
7007,6,0,2,0,0.0,closed,False,False
7005,112,13,1,0,0.0,closed,True,True
6999,6,0,2,0,0.0,closed,False,False
6998,6,0,2,0,0.0,closed,False,False
6997,12,0,5,0,0.0,closed,True,True
6996,19,0,3,1,0.3333333333333333,closed,True,True
6995,8,5,1,0,0.0,closed,True,True
6994,6,0,2,0,0.0,closed,False,False
6992,60,34,6,7,0.875,closed,True,True
6991,6,0,2,0,0.0,closed,False,False
6990,26,12,3,0,0.0,closed,True,True
6987,6,0,1,0,0.0,closed,False,False
6986,6,0,3,0,0.0,closed,False,False
6985,6,0,2,0,0.0,closed,False,False
6984,6,0,1,0,0.0,closed,False,False
6983,6,0,1,0,0.0,closed,False,False
6982,6,0,1,0,0.0,closed,False,False
6981,6,0,1,0,0.0,closed,False,False
6979,6,0,1,0,0.0,closed,False,False
6978,6,0,1,0,0.0,closed,False,False
6977,3,3,1,0,0.0,closed,False,False
6975,6,0,2,0,0.0,closed,False,False
6974,6,0,1,0,0.0,closed,False,False
6973,6,0,2,0,0.0,closed,False,False
6972,6,0,1,0,0.0,closed,False,False
6963,6,0,2,0,0.0,closed,False,False
6962,6,0,2,0,0.0,closed,False,False
6960,6,0,1,0,0.0,closed,False,False
6958,6,0,2,0,0.0,closed,False,False
6957,6,0,1,0,0.0,closed,False,False
6956,6,0,1,0,0.0,closed,False,False
6955,6,0,1,0,0.0,closed,False,False
6954,6,0,2,0,0.0,closed,False,False
6953,6,0,2,0,0.0,closed,False,False
6952,1,1,2,0,0.0,closed,True,True
6951,2,2,1,0,0.0,closed,False,False
6950,12,0,4,0,0.0,closed,False,False
6949,6,0,2,0,0.0,closed,False,False
6946,11,17,2,0,0.0,closed,True,True
6945,6,0,2,0,0.0,closed,False,False
6941,6,0,2,0,0.0,closed,False,False
6940,6,0,1,0,0.0,closed,False,False
6939,20982,0,2,0,0.0,closed,False,False
6938,6,1,1,0,0.0,closed,True,True
6937,18,0,2,0,0.0,closed,True,True
6936,12,0,2,0,0.0,closed,False,False
6935,10508,0,2,0,0.0,closed,False,False
6934,12,0,1,0,0.0,closed,False,False
6933,6,0,2,0,0.0,closed,False,False
6932,6,0,2,0,0.0,closed,False,False
6931,1677,1343,12,34,1.1333333333333333,closed,True,True
6930,6,0,1,0,0.0,closed,False,False
6929,6,0,2,0,0.0,closed,False,False
6928,6,0,2,0,0.0,closed,False,False
6927,15,5,3,0,0.0,closed,True,True
6926,6,0,2,0,0.0,closed,False,False
6925,6,0,2,0,0.0,closed,False,False
6924,6,0,2,0,0.0,closed,False,False
6923,6,0,2,0,0.0,closed,False,False
6922,6,0,2,0,0.0,closed,False,False
6921,6,0,2,0,0.0,closed,False,False
6919,6,0,2,0,0.0,closed,False,False
6918,6,0,1,0,0.0,closed,False,False
6917,6,0,2,0,0.0,closed,False,False
6916,6,0,1,0,0.0,closed,False,False
6915,6,0,1,0,0.0,closed,False,False
6914,6,0,2,0,0.0,closed,False,False
6913,6,0,2,0,0.0,closed,False,False
6912,6,0,2,0,0.0,closed,False,False
6910,6,0,1,0,0.0,closed,False,False
6908,6,0,2,0,0.0,closed,False,False
6907,6,0,2,0,0.0,closed,False,False
6906,11057,11046,2,0,0.0,closed,False,False
6904,6,0,1,0,0.0,closed,False,False
6903,33,17,2,5,0.7142857142857143,closed,True,True
6901,6,0,2,0,0.0,closed,False,False
6900,66,0,2,8,1.1428571428571428,closed,True,True
6898,1808,1,10,0,0.0,closed,False,False
6897,6,0,1,0,0.0,closed,False,False
6896,2959,26,22,33,33.0,closed,False,False
6895,6,0,2,0,0.0,closed,False,False
6894,6,0,1,0,0.0,closed,False,False
6893,6,0,2,0,0.0,closed,False,False
6891,6,0,2,0,0.0,closed,False,False
6890,6,0,2,0,0.0,closed,False,False
6889,6,0,2,0,0.0,closed,False,False
6888,30,9,2,2,0.5,closed,True,True
6887,6,0,2,0,0.0,closed,False,False
6886,6,0,3,0,0.0,closed,False,False
6884,6,0,2,0,0.0,closed,False,False
6883,6,0,1,0,0.0,closed,False,False
6882,41958,0,3,0,0.0,closed,False,False
6881,11057,11046,2,0,0.0,closed,False,False
6880,6,0,2,0,0.0,closed,False,False
6879,6,0,2,0,0.0,closed,False,False
6878,6,0,2,0,0.0,closed,False,False
6877,6,0,1,0,0.0,closed,False,False
6876,6,0,2,0,0.0,closed,False,False
6875,6,0,2,0,0.0,closed,False,False
6873,6,0,2,0,0.0,closed,False,False
6872,12,0,2,0,0.0,closed,False,False
6871,6,0,2,0,0.0,closed,False,False
6870,6,0,2,0,0.0,closed,False,False
6868,6,0,2,0,0.0,closed,False,False
6867,38,9,2,5,5.0,closed,False,False
6866,44,0,3,0,0.0,closed,False,False
6865,6,0,2,0,0.0,closed,False,False
6864,6,0,2,0,0.0,closed,False,False
6863,6,0,2,0,0.0,closed,False,False
6861,6,0,2,0,0.0,closed,False,False
6860,6,0,2,0,0.0,closed,False,False
6859,6,0,2,0,0.0,closed,False,False
6857,6,0,1,0,0.0,closed,False,False
6856,10529,363,4,0,0.0,closed,False,False
6855,6,0,2,0,0.0,closed,False,False
6854,6,0,2,0,0.0,closed,False,False
6853,6,0,2,0,0.0,closed,False,False
6852,6,0,2,0,0.0,closed,False,False
6851,6,0,2,0,0.0,closed,False,False
6849,6,0,2,0,0.0,closed,False,False
6848,29,2,4,12,4.0,closed,False,False
6847,6,0,2,0,0.0,closed,False,False
6845,6,0,2,0,0.0,closed,False,False
6844,6,0,2,0,0.0,closed,False,False
6842,6,0,2,0,0.0,closed,False,False
6841,6,0,2,0,0.0,closed,False,False
6840,0,0,1,0,0.0,closed,False,False
6839,6,0,1,0,0.0,closed,False,False
6838,6,0,1,0,0.0,closed,False,False
6837,10475,4,2,0,0.0,closed,False,False
6836,10475,4,1,0,0.0,closed,False,False
6835,6,0,1,0,0.0,closed,False,False
6834,6,0,2,0,0.0,closed,False,False
6833,6,0,2,0,0.0,closed,False,False
6831,6,0,2,0,0.0,closed,False,False
6830,6,0,1,0,0.0,closed,False,False
6829,6,0,1,0,0.0,closed,False,False
6827,1,0,3,0,0.0,closed,False,False
6826,30,0,1,0,0.0,closed,False,False
6825,6,0,2,0,0.0,closed,False,False
6823,6,0,2,0,0.0,closed,False,False
6822,1,1,3,0,0.0,closed,True,True
6820,6,0,2,0,0.0,closed,False,False
6819,6,0,2,0,0.0,closed,False,False
6818,6,0,2,0,0.0,closed,False,False
6817,6,0,2,0,0.0,closed,False,False
6816,6,0,2,0,0.0,closed,False,False
6815,39,0,1,0,0.0,closed,False,False
6814,6,0,2,0,0.0,closed,False,False
6813,6,0,2,0,0.0,closed,False,False
6812,10471,0,4,0,0.0,closed,False,False
6810,6,0,2,0,0.0,closed,False,False
6809,1206,19,11,0,0.0,closed,False,False
6808,6,0,2,0,0.0,closed,False,False
6807,6,0,1,0,0.0,closed,False,False
6806,6,0,1,0,0.0,closed,False,False
6805,6,0,2,0,0.0,closed,False,False
6804,6,0,1,0,0.0,closed,False,False
6803,6,0,2,0,0.0,closed,False,False
6802,6,0,2,0,0.0,closed,False,False
6801,6,0,2,0,0.0,closed,False,False
6800,6,0,2,0,0.0,closed,False,False
6798,6,0,2,0,0.0,closed,False,False
6797,6,0,2,0,0.0,closed,False,False
6796,10471,0,3,0,0.0,closed,False,False
6795,6,0,1,0,0.0,closed,False,False
6794,6,0,1,0,0.0,closed,False,False
6793,6,0,2,0,0.0,closed,False,False
6792,6,0,2,0,0.0,closed,False,False
6791,6,0,3,0,0.0,closed,False,False
6790,6,0,2,0,0.0,closed,False,False
6789,6,0,2,0,0.0,closed,False,False
6788,6,0,2,0,0.0,closed,False,False
6787,6,0,2,0,0.0,closed,False,False
6786,6,0,2,0,0.0,closed,False,False
6785,6,0,2,0,0.0,closed,False,False
6784,6,0,2,0,0.0,closed,False,False
6783,6,0,2,0,0.0,closed,False,False
6782,6,0,2,0,0.0,closed,False,False
6781,6,0,2,0,0.0,closed,False,False
6780,6,0,2,0,0.0,closed,False,False
6779,6,0,2,0,0.0,closed,False,False
6778,35,9,2,0,0.0,closed,True,True
6777,19,3,10,0,0.0,closed,True,True
6776,6,0,2,0,0.0,closed,False,False
6775,6,0,2,0,0.0,closed,False,False
6774,8015,11203,4,0,0.0,closed,False,False
6772,18,0,2,0,0.0,closed,False,False
6771,6,0,2,0,0.0,closed,False,False
6770,6,0,2,0,0.0,closed,False,False
6769,6,0,2,0,0.0,closed,False,False
6768,6,0,2,0,0.0,closed,False,False
6767,6,0,2,0,0.0,closed,False,False
6766,0,0,1,0,0.0,closed,False,False
6765,20,1,1,0,0.0,closed,False,False
6764,95,0,2,0,0.0,closed,False,False
6763,6,0,1,0,0.0,closed,False,False
6762,6,0,2,0,0.0,closed,False,False
6761,6,0,2,0,0.0,closed,False,False
6760,6,0,1,0,0.0,closed,False,False
6758,6,0,2,0,0.0,closed,False,False
6757,6,0,2,0,0.0,closed,False,False
6756,6,0,1,0,0.0,closed,False,False
6755,6,0,2,0,0.0,closed,False,False
6754,6,0,2,0,0.0,closed,False,False
6749,6,0,2,0,0.0,closed,False,False
6748,6,0,2,0,0.0,closed,False,False
6745,6,0,2,0,0.0,closed,False,False
6744,6,0,2,0,0.0,closed,False,False
6743,6,0,2,0,0.0,closed,False,False
6742,6,0,2,0,0.0,closed,False,False
6740,6,0,2,0,0.0,closed,False,False
6739,6,0,2,0,0.0,closed,False,False
6735,6,0,2,0,0.0,closed,False,False
6733,6,0,2,0,0.0,closed,False,False
6732,6,0,1,0,0.0,closed,False,False
6731,6,0,2,0,0.0,closed,False,False
6726,6,0,2,0,0.0,closed,False,False
6725,6,0,2,0,0.0,closed,False,False
6723,6,0,1,0,0.0,closed,False,False
6719,6,0,2,0,0.0,closed,False,False
6718,6,0,2,0,0.0,closed,False,False
6717,6,0,1,0,0.0,closed,False,False
6716,6,0,2,0,0.0,closed,False,False
6715,6,0,2,0,0.0,closed,False,False
6714,6,0,1,0,0.0,closed,False,False
6713,6,0,2,0,0.0,closed,False,False
6712,6,0,1,0,0.0,closed,False,False
6711,6,0,2,0,0.0,closed,False,False
6710,6,0,2,0,0.0,closed,False,False
6709,4,4,2,0,0.0,closed,False,False
6707,6,0,2,0,0.0,closed,False,False
6706,6,0,2,0,0.0,closed,False,False
6705,6,0,2,0,0.0,closed,False,False
6703,12,0,2,0,0.0,closed,False,False
6702,6,0,1,0,0.0,closed,False,False
6701,6,0,1,0,0.0,closed,False,False
6700,6,0,2,0,0.0,closed,False,False
6699,6,0,2,0,0.0,closed,False,False
6698,6,0,2,0,0.0,closed,False,False
6696,6,0,2,0,0.0,closed,False,False
6695,6,0,2,0,0.0,closed,False,False
6693,6,0,2,0,0.0,closed,False,False
6691,1005,1,8,0,0.0,closed,True,True
6689,6,0,1,0,0.0,closed,False,False
6688,6,0,2,0,0.0,closed,False,False
6687,6,0,2,0,0.0,closed,False,False
6686,6,0,1,0,0.0,closed,False,False
6685,6,0,2,0,0.0,closed,False,False
6684,6,0,2,0,0.0,closed,False,False
6683,6,0,2,0,0.0,closed,False,False
6682,6,0,2,0,0.0,closed,False,False
6680,33038,627161,2,0,0.0,closed,False,False
6679,6,0,2,0,0.0,closed,False,False
6678,17,8,4,8,2.0,closed,False,False
6673,6,0,1,0,0.0,closed,False,False
6672,6,0,1,0,0.0,closed,False,False
6671,6,0,2,0,0.0,closed,False,False
6669,6,0,1,0,0.0,closed,False,False
6668,6,0,1,0,0.0,closed,False,False
6667,6,0,2,0,0.0,closed,False,False
6666,6,0,2,0,0.0,closed,False,False
6665,12,0,2,0,0.0,closed,False,False
6664,6,0,2,0,0.0,closed,False,False
6663,6,0,1,0,0.0,closed,False,False
6661,6,0,2,0,0.0,closed,False,False
6660,6,0,3,0,0.0,closed,False,False
6659,6,0,2,0,0.0,closed,False,False
6658,13,4,4,3,1.5,closed,False,False
6655,6,0,2,0,0.0,closed,False,False
6654,6,0,2,0,0.0,closed,False,False
6653,8,8,2,0,0.0,closed,True,True
6651,6,0,2,0,0.0,closed,False,False
6650,2120,7750,10,10,0.30303030303030304,closed,True,True
6649,1137,13,3,0,0.0,closed,False,False
6648,6,0,2,0,0.0,closed,False,False
6647,6,0,2,0,0.0,closed,False,False
6646,6,0,2,0,0.0,closed,False,False
6644,6,0,2,0,0.0,closed,False,False
6643,1,1,1,0,0.0,closed,True,True
6642,6,0,2,0,0.0,closed,False,False
6641,6,0,2,0,0.0,closed,False,False
6640,6,0,2,0,0.0,closed,False,False
6638,6,0,2,0,0.0,closed,False,False
6637,29462,629308,2,0,0.0,closed,False,False
6636,6,0,2,0,0.0,closed,False,False
6635,6,0,2,0,0.0,closed,False,False
6634,6,0,2,0,0.0,closed,False,False
6632,6,0,2,0,0.0,closed,False,False
6631,6,0,2,0,0.0,closed,False,False
6630,6,0,2,0,0.0,closed,False,False
6629,6,0,2,0,0.0,closed,False,False
6625,6,0,2,0,0.0,closed,False,False
6624,6,0,2,0,0.0,closed,False,False
6623,6,0,2,0,0.0,closed,False,False
6622,3,3,2,0,0.0,closed,False,False
6621,6,0,1,0,0.0,closed,False,False
6620,6,0,1,0,0.0,closed,False,False
6619,6,0,2,0,0.0,closed,False,False
6618,6,0,2,0,0.0,closed,False,False
6616,8,2,3,0,0.0,closed,False,False
6615,6,0,1,0,0.0,closed,False,False
6614,6,0,2,0,0.0,closed,False,False
6613,6,0,2,0,0.0,closed,False,False
6612,6,0,1,0,0.0,closed,False,False
6610,6,0,1,0,0.0,closed,False,False
6609,6,0,2,0,0.0,closed,False,False
6607,6,0,2,0,0.0,closed,False,False
6604,6,0,2,0,0.0,closed,False,False
6603,6,0,2,0,0.0,closed,False,False
6602,21881,13,10,0,0.0,closed,False,False
6601,6,0,1,0,0.0,closed,False,False
6600,6,0,2,0,0.0,closed,False,False
6599,6,0,1,0,0.0,closed,False,False
6598,6,0,2,0,0.0,closed,False,False
6596,6,0,1,0,0.0,closed,False,False
6595,6,0,1,0,0.0,closed,False,False
6594,6,0,1,0,0.0,closed,False,False
6592,6,0,2,0,0.0,closed,False,False
6590,6,0,2,0,0.0,closed,False,False
6589,3,3,2,0,0.0,closed,False,False
6588,6,0,2,0,0.0,closed,False,False
6586,6,0,2,0,0.0,closed,False,False
6585,6,0,2,0,0.0,closed,False,False
6584,9,0,3,1,1.0,closed,False,False
6583,6,0,2,0,0.0,closed,False,False
6582,6,0,2,0,0.0,closed,False,False
6581,21,0,3,0,0.0,closed,False,False
6580,21,0,2,0,0.0,closed,False,False
6579,6,0,2,0,0.0,closed,False,False
6577,38,0,2,0,0.0,closed,False,False
6576,6,0,2,0,0.0,closed,False,False
6574,6,0,2,0,0.0,closed,False,False
6573,6,0,2,0,0.0,closed,False,False
6572,618,67,3,0,0.0,closed,False,False
6571,1,1,7,0,0.0,closed,True,True
6570,6,0,2,0,0.0,closed,False,False
6569,12,2,1,0,0.0,closed,True,True
6568,6,0,1,0,0.0,closed,False,False
6567,6,0,2,0,0.0,closed,False,False
6565,6,0,2,0,0.0,closed,False,False
6563,11,0,2,0,0.0,closed,False,False
6562,6,0,2,0,0.0,closed,False,False
6561,6,0,1,0,0.0,closed,False,False
6560,6,0,1,0,0.0,closed,False,False
6559,6,0,2,0,0.0,closed,False,False
6558,83,1,3,0,0.0,closed,True,True
6557,12,11,4,3,1.5,closed,False,False
6554,23448,8781,2,0,0.0,closed,False,False
6552,6,0,2,0,0.0,closed,False,False
6551,10112,2,2,0,0.0,closed,False,False
6550,6,0,2,0,0.0,closed,False,False
6549,6,0,2,0,0.0,closed,False,False
6547,6,0,2,0,0.0,closed,False,False
6546,6,0,1,0,0.0,closed,False,False
6545,6,0,1,0,0.0,closed,False,False
6544,6,0,2,0,0.0,closed,False,False
6542,6,0,1,0,0.0,closed,False,False
6541,6,0,1,0,0.0,closed,False,False
6540,6,0,2,0,0.0,closed,False,False
6539,6,0,2,0,0.0,closed,False,False
6536,6,0,2,0,0.0,closed,False,False
6535,9889,0,4,0,0.0,closed,False,False
6534,6,0,2,0,0.0,closed,False,False
6533,6,0,2,0,0.0,closed,False,False
6532,6,0,2,0,0.0,closed,False,False
6531,6,0,2,0,0.0,closed,False,False
6529,6,0,2,0,0.0,closed,False,False
6528,6,0,2,0,0.0,closed,False,False
6524,6,0,2,0,0.0,closed,False,False
6523,6,0,1,0,0.0,closed,False,False
6522,6,0,2,0,0.0,closed,False,False
6521,6,0,2,0,0.0,closed,False,False
6515,6,0,1,0,0.0,closed,False,False
6514,6,0,2,0,0.0,closed,False,False
6513,6,0,2,0,0.0,closed,False,False
6512,1,1,2,0,0.0,closed,True,True
6511,66,65,0,0,0.0,closed,True,True
6510,398,140,2,0,0.0,closed,True,True
6509,6,0,2,0,0.0,closed,False,False
6508,6,0,2,0,0.0,closed,False,False
6506,6,0,2,0,0.0,closed,False,False
6504,6,0,2,0,0.0,closed,False,False
6503,6,0,2,0,0.0,closed,False,False
6502,6,0,2,0,0.0,closed,False,False
6501,6,0,2,0,0.0,closed,False,False
6499,6,0,2,0,0.0,closed,False,False
6498,6,0,2,0,0.0,closed,False,False
6497,669,404,14,0,0.0,closed,True,True
6496,6,0,1,0,0.0,closed,False,False
6495,26,1,3,8,1.1428571428571428,closed,False,False
6494,6,0,1,0,0.0,closed,False,False
6493,6,0,2,0,0.0,closed,False,False
6492,6,0,2,0,0.0,closed,False,False
6491,6,0,2,0,0.0,closed,False,False
6490,6,0,2,0,0.0,closed,False,False
6489,6,0,2,0,0.0,closed,False,False
6488,6,0,2,0,0.0,closed,False,False
6487,6,0,2,0,0.0,closed,False,False
6486,9906,0,3,0,0.0,closed,False,False
6485,1425,152,30,3,0.21428571428571427,closed,True,True
6484,766916,756059,3,0,0.0,closed,False,False
6482,766433,756059,3,0,0.0,closed,False,False
6481,6,0,1,0,0.0,closed,False,False
6480,6,0,1,0,0.0,closed,False,False
6479,6,0,2,0,0.0,closed,False,False
6477,6,0,2,0,0.0,closed,False,False
6476,6,0,2,0,0.0,closed,False,False
6475,6,0,2,0,0.0,closed,False,False
6474,6,0,1,0,0.0,closed,False,False
6473,6,0,1,0,0.0,closed,False,False
6472,6,0,2,0,0.0,closed,False,False
6471,6,0,2,0,0.0,closed,False,False
6470,6,0,2,0,0.0,closed,False,False
6469,6,0,2,0,0.0,closed,False,False
6467,6,0,2,0,0.0,closed,False,False
6466,6,0,2,0,0.0,closed,False,False
6465,6,0,1,0,0.0,closed,False,False
6464,6,0,2,0,0.0,closed,False,False
6463,6,0,2,0,0.0,closed,False,False
6462,6,0,2,0,0.0,closed,False,False
6461,6,0,1,0,0.0,closed,False,False
6460,6,0,2,0,0.0,closed,False,False
6459,6,0,1,0,0.0,closed,False,False
6457,6,0,2,0,0.0,closed,False,False
6456,6,0,1,0,0.0,closed,False,False
6455,6,0,2,0,0.0,closed,False,False
6454,6,0,1,0,0.0,closed,False,False
6452,6,0,2,0,0.0,closed,False,False
6450,6,0,2,0,0.0,closed,False,False
6449,6,0,3,0,0.0,closed,False,False
6448,21,25,3,0,0.0,closed,False,False
6447,6,0,2,0,0.0,closed,False,False
6446,6,0,2,0,0.0,closed,False,False
6445,6,0,1,0,0.0,closed,False,False
6444,3,3,1,0,0.0,closed,False,False
6443,6,0,2,0,0.0,closed,False,False
6442,6,0,1,0,0.0,closed,False,False
6441,6,0,2,0,0.0,closed,False,False
6440,6,0,2,0,0.0,closed,False,False
6439,6,0,1,0,0.0,closed,False,False
6437,6,0,1,0,0.0,closed,False,False
6436,6,0,2,0,0.0,closed,False,False
6431,6,0,2,0,0.0,closed,False,False
6430,3,3,1,0,0.0,closed,False,False
6429,6,0,2,0,0.0,closed,False,False
6428,6,0,1,0,0.0,closed,False,False
6427,6,0,1,0,0.0,closed,False,False
6426,6,0,2,0,0.0,closed,False,False
6425,6,0,1,0,0.0,closed,False,False
6424,6,0,1,0,0.0,closed,False,False
6423,6,0,1,0,0.0,closed,False,False
6422,6,0,1,0,0.0,closed,False,False
6421,6,0,2,0,0.0,closed,False,False
6420,6,0,2,0,0.0,closed,False,False
6419,6,0,2,0,0.0,closed,False,False
6418,6,0,1,0,0.0,closed,False,False
6417,6,0,3,0,0.0,closed,False,False
6416,6,0,2,0,0.0,closed,False,False
6415,6,0,2,0,0.0,closed,False,False
6414,6,0,2,0,0.0,closed,False,False
6413,6,0,2,0,0.0,closed,False,False
6412,6,0,2,0,0.0,closed,False,False
6411,12,0,1,0,0.0,closed,False,False
6410,6,0,2,0,0.0,closed,False,False
6409,6,0,2,0,0.0,closed,False,False
6407,6,0,1,0,0.0,closed,False,False
6406,6,0,1,0,0.0,closed,False,False
6405,6,0,2,0,0.0,closed,False,False
6404,12,0,2,0,0.0,closed,False,False
6403,6,0,2,0,0.0,closed,False,False
6402,6,0,2,0,0.0,closed,False,False
6401,6,0,2,0,0.0,closed,False,False
6400,9937,0,2,0,0.0,closed,False,False
6399,6,0,1,0,0.0,closed,False,False
6398,6,0,2,0,0.0,closed,False,False
6396,6,0,2,0,0.0,closed,False,False
6395,6,0,1,0,0.0,closed,False,False
6394,6,0,2,0,0.0,closed,False,False
6393,6,0,2,0,0.0,closed,False,False
6392,6,0,2,0,0.0,closed,False,False
6390,6,0,2,0,0.0,closed,False,False
6389,6,0,2,0,0.0,closed,False,False
6388,6,0,1,0,0.0,closed,False,False
6387,6,0,2,0,0.0,closed,False,False
6385,6,0,2,0,0.0,closed,False,False
6384,6,0,1,0,0.0,closed,False,False
6383,22,11,2,0,0.0,closed,False,False
6382,6,0,2,0,0.0,closed,False,False
6381,6,0,1,0,0.0,closed,False,False
6380,6,0,1,0,0.0,closed,False,False
6379,22,1,1,2,2.0,closed,True,True
6378,6,0,2,0,0.0,closed,True,True
6377,6,0,1,0,0.0,closed,False,False
6376,6,0,1,0,0.0,closed,False,False
6375,6,0,2,0,0.0,closed,False,False
6374,6,0,1,0,0.0,closed,False,False
6373,6,0,2,0,0.0,closed,False,False
6372,6,0,2,0,0.0,closed,False,False
6371,6,0,1,0,0.0,closed,False,False
6370,6,0,2,0,0.0,closed,False,False
6369,6,0,2,0,0.0,closed,False,False
6368,6,0,2,0,0.0,closed,False,False
6366,6,0,1,0,0.0,closed,False,False
6365,9968,0,3,0,0.0,closed,False,False
6364,6,0,2,0,0.0,closed,False,False
6363,6,0,1,0,0.0,closed,False,False
6362,6,0,2,0,0.0,closed,False,False
6359,6,0,2,0,0.0,closed,False,False
6358,6,0,2,0,0.0,closed,False,False
6357,6,0,2,0,0.0,closed,False,False
6356,6,0,2,0,0.0,closed,False,False
6355,6,0,2,0,0.0,closed,False,False
6354,6,0,2,0,0.0,closed,False,False
6348,6,0,2,0,0.0,closed,False,False
6347,6,0,2,0,0.0,closed,False,False
6346,6,0,1,0,0.0,closed,False,False
6345,6,0,1,0,0.0,closed,False,False
6344,6,0,2,0,0.0,closed,False,False
6343,6,0,2,0,0.0,closed,False,False
6342,0,0,10,0,0,closed,False,False
6341,6,0,2,0,0.0,closed,False,False
6340,6,0,1,0,0.0,closed,False,False
6339,6,0,1,0,0.0,closed,False,False
6338,6,0,1,0,0.0,closed,False,False
6337,6,0,2,0,0.0,closed,False,False
6335,584,514,10,0,0.0,closed,True,True
6334,6,0,2,0,0.0,closed,False,False
6332,6,0,1,0,0.0,closed,False,False
6331,6,0,1,0,0.0,closed,False,False
6330,6,0,1,0,0.0,closed,False,False
6329,6,0,2,0,0.0,closed,False,False
6328,6,0,2,0,0.0,closed,False,False
6326,6,0,2,0,0.0,closed,False,False
6325,6,0,2,0,0.0,closed,False,False
6324,2,2,2,4,1.0,closed,True,True
6323,6,0,2,0,0.0,closed,False,False
6322,6,0,1,0,0.0,closed,False,False
6321,6,0,2,0,0.0,closed,False,False
6319,133,1,3,4,4.0,closed,False,False
6318,6,0,2,0,0.0,closed,False,False
6317,9943,0,2,0,0.0,closed,False,False
6316,6,0,1,0,0.0,closed,False,False
6315,6,0,2,0,0.0,closed,False,False
6314,6,0,2,0,0.0,closed,False,False
6313,55,134,1,0,0.0,closed,True,True
6312,6,0,1,0,0.0,closed,False,False
6311,6,0,2,0,0.0,closed,False,False
6310,6,0,2,0,0.0,closed,False,False
6309,6,0,1,0,0.0,closed,False,False
6308,6,0,3,0,0.0,closed,False,False
6307,6,0,2,0,0.0,closed,False,False
6306,12,0,3,0,0.0,closed,False,False
6305,6,0,2,0,0.0,closed,False,False
6304,6,0,2,0,0.0,closed,False,False
6303,6,0,2,0,0.0,closed,False,False
6302,6,0,2,0,0.0,closed,False,False
6301,6,0,2,0,0.0,closed,False,False
6300,6,0,2,0,0.0,closed,False,False
6299,6,0,2,0,0.0,closed,False,False
6298,6,0,2,0,0.0,closed,False,False
6297,6,0,1,0,0.0,closed,False,False
6296,6,0,2,0,0.0,closed,False,False
6295,6,0,1,0,0.0,closed,False,False
6294,6,0,1,0,0.0,closed,False,False
6293,12,0,2,0,0.0,closed,False,False
6292,6,0,2,0,0.0,closed,False,False
6289,6,0,2,0,0.0,closed,False,False
6288,6,0,2,0,0.0,closed,False,False
6287,6,0,1,0,0.0,closed,False,False
6286,6,0,2,0,0.0,closed,False,False
6285,6,0,2,0,0.0,closed,False,False
6284,2,0,2,0,0.0,closed,True,True
6282,6,0,2,0,0.0,closed,False,False
6281,6,0,2,0,0.0,closed,False,False
6280,6,0,2,0,0.0,closed,False,False
6279,6,0,1,0,0.0,closed,False,False
6278,6,0,1,0,0.0,closed,False,False
6277,6,0,2,0,0.0,closed,False,False
6276,12,0,2,0,0.0,closed,False,False
6274,82,128,3,0,0.0,closed,True,True
6273,6,0,1,0,0.0,closed,False,False
6272,9937,0,2,0,0.0,closed,False,False
6270,6,0,2,0,0.0,closed,False,False
6269,6,0,2,0,0.0,closed,False,False
6268,6,0,1,0,0.0,closed,False,False
6267,6,0,2,0,0.0,closed,False,False
6266,6,0,2,0,0.0,closed,False,False
6265,6,0,2,0,0.0,closed,False,False
6264,6,0,2,0,0.0,closed,False,False
6263,6,0,2,0,0.0,closed,False,False
6262,4,1,2,0,0.0,closed,False,False
6260,6,0,1,0,0.0,closed,False,False
6259,6,0,1,0,0.0,closed,True,True
6258,6,0,2,0,0.0,closed,False,False
6257,6,0,2,0,0.0,closed,False,False
6255,6,0,2,0,0.0,closed,False,False
6254,6,0,1,0,0.0,closed,False,False
6250,6,0,2,0,0.0,closed,False,False
6249,6,0,1,0,0.0,closed,False,False
6248,6,0,2,0,0.0,closed,False,False
6247,6,0,2,0,0.0,closed,False,False
6246,6,0,2,0,0.0,closed,False,False
6245,6,0,2,0,0.0,closed,False,False
6244,6,0,2,0,0.0,closed,False,False
6243,6,0,1,0,0.0,closed,False,False
6242,6,0,1,0,0.0,closed,False,False
6241,6,0,2,0,0.0,closed,False,False
6240,6,0,2,0,0.0,closed,False,False
6239,6,0,2,0,0.0,closed,False,False
6238,6,0,1,0,0.0,closed,False,False
6237,6,0,2,0,0.0,closed,False,False
6236,1,1,2,0,0.0,closed,True,True
6235,6,0,1,0,0.0,closed,False,False
6234,6,0,1,0,0.0,closed,False,False
6233,6,0,1,0,0.0,closed,False,False
6232,6,0,1,0,0.0,closed,False,False
6231,6,0,1,0,0.0,closed,False,False
6229,6,0,2,0,0.0,closed,False,False
6228,6,0,3,0,0.0,closed,False,False
6227,6,0,2,0,0.0,closed,False,False
6226,6,0,2,0,0.0,closed,False,False
6225,6,0,2,0,0.0,closed,False,False
6224,6,0,2,0,0.0,closed,False,False
6223,6,0,2,0,0.0,closed,False,False
6222,6,0,1,0,0.0,closed,False,False
6221,6,0,1,0,0.0,closed,False,False
6220,6,0,1,0,0.0,closed,False,False
6219,6,0,1,0,0.0,closed,False,False
6218,6,0,2,0,0.0,closed,False,False
6217,6,0,1,0,0.0,closed,False,False
6216,6,0,2,0,0.0,closed,False,False
6214,6,0,2,0,0.0,closed,False,False
6213,6,0,2,0,0.0,closed,False,False
6211,13,6,1,0,0.0,closed,False,False
6210,6,0,2,0,0.0,closed,False,False
6209,6,0,1,0,0.0,closed,False,False
6208,0,212,0,0,0.0,closed,False,False
6207,6,0,2,0,0.0,closed,False,False
6206,6,0,2,0,0.0,closed,False,False
6205,6,0,2,0,0.0,closed,False,False
6204,6,0,1,0,0.0,closed,False,False
6203,2,1,4,0,0.0,closed,True,True
6202,6,0,1,0,0.0,closed,False,False
6201,6,0,2,0,0.0,closed,False,False
6199,6,0,3,0,0.0,closed,False,False
6198,6,0,2,0,0.0,closed,False,False
6196,12,0,1,0,0.0,closed,False,False
6195,6,0,2,0,0.0,closed,False,False
6194,6,0,3,0,0.0,closed,False,False
6192,6,0,1,0,0.0,closed,False,False
6190,6,0,2,0,0.0,closed,False,False
6189,6,0,1,0,0.0,closed,False,False
6188,6,0,2,0,0.0,closed,False,False
6187,6,0,1,0,0.0,closed,False,False
6186,6,0,1,0,0.0,closed,False,False
6184,6,0,2,0,0.0,closed,False,False
6183,6,0,2,0,0.0,closed,False,False
6182,6,0,2,0,0.0,closed,False,False
6180,6,0,2,0,0.0,closed,False,False
6179,6,0,2,0,0.0,closed,False,False
6178,6,0,1,0,0.0,closed,False,False
6177,6,0,1,0,0.0,closed,False,False
6176,6,0,2,0,0.0,closed,False,False
6175,6,0,2,0,0.0,closed,False,False
6174,6,0,1,0,0.0,closed,False,False
6172,6,0,1,0,0.0,closed,False,False
6170,6,0,1,0,0.0,closed,False,False
6169,6,0,1,0,0.0,closed,False,False
6168,6,0,2,0,0.0,closed,False,False
6167,6,0,1,0,0.0,closed,False,False
6166,6,0,2,0,0.0,closed,False,False
6164,2429126,0,2,0,0.0,closed,False,False
6162,6,0,2,0,0.0,closed,False,False
6161,6,0,2,0,0.0,closed,False,False
6160,1235,0,2,0,0.0,closed,False,False
6159,220,8,2,0,0.0,closed,False,False
6158,6,0,2,0,0.0,closed,False,False
6157,6,0,1,0,0.0,closed,False,False
6156,6,0,2,0,0.0,closed,False,False
6155,6,0,1,0,0.0,closed,False,False
6154,6,0,1,0,0.0,closed,False,False
6153,6,0,2,0,0.0,closed,False,False
6152,6,0,1,0,0.0,closed,False,False
6151,6,0,2,0,0.0,closed,False,False
6150,6,0,2,0,0.0,closed,False,False
6149,6,0,2,0,0.0,closed,False,False
6148,6,0,2,0,0.0,closed,False,False
6147,102,38,1,0,0.0,closed,True,True
6146,6,0,2,0,0.0,closed,False,False
6145,6,0,2,0,0.0,closed,False,False
6144,6,0,2,0,0.0,closed,False,False
6143,6,0,2,0,0.0,closed,False,False
6142,6,0,1,0,0.0,closed,False,False
6141,6,0,2,0,0.0,closed,False,False
6140,6,0,2,0,0.0,closed,False,False
6138,6,0,3,0,0.0,closed,False,False
6137,6,0,1,0,0.0,closed,False,False
6136,6,0,1,0,0.0,closed,False,False
6134,6,0,2,0,0.0,closed,False,False
6132,6,0,2,0,0.0,closed,False,False
6131,6,0,1,0,0.0,closed,False,False
6130,6,0,2,0,0.0,closed,False,False
6129,6,0,2,0,0.0,closed,False,False
6128,6,0,1,0,0.0,closed,False,False
6127,1,1,1,0,0.0,closed,True,True
6125,6,0,1,0,0.0,closed,True,True
6124,6,0,1,0,0.0,closed,True,True
6121,6,0,1,0,0.0,closed,True,True
6120,7,1,1,0,0.0,closed,False,False
6119,6,0,1,0,0.0,closed,True,True
6118,6,0,1,0,0.0,closed,True,True
6117,6,0,2,0,0.0,closed,False,False
6116,6,0,2,0,0.0,closed,False,False
6114,6,0,2,0,0.0,closed,False,False
6112,6,0,2,0,0.0,closed,False,False
6111,6,0,2,0,0.0,closed,False,False
6110,6,0,2,0,0.0,closed,False,False
6109,6,0,2,0,0.0,closed,False,False
6108,1,1,1,2,2.0,closed,True,True
6107,6,0,1,0,0.0,closed,True,True
6105,6,0,1,0,0.0,closed,True,True
6104,6,0,1,0,0.0,closed,True,True
6103,6,0,1,0,0.0,closed,False,False
6102,6,0,1,0,0.0,closed,True,True
6100,6,0,1,0,0.0,closed,False,False
6099,6,0,1,0,0.0,closed,True,True
6098,6,0,1,0,0.0,closed,False,False
6096,1,1,1,0,0.0,closed,True,True
6095,22,0,1,0,0.0,closed,False,False
6094,6,0,1,0,0.0,closed,True,True
6093,6,0,1,0,0.0,closed,False,False
6092,6,0,1,0,0.0,closed,True,True
6091,6,0,1,0,0.0,closed,True,True
6088,6,0,1,0,0.0,closed,True,True
6087,6,0,1,0,0.0,closed,True,True
6086,6,0,1,0,0.0,closed,False,False
6085,6,0,1,0,0.0,closed,False,False
6084,6,0,1,0,0.0,closed,True,True
6082,6,0,1,0,0.0,closed,True,True
6080,6,0,1,0,0.0,closed,True,True
6079,6,0,1,0,0.0,closed,False,False
6078,6,0,1,0,0.0,closed,False,False
6077,6,0,1,0,0.0,closed,True,True
6076,6,0,1,0,0.0,closed,False,False
6073,6,0,1,0,0.0,closed,False,False
6072,7,0,1,0,0.0,closed,True,True
6071,6,0,1,0,0.0,closed,False,False
6070,6,0,1,0,0.0,closed,False,False
6069,6,0,1,0,0.0,closed,True,True
6068,3,3,1,0,0.0,closed,True,True
6067,6,0,1,0,0.0,closed,False,False
6066,6,0,1,0,0.0,closed,True,True
6065,6,0,1,0,0.0,closed,True,True
6064,6,0,1,0,0.0,closed,True,True
6063,18356,18332,2,0,0.0,closed,True,True
6062,6,0,1,0,0.0,closed,False,False
6061,6,0,1,0,0.0,closed,True,True
6060,6,0,1,0,0.0,closed,False,False
6059,62009,57748,2,0,0.0,closed,True,True
6058,6,0,1,0,0.0,closed,True,True
6057,6,0,1,0,0.0,closed,True,True
6056,6,0,1,0,0.0,closed,True,True
6055,6,0,1,0,0.0,closed,True,True
6054,68,44,1,0,0.0,closed,False,False
6053,6,0,1,0,0.0,closed,True,True
6052,1,1,1,0,0.0,closed,False,False
6051,6,0,1,0,0.0,closed,False,False
6049,6,0,1,0,0.0,closed,False,False
6048,9937,0,4,0,0.0,closed,False,False
6047,6,0,1,0,0.0,closed,False,False
6046,6,0,1,0,0.0,closed,False,False
6045,6,0,1,0,0.0,closed,False,False
6044,6,0,1,0,0.0,closed,True,True
6043,6,0,1,0,0.0,closed,True,True
6042,6,0,1,0,0.0,closed,True,True
6041,6,0,1,0,0.0,closed,True,True
6040,6,0,1,0,0.0,closed,False,False
6039,6,0,1,0,0.0,closed,True,True
6038,12,0,2,0,0.0,closed,True,True
6037,6,0,1,0,0.0,closed,True,True
6036,6,0,1,0,0.0,closed,False,False
6035,6,0,1,0,0.0,closed,True,True
6033,6,0,2,0,0.0,closed,False,False
6032,6,0,2,0,0.0,closed,False,False
6031,6,0,1,0,0.0,closed,True,True
6030,6,0,1,0,0.0,closed,True,True
6029,6,0,1,0,0.0,closed,True,True
6028,6,0,1,0,0.0,closed,True,True
6027,6,0,1,0,0.0,closed,True,True
6026,66,8,1,0,0.0,closed,False,False
6025,6,0,1,0,0.0,closed,False,False
6024,6,0,1,0,0.0,closed,False,False
6023,6,0,1,0,0.0,closed,True,True
6022,6,0,1,0,0.0,closed,False,False
6021,74,2,1,0,0.0,closed,True,True
6020,6,0,1,0,0.0,closed,False,False
6019,6,0,1,0,0.0,closed,False,False
6018,6,0,1,0,0.0,closed,False,False
6017,12,0,1,0,0.0,closed,False,False
6016,6,0,1,0,0.0,closed,True,True
6015,6,0,1,0,0.0,closed,True,True
6014,6,0,1,0,0.0,closed,False,False
6013,6,0,1,0,0.0,closed,True,True
6012,6,0,1,0,0.0,closed,True,True
6011,6,0,2,0,0.0,closed,False,False
6010,6,0,2,0,0.0,closed,False,False
6009,755632,746981,3,0,0.0,closed,False,False
6008,6,0,1,0,0.0,closed,False,False
6007,6,0,1,0,0.0,closed,True,True
6006,6,0,1,0,0.0,closed,False,False
6005,6,0,1,0,0.0,closed,True,True
6004,6,0,1,0,0.0,closed,False,False
6003,6,0,1,0,0.0,closed,True,True
6002,6,0,1,0,0.0,closed,False,False
6001,12,0,1,0,0.0,closed,False,False
6000,6,0,1,0,0.0,closed,False,False
5999,6,0,1,0,0.0,closed,False,False
5998,6,0,1,0,0.0,closed,False,False
5997,18,0,1,0,0.0,closed,False,False
5996,6,0,1,0,0.0,closed,True,True
5995,6,0,1,0,0.0,closed,True,True
5994,6,0,1,0,0.0,closed,True,True
5993,6,0,1,0,0.0,closed,True,True
5992,6,0,1,0,0.0,closed,True,True
5990,6,0,1,0,0.0,closed,True,True
5989,6,0,1,0,0.0,closed,True,True
5987,6,0,2,0,0.0,closed,False,False
5986,36,1,2,2,1.0,closed,False,False
5985,6,0,1,0,0.0,closed,True,True
5984,6,0,1,0,0.0,closed,True,True
5983,6,0,1,0,0.0,closed,False,False
5982,6,0,1,0,0.0,closed,True,True
5981,6,0,1,0,0.0,closed,False,False
5979,6,0,1,0,0.0,closed,True,True
5978,5,5,2,1,0.3333333333333333,closed,False,False
5977,6,0,1,0,0.0,closed,True,True
5976,6,0,1,0,0.0,closed,True,True
5975,2,1,1,0,0.0,closed,True,True
5974,9336,1,1,0,0.0,closed,True,True
5973,9929,0,3,0,0.0,closed,False,False
5972,6,0,1,0,0.0,closed,True,True
5971,6,0,1,0,0.0,closed,True,True
5970,6,0,1,0,0.0,closed,True,True
5969,6,0,1,0,0.0,closed,True,True
5968,10755,6771,3,0,0.0,closed,False,False
5967,6,0,1,0,0.0,closed,False,False
5966,6,1,4,0,0.0,closed,True,True
5965,6,1,11,0,0.0,closed,True,True
5964,2,2,4,0,0.0,closed,False,False
5963,6,0,1,0,0.0,closed,True,True
5962,6,0,1,0,0.0,closed,False,False
5961,6,0,1,0,0.0,closed,True,True
5960,6,0,1,0,0.0,closed,True,True
5959,6,0,1,0,0.0,closed,True,True
5958,6,0,1,0,0.0,closed,True,True
5957,6,0,1,0,0.0,closed,True,True
5956,6,0,1,0,0.0,closed,True,True
5955,6,0,1,0,0.0,closed,True,True
5954,6,0,1,0,0.0,closed,True,True
5953,6,0,1,0,0.0,closed,True,True
5952,22,31,1,0,0.0,closed,False,False
5951,6,0,1,0,0.0,closed,True,True
5950,6,0,1,0,0.0,closed,True,True
5949,6,0,1,0,0.0,closed,True,True
5948,132,52,3,0,0.0,closed,False,False
5947,9951,9,2,0,0.0,closed,False,False
5946,6,0,1,0,0.0,closed,False,False
5945,6,6,2,0,0.0,closed,False,False
5944,6,0,1,0,0.0,closed,True,True
5943,6,0,1,0,0.0,closed,False,False
5942,6,0,1,0,0.0,closed,False,False
5941,6,0,1,0,0.0,closed,True,True
5940,6,0,1,0,0.0,closed,True,True
5939,6,0,1,0,0.0,closed,False,False
5938,6,0,1,0,0.0,closed,True,True
5937,6,0,1,0,0.0,closed,True,True
5936,6,0,1,0,0.0,closed,True,True
5935,6,0,1,0,0.0,closed,True,True
5934,6,0,1,0,0.0,closed,True,True
5933,6,0,1,0,0.0,closed,True,True
5932,6,0,1,0,0.0,closed,True,True
5931,6,0,1,0,0.0,closed,True,True
5930,6,0,1,0,0.0,closed,False,False
5929,6,0,1,0,0.0,closed,False,False
5927,6,0,1,0,0.0,closed,False,False
5926,6,0,1,0,0.0,closed,False,False
5925,6,0,1,0,0.0,closed,False,False
5924,6,0,1,0,0.0,closed,False,False
5923,6,0,1,0,0.0,closed,True,True
5922,6,0,1,0,0.0,closed,True,True
5921,6,0,1,0,0.0,closed,True,True
5920,6,0,1,0,0.0,closed,True,True
5919,6,0,1,0,0.0,closed,True,True
5918,6,0,1,0,0.0,closed,True,True
5917,6,0,1,0,0.0,closed,True,True
5916,6,0,1,0,0.0,closed,False,False
5915,6,0,1,0,0.0,closed,False,False
5913,6,0,1,0,0.0,closed,True,True
5912,6,0,1,0,0.0,closed,True,True
5911,6,0,1,0,0.0,closed,True,True
5908,6,0,1,0,0.0,closed,False,False
5907,6,0,1,0,0.0,closed,False,False
5906,6,0,1,0,0.0,closed,True,True
5905,6,0,1,0,0.0,closed,False,False
5904,6,0,1,0,0.0,closed,True,True
5903,6,0,1,0,0.0,closed,True,True
5902,6,0,1,0,0.0,closed,False,False
5900,6,0,1,0,0.0,closed,True,True
5899,6,0,1,0,0.0,closed,True,True
5898,6,0,1,0,0.0,closed,True,True
5897,6,0,1,0,0.0,closed,True,True
5895,6,0,1,0,0.0,closed,True,True
5894,6,0,1,0,0.0,closed,False,False
5893,6,0,1,0,0.0,closed,False,False
5892,6,0,1,0,0.0,closed,False,False
5891,6,0,1,0,0.0,closed,False,False
5890,9937,0,3,0,0.0,closed,False,False
5886,6,0,1,0,0.0,closed,True,True
5884,6,0,1,0,0.0,closed,True,True
5882,6,0,1,0,0.0,closed,False,False
5881,9931,0,2,0,0.0,closed,False,False
5880,6,0,1,0,0.0,closed,True,True
5879,6,0,1,0,0.0,closed,False,False
5878,6,0,1,0,0.0,closed,False,False
5877,6,0,1,0,0.0,closed,True,True
5876,6,0,1,0,0.0,closed,True,True
5875,6,0,1,0,0.0,closed,True,True
5874,6,0,1,0,0.0,closed,True,True
5873,5,0,1,0,0.0,closed,False,False
5872,6,0,1,0,0.0,closed,True,True
5871,5,5,1,0,0.0,closed,True,True
5870,6,0,1,0,0.0,closed,True,True
5869,6,0,1,0,0.0,closed,True,True
5868,2,2,2,1,0.5,closed,True,True
5867,6,0,1,0,0.0,closed,True,True
5866,6,0,1,0,0.0,closed,True,True
5865,6,0,1,0,0.0,closed,True,True
5864,6,0,1,0,0.0,closed,True,True
5863,6,0,1,0,0.0,closed,False,False
5862,6,0,1,0,0.0,closed,False,False
5861,6,0,1,0,0.0,closed,True,True
5860,6,0,1,0,0.0,closed,True,True
5859,6,0,1,0,0.0,closed,False,False
5858,6,0,1,0,0.0,closed,False,False
5857,6,0,1,0,0.0,closed,True,True
5856,6,0,1,0,0.0,closed,True,True
5855,6,0,1,0,0.0,closed,False,False
5854,6,0,1,0,0.0,closed,True,True
5852,6,0,1,0,0.0,closed,False,False
5851,6,0,1,0,0.0,closed,True,True
5850,6,0,1,0,0.0,closed,False,False
5849,6,0,1,0,0.0,closed,False,False
5848,6,0,1,0,0.0,closed,True,True
5847,6,0,1,0,0.0,closed,True,True
5846,6,0,1,0,0.0,closed,False,False
5845,6,0,1,0,0.0,closed,True,True
5844,6,0,2,0,0.0,closed,True,True
5843,6,0,1,0,0.0,closed,True,True
5842,6,0,1,0,0.0,closed,True,True
5841,6,0,1,0,0.0,closed,True,True
5840,6,0,1,0,0.0,closed,False,False
5839,6,0,1,0,0.0,closed,True,True
5837,6,0,1,0,0.0,closed,True,True
5836,6,0,1,0,0.0,closed,False,False
5835,6,0,1,0,0.0,closed,True,True
5834,6,0,1,0,0.0,closed,True,True
5833,6,0,1,0,0.0,closed,True,True
5832,6,0,1,0,0.0,closed,True,True
5831,6,0,1,0,0.0,closed,True,True
5830,6,0,1,0,0.0,closed,True,True
5829,6,0,1,0,0.0,closed,False,False
5828,6,0,1,0,0.0,closed,True,True
5827,6,0,1,0,0.0,closed,True,True
5826,6,0,1,0,0.0,closed,True,True
5825,6,0,1,0,0.0,closed,True,True
5824,6,0,1,0,0.0,closed,True,True
5822,406,35,2,0,0.0,closed,False,False
5821,6,0,1,0,0.0,closed,True,True
5820,2,2,1,0,0.0,closed,False,False
5819,10120,0,4,0,0.0,closed,False,False
5818,10120,0,2,0,0.0,closed,False,False
5817,6,0,1,0,0.0,closed,False,False
5816,6,0,1,0,0.0,closed,True,True
5815,6,0,1,0,0.0,closed,True,True
5814,6,0,1,0,0.0,closed,True,True
5813,1,1,1,0,0.0,closed,True,True
5812,6,0,1,0,0.0,closed,False,False
5808,6,0,1,0,0.0,closed,True,True
5807,6,0,1,0,0.0,closed,False,False
5806,6,0,1,0,0.0,closed,True,True
5805,5,5,1,0,0.0,closed,True,True
5804,6,0,1,0,0.0,closed,True,True
5803,6,0,1,0,0.0,closed,False,False
5802,6,0,1,0,0.0,closed,False,False
5801,6,0,1,0,0.0,closed,True,True
5800,6,0,1,0,0.0,closed,False,False
5799,6,0,1,0,0.0,closed,True,True
5798,6,0,1,0,0.0,closed,True,True
5797,6,0,1,0,0.0,closed,True,True
5796,6,0,1,0,0.0,closed,False,False
5795,6,0,1,0,0.0,closed,False,False
5794,6,0,1,0,0.0,closed,False,False
5793,6,0,1,0,0.0,closed,True,True
5792,6,0,1,0,0.0,closed,False,False
5791,6,0,1,0,0.0,closed,False,False
5790,6,0,1,0,0.0,closed,False,False
5789,6,0,1,0,0.0,closed,True,True
5788,6,0,1,0,0.0,closed,False,False
5785,1,1,1,0,0.0,closed,True,True
5784,6,0,1,0,0.0,closed,True,True
5783,6,0,1,0,0.0,closed,True,True
5781,6,0,1,0,0.0,closed,True,True
5780,6,0,1,0,0.0,closed,True,True
5779,6,0,1,0,0.0,closed,True,True
5777,6,0,1,0,0.0,closed,True,True
5776,6,0,1,0,0.0,closed,True,True
5775,6,0,1,0,0.0,closed,False,False
5774,6,0,1,0,0.0,closed,False,False
5773,31288,1300,3,0,0.0,closed,False,False
5772,6,0,1,0,0.0,closed,True,True
5771,6,0,1,0,0.0,closed,True,True
5770,6,0,1,0,0.0,closed,True,True
5769,6,0,1,0,0.0,closed,True,True
5768,6,0,1,0,0.0,closed,True,True
5767,6,0,1,0,0.0,closed,True,True
5766,6,0,2,0,0.0,closed,True,True
5765,6,0,1,0,0.0,closed,True,True
5764,6,0,1,0,0.0,closed,True,True
5763,6,0,2,0,0.0,closed,False,False
5759,18,6,1,0,0.0,closed,True,True
5758,6,0,1,0,0.0,closed,True,True
5757,6,0,1,0,0.0,closed,True,True
5755,6,0,1,0,0.0,closed,True,True
5754,6,0,1,0,0.0,closed,True,True
5753,18,0,1,0,0.0,closed,False,False
5752,6,0,1,0,0.0,closed,True,True
5750,6,0,1,0,0.0,closed,True,True
5749,6,0,1,0,0.0,closed,True,True
5748,6,0,1,0,0.0,closed,False,False
5747,6,0,1,0,0.0,closed,True,True
5746,6,0,1,0,0.0,closed,True,True
5745,6,0,1,0,0.0,closed,False,False
5744,6,0,1,0,0.0,closed,True,True
5743,6,0,1,0,0.0,closed,True,True
5742,6,0,1,0,0.0,closed,False,False
5741,6,0,1,0,0.0,closed,False,False
5740,6,0,1,0,0.0,closed,False,False
5739,6,0,1,0,0.0,closed,True,True
5738,6,0,1,0,0.0,closed,False,False
5737,6,0,1,0,0.0,closed,True,True
5736,236,151,3,0,0.0,closed,True,True
5735,6,0,1,0,0.0,closed,True,True
5734,6,0,1,0,0.0,closed,False,False
5733,6,0,1,0,0.0,closed,True,True
5732,6,0,1,0,0.0,closed,True,True
5731,6,6,1,0,0.0,closed,True,True
5730,6,0,1,0,0.0,closed,True,True
5728,0,0,5,0,0.0,closed,False,False
5727,6,0,1,0,0.0,closed,False,False
5726,6,0,1,0,0.0,closed,False,False
5725,6,0,1,0,0.0,closed,True,True
5723,15413,25,15,0,0.0,closed,False,False
5722,3,25,1,0,0.0,closed,False,False
5721,2,6,1,0,0.0,closed,True,True
5720,3,1,1,0,0.0,closed,True,True
5719,6,0,1,0,0.0,closed,True,True
5718,6,0,1,0,0.0,closed,False,False
5717,6,0,1,0,0.0,closed,True,True
5716,12,0,1,0,0.0,closed,False,False
5715,1,1,1,0,0.0,closed,True,True
5714,6,0,1,0,0.0,closed,True,True
5713,6,0,1,0,0.0,closed,True,True
5711,6,0,1,0,0.0,closed,True,True
5710,6,0,1,0,0.0,closed,False,False
5707,6,0,1,0,0.0,closed,True,True
5706,6,0,1,0,0.0,closed,True,True
5704,6,0,1,0,0.0,closed,True,True
5703,49363,7,2,0,0.0,closed,False,False
5702,6,0,1,0,0.0,closed,False,False
5701,6,0,1,0,0.0,closed,False,False
5700,1,1,1,0,0.0,closed,True,True
5699,6,0,1,0,0.0,closed,False,False
5698,6,0,1,0,0.0,closed,True,True
5697,6,0,1,0,0.0,closed,True,True
5696,6,0,1,0,0.0,closed,True,True
5695,6,0,1,0,0.0,closed,False,False
5694,62,0,9,0,0.0,closed,False,False
5693,6,0,1,0,0.0,closed,True,True
5692,6,0,1,0,0.0,closed,True,True
5691,6,0,1,0,0.0,closed,False,False
5690,6,0,1,0,0.0,closed,True,True
5689,6,0,1,0,0.0,closed,True,True
5688,6,0,1,0,0.0,closed,True,True
5687,6,0,1,0,0.0,closed,False,False
5686,6,0,1,0,0.0,closed,False,False
5685,6,0,2,0,0.0,closed,False,False
5684,6,0,1,0,0.0,closed,False,False
5683,6,0,1,0,0.0,closed,True,True
5682,6,0,1,0,0.0,closed,False,False
5680,6,0,1,0,0.0,closed,True,True
5679,6,0,1,0,0.0,closed,True,True
5678,6,0,1,0,0.0,closed,False,False
5677,6,0,1,0,0.0,closed,True,True
5676,30,0,1,0,0.0,closed,False,False
5675,6,0,1,0,0.0,closed,True,True
5674,6,0,1,0,0.0,closed,True,True
5672,6,0,1,0,0.0,closed,True,True
5671,6,0,1,0,0.0,closed,True,True
5669,6,0,1,0,0.0,closed,False,False
5668,6,0,1,0,0.0,closed,True,True
5667,6,0,1,0,0.0,closed,False,False
5666,6,0,1,0,0.0,closed,False,False
5665,6,0,1,0,0.0,closed,True,True
5664,6,0,1,0,0.0,closed,True,True
5663,73099,558167,2,0,0.0,closed,False,False
5662,6,0,1,0,0.0,closed,False,False
5660,9876,0,2,0,0.0,closed,False,False
5659,2,0,2,1,0.3333333333333333,closed,False,False
5657,1465,396,3,0,0.0,closed,False,False
5656,12,12,1,0,0.0,closed,True,True
5655,6,0,1,0,0.0,closed,True,True
5654,1358,381,4,0,0.0,closed,True,True
5653,6,0,1,0,0.0,closed,True,True
5652,6,0,1,0,0.0,closed,True,True
5651,6,0,1,0,0.0,closed,True,True
5650,8907,0,2,0,0.0,closed,False,False
5649,6,0,1,0,0.0,closed,True,True
5648,6,0,1,0,0.0,closed,True,True
5647,1,1,1,0,0.0,closed,True,True
5645,6,0,1,0,0.0,closed,True,True
5644,6,0,1,0,0.0,closed,False,False
5643,6,0,1,0,0.0,closed,False,False
5642,6,0,1,0,0.0,closed,False,False
5641,6,0,1,0,0.0,closed,True,True
5640,6,0,1,0,0.0,closed,False,False
5639,6,0,1,0,0.0,closed,True,True
5638,6,0,1,0,0.0,closed,True,True
5637,6,0,1,0,0.0,closed,False,False
5636,6,0,2,0,0.0,closed,False,False
5635,6,0,1,0,0.0,closed,False,False
5634,6,0,1,0,0.0,closed,True,True
5633,6,0,1,0,0.0,closed,True,True
5632,6,0,2,0,0.0,closed,True,True
5630,6,0,1,0,0.0,closed,True,True
5629,6,0,1,0,0.0,closed,True,True
5628,6,0,1,0,0.0,closed,False,False
5627,6,0,1,0,0.0,closed,True,True
5626,6,0,1,0,0.0,closed,False,False
5625,6,0,1,0,0.0,closed,False,False
5624,6,0,1,0,0.0,closed,False,False
5623,6,0,1,0,0.0,closed,False,False
5622,6,0,1,0,0.0,closed,False,False
5621,6,0,1,0,0.0,closed,True,True
5620,6,0,2,0,0.0,closed,True,True
5619,6,0,1,0,0.0,closed,True,True
5618,0,0,1,0,0.0,closed,False,False
5617,6,0,1,0,0.0,closed,False,False
5616,6,0,1,0,0.0,closed,False,False
5615,6,0,1,0,0.0,closed,True,True
5614,6,0,1,0,0.0,closed,True,True
5613,6,0,1,0,0.0,closed,True,True
5612,3723,2871,52,0,0.0,closed,True,True
5611,6,0,1,0,0.0,closed,True,True
5610,6,0,1,0,0.0,closed,True,True
5609,8688,0,3,0,0.0,closed,False,False
5608,1,1,2,0,0.0,closed,True,True
5607,6,0,1,0,0.0,closed,True,True
5606,6,0,1,0,0.0,closed,False,False
5605,8907,0,3,0,0.0,closed,False,False
5603,6,0,1,0,0.0,closed,True,True
5602,6,0,1,0,0.0,closed,False,False
5601,6,0,1,0,0.0,closed,True,True
5600,6,0,1,0,0.0,closed,True,True
5599,6,0,1,0,0.0,closed,True,True
5598,12,0,1,0,0.0,closed,False,False
5597,6,0,1,0,0.0,closed,True,True
5595,6,0,2,0,0.0,closed,False,False
5594,9543,0,3,0,0.0,closed,False,False
5592,9954,317,15,0,0.0,closed,False,False
5591,6,0,1,0,0.0,closed,False,False
5590,6,0,1,0,0.0,closed,False,False
5589,6,0,1,0,0.0,closed,True,True
5588,6,0,1,0,0.0,closed,True,True
5586,95,25,1,0,0.0,closed,True,True
5585,77,16,1,0,0.0,closed,True,True
5584,6,0,1,0,0.0,closed,True,True
5583,28,36,2,0,0.0,closed,False,False
5582,6,0,1,0,0.0,closed,True,True
5581,2,6,2,0,0.0,closed,True,True
5580,6,0,1,0,0.0,closed,True,True
5579,4,1,2,0,0.0,closed,True,True
5578,1,12,2,0,0.0,closed,True,True
5577,6,0,1,0,0.0,closed,True,True
5576,6,0,1,0,0.0,closed,True,True
5575,6,0,1,0,0.0,closed,False,False
5573,6,0,1,0,0.0,closed,True,True
5572,6,0,1,0,0.0,closed,True,True
5570,43114,42781,2,0,0.0,closed,True,True
5569,16974,16968,2,0,0.0,closed,True,True
5568,6,7,1,0,0.0,closed,True,True
5567,20573,20566,2,0,0.0,closed,True,True
5566,43,6,1,0,0.0,closed,True,True
5565,1279,2,6,0,0.0,closed,False,False
5564,6,0,1,0,0.0,closed,True,True
5563,6,0,1,0,0.0,closed,True,True
5562,75,82,1,0,0.0,closed,False,False
5561,19,20,1,0,0.0,closed,True,True
5560,6,0,1,0,0.0,closed,True,True
5558,6,0,1,0,0.0,closed,False,False
5557,6,0,1,0,0.0,closed,False,False
5556,3,3,1,0,0.0,closed,True,True
5555,167,159,2,0,0.0,closed,True,True
5554,6,0,1,0,0.0,closed,True,True
5553,6,0,1,0,0.0,closed,True,True
5552,6,0,1,0,0.0,closed,True,True
5551,6,0,1,0,0.0,closed,True,True
5550,6,0,1,0,0.0,closed,True,True
5549,6,0,1,0,0.0,closed,True,True
5548,6,0,2,0,0.0,closed,False,False
5547,6,0,1,0,0.0,closed,True,True
5545,6,0,1,0,0.0,closed,True,True
5544,1,2,2,0,0.0,closed,False,False
5543,6,0,1,0,0.0,closed,True,True
5542,73099,558165,5,0,0.0,closed,False,False
5541,25754,25671,3,0,0.0,closed,True,True
5540,6,0,1,0,0.0,closed,True,True
5539,40,8,1,0,0.0,closed,True,True
5538,6,0,1,0,0.0,closed,True,True
5535,6,0,1,0,0.0,closed,True,True
5534,6,0,1,0,0.0,closed,True,True
5533,6,0,1,0,0.0,closed,True,True
5532,8651,0,5,0,0.0,closed,False,False
5531,6,0,1,0,0.0,closed,True,True
5528,6,0,1,0,0.0,closed,True,True
5527,6,0,1,0,0.0,closed,False,False
5524,6,0,1,0,0.0,closed,False,False
5522,55454,54077,2,0,0.0,closed,True,True
5521,200,40,1,0,0.0,closed,True,True
5520,3,1,1,0,0.0,closed,True,True
5516,40005,40349,2,0,0.0,closed,True,True
5515,8,15,1,0,0.0,closed,True,True
5514,6,0,1,0,0.0,closed,True,True
5513,1,1,1,0,0.0,closed,True,True
5512,12,6,1,0,0.0,closed,True,True
5511,6,0,2,0,0.0,closed,False,False
5510,6,0,1,0,0.0,closed,True,True
5509,6,0,1,0,0.0,closed,True,True
5508,6,0,1,0,0.0,closed,True,True
5507,3,1,2,0,0.0,closed,True,True
5506,6,0,1,0,0.0,closed,True,True
5505,6,0,1,0,0.0,closed,True,True
5504,6,0,1,0,0.0,closed,True,True
5503,6,0,1,0,0.0,closed,True,True
5502,6,0,1,0,0.0,closed,False,False
5501,6,0,1,0,0.0,closed,True,True
5500,6,0,1,0,0.0,closed,True,True
5499,6,0,1,0,0.0,closed,True,True
5498,6,0,1,0,0.0,closed,True,True
5497,6,0,1,0,0.0,closed,True,True
5496,9135,4,4,0,0.0,closed,False,False
5495,6,0,1,0,0.0,closed,False,False
5492,6,0,1,0,0.0,closed,True,True
5491,4,0,1,0,0.0,closed,True,True
5490,6,0,1,0,0.0,closed,False,False
5489,6,0,1,0,0.0,closed,False,False
5488,6,0,1,0,0.0,closed,False,False
5487,6,0,1,0,0.0,closed,False,False
5486,6,0,1,0,0.0,closed,False,False
5485,6,0,1,0,0.0,closed,True,True
5484,6,0,3,0,0.0,closed,False,False
5483,12,1,2,0,0.0,closed,True,True
5482,5,0,1,0,0.0,closed,True,True
5481,207,272,2,0,0.0,closed,True,True
5480,6,0,1,0,0.0,closed,False,False
5479,6,0,1,0,0.0,closed,True,True
5478,7,8,2,0,0.0,closed,True,True
5477,3,3,2,0,0.0,closed,True,True
5476,265,209,1,0,0.0,closed,True,True
5475,209,265,2,0,0.0,closed,True,True
5474,2,0,1,0,0.0,closed,True,True
5473,1,1,2,0,0.0,closed,False,False
5472,27471,0,2,0,0.0,closed,False,False
5471,2,2,1,0,0.0,closed,True,True
5470,6,0,1,0,0.0,closed,True,True
5469,6,0,1,0,0.0,closed,True,True
5468,6,0,2,0,0.0,closed,False,False
5467,6,0,1,0,0.0,closed,True,True
5465,6,0,1,0,0.0,closed,True,True
5464,6,0,1,0,0.0,closed,True,True
5462,6,0,1,0,0.0,closed,True,True
5461,6,0,1,0,0.0,closed,True,True
5460,1,1,1,0,0.0,closed,True,True
5459,6,0,1,0,0.0,closed,False,False
5458,26,5,4,0,0.0,closed,True,True
5457,6,0,2,0,0.0,closed,True,True
5456,2,2,1,0,0.0,closed,True,True
5455,6,0,2,0,0.0,closed,True,True
5454,6,0,1,0,0.0,closed,True,True
5453,6,0,1,0,0.0,closed,False,False
5452,6,0,1,0,0.0,closed,False,False
5451,6,0,2,0,0.0,closed,False,False
5450,2,2,1,0,0.0,closed,True,True
5449,9,9,1,0,0.0,closed,True,True
5448,2,2,1,0,0.0,closed,True,True
5447,6,0,1,0,0.0,closed,False,False
5446,6,0,1,0,0.0,closed,True,True
5445,6,0,1,0,0.0,closed,False,False
5444,6,0,1,0,0.0,closed,True,True
5443,6,0,1,0,0.0,closed,True,True
5442,6,0,1,0,0.0,closed,True,True
5441,491,132,50,10,0.1388888888888889,closed,True,True
5440,18,0,2,0,0.0,closed,False,False
5439,6,0,1,0,0.0,closed,True,True
5438,12,0,1,0,0.0,closed,False,False
5437,6,0,1,0,0.0,closed,True,True
5436,6,0,1,0,0.0,closed,True,True
5435,6,0,1,0,0.0,closed,True,True
5434,6,0,1,0,0.0,closed,False,False
5433,6,0,1,0,0.0,closed,True,True
5432,6,0,1,0,0.0,closed,True,True
5431,6,0,1,0,0.0,closed,True,True
5430,1087,54,3,0,0.0,closed,False,False
5429,1114,0,2,0,0.0,closed,False,False
5428,6,0,1,0,0.0,closed,True,True
5427,6,0,1,0,0.0,closed,True,True
5426,8688,0,4,0,0.0,closed,False,False
5425,6,0,1,0,0.0,closed,True,True
5424,0,0,1,0,0.0,closed,False,False
5423,6,0,1,0,0.0,closed,True,True
5422,17376,0,4,0,0.0,closed,False,False
5421,6,0,1,0,0.0,closed,True,True
5420,6,0,1,0,0.0,closed,False,False
5415,6,0,3,0,0.0,closed,True,True
5414,26752,0,9,0,0.0,closed,False,False
5413,6,0,1,0,0.0,closed,True,True
5412,6,0,1,0,0.0,closed,True,True
5411,6,0,1,0,0.0,closed,True,True
5410,33,0,1,0,0.0,closed,True,True
5409,17382,0,2,0,0.0,closed,False,False
5408,6,0,1,0,0.0,closed,False,False
5407,6,0,1,0,0.0,closed,True,True
5404,6,0,1,0,0.0,closed,True,True
5403,6,0,1,0,0.0,closed,True,True
5402,6,0,1,0,0.0,closed,False,False
5401,8,1,1,0,0.0,closed,True,True
5400,6,0,1,0,0.0,closed,False,False
5399,6,0,1,0,0.0,closed,True,True
