19863,91,17,0,0,0.0,open,False,False
19861,14,7,0,0,0.0,open,False,False
19860,0,9,0,0,0.0,closed,True,True
19859,32,19,0,0,0.0,closed,True,True
19858,32,9,0,0,0.0,closed,True,True
19857,1,1,0,0,0.0,closed,True,True
19856,153,25,0,0,0.0,closed,True,True
19855,1,1,0,0,0.0,closed,True,True
19854,8,17,0,0,0.0,closed,True,True
19853,51,44,0,0,0.0,closed,True,True
19852,333,277,0,0,0.0,open,False,False
19851,8,0,1,0,0.0,closed,False,False
19850,6,0,0,0,0.0,closed,True,True
19849,52,53,0,0,0.0,closed,True,True
19848,9,9,0,0,0.0,closed,True,True
19847,6,6,1,0,0.0,closed,False,False
19846,3,3,1,0,0.0,closed,False,False
19845,3,3,0,0,0.0,closed,True,True
19844,560,500,1,0,0.0,open,False,False
19843,28,20,0,0,0.0,open,False,False
19840,4,4,0,0,0.0,closed,True,True
19839,18,3,1,0,0.0,closed,True,True
19838,48,46,0,0,0.0,closed,True,True
19837,4,1,0,0,0.0,closed,True,True
19835,2,2,1,0,0.0,closed,True,True
19834,29,21,0,3,1.0,open,False,False
19833,1,0,0,0,0.0,closed,True,True
19832,1,1,0,0,0.0,closed,True,True
19831,63,4,0,0,0.0,closed,True,True
19830,108,87,0,0,0.0,closed,True,True
19829,54,2,0,0,0.0,closed,True,True
19828,27,20,0,0,0.0,closed,True,True
19827,174,89,3,0,0.0,closed,True,True
19826,1,1,0,0,0.0,closed,True,True
19825,1,1,0,0,0.0,closed,True,True
19824,111,109,0,0,0.0,closed,True,True
19823,83,121,0,0,0.0,closed,True,True
19821,234,39,0,0,0.0,closed,True,True
19819,46,27,0,0,0.0,closed,True,True
19817,52,5,0,0,0.0,closed,True,True
19816,39,22,0,0,0.0,closed,True,True
19815,4,8,0,0,0.0,closed,True,True
19813,1296,0,0,0,0.0,open,False,False
19812,3,3,0,0,0.0,closed,True,True
19811,99,59,0,0,0.0,closed,True,True
19810,2,2,0,0,0.0,closed,True,True
19809,4,12,0,0,0.0,closed,True,True
19808,4,4,0,0,0.0,closed,True,True
19807,733,682,0,0,0.0,closed,True,True
19806,42,9,0,0,0.0,closed,True,True
19805,2,0,0,0,0.0,closed,True,True
19804,153,0,0,0,0.0,closed,True,True
19803,7,1,0,0,0.0,closed,True,True
19802,175,76,0,0,0.0,closed,True,True
19801,23,1,0,0,0.0,closed,True,True
19800,1,1,0,0,0.0,closed,True,True
19799,18,18,0,0,0.0,closed,True,True
19798,6,6,1,0,0.0,closed,False,False
19797,5,0,0,0,0.0,closed,True,True
19796,219,51,0,0,0.0,closed,True,True
19794,20,0,0,0,0.0,closed,True,True
19793,698,24,0,0,0.0,closed,True,True
19792,108,76,0,0,0.0,closed,True,True
19791,2,1,0,0,0.0,closed,True,True
19790,2,1,0,0,0.0,closed,True,True
19789,87,65,0,0,0.0,closed,True,True
19787,111,105,0,0,0.0,closed,True,True
19786,4,4,0,0,0.0,closed,True,True
19785,30463,10,0,0,0.0,closed,True,True
19783,18,10,0,0,0.0,closed,True,True
19782,660,358,0,0,0.0,open,False,False
19781,15,7,0,0,0.0,closed,True,True
19778,235,7,0,0,0.0,closed,True,True
19777,1,1,0,0,0.0,closed,True,True
19776,46,17,0,0,0.0,closed,True,True
19775,50,12,0,0,0.0,closed,True,True
19774,91,58,1,0,0.0,closed,True,True
19773,5,0,0,0,0.0,closed,True,True
19772,31,31,0,0,0.0,closed,True,True
19771,1,0,0,0,0.0,closed,True,True
19770,81,57,0,0,0.0,closed,True,True
19769,30,24,0,0,0.0,closed,True,True
19768,5,5,0,0,0.0,closed,True,True
19767,5,3,0,0,0.0,closed,True,True
19766,9,13,0,0,0.0,closed,True,True
19765,115,60,0,0,0.0,closed,False,False
19764,105,11,5,2,0.15384615384615385,closed,True,True
19763,0,9,0,0,0.0,closed,True,True
19761,141,101,0,0,0.0,closed,True,True
19760,4,4,0,0,0.0,closed,True,True
19759,22,8,0,0,0.0,closed,True,True
19758,26,17,0,0,0.0,closed,True,True
19757,1,1,1,0,0.0,closed,False,False
19756,18,11,0,0,0.0,closed,True,True
19755,28,28,0,0,0.0,closed,True,True
19754,121,0,0,0,0.0,closed,True,True
19753,1,1,0,0,0.0,closed,True,True
19751,243,152,0,0,0.0,closed,True,True
19750,3,3,0,0,0.0,closed,True,True
19749,3,3,0,0,0.0,closed,True,True
19748,3,3,0,0,0.0,closed,True,True
19747,6,5,0,0,0.0,closed,True,True
19746,3,3,0,0,0.0,closed,True,True
19745,135,89,0,0,0.0,closed,True,True
19744,8,5,0,0,0.0,closed,True,True
19743,98,26,0,0,0.0,closed,True,True
19741,138,89,0,0,0.0,closed,True,True
19740,10,7,0,0,0.0,closed,True,True
19739,3,2,0,0,0.0,closed,True,True
19737,150,86,0,0,0.0,closed,True,True
19736,10,13,0,0,0.0,closed,True,True
19735,13,5,0,0,0.0,closed,True,True
19734,100,23,0,0,0.0,open,False,False
19733,46,17,0,0,0.0,closed,True,True
19732,2,1,0,0,0.0,closed,True,True
19731,6,6,0,0,0.0,closed,True,True
19730,36,31,0,0,0.0,closed,True,True
19729,2,1,0,0,0.0,closed,True,True
19727,5,4,0,0,0.0,closed,True,True
19726,242,55,0,0,0.0,closed,True,True
19725,6,2,0,0,0.0,closed,True,True
19724,17,7,0,0,0.0,closed,True,True
19723,12,12,0,0,0.0,closed,True,True
19722,22,4,0,0,0.0,closed,True,True
19721,53,9,0,0,0.0,closed,True,True
19720,1544,149,0,0,0.0,closed,True,True
19719,45,23,0,0,0.0,closed,True,True
19718,19,5,0,0,0.0,closed,True,True
19717,66,67,0,0,0.0,closed,True,True
19716,385,487,0,0,0.0,closed,True,True
19715,34,18,0,0,0.0,closed,True,True
19714,45,2,0,0,0.0,closed,True,True
19713,0,5,0,0,0.0,closed,True,True
19712,176,125,0,0,0.0,closed,True,True
19711,2,2,0,0,0.0,closed,True,True
19710,8,1,0,0,0.0,closed,True,True
19709,77,25,0,0,0.0,closed,True,True
19708,1,1,0,0,0.0,closed,True,True
19707,93,87,0,0,0.0,closed,True,True
19706,134,97,0,0,0.0,closed,True,True
19705,22,1,0,4,2.0,closed,True,True
19704,92,8,0,0,0.0,closed,True,True
19703,54,54,0,0,0.0,closed,True,True
19702,96,11,3,0,0.0,closed,True,True
19701,163,49,0,0,0.0,closed,True,True
19700,143,75,0,0,0.0,closed,True,True
19699,1808,1,0,0,0.0,closed,True,True
19698,3,3,0,0,0.0,closed,True,True
19697,9,9,0,0,0.0,closed,True,True
19696,38,44,0,0,0.0,closed,True,True
19693,3,3,0,0,0.0,closed,True,True
19692,17,14,0,0,0.0,closed,True,True
19689,17,10,0,0,0.0,closed,True,True
19688,107,0,0,0,0.0,closed,True,True
19687,15,0,1,0,0.0,closed,True,True
19686,1,1,0,0,0.0,closed,True,True
19685,14,2,0,0,0.0,closed,True,True
19684,2,2,0,0,0.0,closed,True,True
19683,8,3,0,0,0.0,closed,True,True
19682,1130,235,0,0,0.0,closed,True,True
19681,2,2,0,0,0.0,closed,True,True
19680,2,2,0,0,0.0,closed,True,True
19679,3,3,0,0,0.0,closed,True,True
19678,526,0,0,0,0.0,closed,True,True
19677,59,59,0,0,0.0,closed,True,True
19676,45,22,0,0,0.0,closed,True,True
19675,11,13,0,0,0.0,open,False,False
19674,264,56,0,0,0.0,closed,True,True
19673,2,10,0,0,0.0,closed,True,True
19672,20,0,0,0,0.0,closed,True,True
19671,11,3,0,0,0.0,closed,True,True
19669,0,8,0,0,0.0,closed,True,True
19668,3,131,0,0,0.0,closed,True,True
19667,1,0,0,0,0.0,closed,True,True
19666,29,11,0,0,0.0,closed,True,True
19664,14,0,0,0,0.0,closed,True,True
19663,1,0,0,0,0.0,closed,True,True
19662,64,17,0,0,0.0,closed,True,True
19661,14,5,0,0,0.0,closed,True,True
19660,22,8,0,0,0.0,closed,True,True
19659,610,199,17,0,0.0,open,False,False
19658,20,0,0,0,0.0,closed,True,True
19657,352,19,0,0,0.0,closed,True,True
19656,3,0,0,0,0.0,closed,True,True
19652,9,9,0,0,0.0,closed,True,True
19651,6,6,1,0,0.0,closed,False,False
19650,3,3,1,0,0.0,closed,False,False
19649,1145,944,1,0,0.0,closed,False,False
19648,1417,992,1,0,0.0,closed,False,False
19647,225,88,2,0,0.0,open,False,False
19646,12,3,0,0,0.0,closed,True,True
19645,33,53,0,0,0.0,closed,True,True
19643,16,1,0,0,0.0,closed,True,True
19642,5,3,0,0,0.0,closed,True,True
19641,39,10,1,2,1.0,open,False,False
19640,12,16,0,0,0.0,closed,True,True
19639,18,19,0,0,0.0,closed,True,True
19638,2,2,1,1,0.25,closed,True,True
19637,3,1,0,0,0.0,closed,True,True
19636,5,19,0,0,0.0,closed,True,True
19635,7,4,0,0,0.0,closed,True,True
19634,0,172,0,0,0.0,closed,True,True
19633,0,12,0,0,0.0,closed,True,True
19632,19,18,0,0,0.0,closed,True,True
19631,65,40,0,0,0.0,closed,True,True
19630,929,1131,0,0,0.0,closed,True,True
19628,16,1,0,0,0.0,closed,True,True
19627,11,11,1,0,0.0,closed,False,False
19626,12,12,0,0,0.0,closed,True,True
19625,3,3,0,0,0.0,closed,True,True
19624,35,15,0,0,0.0,closed,True,True
19623,1131,929,0,0,0.0,closed,True,True
19622,112,6,5,5,0.5,closed,True,True
19619,4,4,0,0,0.0,closed,True,True
19618,208,1,0,0,0.0,closed,True,True
19617,3510,934,0,3,0.02727272727272727,closed,True,True
19616,1,1,0,0,0.0,closed,True,True
19615,772,194,0,0,0.0,closed,True,True
19614,1,1,0,0,0.0,closed,True,True
19613,0,1,0,0,0.0,closed,True,True
19612,1734,983,1,13,0.3170731707317073,open,False,False
19611,3,3,0,0,0.0,closed,True,True
19610,2,2,0,0,0.0,closed,True,True
19609,4,2,0,0,0.0,closed,True,True
19608,13,0,1,0,0.0,closed,True,True
19607,3,1,0,0,0.0,closed,True,True
19606,24,20,0,0,0.0,closed,True,True
19604,57,56,0,0,0.0,closed,True,True
19603,9,13,0,0,0.0,closed,True,True
19602,23,18,0,0,0.0,closed,True,True
19601,14,13,1,4,2.0,closed,True,True
19600,9,6,0,0,0.0,closed,True,True
19599,3,0,0,0,0.0,closed,True,True
19598,3,3,0,0,0.0,closed,True,True
19597,6,6,0,0,0.0,closed,True,True
19596,33,49,0,0,0.0,closed,True,True
19595,95,0,2,10,10.0,open,False,False
19594,1,0,0,0,0.0,closed,True,True
19593,4,3,0,0,0.0,closed,True,True
19592,269,73,0,0,0.0,closed,True,True
19590,5,8,0,0,0.0,closed,True,True
19589,62,71,0,0,0.0,closed,True,True
19588,1,1,0,0,0.0,closed,True,True
19587,1,1,0,0,0.0,closed,True,True
19586,767,366,0,0,0.0,closed,True,True
19585,11,3,0,0,0.0,closed,True,True
19584,650,276,0,0,0.0,closed,True,True
19583,1,1,0,0,0.0,closed,True,True
19582,45,67,0,0,0.0,closed,True,True
19580,6,6,0,0,0.0,closed,True,True
19579,0,1,0,0,0.0,closed,True,True
19578,25,25,0,0,0.0,closed,True,True
19577,11,2,0,0,0.0,closed,True,True
19576,74,55,0,0,0.0,closed,True,True
19575,2,1,0,0,0.0,closed,True,True
19573,5,2,0,0,0.0,closed,True,True
19572,272,48,0,6,0.5,closed,True,True
19571,12,6,0,0,0.0,closed,True,True
19569,2,3,0,0,0.0,closed,True,True
19568,1,1,1,0,0.0,closed,False,False
19567,3,3,0,0,0.0,closed,True,True
19566,100,253,0,0,0.0,closed,True,True
19564,10,2,1,0,0.0,closed,True,True
19563,23,3,0,0,0.0,closed,True,True
19562,57,23,0,0,0.0,closed,True,True
19561,280,0,0,0,0.0,closed,True,True
19559,1,1,0,0,0.0,closed,True,True
19558,3,3,0,0,0.0,closed,True,True
19557,359,6,0,0,0.0,closed,True,True
19555,5,5,3,0,0.0,closed,True,True
19554,1101,913,0,0,0.0,closed,True,True
19553,7792,6347,0,0,0.0,closed,True,True
19552,1627,1699,0,0,0.0,closed,True,True
19551,60,41,0,0,0.0,open,False,False
19550,1,1,0,0,0.0,closed,True,True
19549,1,0,1,0,0.0,closed,True,True
19548,14,0,0,0,0.0,closed,True,True
19547,45,40,0,0,0.0,closed,True,True
19546,2,2,0,0,0.0,closed,True,True
19545,1,78,0,0,0.0,closed,True,True
19544,834,917,1,0,0.0,closed,True,True
19542,79,56,0,0,0.0,closed,True,True
19541,154,0,0,0,0.0,closed,True,True
19540,66,70,0,0,0.0,closed,True,True
19539,2,2,0,0,0.0,closed,True,True
19538,2,1,0,0,0.0,closed,True,True
19537,1274,903,1,0,0.0,closed,True,True
19536,67,51,0,0,0.0,closed,True,True
19535,2,4,0,0,0.0,closed,True,True
19534,22,10,2,0,0.0,closed,True,True
19533,780,324,0,0,0.0,closed,True,True
19532,6,11,0,0,0.0,closed,True,True
19531,5,41,0,0,0.0,closed,True,True
19530,1,1,0,0,0.0,closed,True,True
19529,5,3,0,0,0.0,closed,True,True
19528,1,1,0,0,0.0,closed,True,True
19527,2,2,0,0,0.0,closed,True,True
19525,109,126,0,0,0.0,closed,True,True
19524,257,204,0,0,0.0,closed,True,True
19523,0,64741,0,0,0.0,closed,True,True
19521,108,6,0,0,0.0,closed,True,True
19520,239,0,13,5,0.45454545454545453,closed,True,True
19519,1,1,0,0,0.0,closed,True,True
19518,64,33,0,0,0.0,closed,True,True
19517,11,1,0,0,0.0,closed,True,True
19516,25,1,0,0,0.0,closed,True,True
19515,8,8,0,0,0.0,closed,True,True
19514,2,9,0,0,0.0,closed,True,True
19513,106,2,0,10,2.0,closed,True,True
19511,5,6,0,0,0.0,closed,True,True
19510,4,6,0,0,0.0,closed,True,True
19509,62,0,2,1,1.0,closed,True,True
19508,13,8,0,0,0.0,closed,True,True
19507,9,7,0,0,0.0,closed,True,True
19506,46,0,0,0,0.0,closed,True,True
19505,380,75,0,0,0.0,closed,True,True
19504,3,3,0,0,0.0,closed,True,True
19502,14,0,0,0,0.0,closed,True,True
19501,6,0,0,0,0.0,closed,True,True
19499,131,0,0,0,0.0,closed,True,True
19498,10,2,0,0,0.0,closed,True,True
19497,2,1,0,0,0.0,closed,True,True
19496,1,1,0,0,0.0,closed,True,True
19495,2,2,0,0,0.0,closed,True,True
19494,1,1,0,0,0.0,closed,True,True
19493,3,3,2,0,0.0,closed,True,True
19492,781,28,0,0,0.0,closed,True,True
19491,0,1,1,0,0.0,closed,True,True
19490,24,9,1,7,2.3333333333333335,closed,True,True
19489,57,30,0,0,0.0,closed,True,True
19488,486,367,0,0,0.0,closed,True,True
19487,170,40,0,0,0.0,closed,True,True
19486,412,89,0,0,0.0,closed,True,True
19485,18,0,0,0,0.0,closed,True,True
19484,8,2,0,0,0.0,closed,True,True
19482,318,84,0,0,0.0,closed,True,True
19481,1,1,0,0,0.0,closed,True,True
19480,4,4,0,0,0.0,closed,True,True
19479,374,381,0,0,0.0,closed,True,True
19477,3,3,0,0,0.0,closed,True,True
19476,3,3,0,0,0.0,closed,True,True
19475,3,3,0,0,0.0,closed,True,True
19472,216,191,0,0,0.0,closed,True,True
19471,37,8,1,0,0.0,closed,True,True
19470,13,11,1,0,0.0,closed,True,True
19468,19,3,0,0,0.0,closed,True,True
19467,33,14,0,0,0.0,closed,True,True
19466,193,97,0,0,0.0,closed,True,True
19465,2,2,2,0,0.0,closed,True,True
19463,3,4,0,0,0.0,closed,True,True
19462,3,31,0,0,0.0,closed,False,False
19461,858,1,0,0,0.0,closed,True,True
19459,31,39,0,0,0.0,closed,True,True
19458,6,3,0,0,0.0,closed,True,True
19457,71,18,0,0,0.0,closed,True,True
19456,67,3,0,0,0.0,closed,True,True
19455,2,0,3,0,0.0,closed,False,False
19452,11,2,4,0,0.0,closed,True,True
19451,31,3,0,0,0.0,closed,True,True
19450,0,9,0,0,0.0,closed,True,True
19449,20,27,0,0,0.0,closed,True,True
19448,89,17,0,0,0.0,closed,True,True
19447,112,31,0,0,0.0,closed,True,True
19446,11,0,0,0,0.0,closed,True,True
19445,1478,685,0,0,0.0,closed,True,True
19444,111,95,0,0,0.0,closed,True,True
19443,1,1,3,0,0.0,closed,True,True
19442,25,25,0,0,0.0,closed,True,True
19441,3,3,1,0,0.0,closed,False,False
19440,6,6,1,0,0.0,closed,False,False
19439,6,6,0,0,0.0,closed,True,True
19438,3,3,0,0,0.0,closed,True,True
19437,9,9,0,0,0.0,closed,True,True
19436,261,105,0,0,0.0,closed,True,True
19435,366,29,1,0,0.0,closed,True,True
19434,7,7,0,0,0.0,closed,True,True
19433,1,0,0,0,0.0,closed,True,True
19432,204,0,0,0,0.0,closed,True,True
19431,7,7,0,0,0.0,closed,True,True
19430,1,1,0,0,0.0,closed,True,True
19429,30,56,0,0,0.0,closed,True,True
19428,9,0,0,0,0.0,closed,True,True
19427,229,76,4,0,0.0,closed,True,True
19426,1155,0,0,0,0.0,closed,True,True
19425,114,13,0,0,0.0,closed,True,True
19424,7,2,0,0,0.0,closed,True,True
19423,19,3,8,0,0.0,closed,True,True
19422,34,0,0,0,0.0,closed,True,True
19421,2,0,0,0,0.0,closed,True,True
19420,2,2,0,0,0.0,closed,True,True
19419,273,54,0,0,0.0,closed,True,True
19418,199,21,1,0,0.0,closed,True,True
19417,8,0,0,0,0.0,closed,True,True
19416,247,115,0,0,0.0,closed,True,True
19415,2584,0,2,2,2.0,closed,False,False
19414,1,1,0,0,0.0,closed,True,True
19413,4,4,0,0,0.0,closed,True,True
19411,32,7,0,0,0.0,closed,True,True
19410,38,21,0,0,0.0,closed,True,True
19409,1,0,0,0,0.0,closed,True,True
19408,3,3,0,0,0.0,closed,True,True
19407,3,3,1,0,0.0,closed,True,True
19406,7,7,0,0,0.0,closed,True,True
19405,629,564,0,0,0.0,closed,True,True
19404,46,24,0,0,0.0,closed,True,True
19403,10,1,0,0,0.0,closed,True,True
19402,1,1,0,0,0.0,closed,True,True
19401,9,3,0,0,0.0,closed,True,True
19400,2,2,0,0,0.0,closed,True,True
19399,3787,3612,1,0,0.0,closed,True,True
19398,1,1,0,0,0.0,closed,True,True
19397,61,12,0,0,0.0,closed,True,True
19396,870,795,0,0,0.0,closed,True,True
19395,22,22,0,0,0.0,closed,True,True
19394,516,0,0,0,0.0,closed,True,True
19393,14,8,0,0,0.0,closed,True,True
19392,6,6,0,0,0.0,closed,True,True
19390,114,49,0,0,0.0,closed,True,True
19389,253,9,0,1,0.25,closed,True,True
19388,2,2,1,0,0.0,closed,True,True
19387,9,9,0,0,0.0,closed,True,True
19385,73,56,0,0,0.0,closed,True,True
19384,311,234,0,0,0.0,closed,True,True
19383,5,0,2,0,0.0,closed,False,False
19382,1,1,0,0,0.0,closed,True,True
19381,5,10,0,0,0.0,closed,True,True
19380,93,25,0,0,0.0,closed,True,True
19379,187,0,0,0,0.0,closed,True,True
19378,3,3,1,0,0.0,closed,True,True
19377,3,3,1,0,0.0,closed,True,True
19376,75,69,0,0,0.0,closed,True,True
19374,27,9,0,0,0.0,closed,True,True
19373,2,2,0,0,0.0,closed,True,True
19371,20,2,1,2,2.0,closed,True,True
19370,4,0,0,0,0.0,closed,True,True
19369,1,24,0,0,0.0,closed,True,True
19368,216,53,0,0,0.0,closed,True,True
19367,5,3,0,0,0.0,closed,True,True
19366,134,45,0,0,0.0,closed,True,True
19365,3,1,0,0,0.0,closed,True,True
19364,2,2,0,0,0.0,closed,True,True
19363,2,2,0,0,0.0,closed,True,True
19362,245,0,0,0,0.0,closed,True,True
19361,51,25,0,0,0.0,closed,True,True
19360,36,9,0,0,0.0,closed,True,True
19359,39,79,0,0,0.0,closed,True,True
19358,21,6,0,0,0.0,closed,True,True
19357,5,1,0,0,0.0,closed,True,True
19356,6,8,0,0,0.0,closed,True,True
19355,7,1,0,0,0.0,closed,True,True
19354,3,3,0,0,0.0,closed,True,True
19353,54,59,0,0,0.0,closed,True,True
19352,169,135,0,0,0.0,closed,True,True
19351,21,16,0,0,0.0,closed,True,True
19350,41,2,0,0,0.0,closed,True,True
19349,47,13,0,0,0.0,closed,True,True
19348,148,127,0,0,0.0,closed,True,True
19347,2,2,0,0,0.0,closed,True,True
19346,91,39,2,7,1.4,closed,True,True
19345,13,32,0,0,0.0,closed,True,True
19344,12,0,0,0,0.0,closed,True,True
19342,14,0,0,0,0.0,closed,True,True
19341,14,2,0,0,0.0,closed,True,True
19340,1,0,0,0,0.0,closed,True,True
19339,1,1,0,0,0.0,closed,True,True
19338,0,245,0,0,0.0,closed,False,False
19337,31,2,0,0,0.0,closed,True,True
19336,92,67,0,0,0.0,closed,True,True
19335,4,1,0,0,0.0,closed,True,True
19334,96,2,0,1,0.2,closed,True,True
19333,55,22,0,0,0.0,closed,True,True
19332,51,9,0,0,0.0,closed,True,True
19331,12,1,3,0,0.0,closed,True,True
19330,12,12,1,0,0.0,closed,True,True
19329,3,3,1,0,0.0,closed,False,False
19328,190,91,0,0,0.0,closed,True,True
19327,3,3,0,0,0.0,closed,True,True
19326,235,5,0,8,1.1428571428571428,open,False,False
19325,25678,2,0,0,0.0,closed,True,True
19323,1,1,0,0,0.0,closed,True,True
19322,3,3,0,0,0.0,closed,True,True
19321,145,80,0,0,0.0,closed,True,True
19318,6,2,0,0,0.0,closed,True,True
19317,26,6,0,0,0.0,closed,True,True
19316,60,15,0,0,0.0,closed,True,True
19315,12,4,0,0,0.0,closed,True,True
19314,978,102,0,0,0.0,closed,True,True
19313,2,0,0,0,0.0,closed,True,True
19312,16,6,0,0,0.0,closed,True,True
19311,6,5,0,0,0.0,closed,True,True
19310,15,0,0,0,0.0,closed,True,True
19309,30,0,0,0,0.0,closed,True,True
19308,17,14,0,0,0.0,closed,True,True
19307,1231,497,0,0,0.0,closed,True,True
19306,5,2,0,0,0.0,closed,True,True
19305,7,7,0,0,0.0,closed,True,True
19304,50,15,0,0,0.0,closed,True,True
19303,45,12,0,0,0.0,closed,True,True
19302,377,595,0,0,0.0,closed,True,True
19301,6,4,0,0,0.0,closed,True,True
19300,5,1,0,0,0.0,closed,True,True
19299,250,151,0,0,0.0,closed,True,True
19298,245,131,0,0,0.0,closed,True,True
19297,33,9,0,0,0.0,closed,True,True
19296,25,10,1,0,0.0,closed,False,False
19294,1,1,0,0,0.0,closed,True,True
19293,23,22,0,1,1.0,closed,True,True
19292,35,0,0,0,0.0,closed,True,True
19290,0,13191,0,0,0.0,closed,True,True
19289,7,5,0,0,0.0,closed,True,True
19288,4,0,0,0,0.0,closed,True,True
19287,1,1,0,0,0.0,closed,True,True
19286,9,0,0,0,0.0,closed,True,True
19285,294,5,0,0,0.0,closed,True,True
19284,5,3,0,0,0.0,closed,True,True
19283,22,0,0,0,0.0,closed,True,True
19282,289,31,0,0,0.0,closed,True,True
19281,10,1,0,0,0.0,closed,True,True
19280,69,3,0,0,0.0,closed,True,True
19279,61,25,0,3,1.5,closed,True,True
19278,19,11,0,0,0.0,closed,True,True
19277,48,7,0,0,0.0,closed,True,True
19276,46,4,0,0,0.0,closed,True,True
19275,64,12,2,0,0.0,closed,True,True
19274,0,19,0,0,0.0,closed,True,True
19273,25,25,0,0,0.0,closed,True,True
19272,9,9,0,0,0.0,closed,True,True
19271,3,3,0,0,0.0,closed,True,True
19270,6,3,0,0,0.0,closed,True,True
19269,3,3,0,0,0.0,closed,True,True
19268,3,3,0,0,0.0,closed,True,True
19267,1149,844,1,0,0.0,closed,False,False
19266,726,152,0,0,0.0,closed,True,True
19265,20,1,0,0,0.0,closed,True,True
19264,199,4,0,0,0.0,closed,True,True
19263,26,3,0,0,0.0,closed,True,True
19262,596,174,0,0,0.0,closed,True,True
19261,67,24,1,0,0.0,closed,True,True
19260,119,0,2,0,0.0,closed,True,True
19258,38,30,0,0,0.0,closed,True,True
19257,2,2,0,0,0.0,closed,True,True
19256,1749,1941,0,0,0.0,closed,True,True
19255,1,1,2,2,2.0,closed,False,False
19254,286,0,0,0,0.0,closed,True,True
19253,0,0,0,0,0.0,closed,True,True
19252,1302,4,0,0,0.0,closed,True,True
19251,1574,97,9,0,0.0,closed,True,True
19250,222,21,0,1,0.3333333333333333,open,False,False
19249,50,6,0,0,0.0,closed,True,True
19248,157,0,0,3,1.0,closed,True,True
19247,0,6,0,0,0.0,closed,True,True
19246,8,5,0,0,0.0,closed,True,True
19245,16,14,1,0,0.0,closed,True,True
19244,2,2,0,0,0.0,closed,True,True
19243,609,127,1,1,0.058823529411764705,closed,False,False
19241,23,20,0,0,0.0,closed,True,True
19240,34,33,0,0,0.0,closed,True,True
19239,16,16,0,0,0.0,closed,True,True
19238,43,20,0,0,0.0,closed,True,True
19237,5201,3381,0,0,0.0,closed,True,True
19236,1,1,0,0,0.0,closed,True,True
19235,714,584,0,0,0.0,closed,True,True
19234,1,1,0,0,0.0,closed,True,True
19233,3,1,0,0,0.0,closed,True,True
19232,1,0,1,0,0.0,closed,True,True
19231,1,1,0,0,0.0,closed,True,True
19230,60,38,0,0,0.0,closed,True,True
19229,3,3,0,0,0.0,closed,True,True
19228,553,524,0,0,0.0,closed,True,True
19227,3,3,0,0,0.0,closed,True,True
19226,0,12,0,0,0.0,closed,True,True
19224,93,36,0,0,0.0,closed,True,True
19223,3,1,0,0,0.0,closed,True,True
19222,15,14,1,0,0.0,closed,True,True
19221,462,429,0,0,0.0,closed,True,True
19220,26,10,1,0,0.0,closed,False,False
19219,292,225,0,0,0.0,closed,True,True
19218,2,2,0,0,0.0,closed,True,True
19217,8,0,0,0,0.0,closed,True,True
19216,0,1,0,0,0.0,closed,True,True
19215,19,9,0,0,0.0,closed,True,True
19214,1135,128,0,0,0.0,closed,True,True
19213,202,202,0,0,0.0,closed,True,True
19211,3,3,1,0,0.0,closed,False,False
19210,42,45,0,0,0.0,closed,True,True
19209,39,39,1,0,0.0,closed,False,False
19208,36,36,1,0,0.0,closed,False,False
19207,159,82,0,0,0.0,closed,True,True
19206,215,200,0,0,0.0,closed,True,True
19205,1323,962,0,0,0.0,closed,True,True
19204,184,103,0,0,0.0,closed,True,True
19203,84,0,0,0,0.0,closed,True,True
19202,6,0,1,0,0.0,closed,False,False
19201,132,13,2,0,0.0,open,False,False
19199,69,0,0,2,0.5,closed,True,True
19196,1016,904,0,0,0.0,closed,True,True
19195,49,3,0,0,0.0,closed,True,True
19194,0,580,0,0,0.0,closed,True,True
19193,182,32,0,0,0.0,closed,True,True
19192,172,0,0,0,0.0,closed,True,True
19191,6,28,0,0,0.0,closed,True,True
19190,0,1,2,0,0.0,closed,True,True
19189,3,3,0,0,0.0,closed,True,True
19188,324,0,0,0,0.0,closed,True,True
19187,15,6,0,0,0.0,closed,True,True
19186,768,345,0,0,0.0,closed,True,True
19185,4,1,0,0,0.0,closed,True,True
19184,175,5,0,0,0.0,closed,True,True
19183,1,1,1,0,0.0,closed,True,True
19182,188,5,0,0,0.0,closed,True,True
19181,2,2,0,0,0.0,closed,True,True
19180,2232,1973,0,0,0.0,closed,True,True
19177,129,2,0,0,0.0,closed,True,True
19176,21,12,0,0,0.0,closed,True,True
19175,88,2,0,0,0.0,closed,True,True
19174,7,6,0,0,0.0,closed,True,True
19173,144,0,0,0,0.0,closed,True,True
19172,3,3,0,0,0.0,closed,True,True
19171,151,27,0,0,0.0,closed,True,True
19169,12,12,2,0,0.0,closed,False,False
19168,1792,1132,0,1,0.0136986301369863,closed,True,True
19167,66,55,0,0,0.0,closed,True,True
19166,9,3,0,0,0.0,closed,True,True
19165,19,0,0,0,0.0,closed,True,True
19164,2,2,0,0,0.0,closed,True,True
19163,4,1,1,0,0.0,closed,True,True
19162,21,16,0,0,0.0,closed,True,True
19161,143,0,0,0,0.0,closed,True,True
19160,155,168,1,0,0.0,closed,True,True
19159,1,1,0,0,0.0,closed,True,True
19158,182,0,0,0,0.0,closed,True,True
19157,6,3,1,0,0.0,closed,False,False
19156,3,6,0,0,0.0,closed,True,True
19155,1,1,0,0,0.0,closed,True,True
19154,34,2,0,0,0.0,closed,True,True
19153,10,8,0,0,0.0,closed,True,True
19152,167,0,0,0,0.0,closed,True,True
19151,6,3,0,0,0.0,closed,True,True
19150,6,6,1,0,0.0,closed,False,False
19149,18,18,0,0,0.0,closed,True,True
19148,9,9,0,0,0.0,closed,True,True
19147,265,0,0,0,0.0,closed,True,True
19146,285,203,0,0,0.0,closed,True,True
19145,464,387,0,0,0.0,closed,True,True
19143,134,113,0,0,0.0,closed,True,True
19142,0,0,0,0,0,closed,False,False
19141,1,1,0,0,0.0,closed,True,True
19140,30,40,0,0,0.0,closed,True,True
19139,55,80,1,0,0.0,closed,True,True
19138,2,2,0,0,0.0,closed,True,True
19137,3010,1939,0,0,0.0,closed,True,True
19136,60,51,0,0,0.0,closed,True,True
19135,91,49,0,0,0.0,closed,True,True
19134,55,66,0,0,0.0,closed,True,True
19133,0,1,0,0,0.0,closed,True,True
19132,19,16,0,2,1.0,closed,True,True
19131,222,0,0,0,0.0,closed,True,True
19130,6,6,0,0,0.0,closed,True,True
19129,368,0,0,0,0.0,closed,True,True
19128,2,2,0,0,0.0,closed,True,True
19127,1,1,0,0,0.0,closed,True,True
19126,0,44481,1,0,0.0,closed,True,True
19125,5,5,0,0,0.0,closed,True,True
19124,1,15,0,0,0.0,closed,True,True
19123,23,55,1,0,0.0,closed,False,False
19122,41,43,0,0,0.0,closed,True,True
19121,10,15,0,0,0.0,closed,True,True
19120,1,1,0,0,0.0,closed,True,True
19118,21,2,0,0,0.0,closed,True,True
19117,72,14,0,0,0.0,closed,True,True
19116,5,9,0,0,0.0,closed,True,True
19114,1,0,0,0,0.0,closed,True,True
19112,487,526,0,0,0.0,closed,True,True
19111,2,2,0,0,0.0,closed,True,True
19110,3,0,0,0,0.0,closed,True,True
19109,89,0,0,0,0.0,closed,True,True
19107,6,13,0,0,0.0,closed,True,True
19105,31,46,0,0,0.0,closed,True,True
19104,140,243,0,1,0.3333333333333333,closed,True,True
19103,477,476,0,0,0.0,closed,True,True
19102,1,1,0,0,0.0,closed,True,True
19101,97,46,0,2,1.0,closed,True,True
19100,49,81,0,0,0.0,closed,True,True
19099,275,204,0,3,1.5,open,False,False
19098,13,6,0,0,0.0,closed,True,True
19097,1,0,0,0,0.0,closed,True,True
19095,157,200,0,0,0.0,closed,True,True
19094,266,139,0,0,0.0,closed,True,True
19093,3,3,0,0,0.0,closed,True,True
19092,3,3,0,0,0.0,closed,False,False
19091,176,454,4,0,0.0,closed,True,True
19090,14139,14179,0,0,0.0,closed,True,True
19089,54,470,2,4,1.3333333333333333,closed,True,True
19088,2,2,0,0,0.0,closed,True,True
19087,286,286,0,0,0.0,closed,True,True
19086,1995,1995,0,0,0.0,closed,True,True
19085,23,19,0,0,0.0,closed,True,True
19084,360,1,0,0,0.0,closed,True,True
19083,0,30194,0,0,0.0,closed,False,False
19081,174,174,0,0,0.0,closed,True,True
19080,56,16,0,1,0.14285714285714285,closed,True,True
19079,0,480,0,0,0.0,closed,True,True
19078,837,7265,1,0,0.0,closed,True,True
19077,181,170,0,0,0.0,closed,True,True
19075,160,311,0,0,0.0,closed,True,True
19074,44,54,0,0,0.0,closed,True,True
19073,108,23,2,0,0.0,closed,False,False
19072,84,150,0,2,0.5,closed,True,True
19071,34,0,4,0,0.0,closed,True,True
19070,3,3,0,0,0.0,closed,True,True
19069,3,3,0,0,0.0,closed,True,True
19068,2,2,0,0,0.0,closed,True,True
19066,63,62,0,0,0.0,closed,True,True
19065,28,28,0,0,0.0,closed,True,True
19064,6,0,0,0,0.0,closed,True,True
19063,6,0,0,0,0.0,closed,True,True
19062,8,5,0,0,0.0,closed,True,True
19060,22,26,0,5,2.5,closed,True,True
19059,9,9,0,0,0.0,closed,True,True
19058,3,3,0,0,0.0,closed,True,True
19057,6,6,1,0,0.0,closed,False,False
19056,3,3,1,0,0.0,closed,False,False
19054,6,5,0,1,0.5,closed,True,True
19053,169,200,0,0,0.0,closed,True,True
19052,1,1,0,0,0.0,closed,True,True
19050,1684,1756,1,0,0.0,closed,True,True
19049,30,24,1,2,1.0,closed,True,True
19048,6,4,0,0,0.0,closed,True,True
19047,236,51,0,0,0.0,closed,True,True
19045,27,27,0,0,0.0,closed,True,True
19044,250,257,0,4,0.8,closed,True,True
19043,33,39,0,3,1.5,closed,True,True
19042,10,0,0,2,1.0,closed,True,True
19041,10,0,2,0,0.0,closed,True,True
19040,3,0,0,0,0.0,closed,True,True
19039,5,2,0,0,0.0,closed,True,True
19038,29,13,0,0,0.0,closed,True,True
19037,21,25,0,0,0.0,closed,False,False
19036,39,72,0,0,0.0,closed,True,True
19035,259,205,0,0,0.0,closed,True,True
19034,6,1,0,0,0.0,closed,True,True
19033,1,0,0,0,0.0,closed,True,True
19032,4,0,1,0,0.0,closed,True,True
19031,3,3,0,0,0.0,closed,True,True
19030,3,3,0,0,0.0,closed,True,True
19029,3,2,0,0,0.0,closed,True,True
19028,152,8,0,0,0.0,closed,True,True
19027,25,46,0,0,0.0,closed,True,True
19026,3,1,0,0,0.0,closed,True,True
19025,18,36,0,0,0.0,closed,True,True
19024,1,4,0,0,0.0,closed,True,True
19023,6,0,0,0,0.0,closed,True,True
19022,229,18,0,0,0.0,closed,True,True
19021,1,1,0,0,0.0,closed,True,True
19020,229,18,0,0,0.0,closed,False,False
19019,1347,1548,0,0,0.0,closed,True,True
19018,3,2,0,0,0.0,closed,True,True
19016,26,60,0,0,0.0,closed,True,True
19015,1,1,0,0,0.0,closed,True,True
19014,2,2,0,0,0.0,closed,True,True
19013,138,222,0,0,0.0,closed,True,True
19012,6,1,0,0,0.0,closed,True,True
19011,62,58,1,0,0.0,closed,True,True
19010,60,12,0,0,0.0,closed,True,True
19009,8,0,0,0,0.0,closed,True,True
19008,738,4,2,0,0.0,closed,True,True
19006,0,122,0,0,0.0,closed,True,True
19005,2,1,0,0,0.0,closed,True,True
19004,13,13,0,0,0.0,closed,True,True
19003,148,123,0,0,0.0,closed,True,True
19002,13,12,0,0,0.0,closed,True,True
19001,115,114,0,0,0.0,closed,True,True
19000,1,1,0,0,0.0,closed,True,True
18997,4,4,0,0,0.0,closed,True,True
18996,1,1,0,0,0.0,closed,True,True
18995,4,4,0,0,0.0,closed,False,False
18994,2,2,0,0,0.0,closed,True,True
18992,10,1,0,0,0.0,closed,True,True
18991,3,8,0,0,0.0,closed,True,True
18990,2,2,0,0,0.0,closed,True,True
18989,9,11,0,0,0.0,closed,True,True
18988,11,12,0,0,0.0,closed,True,True
18987,314,416,0,0,0.0,closed,True,True
18986,12,12,0,0,0.0,closed,True,True
18983,40,37,0,7,0.5833333333333334,closed,True,True
18981,77,45,0,0,0.0,closed,True,True
18979,1,1,0,0,0.0,closed,True,True
18977,10,5,0,0,0.0,closed,True,True
18976,208,49,0,0,0.0,closed,True,True
18973,11,3,0,0,0.0,closed,True,True
18972,74,1,0,0,0.0,closed,True,True
18971,70,18,0,0,0.0,closed,True,True
18970,1,4,0,0,0.0,closed,True,True
18968,6,6,0,0,0.0,closed,True,True
18967,8,7,0,0,0.0,closed,True,True
18966,8,8,0,0,0.0,closed,True,True
18965,2938,1616,0,0,0.0,closed,True,True
18962,2,2,0,0,0.0,closed,True,True
18961,134,134,0,0,0.0,closed,True,True
18960,7,4,0,0,0.0,closed,True,True
18959,3,3,0,0,0.0,closed,True,True
18957,102,302,0,0,0.0,closed,True,True
18956,68,93,0,0,0.0,open,False,False
18955,310,548,0,0,0.0,closed,True,True
18954,1,1,0,0,0.0,closed,True,True
18953,64,221,0,0,0.0,open,False,False
18952,2,2,0,0,0.0,closed,True,True
18951,29,0,5,0,0.0,closed,True,True
18950,293,595,1,0,0.0,closed,False,False
18949,15,42,0,0,0.0,closed,True,True
18947,3,1,0,0,0.0,closed,True,True
18946,39,43,0,0,0.0,closed,True,True
18945,21049,14613,4,2,0.005681818181818182,closed,True,True
18944,1,0,0,0,0.0,closed,True,True
18943,67,21,0,0,0.0,closed,True,True
18942,113,115,0,0,0.0,closed,True,True
18941,2483,2415,0,0,0.0,closed,True,True
18940,57,50,0,0,0.0,closed,True,True
18939,129,163,0,0,0.0,closed,True,True
18938,10,5,0,0,0.0,closed,True,True
18936,7,18,1,0,0.0,closed,False,False
18935,4,0,0,0,0.0,closed,True,True
18934,399,94,0,5,0.35714285714285715,closed,True,True
18933,1,1,2,0,0.0,closed,False,False
18932,6,6,0,0,0.0,closed,True,True
18931,415,5,2,0,0.0,open,False,False
18930,326,54,0,0,0.0,closed,True,True
18929,219,242,0,0,0.0,closed,True,True
18928,48,63,4,2,0.2,closed,True,True
18927,9,1,2,1,0.5,closed,True,True
18925,43,60,0,0,0.0,closed,True,True
18924,0,1,0,0,0.0,closed,True,True
18923,46,59,0,0,0.0,closed,True,True
18922,7,2,0,0,0.0,closed,True,True
18921,20,7,0,0,0.0,closed,True,True
18920,3,3,0,0,0.0,closed,True,True
18919,283,318,0,0,0.0,closed,True,True
18918,5,5,0,0,0.0,closed,True,True
18917,60,60,0,0,0.0,closed,True,True
18916,21,13,0,0,0.0,closed,True,True
18915,9,9,0,0,0.0,closed,True,True
18914,63,34,0,0,0.0,closed,True,True
18913,2,0,0,0,0.0,closed,True,True
18912,2,0,3,1,0.5,closed,True,True
18911,91,363,1,9,1.5,closed,True,True
18910,15,16,0,0,0.0,closed,True,True
18909,8,7,0,0,0.0,closed,True,True
18908,4,0,0,1,0.5,closed,True,True
18907,43,112,0,3,1.5,closed,True,True
18906,1,1,0,0,0.0,closed,True,True
18905,5,3,0,0,0.0,closed,True,True
18903,1002,805,1,3,0.10714285714285714,closed,True,True
18902,91,34,0,0,0.0,closed,True,True
18901,81,42,0,0,0.0,closed,True,True
18900,271,34,0,0,0.0,closed,True,True
18899,0,82,0,0,0.0,closed,True,True
18898,39,136,2,1,0.25,closed,True,True
18897,0,674,0,0,0.0,closed,True,True
18896,16,10,0,0,0.0,closed,True,True
18895,10,11,0,1,0.5,closed,True,True
18894,31,128,0,0,0.0,closed,True,True
18893,190,127,0,0,0.0,closed,True,True
18892,8,8,0,0,0.0,closed,True,True
18891,299,75,0,0,0.0,closed,True,True
18890,933,0,0,0,0.0,closed,True,True
18889,1,755,0,0,0.0,closed,True,True
18887,159,85,0,0,0.0,closed,True,True
18886,6,5,0,0,0.0,closed,True,True
18885,454,322,0,0,0.0,closed,True,True
18884,98,90,0,0,0.0,closed,True,True
18883,2,2,0,0,0.0,closed,True,True
18880,67,72,0,0,0.0,closed,True,True
18878,483,541,0,0,0.0,closed,True,True
18876,3,3,0,0,0.0,closed,True,True
18875,3,3,1,0,0.0,closed,False,False
18874,3,3,0,0,0.0,closed,True,True
18873,9,9,0,0,0.0,closed,True,True
18872,3,3,0,0,0.0,closed,True,True
18871,1,1,0,0,0.0,closed,True,True
18870,1,1,0,0,0.0,closed,True,True
18869,17,12,0,0,0.0,closed,True,True
18868,22,17,0,3,3.0,closed,True,True
18866,15,7,1,0,0.0,closed,False,False
18865,1,1,0,0,0.0,closed,True,True
18864,170,179,0,0,0.0,open,False,False
18863,1,1,0,0,0.0,closed,True,True
18861,1,1,0,0,0.0,closed,True,True
18860,365,4,0,0,0.0,closed,True,True
18859,1740,2,0,0,0.0,closed,True,True
18856,2,1,0,0,0.0,closed,True,True
18855,83,48,0,0,0.0,closed,True,True
18854,3,3,0,0,0.0,closed,True,True
18853,1,0,0,0,0.0,closed,True,True
18852,1912,1912,0,0,0.0,closed,True,True
18851,5,0,1,0,0.0,closed,True,True
18849,3,1,0,0,0.0,closed,True,True
18848,0,1,0,0,0.0,open,False,False
18847,87,51,0,0,0.0,closed,True,True
18845,1,0,0,0,0.0,closed,True,True
18842,2,0,0,0,0.0,closed,True,True
18841,2,161,0,0,0.0,closed,True,True
18839,3,2,0,0,0.0,closed,True,True
18838,25,0,0,0,0.0,closed,True,True
18837,5,253,0,0,0.0,closed,True,True
18836,13,3,1,2,1.0,closed,True,True
18835,11,134,0,0,0.0,closed,True,True
18834,100,4,0,0,0.0,closed,True,True
18833,9,6,0,0,0.0,closed,True,True
18831,122,66,0,0,0.0,closed,True,True
18830,0,19,0,0,0.0,closed,True,True
18829,38,1,0,4,1.0,closed,True,True
18828,3,3,0,0,0.0,closed,True,True
18826,115,95,0,0,0.0,closed,True,True
18825,1557,1238,0,0,0.0,closed,True,True
18824,745,168,0,1,0.1111111111111111,closed,True,True
18823,11,10,0,0,0.0,closed,True,True
18822,196,92,0,0,0.0,closed,True,True
18821,3,3,0,0,0.0,closed,True,True
18820,136,117,0,0,0.0,closed,True,True
18816,1,1,0,0,0.0,closed,True,True
18815,3149,1932,0,0,0.0,closed,True,True
18814,127,121,0,0,0.0,closed,True,True
18813,1,1,0,0,0.0,closed,True,True
18812,26,25,0,0,0.0,closed,True,True
18811,1,2,0,0,0.0,closed,True,True
18810,530,225,0,0,0.0,closed,True,True
18808,39,39,0,0,0.0,closed,True,True
18807,97,103,0,0,0.0,closed,True,True
18806,6,2,0,0,0.0,closed,True,True
18804,86,44,0,0,0.0,closed,True,True
18803,52,1,0,0,0.0,closed,True,True
18802,1,0,0,0,0.0,closed,True,True
18801,1,1,0,0,0.0,closed,True,True
18800,5,4,0,0,0.0,closed,True,True
18799,193,195,0,0,0.0,closed,True,True
18798,679,276,0,0,0.0,closed,True,True
18797,2,2,0,0,0.0,closed,True,True
18796,26,16,0,0,0.0,closed,True,True
18795,1,0,0,0,0.0,closed,True,True
18794,93,0,0,0,0.0,closed,True,True
18793,7,1,0,2,0.6666666666666666,closed,True,True
18792,40,9,0,0,0.0,closed,True,True
18791,338,14,2,3,1.0,closed,True,True
18790,13,2,0,0,0.0,closed,True,True
18789,1,1,2,0,0.0,closed,True,True
18788,2,1,3,0,0.0,closed,True,True
18787,866,4,1,14,0.35,closed,True,True
18786,3,1,0,0,0.0,closed,True,True
18785,393,17,0,0,0.0,closed,True,True
18784,4,4,0,3,0.75,closed,True,True
18783,3,3,0,0,0.0,closed,True,True
18781,1,1,1,0,0.0,closed,True,True
18780,2,2,0,0,0.0,closed,True,True
18777,107,79,0,0,0.0,closed,True,True
18774,1,1,0,0,0.0,closed,True,True
18772,5266,3471,0,0,0.0,closed,True,True
18771,576,674,1,0,0.0,closed,True,True
18770,10,10,1,0,0.0,closed,False,False
18768,3,3,0,0,0.0,closed,True,True
18767,3,3,0,0,0.0,closed,True,True
18766,3,3,0,0,0.0,closed,True,True
18765,150,2,0,9,1.8,closed,True,True
18764,5,2,0,0,0.0,closed,True,True
18763,1,1,0,0,0.0,closed,True,True
18762,916,13,0,3,0.42857142857142855,closed,True,True
18761,8,8,0,0,0.0,closed,True,True
18760,12,6,0,0,0.0,closed,True,True
18759,118,16,0,0,0.0,closed,True,True
18758,1,1,0,0,0.0,closed,True,True
18757,12,1,0,0,0.0,closed,True,True
18756,6,6,0,0,0.0,closed,True,True
18755,1,1,0,0,0.0,closed,True,True
18754,338,153,0,0,0.0,closed,True,True
18753,28,6,0,0,0.0,closed,True,True
18750,14,14,1,1,1.0,closed,True,True
18749,70,70,0,0,0.0,closed,True,True
18748,14,1,0,0,0.0,closed,True,True
18747,2,1,0,0,0.0,closed,True,True
18746,19,16,0,0,0.0,closed,True,True
18745,885,956,1,1,0.25,closed,True,True
18743,2,2,0,0,0.0,closed,True,True
18742,2,2,0,0,0.0,closed,True,True
18741,53,45,0,0,0.0,closed,True,True
18740,107,244,1,0,0.0,closed,False,False
18738,44,44,0,0,0.0,closed,True,True
18737,576,576,0,0,0.0,closed,True,True
18736,52,0,0,1,0.5,closed,True,True
18735,2,1,0,0,0.0,closed,True,True
18734,1,4,0,0,0.0,closed,True,True
18733,53,22,9,19,2.111111111111111,closed,True,True
18732,34,1,5,0,0.0,closed,True,True
18729,48,29,1,0,0.0,closed,True,True
18728,30,13,0,0,0.0,closed,True,True
18727,3,3,0,0,0.0,closed,True,True
18726,13,13,0,0,0.0,closed,True,True
18725,7,2,0,0,0.0,closed,True,True
18723,62,19,0,0,0.0,closed,True,True
18722,39,58,0,0,0.0,closed,True,True
18721,7,4,0,0,0.0,closed,True,True
18720,746,80,0,2,2.0,closed,True,True
18719,2,2,0,0,0.0,closed,True,True
18718,3,22,0,0,0.0,closed,True,True
18717,5,4,0,0,0.0,closed,True,True
18715,29,13,0,0,0.0,closed,True,True
18714,1599,1599,0,0,0.0,closed,True,True
18713,1,1,0,0,0.0,closed,True,True
18712,89,17,2,0,0.0,closed,True,True
18711,20,8,3,3,0.42857142857142855,closed,True,True
18710,27,11,0,0,0.0,closed,True,True
18709,10,10,0,0,0.0,closed,True,True
18708,45,20,0,0,0.0,closed,True,True
18707,180,2,0,0,0.0,closed,True,True
18705,85,398,0,0,0.0,closed,True,True
18703,21,7,0,10,3.3333333333333335,closed,True,True
18702,24,4,1,0,0.0,closed,True,True
18701,15,15,0,0,0.0,closed,True,True
18700,3,3,1,0,0.0,closed,False,False
18699,37,26,0,0,0.0,closed,True,True
18697,1540,2,1,7,2.3333333333333335,closed,True,True
18696,13,2,0,0,0.0,closed,True,True
18695,1,1,0,0,0.0,closed,True,True
18694,4,3,0,0,0.0,closed,True,True
18693,3,3,0,0,0.0,closed,True,True
18692,5,5,0,0,0.0,closed,True,True
18691,1,1,2,0,0.0,closed,True,True
18689,754,26,0,4,0.5714285714285714,closed,True,True
18688,8026,3447,3,0,0.0,closed,True,True
18687,29,16,0,0,0.0,closed,True,True
18686,9,4,0,0,0.0,closed,True,True
18685,309,347,0,0,0.0,closed,True,True
18684,211,602,0,0,0.0,closed,True,True
18683,7,0,0,0,0.0,closed,True,True
18682,42,42,0,0,0.0,closed,True,True
18681,3,3,0,0,0.0,closed,True,True
18680,6,6,0,0,0.0,closed,True,True
18679,3,3,0,0,0.0,closed,True,True
18678,3,3,1,0,0.0,closed,False,False
18677,3,3,0,0,0.0,closed,True,True
18676,419,1039,0,2,0.3333333333333333,closed,True,True
18674,156,100,0,0,0.0,closed,True,True
18673,1077,927,0,0,0.0,closed,True,True
18672,16,2,0,0,0.0,closed,True,True
18671,378,0,0,0,0.0,closed,True,True
18670,733,865,0,0,0.0,closed,True,True
18669,0,4,0,0,0.0,closed,True,True
18668,4,0,0,0,0.0,closed,True,True
18667,0,78,0,0,0.0,closed,True,True
18666,1,0,0,0,0.0,closed,True,True
18665,296,462,0,0,0.0,closed,True,True
18664,14,0,0,1,0.3333333333333333,closed,True,True
18662,3,0,0,0,0.0,closed,True,True
18661,4,4,0,0,0.0,closed,True,True
18660,669,876,1,0,0.0,closed,True,True
18659,26,26,0,0,0.0,closed,True,True
18658,4,4,0,0,0.0,closed,True,True
18657,12,12,3,0,0.0,closed,False,False
18656,34,19,1,0,0.0,closed,True,True
18654,1633,3,0,0,0.0,closed,True,True
18653,52,22,0,0,0.0,closed,True,True
18652,802,300,0,11,0.4074074074074074,closed,True,True
18651,1,1507,0,0,0.0,closed,True,True
18650,94,506,0,0,0.0,closed,True,True
18649,73,72,5,4,0.25,closed,True,True
18648,5,5,0,0,0.0,closed,True,True
18647,306,77,0,0,0.0,closed,True,True
18646,7,3,0,0,0.0,closed,True,True
18645,72,90,0,0,0.0,closed,True,True
18644,0,76,0,0,0.0,closed,False,False
18643,33,32,0,0,0.0,closed,True,True
18641,29,29,0,0,0.0,closed,False,False
18639,22,20,0,0,0.0,closed,True,True
18638,17,17,0,0,0.0,closed,True,True
18637,44,44,1,0,0.0,closed,True,True
18636,3,8,0,0,0.0,closed,True,True
18635,15,8,0,0,0.0,closed,True,True
18633,107,143,0,0,0.0,closed,True,True
18632,85,1,5,3,0.6,closed,True,True
18631,14,68,0,0,0.0,open,False,False
18630,6,6,0,0,0.0,closed,True,True
18629,23,5,2,0,0.0,closed,True,True
18628,14,14,0,0,0.0,closed,True,True
18627,381,73,0,0,0.0,closed,True,True
18626,1,769,0,0,0.0,closed,True,True
18625,1283,1,0,0,0.0,closed,True,True
18623,1,1,0,0,0.0,closed,True,True
18622,546,1016,1,6,1.0,closed,True,True
18620,0,36,0,0,0.0,closed,True,True
18619,42,81,0,0,0.0,closed,True,True
18618,34,77,0,0,0.0,closed,True,True
18613,174,128,5,14,0.4117647058823529,closed,True,True
18611,65,20,0,0,0.0,closed,True,True
18609,2,2,0,0,0.0,closed,True,True
18608,12,0,1,3,0.5,closed,True,True
18607,20,13,0,0,0.0,closed,True,True
18603,122,166,0,0,0.0,closed,True,True
18602,63,29,0,0,0.0,closed,True,True
18600,3,3,0,0,0.0,closed,True,True
18599,276,92,5,31,1.7222222222222223,closed,True,True
18598,15,13,0,0,0.0,closed,True,True
18597,1,1,0,0,0.0,closed,True,True
18596,6,13,0,0,0.0,closed,False,False
18595,15,15,0,0,0.0,closed,True,True
18594,9836,8214,1,7,0.07368421052631578,closed,True,True
18592,236,239,0,0,0.0,closed,True,True
18591,801,1,1,2,0.11764705882352941,closed,True,True
18590,4,0,0,0,0.0,closed,True,True
18589,6,6,0,0,0.0,closed,True,True
18588,3,3,0,0,0.0,closed,True,True
18587,1,1,1,0,0.0,closed,True,True
18585,1,1,3,0,0.0,open,False,False
18584,1,904,1,0,0.0,closed,True,True
18583,36,0,2,0,0.0,closed,True,True
18582,5612,2,0,0,0.0,closed,True,True
18581,2115,2282,0,0,0.0,closed,True,True
18580,66,64,0,0,0.0,closed,True,True
18579,8,2,0,0,0.0,closed,True,True
18578,20,9,0,6,3.0,open,False,False
18577,37,37,0,0,0.0,closed,True,True
18576,9,9,0,0,0.0,closed,True,True
18575,25,5,0,0,0.0,closed,True,True
18574,4,3,0,0,0.0,closed,True,True
18573,6,2,0,0,0.0,closed,True,True
18572,137,234,0,0,0.0,open,False,False
18571,338,264,0,0,0.0,closed,True,True
18570,0,2,0,0,0.0,closed,True,True
18569,557,184,1,0,0.0,closed,True,True
18568,62,28,1,0,0.0,closed,True,True
18567,1022,528,0,0,0.0,closed,True,True
18566,595,0,0,0,0.0,closed,True,True
18565,11,0,3,2,2.0,closed,True,True
18564,260,135,0,0,0.0,closed,True,True
18563,1094,1028,0,0,0.0,closed,True,True
18562,10,2,0,0,0.0,closed,True,True
18561,158,290,0,0,0.0,closed,True,True
18560,831,554,0,0,0.0,closed,True,True
18559,23,4,0,0,0.0,closed,True,True
18558,350,3,0,0,0.0,closed,True,True
18557,2,0,0,0,0.0,closed,True,True
18556,5,5,0,0,0.0,closed,True,True
18555,347,0,0,0,0.0,closed,False,False
18554,945,0,0,0,0.0,closed,True,True
18553,39,50,1,0,0.0,closed,True,True
18552,128,110,0,0,0.0,closed,True,True
18549,9,9,0,0,0.0,closed,True,True
18548,3,3,1,0,0.0,closed,False,False
18547,6,6,1,0,0.0,closed,False,False
18546,651,1389,0,0,0.0,closed,True,True
18545,1068,1013,0,0,0.0,closed,True,True
18544,111,337,0,0,0.0,closed,True,True
18543,324,0,0,0,0.0,closed,True,True
18542,1,1,0,0,0.0,closed,True,True
18541,324,0,0,0,0.0,closed,False,False
18540,2,33,0,0,0.0,closed,True,True
18539,814,126,2,9,0.391304347826087,closed,False,False
18538,1205,2,0,0,0.0,closed,True,True
18537,2,0,0,0,0.0,closed,True,True
18536,12,4,0,0,0.0,closed,True,True
18535,4,3,0,0,0.0,closed,True,True
18534,2,2,0,0,0.0,closed,True,True
18532,3,3,0,0,0.0,closed,True,True
18531,14,6,0,0,0.0,closed,True,True
18530,17,8,0,0,0.0,closed,True,True
18529,47,4,0,0,0.0,closed,True,True
18528,4221,2653,0,0,0.0,closed,True,True
18527,414,331,0,0,0.0,closed,True,True
18526,292,30,2,3,1.5,closed,True,True
18525,8,7,0,0,0.0,closed,True,True
18523,249659,0,1,0,0.0,closed,True,True
18522,6,2,0,0,0.0,closed,True,True
18520,125,7,0,0,0.0,closed,True,True
18519,0,2,0,0,0.0,closed,True,True
18518,17,29,0,0,0.0,closed,True,True
18517,8,6,0,0,0.0,closed,True,True
18516,3,2,0,0,0.0,closed,True,True
18515,6,6,0,0,0.0,closed,True,True
18514,3,2,0,0,0.0,closed,False,False
18513,14,14,0,0,0.0,closed,True,True
18512,68,12,0,0,0.0,closed,True,True
18509,75,0,0,0,0.0,closed,True,True
18508,311,81,0,0,0.0,closed,True,True
18507,23,12,0,0,0.0,closed,True,True
18506,0,82,0,0,0.0,closed,False,False
18503,18,0,0,0,0.0,closed,True,True
18502,3,3,0,0,0.0,closed,True,True
18501,131,88,4,0,0.0,closed,True,True
18499,0,954,0,0,0.0,closed,True,True
18498,6,6,0,0,0.0,closed,True,True
18497,3,3,0,0,0.0,closed,True,True
18496,12,12,0,0,0.0,closed,True,True
18495,2,2,0,0,0.0,closed,True,True
18494,277,11,6,20,1.8181818181818181,closed,True,True
18493,318,81,0,0,0.0,closed,True,True
18492,0,82,0,0,0.0,closed,False,False
18491,1658,15,0,0,0.0,closed,True,True
18490,113,67,0,0,0.0,closed,True,True
18489,1412,25,0,0,0.0,closed,True,True
18488,1,3,0,0,0.0,closed,True,True
18487,6,6,0,0,0.0,closed,True,True
18486,3,3,0,0,0.0,closed,True,True
18485,345,0,7,2,0.09090909090909091,open,False,False
18484,26,36,2,0,0.0,closed,True,True
18483,4648,1483,0,4,0.08333333333333333,closed,True,True
18482,2,1,0,0,0.0,closed,True,True
18481,0,827,0,0,0.0,closed,True,True
18480,7,7,0,0,0.0,closed,True,True
18479,1,1,0,0,0.0,closed,True,True
18478,1,1,0,0,0.0,closed,True,True
18477,2,2,0,0,0.0,closed,True,True
18476,2,2,0,0,0.0,closed,True,True
18475,13,13,0,0,0.0,closed,True,True
18474,1,0,0,0,0.0,closed,True,True
18473,266,75,0,0,0.0,closed,True,True
18471,1,493,0,0,0.0,closed,True,True
18470,4,13,0,0,0.0,closed,True,True
18469,7,7,3,0,0.0,closed,True,True
18466,12,12,0,0,0.0,closed,True,True
18464,586,0,0,0,0.0,closed,True,True
18463,4,3,1,0,0.0,closed,True,True
18460,1,1,0,0,0.0,closed,True,True
18458,1,1,0,0,0.0,closed,True,True
18457,3,3,0,0,0.0,closed,True,True
18456,3,3,0,0,0.0,closed,True,True
18455,29,77,0,0,0.0,closed,True,True
18454,134,0,0,0,0.0,closed,True,True
18453,26,29,0,0,0.0,closed,True,True
18452,6,6,0,0,0.0,closed,True,True
18451,3,3,0,0,0.0,closed,True,True
18450,3,2,0,0,0.0,closed,True,True
18449,70,152,0,0,0.0,closed,True,True
18448,6,0,0,0,0.0,closed,True,True
18447,135,3,5,0,0.0,closed,True,True
18446,10,20,0,0,0.0,closed,True,True
18445,29,1,0,0,0.0,closed,True,True
18444,1,1,0,0,0.0,closed,True,True
18443,53,4,0,0,0.0,closed,True,True
18441,8,9,0,0,0.0,closed,True,True
18440,45,47,0,0,0.0,closed,True,True
18439,1,21,0,0,0.0,closed,True,True
18438,72,82,0,0,0.0,closed,True,True
18437,303,20771,2,0,0.0,closed,True,True
18435,68,316,0,0,0.0,closed,True,True
18434,13,7,0,0,0.0,closed,True,True
18432,21,92,0,0,0.0,closed,True,True
18431,804,377,0,0,0.0,closed,True,True
18430,2280,1659,0,0,0.0,closed,True,True
18429,111,113,0,0,0.0,closed,True,True
18428,4,1,0,0,0.0,closed,True,True
18427,1543,172,0,0,0.0,closed,True,True
18426,0,702,0,0,0.0,closed,True,True
18425,29,2,0,0,0.0,closed,True,True
18424,0,12,0,0,0.0,closed,True,True
18421,318,73,0,0,0.0,closed,True,True
18420,1,1,0,0,0.0,closed,True,True
18419,318,73,0,0,0.0,closed,False,False
18418,1358,1,0,0,0.0,closed,True,True
18417,95,766,0,0,0.0,closed,True,True
18416,9,1,0,0,0.0,closed,True,True
18415,0,74,0,0,0.0,closed,False,False
18414,9,0,0,0,0.0,closed,True,True
18413,0,667,0,0,0.0,closed,True,True
18411,5,4,0,0,0.0,closed,True,True
18410,499,29,5,0,0.0,closed,True,True
18409,3,3,1,0,0.0,closed,False,False
18408,8,8,0,0,0.0,closed,True,True
18407,1,1,0,0,0.0,closed,True,True
18406,1,1,0,0,0.0,closed,True,True
18405,6,2,0,0,0.0,closed,True,True
18404,2,5855,0,0,0.0,closed,True,True
18403,14,14,0,0,0.0,closed,True,True
18402,0,972,0,0,0.0,closed,True,True
18401,8,6,0,0,0.0,closed,True,True
18400,306,74,0,0,0.0,closed,True,True
18399,0,74,0,0,0.0,closed,False,False
18398,3203,4,0,0,0.0,closed,True,True
18397,0,1188,0,0,0.0,closed,True,True
18395,5,5,2,0,0.0,closed,True,True
18394,79,10,0,0,0.0,closed,True,True
18391,0,183,0,0,0.0,closed,True,True
18390,34,28,0,0,0.0,closed,False,False
18389,0,321,0,0,0.0,closed,True,True
18387,22,4,0,0,0.0,closed,True,True
18386,67,24,5,2,0.5,closed,True,True
18385,268,9,0,0,0.0,closed,True,True
18383,770,188,0,0,0.0,closed,True,True
18382,1,3,0,0,0.0,closed,True,True
18381,3,0,0,0,0.0,closed,True,True
18380,1620,818,0,0,0.0,closed,True,True
18379,4,0,0,0,0.0,closed,True,True
18378,1,0,0,0,0.0,closed,True,True
18377,122,6,0,0,0.0,closed,True,True
18376,65,52,0,0,0.0,closed,True,True
18374,32,21,0,1,0.5,closed,True,True
18373,0,154,0,0,0.0,closed,True,True
18372,11,11,0,0,0.0,closed,True,True
18371,0,76,0,0,0.0,closed,False,False
18370,0,725,0,0,0.0,closed,True,True
18369,0,484,0,0,0.0,closed,True,True
18368,46,19,0,0,0.0,closed,True,True
18367,3,3,0,0,0.0,closed,True,True
18366,3,3,0,0,0.0,closed,True,True
18365,204,74,0,0,0.0,closed,True,True
18363,301,75,0,0,0.0,closed,True,True
18362,0,76,0,0,0.0,closed,False,False
18361,877,1,1,0,0.0,closed,True,True
18358,0,566,0,0,0.0,closed,True,True
18357,0,74,0,0,0.0,closed,True,True
18356,0,327,0,0,0.0,closed,True,True
18355,0,521,0,0,0.0,closed,True,True
18353,18,5,0,0,0.0,closed,True,True
18352,3,2,0,0,0.0,closed,False,False
18351,13,1,1,0,0.0,closed,True,True
18350,335,77,0,0,0.0,closed,True,True
18349,0,78,0,0,0.0,closed,False,False
18348,7,7,0,0,0.0,closed,True,True
18347,7,3,0,0,0.0,closed,True,True
18345,1,1,0,0,0.0,closed,True,True
18344,1971,1,0,0,0.0,closed,True,True
18343,0,913,0,0,0.0,closed,True,True
18340,3,3,0,0,0.0,closed,True,True
18339,31,25,1,0,0.0,closed,False,False
18338,3,3,0,0,0.0,closed,True,True
18337,3,3,0,0,0.0,closed,True,True
18336,37,31,0,0,0.0,closed,True,True
18335,2,0,0,0,0.0,closed,True,True
18334,1,0,0,0,0.0,closed,True,True
18333,361,75,0,0,0.0,closed,True,True
18332,0,76,0,0,0.0,closed,False,False
18330,2142,1,0,0,0.0,closed,True,True
18329,0,1016,0,0,0.0,closed,True,True
18328,324,75,0,0,0.0,closed,True,True
18327,0,76,0,0,0.0,closed,False,False
18326,1342,1,0,0,0.0,closed,True,True
18325,0,725,0,0,0.0,closed,True,True
18324,320,75,0,0,0.0,closed,True,True
18323,321,0,0,0,0.0,closed,False,False
18322,0,681,0,0,0.0,closed,True,True
18321,986,2,0,0,0.0,closed,True,True
18320,1,1,0,0,0.0,closed,True,True
18319,4,1,2,0,0.0,closed,False,False
18318,5,5,0,0,0.0,closed,True,True
18317,6,11,0,0,0.0,closed,True,True
18316,1,969,0,0,0.0,closed,True,True
18315,1,7,0,0,0.0,closed,True,True
18314,3,2,0,0,0.0,closed,False,False
18313,205,10,0,0,0.0,closed,True,True
18312,26,41,0,0,0.0,closed,True,True
18311,356,1253,0,0,0.0,closed,True,True
18308,267,75,0,0,0.0,closed,True,True
18307,268,0,0,0,0.0,closed,False,False
18306,612,2,0,0,0.0,closed,True,True
18305,0,479,0,0,0.0,closed,True,True
18304,9,0,0,0,0.0,closed,True,True
18303,277,73,0,0,0.0,closed,True,True
18302,1367,1,0,0,0.0,closed,True,True
18301,8,0,0,0,0.0,closed,True,True
18300,0,632,0,0,0.0,closed,True,True
18299,307,73,0,0,0.0,closed,True,True
18298,1,1,0,0,0.0,closed,True,True
18297,307,73,0,0,0.0,closed,False,False
18296,19,7,0,0,0.0,closed,True,True
18295,0,74,0,0,0.0,closed,False,False
18294,1143,14,0,0,0.0,closed,True,True
18293,8,2,0,0,0.0,closed,True,True
18292,0,74,0,0,0.0,closed,True,True
18291,0,732,0,0,0.0,closed,True,True
18290,0,570,0,0,0.0,closed,True,True
18289,35,10,0,0,0.0,closed,True,True
18288,6,6,1,0,0.0,closed,False,False
18287,3,3,0,0,0.0,closed,True,True
18286,3,3,0,0,0.0,closed,True,True
18285,1,1,0,0,0.0,closed,True,True
18284,18,18,0,0,0.0,closed,True,True
18283,1,1,0,0,0.0,closed,True,True
18282,303,75,0,0,0.0,closed,True,True
18281,0,76,0,0,0.0,closed,False,False
18280,333,75,0,0,0.0,closed,True,True
18279,1,700,0,0,0.0,closed,True,True
18278,1108,0,0,0,0.0,closed,True,True
18277,1,738,0,0,0.0,closed,True,True
18276,1014,0,0,0,0.0,closed,True,True
18275,1,1,0,1,0.5,closed,True,True
18274,62,5,0,0,0.0,closed,True,True
18272,4,1,0,0,0.0,closed,True,True
18270,0,6,0,0,0.0,closed,True,True
18269,40,13,0,0,0.0,closed,True,True
18268,329,75,0,0,0.0,closed,True,True
18267,2,0,0,0,0.0,closed,True,True
18266,19,15,0,0,0.0,closed,True,True
18265,26,7,1,0,0.0,closed,True,True
18264,1394,645,1,0,0.0,closed,False,False
18263,1649,28,0,0,0.0,closed,True,True
18262,7,7,0,0,0.0,closed,True,True
18261,13,6,1,0,0.0,closed,True,True
18260,1,1,0,0,0.0,closed,False,False
18259,1,849,0,0,0.0,closed,True,True
18258,11,12,0,0,0.0,closed,True,True
18257,11,10,0,0,0.0,closed,True,True
18256,7,5,0,0,0.0,closed,True,True
18254,1,1,2,0,0.0,closed,False,False
18253,58,28,0,0,0.0,closed,True,True
18251,44,34,0,0,0.0,closed,True,True
18250,8,6,1,4,1.0,closed,False,False
18248,11,0,0,0,0.0,closed,True,True
18247,6824,11,1,0,0.0,closed,False,False
18246,12,7,0,2,1.0,closed,True,True
18244,3,3,0,0,0.0,closed,True,True
18243,4,4,0,0,0.0,closed,True,True
18242,47,206,0,0,0.0,closed,True,True
18240,1,7,0,0,0.0,closed,True,True
18237,3,3,0,0,0.0,closed,True,True
18236,3,3,1,0,0.0,closed,True,True
18235,3,3,0,0,0.0,closed,True,True
18234,3,3,1,0,0.0,closed,True,True
18232,1085,765,2,1,0.015151515151515152,closed,True,True
18231,14,6,1,0,0.0,closed,True,True
18230,12,4,2,0,0.0,closed,True,True
18229,32,6,0,0,0.0,closed,True,True
18227,13,5,0,0,0.0,closed,True,True
18226,7,7,0,0,0.0,closed,True,True
18225,355,81,0,0,0.0,closed,True,True
18224,8,6,0,0,0.0,closed,True,True
18222,105,36,1,0,0.0,closed,True,True
18221,33,2,0,0,0.0,closed,True,True
18220,1327,731,0,0,0.0,closed,True,True
18219,134,82,0,0,0.0,closed,True,True
18218,228,1069,0,3,0.42857142857142855,closed,True,True
18217,139,169,1,6,2.0,closed,True,True
18216,309,77,0,0,0.0,closed,True,True
18215,29,2,0,0,0.0,closed,True,True
18214,23,28,0,0,0.0,closed,True,True
18212,4,3,0,0,0.0,closed,True,True
18211,70,12,0,0,0.0,closed,True,True
18210,26,3,0,0,0.0,closed,False,False
18209,1002,603,0,0,0.0,closed,True,True
18208,9,9,0,0,0.0,closed,True,True
18207,3,3,1,0,0.0,closed,False,False
18206,6,6,1,0,0.0,closed,False,False
18205,31,110,0,0,0.0,closed,True,True
18202,184,28,11,0,0.0,closed,False,False
18198,24,27,0,0,0.0,closed,True,True
18197,4,5,1,0,0.0,closed,True,True
18196,0,6,0,0,0.0,closed,True,True
18195,116,25,0,0,0.0,closed,True,True
18193,302,77,0,0,0.0,closed,True,True
18192,29,32,0,0,0.0,closed,True,True
18191,13,5,0,0,0.0,closed,True,True
18190,1036,508,0,0,0.0,closed,True,True
18189,4,4,0,0,0.0,closed,True,True
18187,445,110,4,3,0.12,closed,True,True
18186,7,13958,0,0,0.0,closed,True,True
18184,5,0,0,0,0.0,closed,True,True
18183,6,4,0,0,0.0,closed,True,True
18182,6,2,0,0,0.0,closed,True,True
18181,304,83,0,0,0.0,closed,True,True
18180,22,39,0,0,0.0,closed,True,True
18178,26,4,0,0,0.0,closed,False,False
18177,8,3,0,1,0.5,closed,True,True
18176,27,21,0,0,0.0,closed,True,True
18175,24,18,0,0,0.0,closed,True,True
18174,3,3,0,0,0.0,closed,True,True
18173,11,3,0,0,0.0,closed,True,True
18172,3,2,0,0,0.0,closed,True,True
18171,1,1,0,0,0.0,closed,True,True
18170,1059,456,2,0,0.0,closed,True,True
18169,6,6,0,0,0.0,closed,True,True
18168,3,3,1,0,0.0,closed,False,False
18167,3,3,0,0,0.0,closed,True,True
18147,42,3,0,0,0.0,closed,True,True
18146,42,14,0,0,0.0,closed,True,True
18145,3,3,0,0,0.0,closed,True,True
18144,13,8,0,0,0.0,closed,True,True
18143,8,0,0,0,0.0,closed,True,True
18141,20,2,0,0,0.0,closed,True,True
18140,252,19,0,0,0.0,closed,True,True
18136,44,18,0,0,0.0,closed,True,True
18135,9,21,0,0,0.0,closed,True,True
18134,2,6,0,0,0.0,closed,True,True
18132,99,92,0,0,0.0,closed,True,True
18131,235,199,0,0,0.0,closed,True,True
18129,30,15,0,0,0.0,open,False,False
18128,22,0,1,7,1.4,closed,True,True
18127,48,11,0,0,0.0,closed,True,True
18126,1,1,0,0,0.0,closed,True,True
18125,12740,9305,3,10,0.05181347150259067,closed,True,True
18124,5,2,0,0,0.0,closed,True,True
18123,109,33,1,0,0.0,closed,False,False
18122,5,2,0,0,0.0,closed,False,False
18121,2,2,0,0,0.0,closed,True,True
18119,323,0,1,0,0.0,closed,True,True
18118,2,4,0,0,0.0,closed,True,True
18117,107,98,0,0,0.0,closed,True,True
18116,2,1,0,0,0.0,closed,True,True
18115,162,135,0,0,0.0,closed,True,True
18114,19,21,0,0,0.0,closed,True,True
18113,6,0,0,0,0.0,open,False,False
18112,8,21,0,0,0.0,closed,True,True
18110,305,73,0,0,0.0,closed,True,True
18109,372,212,0,0,0.0,closed,False,False
18108,3,3,0,0,0.0,closed,True,True
18107,130,14,0,0,0.0,closed,True,True
18106,6,6,0,0,0.0,closed,True,True
18105,71,68,0,0,0.0,closed,True,True
18104,1,1,0,0,0.0,closed,True,True
18103,126,63,0,0,0.0,closed,True,True
18102,72,25,1,0,0.0,closed,True,True
18101,4,4,1,0,0.0,closed,True,True
18099,2,2,0,0,0.0,closed,True,True
18097,141,4,0,0,0.0,closed,True,True
18096,3,0,3,1,0.5,closed,True,True
18094,70,2,1,4,0.6666666666666666,closed,True,True
18093,4,0,0,0,0.0,closed,True,True
18092,32,0,4,0,0.0,closed,False,False
18091,42,24,0,0,0.0,closed,True,True
18090,177,169,0,0,0.0,closed,True,True
18088,1490,653,0,1,0.07692307692307693,closed,True,True
18087,61,67,0,0,0.0,closed,True,True
18086,22,11,0,0,0.0,closed,True,True
18085,1,0,0,0,0.0,closed,True,True
18084,15,3,0,0,0.0,closed,True,True
18083,6,11,0,0,0.0,closed,True,True
18082,6,7,0,0,0.0,closed,True,True
18081,52,7,0,0,0.0,closed,True,True
18080,984,1194,0,14,0.875,closed,True,True
18078,12,12,0,0,0.0,closed,True,True
18077,3,3,0,0,0.0,closed,True,True
18076,77,11,0,0,0.0,closed,True,True
18075,22,1,1,0,0.0,closed,True,True
18074,11,5,0,0,0.0,closed,True,True
18073,319,67,0,0,0.0,closed,True,True
18070,1299,645,0,0,0.0,closed,True,True
18069,2,2,0,0,0.0,closed,True,True
18068,274,2,0,0,0.0,closed,True,True
18067,5,0,2,0,0.0,closed,True,True
18066,4,0,0,0,0.0,closed,True,True
18064,1,1,2,2,2.0,closed,True,True
18063,317,114,1,0,0.0,closed,True,True
18062,15,146,0,0,0.0,closed,True,True
18061,3,3,1,0,0.0,closed,True,True
18060,3,0,0,0,0.0,closed,True,True
18058,4748,5030,0,0,0.0,closed,True,True
18057,9,1,0,0,0.0,closed,True,True
18056,8,0,0,0,0.0,closed,True,True
18055,449,101,0,0,0.0,closed,True,True
18054,207,206,0,0,0.0,closed,True,True
18052,6,6,0,0,0.0,closed,True,True
18051,3,0,0,0,0.0,closed,True,True
18050,1,1,0,0,0.0,closed,True,True
18049,9,9,0,0,0.0,closed,True,True
18048,6,6,0,0,0.0,closed,True,True
18047,3,3,0,0,0.0,closed,True,True
18046,3,3,0,0,0.0,closed,True,True
18045,3,3,0,0,0.0,closed,True,True
18044,3,3,1,0,0.0,closed,False,False
18043,2,2,0,0,0.0,closed,True,True
18041,99,47,0,0,0.0,closed,True,True
18040,23,14,1,0,0.0,closed,True,True
18039,2,2,0,0,0.0,closed,True,True
18038,33,38,0,0,0.0,closed,True,True
18037,26,34,0,0,0.0,closed,True,True
18035,49,19,0,0,0.0,closed,True,True
18034,2,2,0,0,0.0,closed,True,True
18032,32,15,1,0,0.0,closed,True,True
18031,3,5,0,6,3.0,closed,True,True
18030,247,75,0,0,0.0,closed,True,True
18029,103,225,0,0,0.0,closed,True,True
18028,7,7,0,0,0.0,closed,True,True
18027,261,75,0,0,0.0,closed,False,False
18026,686,252,1,0,0.0,closed,True,True
18025,1,1,0,0,0.0,closed,True,True
18024,14,6,0,2,1.0,closed,True,True
18023,95,12,0,0,0.0,closed,True,True
18022,11,11,0,0,0.0,closed,True,True
18021,1,1,0,0,0.0,closed,True,True
18020,1,1,0,0,0.0,closed,True,True
18019,1,1,2,0,0.0,closed,False,False
18018,14,2,0,0,0.0,closed,True,True
18017,47,31,0,0,0.0,closed,True,True
18016,128,71,0,0,0.0,closed,True,True
18014,1680,543,0,0,0.0,closed,True,True
18013,6,32,0,0,0.0,closed,True,True
18011,4,0,0,0,0.0,closed,True,True
18010,624,299,34,2,0.05263157894736842,closed,False,False
18008,19,4,0,0,0.0,closed,True,True
18006,14455,826,1,0,0.0,closed,True,True
18005,33,0,0,0,0.0,closed,True,True
18004,0,57,0,0,0.0,closed,True,True
18003,11,3,0,0,0.0,closed,True,True
18002,7,1,0,0,0.0,closed,True,True
18001,217,275,1,0,0.0,closed,True,True
18000,4,4,0,0,0.0,closed,True,True
17999,8,8,0,0,0.0,closed,True,True
17998,7,7,0,0,0.0,closed,True,True
17997,2,2,0,0,0.0,open,False,False
17986,15,2,0,0,0.0,closed,True,True
17985,13,0,0,0,0.0,closed,True,True
17984,39,39,0,0,0.0,closed,True,True
17983,2,2,0,0,0.0,closed,True,True
17982,1,1,0,0,0.0,closed,True,True
17981,30,2,0,0,0.0,closed,True,True
17980,28,0,0,0,0.0,closed,True,True
17979,34,0,0,0,0.0,closed,True,True
17974,3,3,0,0,0.0,closed,True,True
17973,28,11,0,1,0.5,closed,True,True
17971,27,0,0,0,0.0,closed,True,True
17970,45,11,0,0,0.0,closed,True,True
17969,8,3,0,0,0.0,closed,True,True
17968,9,2,0,0,0.0,closed,True,True
17967,1,1,0,0,0.0,closed,True,True
17965,205,62,7,5,0.15625,open,False,False
17964,967,0,21,0,0.0,open,False,False
17963,4,2,0,0,0.0,closed,True,True
17962,519,604,1,0,0.0,closed,True,True
17961,1,1,0,0,0.0,closed,True,True
17960,15,14,0,0,0.0,closed,True,True
17958,4,2,0,0,0.0,closed,True,True
17957,61,148,0,1,0.3333333333333333,closed,True,True
17956,1,1,0,0,0.0,closed,True,True
17954,2,1,0,0,0.0,closed,True,True
17953,25,26,0,0,0.0,closed,True,True
17951,2,2,0,0,0.0,closed,True,True
17950,238,0,0,0,0.0,closed,True,True
17949,38,0,0,0,0.0,closed,True,True
17948,1,1,0,0,0.0,closed,True,True
17947,925,0,0,0,0.0,closed,True,True
17946,8,0,0,0,0.0,closed,True,True
17945,4,2,0,0,0.0,closed,True,True
17944,214,0,0,0,0.0,closed,True,True
17943,7,59,0,2,0.6666666666666666,closed,True,True
17942,12,0,0,0,0.0,closed,True,True
17940,26,20,0,0,0.0,closed,True,True
17939,536,536,0,0,0.0,closed,True,True
17938,2411,40,0,0,0.0,closed,True,True
17937,221,5,0,0,0.0,closed,True,True
17936,12,0,3,0,0.0,closed,True,True
17935,1,1,0,0,0.0,closed,False,False
17934,1,1,0,0,0.0,closed,True,True
17933,3,3,0,0,0.0,closed,True,True
17932,3,3,0,0,0.0,closed,True,True
17930,357,475,0,0,0.0,closed,True,True
17928,536,536,1,0,0.0,closed,False,False
17926,5,1,0,0,0.0,closed,True,True
17925,11,1,0,0,0.0,closed,True,True
17924,18,6,3,2,1.0,closed,True,True
17923,9,9,0,0,0.0,closed,True,True
17922,6,6,1,0,0.0,closed,False,False
17921,9,7,0,0,0.0,closed,True,True
17920,3,3,1,0,0.0,closed,False,False
17919,3,4,0,0,0.0,closed,True,True
17918,3,3,1,0,0.0,closed,False,False
17917,3,3,0,0,0.0,closed,True,True
17916,9,9,0,0,0.0,closed,True,True
17915,438,488,12,0,0.0,closed,True,True
17913,42,14,0,0,0.0,closed,True,True
17911,5,0,0,0,0.0,closed,True,True
17910,29,5,0,0,0.0,closed,True,True
17909,22,0,0,0,0.0,closed,True,True
17908,1,1,1,0,0.0,closed,True,True
17906,4,2,3,0,0.0,closed,True,True
17901,7,3,2,0,0.0,closed,True,True
17900,20,25,0,0,0.0,closed,True,True
17897,2447,2447,0,0,0.0,closed,True,True
17896,15,0,0,0,0.0,closed,True,True
17895,7,5,0,0,0.0,closed,True,True
17894,37,26,0,0,0.0,closed,True,True
17889,5,1,0,0,0.0,closed,True,True
17888,10,5,0,10,1.4285714285714286,closed,True,True
17886,3,2,0,0,0.0,closed,True,True
17885,1,2,0,0,0.0,closed,True,True
17884,30,10,0,0,0.0,closed,True,True
17883,18,1,0,0,0.0,closed,True,True
17882,49,0,5,4,0.5,closed,True,True
17880,27,27,0,0,0.0,closed,True,True
17879,770,818,0,0,0.0,closed,True,True
17878,6,4,0,0,0.0,closed,True,True
17877,11,11,0,0,0.0,closed,True,True
17875,1,1,0,0,0.0,closed,True,True
17874,3,3,0,0,0.0,closed,True,True
17873,4,3,0,3,0.6,closed,True,True
17872,158,49,1,0,0.0,closed,True,True
17871,10,3,0,0,0.0,closed,True,True
17870,26,12,1,0,0.0,closed,True,True
17868,25,9,1,0,0.0,closed,True,True
17866,2778,2455,6,2,0.02631578947368421,closed,True,True
17865,22,9,0,0,0.0,closed,True,True
17864,52,10,1,0,0.0,open,False,False
17863,53,11,0,0,0.0,closed,True,True
17862,21,10,0,1,0.5,closed,True,True
17861,44,26,0,8,1.0,closed,True,True
17859,82,79,1,0,0.0,closed,True,True
17857,422,0,2,2,0.044444444444444446,closed,True,True
17856,1,0,2,0,0.0,closed,False,False
17855,17,4,0,0,0.0,closed,True,True
17854,3,3,0,0,0.0,closed,True,True
17853,12,12,1,0,0.0,closed,False,False
17852,24,24,0,0,0.0,closed,True,True
17851,3,3,0,0,0.0,closed,True,True
17850,3,0,0,0,0.0,closed,True,True
17849,4,1,0,0,0.0,closed,True,True
17848,2,1,0,0,0.0,closed,True,True
17847,2,2,0,0,0.0,closed,True,True
17846,0,2,0,0,0.0,closed,True,True
17844,1,0,0,0,0.0,closed,True,True
17843,18,1,0,0,0.0,closed,True,True
17840,37,27,0,0,0.0,closed,True,True
17839,0,16,0,0,0.0,closed,True,True
17838,25,6,0,0,0.0,closed,True,True
17837,15,23,0,0,0.0,closed,True,True
17836,18,17,1,0,0.0,closed,True,True
17835,27,14,0,0,0.0,closed,True,True
17834,6,2,0,0,0.0,closed,True,True
17832,60,0,0,2,0.6666666666666666,closed,True,True
17831,1,1,0,0,0.0,closed,True,True
17830,156,161,0,0,0.0,closed,True,True
17829,3,3,0,0,0.0,closed,True,True
17828,1,0,1,0,0.0,closed,True,True
17827,5,0,0,0,0.0,closed,True,True
17826,32,0,5,11,1.8333333333333333,closed,True,True
17824,11,5,0,0,0.0,closed,True,True
17823,1,1,0,0,0.0,closed,True,True
17822,3,3,0,0,0.0,closed,True,True
17821,4,3,0,0,0.0,closed,True,True
17820,1,1,0,0,0.0,closed,True,True
17819,90,59,0,0,0.0,closed,True,True
17818,10,0,0,0,0.0,closed,True,True
17817,20,39,0,0,0.0,closed,True,True
17815,3,3,0,0,0.0,closed,True,True
17814,1,1,1,0,0.0,closed,True,True
17811,2,2,0,0,0.0,closed,True,True
17810,14,36,0,0,0.0,closed,True,True
17809,260,262,2,0,0.0,closed,True,True
17808,11,5,0,0,0.0,closed,True,True
17807,40,1,0,0,0.0,closed,True,True
17806,7,7,0,0,0.0,closed,True,True
17805,31,182,0,0,0.0,closed,True,True
17804,12,20,0,0,0.0,closed,True,True
17803,16,97,0,0,0.0,closed,True,True
17800,10,14,0,0,0.0,closed,True,True
17799,12,14,0,0,0.0,closed,True,True
17797,425,409,0,2,0.125,closed,True,True
17795,450,773,0,0,0.0,closed,True,True
17794,13,3,0,0,0.0,closed,True,True
17793,1,1,0,0,0.0,closed,True,True
17792,19,88,0,0,0.0,closed,False,False
17789,8,38,0,0,0.0,closed,True,True
17788,6,1,0,0,0.0,closed,True,True
17786,4,4,0,0,0.0,closed,True,True
17785,1,1,0,0,0.0,closed,True,True
17784,9,4,0,0,0.0,closed,True,True
17783,113,228,0,0,0.0,closed,True,True
17782,7,0,1,0,0.0,closed,False,False
17781,203,236,0,0,0.0,closed,True,True
17779,9,9,0,0,0.0,closed,True,True
17776,73,369,0,0,0.0,closed,True,True
17775,18,56,0,0,0.0,closed,True,True
17774,86,4,7,0,0.0,open,False,False
17773,6,6,0,0,0.0,closed,True,True
17771,122,483,0,1,0.3333333333333333,closed,True,True
17770,16,6,0,0,0.0,closed,True,True
17769,14515,5836,0,0,0.0,closed,True,True
17768,45,264,0,4,2.0,closed,True,True
17766,615,86,37,6,0.24,closed,True,True
17765,68,14,0,0,0.0,closed,True,True
17764,4,5,0,0,0.0,closed,True,True
17763,12,4,0,0,0.0,closed,True,True
17762,1,0,0,0,0.0,closed,True,True
17761,20,5,0,0,0.0,closed,True,True
17760,187,1,0,0,0.0,closed,True,True
17759,17,44,0,6,2.0,closed,True,True
17758,8,5,0,0,0.0,closed,True,True
17757,15,128,0,0,0.0,closed,True,True
17756,126,24,0,0,0.0,closed,True,True
17755,5,1,0,0,0.0,closed,True,True
17753,61,48,5,12,1.0,closed,True,True
17752,6,6,0,0,0.0,closed,True,True
17751,22,7,0,0,0.0,closed,True,True
17749,0,1453,0,0,0.0,closed,True,True
17748,389,362,0,0,0.0,closed,True,True
17746,6,10,4,0,0.0,closed,True,True
17743,3814,294,0,0,0.0,closed,True,True
17742,2,1,0,0,0.0,closed,True,True
17740,2,2,0,0,0.0,closed,True,True
17738,9,0,0,6,1.0,closed,True,True
17736,129,313,1,1,0.14285714285714285,closed,True,True
17735,17,6,1,2,0.15384615384615385,closed,True,True
17734,70,60,0,4,0.4444444444444444,closed,True,True
17733,67,19,5,0,0.0,open,False,False
17732,21,0,0,0,0.0,closed,True,True
17731,2,1,1,0,0.0,closed,True,True
17730,71,0,0,0,0.0,closed,True,True
17729,123,122,0,0,0.0,closed,True,True
17726,3,2,0,0,0.0,closed,True,True
17725,109,2,0,0,0.0,closed,True,True
17722,1,1,0,0,0.0,closed,True,True
17721,1600,1600,0,0,0.0,closed,True,True
17720,2355,2386,2,0,0.0,closed,True,True
17719,16,27,0,0,0.0,closed,True,True
17718,13,59,0,0,0.0,closed,True,True
17717,50,46,0,0,0.0,closed,True,True
17715,3,3,2,0,0.0,closed,True,True
17714,10,0,0,0,0.0,closed,True,True
17712,3,3,0,0,0.0,closed,True,True
17711,6,0,0,0,0.0,closed,True,True
17710,3,3,0,0,0.0,closed,True,True
17709,6,6,1,0,0.0,closed,False,False
17708,9,9,0,0,0.0,closed,True,True
17707,3,3,1,0,0.0,closed,False,False
17706,3,3,0,0,0.0,closed,True,True
17705,1,1,0,0,0.0,closed,True,True
17704,278,52,0,6,0.46153846153846156,closed,True,True
17703,28,35,0,0,0.0,closed,True,True
17702,68,58,0,0,0.0,closed,True,True
17701,8,8,0,0,0.0,closed,True,True
17699,5,5,3,2,2.0,closed,True,True
17698,1,1,0,0,0.0,closed,True,True
17697,65,210,0,0,0.0,closed,True,True
17696,17,7,0,0,0.0,closed,True,True
17694,25,15,1,0,0.0,closed,True,True
17693,311,318,1,3,0.25,closed,True,True
17692,232,14,0,0,0.0,closed,True,True
17691,94,4,0,0,0.0,closed,True,True
17690,4,1,0,0,0.0,closed,True,True
17689,109,32,7,0,0.0,closed,True,True
17688,9,1,0,0,0.0,closed,True,True
17687,6,6,0,0,0.0,closed,True,True
17686,1,1,0,0,0.0,closed,True,True
17685,12,6,0,0,0.0,closed,True,True
17684,567,308,0,0,0.0,closed,True,True
17683,307,0,0,0,0.0,closed,True,True
17682,0,2,0,0,0.0,closed,True,True
17681,13,13,0,0,0.0,closed,True,True
17680,5,8,0,0,0.0,closed,True,True
17679,1101,10,0,0,0.0,closed,True,True
17678,58,58,1,4,1.3333333333333333,closed,True,True
17677,0,1,0,0,0.0,closed,True,True
17676,10,80,0,0,0.0,closed,True,True
17675,114,484,0,0,0.0,closed,True,True
17674,5,3,0,0,0.0,closed,True,True
17673,9,7,0,0,0.0,closed,True,True
17670,1,3,1,0,0.0,closed,True,True
17668,238,77,0,0,0.0,closed,True,True
17667,5,0,0,0,0.0,closed,True,True
17666,2,78,0,0,0.0,closed,False,False
17665,741,0,0,0,0.0,closed,True,True
17664,15,12,0,0,0.0,closed,True,True
17663,1,602,0,0,0.0,closed,True,True
17662,1,5,0,1,0.3333333333333333,closed,True,True
17661,41,35,1,0,0.0,closed,True,True
17660,1068,1068,0,0,0.0,closed,True,True
17659,3,3,0,0,0.0,closed,True,True
17657,38,2,1,3,1.5,closed,True,True
17655,3,3,0,0,0.0,closed,True,True
17654,2,2,0,0,0.0,closed,True,True
17653,882,2292,2,0,0.0,closed,True,True
17652,318,77,0,0,0.0,closed,True,True
17650,7,7,0,0,0.0,closed,True,True
17648,29,2,0,0,0.0,closed,True,True
17646,269,209,1,0,0.0,closed,True,True
17645,27,95,0,7,3.5,closed,True,True
17644,3,3,0,0,0.0,closed,True,True
17643,1,0,0,0,0.0,closed,True,True
17642,9,0,0,0,0.0,closed,True,True
17641,1,0,0,0,0.0,closed,True,True
17639,1,1,2,0,0.0,closed,True,True
17638,0,850,0,0,0.0,closed,True,True
17637,3129,0,0,0,0.0,closed,True,True
17635,8,0,0,0,0.0,closed,True,True
17634,15,10,0,0,0.0,closed,True,True
17633,7,1,1,0,0.0,closed,True,True
17631,3,3,0,0,0.0,closed,True,True
17630,19,80,0,0,0.0,closed,True,True
17629,143,116,0,0,0.0,closed,True,True
17628,0,781,0,0,0.0,closed,True,True
17627,33,6,0,0,0.0,closed,True,True
17626,34,15,0,0,0.0,closed,True,True
17624,638,514,0,0,0.0,closed,True,True
17623,31,0,0,3,3.0,open,False,False
17622,113,73,0,0,0.0,closed,True,True
17621,3,1,0,0,0.0,closed,True,True
17618,4,0,0,0,0.0,closed,True,True
17614,0,1278,0,0,0.0,closed,True,True
17613,12,1,0,0,0.0,closed,True,True
17612,32,26,1,0,0.0,closed,True,True
17611,7,2,0,0,0.0,closed,True,True
17610,43,8,0,0,0.0,closed,True,True
17609,12,12,0,0,0.0,closed,True,True
17607,1,1,0,0,0.0,closed,True,True
17606,674,222,0,0,0.0,closed,True,True
17605,88,12,3,26,2.888888888888889,closed,True,True
17604,11,2,0,1,0.3333333333333333,closed,True,True
17603,7,84,0,0,0.0,closed,True,True
17602,2,0,0,4,1.3333333333333333,closed,True,True
17600,0,1521,1,0,0.0,closed,True,True
17599,6,6,0,0,0.0,closed,True,True
17598,17,0,0,0,0.0,closed,True,True
17596,3,3,0,0,0.0,closed,True,True
17592,4,4,0,0,0.0,closed,True,True
17591,7,7,3,0,0.0,closed,True,True
17590,304,331,1,0,0.0,closed,False,False
17589,11,6,0,0,0.0,closed,True,True
17587,11,3,0,0,0.0,closed,True,True
17584,10,15,0,0,0.0,closed,True,True
17583,2,2,0,0,0.0,closed,True,True
17581,5,4,0,0,0.0,closed,True,True
17580,1,2,0,0,0.0,closed,True,True
17579,3,4,0,0,0.0,closed,False,False
17578,58,58,0,0,0.0,closed,True,True
17576,2,2,0,0,0.0,closed,True,True
17575,4,0,0,0,0.0,closed,True,True
17573,160,44,0,0,0.0,closed,True,True
17572,10,7,0,1,0.3333333333333333,closed,True,True
17571,293,545,0,11,0.7857142857142857,closed,True,True
17570,22,6,2,0,0.0,closed,True,True
17569,1,1,0,0,0.0,closed,True,True
17568,4,1,0,0,0.0,closed,True,True
17567,8,3,0,0,0.0,closed,True,True
17566,6,1,0,0,0.0,closed,True,True
17565,98,13,0,0,0.0,closed,True,True
17564,60,11,0,0,0.0,closed,True,True
17561,103,0,0,0,0.0,closed,True,True
17560,263,2,0,0,0.0,closed,True,True
17557,55,0,1,4,0.8,closed,True,True
17556,88,23,4,0,0.0,closed,True,True
17553,4,4,0,0,0.0,closed,True,True
17551,19,99,1,6,1.2,closed,True,True
17550,21,17,2,0,0.0,closed,True,True
17548,6,10,3,0,0.0,closed,True,True
17547,2,7,0,0,0.0,closed,True,True
17544,1,1,0,0,0.0,closed,True,True
17543,192,357,0,7,1.1666666666666667,closed,True,True
17542,3,3,0,0,0.0,closed,True,True
17541,259,586,0,0,0.0,closed,True,True
17538,5,5,2,0,0.0,closed,True,True
17536,2973,2,7,0,0.0,closed,True,True
17535,33,19,3,4,0.5,closed,True,True
17534,26,0,0,0,0.0,closed,True,True
17533,16,83,0,0,0.0,closed,True,True
17532,51,71,0,0,0.0,closed,True,True
17531,4,0,0,0,0.0,closed,True,True
17530,0,3,0,0,0.0,closed,True,True
17529,9,23,4,2,1.0,closed,False,False
17528,1,2,0,0,0.0,closed,True,True
17527,1,1,0,0,0.0,closed,True,True
17524,15,0,0,0,0.0,closed,True,True
17523,196,150,1,0,0.0,closed,False,False
17522,23,21,0,0,0.0,closed,True,True
17521,19,43,7,2,0.6666666666666666,closed,True,True
17520,3,3,0,0,0.0,closed,True,True
17519,245,176,0,0,0.0,open,False,False
17518,35,95,0,7,1.1666666666666667,closed,True,True
17517,70,71,5,0,0.0,closed,True,True
17516,210,65,1,23,0.7931034482758621,closed,True,True
17515,16,0,0,0,0.0,closed,True,True
17514,1,3,0,0,0.0,closed,True,True
17513,11,5,1,0,0.0,closed,True,True
17512,93,195,1,1,0.25,closed,True,True
17511,1,0,0,0,0.0,closed,True,True
17509,29,1061,0,4,0.6666666666666666,closed,True,True
17508,1,1,0,0,0.0,closed,True,True
17506,2,2,0,0,0.0,closed,True,True
17505,242,80,0,0,0.0,closed,True,True
17503,303,630,0,0,0.0,closed,True,True
17502,3,700,0,0,0.0,closed,True,True
17501,833,2,0,0,0.0,closed,True,True
17500,1,1,0,0,0.0,closed,True,True
17499,16,0,0,0,0.0,closed,True,True
17498,57,2,0,0,0.0,closed,False,False
17497,7449,2824,4,4,0.02531645569620253,closed,True,True
17496,1,5,0,0,0.0,closed,True,True
17495,1,1,0,0,0.0,closed,True,True
17494,57,2,1,0,0.0,closed,True,True
17493,8,28,0,0,0.0,closed,False,False
17492,0,5,0,0,0.0,closed,True,True
17491,23,13,0,0,0.0,closed,True,True
17490,0,0,0,0,0.0,closed,True,True
17489,23,23,0,0,0.0,closed,True,True
17488,8,8,0,0,0.0,closed,True,True
17487,2,2,0,0,0.0,closed,True,True
17486,23,23,0,0,0.0,closed,True,True
17484,272,319,4,0,0.0,closed,True,True
17483,9,9,0,0,0.0,closed,True,True
17482,4,1,0,0,0.0,closed,True,True
17481,8,8,0,0,0.0,closed,True,True
17480,3,2,0,0,0.0,closed,True,True
17479,7,7,0,0,0.0,closed,True,True
17478,20,3,0,0,0.0,closed,True,True
17477,0,86,0,0,0.0,closed,True,True
17476,9,9,0,5,1.6666666666666667,closed,True,True
17475,1539,139,5,1,0.017857142857142856,closed,True,True
17474,1,1,0,0,0.0,closed,True,True
17473,1,615,7,0,0.0,closed,True,True
17472,269,0,0,0,0.0,closed,True,True
17471,27,122,0,0,0.0,closed,True,True
17470,8,8,0,0,0.0,closed,True,True
17469,6,6,0,0,0.0,closed,True,True
17466,1211,2,0,0,0.0,closed,True,True
17465,0,78,0,0,0.0,closed,True,True
17464,270,0,0,0,0.0,closed,True,True
17463,1,578,0,0,0.0,closed,True,True
17462,882,0,0,0,0.0,closed,True,True
17461,32,6,0,0,0.0,closed,True,True
17460,174,21,0,0,0.0,closed,True,True
17458,268,0,0,0,0.0,closed,True,True
17457,21,9,0,0,0.0,closed,True,True
17455,16,0,0,0,0.0,closed,True,True
17454,2390,2,0,0,0.0,closed,True,True
17453,17,16,1,0,0.0,closed,False,False
17452,17,16,1,0,0.0,closed,False,False
17451,3,3,0,0,0.0,closed,True,True
17450,20,19,1,0,0.0,closed,False,False
17449,9,9,0,0,0.0,closed,True,True
17448,3,3,0,0,0.0,closed,True,True
17447,3,3,0,0,0.0,closed,True,True
17446,88,0,0,0,0.0,closed,True,True
17445,39,0,0,3,0.75,closed,True,True
17444,1,0,0,0,0.0,closed,True,True
17443,32,11,0,0,0.0,closed,True,True
17442,55,39,0,0,0.0,closed,True,True
17441,24,136,0,0,0.0,closed,True,True
17440,206,20,0,0,0.0,closed,False,False
17439,21,6,0,0,0.0,closed,True,True
17438,30,2,0,0,0.0,closed,True,True
17437,44448,3,0,0,0.0,closed,True,True
17436,2,3,0,0,0.0,closed,True,True
17434,399,399,0,0,0.0,closed,True,True
17433,3,3,0,0,0.0,closed,True,True
17432,192,3,0,0,0.0,closed,True,True
17431,193,2,0,0,0.0,closed,False,False
17430,1,1,0,0,0.0,closed,True,True
17429,0,707,0,0,0.0,closed,True,True
17428,1448,0,0,0,0.0,closed,True,True
17427,1,1,0,0,0.0,closed,True,True
17425,2,4,0,0,0.0,closed,True,True
17424,5,5,0,0,0.0,closed,True,True
17423,3,3,5,0,0.0,closed,True,True
17422,209,3,0,0,0.0,closed,False,False
17420,28,12,0,0,0.0,closed,True,True
17419,1,1,0,0,0.0,closed,True,True
17418,1,1,0,0,0.0,closed,True,True
17417,0,831,0,0,0.0,closed,True,True
17416,210,2,0,0,0.0,closed,True,True
17415,2,0,0,0,0.0,closed,True,True
17414,137,12,2,0,0.0,open,False,False
17413,493,159,2,10,0.30303030303030304,closed,True,True
17410,1806,5,0,0,0.0,closed,True,True
17409,31,36,0,3,1.5,closed,True,True
17408,16,0,0,0,0.0,closed,True,True
17407,1,1,0,0,0.0,closed,True,True
17406,3,3,0,0,0.0,closed,True,True
17405,3,3,0,0,0.0,closed,True,True
17404,3,3,0,0,0.0,closed,True,True
17403,3,3,0,0,0.0,closed,True,True
17402,2,2,0,0,0.0,closed,True,True
17401,3,3,0,0,0.0,closed,True,True
17399,166,2,0,0,0.0,closed,True,True
17398,18,9,0,0,0.0,closed,True,True
17397,16,0,0,0,0.0,closed,True,True
17396,2,11,0,0,0.0,closed,True,True
17395,0,7,0,0,0.0,closed,True,True
17394,809,5,0,0,0.0,closed,True,True
17391,7,1,1,0,0.0,closed,True,True
17390,48,82,3,6,0.5454545454545454,closed,True,True
17388,18,1,0,0,0.0,closed,True,True
17387,20,8,0,0,0.0,closed,True,True
17386,37,138,0,0,0.0,closed,True,True
17385,80,0,0,0,0.0,closed,True,True
17384,1,1,0,0,0.0,closed,True,True
17383,25,15,0,0,0.0,closed,True,True
17382,7,29,0,0,0.0,closed,True,True
17381,1,1,0,0,0.0,closed,True,True
17380,34,62,0,0,0.0,closed,True,True
17379,3,3,0,0,0.0,closed,True,True
17378,1,1,0,0,0.0,closed,True,True
17377,3,0,3,0,0.0,closed,True,True
17376,8,0,0,0,0.0,closed,True,True
17375,3,3,0,0,0.0,closed,True,True
17373,13,0,0,0,0.0,closed,True,True
17372,9,3,0,0,0.0,closed,True,True
17371,185,3,0,0,0.0,closed,True,True
17370,13,5,0,0,0.0,closed,True,True
17369,4,2,1,0,0.0,closed,True,True
17367,986,2,1,0,0.0,closed,True,True
17366,1,1,2,0,0.0,closed,True,True
17365,38,78,0,5,1.6666666666666667,closed,True,True
17364,9,11,0,0,0.0,closed,True,True
17363,2,1,1,0,0.0,closed,False,False
17362,3,3,0,0,0.0,closed,True,True
17361,4,4,0,0,0.0,closed,True,True
17360,2,1,0,0,0.0,closed,True,True
17359,2,0,0,0,0.0,closed,True,True
17358,37,18,0,0,0.0,closed,True,True
17357,5,0,0,0,0.0,closed,True,True
17356,6,3,0,0,0.0,closed,True,True
17355,3,1,0,0,0.0,closed,True,True
17354,1,0,0,0,0.0,closed,True,True
17353,177,2,0,0,0.0,closed,True,True
17352,5,2,0,0,0.0,closed,True,True
17351,356,3,12,7,1.0,closed,True,True
17348,62,44,0,7,1.75,closed,True,True
17346,60,166,3,4,2.0,open,False,False
17345,5,5,1,0,0.0,closed,False,False
17344,887,0,0,0,0.0,closed,True,True
17343,5,4,0,0,0.0,closed,True,True
17342,1,1,0,0,0.0,closed,True,True
17339,0,94,0,0,0.0,closed,True,True
17338,2,2,0,0,0.0,closed,True,True
17337,18,18,0,0,0.0,closed,True,True
17336,3,3,0,0,0.0,closed,True,True
17335,3,3,0,0,0.0,closed,True,True
17334,3,3,1,0,0.0,closed,False,False
17333,12,12,1,0,0.0,closed,False,False
17330,53,2,1,3,0.75,closed,True,True
17329,137,75,12,7,0.7777777777777778,closed,True,True
17328,221,0,1,2,0.2857142857142857,open,False,False
17327,1,2,1,0,0.0,closed,True,True
17326,1,1,0,0,0.0,closed,True,True
17325,584,13,0,0,0.0,closed,True,True
17323,67,106,0,9,2.25,closed,True,True
17322,41,198,0,0,0.0,closed,True,True
17320,0,10,0,0,0.0,closed,True,True
17319,3,9,1,0,0.0,closed,True,True
17318,174,13,0,0,0.0,open,False,False
17317,3,0,0,0,0.0,closed,True,True
17316,1,1,0,0,0.0,closed,True,True
17315,101,224,0,0,0.0,closed,True,True
17314,31,8,2,3,0.375,closed,True,True
17313,4,0,0,2,2.0,closed,True,True
17312,6,4,0,0,0.0,closed,True,True
17310,1,1,0,0,0.0,closed,True,True
17309,26,21,2,0,0.0,closed,True,True
17308,314,249,2,0,0.0,open,False,False
17307,1,1,0,0,0.0,closed,True,True
17306,2,2,0,3,3.0,closed,True,True
17305,15,15,0,0,0.0,closed,True,True
17304,14,7,0,0,0.0,closed,True,True
17301,780,1,0,0,0.0,closed,False,False
17300,3,3,0,0,0.0,closed,True,True
17299,3,3,1,0,0.0,closed,True,True
17298,2,2,1,0,0.0,closed,True,True
17297,9,9,0,0,0.0,closed,True,True
17296,6,6,1,0,0.0,closed,True,True
17295,105,17,4,0,0.0,closed,True,True
17294,1,1,2,1,1.0,closed,True,True
17292,28,21,0,0,0.0,closed,True,True
17291,590,165,1,0,0.0,closed,True,True
17290,115,35,0,0,0.0,closed,True,True
17289,3,3,0,0,0.0,closed,True,True
17288,2,10,1,0,0.0,closed,True,True
17286,21,10,0,0,0.0,closed,True,True
17285,12,3,0,0,0.0,closed,True,True
17283,13,4,0,0,0.0,closed,True,True
17282,10,3,1,0,0.0,closed,True,True
17281,8,2,0,0,0.0,closed,True,True
17279,3,1,0,0,0.0,closed,True,True
17276,1,8,2,0,0.0,closed,True,True
17275,27,5,3,5,1.25,closed,False,False
17274,1,1,0,0,0.0,closed,True,True
17273,11,6,0,0,0.0,closed,True,True
17272,308,74,0,0,0.0,closed,True,True
17271,9,4,0,0,0.0,closed,True,True
17270,18,18,0,0,0.0,closed,True,True
17269,149,73,0,0,0.0,closed,True,True
17268,13,18,0,0,0.0,closed,True,True
17267,17,50,0,0,0.0,closed,True,True
17266,5,0,0,0,0.0,closed,True,True
17264,2,1,0,0,0.0,closed,True,True
17263,4,0,0,0,0.0,closed,True,True
17261,11,4,1,1,1.0,closed,True,True
17260,2113,1631,0,0,0.0,closed,True,True
17259,1,3,0,2,1.0,closed,True,True
17258,9,2,0,2,1.0,closed,True,True
17257,7,1,0,0,0.0,closed,True,True
17256,15,6,0,0,0.0,closed,True,True
17255,1,0,0,0,0.0,closed,True,True
17254,6,0,0,0,0.0,closed,True,True
17252,78,68,0,0,0.0,closed,True,True
17251,63,62,1,4,0.6666666666666666,closed,True,True
17250,15,25,0,0,0.0,closed,True,True
17249,2,20,0,0,0.0,closed,True,True
17248,6,3,0,0,0.0,closed,True,True
17247,3,3,0,0,0.0,closed,True,True
17246,9,9,0,0,0.0,closed,True,True
17245,2,2,1,0,0.0,closed,True,True
17244,223,41,0,0,0.0,closed,True,True
17243,2,0,2,0,0.0,closed,True,True
17240,4,1,3,0,0.0,open,False,False
17239,181,119,0,0,0.0,closed,True,True
17238,3479,1934,0,1,0.01818181818181818,closed,True,True
17237,447,434,0,0,0.0,closed,True,True
17234,14,6,0,0,0.0,closed,True,True
17232,877,848,0,0,0.0,closed,True,True
17231,43,26,0,0,0.0,closed,True,True
17228,1,1,0,0,0.0,closed,True,True
17227,1,1,0,0,0.0,closed,True,True
17225,34,0,0,0,0.0,closed,True,True
17224,55,0,0,1,0.5,closed,True,True
17222,2,2,0,0,0.0,closed,True,True
17220,11,11,0,0,0.0,closed,True,True
17219,114,0,0,0,0.0,closed,True,True
17218,1,1,0,0,0.0,closed,True,True
17217,205,30,3,1,0.5,closed,False,False
17216,56,41,2,1,0.2,closed,True,True
17215,1,1,0,0,0.0,closed,True,True
17214,14,12,0,2,1.0,closed,True,True
17213,6,6,0,0,0.0,closed,False,False
17212,2,2,0,0,0.0,closed,True,True
17211,3,3,0,0,0.0,closed,True,True
17209,2,0,1,0,0.0,closed,True,True
17208,1989,981,0,0,0.0,closed,True,True
17207,106,87,2,2,0.3333333333333333,closed,True,True
17206,3,3,0,0,0.0,closed,True,True
17205,16,23,0,0,0.0,closed,True,True
17204,2,0,0,0,0.0,closed,True,True
17203,171,124,0,0,0.0,closed,True,True
17199,71,0,1,0,0.0,open,False,False
17198,14,1,0,0,0.0,closed,True,True
17197,20,1,0,0,0.0,closed,True,True
17196,2,1,0,0,0.0,closed,True,True
17195,1190,115,0,0,0.0,closed,False,False
17194,2,2,0,0,0.0,closed,True,True
17193,1,1,0,0,0.0,closed,True,True
17191,277,332,11,4,0.13333333333333333,closed,True,True
17190,78,85,1,2,2.0,closed,True,True
17189,4,0,0,0,0.0,closed,True,True
17187,6,6,0,0,0.0,closed,True,True
17186,6,6,1,0,0.0,closed,False,False
17185,3,3,0,0,0.0,closed,True,True
17184,12,12,0,0,0.0,closed,True,True
17183,9,9,1,0,0.0,closed,False,False
17182,9,9,0,0,0.0,closed,True,True
17181,3,2,0,0,0.0,closed,False,False
17180,5147,4505,1,0,0.0,closed,True,True
17176,1,1,0,0,0.0,closed,True,True
17174,14,18,0,0,0.0,closed,True,True
17173,1,1,0,0,0.0,closed,True,True
17172,8,7,0,0,0.0,closed,True,True
17171,25,0,0,0,0.0,closed,True,True
17167,42,81,0,0,0.0,closed,True,True
17166,468,117,0,0,0.0,closed,True,True
17165,1108,527,0,0,0.0,closed,True,True
17164,146,146,0,0,0.0,closed,True,True
17162,3,2,0,0,0.0,closed,True,True
17160,283,111,0,0,0.0,closed,True,True
17159,3,3,0,1,0.5,closed,True,True
17158,289,4,0,0,0.0,closed,False,False
17157,49,9,0,0,0.0,closed,True,True
17156,153,50,4,4,0.36363636363636365,closed,True,True
17154,3,3,0,0,0.0,closed,True,True
17153,21,1,1,0,0.0,closed,True,True
17152,852,18,0,0,0.0,closed,True,True
17151,55,25,0,2,0.3333333333333333,closed,True,True
17149,2,1,0,2,1.0,closed,True,True
17146,392,0,0,0,0.0,closed,True,True
17145,204,148,0,0,0.0,closed,True,True
17144,2,1,0,0,0.0,closed,True,True
17143,56,6,1,0,0.0,closed,False,False
17142,6,3,0,0,0.0,closed,True,True
17141,3,3,0,0,0.0,closed,True,True
17140,28,28,0,0,0.0,closed,True,True
17139,142,0,0,10,2.5,closed,True,True
17138,3,3,1,0,0.0,closed,False,False
17137,3,3,0,0,0.0,closed,True,True
17136,27,32,0,0,0.0,closed,True,True
17135,12,18,0,0,0.0,closed,True,True
17134,12,12,0,0,0.0,closed,True,True
17131,7,7,3,0,0.0,closed,True,True
17129,3,4,0,0,0.0,closed,True,True
17128,283,183,3,10,0.5882352941176471,closed,True,True
17127,4,4,0,0,0.0,closed,True,True
17126,8,2,0,0,0.0,closed,True,True
17125,3,3,0,0,0.0,closed,True,True
17124,494,202,0,0,0.0,closed,True,True
17120,58,57,0,8,0.8,closed,True,True
17118,1,1,0,0,0.0,closed,True,True
17117,13,13,0,2,0.6666666666666666,closed,True,True
17116,2,60,0,0,0.0,closed,True,True
17115,34,19,0,0,0.0,closed,True,True
17114,1,0,0,0,0.0,closed,True,True
17113,1124,1306,0,0,0.0,closed,True,True
17112,38,10,0,0,0.0,closed,True,True
17111,294,113,0,0,0.0,closed,True,True
17110,1,1314,0,0,0.0,closed,True,True
17109,1,1,1,0,0.0,closed,False,False
17108,149,133,0,0,0.0,closed,True,True
17107,21,30,0,0,0.0,closed,True,True
17106,12,239,0,0,0.0,closed,True,True
17104,13,5,0,0,0.0,closed,True,True
17103,314,672,0,0,0.0,closed,True,True
17101,799,770,1,10,1.4285714285714286,closed,True,True
17100,2,0,0,0,0.0,closed,True,True
17098,2,197,0,0,0.0,closed,False,False
17097,2,81,0,0,0.0,closed,True,True
17096,0,268,0,0,0.0,closed,True,True
17095,6,6,1,2,0.6666666666666666,closed,True,True
17094,19,449,0,0,0.0,closed,True,True
17093,1,0,0,0,0.0,closed,True,True
17092,3,3,0,0,0.0,closed,True,True
17091,2,2,0,0,0.0,closed,True,True
17088,175,240,3,0,0.0,closed,True,True
17087,26,0,0,0,0.0,closed,True,True
17086,1,1,0,0,0.0,closed,True,True
17085,3,1,0,0,0.0,closed,True,True
17084,1,1,0,0,0.0,closed,True,True
17081,1,1,0,0,0.0,closed,True,True
17079,60,31,0,0,0.0,closed,True,True
17077,135,73,3,0,0.0,closed,True,True
17076,4,1,0,0,0.0,closed,False,False
17073,883,68,19,5,0.049019607843137254,open,False,False
17071,164,12,2,3,1.5,closed,True,True
17069,18,17,0,0,0.0,closed,True,True
17066,163,0,4,4,0.8,closed,True,True
17064,27541,19201,3,0,0.0,closed,True,True
17063,2,2,0,0,0.0,closed,True,True
17062,1,1,0,0,0.0,closed,True,True
17061,1097,1097,0,0,0.0,closed,True,True
17060,67,14,4,0,0.0,closed,True,True
17059,2,2,0,0,0.0,closed,True,True
17057,46,44,0,0,0.0,closed,True,True
17056,5,6,4,0,0.0,closed,True,True
17054,1,1,0,0,0.0,closed,True,True
17052,41,9,0,0,0.0,closed,True,True
17051,6,0,0,0,0.0,closed,True,True
17050,1,0,3,0,0.0,open,False,False
17049,111,111,3,0,0.0,closed,False,False
17048,427,431,0,0,0.0,closed,True,True
17047,109,85,0,0,0.0,closed,True,True
17045,190,43,1,0,0.0,closed,True,True
17044,67,20,0,0,0.0,closed,True,True
17043,2,2,0,0,0.0,closed,True,True
17042,105,7,0,0,0.0,closed,True,True
17040,2465,2465,1,0,0.0,closed,True,True
17039,7,7,0,0,0.0,closed,True,True
17038,3,1,0,0,0.0,closed,True,True
17037,209,352,0,0,0.0,closed,True,True
17036,0,13,0,0,0.0,closed,True,True
17035,26,0,1,2,0.2857142857142857,closed,True,True
17034,760,2,1,0,0.0,closed,True,True
17033,8,4,0,0,0.0,closed,True,True
17032,3,3,1,0,0.0,closed,False,False
17031,6,6,1,0,0.0,closed,False,False
17030,3,8,0,0,0.0,closed,True,True
17029,9,9,0,0,0.0,closed,True,True
17028,1,1,0,0,0.0,closed,True,True
17027,40,13,15,4,0.36363636363636365,closed,True,True
17024,1,1,0,0,0.0,closed,True,True
17023,73,28,0,0,0.0,closed,True,True
17022,121,105,5,0,0.0,closed,True,True
17021,1,1,0,0,0.0,closed,True,True
17020,7,5,0,0,0.0,closed,True,True
17018,81,72,0,0,0.0,closed,True,True
17017,1,1,0,0,0.0,closed,True,True
17014,3171,1179,7,10,0.625,closed,True,True
17012,9,8,0,0,0.0,closed,True,True
17011,2,2,0,0,0.0,closed,False,False
17010,261,105,1,2,1.0,closed,True,True
17009,6,3,0,0,0.0,closed,True,True
17008,10,4,0,0,0.0,closed,True,True
17006,66,0,1,10,0.9090909090909091,closed,True,True
17005,1993,2042,26,5,0.2777777777777778,closed,True,True
17004,14,14,2,0,0.0,closed,True,True
17003,6,6,1,0,0.0,closed,False,False
17002,60,11,2,0,0.0,closed,False,False
17001,3,2,0,0,0.0,closed,True,True
17000,10,115,5,0,0.0,closed,False,False
16999,21,18,0,0,0.0,closed,True,True
16998,7,7,4,0,0.0,closed,True,True
16997,345391,0,1,0,0.0,closed,True,True
16996,4,8,0,0,0.0,closed,True,True
16995,0,707,0,0,0.0,closed,True,True
16994,2,74,0,0,0.0,closed,True,True
16993,20,16,1,0,0.0,closed,True,True
16992,853,855,0,0,0.0,closed,True,True
16991,99,75,0,0,0.0,closed,True,True
16989,19,23,0,0,0.0,closed,True,True
16988,2,1,3,5,1.6666666666666667,closed,False,False
16987,133,110,0,0,0.0,closed,True,True
16985,6,5,1,0,0.0,closed,True,True
16984,64,40,0,8,1.0,closed,True,True
16983,2,1,1,0,0.0,closed,False,False
16982,9,5,0,0,0.0,closed,True,True
16980,1,1,2,2,2.0,closed,True,True
16979,6,10,0,0,0.0,closed,True,True
16978,16,21,0,0,0.0,closed,True,True
16976,131,2,0,0,0.0,closed,False,False
16974,8,8,0,0,0.0,closed,True,True
16972,37,1,1,0,0.0,closed,True,True
16970,34,38,2,0,0.0,closed,True,True
16968,21,21,0,0,0.0,closed,True,True
16967,13,13,0,0,0.0,closed,True,True
16966,6,5,0,0,0.0,closed,True,True
16965,1032,1032,4,0,0.0,closed,True,True
16963,87,0,1,0,0.0,closed,False,False
16962,3,2,0,0,0.0,closed,False,False
16960,13,3,0,0,0.0,closed,True,True
16959,13,2,0,0,0.0,closed,True,True
16958,34,8,0,0,0.0,closed,True,True
16957,0,2,0,0,0.0,closed,True,True
16956,1,1,0,0,0.0,closed,True,True
16955,2,2,1,0,0.0,closed,True,True
16954,522,522,0,0,0.0,closed,True,True
16953,300,233,1,0,0.0,closed,False,False
16952,1,1,0,0,0.0,closed,True,True
16951,19,30,0,0,0.0,closed,True,True
16950,2,2,0,0,0.0,closed,True,True
16949,82,3,1,5,1.6666666666666667,closed,True,True
16948,545,534,0,0,0.0,closed,True,True
16946,6,295,5,0,0.0,closed,True,True
16945,3,3,1,0,0.0,closed,False,False
16944,2,5,0,0,0.0,closed,True,True
16943,4,1,0,0,0.0,closed,True,True
16941,62,12,1,0,0.0,closed,False,False
16940,3,0,1,0,0.0,closed,True,True
16939,2,2,0,0,0.0,closed,True,True
16938,20,9168,0,5,0.625,closed,True,True
16937,21,11,0,2,1.0,closed,True,True
16936,10,14,0,0,0.0,closed,True,True
16935,0,249,0,0,0.0,closed,True,True
16934,2,2,0,0,0.0,closed,True,True
16933,70,70,0,0,0.0,closed,True,True
16932,4,4,0,0,0.0,closed,True,True
16931,3,0,0,0,0.0,closed,True,True
16930,2,2,0,0,0.0,closed,True,True
16929,7,0,0,0,0.0,closed,True,True
16928,2,2,1,0,0.0,closed,True,True
16927,1,1,0,0,0.0,closed,True,True
16926,2,2,1,0,0.0,closed,True,True
16925,108,66,0,0,0.0,closed,True,True
16924,4,4,0,0,0.0,closed,True,True
16923,3,1,1,0,0.0,open,False,False
16922,8,3,2,0,0.0,closed,True,True
16920,3733,3472,0,0,0.0,closed,True,True
16917,41,24,0,0,0.0,closed,True,True
16916,3,1,0,0,0.0,closed,True,True
16915,760,391,0,0,0.0,closed,True,True
16914,1,66,7,0,0.0,closed,False,False
16913,163,163,0,0,0.0,closed,True,True
16912,15,0,0,0,0.0,closed,False,False
16911,281,147,0,0,0.0,closed,True,True
16910,1,0,1,0,0.0,closed,True,True
16908,62,15,0,0,0.0,closed,True,True
16907,7,13,0,0,0.0,closed,True,True
16906,7,9,2,0,0.0,closed,True,True
16905,0,49,4,0,0.0,closed,True,True
16904,4,4,0,0,0.0,closed,True,True
16903,54,54,1,0,0.0,closed,True,True
16902,2,2,0,0,0.0,closed,True,True
16901,20,16,0,0,0.0,closed,True,True
16900,40,21,0,0,0.0,closed,True,True
16899,108,108,0,0,0.0,closed,True,True
16898,0,1,0,0,0.0,closed,True,True
16897,0,1,0,0,0.0,closed,True,True
16896,510,510,1,0,0.0,closed,True,True
16895,39,31,1,0,0.0,closed,True,True
16894,21,107,2,1,0.3333333333333333,closed,True,True
16893,487,178,0,0,0.0,closed,True,True
16892,1,1,0,0,0.0,closed,True,True
16891,17,32,0,0,0.0,closed,True,True
16890,367,239,0,0,0.0,closed,True,True
16889,1,0,0,0,0.0,closed,True,True
16887,12,5,0,0,0.0,closed,True,True
16886,4,4,0,0,0.0,closed,True,True
16885,2,2,0,0,0.0,closed,True,True
16883,1,0,1,0,0.0,closed,False,False
16882,2,2,0,0,0.0,closed,True,True
16881,36,35,0,2,0.6666666666666666,closed,True,True
16880,392,251,0,0,0.0,closed,True,True
16878,1596,1670,2,0,0.0,closed,False,False
16877,379,8,0,0,0.0,closed,True,True
16875,5,2,0,0,0.0,closed,True,True
16874,1,3,0,0,0.0,closed,True,True
16873,2,0,0,0,0.0,closed,True,True
16872,652,60,2,0,0.0,closed,True,True
16870,1,1,0,0,0.0,closed,True,True
16869,78,40,7,0,0.0,open,False,False
16868,2254,0,0,0,0.0,closed,True,True
16867,524,140,0,1,0.5,closed,True,True
16866,2,0,0,0,0.0,closed,True,True
16865,1,1,0,0,0.0,closed,True,True
16864,1,1,0,0,0.0,closed,True,True
16863,86,32,0,0,0.0,closed,True,True
16862,1,1,0,0,0.0,closed,True,True
16861,871,404,0,1,1.0,closed,True,True
16860,1,1,0,0,0.0,closed,True,True
16859,1,1,0,0,0.0,closed,True,True
16858,5,1,0,0,0.0,closed,True,True
16856,842,0,1,0,0.0,open,False,False
16855,681,0,0,0,0.0,open,False,False
16853,25,9,0,0,0.0,closed,True,True
16851,1,1,0,4,2.0,closed,True,True
16848,4,0,0,0,0.0,closed,True,True
16845,16,0,0,0,0.0,closed,True,True
16844,2,2,2,0,0.0,closed,True,True
16843,1,1,0,0,0.0,closed,True,True
16841,13,7,0,0,0.0,closed,True,True
16838,67,64,1,0,0.0,closed,True,True
16837,2036,1035,1,0,0.0,closed,True,True
16836,76,1,0,0,0.0,closed,True,True
16835,59,2,0,0,0.0,closed,True,True
16834,50,0,2,0,0.0,closed,True,True
16831,2,0,0,0,0.0,closed,True,True
16830,27,3,0,0,0.0,closed,True,True
16828,7,2,0,0,0.0,closed,True,True
16827,122,7,0,0,0.0,closed,True,True
16825,3,1,0,2,2.0,closed,True,True
16824,1,1,0,0,0.0,closed,True,True
16823,4,4,2,0,0.0,closed,True,True
16821,20,14,0,0,0.0,closed,True,True
16820,39,33,0,0,0.0,closed,True,True
16816,66,37,0,6,1.5,closed,True,True
16815,133,0,1,0,0.0,closed,True,True
16814,15,12,0,0,0.0,closed,True,True
16813,36,10,2,0,0.0,closed,True,True
16811,18,9,0,3,0.75,closed,True,True
16810,65,65,1,0,0.0,closed,True,True
16806,2,2,0,0,0.0,closed,True,True
16805,0,32,0,0,0.0,closed,True,True
16804,80,3000,2,0,0.0,closed,True,True
16803,2,2,0,1,0.5,closed,True,True
16800,12,0,0,0,0.0,closed,True,True
16798,175,2,2,12,0.3076923076923077,closed,True,True
16794,53,33,0,0,0.0,closed,True,True
16793,32,9,0,0,0.0,closed,True,True
16792,5,5,0,0,0.0,closed,True,True
16791,2,0,1,0,0.0,closed,True,True
16789,4,0,0,0,0.0,closed,True,True
16788,1111,1305,1,0,0.0,closed,True,True
16787,271,203,6,4,0.8,closed,True,True
16786,89,92,0,0,0.0,closed,True,True
16784,3,0,0,0,0.0,closed,True,True
16782,25091,363,2,0,0.0,closed,False,False
16780,14,24,0,0,0.0,closed,True,True
16779,7250,6804,6,4,0.04819277108433735,closed,True,True
16778,41,12,0,0,0.0,closed,True,True
16777,21,23,0,0,0.0,closed,True,True
16776,0,5,0,0,0.0,closed,True,True
16775,10,10,0,0,0.0,closed,True,True
16774,1,1,0,0,0.0,closed,True,True
16773,5,4,0,0,0.0,closed,False,False
16772,275,173,0,0,0.0,closed,False,False
16771,20,10,0,0,0.0,closed,True,True
16770,8,5,0,0,0.0,closed,True,True
16769,5,2,0,0,0.0,closed,True,True
16768,2,2,2,0,0.0,closed,True,True
16767,8,1,0,0,0.0,closed,False,False
16766,5,8,0,0,0.0,closed,True,True
16765,1,0,0,0,0.0,closed,True,True
16764,591,12,0,0,0.0,closed,True,True
16763,11,11,0,0,0.0,closed,True,True
16762,357,145,0,0,0.0,closed,False,False
16761,4,0,0,0,0.0,closed,True,True
16760,8,15,0,0,0.0,closed,True,True
16759,10,33,0,0,0.0,closed,True,True
16758,7,3,0,0,0.0,closed,True,True
16757,39,0,0,0,0.0,closed,True,True
16756,85,0,10,2,0.5,closed,True,True
16755,9290,4,0,0,0.0,closed,True,True
16754,4,4,0,0,0.0,closed,True,True
16753,463,463,0,0,0.0,closed,True,True
16750,5,5,0,0,0.0,closed,True,True
16749,6,12,0,0,0.0,closed,True,True
16748,62,6,0,0,0.0,closed,True,True
16747,1,1,0,2,1.0,closed,True,True
16745,143,246,0,0,0.0,closed,True,True
16744,1,1,2,0,0.0,closed,False,False
16743,29,0,2,0,0.0,closed,False,False
16742,13,7,0,0,0.0,closed,True,True
16739,2,2,0,0,0.0,closed,True,True
16738,26,26,0,0,0.0,closed,True,True
16736,15,0,0,0,0.0,closed,True,True
16734,0,11,0,0,0.0,closed,True,True
16732,64,53,0,1,0.5,closed,True,True
16731,71,58,5,2,0.16666666666666666,closed,True,True
16730,4,2,1,0,0.0,closed,True,True
16728,2,2,0,0,0.0,closed,True,True
16727,70,100,0,0,0.0,closed,True,True
16726,1,1,2,0,0.0,closed,True,True
16725,21,19,0,0,0.0,closed,True,True
16724,54,0,0,0,0.0,closed,True,True
16723,3,0,0,0,0.0,closed,True,True
16720,28,15,1,0,0.0,closed,True,True
16719,1,1,0,0,0.0,closed,True,True
16718,11,0,0,0,0.0,closed,True,True
16716,43,2,0,0,0.0,closed,True,True
16715,33,0,0,0,0.0,closed,True,True
16714,83,50,0,0,0.0,closed,True,True
16713,62,118,1,4,2.0,closed,True,True
16712,1,13,0,0,0.0,closed,False,False
16710,15,2,2,0,0.0,closed,False,False
16708,1,0,0,0,0.0,closed,True,True
16702,6597,6064,2,2,0.029411764705882353,closed,True,True
16701,27,2,0,0,0.0,closed,True,True
16699,38,5,0,0,0.0,closed,True,True
16698,1,0,0,0,0.0,closed,False,False
16697,3,0,0,0,0.0,closed,True,True
16694,1,6,1,0,0.0,closed,True,True
16693,2,1,0,0,0.0,closed,True,True
16692,8,1,0,0,0.0,closed,True,True
16691,7,0,0,0,0.0,closed,True,True
16690,1,1,0,0,0.0,closed,True,True
16689,17,18,0,0,0.0,closed,True,True
16688,1186,1095,0,0,0.0,closed,True,True
16687,2,2,0,0,0.0,closed,True,True
16686,4,2,0,0,0.0,closed,True,True
16684,1,0,0,0,0.0,closed,True,True
16683,67,23,0,0,0.0,closed,True,True
16682,30,17,1,0,0.0,closed,True,True
16681,14,15,0,0,0.0,closed,True,True
16680,256,102,0,0,0.0,closed,True,True
16679,53,53,1,1,0.3333333333333333,closed,True,True
16675,8,2,0,0,0.0,closed,True,True
16674,600,504,0,0,0.0,closed,True,True
16673,3,0,0,0,0.0,closed,True,True
16672,0,56,0,0,0.0,closed,True,True
16671,53,170,0,0,0.0,closed,True,True
16669,92,473,1,0,0.0,closed,True,True
16668,4,4,0,0,0.0,closed,True,True
16667,1,1,0,0,0.0,closed,True,True
16665,5,3,0,0,0.0,closed,True,True
16664,3,7,0,0,0.0,closed,True,True
16663,1,2,0,0,0.0,closed,True,True
16661,0,192,1,0,0.0,closed,True,True
16659,102,71,0,2,1.0,closed,True,True
16658,16,13,0,0,0.0,closed,True,True
16656,1,1,1,0,0.0,closed,True,True
16655,9,3,0,0,0.0,closed,True,True
16654,2,1,0,0,0.0,closed,True,True
16652,71,29,0,2,0.6666666666666666,closed,False,False
16651,33,33,1,0,0.0,closed,True,True
16650,18,1,0,0,0.0,closed,True,True
16649,3,11,0,0,0.0,closed,True,True
16648,1,1,0,0,0.0,closed,True,True
16647,535,544,0,0,0.0,closed,True,True
16645,3,1,0,0,0.0,closed,True,True
16642,71,0,0,7,1.0,closed,True,True
16641,85,0,0,1,0.125,closed,True,True
16640,14,126,1,12,4.0,closed,True,True
16639,18,17,0,0,0.0,closed,True,True
16638,54,44,2,2,1.0,closed,True,True
16634,1,322,3,0,0.0,closed,True,True
16633,28,28,0,4,4.0,closed,False,False
16632,58,1,0,0,0.0,closed,True,True
16630,1340,972,0,5,0.14285714285714285,closed,True,True
16629,6,6,0,4,4.0,closed,True,True
16628,27,15,1,0,0.0,closed,True,True
16625,5,5,1,0,0.0,closed,False,False
16624,1,1,0,0,0.0,closed,True,True
16623,4,4,0,0,0.0,closed,True,True
16622,10,10,1,0,0.0,closed,False,False
16620,1,0,0,0,0.0,closed,True,True
16618,15,20,0,0,0.0,closed,True,True
16617,8,0,0,4,0.5714285714285714,closed,True,True
16616,1,1,0,0,0.0,closed,True,True
16615,23,0,3,0,0.0,closed,False,False
16614,325,2,0,10,1.4285714285714286,closed,True,True
16613,2,1,2,1,1.0,closed,True,True
16611,5,5,0,0,0.0,closed,True,True
16608,0,58,0,0,0.0,closed,True,True
16607,69,40,0,1,0.16666666666666666,closed,True,True
16606,1,1,1,0,0.0,closed,False,False
16605,127,131,7,5,0.5,closed,True,True
16604,27,4092,0,0,0.0,closed,True,True
16603,0,19,0,0,0.0,closed,True,True
16602,1,1,0,0,0.0,closed,True,True
16601,13,12,0,0,0.0,closed,True,True
16600,0,2312,0,0,0.0,closed,True,True
16598,5,2,0,0,0.0,closed,True,True
16597,0,1058,0,0,0.0,closed,True,True
16596,21,21,0,0,0.0,closed,True,True
16595,3,3,0,0,0.0,closed,True,True
16593,1,1,0,0,0.0,closed,True,True
16592,16,0,0,0,0.0,closed,True,True
16590,5,5,1,0,0.0,closed,False,False
16589,11,11,0,0,0.0,closed,True,True
16587,50,3,0,0,0.0,closed,True,True
16586,38,0,0,1,0.5,closed,True,True
16585,3,1,0,0,0.0,closed,True,True
16584,0,3,2,0,0.0,closed,False,False
16583,65,69,0,0,0.0,closed,True,True
16582,8,2,0,1,0.5,closed,True,True
16580,114,106,2,0,0.0,closed,True,True
16579,5,0,0,0,0.0,closed,True,True
16578,3,3,0,0,0.0,closed,True,True
16577,1,1,1,0,0.0,closed,True,True
16576,185,62,0,0,0.0,closed,True,True
16575,1,1,0,0,0.0,closed,True,True
16574,4645,3307,0,1,0.02040816326530612,closed,True,True
16572,8,5,0,0,0.0,closed,True,True
16571,0,3,3,0,0.0,closed,False,False
16569,7,0,0,0,0.0,closed,True,True
16568,5,6,0,0,0.0,closed,True,True
16567,3,3,0,0,0.0,closed,True,True
16566,13,0,0,3,1.0,closed,True,True
16565,8,1,0,0,0.0,closed,True,True
16564,2,2,0,0,0.0,closed,True,True
16563,0,1,0,0,0.0,closed,True,True
16562,3,1,0,0,0.0,closed,True,True
16561,7,3,0,0,0.0,closed,True,True
16560,1,0,0,0,0.0,closed,True,True
16558,4,10,3,17,2.125,closed,True,True
16555,29,19,0,0,0.0,closed,True,True
16554,488,488,0,0,0.0,closed,True,True
16553,40,0,0,6,0.8571428571428571,closed,True,True
16552,3,1,0,0,0.0,closed,True,True
16551,1,1,0,0,0.0,closed,True,True
16548,11,3,0,1,0.3333333333333333,closed,True,True
16547,2,2,0,0,0.0,closed,True,True
16546,631,238,0,0,0.0,closed,True,True
16545,10,0,1,2,2.0,closed,True,True
16543,2,4,0,0,0.0,closed,True,True
16542,369,450,1,0,0.0,closed,True,True
16540,1,1,0,0,0.0,closed,True,True
16539,23,0,1,0,0.0,closed,False,False
16538,23,9,0,0,0.0,closed,True,True
16537,3,6,2,0,0.0,closed,True,True
16536,3,3,0,0,0.0,closed,True,True
16535,298,12,0,0,0.0,closed,True,True
16534,14,10,0,0,0.0,closed,True,True
16533,18,18,0,0,0.0,closed,True,True
16532,5,5,0,0,0.0,closed,True,True
16531,20,23,0,0,0.0,closed,True,True
16529,1,0,0,0,0.0,closed,True,True
16528,1,1,0,0,0.0,closed,True,True
16527,2,2,1,0,0.0,closed,True,True
16526,1,1,0,0,0.0,closed,True,True
16525,19,746,0,0,0.0,closed,True,True
16524,2,2,0,0,0.0,closed,False,False
16523,3,1,0,0,0.0,closed,True,True
16522,3,3,1,0,0.0,closed,True,True
16520,569,463,0,0,0.0,closed,True,True
16519,684,253,6,0,0.0,closed,True,True
16518,12,11,0,0,0.0,closed,True,True
16517,6,10,0,0,0.0,closed,True,True
16516,84,103,0,0,0.0,closed,True,True
16515,36,12,0,0,0.0,closed,True,True
16514,21,9,0,0,0.0,closed,True,True
16513,28,0,0,0,0.0,closed,True,True
16512,1,1,0,0,0.0,closed,True,True
16510,1524,1302,0,0,0.0,closed,True,True
16509,254,131,0,2,2.0,closed,True,True
16508,5,4,0,2,0.5,closed,True,True
16507,2,2,0,0,0.0,closed,True,True
16505,21,10,1,0,0.0,closed,True,True
16504,5,7,1,0,0.0,closed,False,False
16503,48,18,0,0,0.0,closed,True,True
16502,3,1,0,0,0.0,closed,True,True
16501,56,32,0,0,0.0,closed,True,True
16500,2,2,0,0,0.0,closed,True,True
16499,0,1,0,0,0.0,closed,True,True
16498,7,2,0,0,0.0,closed,True,True
16496,24,9,0,0,0.0,closed,True,True
16495,7,3,0,0,0.0,closed,True,True
16494,2845,1046,0,5,0.23809523809523808,closed,True,True
16493,213,56,0,0,0.0,closed,False,False
16492,5,0,0,0,0.0,closed,True,True
16490,58,59,0,1,0.5,closed,True,True
16489,35,0,0,0,0.0,closed,True,True
16488,112,0,0,0,0.0,closed,True,True
16487,1,0,0,0,0.0,closed,False,False
16486,106,12,0,0,0.0,closed,True,True
16485,448,268,0,0,0.0,closed,True,True
16484,41,13,0,0,0.0,closed,True,True
16483,1,1,1,0,0.0,closed,True,True
16482,1,1,0,0,0.0,closed,True,True
16481,3316,2137,0,0,0.0,closed,True,True
16480,6,6,1,0,0.0,closed,True,True
16479,1385,138,0,4,0.8,closed,True,True
16476,44,10,1,0,0.0,closed,True,True
16475,396,123,0,0,0.0,closed,True,True
16473,1,1,0,0,0.0,closed,True,True
16472,17,5,0,0,0.0,closed,True,True
16471,2,1,0,0,0.0,closed,True,True
16469,2,0,0,0,0.0,closed,True,True
16467,981,174,0,1,0.07142857142857142,closed,True,True
16465,18,18,0,0,0.0,closed,True,True
16463,4,0,0,0,0.0,closed,True,True
16462,42,26,0,0,0.0,closed,True,True
16461,19,14,0,0,0.0,closed,True,True
16460,4,1,0,0,0.0,closed,True,True
16459,419,256,0,0,0.0,closed,True,True
16458,12,6,0,0,0.0,closed,True,True
16457,11,3,0,0,0.0,closed,True,True
16456,16,3,0,0,0.0,closed,True,True
16454,2,0,0,0,0.0,closed,True,True
16453,27,17,0,0,0.0,closed,False,False
16452,5,2,0,0,0.0,closed,True,True
16451,2,2,0,0,0.0,closed,True,True
16450,19,17,0,0,0.0,closed,True,True
16449,1,9,0,0,0.0,closed,True,True
16448,488,483,0,3,0.6,closed,True,True
16447,1,0,0,0,0.0,closed,True,True
16446,2,2,1,0,0.0,closed,True,True
16445,529,149,0,0,0.0,closed,True,True
16443,46,32,0,0,0.0,closed,True,True
16442,8,8,0,0,0.0,closed,True,True
16441,1,1,0,0,0.0,closed,True,True
16440,258,5,1,16,3.2,closed,True,True
16439,2,2,0,0,0.0,closed,True,True
16436,313,4,2,0,0.0,closed,False,False
16434,0,9,1,0,0.0,closed,True,True
16433,418,72,0,0,0.0,closed,True,True
16431,56,2,0,0,0.0,closed,True,True
16430,2,2,0,0,0.0,closed,True,True
16429,2,2,0,0,0.0,closed,True,True
16428,3,3,1,0,0.0,closed,False,False
16427,19,19,0,0,0.0,closed,True,True
16425,123,80,0,0,0.0,open,False,False
16424,45,0,1,2,0.6666666666666666,closed,True,True
16423,2,2,0,0,0.0,closed,True,True
16422,4,9,5,0,0.0,closed,True,True
16421,15,7,0,0,0.0,closed,True,True
16420,2,2,0,0,0.0,closed,True,True
16418,3,3,4,0,0.0,closed,True,True
16417,7,2,0,0,0.0,closed,True,True
16416,5,4,0,0,0.0,closed,True,True
16414,4,6,0,0,0.0,closed,True,True
16413,81,17,0,2,1.0,closed,True,True
16411,241,293,0,2,2.0,closed,True,True
16409,3,3,0,0,0.0,closed,True,True
16407,78,13,1,0,0.0,closed,False,False
16406,35,18,0,0,0.0,closed,True,True
16405,1,1,0,2,1.0,closed,True,True
16401,20,8,1,1,0.2,closed,True,True
16400,1,1,0,0,0.0,closed,True,True
16395,3,3,0,0,0.0,closed,True,True
16393,1,1,0,0,0.0,closed,True,True
16392,13,0,0,0,0.0,closed,True,True
16391,1,1,0,0,0.0,closed,True,True
16389,1,1,1,0,0.0,closed,True,True
16386,102,58,0,2,2.0,closed,True,True
16385,5,1,0,0,0.0,closed,True,True
16384,6,6,0,0,0.0,closed,True,True
16383,159,2,0,0,0.0,closed,True,True
16381,305,162,1,0,0.0,closed,True,True
16380,2,22,0,0,0.0,closed,True,True
16379,4,4,0,0,0.0,closed,True,True
16378,10,2,0,0,0.0,closed,True,True
16377,667,440,0,0,0.0,closed,True,True
16375,2,360,0,0,0.0,closed,True,True
16374,18,0,0,0,0.0,closed,True,True
16373,59,2,0,0,0.0,closed,True,True
16372,0,505,0,0,0.0,closed,True,True
16371,48,0,10,1,0.3333333333333333,closed,True,True
16370,19,0,2,0,0.0,closed,True,True
16369,166,36,0,0,0.0,closed,True,True
16368,1,1,2,0,0.0,closed,True,True
16367,1,1,0,0,0.0,closed,True,True
16366,339,0,1,19,0.7037037037037037,closed,True,True
16364,11,7,0,1,1.0,closed,True,True
16363,214,12,0,3,0.75,closed,True,True
16362,21,5,0,0,0.0,closed,True,True
16361,257,79,4,8,1.1428571428571428,closed,True,True
16360,86,128,1,7,1.75,closed,True,True
16359,168,241,0,0,0.0,closed,True,True
16358,26,156,0,0,0.0,closed,True,True
16357,8518,2904,17,12,0.09448818897637795,closed,True,True
16355,12248,12217,0,0,0.0,closed,True,True
16354,633,622,2,0,0.0,closed,True,True
16353,4,4,0,0,0.0,closed,True,True
16352,12315,0,0,0,0.0,closed,True,True
16351,2,2,0,0,0.0,closed,True,True
16349,2,2,0,0,0.0,closed,True,True
16348,79,193,0,3,0.5,closed,True,True
16347,4,4,0,0,0.0,closed,True,True
16346,0,2,0,0,0.0,closed,True,True
16345,258,3,0,0,0.0,closed,True,True
16344,37,4,0,3,0.375,closed,True,True
16343,13,10,0,0,0.0,closed,True,True
16342,35,35,1,0,0.0,closed,True,True
16340,27,6,2,0,0.0,closed,True,True
16338,472,94,0,0,0.0,closed,True,True
16337,22,3,0,0,0.0,closed,True,True
16336,36,2,0,0,0.0,closed,True,True
16334,338,0,0,0,0.0,closed,True,True
16333,602,9,0,0,0.0,closed,True,True
16332,2,2,0,0,0.0,closed,True,True
16331,20,8,0,0,0.0,closed,True,True
16330,2,2,0,0,0.0,closed,True,True
16329,72,73,0,0,0.0,closed,True,True
16328,1,2,0,0,0.0,closed,True,True
16327,6,6,0,0,0.0,closed,True,True
16326,2,2,0,0,0.0,closed,True,True
16325,3,3,0,0,0.0,closed,True,True
16324,66,9,0,0,0.0,closed,False,False
16323,17,0,1,0,0.0,closed,True,True
16321,181,154,0,0,0.0,closed,True,True
16320,6,6,2,0,0.0,closed,True,True
16319,1,1,0,0,0.0,closed,True,True
16318,2794,1297,0,0,0.0,closed,True,True
16317,3,0,0,0,0.0,closed,True,True
16316,135,77,0,0,0.0,closed,True,True
16315,6,2,0,0,0.0,closed,True,True
16314,4073,3298,0,0,0.0,closed,True,True
16312,2,0,0,0,0.0,closed,True,True
16311,9,0,8,0,0.0,closed,True,True
16308,12,8,0,0,0.0,closed,True,True
16306,2,2,0,0,0.0,closed,True,True
16305,7,7,0,0,0.0,closed,True,True
16303,1,1,0,0,0.0,closed,True,True
16302,34,30,0,0,0.0,closed,True,True
16301,4,4,2,0,0.0,closed,True,True
16300,1,1,0,0,0.0,closed,True,True
16298,3,0,0,0,0.0,closed,True,True
16297,46,9,0,0,0.0,closed,True,True
16296,164,111,0,0,0.0,closed,True,True
16295,21,19,0,0,0.0,closed,True,True
16294,48,31,0,0,0.0,closed,True,True
16293,3,0,0,0,0.0,closed,True,True
16292,17,17,0,0,0.0,closed,True,True
16291,1234,1234,0,0,0.0,closed,True,True
16290,4,4,0,0,0.0,closed,True,True
16289,5,5,0,0,0.0,closed,True,True
16288,1,1,6,0,0.0,closed,True,True
16287,640,145,0,0,0.0,closed,True,True
16286,36,2,4,8,0.8888888888888888,closed,True,True
16285,6,12,2,0,0.0,closed,True,True
16284,2,2,0,0,0.0,closed,True,True
16282,4,2,0,0,0.0,closed,True,True
16281,18,17,0,0,0.0,closed,True,True
16277,645,887,0,0,0.0,closed,True,True
16276,1,1,0,1,0.5,closed,True,True
16274,3,3,0,0,0.0,closed,True,True
16273,44,10,0,0,0.0,closed,True,True
16272,10,5,0,2,0.5,closed,True,True
16271,2,2,0,0,0.0,closed,True,True
16270,274,102,0,0,0.0,closed,False,False
16269,71,17,0,0,0.0,closed,True,True
16268,1344,405,4,0,0.0,closed,True,True
16267,27,20,0,0,0.0,closed,True,True
16266,67,64,0,0,0.0,closed,True,True
16265,3,1,0,0,0.0,closed,True,True
16264,28,7,0,0,0.0,closed,True,True
16263,4,2,0,0,0.0,closed,True,True
16262,49,137,0,0,0.0,closed,True,True
16261,37,40,0,0,0.0,closed,True,True
16260,58,18,13,0,0.0,open,False,False
16259,0,19,0,5,2.5,closed,True,True
16258,155,0,0,0,0.0,closed,True,True
16257,1,1,1,0,0.0,closed,True,True
16253,9,1,2,0,0.0,closed,True,True
16252,120,102,0,0,0.0,closed,True,True
16251,3,1,0,0,0.0,closed,True,True
16250,141,111,0,0,0.0,closed,True,True
16249,49,6,0,0,0.0,closed,True,True
16247,82,0,1,0,0.0,closed,True,True
16246,27,36,0,0,0.0,closed,True,True
16245,19,1,1,0,0.0,closed,True,True
16243,16,16,0,0,0.0,closed,True,True
16242,32,24,0,0,0.0,closed,True,True
16241,134,90,1,2,1.0,closed,True,True
16240,21,9,0,0,0.0,closed,True,True
16239,432,432,0,0,0.0,closed,True,True
16237,18,19,0,0,0.0,closed,True,True
16236,160,0,0,0,0.0,closed,True,True
16235,270,0,1,1,0.5,closed,True,True
16234,1,1,0,0,0.0,closed,True,True
16233,1,0,0,0,0.0,closed,True,True
16231,1,0,4,0,0.0,closed,True,True
16230,0,773,1,0,0.0,closed,True,True
16229,1,1,0,4,2.0,closed,True,True
16228,17,17,0,0,0.0,closed,True,True
16227,129,0,4,0,0.0,closed,True,True
16225,304,294,0,0,0.0,closed,True,True
16224,0,0,1,0,0,closed,False,False
16222,4,4,0,0,0.0,closed,True,True
16221,5,4,0,0,0.0,closed,True,True
16219,422,422,0,0,0.0,closed,True,True
16218,28,77,0,0,0.0,closed,True,True
16217,422,422,0,0,0.0,closed,True,True
16216,433,433,0,0,0.0,closed,True,True
16215,97,36,0,0,0.0,closed,True,True
16214,5,5,0,0,0.0,closed,True,True
16213,3,0,0,0,0.0,closed,True,True
16212,47,45,0,0,0.0,closed,True,True
16211,1,1,0,0,0.0,closed,True,True
16210,29,29,1,0,0.0,closed,True,True
16208,430,430,0,0,0.0,closed,True,True
16205,0,6,0,0,0.0,closed,True,True
16204,1,0,0,0,0.0,closed,True,True
16203,27,19,0,3,1.0,closed,True,True
16202,662,0,0,0,0.0,closed,True,True
16201,220,882,0,0,0.0,closed,True,True
16200,7,15,0,0,0.0,closed,True,True
16199,36,78,0,0,0.0,closed,True,True
16198,6,3,0,0,0.0,closed,True,True
16197,422,422,0,0,0.0,closed,False,False
16196,2,1,0,0,0.0,closed,True,True
16195,30,26,0,0,0.0,closed,True,True
16194,1,1,0,0,0.0,closed,True,True
16193,33,8,0,5,1.6666666666666667,closed,True,True
16192,1152,546,0,0,0.0,closed,True,True
16191,38,25,0,0,0.0,closed,True,True
16190,204,152,0,0,0.0,closed,True,True
16189,39,8,0,0,0.0,closed,True,True
16188,1,0,0,0,0.0,closed,True,True
16187,12,1,1,2,0.2857142857142857,closed,False,False
16186,2,1,0,0,0.0,closed,True,True
16185,2,1,0,0,0.0,closed,True,True
16184,13,13,0,0,0.0,closed,True,True
16183,1,5,0,3,1.5,closed,True,True
16182,6,12,0,0,0.0,closed,True,True
16181,18,18,1,0,0.0,closed,True,True
16180,10,2,0,0,0.0,closed,True,True
16179,6,0,0,0,0.0,closed,True,True
16177,2,2,0,0,0.0,closed,True,True
16176,868,0,1,0,0.0,closed,True,True
16172,127,24,1,0,0.0,closed,True,True
16171,9,8,0,0,0.0,closed,True,True
16170,884,0,1,0,0.0,closed,False,False
16169,26,6,3,6,1.2,closed,True,True
16167,10,10,1,5,2.5,closed,True,True
16166,10,9,0,0,0.0,closed,True,True
16162,34,9,2,0,0.0,closed,False,False
16161,1,1,0,0,0.0,closed,True,True
16159,43,47,0,0,0.0,closed,True,True
16158,21,9,0,0,0.0,closed,True,True
16157,1,0,0,0,0.0,closed,True,True
16156,1,1,0,1,0.5,closed,True,True
16155,76,3,0,0,0.0,closed,True,True
16154,1,1,4,0,0.0,closed,True,True
16153,321,71,3,20,2.2222222222222223,closed,True,True
16152,16,20,0,0,0.0,closed,True,True
16150,248,89,0,0,0.0,closed,True,True
16148,8,1,0,0,0.0,closed,True,True
16146,1,1,1,0,0.0,closed,True,True
16145,9,2,0,0,0.0,closed,True,True
16144,2,2,0,0,0.0,closed,True,True
16143,2,2,0,0,0.0,closed,True,True
16142,4,4,0,0,0.0,closed,True,True
16141,2,2,0,0,0.0,closed,True,True
16140,14,4,0,0,0.0,closed,True,True
16139,2213,1788,6,1,0.02040816326530612,closed,True,True
16138,1279,1428,0,0,0.0,closed,True,True
16137,8,3,0,0,0.0,closed,True,True
16133,16,21,0,0,0.0,closed,True,True
16132,43,44,0,0,0.0,closed,True,True
16131,18,18,0,0,0.0,closed,True,True
16130,1,1,0,0,0.0,closed,True,True
16129,339,247,0,1,0.07692307692307693,closed,True,True
16127,1171,634,1,0,0.0,closed,True,True
16126,2,2,0,0,0.0,closed,True,True
16125,68,87,0,0,0.0,closed,True,True
16124,443,443,0,0,0.0,closed,True,True
16123,39,23,0,0,0.0,closed,True,True
16122,327,350,0,2,0.4,closed,True,True
16121,27,37,2,4,1.0,closed,True,True
16120,2,0,0,0,0.0,closed,True,True
16115,0,6,0,0,0.0,closed,True,True
16114,1,1,0,0,0.0,closed,True,True
16113,131,0,0,0,0.0,closed,False,False
16112,443,443,0,0,0.0,closed,True,True
16111,3,5,0,0,0.0,closed,True,True
16110,5,7,1,0,0.0,closed,False,False
16109,12,6,0,0,0.0,closed,True,True
16108,1,1,0,0,0.0,closed,True,True
16107,15,8,0,0,0.0,closed,True,True
16106,3,5,0,0,0.0,closed,True,True
16104,149,171,0,2,0.18181818181818182,closed,True,True
16103,5,5,0,0,0.0,closed,True,True
16102,3,0,0,0,0.0,closed,True,True
16101,35,16,0,0,0.0,closed,True,True
16100,443,443,0,0,0.0,closed,True,True
16099,24,26,0,0,0.0,closed,True,True
16098,45,35,0,0,0.0,closed,True,True
16097,1,1,0,0,0.0,closed,True,True
16096,4,13,0,0,0.0,closed,True,True
16095,511,927,0,2,0.10526315789473684,closed,True,True
16094,5,3,0,0,0.0,closed,True,True
16093,3,7,0,0,0.0,closed,True,True
16092,18,18,0,0,0.0,closed,True,True
16091,443,443,0,0,0.0,closed,True,True
16090,15,15,0,0,0.0,closed,True,True
16089,126,16,0,0,0.0,closed,True,True
16088,449,449,0,0,0.0,closed,True,True
16086,11,8,0,0,0.0,closed,True,True
16085,24,6,0,0,0.0,closed,True,True
16084,11,0,0,0,0.0,closed,True,True
16083,22,22,0,0,0.0,closed,True,True
16082,7,7,0,0,0.0,closed,True,True
16081,1,1,1,0,0.0,closed,False,False
16073,23,11,0,0,0.0,closed,True,True
16072,5,0,1,0,0.0,closed,False,False
16071,74,66,0,0,0.0,closed,True,True
16069,44,3,1,0,0.0,closed,True,True
16068,35,2,1,8,4.0,closed,True,True
16064,2,2,2,0,0.0,closed,False,False
16062,32150,7143,9,0,0.0,closed,True,True
16061,18,18,1,0,0.0,closed,True,True
16059,1,1,0,0,0.0,closed,True,True
16058,1,1,0,0,0.0,closed,True,True
16057,1,0,2,0,0.0,closed,False,False
16056,29,12,1,0,0.0,closed,True,True
16054,476,458,0,0,0.0,closed,True,True
16053,9,8,0,0,0.0,closed,True,True
16052,4,0,0,0,0.0,closed,True,True
16050,30,2,0,0,0.0,closed,True,True
16048,9,9,0,0,0.0,closed,True,True
16046,147,96,1,1,0.3333333333333333,closed,True,True
16044,1,1,0,0,0.0,closed,True,True
16043,113,0,4,3,1.5,closed,True,True
16042,68,90,3,4,0.8,closed,True,True
16041,1,422,0,0,0.0,closed,True,True
16040,27,2,0,0,0.0,closed,False,False
16038,3072,511,8,0,0.0,closed,True,True
16036,51,0,0,0,0.0,closed,True,True
16034,6,5,3,0,0.0,closed,False,False
16033,4,0,0,0,0.0,closed,True,True
16032,1,1,1,0,0.0,closed,True,True
16030,5779,2843,2,1,0.005076142131979695,closed,False,False
16029,31680,6954,2,0,0.0,closed,False,False
16028,1,1,0,5,1.6666666666666667,closed,True,True
16027,16,0,1,0,0.0,closed,True,True
16026,5,1,0,0,0.0,closed,True,True
16025,148,335,2,4,0.3076923076923077,closed,True,True
16024,1,0,0,0,0.0,closed,True,True
16023,14,2,0,0,0.0,closed,True,True
16022,352,425,0,4,0.6666666666666666,closed,True,True
16020,457,453,0,0,0.0,closed,True,True
16019,4,4,0,11,2.75,closed,True,True
16016,2,2,0,0,0.0,closed,True,True
16015,16,14,0,0,0.0,closed,True,True
16014,80,27,1,0,0.0,closed,True,True
16013,47,45,0,0,0.0,closed,True,True
16012,348,0,0,0,0.0,closed,False,False
16011,1,1,0,0,0.0,closed,True,True
16009,200,125,2,5,1.0,closed,True,True
16008,195,34,2,0,0.0,closed,True,True
16007,88,11,0,0,0.0,closed,False,False
16006,24,24,4,0,0.0,closed,True,True
16005,8,0,0,0,0.0,closed,True,True
16004,32,74,0,0,0.0,closed,True,True
16001,31,28,0,0,0.0,closed,True,True
16000,641,209,0,0,0.0,open,False,False
15998,4,1,0,0,0.0,closed,True,True
15997,8,8,0,0,0.0,closed,True,True
15996,4130,9216,10,8,0.044444444444444446,closed,True,True
15995,1236,696,5,11,1.5714285714285714,closed,True,True
15994,31433,6954,4,0,0.0,closed,False,False
15992,6,6,0,0,0.0,closed,True,True
15991,4,4,0,0,0.0,closed,True,True
15990,7,7,0,0,0.0,closed,True,True
15989,5,5,0,0,0.0,closed,True,True
15985,1,1,0,0,0.0,closed,True,True
15984,4,1,0,0,0.0,closed,True,True
15983,80,29,0,0,0.0,closed,True,True
15982,70,22,0,0,0.0,closed,True,True
15981,172,197,1,0,0.0,closed,True,True
15980,518,452,0,0,0.0,closed,True,True
15979,35,9,0,0,0.0,closed,True,True
15978,12,24,0,0,0.0,closed,True,True
15977,1623,827,1,2,0.06060606060606061,closed,True,True
15976,44,1,0,0,0.0,closed,True,True
15975,507,884,0,0,0.0,closed,True,True
15974,6,4,0,0,0.0,closed,True,True
15971,4,4,1,0,0.0,closed,True,True
15970,160,127,0,0,0.0,closed,True,True
15969,1869,733,2,3,0.10714285714285714,closed,True,True
15968,3,3,0,0,0.0,closed,True,True
15967,1,1,1,0,0.0,closed,False,False
15966,4,4,1,0,0.0,closed,True,True
15965,2,2,0,0,0.0,closed,True,True
15961,571,212,0,0,0.0,closed,True,True
15960,12,0,0,2,0.6666666666666666,closed,True,True
15959,117,39,1,0,0.0,closed,True,True
15958,16,0,0,6,2.0,closed,True,True
15957,1,1,0,0,0.0,closed,True,True
15956,15,2,0,0,0.0,closed,True,True
15955,216,22,0,3,0.5,closed,True,True
15954,20,0,5,6,3.0,closed,True,True
15953,1,1,0,0,0.0,closed,True,True
15952,3,1,0,0,0.0,closed,True,True
15951,3,1,0,0,0.0,closed,True,True
15950,14,0,0,4,4.0,closed,False,False
15949,129,0,0,0,0.0,closed,True,True
15948,35,11,0,0,0.0,closed,True,True
15946,1,1,0,0,0.0,closed,True,True
15945,23,0,0,0,0.0,closed,True,True
15944,33,33,1,6,1.0,closed,True,True
15943,29,1,0,9,2.25,closed,True,True
15941,1,1,0,0,0.0,closed,True,True
15940,220,77,0,0,0.0,closed,True,True
15939,18,2,0,7,2.3333333333333335,closed,False,False
15937,21,37,0,0,0.0,closed,True,True
15936,25,5,0,0,0.0,closed,True,True
15935,50,50,0,0,0.0,closed,True,True
15932,77,0,1,6,1.0,closed,True,True
15929,14,37,0,0,0.0,closed,True,True
15928,56,21,0,0,0.0,closed,True,True
15926,224,115,0,0,0.0,closed,True,True
15925,16,2,0,8,1.0,closed,True,True
15922,4,4,4,0,0.0,closed,False,False
15920,2,2,1,0,0.0,closed,False,False
15919,6,4,0,0,0.0,closed,True,True
15909,1,1,1,0,0.0,closed,True,True
15905,1,1,0,0,0.0,closed,True,True
15902,14,21,0,0,0.0,closed,True,True
15901,12,10,0,0,0.0,closed,True,True
15898,145,19,0,2,0.2,closed,True,True
15897,481,449,1,0,0.0,closed,True,True
15896,12,12,0,1,0.5,closed,True,True
15895,1,1,1,0,0.0,closed,True,True
15894,1,1,0,4,2.0,closed,True,True
15893,339,0,4,11,1.0,closed,True,True
15892,18,49,2,0,0.0,closed,True,True
15891,4206,191,3,3,1.5,closed,True,True
15890,14,1,0,0,0.0,closed,True,True
15889,426,249,2,0,0.0,closed,False,False
15887,207,81,1,0,0.0,closed,True,True
15886,423,158,7,8,0.47058823529411764,closed,True,True
15882,27,0,0,4,2.0,closed,True,True
15880,79,52,0,0,0.0,closed,True,True
15879,1,1,0,0,0.0,closed,True,True
15878,1,1,0,0,0.0,closed,True,True
15876,3,5,0,0,0.0,closed,True,True
15873,4,2,0,0,0.0,closed,True,True
15872,267,9,1,0,0.0,closed,False,False
15871,1276,659,0,0,0.0,closed,False,False
15870,4821,2346,0,0,0.0,closed,True,True
15867,1,1,0,0,0.0,closed,True,True
15866,16,5,4,4,2.0,closed,True,True
15864,3,0,0,0,0.0,closed,True,True
15863,215,71,3,2,0.6666666666666666,open,False,False
15862,1,1,0,0,0.0,closed,True,True
15861,26,25,0,0,0.0,closed,True,True
15860,14,6,13,0,0.0,closed,True,True
15859,3,1,1,0,0.0,closed,True,True
15858,20,20,2,0,0.0,closed,True,True
15857,2,5,0,0,0.0,closed,True,True
15856,87,2,6,1,0.5,closed,True,True
15855,6,0,4,0,0.0,closed,True,True
15854,2,2,0,0,0.0,closed,True,True
15850,2886,2398,8,35,0.1715686274509804,closed,True,True
15846,7421,87,0,0,0.0,closed,True,True
15845,128,71,0,0,0.0,closed,True,True
15842,56,17,0,0,0.0,closed,True,True
15841,942,485,0,0,0.0,closed,True,True
15840,0,1,0,0,0.0,closed,True,True
15839,1,1,0,0,0.0,closed,True,True
15838,2,0,0,0,0.0,closed,True,True
15837,19,0,0,0,0.0,closed,True,True
15836,303,0,0,0,0.0,closed,True,True
15833,2,2,0,0,0.0,closed,True,True
15832,3,3,0,0,0.0,closed,True,True
15830,13,10,0,0,0.0,closed,True,True
15828,5,5,1,2,1.0,closed,True,True
15827,3,0,0,0,0.0,closed,True,True
15826,2,0,0,0,0.0,closed,True,True
15825,5,1,0,0,0.0,closed,True,True
15824,85,45,0,0,0.0,closed,True,True
15823,39,33,5,2,0.2222222222222222,closed,True,True
15822,5,1,0,0,0.0,closed,True,True
15819,1,0,0,0,0.0,closed,True,True
15817,7,0,0,1,0.5,closed,True,True
15815,408,0,7,0,0.0,closed,True,True
15814,11,5,0,0,0.0,closed,True,True
15813,1,0,0,0,0.0,closed,True,True
15812,704,711,0,0,0.0,closed,True,True
15810,352,347,0,0,0.0,closed,True,True
15809,19,22,2,0,0.0,closed,False,False
15808,38,15,0,0,0.0,closed,True,True
15807,30,12,0,0,0.0,closed,True,True
15806,20,1,0,1,0.5,closed,True,True
15805,1,1,0,0,0.0,closed,True,True
15804,0,16,1,0,0.0,closed,True,True
15803,28,5,0,1,0.5,closed,True,True
15801,8,4,0,2,2.0,closed,True,True
15798,15,5,0,0,0.0,closed,True,True
15796,6,1,0,0,0.0,closed,True,True
15794,1,1,0,1,0.5,closed,True,True
15793,1,1,0,0,0.0,closed,True,True
15791,2033,345,11,22,0.4230769230769231,closed,True,True
15788,1,1,0,0,0.0,closed,False,False
15787,4,0,0,0,0.0,closed,True,True
15786,1,1,2,0,0.0,closed,True,True
15785,7,3,0,0,0.0,closed,True,True
15784,1,1,2,0,0.0,closed,True,True
15783,1,1,0,0,0.0,closed,True,True
15781,1,1,0,0,0.0,closed,True,True
15780,1,0,0,0,0.0,closed,True,True
15779,1,1,0,0,0.0,closed,True,True
15778,306,306,0,0,0.0,closed,True,True
15776,0,2,0,0,0.0,closed,True,True
15775,1,0,1,0,0.0,closed,True,True
15774,6,0,1,0,0.0,closed,True,True
15773,28,13,0,0,0.0,closed,True,True
15772,1,1,0,0,0.0,closed,True,True
15771,7,0,13,2,0.6666666666666666,closed,True,True
15769,26,26,0,4,1.3333333333333333,closed,True,True
15767,306,306,1,0,0.0,closed,True,True
15766,4,3,0,4,4.0,closed,True,True
15765,49,33,0,18,6.0,closed,True,True
15764,1,1,0,0,0.0,closed,True,True
15763,1,1,0,0,0.0,closed,True,True
15762,1,0,0,0,0.0,closed,True,True
15761,1,1,0,0,0.0,closed,True,True
15760,1,1,0,0,0.0,closed,True,True
15759,24,16,0,0,0.0,closed,True,True
15758,347,311,0,0,0.0,closed,True,True
15751,1,1,0,0,0.0,closed,True,True
15750,44,84,0,0,0.0,closed,True,True
15749,6,6,1,0,0.0,closed,True,True
15748,1,1,1,0,0.0,closed,True,True
15747,132,110,0,1,0.5,closed,True,True
15746,9,0,0,0,0.0,closed,True,True
15743,3,0,0,0,0.0,closed,True,True
15742,49,22,6,4,1.3333333333333333,closed,True,True
15741,15,4,0,0,0.0,closed,True,True
15739,187,32,6,2,0.2857142857142857,closed,True,True
15738,1,1,4,0,0.0,closed,True,True
15737,61,36,0,0,0.0,closed,True,True
15736,7,1,1,0,0.0,closed,True,True
15735,306,306,0,0,0.0,closed,True,True
15734,16,11,1,0,0.0,closed,False,False
15733,128,70,15,16,2.0,closed,True,True
15732,13,3,0,0,0.0,closed,True,True
15731,1,0,0,0,0.0,closed,True,True
15728,1,1,0,0,0.0,closed,True,True
15727,11,0,0,0,0.0,closed,True,True
15726,10,0,0,0,0.0,closed,True,True
15724,2,1,0,0,0.0,closed,True,True
15723,2917,3062,0,0,0.0,closed,True,True
15722,1,1,0,0,0.0,closed,False,False
15721,22,5,0,1,0.5,closed,True,True
15720,86,2,4,5,1.6666666666666667,closed,True,True
15719,16,13,0,0,0.0,closed,True,True
15718,332,446,0,0,0.0,closed,True,True
15717,1,1,0,0,0.0,closed,True,True
15716,4,0,0,0,0.0,closed,True,True
15713,1,1,0,0,0.0,closed,True,True
15712,1,1,0,0,0.0,closed,False,False
15711,1,1,0,0,0.0,closed,False,False
15710,3,3,0,0,0.0,closed,True,True
15709,1,1,0,0,0.0,closed,True,True
15708,4,4,0,0,0.0,closed,True,True
15706,2,2,0,0,0.0,closed,True,True
15705,1,1,0,0,0.0,closed,True,True
15704,7,8,1,0,0.0,closed,False,False
15703,1,1,0,4,4.0,closed,True,True
15702,88,49,5,1,0.2,closed,True,True
15701,1,1,0,0,0.0,closed,True,True
15700,103,60,0,0,0.0,closed,True,True
15699,2,2,0,0,0.0,closed,False,False
15698,9,11,1,8,8.0,closed,False,False
15697,6,2,1,0,0.0,closed,True,True
15696,2,2,0,6,6.0,closed,True,True
15695,1,1,0,0,0.0,closed,True,True
15694,2,2,1,0,0.0,closed,True,True
15693,7,2,0,0,0.0,closed,True,True
15692,18,18,1,0,0.0,closed,True,True
15691,30,30,0,0,0.0,closed,True,True
15690,1,0,0,0,0.0,closed,True,True
15689,1,1,0,0,0.0,closed,True,True
15688,2,1,0,0,0.0,closed,True,True
15687,0,20,0,0,0.0,closed,True,True
15686,1,1,0,0,0.0,closed,True,True
15685,1,1,1,0,0.0,closed,True,True
15684,1,1,0,0,0.0,closed,True,True
15683,1,1,0,0,0.0,closed,True,True
15682,1,1,0,0,0.0,closed,True,True
15681,1,1,0,0,0.0,closed,True,True
15680,1,1,0,0,0.0,closed,True,True
15679,2,2,0,0,0.0,closed,True,True
15678,2,2,0,0,0.0,closed,True,True
15677,1,1,0,0,0.0,closed,True,True
15676,20,0,1,0,0.0,closed,True,True
15675,4,4,0,0,0.0,closed,True,True
15674,232,409,0,3,0.6,closed,True,True
15673,64,67,0,1,0.045454545454545456,closed,True,True
15672,1,1,0,0,0.0,closed,False,False
15671,47,40,0,0,0.0,closed,True,True
15670,196,0,0,0,0.0,closed,True,True
15669,11,11,0,0,0.0,closed,True,True
15668,49,46,0,2,0.6666666666666666,closed,True,True
15666,1,1,0,0,0.0,closed,True,True
15665,475,580,2,14,1.4,closed,True,True
15664,1,1,0,0,0.0,closed,True,True
15661,545,441,1,0,0.0,closed,False,False
15659,0,0,0,0,0.0,closed,True,True
15658,39,39,0,2,0.6666666666666666,closed,True,True
15657,1,1,0,0,0.0,closed,True,True
15656,438,94,3,0,0.0,closed,False,False
15655,3,3,0,0,0.0,closed,True,True
15654,1,1,0,0,0.0,closed,True,True
15653,34,34,5,0,0.0,closed,False,False
15652,33,33,0,0,0.0,closed,True,True
15651,5,0,0,1,1.0,closed,True,True
15650,24,24,0,0,0.0,closed,True,True
15649,47,32,0,0,0.0,closed,True,True
15647,12,12,0,0,0.0,closed,True,True
15646,4,4,0,0,0.0,closed,True,True
15645,1,1,0,0,0.0,closed,True,True
15644,8,8,0,0,0.0,closed,True,True
15643,167,0,6,2,0.5,closed,True,True
15642,11269,11316,0,0,0.0,closed,True,True
15641,6,0,0,0,0.0,closed,True,True
15639,3,2,1,4,1.3333333333333333,closed,True,True
15637,0,0,2,0,0,closed,False,False
15635,23,23,0,0,0.0,closed,True,True
15634,6,6,0,0,0.0,closed,True,True
15633,149,13,0,0,0.0,closed,True,True
15632,2,2,0,0,0.0,closed,True,True
15631,1931,0,0,0,0.0,closed,False,False
15630,8,8,0,0,0.0,closed,True,True
15629,293,293,0,0,0.0,closed,True,True
15628,153,102,0,0,0.0,closed,True,True
15627,23,0,0,0,0.0,closed,True,True
15626,1,1,0,0,0.0,closed,True,True
15625,16,0,0,0,0.0,closed,True,True
15624,3,3,0,0,0.0,closed,True,True
15622,1929,0,0,17,0.3090909090909091,closed,True,True
15621,3,3,0,0,0.0,closed,True,True
15619,0,0,0,0,0.0,closed,True,True
15618,0,0,0,0,0.0,closed,True,True
15617,0,2,0,0,0.0,closed,False,False
15616,24,43,0,0,0.0,closed,True,True
15615,376,2,0,0,0.0,closed,True,True
15614,113,39,1,0,0.0,closed,True,True
15613,7,1,2,0,0.0,closed,True,True
15612,1,5,0,0,0.0,closed,True,True
15611,70,2,1,5,5.0,closed,False,False
15610,7,13,0,0,0.0,closed,True,True
15609,3,3,1,0,0.0,closed,True,True
15608,1,1,0,0,0.0,closed,True,True
15607,1,1,0,1,1.0,closed,True,True
15606,6,6,1,1,0.5,closed,True,True
15605,4,0,4,2,0.6666666666666666,closed,True,True
15604,93,0,1,3,0.75,closed,False,False
15603,626,263,0,15,0.5,closed,True,True
15602,233,11,0,12,1.5,closed,True,True
15601,27,27,1,8,0.8,closed,True,True
15599,6,6,0,5,1.6666666666666667,closed,True,True
15598,30,13,0,0,0.0,closed,False,False
15597,77,1,0,3,0.5,closed,True,True
15596,9,8,0,0,0.0,closed,True,True
15595,1,1,0,0,0.0,closed,True,True
15594,29,16,0,6,1.5,closed,True,True
15593,0,1368,0,0,0.0,closed,True,True
15592,33,33,0,0,0.0,closed,True,True
15591,93,0,0,0,0.0,closed,True,True
15590,189,202,1,0,0.0,closed,True,True
15589,4,1,0,0,0.0,closed,True,True
15588,2,1,0,0,0.0,closed,True,True
15587,18,18,2,0,0.0,closed,True,True
15586,1,1,0,0,0.0,closed,True,True
15585,1,1,0,0,0.0,closed,True,True
15584,1,1,1,0,0.0,closed,True,True
15583,1,1,2,0,0.0,closed,True,True
15582,311,3,0,8,2.6666666666666665,closed,True,True
15581,145,35,0,2,0.4,closed,True,True
15580,151,0,0,4,1.3333333333333333,closed,True,True
15579,151,0,0,6,2.0,closed,True,True
15578,152,0,0,6,2.0,closed,True,True
15577,173,0,0,2,0.4,closed,True,True
15576,212,0,0,5,1.25,closed,True,True
15575,436,0,0,9,1.5,closed,True,True
15574,1,0,0,0,0.0,closed,True,True
15573,87,85,0,1,0.5,closed,True,True
15572,33,29,0,0,0.0,closed,True,True
15571,1,0,0,0,0.0,closed,True,True
15570,39,3,0,8,4.0,closed,True,True
15569,14,12,0,0,0.0,closed,True,True
15568,1,2,0,0,0.0,closed,True,True
15567,150,136,1,1,0.2,closed,True,True
15565,67,45,0,2,0.4,closed,True,True
15564,8,0,1,0,0.0,closed,False,False
15563,176,0,0,12,0.75,closed,True,True
15562,73,60,2,1,0.2,closed,True,True
15561,25,12,6,3,1.0,closed,True,True
15560,17,12,0,2,1.0,closed,True,True
15559,781,455,0,12,1.2,closed,True,True
15558,173,140,4,4,0.5,closed,True,True
15556,50,31,0,0,0.0,closed,True,True
15555,7,6,0,0,0.0,closed,True,True
15554,4,13,0,2,1.0,closed,True,True
15553,1,1,0,0,0.0,closed,True,True
15551,115,99,0,0,0.0,closed,True,True
15550,932,108,0,0,0.0,closed,True,True
15549,138,0,0,2,2.0,closed,True,True
15548,131,64,0,3,0.42857142857142855,closed,True,True
15547,359,487,4,8,1.1428571428571428,closed,True,True
15546,26,9,0,0,0.0,closed,True,True
15545,295,209,0,0,0.0,closed,True,True
15544,79,33,0,0,0.0,closed,True,True
15543,1471,849,0,0,0.0,closed,True,True
15542,392,392,0,0,0.0,closed,True,True
15541,845,599,0,0,0.0,closed,True,True
15540,48,48,0,0,0.0,closed,True,True
15539,8,9,0,0,0.0,closed,True,True
15538,29,29,0,0,0.0,closed,True,True
15537,1325,613,1,1,0.043478260869565216,closed,True,True
15536,1,1,0,0,0.0,closed,True,True
15535,19,9,0,0,0.0,closed,True,True
15534,42,17,1,15,1.25,closed,True,True
15533,41,25,0,0,0.0,closed,True,True
15532,485,3,0,6,1.5,closed,True,True
15531,240,7,0,0,0.0,closed,True,True
15530,143,154,0,0,0.0,closed,True,True
15529,203,131,1,3,0.42857142857142855,closed,True,True
15528,76,15,0,12,1.0,closed,True,True
15527,50,11,1,8,2.6666666666666665,closed,True,True
15526,21,16,0,0,0.0,closed,True,True
15525,2,0,0,1,1.0,closed,False,False
15524,1,0,0,0,0.0,closed,True,True
15522,8,1,0,0,0.0,closed,True,True
15521,126,2,0,0,0.0,closed,True,True
15520,8,8,0,0,0.0,closed,True,True
15519,139,5,0,0,0.0,closed,True,True
15517,706,307,0,0,0.0,closed,True,True
15516,1165,356,4,1,0.041666666666666664,closed,True,True
15515,1373,7,3,23,0.8518518518518519,closed,True,True
15513,608,116,1,37,3.0833333333333335,closed,True,True
15510,412,76,0,20,1.1111111111111112,closed,True,True
15509,212,35,2,10,2.5,closed,True,True
15508,8,1,3,0,0.0,closed,True,True
15507,152,81,1,2,1.0,closed,True,True
15506,37,23,0,9,3.0,closed,True,True
15504,32,3,0,0,0.0,closed,True,True
15503,1,1,0,0,0.0,closed,True,True
15502,13,13,0,0,0.0,closed,True,True
15499,3,1,0,0,0.0,closed,True,True
15496,18,14,0,0,0.0,closed,True,True
15494,1088,252,0,0,0.0,closed,True,True
15492,1,1,0,0,0.0,closed,True,True
15491,1,0,0,0,0.0,closed,True,True
15490,4,3,0,0,0.0,closed,True,True
15488,341,6,0,0,0.0,closed,True,True
15486,1631,157,11,14,0.4117647058823529,closed,True,True
15485,28,7,2,4,2.0,closed,True,True
15484,53,32,0,0,0.0,closed,True,True
15483,11,5,1,2,1.0,closed,True,True
15480,5200,5200,4,0,0.0,closed,False,False
15479,4,19,0,0,0.0,closed,True,True
15478,33,31,0,0,0.0,closed,True,True
15477,839,769,1,0,0.0,closed,True,True
15476,66,66,0,0,0.0,closed,True,True
15475,1,1,0,0,0.0,closed,True,True
15474,222,100,2,10,0.37037037037037035,closed,True,True
15473,321,156,2,1,0.06666666666666667,closed,True,True
15470,154,154,1,0,0.0,closed,True,True
15469,18,3,0,9,9.0,closed,True,True
15468,20,13,1,0,0.0,closed,True,True
15467,51,7,0,0,0.0,closed,True,True
15465,4,0,0,0,0.0,closed,True,True
15464,570,3,5,0,0.0,closed,True,True
15463,51,25,1,3,1.5,closed,True,True
15462,346,91,1,0,0.0,closed,True,True
15461,2,1,0,0,0.0,closed,False,False
15460,773,619,0,27,5.4,closed,True,True
15459,36,326,1,6,2.0,closed,True,True
15458,117,48,1,5,1.6666666666666667,closed,True,True
15457,26,5,1,0,0.0,closed,True,True
15455,31,29,9,0,0.0,closed,True,True
15453,44,1,0,0,0.0,closed,True,True
15452,3902,3850,0,0,0.0,closed,True,True
15451,21,187,0,0,0.0,closed,True,True
15450,233,247,0,0,0.0,closed,True,True
15449,92,360,3,0,0.0,closed,True,True
15448,124,112,0,0,0.0,closed,True,True
15447,2,3,0,0,0.0,closed,True,True
15446,124,112,0,0,0.0,closed,False,False
15445,30,40,0,0,0.0,closed,True,True
15444,120,108,0,0,0.0,closed,False,False
15442,13,0,0,0,0.0,closed,True,True
15441,158,56,1,0,0.0,closed,True,True
15440,0,10,0,0,0.0,closed,True,True
15438,20,0,0,1,0.3333333333333333,closed,True,True
15437,153,53,0,0,0.0,closed,True,True
15435,1,0,1,0,0.0,closed,True,True
15434,5,0,0,1,0.3333333333333333,closed,True,True
15433,2,2,0,0,0.0,closed,True,True
15432,0,5,0,0,0.0,closed,True,True
15431,1,1,0,0,0.0,closed,True,True
15430,59,76,0,0,0.0,closed,True,True
15429,111,22,0,9,4.5,closed,False,False
15427,532,218,0,0,0.0,closed,True,True
15426,14,6,0,0,0.0,closed,True,True
15425,7,7,0,0,0.0,closed,False,False
15424,8,2,6,0,0.0,closed,True,True
15423,3063,2918,8,11,0.1375,closed,True,True
15422,8,14,0,2,0.6666666666666666,closed,True,True
15421,7,8,0,0,0.0,closed,True,True
15420,303,41,2,4,2.0,closed,True,True
15419,1,1,0,0,0.0,closed,True,True
15418,72,52,4,7,0.22580645161290322,closed,False,False
15417,273,35,2,0,0.0,closed,True,True
15416,5,15,0,0,0.0,closed,True,True
15414,14,0,0,0,0.0,closed,True,True
15413,8,2,0,0,0.0,closed,True,True
15412,24,24,0,0,0.0,closed,True,True
15408,7,0,0,0,0.0,closed,True,True
15407,0,15,0,0,0.0,closed,True,True
15406,1395,98,13,6,0.09523809523809523,closed,True,True
15405,28,37,0,0,0.0,closed,True,True
15404,8,0,0,0,0.0,closed,True,True
15403,234,249,0,0,0.0,closed,True,True
15402,189,124,0,0,0.0,closed,True,True
15401,8424,312,0,0,0.0,closed,True,True
15400,3,0,5,0,0.0,closed,False,False
15398,28,6,0,0,0.0,closed,True,True
15396,2,1,0,0,0.0,closed,True,True
15395,27,11,2,6,6.0,closed,True,True
15393,5,0,6,1,1.0,closed,False,False
15392,8,3,0,0,0.0,closed,True,True
15390,18,11,0,0,0.0,closed,True,True
15389,63,18,0,0,0.0,closed,True,True
15388,18,63,0,0,0.0,closed,True,True
15387,86,3,24,4,1.0,closed,False,False
15386,247,195,0,0,0.0,closed,True,True
15385,287,17,2,12,2.0,closed,True,True
15384,2,2,0,0,0.0,closed,True,True
15383,6,2,0,0,0.0,closed,True,True
15382,21,65,2,0,0.0,closed,True,True
15381,8,7,1,1,0.2,closed,True,True
15379,145,16,0,0,0.0,closed,True,True
15378,2,2,4,0,0.0,closed,True,True
15377,102,102,0,0,0.0,closed,True,True
15376,12,12,0,0,0.0,closed,True,True
15375,5,3,0,0,0.0,closed,True,True
15374,893,9628,0,0,0.0,closed,True,True
15373,2,2,0,0,0.0,closed,True,True
15372,143,159,0,1,1.0,closed,True,True
15371,1,1,3,0,0.0,closed,True,True
15370,1,0,0,0,0.0,closed,True,True
15368,75,74,0,0,0.0,closed,True,True
15366,193,179,0,0,0.0,closed,True,True
15365,83,5,4,7,1.0,closed,True,True
15364,306,0,13,8,4.0,closed,True,True
15363,1879,224,2,1,0.025,closed,True,True
15361,28,5,0,0,0.0,closed,True,True
15360,2,0,1,0,0.0,closed,True,True
15359,28,1,5,28,3.5,closed,True,True
15358,5,5,0,0,0.0,closed,False,False
15357,0,1,1,0,0.0,closed,False,False
15356,0,0,0,0,0.0,closed,True,True
15355,1,1,1,0,0.0,closed,False,False
15354,0,0,0,0,0.0,closed,False,False
15353,2,1,2,0,0.0,closed,False,False
15352,37,44,0,0,0.0,closed,True,True
15351,1,1,0,0,0.0,closed,True,True
15350,84,92,1,0,0.0,closed,True,True
15349,1,0,0,0,0.0,closed,True,True
15348,0,7,0,0,0.0,closed,True,True
15347,8,8,0,0,0.0,closed,True,True
15345,8,6,0,0,0.0,closed,True,True
15343,2,2,0,0,0.0,closed,True,True
15342,142,15,0,0,0.0,closed,True,True
15341,421,3,0,3,0.5,closed,True,True
15340,0,1,0,0,0.0,closed,True,True
15339,275,350,2,7,1.75,closed,True,True
15337,254,0,1,0,0.0,closed,True,True
15335,7,4,0,0,0.0,closed,True,True
15334,110,10,3,6,0.42857142857142855,open,False,False
15331,1,1,0,0,0.0,closed,True,True
15329,68,36,0,0,0.0,closed,True,True
15328,47,50,0,0,0.0,closed,True,True
15327,1419,1313,9,9,0.24324324324324326,closed,True,True
15326,181,34,1,1,0.2,closed,True,True
15324,7,9,0,2,1.0,closed,True,True
15323,355,172,1,0,0.0,closed,True,True
15322,677,676,0,0,0.0,closed,True,True
15321,868,597,0,0,0.0,closed,True,True
15320,4,4,0,0,0.0,closed,True,True
15319,109,114,0,0,0.0,closed,True,True
15318,103,64,0,0,0.0,closed,True,True
15317,3,3,0,0,0.0,closed,True,True
15315,16,6,0,0,0.0,closed,True,True
15314,84,35,0,9,0.9,closed,True,True
15313,1,1,0,0,0.0,closed,True,True
15312,18,18,0,0,0.0,closed,True,True
15310,10,1,0,0,0.0,closed,True,True
15309,6,5,0,0,0.0,closed,True,True
15308,0,0,0,0,0.0,closed,True,True
15307,3,1,0,0,0.0,closed,True,True
15306,2,2,0,3,3.0,closed,True,True
15305,11,11,0,1,1.0,closed,True,True
15303,1,1,0,0,0.0,closed,True,True
15302,133,0,17,28,1.8666666666666667,closed,True,True
15300,85,65,0,4,1.3333333333333333,closed,True,True
15299,1,1,0,0,0.0,closed,True,True
15298,2,2,0,0,0.0,closed,True,True
15297,174,2,0,20,10.0,closed,True,True
15296,1345,1271,3,0,0.0,closed,True,True
15294,3965,1327,7,4,0.0449438202247191,closed,True,True
15293,302,297,0,0,0.0,closed,True,True
15292,3,8,0,1,0.5,closed,True,True
15291,2,2,0,0,0.0,closed,True,True
15290,0,1,0,0,0.0,closed,True,True
15289,201,192,4,9,1.5,closed,True,True
15288,43,24,6,3,0.75,closed,True,True
15287,6,6,0,0,0.0,closed,True,True
15286,66,131,2,0,0.0,closed,False,False
15284,1,1,0,0,0.0,closed,True,True
15283,34,6,2,4,1.3333333333333333,closed,True,True
15282,1,1,0,0,0.0,closed,True,True
15281,1,0,0,0,0.0,closed,False,False
15280,385,282,0,0,0.0,closed,True,True
15279,190,272,0,0,0.0,closed,True,True
15276,1,1,0,0,0.0,closed,True,True
15275,21,10,1,2,0.6666666666666666,closed,True,True
15274,32,27,0,0,0.0,closed,True,True
15270,3,0,0,0,0.0,closed,True,True
15267,273,192,0,0,0.0,closed,True,True
15266,568,568,7,0,0.0,closed,True,True
15265,554,0,11,44,1.4193548387096775,closed,True,True
15262,20,20,0,0,0.0,closed,True,True
15258,2,2,0,0,0.0,closed,True,True
15257,1257,940,0,0,0.0,closed,True,True
15255,588,392,2,4,0.36363636363636365,closed,True,True
15253,91,93,2,0,0.0,closed,True,True
15251,1321,1450,0,0,0.0,closed,True,True
15250,16,15,2,0,0.0,closed,True,True
15247,235,127,4,0,0.0,closed,True,True
15244,16,0,0,1,1.0,closed,True,True
15243,20,13,0,0,0.0,closed,True,True
15240,5,0,3,2,0.6666666666666666,closed,True,True
15238,12414,0,8,2,0.2222222222222222,closed,True,True
15237,96,14,0,0,0.0,closed,False,False
15235,80,80,0,0,0.0,closed,True,True
15234,2,0,0,0,0.0,closed,True,True
15233,3,0,0,0,0.0,closed,True,True
15232,756,5,0,0,0.0,closed,True,True
15231,10,7,0,0,0.0,closed,True,True
15230,11,2,3,1,0.3333333333333333,closed,True,True
15227,238,117,0,0,0.0,closed,True,True
15226,1,1,0,0,0.0,closed,True,True
15224,201,208,0,0,0.0,closed,True,True
15223,3,3,0,0,0.0,closed,True,True
15222,93,80,0,0,0.0,closed,True,True
15219,56,37,0,0,0.0,closed,True,True
15218,79,82,1,1,0.16666666666666666,closed,True,True
15217,12,5,0,0,0.0,closed,True,True
15216,19,0,0,0,0.0,closed,True,True
15215,40,9,0,0,0.0,closed,True,True
15214,3726,617,14,19,0.15702479338842976,closed,True,True
15213,0,9,1,0,0.0,closed,False,False
15212,38,20,1,0,0.0,closed,False,False
15209,14,9,0,0,0.0,closed,True,True
15208,44,14,0,0,0.0,closed,True,True
15205,49,0,0,0,0.0,closed,True,True
15204,1183,884,0,1,0.03225806451612903,closed,True,True
15201,97,35,2,0,0.0,closed,False,False
15200,26190,7,7,0,0.0,closed,True,True
15195,0,1,5,0,0.0,closed,True,True
15192,13,3,2,0,0.0,closed,True,True
15190,1,1,0,0,0.0,closed,True,True
15189,11,4,0,0,0.0,closed,True,True
15187,168,298,0,0,0.0,closed,True,True
15186,92,1,1,7,1.75,closed,False,False
15185,203,83,1,0,0.0,closed,True,True
15184,17,17,0,0,0.0,closed,True,True
15183,5,5,1,0,0.0,closed,True,True
15180,2,2,0,0,0.0,closed,True,True
15179,18,18,0,0,0.0,closed,True,True
15174,18,15,1,0,0.0,closed,True,True
15173,7,1,3,0,0.0,closed,False,False
15171,1,0,2,0,0.0,closed,True,True
15170,1,2,1,2,0.6666666666666666,closed,True,True
15169,3,4,0,0,0.0,closed,True,True
15168,2801,539,0,0,0.0,closed,True,True
15166,247,72,2,0,0.0,closed,True,True
15165,9,8,0,3,3.0,closed,True,True
15163,1,0,0,0,0.0,closed,True,True
15162,325,110,0,0,0.0,closed,True,True
15161,1,1,0,0,0.0,closed,True,True
15160,174,95,0,1,0.08333333333333333,closed,True,True
15159,1,1,0,0,0.0,closed,False,False
15157,906,426,1,26,0.7428571428571429,closed,True,True
15151,27,0,0,1,0.2,closed,True,True
15149,59,14,2,0,0.0,closed,True,True
15147,28,15,1,0,0.0,closed,True,True
15146,180,21,2,0,0.0,closed,True,True
15143,71,32,9,0,0.0,closed,True,True
15142,124,39,10,0,0.0,open,False,False
15141,66,15,0,5,2.5,closed,True,True
15140,8,1,0,0,0.0,closed,True,True
15139,1,1,0,0,0.0,closed,True,True
15135,1,1,1,0,0.0,closed,True,True
15134,22,2,0,2,1.0,closed,True,True
15132,4,4,4,3,0.75,closed,True,True
15131,3,2,0,0,0.0,closed,True,True
15128,718,0,1,3,0.5,closed,True,True
15127,4,3,3,0,0.0,closed,True,True
15126,57,17,3,0,0.0,closed,True,True
15125,48,36,2,2,0.2857142857142857,closed,True,True
15124,12,54,17,21,2.625,closed,True,True
15122,14,33,0,0,0.0,closed,True,True
15120,19,4,8,0,0.0,closed,True,True
15118,67,54,2,3,1.0,closed,True,True
15117,16,15,1,0,0.0,closed,True,True
15113,1174,802,1,0,0.0,closed,True,True
15112,109,11,0,0,0.0,closed,True,True
15111,90,11,1,0,0.0,closed,True,True
15110,8,9,0,0,0.0,closed,True,True
15109,33,14,0,0,0.0,closed,True,True
15106,12,17,0,0,0.0,closed,True,True
15105,10,6,0,0,0.0,closed,True,True
15104,10,3,1,0,0.0,closed,True,True
15100,33,21,1,0,0.0,closed,True,True
15099,83,21,0,1,0.16666666666666666,closed,True,True
15097,8,8,1,0,0.0,closed,True,True
15096,445,2,4,4,0.25,closed,False,False
15095,5,5,0,0,0.0,closed,True,True
15094,6,6,1,0,0.0,closed,True,True
15093,11,11,2,0,0.0,closed,True,True
15091,39,17,0,2,0.25,closed,True,True
15090,1,0,0,0,0.0,closed,True,True
15088,199,86,0,0,0.0,closed,False,False
15087,86,10,0,4,0.8,closed,True,True
15086,7,79,3,0,0.0,closed,True,True
15085,7,10,2,0,0.0,closed,True,True
15082,3,1,2,0,0.0,closed,True,True
15080,2020,99,4,0,0.0,closed,False,False
15078,576,26,0,0,0.0,closed,True,True
15074,39,32,14,4,0.4444444444444444,closed,True,True
15073,8,2,0,1,1.0,closed,True,True
15072,251,85,0,0,0.0,closed,True,True
15071,12,3,1,0,0.0,closed,False,False
15070,210,98,2,0,0.0,closed,False,False
15068,0,9,0,0,0.0,closed,True,True
15067,12,12,0,0,0.0,closed,True,True
15065,12,26,0,1,1.0,closed,True,True
15064,3,3,1,0,0.0,closed,True,True
15063,199,123,1,0,0.0,closed,True,True
15062,1,1,0,0,0.0,closed,True,True
15061,3,3,0,0,0.0,closed,True,True
15060,3,1,0,2,0.6666666666666666,closed,True,True
15059,18,18,0,0,0.0,closed,True,True
15055,9,14,1,0,0.0,closed,True,True
15054,30,25,1,0,0.0,closed,True,True
15053,1,1,0,0,0.0,closed,True,True
15052,1,1,0,0,0.0,closed,True,True
15049,272,273,4,0,0.0,closed,False,False
15047,172,172,3,0,0.0,closed,True,True
15046,6,4,1,0,0.0,closed,True,True
15045,348,248,2,18,1.0588235294117647,closed,True,True
15044,181,148,1,0,0.0,closed,True,True
15043,268,10,3,0,0.0,closed,False,False
15042,2,1,0,0,0.0,closed,True,True
15041,5,1,3,0,0.0,closed,True,True
15040,1,1,0,1,0.5,closed,True,True
15039,22,8,2,0,0.0,closed,True,True
15038,20,30,0,2,0.3333333333333333,closed,True,True
15034,1,2,0,1,0.5,closed,True,True
15031,3126,1411,0,0,0.0,closed,True,True
15029,86,52,0,1,0.3333333333333333,closed,True,True
15026,87,52,0,0,0.0,closed,False,False
15025,7,7,0,0,0.0,closed,True,True
15024,107,3,3,1,0.16666666666666666,closed,True,True
15023,2,2,0,0,0.0,closed,True,True
15021,35,19,0,0,0.0,closed,True,True
15020,1,0,0,0,0.0,closed,True,True
15018,21,6,0,0,0.0,closed,True,True
15017,1039,4,6,29,0.3258426966292135,closed,True,True
15015,8,2,0,0,0.0,closed,True,True
15014,59,15,2,0,0.0,closed,True,True
15013,40,18,0,0,0.0,closed,True,True
15012,106,16,16,0,0.0,closed,False,False
15011,52,1,12,1,0.5,closed,True,True
15010,224,180,1,12,1.7142857142857142,closed,True,True
15009,11,7,4,1,0.16666666666666666,closed,True,True
15005,3,3,0,1,1.0,closed,True,True
15004,21,36,1,0,0.0,closed,True,True
15003,2,1,0,0,0.0,closed,True,True
15002,95,0,5,7,2.3333333333333335,closed,True,True
15000,580,61,3,0,0.0,closed,True,True
14998,2,2,0,0,0.0,closed,True,True
14997,0,2,0,0,0.0,closed,True,True
14996,521,0,2,0,0.0,closed,False,False
14995,1,4,0,0,0.0,closed,True,True
14994,69,5,2,15,2.142857142857143,closed,False,False
14992,10,1,2,4,2.0,closed,True,True
14991,10,3,0,0,0.0,closed,True,True
14990,1,1,0,0,0.0,closed,True,True
14984,340,343,2,0,0.0,closed,True,True
14982,148,2,10,3,0.5,closed,True,True
14981,134,83,6,4,0.3333333333333333,closed,True,True
14980,1,1,4,0,0.0,closed,True,True
14979,264,3,0,0,0.0,closed,True,True
14978,5,3,0,0,0.0,closed,True,True
14977,273,1,0,0,0.0,closed,True,True
14976,20,20,0,0,0.0,closed,True,True
14974,42,4,0,0,0.0,closed,True,True
14973,18,0,0,0,0.0,closed,True,True
14972,16,0,0,0,0.0,closed,True,True
14971,4,0,0,0,0.0,closed,True,True
14970,4,0,0,0,0.0,closed,True,True
14969,6,3,0,0,0.0,closed,True,True
14968,76,0,0,2,0.4,closed,True,True
14966,62,1,0,0,0.0,closed,True,True
14965,228,30,0,0,0.0,closed,True,True
14964,5,1,1,0,0.0,closed,True,True
14963,7,10,0,1,0.3333333333333333,closed,True,True
14962,3,3,0,0,0.0,closed,True,True
14961,19,40,0,1,0.5,closed,True,True
14960,4,0,0,0,0.0,closed,True,True
14959,420,21,1,0,0.0,closed,True,True
14958,14,11,0,0,0.0,closed,True,True
14955,9,16,0,2,0.4,closed,True,True
14954,1,1,1,0,0.0,closed,True,True
14953,185,0,4,2,0.2222222222222222,closed,True,True
14952,1,1,0,0,0.0,closed,True,True
14951,2,0,0,0,0.0,closed,True,True
14950,1,1,4,0,0.0,closed,True,True
14948,6,19,0,0,0.0,closed,True,True
14947,4,0,0,0,0.0,closed,True,True
14945,95,28,3,0,0.0,closed,True,True
14940,12,13,0,0,0.0,closed,True,True
14939,1,1,0,0,0.0,closed,True,True
14938,1,11,0,0,0.0,closed,True,True
14936,24,12,0,0,0.0,closed,True,True
14935,6,9,0,0,0.0,closed,True,True
14934,8,0,0,0,0.0,closed,True,True
14933,17,17,0,0,0.0,closed,True,True
14932,97,29,0,0,0.0,closed,True,True
14930,29,70,1,0,0.0,closed,True,True
14929,8,0,0,0,0.0,closed,True,True
14928,8,76,5,0,0.0,closed,True,True
14924,71,3,1,0,0.0,closed,True,True
14922,16,12,2,0,0.0,closed,True,True
14921,30,30,0,0,0.0,closed,True,True
14920,783,431,7,1,0.3333333333333333,closed,True,True
14919,8,8,1,0,0.0,closed,True,True
14918,0,4,0,0,0.0,closed,True,True
14917,31,48,0,2,1.0,closed,True,True
14916,207,0,0,0,0.0,closed,True,True
14915,12,0,0,0,0.0,closed,True,True
14914,47,48,0,0,0.0,closed,True,True
14908,431,774,0,0,0.0,closed,True,True
14906,77,40,2,0,0.0,closed,True,True
14905,3,0,1,0,0.0,closed,True,True
14904,107,45,0,0,0.0,closed,True,True
14903,82,88,3,15,1.6666666666666667,closed,True,True
14902,793,700,0,2,0.037037037037037035,closed,True,True
14900,2,2,0,0,0.0,closed,True,True
14899,1,1,0,0,0.0,closed,True,True
14898,5,9,0,0,0.0,closed,True,True
14897,2,2,0,0,0.0,closed,True,True
14896,264,15,1,0,0.0,closed,False,False
14895,3,3,0,0,0.0,closed,True,True
14894,5,16,0,0,0.0,closed,True,True
14893,1689,86,0,0,0.0,closed,False,False
14891,12,2,0,0,0.0,closed,True,True
14890,34,39,5,5,0.8333333333333334,closed,True,True
14888,493,159,0,0,0.0,closed,True,True
14886,1,2,0,3,1.5,closed,True,True
14885,130,191,0,0,0.0,closed,True,True
14884,25,39,0,4,2.0,closed,True,True
14883,1,1,0,0,0.0,closed,True,True
14882,1,1,1,0,0.0,closed,False,False
14881,2,2,0,0,0.0,closed,True,True
14875,166,4,1,0,0.0,closed,True,True
14874,3117,1267,5,3,0.06,closed,True,True
14873,1,4,0,0,0.0,closed,True,True
14872,53,34,2,0,0.0,closed,True,True
14871,2,2,0,3,1.5,closed,True,True
14870,18,18,0,0,0.0,closed,True,True
14869,172,53,1,0,0.0,closed,True,True
14868,1031,90,29,19,0.4318181818181818,closed,True,True
14864,1,1,0,0,0.0,closed,True,True
14863,268,3,1,0,0.0,closed,False,False
14862,1,1,0,0,0.0,closed,True,True
14861,1,0,1,0,0.0,closed,True,True
14858,22,22,0,1,0.3333333333333333,closed,True,True
14856,8,0,4,5,0.625,closed,True,True
14854,1,1,0,0,0.0,closed,True,True
14853,1,1,0,0,0.0,closed,True,True
14849,4,2,4,0,0.0,closed,False,False
14847,344,365,2,4,0.3076923076923077,closed,True,True
14846,9,0,0,0,0.0,closed,False,False
14844,4,4,5,0,0.0,closed,True,True
14842,413,15,1,0,0.0,closed,True,True
14840,1,2,0,0,0.0,closed,True,True
14838,0,44,0,0,0.0,closed,True,True
14837,20,5,0,0,0.0,closed,True,True
14836,3,250,0,0,0.0,closed,True,True
14835,32,0,0,0,0.0,closed,True,True
14834,5,5,0,0,0.0,closed,True,True
14833,3,2,0,0,0.0,closed,True,True
14832,3112,2417,0,0,0.0,closed,True,True
14831,14,0,1,15,2.142857142857143,closed,True,True
14830,4,0,0,0,0.0,closed,True,True
14829,2,877,0,0,0.0,closed,True,True
14828,37,0,0,0,0.0,closed,True,True
14827,1567,986,0,2,0.047619047619047616,closed,True,True
14826,0,27,0,0,0.0,closed,True,True
14825,151,167,0,15,3.75,closed,True,True
14824,5,23,3,2,2.0,closed,True,True
14823,1,1,1,0,0.0,closed,False,False
14822,557,229,2,5,1.0,closed,True,True
14821,9,0,0,0,0.0,closed,True,True
14820,32,101,0,0,0.0,closed,True,True
14819,3,4,0,0,0.0,closed,True,True
14818,3,3,0,1,0.3333333333333333,closed,True,True
14817,38,36,2,0,0.0,closed,True,True
14815,6,22,0,0,0.0,closed,True,True
14814,1,0,1,0,0.0,closed,False,False
14813,3,17,0,0,0.0,closed,True,True
14812,344,259,0,0,0.0,closed,True,True
14811,1,1,0,0,0.0,closed,True,True
14810,774,431,6,17,2.4285714285714284,closed,True,True
14809,19,4,0,7,3.5,closed,True,True
14808,142,58,5,0,0.0,closed,False,False
14806,37,9,3,4,2.0,closed,True,True
14802,100,131,0,0,0.0,closed,True,True
14801,1,1,0,4,2.0,closed,True,True
14797,4688,4616,0,0,0.0,closed,True,True
14796,5,5,0,0,0.0,closed,True,True
14795,1,1,1,0,0.0,closed,False,False
14794,2,12,0,0,0.0,closed,True,True
14793,2,2,0,0,0.0,closed,True,True
14792,3,2,4,0,0.0,closed,True,True
14791,9,2,0,0,0.0,closed,True,True
14790,31,20,0,0,0.0,closed,True,True
14787,21,20,0,0,0.0,closed,True,True
14785,4,1,0,0,0.0,closed,True,True
14784,34,34,0,0,0.0,closed,True,True
14782,408,436,0,0,0.0,closed,True,True
14781,42,75,2,0,0.0,closed,True,True
14780,705,104,1,0,0.0,closed,False,False
14779,148,213,0,0,0.0,closed,True,True
14778,15,15,0,0,0.0,closed,True,True
14777,1,1,0,0,0.0,closed,True,True
14776,92,100,0,0,0.0,closed,True,True
14775,1,1,0,0,0.0,closed,True,True
14774,16,0,0,0,0.0,closed,True,True
14773,21,12,0,0,0.0,closed,True,True
14772,8,12,0,1,0.3333333333333333,closed,True,True
14771,43,6,0,0,0.0,closed,True,True
14769,5,2,0,0,0.0,closed,True,True
14768,56,8,0,0,0.0,closed,True,True
14767,1,0,0,0,0.0,closed,True,True
14766,33,29,0,0,0.0,closed,True,True
14765,1452,946,0,0,0.0,closed,False,False
14763,8,0,0,2,1.0,closed,True,True
14762,2,2,0,0,0.0,closed,True,True
14759,12,6,0,0,0.0,closed,True,True
14756,17,17,0,0,0.0,closed,True,True
14753,1,0,0,0,0.0,closed,True,True
14752,1,0,0,0,0.0,closed,False,False
14751,10,5,0,0,0.0,closed,True,True
14750,19,28,0,0,0.0,closed,True,True
14749,15,25,0,5,1.0,closed,True,True
14748,8,6,1,0,0.0,closed,True,True
14745,18,18,0,0,0.0,closed,True,True
14744,1,1,0,0,0.0,closed,True,True
14743,35,34,0,0,0.0,closed,True,True
14742,10,9,0,0,0.0,closed,True,True
14741,1,0,0,0,0.0,closed,True,True
14740,29,0,0,0,0.0,closed,True,True
14739,1,1,0,0,0.0,closed,True,True
14738,0,1,0,0,0.0,closed,True,True
14736,2,2,0,0,0.0,closed,True,True
14735,16,2,0,4,0.8,closed,True,True
14734,1,1,0,0,0.0,closed,True,True
14733,11,2,0,0,0.0,closed,True,True
14732,39,45,0,0,0.0,closed,True,True
14731,2,13,0,0,0.0,closed,True,True
14729,107,156,0,8,1.1428571428571428,closed,True,True
14728,1299,76,1,0,0.0,closed,False,False
14727,63,4,8,14,0.2545454545454545,closed,True,True
14726,51,18,0,0,0.0,closed,True,True
14725,36,0,0,0,0.0,closed,True,True
14724,7,13,0,0,0.0,closed,True,True
14723,154,121,1,0,0.0,closed,False,False
14722,2,0,0,1,0.5,closed,True,True
14721,9,0,0,0,0.0,closed,True,True
14720,36,38,1,0,0.0,closed,True,True
14718,1979,907,0,0,0.0,closed,True,True
14717,39,1,2,2,0.4,closed,False,False
14716,8,5,0,0,0.0,closed,True,True
14715,48,48,0,0,0.0,closed,True,True
14714,52,0,0,1,0.3333333333333333,closed,True,True
14713,1,1,3,0,0.0,closed,False,False
14712,10,4,1,4,4.0,closed,False,False
14711,1,1,0,0,0.0,closed,True,True
14706,3876,2165,1,0,0.0,closed,True,True
14705,1,1,0,0,0.0,closed,True,True
14704,152,3,5,3,0.375,closed,True,True
14703,9,0,1,0,0.0,closed,True,True
14702,436,408,9,2,0.5,closed,True,True
14700,0,23,0,0,0.0,closed,True,True
14695,4,7,0,0,0.0,closed,True,True
14694,5,0,1,0,0.0,closed,True,True
14692,43,19,2,3,1.5,closed,True,True
14691,1296,338,6,10,0.18867924528301888,closed,True,True
14690,783,54,13,2,0.3333333333333333,open,False,False
14689,0,1,0,0,0.0,closed,True,True
14688,0,73,0,0,0.0,closed,False,False
14687,17,15,18,8,0.8,closed,True,True
14686,8,9,0,9,2.25,closed,True,True
14681,16,5,0,0,0.0,closed,True,True
14680,11,0,4,2,0.6666666666666666,closed,True,True
14679,2,2,0,0,0.0,closed,True,True
14678,87,867,5,0,0.0,closed,True,True
14676,5,2,2,5,2.5,closed,True,True
14675,1,0,0,0,0.0,closed,True,True
14674,343,0,11,6,0.5,closed,False,False
14673,7,2,0,0,0.0,closed,True,True
14672,12,12,0,0,0.0,closed,True,True
14671,1,1,0,0,0.0,closed,True,True
14669,2,2,0,0,0.0,closed,True,True
14665,1376,424,0,0,0.0,closed,True,True
14664,47,0,0,7,0.6363636363636364,closed,True,True
14662,23,0,1,0,0.0,closed,True,True
14661,131,107,8,0,0.0,closed,False,False
14660,80,44,3,0,0.0,closed,True,True
14659,1306,1424,7,9,2.25,closed,True,True
14658,2,2,0,0,0.0,closed,True,True
14656,20,22,1,0,0.0,closed,True,True
14655,122,13,0,0,0.0,closed,False,False
14654,10,6,0,0,0.0,closed,True,True
14653,180,179,0,0,0.0,closed,True,True
14651,2,2,0,0,0.0,closed,True,True
14650,4,4,0,0,0.0,closed,True,True
14649,17,0,0,0,0.0,closed,True,True
14647,2,11,0,0,0.0,closed,True,True
14646,4,2,0,0,0.0,closed,True,True
14644,2,1,0,0,0.0,closed,True,True
14642,8,6,1,0,0.0,closed,True,True
14641,4,3,0,0,0.0,closed,True,True
14640,12,1,0,0,0.0,closed,True,True
14636,567,42,15,30,1.2,closed,True,True
14635,0,29,0,0,0.0,closed,True,True
14634,2,6,0,0,0.0,closed,True,True
14633,1,0,0,0,0.0,closed,True,True
14632,168,342,2,0,0.0,closed,True,True
14631,19,15,0,0,0.0,closed,True,True
14630,1,1,0,0,0.0,closed,True,True
14629,5,1,2,0,0.0,closed,True,True
14627,1,9,0,0,0.0,closed,True,True
14625,60,35,0,4,0.8,closed,True,True
14623,393,20,4,0,0.0,closed,True,True
14622,0,0,0,0,0.0,closed,True,True
14621,609,2307,0,0,0.0,closed,True,True
14620,58,23,0,0,0.0,closed,True,True
14618,18,18,1,0,0.0,closed,True,True
14617,18,7,0,0,0.0,closed,True,True
14616,1,2,0,2,2.0,closed,True,True
14615,4,4,0,0,0.0,closed,True,True
14614,2,12,0,0,0.0,closed,True,True
14613,7,1,0,0,0.0,closed,True,True
14612,5,22,0,0,0.0,closed,True,True
14611,17,17,0,0,0.0,closed,True,True
14610,335,771,0,0,0.0,closed,True,True
14609,33,128,0,0,0.0,closed,True,True
14608,160,299,0,0,0.0,closed,True,True
14607,23,219,0,0,0.0,closed,True,True
14605,11,54,0,0,0.0,closed,True,True
14603,1,1,1,0,0.0,closed,True,True
14602,20,12,0,0,0.0,closed,True,True
14601,1,0,0,0,0.0,closed,True,True
14600,47,0,0,0,0.0,closed,True,True
14599,133,27,11,7,0.5833333333333334,closed,True,True
14598,68,314,0,0,0.0,closed,True,True
14597,0,31,0,0,0.0,closed,False,False
14596,4,25,0,0,0.0,closed,True,True
14595,18,12,0,0,0.0,closed,True,True
14594,0,135,0,0,0.0,closed,True,True
14592,6190,4948,8,0,0.0,closed,True,True
14591,341,36,1,0,0.0,closed,True,True
14590,4,4,0,0,0.0,closed,True,True
14589,75,47,4,3,3.0,closed,True,True
14588,89,305,0,0,0.0,closed,True,True
14587,19,3,9,0,0.0,closed,True,True
14585,707,28,39,33,0.7674418604651163,closed,True,True
14584,4,25,0,2,1.0,closed,True,True
14583,1,1,0,0,0.0,closed,True,True
14582,35,0,0,2,1.0,closed,True,True
14581,188,2,4,9,3.0,closed,True,True
14580,5,5,0,0,0.0,closed,True,True
14579,7,6,0,0,0.0,closed,True,True
14578,3,0,0,0,0.0,closed,True,True
14577,212,118,0,0,0.0,closed,True,True
14576,1,3,0,0,0.0,closed,True,True
14575,1,1,0,0,0.0,closed,True,True
14574,17,10,0,0,0.0,closed,True,True
14573,13,3,0,0,0.0,closed,True,True
14572,104,108,0,0,0.0,closed,True,True
14571,26,36,0,0,0.0,closed,True,True
14569,18,29,0,0,0.0,closed,True,True
14568,1,34,0,0,0.0,closed,True,True
14567,2121,2561,33,17,2.125,closed,True,True
14565,46,135,0,0,0.0,closed,True,True
14564,2983,802,2,4,0.10526315789473684,closed,True,True
14563,39,1,0,0,0.0,closed,True,True
14560,9,11,0,2,0.6666666666666666,closed,True,True
14559,6,4,0,0,0.0,closed,True,True
14558,1,1,0,0,0.0,closed,True,True
14557,24,6,0,0,0.0,closed,True,True
14556,390,1208,0,0,0.0,closed,True,True
14555,15,9,0,0,0.0,closed,True,True
14554,4,4,0,0,0.0,closed,True,True
14553,29,0,7,2,0.3333333333333333,closed,True,True
14552,16,5,5,5,5.0,closed,True,True
14551,162,114,29,8,8.0,closed,True,True
14550,338,1661,0,0,0.0,closed,True,True
14549,1,1,0,0,0.0,closed,True,True
14548,1,1,0,0,0.0,closed,True,True
14547,315,424,0,0,0.0,closed,True,True
14545,12,2,0,2,1.0,closed,True,True
14544,113,75,4,0,0.0,closed,True,True
14543,10,8,2,0,0.0,closed,True,True
14542,0,101,0,0,0.0,closed,True,True
14540,2483,0,0,0,0.0,closed,True,True
14539,22,17,0,0,0.0,closed,True,True
14538,136,2648,0,0,0.0,closed,True,True
14537,104,91,0,4,0.5,closed,True,True
14536,0,1,0,0,0.0,closed,True,True
14535,43,26,1,2,0.6666666666666666,closed,True,True
14533,41,18,0,0,0.0,closed,True,True
14532,40,5,1,3,3.0,closed,False,False
14530,71,108,0,0,0.0,closed,True,True
14529,21,10,0,0,0.0,closed,True,True
14528,1,8,1,0,0.0,closed,True,True
14527,11,0,0,0,0.0,closed,True,True
14525,9,3,2,0,0.0,closed,True,True
14524,37,12,4,0,0.0,closed,True,True
14523,14,148,0,0,0.0,closed,True,True
14519,80,82,6,0,0.0,closed,False,False
14516,68,18,1,4,0.4,closed,True,True
14513,89,128,3,0,0.0,closed,True,True
14511,1,1,0,0,0.0,closed,True,True
14510,57,31,0,0,0.0,closed,True,True
14509,76,78,0,0,0.0,closed,True,True
14507,139,1209,0,0,0.0,closed,True,True
14506,13,13,0,0,0.0,closed,True,True
14505,31,122,0,0,0.0,closed,True,True
14504,12,16,0,0,0.0,closed,True,True
14503,87,434,0,0,0.0,closed,True,True
14502,7,7,0,0,0.0,closed,True,True
14501,1,1,0,0,0.0,closed,True,True
14500,1,1,0,1,0.05263157894736842,closed,True,True
14499,9,16,0,0,0.0,closed,True,True
14498,3,4,0,0,0.0,closed,True,True
14497,1,11,0,0,0.0,closed,True,True
14496,156,12,2,6,1.0,closed,True,True
14495,71,1,3,0,0.0,closed,True,True
14493,3006,2269,3,2,0.03571428571428571,closed,True,True
14492,5,4,0,0,0.0,closed,True,True
14491,171,0,2,4,0.17391304347826086,closed,True,True
14489,2,3,0,0,0.0,closed,True,True
14488,1,0,0,0,0.0,closed,True,True
14486,369,0,1,0,0.0,closed,False,False
14485,2,1,0,0,0.0,closed,True,True
14484,1,1,0,0,0.0,closed,True,True
14480,35,24,0,0,0.0,closed,True,True
14476,0,519,2,0,0.0,closed,True,True
14475,44,1,0,0,0.0,closed,True,True
14474,5,5,0,0,0.0,closed,True,True
14473,4,0,0,0,0.0,closed,True,True
14472,1,1,0,0,0.0,closed,True,True
14471,2,2,2,2,2.0,closed,True,True
14470,3,1,0,0,0.0,closed,True,True
14469,1,1,0,0,0.0,closed,True,True
14468,1,1,0,0,0.0,closed,True,True
14467,118,340,1,0,0.0,closed,True,True
14466,558,100,0,0,0.0,closed,True,True
14465,174,0,0,0,0.0,closed,False,False
14464,868,617,1,0,0.0,closed,True,True
14462,273,460,0,0,0.0,closed,True,True
14461,154,24,1,0,0.0,closed,True,True
14460,1,1,1,0,0.0,closed,True,True
14459,5,7,0,0,0.0,closed,True,True
14458,23,19,0,0,0.0,closed,True,True
14457,2,0,0,0,0.0,closed,True,True
14456,29,0,6,2,0.6666666666666666,closed,True,True
14455,9,1,0,0,0.0,closed,True,True
14454,1,1696,1,0,0.0,closed,True,True
14451,4,3,2,0,0.0,closed,False,False
14450,6,6,0,0,0.0,closed,True,True
14449,1,1,0,0,0.0,closed,False,False
14447,49,21,1,0,0.0,closed,True,True
14446,46,15,1,0,0.0,closed,True,True
14445,2,2,0,0,0.0,closed,True,True
14444,11,12,0,0,0.0,closed,True,True
14443,142,22,1,0,0.0,closed,True,True
14442,3,3,0,0,0.0,closed,True,True
14441,4,2,1,2,1.0,closed,True,True
14440,5,5,1,0,0.0,closed,True,True
14438,1,1,0,0,0.0,closed,True,True
14437,7,7,1,0,0.0,closed,True,True
14435,1,1,2,0,0.0,closed,True,True
14434,14,4,0,0,0.0,closed,True,True
14431,1305,528,0,2,0.029411764705882353,closed,True,True
14430,8,5,2,0,0.0,closed,True,True
14429,100,0,2,4,0.4444444444444444,closed,True,True
14428,5,2,0,0,0.0,closed,True,True
14427,64,64,0,0,0.0,closed,True,True
14426,1,1,0,0,0.0,closed,True,True
14425,3,3,0,0,0.0,closed,True,True
14424,13,0,0,0,0.0,closed,True,True
14423,21,7,2,0,0.0,closed,True,True
14422,5,2,0,0,0.0,closed,True,True
14420,73,19,0,0,0.0,closed,True,True
14419,3,2,0,0,0.0,closed,True,True
14418,2,2,3,0,0.0,closed,False,False
14417,2,2,0,0,0.0,closed,True,True
14416,99,10,0,0,0.0,closed,True,True
14415,6,5,0,0,0.0,closed,True,True
14414,10,10,0,0,0.0,closed,True,True
14413,31,15,1,0,0.0,closed,True,True
14410,1,1,2,0,0.0,closed,True,True
14407,24,12,0,0,0.0,closed,True,True
14405,1,1,0,0,0.0,closed,True,True
14403,44,18,0,0,0.0,closed,True,True
14402,1,1,1,0,0.0,closed,True,True
14400,2,2,0,0,0.0,closed,True,True
14399,96,87,0,0,0.0,closed,True,True
14398,3,2,0,2,0.6666666666666666,closed,True,True
14397,1,1,2,0,0.0,closed,True,True
14392,17,8,0,0,0.0,closed,True,True
14391,139,0,3,8,1.3333333333333333,closed,True,True
14390,2,1,1,0,0.0,closed,True,True
14389,22,8,0,0,0.0,closed,True,True
14387,6,0,2,0,0.0,closed,False,False
14385,92,66,3,0,0.0,closed,True,True
14383,37,11,5,0,0.0,closed,True,True
14382,0,133,7,0,0.0,closed,True,True
14381,114,77,2,4,0.5,closed,True,True
14379,1223,1272,0,0,0.0,closed,True,True
14378,17,17,0,0,0.0,closed,True,True
14377,0,1,0,0,0.0,closed,True,True
14376,100,10,1,0,0.0,closed,False,False
14374,10,0,1,0,0.0,closed,True,True
14373,39,35,0,0,0.0,closed,True,True
14372,40,5,3,1,0.25,closed,True,True
14371,35,39,1,0,0.0,closed,True,True
14370,3,0,0,0,0.0,closed,True,True
14369,3,0,0,0,0.0,closed,True,True
14368,35,39,1,0,0.0,closed,False,False
14366,6,2,0,0,0.0,closed,True,True
14365,4,0,0,0,0.0,closed,True,True
14364,4,0,0,0,0.0,closed,True,True
14363,4,0,0,0,0.0,closed,True,True
14362,4,0,0,0,0.0,closed,True,True
14361,4,0,0,0,0.0,closed,True,True
14360,4,0,0,0,0.0,closed,True,True
14359,0,5,1,0,0.0,closed,False,False
14358,0,5,1,0,0.0,closed,False,False
14357,0,10,0,0,0.0,closed,True,True
14356,9,5,0,0,0.0,closed,True,True
14355,0,143,0,0,0.0,closed,True,True
14354,0,18,0,0,0.0,closed,True,True
14353,0,11,0,0,0.0,closed,True,True
14352,4,0,0,0,0.0,closed,True,True
14351,2,0,2,4,1.0,closed,True,True
14350,4,0,0,0,0.0,closed,True,True
14349,8,3,3,5,5.0,closed,True,True
14348,0,365,0,0,0.0,closed,True,True
14347,6,20,0,0,0.0,closed,True,True
14345,93,84,2,12,1.2,closed,True,True
14344,2647,2253,2,0,0.0,closed,True,True
14342,102,2,0,10,0.9090909090909091,closed,True,True
14341,78,1,1,36,1.0588235294117647,closed,True,True
14339,10,12,1,0,0.0,closed,True,True
14338,36,38,1,7,1.0,closed,True,True
14337,1915,819,0,0,0.0,closed,True,True
14336,61,42,0,8,1.0,closed,True,True
14335,453,36,7,30,0.7692307692307693,closed,True,True
14334,83,69,9,4,1.0,closed,True,True
14332,305,703,0,0,0.0,closed,True,True
14331,21,10,2,20,1.25,closed,True,True
14330,99,38,3,0,0.0,closed,True,True
14329,8,4,4,0,0.0,closed,False,False
14327,68,78,0,0,0.0,closed,True,True
14326,388,167,0,0,0.0,closed,True,True
14325,31,0,1,1,1.0,closed,True,True
14323,3,3,1,0,0.0,closed,False,False
14322,6,0,1,5,2.5,closed,True,True
14320,25,25,1,0,0.0,closed,True,True
14319,595,306,0,0,0.0,closed,True,True
14317,78,68,1,2,1.0,closed,True,True
14316,14,6,0,12,3.0,closed,True,True
14315,52,1,5,12,1.2,closed,True,True
14314,44,38,4,1,0.25,closed,True,True
14312,74,0,0,0,0.0,closed,True,True
14309,790,735,20,10,0.2631578947368421,closed,True,True
14307,1039,618,0,0,0.0,closed,True,True
14306,15,15,1,0,0.0,closed,True,True
14305,18,18,0,0,0.0,closed,True,True
14304,31,10,0,0,0.0,closed,True,True
14302,10,14,0,0,0.0,closed,True,True
14301,6,6,4,0,0.0,closed,True,True
14299,471,286,0,0,0.0,closed,True,True
14298,16,0,0,0,0.0,closed,True,True
14297,3,5,0,0,0.0,closed,True,True
14296,5,337,0,2,2.0,closed,True,True
14294,923,445,0,0,0.0,closed,True,True
14290,63,15,7,4,2.0,closed,True,True
14289,214,147,1,0,0.0,closed,True,True
14287,2,2,0,0,0.0,closed,True,True
14286,1,1,0,0,0.0,closed,True,True
14285,2,2,0,0,0.0,closed,True,True
14284,15,13,0,0,0.0,closed,True,True
14283,5,0,2,0,0.0,closed,True,True
14282,9180,4934,0,0,0.0,closed,True,True
14281,1188,1318,4,16,0.6153846153846154,closed,True,True
14280,283,245,0,0,0.0,closed,False,False
14279,4,2,1,0,0.0,closed,True,True
14276,1,1,0,0,0.0,closed,True,True
14275,20,20,0,0,0.0,closed,True,True
14274,1,1,0,0,0.0,closed,True,True
14273,7,1,0,0,0.0,closed,True,True
14272,17,9,1,0,0.0,closed,False,False
14270,110,975,3,0,0.0,closed,True,True
14269,822,305,1,0,0.0,closed,True,True
14268,4,6,0,0,0.0,closed,True,True
14267,144,0,2,0,0.0,closed,True,True
14265,4,1,0,0,0.0,closed,True,True
14264,91,34,2,0,0.0,closed,True,True
14263,37,2,1,3,1.0,closed,True,True
14262,20,382,1,0,0.0,closed,True,True
14261,1,0,0,0,0.0,closed,True,True
14260,2,2,0,3,3.0,closed,True,True
14257,412,199,1,0,0.0,closed,True,True
14255,51,4,1,2,0.4,closed,True,True
14254,20,382,0,0,0.0,closed,False,False
14253,1,1,0,0,0.0,closed,True,True
14252,2215,2210,0,0,0.0,closed,True,True
14251,461,272,0,0,0.0,closed,True,True
14248,0,1,0,0,0.0,closed,True,True
14247,38,9,0,0,0.0,closed,True,True
14246,2,2,0,0,0.0,closed,True,True
14245,1113,1,5,0,0.0,closed,True,True
14244,554,563,1,6,1.0,closed,True,True
14243,136,36,1,0,0.0,closed,True,True
14242,1,1,6,0,0.0,closed,True,True
14240,36,15,1,0,0.0,closed,True,True
14239,12,8,0,0,0.0,closed,True,True
14236,3,3,0,0,0.0,closed,False,False
14233,1,5,2,2,2.0,closed,True,True
14232,1,1,0,0,0.0,closed,True,True
14224,32,12,9,16,1.4545454545454546,closed,True,True
14223,3,1275,3,0,0.0,closed,True,True
14222,11,13,4,0,0.0,closed,False,False
14221,271,17,1,0,0.0,closed,False,False
14220,18,18,0,0,0.0,closed,True,True
14219,4,0,1,0,0.0,closed,True,True
14216,1,30,0,0,0.0,closed,True,True
14213,86,17,9,6,1.2,closed,True,True
14211,0,3,0,0,0.0,closed,True,True
14210,817,1616,5,0,0.0,closed,False,False
14208,8,13,5,0,0.0,closed,True,True
14207,31,25,2,0,0.0,closed,True,True
14206,75,73,1,6,1.2,closed,True,True
14204,0,2,3,0,0.0,closed,True,True
14203,12,9,0,0,0.0,closed,True,True
14198,1608,815,1,1,0.038461538461538464,closed,True,True
14197,74,0,0,0,0.0,closed,True,True
14196,2,59,1,0,0.0,closed,True,True
14195,35,1316,0,0,0.0,closed,True,True
14194,87,80,3,0,0.0,closed,True,True
14193,1,0,0,0,0.0,closed,False,False
14191,242,0,9,25,0.9615384615384616,closed,False,False
14188,1,0,0,0,0.0,closed,True,True
14182,17,17,0,0,0.0,closed,True,True
14181,3,8,4,0,0.0,closed,True,True
14180,1,1,0,0,0.0,closed,True,True
14178,21,22,0,0,0.0,closed,True,True
14176,9,0,0,0,0.0,closed,True,True
14174,1,2,2,0,0.0,closed,True,True
14173,28,26,0,0,0.0,closed,True,True
14172,785,1411,1,0,0.0,closed,True,True
14171,1,1,0,0,0.0,closed,True,True
14169,2,2,0,0,0.0,closed,True,True
14168,15,0,3,1,1.0,closed,True,True
14166,1,1,0,0,0.0,closed,True,True
14165,4,2,0,0,0.0,closed,True,True
14164,1,2,0,0,0.0,closed,True,True
14163,258,0,0,0,0.0,closed,True,True
14160,1,1,1,0,0.0,closed,True,True
14159,68,5,3,1,1.0,closed,False,False
14158,66,4,0,12,3.0,closed,True,True
14156,1,1,0,0,0.0,closed,True,True
14153,2,0,1,0,0.0,closed,True,True
14151,18,18,0,0,0.0,closed,True,True
14150,60,48,9,4,0.36363636363636365,closed,True,True
14148,32,3,8,0,0.0,closed,True,True
14147,2,3,0,1,0.3333333333333333,closed,True,True
14145,3,32,0,0,0.0,closed,True,True
14144,6,6,4,0,0.0,closed,True,True
14142,1,1,0,0,0.0,closed,True,True
14141,96,11,2,0,0.0,closed,False,False
14140,6,1,0,3,1.0,closed,True,True
14137,3,3,0,0,0.0,closed,True,True
14136,1,14,0,0,0.0,closed,True,True
14134,2,2,0,0,0.0,closed,True,True
14133,12,50,0,1,0.5,closed,True,True
14131,129,125,5,0,0.0,closed,True,True
14125,14967,7480,53,47,0.0831858407079646,closed,True,True
14124,18,18,0,0,0.0,closed,True,True
14123,16,2,0,6,1.5,closed,False,False
14122,7,3,0,0,0.0,closed,True,True
14121,77,57,0,0,0.0,closed,True,True
14120,45,29,20,6,0.75,closed,True,True
14118,1,1,0,0,0.0,closed,True,True
14117,13,20,0,0,0.0,closed,True,True
14116,47,35,0,2,1.0,closed,True,True
14114,6,6,0,0,0.0,closed,False,False
14111,2,2,0,0,0.0,closed,True,True
14109,52,0,1,4,2.0,closed,True,True
14108,49,48,0,0,0.0,closed,True,True
14105,6,2,0,0,0.0,closed,True,True
14104,8,6,0,0,0.0,closed,True,True
14101,38,2,6,2,0.4,closed,False,False
14100,52,50,10,1,0.5,closed,True,True
14099,251,0,10,0,0.0,closed,False,False
14095,1,0,0,0,0.0,closed,True,True
14094,19,2,0,0,0.0,closed,True,True
14093,238,538,1,0,0.0,closed,False,False
14092,27,0,1,0,0.0,closed,True,True
14090,147,55,0,0,0.0,closed,True,True
14086,44,69,0,0,0.0,closed,True,True
14085,27,29,0,0,0.0,closed,True,True
14082,1,1,0,0,0.0,closed,True,True
14081,246,103,0,0,0.0,closed,True,True
14080,144,0,1,5,2.5,closed,True,True
14079,136,99,0,0,0.0,closed,True,True
14077,140,97,0,0,0.0,closed,True,True
14076,33,16,0,0,0.0,closed,True,True
14075,1,441,0,0,0.0,closed,True,True
14074,5,5,0,1,1.0,closed,True,True
14073,3,539,6,0,0.0,closed,True,True
14072,3,473,3,0,0.0,closed,True,True
14070,20,5,0,7,3.5,closed,True,True
14069,1,0,3,0,0.0,closed,False,False
14068,4,7,0,0,0.0,closed,True,True
14067,32,3,1,0,0.0,closed,True,True
14065,1411,785,31,14,0.6666666666666666,closed,True,True
14064,287,49,0,0,0.0,closed,True,True
14063,34,6,0,0,0.0,closed,True,True
14061,489,286,1,0,0.0,closed,True,True
14058,1,1,0,0,0.0,closed,True,True
14056,4,1,0,0,0.0,closed,True,True
14054,0,56,0,0,0.0,closed,True,True
14053,701,247,0,0,0.0,closed,True,True
14052,18,18,0,0,0.0,closed,True,True
14049,1,1,0,0,0.0,closed,True,True
14048,2,2,0,0,0.0,closed,True,True
14047,1,1,0,2,0.6666666666666666,closed,True,True
14046,401,260,0,0,0.0,closed,True,True
14045,1,1,0,0,0.0,closed,True,True
14044,8,1,1,0,0.0,closed,True,True
14043,1,1,0,0,0.0,closed,True,True
14042,122,13,0,0,0.0,closed,True,True
14041,1,1,0,0,0.0,closed,True,True
14039,73,2,4,6,1.2,closed,True,True
14038,773,499,4,0,0.0,closed,True,True
14037,39,39,0,0,0.0,closed,True,True
14035,279,162,0,0,0.0,closed,True,True
14034,88,51,0,0,0.0,closed,True,True
14031,293,184,0,0,0.0,closed,True,True
14030,24,18,0,0,0.0,closed,True,True
14029,8,3,7,0,0.0,closed,False,False
14027,5,5,1,0,0.0,closed,False,False
14026,20,25,1,0,0.0,closed,True,True
14025,11,11,0,1,0.5,closed,True,True
14024,1,2,0,0,0.0,closed,True,True
14023,1672,871,0,0,0.0,closed,True,True
14021,36,0,3,6,0.75,closed,True,True
14020,69,49,24,3,0.23076923076923078,closed,True,True
14019,1,2,3,0,0.0,closed,False,False
14017,10,6,0,0,0.0,closed,True,True
14015,10,10,0,0,0.0,closed,True,True
14014,38,9,1,0,0.0,closed,True,True
14013,6,5,0,0,0.0,closed,True,True
14012,683,651,1,6,0.15,closed,True,True
14010,26,5,2,7,2.3333333333333335,closed,True,True
14009,60,0,0,0,0.0,closed,False,False
14007,3,3,0,0,0.0,closed,True,True
14006,206,25,10,7,0.5384615384615384,closed,False,False
14005,2898,802,27,0,0.0,closed,False,False
14004,1,1,0,0,0.0,closed,True,True
14002,1,1,0,0,0.0,closed,True,True
14001,17,0,5,28,2.3333333333333335,closed,True,True
14000,651,2320,1,0,0.0,closed,True,True
13999,11,21,0,0,0.0,closed,True,True
13998,4,4,2,0,0.0,closed,False,False
13997,1,1,1,0,0.0,closed,True,True
13995,0,752,2,0,0.0,closed,True,True
13993,18,18,0,0,0.0,closed,True,True
13992,85,50,0,3,0.75,closed,True,True
13991,1,1,0,0,0.0,closed,True,True
13990,15,8,0,0,0.0,closed,True,True
13989,43,11,0,0,0.0,closed,True,True
13981,2,1,2,0,0.0,closed,True,True
13980,19,15,0,0,0.0,closed,True,True
13978,12,6,0,0,0.0,closed,True,True
13977,5,0,0,0,0.0,closed,True,True
13975,6,0,0,0,0.0,closed,True,True
13974,1,4,0,3,1.0,closed,True,True
13970,2,2,0,0,0.0,closed,True,True
13968,12,9,0,0,0.0,closed,True,True
13966,4,0,0,0,0.0,closed,True,True
13962,291,0,4,3,0.6,closed,True,True
13961,69,0,0,0,0.0,closed,True,True
13960,188,164,1,2,0.6666666666666666,closed,True,True
13959,2,2,1,0,0.0,closed,True,True
13958,2,3,0,0,0.0,closed,True,True
13955,4,3,0,0,0.0,closed,True,True
13954,90,18,0,0,0.0,closed,True,True
13953,6,3,0,0,0.0,closed,True,True
13951,46,1,7,0,0.0,closed,True,True
13948,17,24,2,0,0.0,closed,True,True
13947,67,15,0,2,0.5,closed,True,True
13946,41,40,0,0,0.0,closed,True,True
13945,36,48,0,0,0.0,closed,True,True
13944,46,8,1,14,1.5555555555555556,closed,False,False
13943,337,344,3,0,0.0,closed,False,False
13942,41,3,0,0,0.0,closed,True,True
13941,22,30,7,3,1.0,closed,True,True
13939,1,1,0,3,1.5,closed,True,True
13938,1,15,0,0,0.0,closed,True,True
13935,21,8,1,0,0.0,closed,True,True
13934,6,4,0,6,1.2,closed,True,True
13932,85,42,0,0,0.0,closed,True,True
13931,1,0,0,0,0.0,closed,True,True
13930,21,18,0,0,0.0,closed,True,True
13928,45,160,0,2,2.0,closed,True,True
13927,690,118,12,18,0.47368421052631576,closed,True,True
13926,278,1805,2,6,0.5454545454545454,closed,True,True
13925,1,1,0,0,0.0,closed,True,True
13924,78,3,0,2,0.6666666666666666,closed,True,True
13920,18,10,0,0,0.0,closed,True,True
13919,1800,2931,1,0,0.0,closed,False,False
13917,16,12,0,0,0.0,closed,True,True
13916,68,0,0,7,1.1666666666666667,closed,True,True
13915,4733,254,2,0,0.0,closed,True,True
13914,21,11,0,0,0.0,closed,True,True
13913,18,18,0,0,0.0,closed,True,True
13912,1,1,0,0,0.0,closed,True,True
13911,5,1,1,0,0.0,closed,True,True
13910,31,9,0,20,2.2222222222222223,closed,True,True
13909,4,4,0,0,0.0,closed,True,True
13907,2,0,0,0,0.0,closed,True,True
13906,5,10,0,0,0.0,closed,True,True
13903,17,17,0,0,0.0,closed,True,True
13899,312,257,3,0,0.0,closed,True,True
13897,62,18,1,9,2.25,closed,True,True
13896,103,79,10,7,1.75,closed,True,True
13895,4,0,0,0,0.0,closed,True,True
13894,17,0,0,0,0.0,closed,True,True
13893,5,3,0,0,0.0,closed,True,True
13892,18,3,4,0,0.0,closed,True,True
13891,9,3,0,0,0.0,closed,True,True
13890,10,2,0,0,0.0,closed,True,True
13889,24,23,0,0,0.0,closed,True,True
13887,2,2,0,0,0.0,closed,True,True
13886,22,19,0,0,0.0,closed,True,True
13885,2320,651,86,1,0.009259259259259259,closed,True,True
13884,49,145,11,0,0.0,closed,True,True
13883,59,27,1,0,0.0,closed,False,False
13882,1,1,0,0,0.0,closed,True,True
13881,24,40,3,1,0.5,closed,True,True
13880,26,26,0,0,0.0,closed,True,True
13879,1,1,0,0,0.0,closed,True,True
13878,29,1,3,4,1.0,closed,True,True
