pr_number,lines_added,lines_deleted,comments,review_comments,avg_review_comments,state,merged,accepted
6730,501,49,1,0,0.0,open,False,False
6729,1183,405,1,3,0.1111111111111111,open,False,False
6728,3,3,1,0,0.0,open,False,False
6727,17,0,0,0,0.0,open,False,False
6726,74,6,2,0,0.0,open,False,False
6725,62,83,1,0,0.0,closed,True,True
6724,6,6,1,0,0.0,closed,True,True
6723,162,231,1,0,0.0,closed,True,True
6722,201,197,0,0,0.0,closed,True,True
6721,83,47,1,0,0.0,closed,True,True
6720,24,4,3,0,0.0,closed,True,True
6719,28,50,1,0,0.0,closed,True,True
6716,1,3,1,0,0.0,closed,True,True
6715,1731,424,1,0,0.0,open,False,False
6714,17,1,5,5,1.6666666666666667,closed,True,True
6713,194,137,7,3,0.5,closed,True,True
6712,444,519,1,0,0.0,closed,True,True
6711,720,797,1,0,0.0,closed,True,True
6710,513,570,1,0,0.0,closed,True,True
6709,730,928,1,0,0.0,closed,True,True
6706,532,3,3,5,0.7142857142857143,open,False,False
6704,0,750,1,0,0.0,closed,True,True
6703,3,0,1,0,0.0,closed,True,True
6702,531,587,2,0,0.0,closed,True,True
6701,7,28,1,0,0.0,closed,True,True
6700,638,720,1,0,0.0,closed,True,True
6699,797,866,1,0,0.0,closed,True,True
6698,31,6,1,0,0.0,open,False,False
6697,4,1,2,0,0.0,open,False,False
6696,233,15,1,3,1.5,closed,True,True
6695,835,1022,1,0,0.0,closed,True,True
6694,29,10,1,0,0.0,closed,True,True
6693,98,84,3,5,1.6666666666666667,open,False,False
6688,44,8,1,0,0.0,closed,True,True
6684,11,2,1,0,0.0,closed,True,True
6683,244,269,1,0,0.0,open,False,False
6682,2,2,1,1,0.5,closed,False,False
6680,482,394,1,14,2.3333333333333335,closed,True,True
6678,285,286,1,0,0.0,closed,True,True
6675,31,47,0,0,0.0,closed,False,False
6673,4,0,0,0,0.0,closed,False,False
6672,2,0,0,0,0.0,closed,False,False
6671,23,2,1,1,0.5,closed,True,True
6670,10,86,0,0,0.0,closed,False,False
6669,20,79,0,0,0.0,closed,False,False
6668,43,85,0,0,0.0,closed,False,False
6667,68,116,0,0,0.0,closed,False,False
6664,38,26,1,2,1.0,closed,True,True
6661,24,1,2,0,0.0,closed,False,False
6657,1,1,2,5,1.25,closed,True,True
6656,20,56,1,0,0.0,closed,True,True
6655,0,9,1,0,0.0,closed,True,True
6653,51,1,5,0,0.0,closed,True,True
6651,26,45,1,1,0.3333333333333333,closed,True,True
6650,2,6,1,2,2.0,closed,True,True
6648,151,122,1,0,0.0,closed,True,True
6647,149,140,1,0,0.0,closed,True,True
6646,46,44,1,0,0.0,closed,True,True
6635,38,123,1,0,0.0,closed,True,True
6634,202,82,1,0,0.0,closed,True,True
6633,2,1,3,0,0.0,closed,True,True
6631,151,172,1,0,0.0,closed,True,True
6629,63,3,4,1,0.16666666666666666,open,False,False
6628,38,2,3,2,0.4,closed,True,True
6626,11,5,2,0,0.0,closed,True,True
6625,2,0,2,0,0.0,closed,False,False
6624,71,61,2,3,3.0,closed,True,True
6623,65,270,2,1,0.25,closed,True,True
6622,1,1,2,0,0.0,closed,True,True
6621,3,10,2,0,0.0,closed,True,True
6618,108,8,5,10,1.4285714285714286,closed,True,True
6614,779,13,2,9,0.6,closed,True,True
6613,28,6,3,5,1.0,closed,True,True
6612,330,173,1,1,0.041666666666666664,open,False,False
6611,1,0,5,5,5.0,open,False,False
6610,14,12,1,0,0.0,closed,True,True
6609,5,2,2,0,0.0,closed,True,True
6608,105,1,13,27,2.7,closed,True,True
6607,1,1,0,0,0.0,closed,True,True
6606,30,5,4,0,0.0,closed,True,True
6605,8,6,1,0,0.0,closed,True,True
6604,24,11,4,0,0.0,open,False,False
6602,0,88,1,0,0.0,closed,True,True
6601,302,297,1,1,0.14285714285714285,closed,True,True
6599,16,4,2,0,0.0,closed,True,True
6598,0,0,0,0,0,closed,False,False
6595,40,38,0,1,0.3333333333333333,closed,True,True
6591,597,2,0,0,0.0,closed,False,False
6589,40,1,1,5,1.6666666666666667,open,False,False
6588,61,1,1,0,0.0,open,False,False
6587,2,0,0,0,0.0,closed,True,True
6586,50,25,1,0,0.0,closed,True,True
6584,41,57,0,2,1.0,closed,True,True
6582,103,31,2,8,0.6153846153846154,closed,True,True
6581,112,172,0,6,0.8571428571428571,closed,True,True
6579,52,10,1,0,0.0,closed,True,True
6577,103,89,0,0,0.0,closed,True,True
6576,111,138,1,0,0.0,closed,True,True
6575,79,8,1,2,0.6666666666666666,closed,True,True
6573,48,0,1,0,0.0,closed,False,False
6572,5,0,0,0,0.0,closed,False,False
6571,8,0,0,0,0.0,closed,False,False
6570,54,0,0,1,1.0,open,False,False
6568,171,61,8,24,2.0,closed,True,True
6567,3,1,3,0,0.0,closed,True,True
6566,4,0,0,0,0.0,closed,False,False
6565,29,4,0,0,0.0,closed,True,True
6564,29,37,1,1,1.0,closed,False,False
6560,59,12,0,0,0.0,closed,True,True
6547,243,237,9,6,1.5,closed,True,True
6546,105,14,1,0,0.0,open,False,False
6545,14,0,0,0,0.0,closed,True,True
6543,8,4,0,0,0.0,closed,True,True
6542,65,15,13,0,0.0,closed,True,True
6541,488,56,4,1,0.14285714285714285,closed,False,False
6540,565,273,3,3,0.3,closed,True,True
6539,112,178,1,0,0.0,closed,False,False
6538,1,0,3,0,0.0,closed,False,False
6537,7,1,0,0,0.0,closed,False,False
6536,3,5,1,0,0.0,closed,False,False
6533,14,1,1,0,0.0,closed,False,False
6532,0,0,5,0,0,closed,False,False
6531,91,99,1,0,0.0,closed,True,True
6530,38,0,1,0,0.0,closed,False,False
6527,61,46,0,3,0.6,closed,True,True
6526,175,177,2,3,0.3333333333333333,closed,True,True
6524,79,101,0,1,1.0,closed,True,True
6522,27,1,3,8,1.6,closed,True,True
6521,4,5,0,0,0.0,closed,False,False
6520,105,99,0,0,0.0,closed,False,False
6519,45,3,10,11,1.2222222222222223,closed,True,True
6518,0,56,1,0,0.0,closed,False,False
6516,4,4,0,0,0.0,closed,True,True
6515,47,0,5,0,0.0,closed,False,False
6512,30,4,8,10,0.9090909090909091,closed,True,True
6511,4,2,1,0,0.0,closed,True,True
6510,2,13,0,0,0.0,closed,True,True
6508,0,0,1,8,0,closed,False,False
6507,3,1,0,0,0.0,closed,True,True
6506,1,1,3,7,0.7,closed,True,True
6503,90,1,7,0,0.0,closed,False,False
6502,20,4,0,0,0.0,closed,False,False
6501,22,22,1,1,0.3333333333333333,closed,True,True
6500,103,587,2,6,0.75,closed,True,True
6499,8,100,0,0,0.0,closed,True,True
6498,947,981,2,0,0.0,closed,True,True
6497,3,3,1,0,0.0,closed,True,True
6495,15,1,13,0,0.0,closed,False,False
6494,46,39,1,0,0.0,closed,True,True
6492,8,1,1,0,0.0,closed,False,False
6491,1,1,0,0,0.0,closed,False,False
6489,1,1,0,0,0.0,closed,True,True
6488,81,57,1,0,0.0,closed,False,False
6487,0,2,2,0,0.0,closed,True,True
6486,4,4,6,0,0.0,closed,False,False
6485,184,109,3,0,0.0,closed,False,False
6484,36,2,3,1,0.5,closed,True,True
6480,215,117,15,4,0.5714285714285714,closed,False,False
6477,3,1,2,0,0.0,closed,False,False
6475,0,6,1,0,0.0,closed,True,True
6474,47,20,4,0,0.0,closed,False,False
6473,26,34,0,0,0.0,open,False,False
6472,1011,1307,4,13,0.5909090909090909,closed,True,True
6471,4,4,5,0,0.0,closed,False,False
6470,15,7,5,0,0.0,closed,True,True
6469,104,2,1,5,1.0,closed,True,True
6467,1,1,0,0,0.0,closed,True,True
6464,4,4,2,0,0.0,closed,False,False
6463,1,3,3,2,0.6666666666666666,closed,True,True
6462,5,5,1,0,0.0,closed,True,True
6461,46,1,4,0,0.0,open,False,False
6460,11,10,1,1,1.0,closed,True,True
6457,305,8,0,0,0.0,open,False,False
6455,55,56,1,0,0.0,closed,False,False
6449,11,11,1,4,0.2857142857142857,closed,True,True
6448,2,2,0,2,0.6666666666666666,closed,True,True
6445,2,2,0,0,0.0,closed,False,False
6444,3,3,3,1,0.5,closed,True,True
6441,6,1,5,0,0.0,closed,False,False
6440,26,27,2,4,0.4444444444444444,closed,True,True
6438,53,6,2,0,0.0,open,False,False
6435,23,23,0,0,0.0,closed,True,True
6434,90,3,3,5,0.5555555555555556,closed,True,True
6432,7,23,0,1,1.0,closed,True,True
6431,9,9,3,13,2.1666666666666665,closed,False,False
6430,1014,53,7,7,0.2916666666666667,open,False,False
6429,10,15,3,0,0.0,closed,True,True
6428,142,16,0,4,2.0,open,False,False
6427,29,39,1,3,1.0,closed,True,True
6424,8,1,0,3,3.0,closed,False,False
6423,17,22,0,3,0.75,closed,False,False
6422,55,43,1,0,0.0,closed,True,True
6420,408,51,1,0,0.0,closed,False,False
6419,184,108,0,0,0.0,closed,False,False
6417,109,24,7,13,0.8125,closed,True,True
6416,1,1,1,0,0.0,closed,True,True
6415,0,7,0,0,0.0,closed,True,True
6414,190,128,1,0,0.0,closed,True,True
6413,562,300,2,1,0.5,closed,True,True
6411,4,4,1,0,0.0,closed,True,True
6406,102,40,0,5,0.8333333333333334,closed,True,True
6404,30,6,0,4,1.3333333333333333,closed,False,False
6403,0,3,0,0,0.0,closed,True,True
6402,1,1,0,0,0.0,closed,True,True
6401,19,4,0,1,1.0,open,False,False
6397,8,15,1,0,0.0,closed,True,True
6396,15,1,0,1,0.5,closed,False,False
6395,236,131,1,0,0.0,closed,True,True
6394,12,4,0,0,0.0,closed,True,True
6393,90,1,0,4,4.0,closed,False,False
6392,70,89,1,3,0.75,closed,True,True
6391,115,95,1,3,0.75,closed,True,True
6388,30,1,3,0,0.0,closed,True,True
6387,425,144,2,1,0.3333333333333333,closed,True,True
6386,0,17,0,0,0.0,closed,True,True
6385,198,131,1,1,0.14285714285714285,closed,True,True
6384,78,39,1,0,0.0,closed,True,True
6382,15,1,1,0,0.0,closed,False,False
6381,59,9,3,1,0.5,closed,True,True
6380,107,3,0,0,0.0,open,False,False
6379,107,3,0,0,0.0,closed,False,False
6377,15,2,3,3,1.0,closed,False,False
6376,43,20,4,1,0.3333333333333333,closed,False,False
6374,79,3,10,10,0.9090909090909091,closed,True,True
6373,91,2,0,7,3.5,open,False,False
6372,1,1,2,0,0.0,closed,True,True
6371,61,35,1,4,4.0,closed,True,True
6370,17,10,1,0,0.0,closed,True,True
6368,73,126,1,7,2.3333333333333335,closed,True,True
6367,3,3,2,0,0.0,closed,True,True
6363,1721,349,1,1,0.022727272727272728,closed,True,True
6359,89,2,1,3,0.6,closed,True,True
6358,401,83,1,0,0.0,closed,True,True
6357,133,16,0,0,0.0,closed,True,True
6356,174,89,1,0,0.0,closed,True,True
6353,204,101,2,1,0.5,closed,True,True
6352,30,6,4,5,2.5,closed,True,True
6349,5,8,6,0,0.0,closed,True,True
6348,5,5,0,0,0.0,closed,False,False
6347,7,4,1,2,0.5,closed,True,True
6346,0,0,0,0,0,closed,False,False
6344,4,8,1,0,0.0,closed,True,True
6341,241,163,0,5,0.8333333333333334,closed,True,True
6337,102,69,1,0,0.0,closed,True,True
6336,77,52,0,0,0.0,closed,True,True
6335,130,36,1,0,0.0,closed,True,True
6334,1,1,3,0,0.0,closed,True,True
6333,374,215,1,5,0.4166666666666667,closed,True,True
6332,52,4,5,0,0.0,closed,False,False
6327,36,4,2,0,0.0,open,False,False
6326,26,11,2,0,0.0,closed,True,True
6325,328,180,1,0,0.0,closed,True,True
6324,237,3,4,7,1.0,closed,True,True
6322,1,2,1,0,0.0,closed,True,True
6318,70,3,0,0,0.0,closed,False,False
6317,3,3,0,2,2.0,closed,True,True
6316,5,2,4,6,1.0,closed,True,True
6315,62,0,0,0,0.0,closed,False,False
6311,6,0,0,0,0.0,closed,False,False
6310,9,1,0,2,1.0,closed,True,True
6309,23,8,3,2,0.5,closed,False,False
6306,17,1,0,5,5.0,closed,False,False
6303,12,0,1,0,0.0,closed,False,False
6302,12,0,0,0,0.0,closed,False,False
6301,12,0,0,0,0.0,closed,False,False
6300,12,0,0,0,0.0,closed,False,False
6299,84,0,1,0,0.0,closed,False,False
6298,22,1,2,4,4.0,closed,True,True
6296,3,3,2,0,0.0,closed,True,True
6290,5,1,2,0,0.0,closed,True,True
6287,5,0,0,0,0.0,closed,False,False
6285,2,2,1,0,0.0,closed,True,True
6284,1,1,0,0,0.0,closed,False,False
6283,7,6,1,0,0.0,closed,False,False
6282,17,14,1,0,0.0,closed,False,False
6281,1,1,1,0,0.0,closed,False,False
6280,7,6,1,0,0.0,closed,False,False
6279,164,94,1,3,3.0,closed,True,True
6277,19,1,0,0,0.0,closed,False,False
6276,169,85,1,0,0.0,closed,True,True
6275,89,72,1,0,0.0,closed,True,True
6274,95,6,1,3,0.75,closed,True,True
6273,94,3,13,6,0.8571428571428571,open,False,False
6272,34,33,14,22,22.0,closed,True,True
6269,40,14,4,3,0.375,closed,True,True
6268,357,187,1,1,0.5,closed,True,True
6267,170,0,0,0,0.0,closed,False,False
6265,15,21,1,5,5.0,closed,True,True
6264,36,14,1,1,0.5,closed,True,True
6262,38,23,2,2,2.0,closed,False,False
6261,32,1,7,2,0.6666666666666666,closed,True,True
6260,21,28,1,0,0.0,closed,True,True
6259,48,51,2,0,0.0,closed,True,True
6257,120,119,1,0,0.0,closed,True,True
6256,4,4,0,0,0.0,closed,False,False
6253,156,156,1,3,0.6,closed,True,True
6251,5,0,4,4,1.3333333333333333,closed,True,True
6249,4,4,1,0,0.0,closed,False,False
6248,3,3,1,0,0.0,closed,False,False
6247,3,3,1,0,0.0,closed,False,False
6246,79,17,9,3,0.2727272727272727,closed,True,True
6245,346,1,1,0,0.0,closed,True,True
6243,1,1,0,0,0.0,closed,False,False
6242,51,2,1,0,0.0,closed,True,True
6241,485,55,2,0,0.0,closed,False,False
6240,10,5,1,0,0.0,closed,True,True
6239,9,4,1,2,1.0,closed,True,True
6237,17,9,1,0,0.0,closed,False,False
6236,19,0,3,2,1.0,closed,True,True
6235,52,0,2,1,0.25,closed,True,True
6234,19,16,1,0,0.0,closed,False,False
6233,18,0,1,2,1.0,closed,False,False
6232,12,0,7,4,2.0,closed,True,True
6231,55,0,2,0,0.0,closed,True,True
6230,63,0,1,0,0.0,closed,False,False
6229,25,22,2,0,0.0,closed,True,True
6227,23,14,2,0,0.0,closed,False,False
6226,647,32,6,7,0.3684210526315789,closed,True,True
6224,26,0,3,0,0.0,closed,False,False
6223,3,10,1,2,0.6666666666666666,closed,True,True
6222,1019,117,1,0,0.0,closed,True,True
6221,114,2,8,0,0.0,closed,True,True
6220,117,2,1,0,0.0,closed,False,False
6218,104,2,9,5,0.5,open,False,False
6216,6,0,2,0,0.0,closed,True,True
6215,2,2,1,0,0.0,closed,False,False
6213,11,457,4,7,1.1666666666666667,closed,True,True
6209,2,0,3,0,0.0,closed,False,False
6208,17,0,2,1,0.3333333333333333,closed,True,True
6205,1,1,1,0,0.0,closed,True,True
6202,17,3,2,0,0.0,closed,False,False
6201,4,7,1,4,4.0,closed,True,True
6200,4,4,1,0,0.0,closed,True,True
6199,4,4,7,0,0.0,closed,True,True
6198,1,2,2,0,0.0,closed,True,True
6197,15,30,1,0,0.0,closed,True,True
6196,1,1,1,0,0.0,closed,True,True
6194,34,4,0,0,0.0,closed,False,False
6192,1,1,1,0,0.0,closed,True,True
6191,8,3,2,0,0.0,closed,True,True
6190,2,2,1,0,0.0,closed,True,True
6183,5,0,1,0,0.0,closed,True,True
6182,51,30,1,0,0.0,closed,True,True
6181,419,11,4,7,1.0,closed,True,True
6178,3,5,2,0,0.0,closed,False,False
6176,78,15,1,0,0.0,closed,False,False
6175,293,0,0,0,0.0,closed,False,False
6174,37,6,2,6,0.75,closed,True,True
6173,1976825,3,0,0,0.0,closed,False,False
6172,119,130,1,0,0.0,closed,False,False
6171,18,0,1,0,0.0,closed,False,False
6170,91,58,1,0,0.0,closed,False,False
6169,197,97,10,24,0.7272727272727273,closed,True,True
6168,91,58,0,0,0.0,closed,False,False
6167,31,0,0,0,0.0,closed,False,False
6166,25,15,11,4,0.18181818181818182,closed,True,True
6165,4,2,3,0,0.0,closed,False,False
6164,316,43,1,5,1.6666666666666667,open,False,False
6163,3,4,1,0,0.0,closed,True,True
6162,110,0,2,2,1.0,closed,False,False
6158,9,11,3,0,0.0,closed,False,False
6157,11,13,0,0,0.0,closed,False,False
6156,57,4,2,0,0.0,open,False,False
6155,93,1,1,4,2.0,open,False,False
6154,0,27,1,0,0.0,closed,True,True
6151,52,8,6,5,0.5555555555555556,closed,True,True
6150,58,0,1,0,0.0,closed,True,True
6149,36,30,0,0,0.0,closed,True,True
6148,72,6,3,4,1.0,open,False,False
6147,12,4,1,0,0.0,closed,True,True
6145,68,7,3,7,1.4,closed,False,False
6144,6,5,2,0,0.0,closed,True,True
6143,209,18,9,12,0.7058823529411765,closed,True,True
6141,86,0,1,0,0.0,open,False,False
6137,67,122,1,0,0.0,closed,True,True
6135,1,0,3,0,0.0,closed,False,False
6134,11,27,4,0,0.0,closed,True,True
6133,3,1,4,4,1.0,closed,True,True
6132,12,12,1,0,0.0,closed,True,True
6131,3,7,0,2,0.4,closed,False,False
6130,175,73,1,0,0.0,closed,True,True
6129,372,138,1,7,3.5,closed,True,True
6128,9,1,5,0,0.0,closed,True,True
6127,225,164,1,20,5.0,closed,True,True
6126,32,0,1,0,0.0,closed,False,False
6125,10,0,2,0,0.0,closed,True,True
6124,8,4,5,1,0.25,closed,True,True
6123,38,24,3,8,8.0,closed,False,False
6122,1,1,8,0,0.0,closed,False,False
6117,42,0,1,0,0.0,closed,False,False
6116,1,87,4,16,1.7777777777777777,closed,True,True
6115,0,19,0,0,0.0,closed,False,False
6114,176,0,10,2,0.5,closed,False,False
6113,15,751,1,6,0.46153846153846156,closed,True,True
6112,14,4,2,0,0.0,closed,True,True
6099,5,1,1,0,0.0,closed,True,True
6098,9,13,1,3,1.5,closed,True,True
6097,137,60,1,0,0.0,closed,True,True
6096,1,1,0,0,0.0,closed,False,False
6094,1,1,2,0,0.0,closed,True,True
6093,1,1,1,0,0.0,closed,False,False
6092,1,1,1,0,0.0,closed,False,False
6091,2,1,4,1,1.0,open,False,False
6090,2,0,0,0,0.0,closed,False,False
6088,23,0,0,0,0.0,closed,False,False
6087,5,2,1,2,0.6666666666666666,closed,True,True
6084,6,6,1,0,0.0,closed,True,True
6083,17,29,5,3,0.75,closed,True,True
6082,25,0,8,0,0.0,open,False,False
6081,3,0,1,0,0.0,closed,True,True
6080,57,0,1,2,1.0,closed,False,False
6079,15,2,2,12,3.0,closed,False,False
6078,20,0,1,0,0.0,closed,True,True
6077,3,14,2,6,2.0,closed,True,True
6076,11,2,2,2,0.6666666666666666,closed,False,False
6074,10,0,2,0,0.0,closed,True,True
6073,93,0,1,3,1.0,closed,False,False
6072,84,0,2,2,0.3333333333333333,closed,False,False
6071,25,40,3,3,0.6,closed,False,False
6066,13,0,1,0,0.0,closed,True,True
6064,97,18,2,1,0.1,closed,True,True
6063,87,5,10,3,0.2727272727272727,closed,True,True
6062,3,0,0,2,2.0,closed,False,False
6061,4,0,4,2,0.6666666666666666,closed,True,True
6059,1,0,1,4,1.3333333333333333,closed,True,True
6051,16,0,1,3,0.75,closed,True,True
6050,31,9,1,4,2.0,closed,True,True
6048,164,59,1,3,0.5,closed,True,True
6046,11,11,1,0,0.0,closed,True,True
6045,3,1,1,0,0.0,closed,True,True
6043,2,2,1,2,2.0,closed,False,False
6042,5,0,2,0,0.0,closed,False,False
6040,24,2,1,1,0.5,closed,True,True
6039,5,5,1,0,0.0,closed,False,False
6038,216,43,25,54,1.8,closed,True,True
6037,29,4,1,5,0.5555555555555556,closed,False,False
6036,21,2,1,0,0.0,closed,True,True
6034,20,7,1,0,0.0,closed,True,True
6033,2,2,3,0,0.0,closed,False,False
6030,0,2,9,0,0.0,closed,False,False
6028,4,1,0,2,2.0,closed,False,False
6027,7,0,1,0,0.0,closed,True,True
6026,2,1,1,0,0.0,closed,True,True
6022,1,1,0,0,0.0,closed,False,False
6021,1,0,2,0,0.0,closed,True,True
6016,19,2,3,6,2.0,closed,True,True
6014,11,11,1,1,1.0,closed,True,True
6013,17,4,4,4,4.0,closed,True,True
6010,0,21,1,0,0.0,closed,True,True
6009,1,1,0,0,0.0,closed,True,True
6007,2,24,1,0,0.0,closed,True,True
6005,206,96,1,3,0.2727272727272727,closed,True,True
6003,450,163,1,7,0.4666666666666667,closed,True,True
6002,9,9,1,0,0.0,closed,True,True
6001,172,0,1,3,1.0,closed,True,True
6000,57,35,1,0,0.0,closed,True,True
5999,6,7,2,0,0.0,closed,True,True
5998,18,162,1,1,0.5,closed,True,True
5996,1,98,5,3,0.5,closed,True,True
5993,40,38,1,0,0.0,closed,True,True
5987,27,214,0,0,0.0,closed,False,False
5986,23,12,3,2,0.6666666666666666,closed,True,True
5984,59,65,2,0,0.0,closed,True,True
5982,2,0,7,5,5.0,open,False,False
5980,49,1,1,3,1.5,closed,True,True
5979,81,1,1,1,0.3333333333333333,closed,True,True
5978,3,8,1,0,0.0,closed,False,False
5977,147,57,1,1,0.2,closed,True,True
5976,185,38,2,0,0.0,closed,False,False
5975,23,0,2,0,0.0,closed,False,False
5974,33,0,1,0,0.0,closed,False,False
5973,101,28,1,6,2.0,closed,False,False
5972,213,54,3,0,0.0,closed,False,False
5971,63,4,2,6,3.0,closed,True,True
5967,4,2,2,0,0.0,closed,False,False
5965,2,2,2,2,2.0,closed,True,True
5964,7,2,1,1,0.5,closed,False,False
5963,5,9,2,0,0.0,closed,True,True
5960,43,0,1,0,0.0,closed,True,True
5958,8,31,1,0,0.0,closed,True,True
5953,27,36,1,0,0.0,closed,True,True
5952,42,7,3,5,0.45454545454545453,closed,True,True
5951,4,1,1,0,0.0,closed,True,True
5950,446,123,13,87,1.5263157894736843,closed,True,True
5949,26,10,2,0,0.0,closed,True,True
5948,1,0,1,0,0.0,closed,True,True
5946,44,1,3,9,3.0,open,False,False
5945,281,83,4,0,0.0,closed,False,False
5943,172,72,5,1,0.14285714285714285,open,False,False
5941,1,1,1,0,0.0,closed,False,False
5939,32,4,4,0,0.0,closed,True,True
5937,4,3,1,0,0.0,closed,True,True
5931,20,0,2,0,0.0,closed,True,True
5929,113,36,2,12,0.75,closed,True,True
5927,63,4,5,17,0.8947368421052632,closed,True,True
5926,454,0,10,20,0.7692307692307693,closed,True,True
5925,342,222,2,7,0.3684210526315789,closed,True,True
5922,77,26,0,0,0.0,open,False,False
5919,55,26,1,2,2.0,closed,True,True
5918,8,2,2,5,2.5,closed,True,True
5917,19,3,3,0,0.0,closed,True,True
5915,189,0,5,0,0.0,closed,True,True
5911,23,0,8,1,0.16666666666666666,open,False,False
5909,124,3,3,5,1.25,closed,True,True
5908,5,4,2,0,0.0,closed,True,True
5907,8,2,0,1,1.0,closed,False,False
5904,2,2,1,1,0.5,closed,True,True
5902,12,8,4,4,0.5714285714285714,closed,True,True
5901,18,1,2,2,0.2857142857142857,closed,True,True
5900,3,3,0,0,0.0,closed,False,False
5898,3,3,4,3,0.375,closed,True,True
5897,5,4,0,0,0.0,closed,False,False
5896,211,125,1,2,0.25,closed,True,True
5895,1,1,1,0,0.0,closed,True,True
5893,1,1,3,0,0.0,closed,True,True
5892,95,0,6,2,0.5,closed,True,True
5891,3,2,2,0,0.0,closed,True,True
5890,1,1,2,0,0.0,closed,True,True
5889,244,146,1,0,0.0,closed,True,True
5885,29,33,3,3,0.3,closed,True,True
5884,23,24,4,0,0.0,closed,False,False
5883,3,3,1,0,0.0,closed,True,True
5882,2076,1398,0,0,0.0,closed,False,False
5881,45,1,8,0,0.0,closed,True,True
5880,1,0,3,0,0.0,closed,True,True
5879,1,1,1,0,0.0,closed,True,True
5877,0,11,3,0,0.0,closed,True,True
5876,148,16,9,15,1.6666666666666667,closed,True,True
5871,0,11,0,0,0.0,closed,False,False
5870,1,1,0,0,0.0,closed,False,False
5869,0,1,0,0,0.0,closed,False,False
5868,1,1,0,0,0.0,closed,False,False
5867,0,1,1,0,0.0,closed,False,False
5866,1,1,0,0,0.0,closed,False,False
5865,0,1,0,0,0.0,closed,False,False
5864,0,1,0,0,0.0,closed,False,False
5863,1,1,0,0,0.0,closed,False,False
5862,0,1,0,0,0.0,closed,False,False
5861,0,1,0,0,0.0,closed,False,False
5860,0,1,0,0,0.0,closed,False,False
5859,6,2,0,1,1.0,open,False,False
5858,3,0,1,0,0.0,closed,True,True
5856,63,3,1,10,1.4285714285714286,open,False,False
5852,96,0,4,0,0.0,closed,False,False
5851,14,5,1,9,2.25,closed,True,True
5849,1,1,2,0,0.0,closed,True,True
5848,111,0,1,0,0.0,closed,False,False
5847,72,54,10,10,1.25,closed,True,True
5846,58,2,4,15,1.6666666666666667,closed,True,True
5843,185,0,0,0,0.0,closed,False,False
5840,54,0,0,0,0.0,closed,False,False
5839,1,1,1,0,0.0,closed,True,True
5833,158,75,14,6,0.375,closed,True,True
5832,39,8,3,3,0.5,closed,True,True
5830,94,18,11,2,0.2857142857142857,closed,False,False
5827,4,4,1,0,0.0,closed,True,True
5826,52,4,2,0,0.0,closed,True,True
5824,130,8,2,0,0.0,closed,True,True
5823,19,189,3,2,1.0,closed,True,True
5822,2,1,3,0,0.0,closed,False,False
5821,20,0,2,1,0.25,closed,True,True
5820,1,0,3,0,0.0,closed,True,True
5816,2498,1758,15,11,2.2,closed,True,True
5815,166,2,4,3,0.75,open,False,False
5814,46,48,5,11,2.75,closed,True,True
5812,81662,85699,2,0,0.0,closed,False,False
5808,74,16,7,8,0.3333333333333333,closed,True,True
5807,15,0,6,0,0.0,closed,True,True
5806,431,490,6,7,0.875,closed,True,True
5805,122,81,1,6,0.25,closed,True,True
5804,0,0,1,0,0,closed,False,False
5802,15,25,5,0,0.0,closed,True,True
5801,31,7,1,4,0.2222222222222222,closed,True,True
5800,5,0,3,6,2.0,closed,True,True
5799,230,14,4,9,0.6428571428571429,closed,True,True
5798,98,34,10,17,1.1333333333333333,closed,True,True
5795,6,7,0,0,0.0,closed,True,True
5793,2,1,1,1,0.5,open,False,False
5792,36,5,1,0,0.0,closed,False,False
5790,9,16,2,2,0.6666666666666666,closed,True,True
5789,50,25,2,0,0.0,closed,False,False
5786,2,2,1,0,0.0,closed,True,True
5784,29,0,0,14,2.8,closed,False,False
5783,17,7,1,0,0.0,closed,True,True
5782,30,8,7,2,0.16666666666666666,closed,True,True
5781,4,12,0,0,0.0,closed,True,True
5780,2,2,3,0,0.0,closed,True,True
5778,2,2,0,2,2.0,closed,False,False
5777,18,1,3,0,0.0,closed,True,True
5776,4,3,3,0,0.0,closed,True,True
5772,7,3,1,0,0.0,closed,False,False
5768,1,0,0,2,1.0,closed,True,True
5767,1,1,2,1,0.5,closed,True,True
5764,63,63,2,3,0.1111111111111111,closed,True,True
5761,3,2,6,0,0.0,closed,True,True
5760,36,8,1,0,0.0,closed,True,True
5759,31,8,0,0,0.0,closed,False,False
5758,126,2,3,1,0.125,closed,True,True
5757,21,0,5,11,0.18032786885245902,closed,False,False
5756,19,6,1,4,1.3333333333333333,closed,True,True
5754,3,0,0,2,2.0,closed,True,True
5748,74,2,8,4,0.8,closed,False,False
5746,587,475,6,0,0.0,closed,False,False
5744,5,5,1,0,0.0,closed,True,True
5738,35,18,1,0,0.0,closed,True,True
5736,1,0,1,2,2.0,closed,True,True
5734,16634,11972,13,8,0.47058823529411764,closed,True,True
5733,3,3,4,1,1.0,closed,False,False
5732,0,2,3,0,0.0,closed,True,True
5731,5,57,5,0,0.0,closed,True,True
5730,2,27,4,9,3.0,closed,True,True
5727,7,7,1,0,0.0,closed,True,True
5724,12,27,2,0,0.0,closed,True,True
5722,4,1,7,6,2.0,closed,True,True
5721,28,0,1,0,0.0,closed,True,True
5720,66,138,1,0,0.0,closed,True,True
5719,2,104,2,0,0.0,closed,True,True
5718,69,9,2,6,2.0,closed,False,False
5715,2,1,1,0,0.0,closed,True,True
5714,1,1,1,0,0.0,closed,True,True
5713,1,1,5,0,0.0,closed,False,False
5712,2,2,2,0,0.0,closed,True,True
5711,0,1,2,0,0.0,closed,False,False
5705,19,0,7,2,0.5,closed,True,True
5704,5,12,1,2,1.0,closed,False,False
5701,52,0,1,10,5.0,closed,True,True
5699,24,2,1,0,0.0,closed,True,True
5698,104,48,1,0,0.0,closed,True,True
5697,2,0,1,0,0.0,closed,True,True
5696,17,13,1,0,0.0,closed,True,True
5695,1,1,4,0,0.0,closed,True,True
5694,1,1,0,0,0.0,closed,True,True
5693,113,0,2,0,0.0,closed,False,False
5692,8,1,2,4,2.0,closed,True,True
5691,91,1,1,4,1.3333333333333333,closed,True,True
5690,0,0,0,0,0.0,closed,False,False
5689,25,10,11,1,0.14285714285714285,closed,True,True
5688,11,9,0,0,0.0,closed,True,True
5683,16,5,2,0,0.0,closed,False,False
5682,621,649,18,35,2.6923076923076925,closed,True,True
5681,5,5,2,0,0.0,closed,True,True
5680,259,65,1,10,1.0,closed,True,True
5679,14,1,1,0,0.0,closed,True,True
5678,2,2,4,0,0.0,closed,True,True
5677,219,289,10,8,0.5333333333333333,closed,True,True
5675,3,3,4,0,0.0,closed,True,True
5674,4,4,9,0,0.0,closed,True,True
5672,1,2,1,0,0.0,closed,True,True
5670,1,0,2,0,0.0,closed,True,True
5669,1,1,0,0,0.0,closed,False,False
5668,28,47,2,3,0.5,closed,True,True
5667,5,14,1,0,0.0,closed,True,True
5666,2,0,0,1,1.0,closed,False,False
5665,4,4,1,0,0.0,closed,True,True
5664,9,20,5,0,0.0,closed,True,True
5663,1,2,2,0,0.0,closed,False,False
5662,1,1,1,0,0.0,closed,True,True
5661,3,0,0,0,0.0,closed,True,True
5660,17,0,2,0,0.0,closed,False,False
5659,1,2,2,4,1.3333333333333333,closed,True,True
5658,75,0,1,0,0.0,closed,False,False
5657,56,5,3,4,2.0,closed,True,True
5656,11,0,3,3,1.5,closed,True,True
5654,85,112,0,0,0.0,closed,False,False
5653,85,0,0,0,0.0,closed,False,False
5652,1,1,1,0,0.0,closed,True,True
5651,1,1,1,0,0.0,closed,True,True
5650,1,1,1,0,0.0,closed,True,True
5649,1,1,2,0,0.0,closed,True,True
5648,3,1,4,0,0.0,closed,True,True
5646,1,0,2,0,0.0,closed,False,False
5645,2,1,2,2,1.0,closed,True,True
5643,162,1,4,1,1.0,open,False,False
5641,26,0,1,0,0.0,closed,True,True
5639,2,1,17,0,0.0,closed,True,True
5637,52,33,6,0,0.0,closed,True,True
5634,1,4,8,0,0.0,closed,True,True
5632,7,7,5,1,1.0,closed,True,True
5631,1,1,6,0,0.0,closed,True,True
5630,5,1,0,0,0.0,closed,False,False
5629,4,0,3,5,1.25,closed,True,True
5626,17,2,5,0,0.0,closed,True,True
5625,10,1,5,3,1.0,open,False,False
5624,1,1,4,0,0.0,closed,True,True
5617,8,3,2,5,1.6666666666666667,closed,True,True
5611,18,2,3,0,0.0,closed,True,True
5608,4,3,3,4,2.0,closed,True,True
5605,40,5,3,5,0.8333333333333334,closed,True,True
5599,14,1,3,0,0.0,closed,True,True
5598,21,0,2,0,0.0,closed,False,False
5593,9,3,1,1,0.5,closed,False,False
5589,6,5,12,8,0.8,closed,True,True
5581,60,2,3,1,0.16666666666666666,closed,True,True
5577,48,22,5,0,0.0,closed,True,True
5574,9,10,3,0,0.0,closed,True,True
5573,748,58,2,0,0.0,closed,True,True
5572,20,5,1,0,0.0,open,False,False
5571,3,2,2,2,2.0,closed,False,False
5568,4,15,4,0,0.0,closed,False,False
5567,2,2,1,0,0.0,closed,True,True
5566,2,2,6,6,3.0,closed,False,False
5565,41,12,1,2,0.6666666666666666,closed,True,True
5563,56,95,2,0,0.0,closed,True,True
5561,425,469,2,1,0.047619047619047616,closed,True,True
5560,21,2,1,0,0.0,closed,True,True
5559,3,3,2,0,0.0,closed,True,True
5558,2,2,1,0,0.0,closed,True,True
5554,0,15,4,0,0.0,closed,True,True
5553,1,1,2,0,0.0,closed,True,True
5551,1,1,1,0,0.0,closed,False,False
5547,9,0,4,0,0.0,closed,True,True
5545,0,0,9,0,0,closed,False,False
5542,2,2,2,0,0.0,closed,True,True
5541,12,0,0,0,0.0,closed,False,False
5540,24,8,1,0,0.0,closed,True,True
5538,1,1,1,0,0.0,closed,True,True
5536,4,4,2,0,0.0,closed,True,True
5535,8,2,1,3,3.0,closed,True,True
5534,14,1,0,2,1.0,closed,False,False
5533,4,1,0,0,0.0,closed,False,False
5531,3,0,8,0,0.0,closed,False,False
5530,7,1,1,1,1.0,closed,False,False
5529,105,3,1,6,1.0,closed,True,True
5528,172,12,3,0,0.0,closed,True,True
5526,16,0,2,3,0.75,closed,True,True
5524,1,54,2,3,0.75,closed,True,True
5521,6,6,1,0,0.0,closed,False,False
5520,13,0,1,0,0.0,closed,False,False
5519,10,0,1,0,0.0,closed,False,False
5518,1,1,1,0,0.0,closed,False,False
5514,34,78,13,12,0.75,closed,True,True
5513,152,0,1,0,0.0,closed,False,False
5508,64,6,5,0,0.0,closed,True,True
5506,39,0,3,7,0.7,closed,False,False
5505,17,0,0,1,1.0,open,False,False
5503,1,1,0,0,0.0,closed,True,True
5497,8,1,2,3,1.5,closed,True,True
5495,4,0,1,0,0.0,closed,False,False
5493,130,10,2,0,0.0,closed,False,False
5492,4,0,2,0,0.0,closed,False,False
5489,26,3,5,0,0.0,closed,True,True
5488,17,15,1,0,0.0,closed,False,False
5487,7,5,9,0,0.0,closed,True,True
5486,11,0,1,0,0.0,closed,False,False
5485,7,6,1,0,0.0,closed,False,False
5482,15,1,15,2,0.5,closed,True,True
5480,5,2,6,0,0.0,closed,False,False
5479,22,2,2,0,0.0,closed,False,False
5477,111,10,5,2,0.14285714285714285,closed,False,False
5474,11,0,7,0,0.0,closed,False,False
5471,3,0,1,0,0.0,closed,True,True
5469,7,2,6,0,0.0,closed,False,False
5468,4,2,1,0,0.0,closed,False,False
5463,433,4,1,1,0.045454545454545456,open,False,False
5461,1,1,6,0,0.0,closed,True,True
5459,3,2,5,0,0.0,closed,True,True
5458,9,2,8,1,0.14285714285714285,closed,True,True
5457,2,2,1,0,0.0,closed,True,True
5455,1,1,1,1,0.5,closed,True,True
5453,2,2,2,0,0.0,closed,False,False
5452,1,1,3,0,0.0,closed,False,False
5451,96,96,5,0,0.0,closed,True,True
5450,15,4,14,2,0.6666666666666666,closed,True,True
5448,17,0,6,0,0.0,closed,True,True
5446,0,8,2,0,0.0,closed,False,False
5445,28,4,4,0,0.0,closed,True,True
5442,1,1,2,0,0.0,closed,True,True
5440,38,2,2,2,1.0,closed,True,True
5439,149,47,4,8,1.0,open,False,False
5436,26,1,5,1,0.3333333333333333,closed,True,True
5432,2,2,2,0,0.0,closed,True,True
5430,2159,239,0,0,0.0,open,False,False
5429,3,3,2,0,0.0,closed,True,True
5427,5,0,3,0,0.0,closed,True,True
5422,2,0,2,0,0.0,closed,True,True
5420,1,1,1,0,0.0,closed,False,False
5419,1,1,1,0,0.0,closed,True,True
5418,1,1,1,0,0.0,closed,False,False
5416,1,1,2,0,0.0,closed,False,False
5415,1,1,1,0,0.0,closed,True,True
5412,1,6,1,0,0.0,closed,True,True
5407,2,2,1,0,0.0,closed,True,True
5406,37,7,21,8,1.3333333333333333,closed,True,True
5405,86,22,1,0,0.0,closed,True,True
5401,2,0,1,0,0.0,closed,True,True
5399,404,45,2,2,0.3333333333333333,closed,True,True
5398,29,172,6,0,0.0,closed,True,True
5397,1,1,1,0,0.0,closed,False,False
5396,43,43,3,0,0.0,closed,True,True
5394,19,1,4,0,0.0,closed,True,True
5393,0,27,1,0,0.0,closed,True,True
5389,0,8,2,0,0.0,closed,True,True
5384,18,1,1,0,0.0,closed,True,True
5382,54,57,1,0,0.0,closed,False,False
5376,2,1,4,0,0.0,closed,False,False
5375,2,1,0,0,0.0,closed,False,False
5374,168,99,12,0,0.0,closed,True,True
5373,1,10,1,0,0.0,closed,False,False
5372,6,1,2,2,1.0,closed,False,False
5371,1,4,2,0,0.0,closed,False,False
5370,0,9,2,0,0.0,closed,True,True
5365,5,0,2,1,0.5,closed,False,False
5359,1,1,1,0,0.0,closed,True,True
5358,11,11,2,0,0.0,closed,True,True
5357,2,1,2,0,0.0,closed,True,True
5356,1,1,2,0,0.0,closed,True,True
5355,5,0,2,0,0.0,closed,False,False
5354,1,1,5,0,0.0,closed,False,False
5352,151,51,5,4,0.23529411764705882,closed,True,True
5351,2,4,2,0,0.0,closed,False,False
5349,5,2,2,0,0.0,closed,False,False
5347,2,2,1,0,0.0,closed,True,True
5345,22,0,2,0,0.0,closed,False,False
5344,22,0,0,0,0.0,closed,False,False
5341,208,16,5,0,0.0,closed,False,False
5340,1,1,1,0,0.0,closed,False,False
5336,36,36,3,0,0.0,closed,False,False
5335,1,1,0,0,0.0,closed,False,False
5334,14,11,1,1,0.3333333333333333,closed,True,True
5333,2,1,1,0,0.0,closed,True,True
5332,0,5,1,2,1.0,closed,True,True
5329,3,1,4,0,0.0,closed,False,False
5328,106,1,9,16,0.6153846153846154,closed,True,True
5326,51,4,5,0,0.0,open,False,False
5325,5,4,0,0,0.0,closed,False,False
5322,4,4,3,0,0.0,closed,True,True
5321,1,1,3,0,0.0,closed,False,False
5320,58,3,3,6,3.0,closed,True,True
5318,34,6,15,2,0.4,closed,True,True
5316,6,4,1,0,0.0,closed,True,True
5315,60,29,4,4,0.4444444444444444,closed,True,True
5310,22,0,2,0,0.0,closed,True,True
5305,2,2,5,0,0.0,closed,False,False
5304,1,1,0,1,1.0,closed,False,False
5303,1740,349,1,0,0.0,closed,False,False
5300,3,2,0,0,0.0,closed,False,False
5299,6,2,5,0,0.0,closed,True,True
5296,20,0,1,0,0.0,closed,False,False
5295,2,1,2,1,1.0,closed,False,False
5292,3,3,1,0,0.0,closed,True,True
5290,190,63,7,26,0.6190476190476191,open,False,False
5288,128,10,3,8,4.0,closed,True,True
5285,26,34,12,25,1.9230769230769231,closed,True,True
5284,1,0,2,0,0.0,closed,True,True
5281,1,1,1,2,1.0,closed,True,True
5279,46,3,8,2,0.6666666666666666,closed,True,True
5277,30,5,2,0,0.0,closed,False,False
5276,1,1,1,0,0.0,closed,True,True
5274,0,1,4,0,0.0,closed,True,True
5272,4,0,7,1,0.5,open,False,False
5271,39,39,1,0,0.0,closed,True,True
5270,1,1,1,0,0.0,closed,True,True
5269,11,2,2,4,4.0,closed,True,True
5268,1,0,4,0,0.0,closed,False,False
5266,1,1,1,0,0.0,closed,True,True
5265,20,19,6,3,0.3333333333333333,closed,True,True
5264,1,1,2,0,0.0,closed,True,True
5263,194,6,1,0,0.0,closed,True,True
5262,11,20,0,0,0.0,closed,False,False
5260,88,0,5,5,1.25,open,False,False
5258,1,2,2,0,0.0,closed,True,True
5257,29,1,2,0,0.0,closed,False,False
5256,14,3,3,2,1.0,closed,True,True
5255,3,0,2,6,6.0,closed,True,True
5254,3,0,1,0,0.0,closed,True,True
5253,23,2,2,0,0.0,closed,True,True
5251,9,6,2,0,0.0,closed,True,True
5250,13,3,1,5,0.8333333333333334,closed,True,True
5247,1,1,1,0,0.0,closed,False,False
5246,52,56,7,22,0.6875,closed,True,True
5244,7,0,1,0,0.0,closed,True,True
5243,5,1,1,0,0.0,closed,False,False
5239,2,2,1,4,1.0,closed,True,True
5238,3549,0,2,1,0.16666666666666666,open,False,False
5235,22,21,1,1,0.5,closed,True,True
5234,975,0,4,5,0.625,closed,False,False
5231,4,0,9,11,1.2222222222222223,closed,True,True
5229,1,1,1,0,0.0,closed,True,True
5228,2,2,1,0,0.0,closed,True,True
5225,11,2,1,4,0.8,closed,True,True
5224,10,0,1,2,0.6666666666666666,closed,True,True
5223,11,5,3,0,0.0,open,False,False
5221,23,11,8,1,0.2,closed,True,True
5219,160,17,3,0,0.0,closed,False,False
5218,82,15,1,2,1.0,closed,True,True
5217,5,0,4,1,0.25,closed,True,True
5216,62993,32772,1,0,0.0,closed,False,False
5215,6,1,2,0,0.0,closed,True,True
5211,59,31,4,18,6.0,open,False,False
5210,39,8,8,9,4.5,closed,True,True
5209,1,13,4,1,1.0,closed,True,True
5208,2,1,1,0,0.0,closed,True,True
5207,12,0,1,0,0.0,closed,True,True
5205,567,92,14,103,3.9615384615384617,open,False,False
5204,1137,145,45,71,0.8068181818181818,open,False,False
5203,13,10,1,0,0.0,closed,True,True
5200,4,0,2,0,0.0,closed,True,True
5198,9,8,5,6,1.0,closed,True,True
5197,2,1,0,0,0.0,closed,False,False
5194,6,8,1,0,0.0,closed,True,True
5193,7,13,0,0,0.0,closed,False,False
5191,49,12,8,4,0.5,closed,True,True
5190,721,2,10,46,2.875,closed,True,True
5181,44,42,2,0,0.0,closed,False,False
5178,214,6,2,29,2.6363636363636362,closed,True,True
5177,3,0,1,0,0.0,closed,True,True
5176,2,0,1,0,0.0,closed,False,False
5175,7,6,4,0,0.0,open,False,False
5171,101,63,3,0,0.0,closed,True,True
5170,6,1,1,3,0.6,closed,False,False
5164,22909,12,3,0,0.0,closed,False,False
5162,67,45,2,4,0.3333333333333333,closed,True,True
5160,40,17,10,0,0.0,closed,False,False
5158,14,0,2,3,1.5,open,False,False
5155,1,0,4,0,0.0,closed,False,False
5152,69,9,6,12,0.8571428571428571,closed,True,True
5150,5,15,1,2,0.4,closed,True,True
5148,3,0,2,0,0.0,open,False,False
5146,129,23,2,7,0.7777777777777778,closed,True,True
5143,4,2,3,0,0.0,closed,False,False
5142,12,12,2,5,2.5,closed,False,False
5141,2,0,1,0,0.0,closed,False,False
5139,300,0,5,0,0.0,closed,False,False
5137,23,14,3,13,2.6,closed,False,False
5134,1,2,1,0,0.0,closed,True,True
5131,207,141,7,4,0.14814814814814814,open,False,False
5130,183,126,1,17,1.1333333333333333,closed,True,True
5127,57,6,3,8,1.3333333333333333,open,False,False
5124,466,122,2,1,0.05555555555555555,open,False,False
5123,11,0,5,5,0.625,closed,True,True
5122,1,0,1,0,0.0,closed,True,True
5119,105,0,3,0,0.0,closed,False,False
5118,4,5,5,0,0.0,closed,True,True
5117,47,16,1,0,0.0,closed,True,True
5115,18,1,2,1,1.0,closed,False,False
5113,53,23,2,0,0.0,closed,True,True
5112,447,30,1,2,0.15384615384615385,closed,True,True
5108,28,15,1,0,0.0,closed,True,True
5106,6,4,1,0,0.0,closed,True,True
5101,531,7,1,0,0.0,open,False,False
5100,60,42,1,4,2.0,closed,True,True
5099,175,170,12,18,0.4,closed,True,True
5098,1,0,1,0,0.0,closed,True,True
5097,46,1,7,12,1.0,closed,False,False
5095,15,17,7,0,0.0,closed,True,True
5094,10,17,1,3,1.5,closed,True,True
5092,7,2,3,0,0.0,closed,False,False
5091,15,2,2,2,2.0,closed,False,False
5090,341,230,1,24,0.8888888888888888,closed,True,True
5084,1,5,2,0,0.0,closed,True,True
5082,1,1,1,0,0.0,closed,True,True
5081,6,1,2,0,0.0,closed,False,False
5077,93,61,2,19,1.7272727272727273,closed,True,True
5076,6,13,1,0,0.0,closed,True,True
5075,17,34,0,0,0.0,closed,False,False
5074,11,7,5,0,0.0,closed,True,True
5073,3,3,2,0,0.0,closed,True,True
5072,1,6,5,3,3.0,closed,True,True
5070,9,3,4,0,0.0,closed,True,True
5068,29,5,1,4,1.0,closed,True,True
5066,2,2,3,0,0.0,closed,True,True
5065,14,14,6,6,1.2,closed,True,True
5063,1,1,4,0,0.0,closed,True,True
5062,2,3,8,0,0.0,closed,True,True
5058,2,0,2,0,0.0,closed,False,False
5057,18,2,1,0,0.0,closed,True,True
5053,3,2,1,0,0.0,closed,True,True
5052,4,0,1,0,0.0,closed,True,True
5045,21,0,1,0,0.0,closed,False,False
5044,18,5,6,0,0.0,open,False,False
5042,69,0,2,0,0.0,open,False,False
5038,0,0,4,9,0,closed,False,False
5037,8,1,5,8,1.3333333333333333,closed,False,False
5036,36,12,1,4,1.0,closed,True,True
5034,91,2,8,0,0.0,closed,False,False
5033,20,5,3,0,0.0,closed,False,False
5029,9,5,1,5,0.5555555555555556,open,False,False
5028,200,6,1,1,0.05555555555555555,closed,True,True
5027,53,13,2,2,0.18181818181818182,closed,True,True
5022,2,0,5,0,0.0,closed,True,True
5019,6,1,4,4,1.3333333333333333,closed,False,False
5016,3,2,2,3,0.6,closed,True,True
5015,495,27,21,33,0.7021276595744681,open,False,False
5014,3,4,2,0,0.0,closed,True,True
5013,10541,1,0,0,0.0,closed,False,False
5012,34,5,2,3,3.0,closed,False,False
5008,6,5,2,0,0.0,closed,True,True
5007,4,3,13,4,0.5,closed,True,True
5006,1,1,1,0,0.0,closed,True,True
5005,1,1,2,0,0.0,closed,True,True
5004,17,6,2,0,0.0,closed,False,False
5002,21,15,8,3,3.0,closed,True,True
5000,74,11,1,1,0.3333333333333333,open,False,False
4998,49,5,17,2,0.6666666666666666,closed,True,True
4995,3,4,3,0,0.0,closed,True,True
4994,22,12,1,4,2.0,closed,True,True
4993,27,24,2,2,0.6666666666666666,closed,False,False
4992,4,0,0,0,0.0,closed,False,False
4987,33,4,2,0,0.0,closed,True,True
4986,2,1,1,0,0.0,closed,True,True
4982,77,71,1,0,0.0,closed,True,True
4980,17,0,1,9,4.5,open,False,False
4978,1406,133,27,33,0.559322033898305,closed,True,True
4974,122,101,5,0,0.0,closed,True,True
4973,38,35,2,0,0.0,closed,True,True
4972,40,3,6,15,1.0,closed,True,True
4966,188,8,15,10,0.9090909090909091,closed,True,True
4965,41,0,5,4,0.5714285714285714,closed,True,True
4958,3,3,3,0,0.0,closed,False,False
4957,1,1,2,0,0.0,closed,False,False
4956,6,0,1,0,0.0,closed,True,True
4955,10,10,8,0,0.0,closed,False,False
4954,56,0,3,0,0.0,open,False,False
4953,26,12,9,4,0.4,open,False,False
4952,9,4,1,3,1.0,closed,False,False
4950,1,1,4,0,0.0,closed,True,True
4949,3,3,1,0,0.0,closed,False,False
4948,1,1,1,0,0.0,closed,False,False
4945,280,139,2,11,0.55,closed,False,False
4943,1,0,3,0,0.0,closed,False,False
4942,1,1,2,0,0.0,closed,True,True
4940,2,2,5,0,0.0,closed,True,True
4939,22,3,6,0,0.0,closed,False,False
4936,1,1,1,0,0.0,closed,True,True
4935,162,34,4,4,0.36363636363636365,closed,True,True
4934,11,0,1,3,1.5,closed,False,False
4932,43,42,6,0,0.0,closed,False,False
4927,106,48,0,0,0.0,closed,False,False
4925,28,28,0,10,1.4285714285714286,closed,False,False
4924,211,132,5,10,0.24390243902439024,closed,True,True
4922,11,9,0,0,0.0,closed,False,False
4921,126,0,2,0,0.0,closed,False,False
4917,7,4,2,0,0.0,closed,False,False
4915,419,525,0,0,0.0,closed,False,False
4913,1,1,6,0,0.0,closed,False,False
4912,0,9,1,0,0.0,closed,True,True
4911,1,1,0,0,0.0,closed,True,True
4910,1,1,4,0,0.0,closed,False,False
4909,1,1,2,0,0.0,closed,True,True
4903,1,1,1,0,0.0,closed,False,False
4902,605,94,16,13,0.9285714285714286,closed,True,True
4901,16,153,1,0,0.0,closed,True,True
4900,16,16,4,1,0.3333333333333333,closed,True,True
4899,2,3,1,6,0.8571428571428571,closed,True,True
4898,25,2,0,0,0.0,closed,True,True
4897,260,77,3,8,1.1428571428571428,closed,True,True
4895,154,148,2,10,10.0,closed,True,True
4884,23,0,1,1,0.3333333333333333,closed,True,True
4878,70,6,2,5,0.5555555555555556,closed,True,True
4876,0,1,1,0,0.0,closed,True,True
4875,246,31,4,1,0.020833333333333332,closed,False,False
4874,3,2,2,0,0.0,closed,True,True
4873,78,15,6,0,0.0,closed,True,True
4872,76,6,2,4,0.8,closed,True,True
4869,31,22,2,0,0.0,closed,True,True
4866,11,0,2,2,0.5,open,False,False
4863,2,2,0,0,0.0,closed,False,False
4862,192,27,0,0,0.0,closed,False,False
4861,4,0,2,0,0.0,closed,False,False
4859,11,1,4,2,0.5,closed,True,True
4853,104,0,6,0,0.0,closed,False,False
4850,110,18,5,0,0.0,closed,True,True
4849,93,0,2,0,0.0,closed,False,False
4848,10,8,10,5,1.25,closed,True,True
4844,17,3,3,3,3.0,open,False,False
4840,17,3,2,0,0.0,closed,False,False
4839,1,1,1,0,0.0,closed,True,True
4838,51,0,2,0,0.0,closed,False,False
4837,1,2,0,0,0.0,closed,False,False
4836,6,2,2,0,0.0,closed,True,True
4835,14,1,1,0,0.0,closed,True,True
4832,1,1,1,0,0.0,closed,False,False
4831,46,3,5,3,0.42857142857142855,closed,True,True
4830,3,0,1,0,0.0,closed,False,False
4828,234,4,13,26,3.25,open,False,False
4825,1,1,1,0,0.0,closed,True,True
4823,37,31,2,0,0.0,closed,True,True
4822,5,12,1,0,0.0,closed,True,True
4820,1,9,1,0,0.0,closed,True,True
4819,1,3,1,0,0.0,closed,False,False
4818,30,49,1,1,1.0,closed,True,True
4817,63,63,1,3,1.5,closed,True,True
4816,2,2,2,0,0.0,closed,True,True
4815,4,0,1,0,0.0,closed,False,False
4814,141,23,19,17,0.5,closed,True,True
4813,18,1,9,22,1.8333333333333333,open,False,False
4812,2,1,7,0,0.0,open,False,False
4811,0,6,1,0,0.0,closed,False,False
4810,3117,1750,1,0,0.0,closed,False,False
4809,1,1,1,0,0.0,closed,True,True
4808,344,15,4,4,0.2222222222222222,closed,True,True
4807,24,0,5,0,0.0,closed,False,False
4806,1,1,2,0,0.0,closed,False,False
4804,161,132,1,0,0.0,closed,True,True
4803,116,47,4,0,0.0,closed,True,True
4801,1,1,2,0,0.0,closed,True,True
4800,1,1,2,0,0.0,closed,True,True
4799,124,7,10,1,0.09090909090909091,closed,True,True
4785,56,44,0,3,1.0,closed,True,True
4783,504,189,5,93,1.0108695652173914,open,False,False
4782,1,1,1,0,0.0,closed,True,True
4778,13,1,2,3,1.5,closed,True,True
4776,96,227,2,0,0.0,closed,True,True
4775,34,5,3,13,1.4444444444444444,closed,True,True
4772,9,1,1,0,0.0,closed,True,True
4770,535,12,5,17,0.85,closed,False,False
4769,2259,69,22,3,0.0297029702970297,closed,True,True
4768,46,0,5,1,0.25,closed,True,True
4765,21,35,4,0,0.0,closed,True,True
4764,56,62,1,0,0.0,closed,True,True
4761,71,48,1,0,0.0,closed,True,True
4759,28,10,15,2,0.15384615384615385,closed,True,True
4756,28,19,4,2,0.6666666666666666,closed,True,True
4755,26,3,4,1,0.3333333333333333,closed,True,True
4753,155,21,4,7,0.3181818181818182,closed,True,True
4752,12,11,3,0,0.0,closed,True,True
4750,12,11,1,0,0.0,closed,False,False
4747,2,0,1,0,0.0,closed,True,True
4746,78,9,2,0,0.0,closed,True,True
4745,0,25,2,0,0.0,closed,True,True
4743,15,23,5,2,2.0,closed,True,True
4742,17,63,2,17,2.125,closed,True,True
4739,5,0,3,0,0.0,closed,False,False
4738,2,2,2,0,0.0,closed,True,True
4736,27,3,6,17,1.8888888888888888,closed,True,True
4735,2,2,3,0,0.0,closed,True,True
4731,1,1,2,0,0.0,open,False,False
4730,44,2,7,5,0.5555555555555556,open,False,False
4727,48,30,4,0,0.0,closed,True,True
4725,558,490,7,2,0.14285714285714285,closed,False,False
4724,67,8,1,0,0.0,closed,True,True
4723,7,9,2,0,0.0,closed,True,True
4722,60,5,1,0,0.0,closed,True,True
4721,37,1,3,5,0.8333333333333334,closed,True,True
4718,5,4,2,0,0.0,closed,True,True
4716,14,17,1,7,3.5,closed,True,True
4714,0,1,4,0,0.0,closed,True,True
4712,7,8,5,0,0.0,closed,False,False
4708,176,4,3,6,0.5454545454545454,closed,True,True
4707,117,118,1,1,1.0,closed,True,True
4705,25,2,1,0,0.0,closed,True,True
4704,546,546,2,1,1.0,closed,True,True
4703,24,25,1,0,0.0,closed,True,True
4701,5,0,16,9,1.2857142857142858,closed,True,True
4695,1,3,1,0,0.0,closed,False,False
4694,16,2,5,6,3.0,closed,True,True
4693,1,0,0,0,0.0,closed,False,False
4691,6,55,2,8,8.0,closed,True,True
4690,0,3,1,0,0.0,closed,True,True
4688,2,30,5,0,0.0,closed,True,True
4687,1,1,1,0,0.0,open,False,False
4686,225,34,11,14,0.7,closed,True,True
4685,190,25,1,0,0.0,closed,True,True
4683,1,0,3,0,0.0,closed,True,True
4682,0,6,2,0,0.0,closed,True,True
4681,34,40,1,0,0.0,closed,False,False
4679,2,196,17,0,0.0,closed,True,True
4676,34,10,4,0,0.0,closed,True,True
4674,0,92,7,0,0.0,closed,True,True
4673,164,122,1,0,0.0,closed,True,True
4672,5,5,3,0,0.0,closed,False,False
4669,3,8,3,0,0.0,closed,False,False
4668,145,64,1,0,0.0,closed,True,True
4666,180,25,1,0,0.0,closed,True,True
4663,114,16,4,2,0.2857142857142857,closed,True,True
4661,831,811,2,12,1.5,closed,False,False
4659,0,0,1,0,0,closed,False,False
4657,0,0,1,0,0,closed,False,False
4653,1,1,1,0,0.0,closed,True,True
4652,6,18,1,0,0.0,closed,True,True
4650,44,44,1,0,0.0,closed,True,True
4649,20,3,3,15,1.6666666666666667,closed,True,True
4646,72,21,13,14,0.7777777777777778,closed,True,True
4645,1,1,2,0,0.0,closed,True,True
4642,39,2,1,2,0.6666666666666666,closed,True,True
4640,19,7,4,8,8.0,closed,False,False
4637,181,0,1,1,1.0,closed,True,True
4636,4,1,7,0,0.0,closed,False,False
4635,2,2,1,0,0.0,closed,True,True
4634,29,0,2,8,1.3333333333333333,closed,True,True
4632,250,35,11,2,0.13333333333333333,closed,True,True
4630,214,6,1,5,0.625,closed,True,True
4629,77,5,6,2,2.0,closed,True,True
4626,51,2,3,3,3.0,closed,True,True
4624,143,71,2,0,0.0,closed,False,False
4623,97,11,8,37,1.7619047619047619,closed,True,True
4618,197,9,3,0,0.0,closed,False,False
4616,8,0,2,0,0.0,closed,False,False
4615,8,10,1,1,0.5,closed,True,True
4613,31,9,2,9,1.2857142857142858,closed,True,True
4612,34,3,1,4,2.0,closed,True,True
4610,2069,47,6,81,1.2857142857142858,closed,True,True
4609,33,2,1,1,1.0,closed,True,True
4605,190,9,1,6,0.5,closed,False,False
4604,24,0,7,0,0.0,closed,True,True
4603,50,13,2,3,1.0,open,False,False
4599,3,2,2,0,0.0,closed,True,True
4596,21,21,1,0,0.0,closed,True,True
4593,7,5,2,0,0.0,closed,True,True
4588,2,1,6,0,0.0,closed,True,True
4587,0,1,1,0,0.0,closed,True,True
4585,4,0,1,0,0.0,closed,True,True
4584,607,0,2,0,0.0,closed,False,False
4581,62,9,0,0,0.0,open,False,False
4580,6,2,2,0,0.0,closed,False,False
4579,1,1,1,0,0.0,closed,True,True
4576,70,8,17,19,0.8260869565217391,closed,False,False
4574,38,0,3,8,1.0,closed,True,True
4573,20,20,2,0,0.0,closed,True,True
4572,4,1,5,1,1.0,closed,True,True
4569,14,9,7,0,0.0,closed,False,False
4568,34,42,2,1,0.5,closed,True,True
4566,26,32,1,0,0.0,closed,True,True
4564,2,1,2,2,1.0,closed,True,True
4563,10,0,1,8,4.0,closed,True,True
4562,13,0,1,2,1.0,closed,True,True
4560,11,0,1,0,0.0,closed,True,True
4559,287,46,2,37,7.4,closed,True,True
4558,86,92,8,2,2.0,closed,True,True
4557,15,16,2,1,0.25,closed,True,True
4555,14,5,4,6,0.6,closed,True,True
4554,59,26,4,0,0.0,closed,True,True
4553,0,30,2,0,0.0,closed,True,True
4552,29,45,10,12,1.0909090909090908,closed,True,True
4545,389,334,2,0,0.0,closed,True,True
4544,4,4,1,0,0.0,closed,True,True
4543,110,79,1,6,1.5,closed,True,True
4542,128,100,3,0,0.0,closed,True,True
4541,43,35,5,0,0.0,closed,True,True
4540,245,224,1,0,0.0,closed,True,True
4539,152,145,1,0,0.0,closed,True,True
4538,114,109,1,0,0.0,closed,True,True
4537,8,5,1,0,0.0,closed,True,True
4536,0,0,7,1,0,closed,False,False
4534,142,43,9,16,1.3333333333333333,closed,True,True
4533,3,13,1,2,1.0,closed,True,True
4532,23,6,6,8,8.0,closed,True,True
4527,3,3,1,1,0.5,closed,True,True
4525,35,30,1,6,2.0,closed,True,True
4524,1281,128,10,43,0.5512820512820513,closed,True,True
4522,5,8,2,0,0.0,closed,True,True
4521,3,13,1,0,0.0,closed,True,True
4520,8,0,0,0,0.0,closed,False,False
4519,4,8,2,2,0.6666666666666666,closed,True,True
4518,14,7,5,2,0.125,closed,True,True
4517,3,2,1,0,0.0,closed,True,True
4516,853,1225,9,75,1.271186440677966,closed,True,True
4513,0,4,1,0,0.0,closed,True,True
4512,795,154,4,20,0.37735849056603776,closed,True,True
4508,14,0,2,3,1.0,closed,True,True
4507,3,2,2,0,0.0,closed,True,True
4506,34,3,2,0,0.0,open,False,False
4504,80,51,9,5,0.17857142857142858,closed,True,True
4503,6,2,2,0,0.0,closed,True,True
4500,69,54,4,12,3.0,closed,True,True
4499,152,0,2,4,0.4,closed,True,True
4498,40,8,1,0,0.0,closed,False,False
4494,216,0,4,0,0.0,open,False,False
4493,117,17,8,3,0.3,open,False,False
4492,1,1,4,0,0.0,closed,False,False
4489,31,30,1,2,1.0,closed,True,True
4486,44,6,6,0,0.0,closed,True,True
4481,1,1,0,0,0.0,closed,True,True
4480,14,26,2,14,1.75,closed,True,True
4474,397,87,1,7,0.21212121212121213,open,False,False
4472,0,14,1,0,0.0,closed,True,True
4471,57,45,1,0,0.0,closed,True,True
4469,39,31,1,0,0.0,closed,True,True
4468,269,242,1,3,0.42857142857142855,closed,True,True
4467,538,62,18,54,0.8709677419354839,open,False,False
4465,139,2,4,4,1.0,open,False,False
4464,11,6,2,1,0.3333333333333333,closed,False,False
4462,335,4,1,18,4.5,open,False,False
4461,1,1,3,0,0.0,closed,False,False
4460,65,5,2,18,2.0,closed,False,False
4459,7,0,3,0,0.0,closed,False,False
4458,203,43,9,5,0.2631578947368421,closed,True,True
4456,5,0,1,0,0.0,closed,True,True
4455,9,0,1,0,0.0,closed,True,True
4452,34,0,10,21,10.5,open,False,False
4450,11,0,3,1,0.09090909090909091,closed,True,True
4449,187,8,3,0,0.0,closed,False,False
4448,11,2,2,0,0.0,closed,True,True
4446,16,16,1,15,15.0,closed,False,False
4445,75,134,4,13,3.25,closed,True,True
4442,74,40,3,0,0.0,closed,False,False
4440,50,23,4,1,0.3333333333333333,closed,True,True
4439,41,1,6,2,0.5,closed,True,True
4438,38,38,2,0,0.0,closed,True,True
4437,16,0,0,0,0.0,closed,True,True
4436,88,17,2,0,0.0,closed,True,True
4434,616,102,22,101,2.3488372093023258,closed,True,True
4433,180,245,3,2,0.15384615384615385,closed,False,False
4431,0,21,1,3,3.0,closed,True,True
4430,155,156,1,0,0.0,closed,True,True
4429,44,8,2,4,2.0,closed,False,False
4426,3,2,2,0,0.0,closed,False,False
4422,1,1,2,0,0.0,closed,True,True
4420,9,3,1,0,0.0,closed,True,True
4418,13,9,2,0,0.0,closed,False,False
4417,6,3,2,0,0.0,closed,False,False
4416,754,3,8,2,0.2222222222222222,closed,False,False
4414,100,4,9,35,1.0,closed,True,True
4413,38,14,1,0,0.0,closed,True,True
4412,13,1,1,2,2.0,closed,True,True
4411,2,29,6,0,0.0,closed,False,False
4410,15,11,3,3,3.0,closed,True,True
4409,6,1,2,0,0.0,closed,True,True
4407,19,0,12,2,1.0,closed,False,False
4406,78,13,11,9,1.8,closed,True,True
4404,0,25,2,2,2.0,closed,True,True
4403,103,3,45,30,0.4411764705882353,closed,True,True
4402,2,0,0,0,0.0,closed,False,False
4400,0,174,1,0,0.0,closed,True,True
4399,21276,7,1,1,0.2,open,False,False
4398,17,43,8,0,0.0,closed,True,True
4395,17,1,2,0,0.0,closed,False,False
4392,322,273,3,11,11.0,closed,False,False
4391,183,6,5,0,0.0,closed,False,False
4390,77,19,6,15,3.0,closed,True,True
4385,3,7,7,0,0.0,closed,True,True
4384,0,102,4,0,0.0,closed,True,True
4378,0,2,3,0,0.0,closed,True,True
4377,34,19,15,4,0.5,closed,True,True
4375,75,6,5,1,0.5,closed,True,True
4373,2,0,2,2,0.6666666666666666,closed,True,True
4372,1,1,9,0,0.0,closed,True,True
4370,1,1,2,0,0.0,closed,True,True
4369,1,1,0,0,0.0,closed,True,True
4367,7,7,5,0,0.0,closed,False,False
4366,1,8,3,0,0.0,closed,False,False
4365,46,33,2,0,0.0,closed,True,True
4363,15,0,3,5,1.6666666666666667,open,False,False
4362,0,44,1,0,0.0,closed,True,True
4361,58,59,2,6,6.0,closed,True,True
4360,69,69,2,0,0.0,closed,True,True
4355,58,45,1,0,0.0,closed,True,True
4347,1,15,5,0,0.0,closed,True,True
4343,5,65,6,3,0.375,closed,True,True
4338,27,27,4,0,0.0,closed,True,True
4335,3,3,2,1,0.25,closed,True,True
4334,1,1,2,0,0.0,closed,False,False
4331,40,2,1,1,0.2,closed,True,True
4329,704,43,6,27,0.7297297297297297,closed,True,True
4328,1,1,2,0,0.0,closed,False,False
4327,194,44,5,15,0.7142857142857143,open,False,False
4324,544,541,15,14,1.1666666666666667,closed,True,True
4323,14,14,1,4,0.5714285714285714,closed,True,True
4321,6,16,1,1,0.3333333333333333,closed,True,True
4318,132,1,8,2,0.6666666666666666,closed,True,True
4316,30,2,2,0,0.0,closed,True,True
4314,109,11,3,2,0.25,open,False,False
4313,2,44,2,0,0.0,closed,False,False
4312,177,7,2,1,0.08333333333333333,open,False,False
4311,11,9,2,0,0.0,closed,True,True
4310,11,76,2,8,1.3333333333333333,closed,True,True
4309,6,26,3,6,6.0,closed,True,True
4305,1,1,2,0,0.0,closed,True,True
4304,0,1,1,0,0.0,closed,True,True
4303,81,0,3,10,0.7692307692307693,closed,True,True
4300,1,3,16,6,6.0,closed,True,True
4298,16,16,21,0,0.0,closed,True,True
4294,182,84,1,3,0.17647058823529413,closed,True,True
4293,3,3,2,0,0.0,closed,True,True
4291,5,2,2,0,0.0,closed,True,True
4290,4,4,4,0,0.0,closed,True,True
4288,3,3,3,0,0.0,closed,True,True
4287,1,0,4,0,0.0,closed,False,False
4286,1,1,2,0,0.0,closed,True,True
4283,40,10,6,2,0.5,closed,True,True
4282,1,1,1,0,0.0,closed,True,True
4279,40,4,21,0,0.0,closed,True,True
4278,41,1,2,2,1.0,closed,False,False
4275,1,2,4,2,2.0,closed,True,True
4274,7,0,10,12,1.7142857142857142,closed,True,True
4272,90,35,2,5,0.8333333333333334,closed,True,True
4271,88,5,2,7,1.4,closed,True,True
4270,47,2,2,2,0.3333333333333333,closed,True,True
4269,73,3,3,1,0.5,closed,True,True
4267,4,3,11,0,0.0,closed,True,True
4261,28,28,4,0,0.0,closed,False,False
4259,87,7,1,15,1.875,closed,True,True
4258,1,1,6,0,0.0,closed,True,True
4257,17,0,1,5,5.0,closed,False,False
4254,91,23,4,0,0.0,closed,True,True
4252,8,1,6,2,0.08333333333333333,closed,True,True
4249,4,2,2,0,0.0,closed,True,True
4248,301,72,0,0,0.0,closed,False,False
4247,74,75,3,2,0.6666666666666666,closed,True,True
4246,35,37,1,0,0.0,closed,True,True
4245,2,2,2,1,0.5,closed,False,False
4244,4,1,1,0,0.0,closed,True,True
4243,29,12,13,20,0.8,closed,True,True
4242,0,18,2,0,0.0,closed,True,True
4239,1,2,1,0,0.0,closed,True,True
4238,121,116,1,0,0.0,closed,True,True
4237,330,347,8,11,1.1,closed,True,True
4236,71,0,1,0,0.0,closed,True,True
4231,6,5,4,2,0.6666666666666666,closed,True,True
4227,159,28,2,16,1.0,closed,True,True
4226,180,0,2,4,4.0,closed,False,False
4221,3,0,4,0,0.0,closed,False,False
4219,387,58,2,0,0.0,closed,False,False
4218,43,1,1,3,0.75,closed,True,True
4215,29,27,2,0,0.0,closed,False,False
4214,12,1,8,7,1.0,closed,False,False
4213,1,1,2,0,0.0,closed,True,True
4212,11,9,1,0,0.0,closed,True,True
4210,2,1,1,0,0.0,closed,True,True
4209,12,4,1,0,0.0,closed,True,True
4208,2,2,4,0,0.0,closed,True,True
4207,76,3,12,13,0.52,closed,True,True
4205,145,41,4,19,0.95,closed,True,True
4203,4,4,6,0,0.0,closed,False,False
4201,2,0,3,3,1.5,closed,False,False
4199,3,1,2,1,0.3333333333333333,closed,True,True
4198,14,28,2,3,0.75,closed,True,True
4197,1,0,3,2,1.0,closed,True,True
4195,54,59,1,2,1.0,closed,True,True
4194,3,3,2,0,0.0,closed,True,True
4193,16,15,2,0,0.0,closed,True,True
4192,109,1,1,2,0.1,open,False,False
4191,25,25,0,0,0.0,closed,False,False
4190,308,14,1,0,0.0,closed,True,True
4188,87,23,1,0,0.0,closed,True,True
4186,84,108,2,3,1.0,closed,True,True
4185,16,16,2,0,0.0,closed,True,True
4184,8,1,1,0,0.0,closed,True,True
4183,6,0,1,0,0.0,closed,True,True
4181,1,1,1,0,0.0,closed,True,True
4179,30,51,2,2,0.6666666666666666,closed,True,True
4178,2,58,6,2,2.0,closed,True,True
4176,2,2,1,0,0.0,closed,True,True
4174,199,72,2,0,0.0,closed,True,True
4173,2,0,2,0,0.0,closed,True,True
4172,52,56,2,0,0.0,closed,True,True
4171,24,5,1,1,1.0,closed,True,True
4170,13,0,5,5,2.5,closed,True,True
4169,1,0,2,0,0.0,closed,True,True
4167,6,6,1,0,0.0,closed,True,True
4165,74,20,2,0,0.0,closed,True,True
4164,35,16,2,0,0.0,closed,True,True
4163,2,2,2,0,0.0,closed,True,True
4162,25,0,2,0,0.0,closed,True,True
4161,285,22,3,7,0.4375,open,False,False
4159,11,2,2,0,0.0,closed,False,False
4157,18,18,2,0,0.0,closed,True,True
4155,9,0,5,0,0.0,closed,False,False
4153,11,4,2,2,0.6666666666666666,closed,True,True
4152,3,1,4,0,0.0,closed,True,True
4151,108,9,7,2,0.18181818181818182,closed,True,True
4150,25,44,7,0,0.0,closed,False,False
4149,54,10,0,0,0.0,closed,False,False
4148,1,0,2,0,0.0,closed,True,True
4147,9,9,2,0,0.0,closed,True,True
4146,316,12,2,1,0.3333333333333333,closed,True,True
4143,608,616,3,0,0.0,closed,True,True
4142,39,4,1,0,0.0,closed,True,True
4141,210,0,6,24,1.6,open,False,False
4140,11,1,3,1,0.3333333333333333,closed,True,True
4139,4,27,1,0,0.0,closed,True,True
4138,0,7,0,0,0.0,closed,True,True
4137,16,44,1,0,0.0,closed,True,True
4132,291,192,2,11,0.5,closed,False,False
4131,15,0,5,3,1.5,closed,False,False
4130,1,16,2,0,0.0,closed,False,False
4129,8,0,0,0,0.0,closed,True,True
4128,1,1,1,0,0.0,closed,True,True
4126,130,87,4,18,1.2,closed,True,True
4123,30,4,1,4,1.3333333333333333,closed,True,True
4122,1,1,2,0,0.0,closed,True,True
4121,247,414,4,28,0.5185185185185185,closed,True,True
4118,1,1,2,1,1.0,closed,False,False
4116,1,16,9,0,0.0,closed,False,False
4115,140,380,4,6,0.46153846153846156,closed,True,True
4114,78,340,2,8,0.6666666666666666,closed,True,True
4113,678,181,2,10,0.5882352941176471,closed,False,False
4112,0,81,1,0,0.0,closed,True,True
4111,96,10,3,2,0.25,closed,True,True
4108,10,9,5,0,0.0,open,False,False
4107,3,1,3,0,0.0,closed,False,False
4104,19,6,17,0,0.0,closed,True,True
4102,3,12,2,3,3.0,closed,False,False
4101,10,25,1,1,0.5,closed,False,False
4100,1,1,3,0,0.0,closed,False,False
4099,2,0,2,0,0.0,closed,True,True
4098,1,3,3,0,0.0,closed,False,False
4097,0,3,1,0,0.0,closed,True,True
4096,110,3,2,10,0.7692307692307693,open,False,False
4095,1,2,3,2,0.4,closed,True,True
4094,3,1,4,0,0.0,closed,True,True
4093,0,4,1,0,0.0,closed,True,True
4092,29,32,9,18,0.8571428571428571,closed,True,True
4091,24,127,2,11,1.2222222222222223,closed,True,True
4090,67,67,5,9,1.0,closed,True,True
4089,1,1,2,0,0.0,closed,True,True
4088,74,74,3,10,1.6666666666666667,closed,True,True
4083,0,0,0,0,0.0,closed,False,False
4081,1,2,1,3,1.5,closed,True,True
4080,1,1,3,0,0.0,closed,False,False
4079,2,2,2,0,0.0,closed,True,True
4078,1,1,5,0,0.0,closed,False,False
4077,139,1,2,1,0.5,open,False,False
4074,20,21,11,5,0.2631578947368421,closed,True,True
4069,204,19,2,0,0.0,closed,True,True
4068,1,1,8,3,1.0,closed,True,True
4066,6,3,7,0,0.0,closed,True,True
4065,1,1,8,0,0.0,open,False,False
4064,119,10,4,6,1.2,closed,False,False
4061,3,3,3,0,0.0,closed,True,True
4059,10,10,5,7,3.5,closed,True,True
4058,24,6,4,5,1.0,open,False,False
4057,319,52,7,28,1.2727272727272727,closed,True,True
4056,37,23,3,4,2.0,closed,True,True
4055,4,4,2,0,0.0,closed,True,True
4054,58,10,8,9,1.8,closed,True,True
4053,84,9,2,32,3.2,open,False,False
4052,56,4,4,5,5.0,closed,True,True
4051,72,0,3,0,0.0,closed,False,False
4050,1,1,4,2,2.0,closed,True,True
4049,36,0,0,0,0.0,closed,False,False
4048,4,0,3,0,0.0,closed,False,False
4046,1,1,1,0,0.0,closed,True,True
4045,73,29,6,3,0.3333333333333333,closed,True,True
4042,21,2,6,8,1.6,closed,True,True
4039,345,35,3,6,0.6666666666666666,closed,True,True
4037,29,8,0,0,0.0,closed,False,False
4036,272,88,7,12,1.3333333333333333,closed,True,True
4033,1,1,1,0,0.0,closed,True,True
4031,16,10,4,0,0.0,closed,True,True
4030,48,1,3,0,0.0,closed,False,False
4028,13,9,2,0,0.0,closed,True,True
4025,50,8,12,30,1.1111111111111112,open,False,False
4024,24,20,2,7,7.0,open,False,False
4023,4,2,1,3,1.5,closed,True,True
4022,0,1,1,0,0.0,closed,True,True
4021,15,4,5,3,0.3,closed,False,False
4018,1,1,1,0,0.0,closed,False,False
4017,8,2,2,2,1.0,closed,False,False
4016,31,5,2,0,0.0,closed,True,True
4015,0,64,2,0,0.0,closed,True,True
4013,218,132,0,0,0.0,closed,False,False
4012,211,133,0,0,0.0,closed,False,False
4011,285,129,0,1,0.05,closed,False,False
4010,243,10,10,16,0.47058823529411764,closed,True,True
4008,31,16,5,2,2.0,closed,True,True
4006,86,45,4,14,0.8235294117647058,closed,True,True
4003,331,362,9,4,0.14285714285714285,closed,False,False
4000,101,26,1,10,1.0,closed,True,True
3999,66,4,8,1,1.0,closed,True,True
3998,119,28,8,6,1.2,closed,False,False
3994,23,125,1,5,0.7142857142857143,closed,False,False
3993,90,83,2,0,0.0,closed,True,True
3990,114,3,1,0,0.0,open,False,False
3989,54,12,2,2,0.6666666666666666,closed,True,True
3988,110,7,4,4,0.8,closed,True,True
3987,77,6,17,2,0.3333333333333333,closed,True,True
3983,170,919,6,5,0.35714285714285715,closed,False,False
3982,23,19,2,4,1.3333333333333333,closed,True,True
3978,1,1,1,0,0.0,closed,True,True
3975,747,89,3,0,0.0,closed,False,False
3973,35,10,2,2,2.0,closed,True,True
3972,147,4,2,6,0.6666666666666666,closed,False,False
3967,109,3,1,0,0.0,open,False,False
3966,37,2,2,2,1.0,closed,True,True
3961,151,15,14,39,1.95,closed,True,True
3960,7,7,4,0,0.0,closed,True,True
3958,5,1,4,0,0.0,closed,False,False
3954,15,0,6,5,0.8333333333333334,closed,True,True
3952,229,4,2,0,0.0,closed,True,True
3950,250,291,4,0,0.0,closed,True,True
3946,13,24,1,2,1.0,closed,True,True
3945,273,0,7,4,0.6666666666666666,closed,True,True
3943,1,1,5,0,0.0,closed,False,False
3941,10,3,2,0,0.0,closed,True,True
3940,214,43,14,26,1.1304347826086956,closed,True,True
3939,19,3,2,0,0.0,closed,True,True
3937,2,2,1,0,0.0,closed,True,True
3935,77,24,2,3,0.6,closed,True,True
3934,1,1,1,0,0.0,closed,True,True
3933,7,1,3,0,0.0,closed,False,False
3932,178,11,0,0,0.0,closed,False,False
3930,18,18,3,0,0.0,closed,False,False
3927,10,19,9,11,1.1,closed,False,False
3925,14,14,2,0,0.0,closed,False,False
3923,1,0,6,0,0.0,closed,True,True
3922,1,0,2,0,0.0,closed,False,False
3920,5,5,1,0,0.0,closed,True,True
3919,1,6,0,0,0.0,closed,False,False
3918,5,4,1,0,0.0,closed,True,True
3915,8,4,0,0,0.0,closed,False,False
3913,224,36,1,0,0.0,closed,False,False
3911,9,2,0,0,0.0,closed,False,False
3910,4,0,5,13,1.625,closed,True,True
3909,22,14,5,0,0.0,closed,False,False
3908,1,1,1,0,0.0,closed,False,False
3907,1,6,4,7,1.75,closed,True,True
3905,13,0,3,0,0.0,closed,True,True
3899,65,21,2,2,2.0,closed,True,True
3898,11,2,2,0,0.0,closed,True,True
3896,5,2,2,0,0.0,closed,True,True
3894,1,1,0,0,0.0,closed,True,True
3892,127,114,21,15,0.8823529411764706,closed,True,True
3891,20,0,7,0,0.0,closed,False,False
3890,22,9,2,0,0.0,open,False,False
3887,1,1,8,0,0.0,closed,False,False
3886,12,11,3,5,5.0,closed,False,False
3885,16,0,3,0,0.0,closed,False,False
3884,213,123,9,14,0.2978723404255319,closed,True,True
3883,1,1,0,0,0.0,closed,False,False
3882,5,4,4,6,2.0,closed,True,True
3881,757,355,29,113,1.018018018018018,closed,True,True
3879,33,0,1,0,0.0,closed,False,False
3878,14,4,3,6,3.0,closed,True,True
3877,109,70,2,9,0.9,closed,True,True
3876,95,65,3,0,0.0,closed,False,False
3873,101,22,11,10,1.4285714285714286,closed,True,True
3869,190,9,10,30,30.0,closed,True,True
3866,44,7,1,2,1.0,closed,True,True
3862,450,3,8,42,2.210526315789474,closed,True,True
3861,11,3,2,0,0.0,closed,True,True
3860,9,0,1,0,0.0,closed,True,True
3859,26,0,3,0,0.0,closed,True,True
3858,549,231,21,41,10.25,closed,True,True
3857,19,4,0,0,0.0,closed,True,True
3846,371,12,13,10,10.0,closed,True,True
3842,4,0,2,0,0.0,closed,True,True
3840,74,5,3,0,0.0,closed,True,True
3835,3,0,1,5,5.0,open,False,False
3833,0,3,1,0,0.0,closed,True,True
3829,47,2,3,11,1.8333333333333333,closed,True,True
3827,2,1,0,0,0.0,closed,True,True
3825,2,1,2,0,0.0,closed,True,True
3824,10,7,3,0,0.0,closed,False,False
3823,5,2,1,0,0.0,closed,False,False
3822,5,2,1,0,0.0,closed,False,False
3820,48,1,7,0,0.0,closed,False,False
3819,41,0,4,2,0.4,closed,True,True
3818,3,0,0,0,0.0,closed,False,False
3817,43,2,0,1,0.5,closed,False,False
3816,3,0,0,0,0.0,closed,False,False
3813,101,2,8,9,1.125,closed,True,True
3812,3,3,1,0,0.0,closed,True,True
3810,13,0,3,0,0.0,closed,True,True
3808,28,28,1,0,0.0,closed,False,False
3806,3,5,3,0,0.0,closed,True,True
3805,194,1,6,0,0.0,closed,False,False
3799,15,5,2,1,0.3333333333333333,closed,False,False
3797,1,1,1,0,0.0,closed,True,True
3796,404,26,10,92,4.0,closed,True,True
3794,21,0,4,6,2.0,closed,True,True
3792,1,1,2,0,0.0,closed,True,True
3791,1,1,2,0,0.0,closed,True,True
3790,81,3,14,16,2.0,closed,True,True
3789,17,0,1,0,0.0,closed,False,False
3786,7,1,0,0,0.0,open,False,False
3774,6,1,3,0,0.0,closed,False,False
3772,98,2,0,2,0.6666666666666666,closed,False,False
3770,117,0,3,2,2.0,open,False,False
3768,35,3,4,0,0.0,closed,True,True
3767,1,1,1,0,0.0,closed,True,True
3766,1,1,0,0,0.0,closed,False,False
3764,1,1,3,0,0.0,closed,True,True
3763,8,1,3,0,0.0,closed,False,False
3762,4,3,3,2,2.0,closed,True,True
3760,28,28,2,0,0.0,closed,False,False
3754,27,0,3,2,2.0,closed,False,False
3753,1,0,4,7,2.3333333333333335,closed,False,False
3750,19,11,1,5,2.5,open,False,False
3748,4,2,2,0,0.0,closed,True,True
3741,56,7,5,4,1.3333333333333333,open,False,False
3739,67,12,8,5,0.5,closed,True,True
3738,35,1,2,9,4.5,open,False,False
3737,1,1,1,0,0.0,closed,True,True
3735,1,1,2,0,0.0,closed,True,True
3730,10,0,2,0,0.0,closed,True,True
3729,6,2,3,0,0.0,closed,False,False
3728,1,1,2,3,3.0,closed,True,True
3727,178,43,8,0,0.0,closed,True,True
3726,6,6,4,0,0.0,closed,True,True
3725,4,4,3,0,0.0,closed,True,True
3724,4,4,3,0,0.0,closed,True,True
3722,13,7,1,2,2.0,closed,False,False
3718,4,0,2,0,0.0,closed,True,True
3714,1,2,2,0,0.0,closed,False,False
3712,10,4,3,7,1.4,closed,True,True
3709,7,0,2,0,0.0,closed,False,False
3708,1,1,8,0,0.0,closed,True,True
3707,32,4,5,2,2.0,closed,True,True
3706,143,193,2,0,0.0,open,False,False
3703,250,0,11,1,1.0,closed,True,True
3701,12,12,1,3,3.0,closed,True,True
3698,0,1,2,0,0.0,closed,True,True
3697,46,46,3,3,3.0,closed,False,False
3696,161,62,4,10,0.5882352941176471,closed,True,True
3694,1,1,5,0,0.0,closed,True,True
3692,56,1,4,7,2.3333333333333335,closed,True,True
3691,27,20,2,5,1.25,closed,False,False
3689,76,14,10,20,1.5384615384615385,closed,False,False
3688,79,19,3,3,3.0,open,False,False
3687,36,2,11,10,0.7142857142857143,closed,True,True
3685,391,44,3,17,8.5,closed,False,False
3684,0,41,3,0,0.0,closed,True,True
3682,168,46,4,7,0.7,closed,True,True
3681,9,3,1,0,0.0,open,False,False
3679,180,10,20,8,1.0,open,False,False
3678,5,2,5,0,0.0,closed,False,False
3677,3,0,4,1,1.0,closed,False,False
3676,1,1,2,0,0.0,closed,True,True
3675,4,1,1,1,1.0,closed,False,False
3673,7,1,2,0,0.0,closed,True,True
3672,25,0,4,2,2.0,closed,True,True
3671,49,9,4,2,2.0,closed,True,True
3670,8,8,2,0,0.0,closed,True,True
3669,13,1,2,4,0.8,closed,True,True
3668,1,5,3,0,0.0,closed,True,True
3667,37,0,2,0,0.0,closed,True,True
3662,1,1,2,0,0.0,closed,True,True
3660,51,15,5,13,2.6,closed,True,True
3654,52,1,1,5,1.0,open,False,False
3649,148,147,2,0,0.0,closed,True,True
3648,48,48,2,0,0.0,closed,True,True
3647,1,1,4,3,0.42857142857142855,open,False,False
3646,96,2,0,0,0.0,open,False,False
3643,4,3,14,9,0.8181818181818182,closed,True,True
3639,19,6,2,0,0.0,closed,False,False
3638,6,6,7,8,1.6,closed,True,True
3636,451,26,5,0,0.0,open,False,False
3635,47,11,3,0,0.0,closed,True,True
3634,48,12,0,0,0.0,closed,False,False
3631,687,26,0,0,0.0,closed,False,False
3630,7,2,1,4,2.0,open,False,False
3629,1,1,2,0,0.0,closed,True,True
3627,161,26,3,13,0.7647058823529411,open,False,False
3626,12,4,2,0,0.0,closed,True,True
3625,4,0,3,0,0.0,closed,True,True
3621,11,1,3,3,3.0,closed,True,True
3620,14,6,2,0,0.0,closed,False,False
3617,17,6,2,0,0.0,closed,False,False
3615,6,2,1,0,0.0,closed,True,True
3612,3219,3499,7,0,0.0,closed,False,False
3610,27,1,5,0,0.0,closed,True,True
3609,60,0,2,7,7.0,closed,True,True
3608,163,8,19,25,1.25,closed,True,True
3607,177,5,14,33,1.5714285714285714,closed,True,True
3605,1,1,2,0,0.0,closed,True,True
3604,1,1,2,0,0.0,closed,True,True
3603,1,1,2,0,0.0,closed,False,False
3602,4,4,0,0,0.0,closed,False,False
3599,100,6,4,0,0.0,closed,False,False
3596,17,0,1,0,0.0,closed,True,True
3592,150,42,2,0,0.0,closed,False,False
3591,152,42,2,0,0.0,closed,False,False
3588,60,5,2,2,1.0,closed,True,True
3583,1,1,0,0,0.0,closed,False,False
3579,18,4,25,13,0.43333333333333335,closed,True,True
3578,15,726,13,1,0.5,closed,True,True
3568,42,4,2,3,1.0,open,False,False
3567,27,2,4,3,3.0,closed,True,True
3566,1,1,3,0,0.0,closed,True,True
3563,297,59,11,29,1.2608695652173914,closed,True,True
3559,459,72,6,16,0.5333333333333333,closed,True,True
3558,28,6,1,6,1.5,closed,False,False
3557,12,0,1,0,0.0,closed,False,False
3555,15,4,2,0,0.0,closed,False,False
3554,2,0,4,8,4.0,closed,False,False
3551,14,1,9,4,2.0,closed,True,True
3550,144,6,3,0,0.0,closed,True,True
3549,232,4,1,2,0.2857142857142857,closed,True,True
3548,21,8,1,0,0.0,closed,True,True
3547,1,0,1,0,0.0,closed,True,True
3544,2,2,2,2,1.0,closed,True,True
3543,91,22,2,0,0.0,open,False,False
3542,3,2,4,3,0.6,closed,False,False
3538,3,0,1,0,0.0,closed,True,True
3536,5,2,0,2,2.0,closed,False,False
3533,25,0,9,0,0.0,closed,False,False
3532,5097,5247,4,0,0.0,closed,False,False
3527,1,1,1,0,0.0,closed,True,True
3526,0,1,1,0,0.0,closed,True,True
3522,3,3,2,2,1.0,closed,False,False
3521,3,3,0,0,0.0,closed,False,False
3520,655,37,11,35,0.875,closed,True,True
3519,1,1,0,0,0.0,closed,True,True
3518,28,1,3,0,0.0,closed,True,True
3517,30,1,2,0,0.0,closed,True,True
3512,154,2,18,18,1.6363636363636365,closed,True,True
3509,23,5,16,2,0.5,closed,False,False
3507,3,3,11,0,0.0,closed,False,False
3505,261,1,11,46,3.5384615384615383,closed,True,True
3503,2,6,2,4,1.0,closed,False,False
3501,3,3,1,0,0.0,open,False,False
3496,2,1,2,0,0.0,closed,True,True
3495,11,0,3,0,0.0,closed,True,True
3494,6,2,10,0,0.0,open,False,False
3492,38,2,2,0,0.0,open,False,False
3485,106,6,2,0,0.0,closed,False,False
3480,13,12,0,1,1.0,closed,False,False
3476,11,11,2,0,0.0,closed,True,True
3471,74,0,3,2,0.4,closed,True,True
3469,823,300,0,0,0.0,closed,False,False
3468,1,4,4,0,0.0,closed,True,True
3465,35,1,0,0,0.0,closed,True,True
3456,1,1,0,0,0.0,closed,False,False
3455,1,1,2,0,0.0,closed,False,False
3454,1,0,1,0,0.0,closed,False,False
3453,1,1,0,0,0.0,closed,False,False
3451,2,2,2,0,0.0,closed,False,False
3450,138,14,5,8,0.8888888888888888,closed,True,True
3449,1,1,2,0,0.0,closed,False,False
3446,569,41,1,0,0.0,closed,False,False
3445,3,1,2,0,0.0,closed,True,True
3442,145,10,6,16,4.0,closed,True,True
3441,1,1,0,0,0.0,closed,False,False
3440,38,9,1,0,0.0,closed,False,False
3436,2,2,1,0,0.0,closed,False,False
3430,401,14,0,0,0.0,closed,False,False
3429,72,5,0,4,1.0,closed,True,True
3426,42,2,1,1,0.2,closed,True,True
3420,24,8,3,1,1.0,closed,False,False
3415,144,6,5,0,0.0,closed,True,True
3411,1,1,1,6,6.0,closed,False,False
3409,1,1,3,0,0.0,closed,False,False
3405,9,7,3,0,0.0,closed,True,True
3403,41,3,1,0,0.0,closed,False,False
3402,8,3,1,0,0.0,closed,False,False
3401,7,2,1,0,0.0,closed,False,False
3400,272,258,6,23,4.6,closed,True,True
3399,7,2,0,0,0.0,closed,False,False
3394,39,7,1,5,2.5,closed,True,True
3393,29,0,3,1,0.16666666666666666,closed,True,True
3390,809,549,4,9,0.5,closed,True,True
3387,2,5,2,0,0.0,closed,False,False
3383,40,7,5,1,0.3333333333333333,closed,True,True
3381,43,4,7,6,0.75,closed,True,True
3379,12,1,2,0,0.0,closed,True,True
3377,58,2,1,2,0.3333333333333333,closed,True,True
3371,18,1,5,0,0.0,closed,True,True
3367,15,4,3,0,0.0,closed,True,True
3365,15797,12240,1,0,0.0,closed,True,True
3363,31,2,1,4,4.0,closed,False,False
3362,574,41,7,17,2.125,closed,False,False
3361,618,34,0,0,0.0,closed,False,False
3360,11,1,1,0,0.0,closed,False,False
3359,0,3,2,0,0.0,closed,True,True
3358,4,3,3,0,0.0,closed,True,True
3350,2,2,3,0,0.0,closed,True,True
3348,188,16,2,5,1.25,closed,True,True
3347,1,1,2,0,0.0,closed,True,True
3346,395,170,4,18,0.8181818181818182,open,False,False
3342,7,2,2,0,0.0,closed,True,True
3337,45047,81134,2,0,0.0,closed,False,False
3336,221,50,0,0,0.0,closed,False,False
3335,1,1,2,0,0.0,closed,True,True
3334,91,31,1,0,0.0,closed,False,False
3332,64,1,10,3,0.03488372093023256,closed,False,False
3328,204,48,4,0,0.0,closed,True,True
3327,10,107,1,0,0.0,closed,True,True
3326,38,14,4,2,0.14285714285714285,closed,True,True
3319,92,628,4,12,0.13333333333333333,closed,False,False
3318,1,482,0,0,0.0,closed,True,True
3316,73,20,1,10,0.2857142857142857,closed,False,False
3315,131,88,5,5,0.23809523809523808,closed,True,True
3311,9,6,8,0,0.0,closed,True,True
3309,1,1,2,0,0.0,closed,True,True
3308,6,3,3,0,0.0,closed,True,True
3307,11,2,7,0,0.0,closed,False,False
3305,1,1,0,0,0.0,closed,True,True
3304,4,5,6,5,1.25,closed,True,True
3303,94,3,6,0,0.0,closed,False,False
3299,1,1,1,0,0.0,closed,True,True
3298,1,1,2,0,0.0,closed,True,True
3294,1,1,1,0,0.0,closed,True,True
3292,77,29,2,0,0.0,closed,False,False
3284,45,0,2,0,0.0,closed,True,True
3283,31,3,7,3,3.0,closed,True,True
3281,6,6,4,0,0.0,closed,True,True
3280,6,6,1,0,0.0,closed,True,True
3279,1,1,2,0,0.0,closed,True,True
3270,28,9,3,11,2.75,closed,False,False
3269,21,2,6,1,0.3333333333333333,closed,False,False
3265,2,1,4,0,0.0,closed,False,False
3263,2,0,7,0,0.0,closed,True,True
3260,3,3,6,1,0.2,closed,True,True
3256,64,0,7,0,0.0,closed,True,True
3255,42,6,5,0,0.0,closed,False,False
3254,22,1,1,0,0.0,closed,False,False
3253,6,16,4,0,0.0,closed,True,True
3251,85,60,5,0,0.0,closed,False,False
3244,18,3,6,0,0.0,closed,False,False
3238,1,1,1,0,0.0,closed,False,False
3237,121,30,36,3,0.13043478260869565,open,False,False
3231,2,2,2,3,3.0,closed,True,True
3230,35,3,1,5,1.6666666666666667,open,False,False
3226,83,1,6,6,0.3333333333333333,closed,True,True
3224,15,0,5,0,0.0,closed,True,True
3221,334,11,1,0,0.0,closed,False,False
3220,4,2,1,0,0.0,closed,False,False
3210,111,78,13,18,0.33962264150943394,closed,True,True
3201,1,1,7,0,0.0,closed,True,True
3199,31,3,5,4,0.6666666666666666,closed,True,True
3198,6,4,2,0,0.0,closed,False,False
3189,12,12,4,1,1.0,closed,True,True
3187,1,1,0,1,1.0,closed,False,False
3184,34,16,4,0,0.0,closed,False,False
3181,7,4,2,1,0.3333333333333333,closed,False,False
3166,94,3,6,2,0.4,closed,True,True
3165,1,1,2,2,1.0,closed,True,True
3164,7,7,5,0,0.0,closed,False,False
3162,258,0,1,0,0.0,closed,False,False
3160,143,21,26,50,2.7777777777777777,closed,False,False
3158,4,1,1,0,0.0,closed,False,False
3157,2,1,2,1,0.5,closed,False,False
3155,1,1,1,0,0.0,closed,True,True
3153,12,3,8,6,1.0,closed,True,True
3152,13,2,3,0,0.0,closed,True,True
3151,7,2,0,0,0.0,closed,False,False
3150,7,1,14,1,0.2,closed,True,True
3149,7,1,4,0,0.0,closed,False,False
3147,93,23,1,0,0.0,closed,False,False
3142,5,5,0,0,0.0,closed,False,False
3137,0,1116,7,0,0.0,closed,False,False
3132,4,0,0,0,0.0,closed,False,False
3131,6,0,2,0,0.0,closed,True,True
3129,38,0,4,7,0.7777777777777778,closed,False,False
3127,3,4,8,3,1.5,closed,True,True
3126,24,0,5,4,4.0,closed,False,False
3124,27,0,6,6,1.5,open,False,False
3123,6,6,2,0,0.0,closed,True,True
3122,2,0,1,0,0.0,closed,False,False
3115,3,3,2,0,0.0,closed,True,True
3113,1,1,2,0,0.0,closed,True,True
3111,42,8,4,4,1.0,closed,False,False
3105,1,1,1,1,1.0,closed,False,False
3101,49,5,2,0,0.0,closed,False,False
3100,13,4,2,0,0.0,closed,True,True
3096,4,3,2,0,0.0,closed,True,True
3092,4,1,1,0,0.0,closed,True,True
3089,1,1,1,0,0.0,closed,True,True
3082,11,7,4,11,2.75,closed,True,True
3072,1,1,2,0,0.0,closed,False,False
3062,123,0,2,0,0.0,closed,False,False
3061,28,3,3,0,0.0,closed,False,False
3059,1,1,2,0,0.0,closed,True,True
3058,1,1,2,0,0.0,closed,True,True
3053,112,0,1,0,0.0,closed,True,True
3051,9,5,0,0,0.0,closed,False,False
3050,26,7,4,0,0.0,closed,True,True
3049,2,0,2,0,0.0,closed,True,True
3048,27,2,3,4,4.0,closed,True,True
3047,10,1,5,1,1.0,closed,False,False
3045,18,18,2,8,2.6666666666666665,closed,True,True
3041,15,1,10,0,0.0,closed,False,False
3040,34,1,1,0,0.0,closed,False,False
3039,2,1,8,0,0.0,closed,True,True
3038,55,10,1,3,1.5,closed,True,True
3030,11,0,2,4,1.3333333333333333,closed,True,True
3028,10,3,1,0,0.0,closed,False,False
3027,2,1,0,0,0.0,closed,False,False
3026,2,1,0,0,0.0,closed,False,False
3025,2,1,0,0,0.0,closed,False,False
3023,9,9,3,0,0.0,closed,False,False
3020,22,0,3,0,0.0,closed,True,True
3016,2,3,1,2,0.6666666666666666,closed,False,False
3013,2,1,2,0,0.0,closed,True,True
3012,3,3,3,0,0.0,closed,False,False
3011,22,0,13,5,1.0,closed,True,True
3000,2,1,3,0,0.0,closed,False,False
2996,53,0,1,0,0.0,open,False,False
2995,25,2,3,0,0.0,closed,False,False
2991,4,10,3,0,0.0,closed,True,True
2989,30,32,3,3,1.5,closed,True,True
2988,24,1,2,0,0.0,closed,False,False
2986,4,0,4,0,0.0,open,False,False
2985,151,0,6,1,0.3333333333333333,closed,False,False
2984,48,15,1,1,1.0,closed,False,False
2983,2,2,3,0,0.0,closed,True,True
2982,80,80,3,1,0.25,closed,True,True
2978,37,37,6,0,0.0,closed,True,True
2976,1,0,2,0,0.0,closed,True,True
2972,1,0,3,0,0.0,closed,False,False
2964,2,0,2,0,0.0,closed,True,True
2963,7,3,2,0,0.0,closed,True,True
2962,116,6,6,1,1.0,closed,False,False
2958,2,2,3,0,0.0,closed,True,True
2957,65,0,6,6,3.0,closed,True,True
2956,51,2,12,8,1.6,closed,True,True
2955,8,0,5,5,0.45454545454545453,closed,False,False
2954,99,0,4,0,0.0,closed,False,False
2953,4,0,1,2,0.16666666666666666,closed,False,False
2952,5,4,2,1,0.25,closed,True,True
2950,8,1,5,0,0.0,closed,False,False
2947,2,2,2,0,0.0,closed,True,True
2946,194,43,0,0,0.0,closed,False,False
2942,1,1,1,0,0.0,closed,True,True
2939,10,28,0,0,0.0,closed,False,False
2935,1,1,2,0,0.0,closed,True,True
2931,1,1,1,0,0.0,closed,False,False
2929,1,1,2,0,0.0,closed,True,True
2924,1,1,2,0,0.0,closed,True,True
2923,117,4,10,0,0.0,closed,True,True
2922,5,5,2,2,2.0,closed,True,True
2921,5,2,2,0,0.0,closed,True,True
2918,4,0,5,0,0.0,closed,True,True
2915,12,3,4,0,0.0,closed,True,True
2911,1,1,4,0,0.0,closed,False,False
2910,1,1,1,0,0.0,closed,True,True
2909,2,2,2,0,0.0,closed,True,True
2906,28,4,1,0,0.0,open,False,False
2901,1,1,4,0,0.0,closed,False,False
2898,3,2,2,0,0.0,closed,False,False
2897,11,2,4,0,0.0,open,False,False
2895,1,1,1,0,0.0,closed,True,True
2894,5,4,10,0,0.0,closed,True,True
2892,4,1,3,0,0.0,closed,False,False
2889,14,5,8,2,1.0,closed,False,False
2887,6,1,5,6,1.5,closed,False,False
2884,1,1,2,0,0.0,closed,True,True
2882,4,4,3,0,0.0,closed,False,False
2876,188,188,2,12,6.0,closed,True,True
2875,22,0,3,0,0.0,closed,False,False
2873,491,247,0,0,0.0,closed,False,False
2869,1,1,3,0,0.0,closed,True,True
2867,1,1,2,0,0.0,closed,True,True
2866,1,1,2,0,0.0,closed,True,True
2865,15,1,6,2,0.5,closed,True,True
2864,23,4,2,6,2.0,closed,True,True
2858,47,0,2,1,1.0,closed,False,False
2857,53,38,3,0,0.0,closed,True,True
2854,28,1,6,0,0.0,closed,True,True
2852,1,1,1,0,0.0,closed,True,True
2849,1,1,1,0,0.0,closed,True,True
2848,1,0,1,0,0.0,closed,True,True
2847,15,6,1,1,0.3333333333333333,closed,True,True
2845,1,0,4,3,1.5,closed,False,False
2841,37,14,6,4,2.0,closed,False,False
2838,16,1,0,1,1.0,closed,False,False
2837,1,1,1,0,0.0,closed,True,True
2835,31,1,1,0,0.0,open,False,False
2828,2,2,2,0,0.0,closed,True,True
2827,21,2,4,1,0.3333333333333333,closed,False,False
2826,1,2,2,0,0.0,closed,True,True
2823,63,0,4,6,3.0,closed,False,False
2819,62,2,1,1,0.5,closed,False,False
2816,23,1,2,0,0.0,closed,True,True
2814,39,1,4,0,0.0,closed,False,False
2812,1,1,4,0,0.0,closed,True,True
2809,10,1,1,4,2.0,open,False,False
2807,98,20,3,0,0.0,closed,False,False
2801,2523,1,4,0,0.0,open,False,False
2800,529,471,0,0,0.0,closed,True,True
2799,16,9,1,0,0.0,open,False,False
2798,2014,15,0,0,0.0,closed,True,True
2793,82,23,12,8,0.6666666666666666,closed,True,True
2791,16,2,2,0,0.0,closed,True,True
2789,12,5,2,0,0.0,closed,True,True
2788,2,0,7,0,0.0,closed,False,False
2786,93,22,0,0,0.0,closed,False,False
2784,63,23,2,0,0.0,closed,False,False
2781,1,1,2,0,0.0,closed,True,True
2780,146,10,3,0,0.0,closed,False,False
2778,2,0,0,0,0.0,closed,False,False
2777,5,3,2,0,0.0,closed,True,True
2775,40,8,0,0,0.0,open,False,False
2773,20,1,2,0,0.0,closed,False,False
2769,32,5,8,0,0.0,closed,True,True
2767,35,4,2,0,0.0,closed,True,True
2765,2,1,2,0,0.0,closed,False,False
2764,5,6,1,0,0.0,closed,True,True
2763,1,1,1,0,0.0,closed,True,True
2762,12,11,2,0,0.0,closed,True,True
2760,29,2,2,0,0.0,closed,False,False
2757,1,1,0,1,0.5,closed,False,False
2756,1,0,1,0,0.0,closed,True,True
2755,48,1,3,2,2.0,closed,True,True
2751,2,2,3,0,0.0,closed,False,False
2750,6,0,1,0,0.0,closed,True,True
2746,4,1,6,4,2.0,open,False,False
2745,1,1,0,0,0.0,closed,False,False
2741,0,16,1,0,0.0,closed,True,True
2740,4,0,3,0,0.0,closed,True,True
2738,137,18,4,0,0.0,closed,False,False
2737,22,0,5,10,1.4285714285714286,closed,False,False
2732,7,0,2,0,0.0,closed,False,False
2729,2,3,2,0,0.0,closed,True,True
2724,7,7,2,0,0.0,closed,True,True
2721,15,2,6,2,0.6666666666666666,closed,True,True
2720,72,39,1,2,1.0,closed,True,True
2718,1,1,2,0,0.0,closed,True,True
2714,7,0,2,0,0.0,closed,True,True
2713,3,3,2,0,0.0,closed,True,True
2710,2,2,3,0,0.0,closed,True,True
2707,4,2,2,1,0.5,closed,False,False
2705,6,3,1,0,0.0,closed,True,True
2700,27,27,3,0,0.0,closed,False,False
2699,107,67,3,0,0.0,closed,False,False
2695,2,1,3,0,0.0,closed,True,True
2691,8,1,0,0,0.0,closed,True,True
2690,8,1,2,0,0.0,closed,True,True
2688,3,3,4,0,0.0,closed,False,False
2685,37,0,2,0,0.0,open,False,False
2683,0,4,0,0,0.0,closed,True,True
2682,2,1,2,0,0.0,closed,True,True
2681,19,55,1,0,0.0,closed,True,True
2678,28,10,3,3,0.6,closed,True,True
2676,1,1,2,1,0.3333333333333333,closed,True,True
2675,13,0,2,0,0.0,closed,True,True
2672,1,1,1,0,0.0,closed,False,False
2671,18,8,10,8,1.3333333333333333,closed,True,True
2670,3,0,2,0,0.0,closed,True,True
2669,16,18,8,3,0.21428571428571427,closed,False,False
2668,5,4,5,3,1.0,closed,True,True
2667,85,16,0,0,0.0,closed,False,False
2666,82,25,2,0,0.0,closed,False,False
2664,56,56,0,0,0.0,closed,False,False
2663,9,0,5,0,0.0,closed,False,False
2659,1,1,1,0,0.0,closed,True,True
2657,57,22,3,2,0.6666666666666666,closed,False,False
2655,11,1,4,0,0.0,closed,True,True
2651,96,41,1,4,1.0,closed,False,False
2650,18,0,0,0,0.0,closed,True,True
2649,27,0,2,3,1.5,closed,True,True
2646,49,3,4,5,2.5,closed,True,True
2644,1,1,1,0,0.0,closed,True,True
2643,99,1,8,22,2.2,closed,True,True
2641,14,2,1,0,0.0,closed,True,True
2640,13,1,0,0,0.0,closed,True,True
2639,48,9,1,1,0.2,closed,True,True
2637,18,1,1,0,0.0,open,False,False
2636,0,9,0,0,0.0,closed,True,True
2632,48,10,7,2,0.5,closed,True,True
2631,16,5,6,0,0.0,closed,False,False
2630,191,5,9,9,0.75,closed,True,True
2628,6,0,0,0,0.0,closed,True,True
2627,13,2,3,0,0.0,closed,True,True
2625,18,0,0,0,0.0,closed,True,True
2622,40,1,5,7,7.0,closed,True,True
2620,18,0,1,0,0.0,closed,True,True
2619,12,0,1,0,0.0,closed,True,True
2618,5,0,0,0,0.0,closed,True,True
2617,1,3,2,0,0.0,closed,True,True
2616,304,4,8,3,0.17647058823529413,closed,True,True
2615,5,5,1,0,0.0,closed,True,True
2614,5,5,1,0,0.0,closed,True,True
2613,4,4,0,0,0.0,closed,True,True
2612,68,0,2,6,0.75,closed,True,True
2611,10,1,7,2,0.5,closed,True,True
2609,58,5,6,0,0.0,closed,True,True
2603,9,2,0,0,0.0,closed,False,False
2599,16,25,0,3,3.0,closed,True,True
2598,854,237,9,0,0.0,closed,False,False
2596,2,2,1,0,0.0,closed,True,True
2595,4,4,1,0,0.0,closed,True,True
2593,69,10,9,0,0.0,closed,False,False
2590,167,10,10,29,29.0,closed,True,True
2588,15,3,9,0,0.0,closed,False,False
2587,2,0,1,0,0.0,closed,True,True
2585,48,4,4,0,0.0,closed,False,False
2581,72,5,12,5,2.5,closed,True,True
2577,4,4,2,0,0.0,closed,True,True
2572,5,0,1,0,0.0,closed,True,True
2570,56,40,1,0,0.0,closed,True,True
2569,4,1,0,0,0.0,closed,True,True
2567,0,4,1,0,0.0,closed,True,True
2566,14,3,1,2,2.0,closed,True,True
2565,26,3,4,2,0.4,open,False,False
2564,12,6,5,2,2.0,closed,True,True
2562,6,2,3,0,0.0,closed,True,True
2561,18,6,2,1,0.3333333333333333,closed,False,False
2559,3,3,1,0,0.0,closed,True,True
2558,25,15,2,0,0.0,closed,True,True
2557,2,0,0,0,0.0,closed,True,True
2556,2,2,1,0,0.0,closed,False,False
2551,6,6,0,0,0.0,closed,True,True
2548,19,7,2,1,0.5,closed,True,True
2547,61,23,1,14,3.5,closed,True,True
2544,30,71,2,0,0.0,closed,True,True
2543,41,7,6,17,8.5,closed,True,True
2542,8,7,0,0,0.0,closed,True,True
2540,280,18,1,3,0.375,closed,True,True
2539,7,5,0,0,0.0,closed,True,True
2538,3,3,0,0,0.0,closed,True,True
2537,82,18,7,3,0.75,closed,True,True
2536,48,0,1,4,4.0,closed,True,True
2535,36,7,8,4,0.8,closed,True,True
2534,1,1,1,0,0.0,closed,True,True
2533,2,2,2,0,0.0,closed,True,True
2532,262,68,3,1,0.03571428571428571,closed,False,False
2531,1,1,1,0,0.0,closed,True,True
2530,74,13,14,10,5.0,closed,True,True
2529,5,2,1,0,0.0,closed,True,True
2528,5,8,2,7,2.3333333333333335,closed,True,True
2525,2,1,1,0,0.0,closed,True,True
2521,14,16,4,1,0.16666666666666666,closed,False,False
2519,25,3,1,0,0.0,closed,True,True
2515,6,3,7,2,2.0,closed,False,False
2512,4,4,2,0,0.0,closed,True,True
2510,17,2,4,10,10.0,closed,True,True
2509,54,1,7,2,2.0,closed,True,True
2507,6,0,2,0,0.0,closed,True,True
2505,101,6,8,2,0.6666666666666666,open,False,False
2503,8,3,4,0,0.0,closed,True,True
2502,0,5,3,0,0.0,closed,False,False
2500,8,0,10,1,0.14285714285714285,closed,False,False
2497,7,1,2,0,0.0,closed,True,True
2496,5,2,7,7,7.0,closed,True,True
2495,10,1,2,2,1.0,closed,True,True
2494,3,1,2,0,0.0,open,False,False
2493,20,1,9,0,0.0,closed,False,False
2489,1,1,2,0,0.0,closed,True,True
2485,19,7,2,0,0.0,closed,True,True
2483,31,0,5,2,1.0,closed,True,True
2482,2,1,2,0,0.0,open,False,False
2480,45,14,5,0,0.0,closed,False,False
2478,3,3,1,0,0.0,closed,False,False
2477,19,55,3,0,0.0,closed,True,True
2471,35,14,9,14,4.666666666666667,open,False,False
2470,2,2,2,0,0.0,closed,True,True
2469,57,30,2,0,0.0,closed,True,True
2466,1,1,4,0,0.0,closed,True,True
2464,30,0,12,8,8.0,closed,True,True
2462,32,7,1,0,0.0,closed,False,False
2460,1,1,2,0,0.0,closed,True,True
2458,5,6,2,0,0.0,closed,True,True
2457,70,4,8,0,0.0,closed,True,True
2456,234,20,33,21,3.5,closed,True,True
2455,4,2,1,4,4.0,closed,False,False
2454,1,1,2,0,0.0,closed,True,True
2450,4,40,2,0,0.0,closed,False,False
2437,40,0,5,3,0.42857142857142855,closed,True,True
2434,49,2,7,1,0.5,open,False,False
2433,23,3,5,7,3.5,closed,True,True
2432,2,2,2,0,0.0,closed,False,False
2429,452,365,2,0,0.0,closed,False,False
2428,20,2,2,1,0.5,closed,False,False
2427,1,1,2,0,0.0,closed,True,True
2423,35,0,1,0,0.0,closed,True,True
2422,14,4,1,0,0.0,closed,True,True
2421,1,1,1,0,0.0,closed,True,True
2419,1002,756,9,4,1.3333333333333333,closed,False,False
2418,3,0,3,0,0.0,closed,True,True
2417,30,1,3,0,0.0,closed,True,True
2415,15,1,3,0,0.0,open,False,False
2411,8,13,3,4,1.0,closed,True,True
2410,220,33,7,13,1.4444444444444444,closed,True,True
2409,6,0,2,0,0.0,closed,False,False
2404,17,2,6,0,0.0,closed,True,True
2403,3,1,15,0,0.0,closed,False,False
2401,6,1,4,0,0.0,closed,False,False
2400,193,44,9,11,11.0,closed,True,True
2398,12,2,2,1,0.5,open,False,False
2396,2,4,8,0,0.0,closed,True,True
2395,18,6,8,6,6.0,closed,True,True
2394,4,2,1,0,0.0,closed,True,True
2393,16,1,5,0,0.0,closed,True,True
2391,75,16,5,4,1.0,closed,True,True
2388,19,5,11,2,1.0,closed,True,True
2387,8,3,1,0,0.0,closed,True,True
2386,1,0,6,0,0.0,closed,True,True
2385,520,4,4,2,1.0,closed,False,False
2383,1,1,2,0,0.0,closed,False,False
2382,28,2,5,2,0.5,closed,True,True
2380,1,1,1,0,0.0,closed,True,True
2372,8,1,3,5,1.25,closed,False,False
2369,2,2,2,0,0.0,closed,True,True
2368,48,48,1,4,4.0,closed,False,False
2361,1334,71,1,0,0.0,closed,False,False
2359,31,8,7,0,0.0,open,False,False
2355,78,2,18,2,2.0,closed,False,False
2354,10,10,2,0,0.0,closed,True,True
2353,5,0,4,2,1.0,closed,False,False
2351,35,0,5,0,0.0,open,False,False
2346,1,1,0,0,0.0,closed,True,True
2345,4,0,2,2,1.0,closed,True,True
2344,1,1,2,0,0.0,closed,True,True
2343,106,13,7,2,0.2857142857142857,closed,True,True
2341,24,0,1,0,0.0,closed,True,True
2339,4,0,2,0,0.0,closed,True,True
2338,796198,0,6,0,0.0,closed,False,False
2337,58,1,7,12,2.4,closed,True,True
2336,18,0,3,2,1.0,closed,False,False
2334,92,1,9,0,0.0,closed,True,True
2333,110,14,10,6,0.5454545454545454,open,False,False
2332,19,0,2,3,0.75,closed,False,False
2331,22,12,12,0,0.0,closed,True,True
2330,2,0,3,0,0.0,closed,True,True
2329,19,9,3,0,0.0,closed,True,True
2328,10,0,5,5,5.0,closed,True,True
2327,7,1,4,3,1.5,closed,True,True
2322,7,7,2,0,0.0,closed,True,True
2318,2,0,4,0,0.0,closed,False,False
2315,48,5,5,0,0.0,closed,False,False
2314,7,2,2,3,3.0,closed,True,True
2313,1,1,1,3,1.5,closed,True,True
2308,1,1,2,0,0.0,closed,False,False
2307,4,6,3,0,0.0,closed,True,True
2306,1477,14,11,35,0.8536585365853658,closed,True,True
2302,5,9,7,0,0.0,closed,True,True
2300,2,2,2,0,0.0,closed,True,True
2298,3,0,0,0,0.0,closed,True,True
2296,5,5,3,0,0.0,closed,True,True
2294,92,92,0,0,0.0,closed,True,True
2293,12,11,4,0,0.0,closed,True,True
2292,9,14,2,0,0.0,closed,True,True
2287,8,5,2,0,0.0,closed,True,True
2285,13,0,0,0,0.0,closed,True,True
2284,17,0,1,0,0.0,closed,True,True
2282,52,3,2,4,4.0,closed,True,True
2281,456,313,2,2,1.0,closed,True,True
2280,159,90,3,0,0.0,closed,True,True
2279,17,0,1,2,1.0,closed,True,True
2275,34,0,2,0,0.0,closed,True,True
2273,16,5,4,0,0.0,closed,True,True
2271,6,0,4,0,0.0,closed,True,True
2270,28,1,4,0,0.0,closed,True,True
2269,2,2,1,0,0.0,closed,True,True
2268,11,5,5,0,0.0,closed,False,False
2267,128,45,3,3,0.75,closed,True,True
2266,54,13,1,0,0.0,closed,True,True
2260,1,1,2,0,0.0,closed,True,True
2258,55,6,2,0,0.0,closed,True,True
2257,3,1,1,0,0.0,closed,True,True
2256,44,52,1,0,0.0,closed,True,True
2252,457,313,12,49,2.3333333333333335,closed,True,True
2249,44,52,2,4,1.3333333333333333,closed,True,True
2248,11,0,2,3,1.0,closed,True,True
2247,139,157,1,0,0.0,closed,True,True
2246,1,0,6,0,0.0,closed,False,False
2245,1,0,0,0,0.0,closed,False,False
2243,54,13,6,0,0.0,closed,True,True
2242,24,1,2,2,0.25,open,False,False
2239,4,0,1,2,1.0,closed,True,True
2236,139,157,3,2,0.6666666666666666,closed,True,True
2235,1346,178,2,0,0.0,closed,False,False
2229,3,1,5,0,0.0,closed,True,True
2227,1,1,2,0,0.0,closed,False,False
2226,7,4,5,0,0.0,closed,False,False
2225,163,67,8,0,0.0,closed,True,True
2224,17,2,2,0,0.0,closed,False,False
2220,1,1,1,0,0.0,closed,True,True
2219,16,0,1,0,0.0,closed,True,True
2218,1,1,4,1,0.5,closed,True,True
2217,16,0,2,0,0.0,closed,True,True
2216,53,0,2,2,1.0,closed,False,False
2215,26,1,14,0,0.0,closed,True,True
2214,17,0,3,0,0.0,closed,False,False
2212,15,1,9,0,0.0,closed,True,True
2211,4,1,1,4,4.0,closed,False,False
2207,12,6,2,6,3.0,closed,False,False
2202,63,35,4,0,0.0,closed,True,True
2197,8,8,3,0,0.0,closed,True,True
2195,106,8,2,0,0.0,open,False,False
2193,72,7,9,8,1.0,closed,False,False
2190,2,4,4,0,0.0,closed,True,True
2189,3,6,4,0,0.0,closed,False,False
2188,14,0,0,0,0.0,closed,True,True
2184,14,0,1,0,0.0,closed,True,True
2180,22,22,2,1,1.0,closed,False,False
2179,9,1,1,0,0.0,closed,False,False
2175,0,0,4,0,0,closed,False,False
2172,2,2,1,0,0.0,closed,True,True
2171,35,3,2,2,0.5,open,False,False
2169,1,1,2,0,0.0,closed,True,True
2168,10,386,9,3,3.0,closed,True,True
2166,8,6,6,10,10.0,closed,False,False
2165,17,17,11,0,0.0,closed,True,True
2161,52,0,1,0,0.0,closed,True,True
2160,0,4,1,0,0.0,closed,True,True
2159,0,22,7,0,0.0,closed,True,True
2158,29,10,1,0,0.0,closed,True,True
2153,8,0,2,0,0.0,closed,True,True
2152,0,22,5,4,2.0,closed,True,True
2150,2749,603,0,0,0.0,closed,False,False
2143,4,1,5,0,0.0,closed,False,False
2140,2,2,5,0,0.0,closed,True,True
2138,29,10,5,4,1.3333333333333333,closed,True,True
2135,10,4,2,0,0.0,closed,False,False
2130,26,18,4,0,0.0,closed,False,False
2129,1,1,5,1,1.0,closed,False,False
2128,1,1,1,0,0.0,closed,True,True
2122,380,82,1,0,0.0,closed,True,True
2121,23,3,1,0,0.0,closed,True,True
2120,1,1,2,0,0.0,closed,True,True
2119,1,1,3,0,0.0,closed,False,False
2118,1,1,2,0,0.0,closed,False,False
2117,28,24,3,0,0.0,closed,False,False
2113,52,0,1,0,0.0,closed,True,True
2112,25,2,1,0,0.0,closed,True,True
2107,32,37,1,0,0.0,closed,True,True
2106,43,3,2,0,0.0,closed,True,True
2103,22,1,1,0,0.0,closed,True,True
2102,5,0,0,0,0.0,closed,True,True
2101,27,6,1,0,0.0,closed,True,True
2100,24,14,1,0,0.0,closed,True,True
2099,4,4,1,0,0.0,closed,True,True
2098,9,2,0,0,0.0,closed,True,True
2096,1,1,1,0,0.0,closed,False,False
2095,4,4,6,0,0.0,closed,True,True
2094,23,3,1,11,3.6666666666666665,closed,True,True
2093,107,3,3,0,0.0,closed,False,False
2091,6,6,5,0,0.0,closed,True,True
2085,3,4,15,1,0.125,closed,False,False
2082,24,6,13,12,0.36363636363636365,closed,True,True
2080,1,1,4,0,0.0,closed,False,False
2069,24,14,6,3,1.0,closed,True,True
2067,5,2,5,0,0.0,closed,False,False
2065,25,2,2,6,2.0,closed,True,True
2064,86,3,3,0,0.0,closed,False,False
2061,670,44,12,47,1.0217391304347827,closed,True,True
2060,9,2,7,4,1.3333333333333333,closed,True,True
2058,9,2,6,4,4.0,closed,True,True
2054,3,3,0,0,0.0,closed,True,True
2052,32,37,9,0,0.0,closed,True,True
2050,43,3,5,8,1.1428571428571428,closed,True,True
2048,40,0,3,8,2.6666666666666665,closed,True,True
2045,8,6,2,0,0.0,closed,False,False
2044,6,7,5,0,0.0,closed,False,False
2043,13,0,1,0,0.0,closed,True,True
2042,2,1,3,0,0.0,closed,True,True
2041,1,1,0,0,0.0,closed,True,True
2040,65,0,0,0,0.0,closed,True,True
2039,3,3,0,0,0.0,closed,True,True
2038,22,1,4,0,0.0,closed,True,True
2036,28,13,3,0,0.0,closed,False,False
2034,69,7,24,27,27.0,closed,True,True
2032,4,4,4,0,0.0,closed,False,False
2031,3,3,4,0,0.0,closed,False,False
2030,1238,72,22,51,7.285714285714286,closed,False,False
2029,84,2,4,0,0.0,closed,False,False
2026,5,0,1,1,1.0,closed,True,True
2023,89,29,8,7,2.3333333333333335,closed,False,False
2015,1,1,1,0,0.0,closed,True,True
2013,38,2,0,0,0.0,closed,False,False
2009,1,0,1,0,0.0,closed,False,False
2008,13,0,1,2,0.6666666666666666,closed,True,True
2006,83,12,0,0,0.0,closed,False,False
2005,76,16,8,6,0.6,closed,True,True
2001,27,6,5,0,0.0,closed,True,True
1995,65,0,2,0,0.0,closed,True,True
1994,3,3,2,0,0.0,closed,True,True
1991,388,0,8,0,0.0,closed,False,False
1989,380,82,20,19,1.3571428571428572,closed,True,True
1986,58,1,11,3,1.5,closed,False,False
1984,8,9,1,0,0.0,closed,True,True
1983,3,1,0,0,0.0,closed,True,True
1980,9,3,0,0,0.0,closed,True,True
1979,3,1,3,0,0.0,closed,True,True
1975,5,5,1,0,0.0,closed,True,True
1974,2,1,10,0,0.0,closed,True,True
1973,1,1,5,0,0.0,closed,False,False
1972,1,1,1,0,0.0,closed,True,True
1966,8,0,0,0,0.0,closed,True,True
1962,2,2,1,0,0.0,closed,True,True
1960,26,3,5,0,0.0,closed,True,True
1958,226,22,1,0,0.0,closed,True,True
1954,137,2,13,1,1.0,closed,False,False
1952,33,0,2,0,0.0,closed,False,False
1951,2,2,0,0,0.0,closed,True,True
1950,2,2,1,0,0.0,closed,True,True
1949,39,15,3,22,7.333333333333333,closed,False,False
1947,226,22,6,9,2.25,closed,True,True
1945,228,65,1,0,0.0,closed,True,True
1944,227,7,0,0,0.0,closed,True,True
1943,10,1,0,0,0.0,closed,True,True
1942,9,1,0,0,0.0,closed,True,True
1939,1334,436,1,0,0.0,closed,False,False
1938,9,1,2,4,2.0,closed,True,True
1933,227,7,5,0,0.0,closed,True,True
1926,5,2,1,0,0.0,closed,True,True
1924,2,9,1,0,0.0,closed,True,True
1923,228,65,1,7,3.5,closed,True,True
1921,29,13,1,0,0.0,closed,True,True
1920,180,58,1,0,0.0,closed,True,True
1919,6,13,1,0,0.0,closed,True,True
1916,1,1,2,0,0.0,closed,True,True
1913,29,13,1,2,1.0,closed,True,True
1912,10,1,2,0,0.0,closed,True,True
1909,34,0,1,7,7.0,closed,False,False
1906,23,4,3,0,0.0,closed,True,True
1905,12,1,16,10,10.0,closed,True,True
1903,1,1,6,0,0.0,closed,False,False
1902,1,1,1,0,0.0,closed,True,True
1898,3,2,1,0,0.0,closed,True,True
1896,25,18,6,0,0.0,closed,False,False
1893,7,2,7,0,0.0,closed,True,True
1892,9,5,1,0,0.0,closed,True,True
1891,180,58,8,2,0.4,closed,True,True
1887,27,7071,23,0,0.0,closed,True,True
1883,3,2,1,0,0.0,closed,True,True
1881,6,13,3,10,10.0,closed,True,True
1880,484,101,6,0,0.0,closed,False,False
1879,35,21,5,2,1.0,closed,True,True
1875,1,1,9,0,0.0,closed,True,True
1874,448,89,7,5,0.4166666666666667,closed,False,False
1873,18,6,2,0,0.0,closed,False,False
1872,776,290,2,0,0.0,closed,False,False
1871,9,2,4,0,0.0,closed,False,False
1870,4,1,2,0,0.0,closed,False,False
1869,1,1,1,0,0.0,closed,True,True
1867,1,1,2,0,0.0,closed,False,False
1861,491,247,1,0,0.0,closed,False,False
1860,2,0,3,0,0.0,closed,False,False
1857,7,8,6,0,0.0,closed,True,True
1853,13,12,3,0,0.0,closed,False,False
1852,12,12,0,0,0.0,closed,False,False
1851,23,15,3,8,8.0,closed,True,True
1848,10,11,2,0,0.0,closed,True,True
1847,54,5,10,2,2.0,closed,True,True
1842,68,67,3,0,0.0,closed,True,True
1840,29,0,4,0,0.0,closed,False,False
1838,893,203,1,0,0.0,closed,False,False
1836,776,290,1,0,0.0,closed,False,False
1835,2,1,2,0,0.0,closed,True,True
1831,22,5,1,0,0.0,closed,True,True
1829,20,17,4,2,2.0,closed,True,True
1828,4,0,1,0,0.0,closed,True,True
1827,25,9,1,0,0.0,closed,True,True
1826,3,0,1,0,0.0,closed,True,True
1825,4,1,1,0,0.0,closed,True,True
1822,9,5,2,5,5.0,closed,True,True
1821,7,4,0,0,0.0,closed,True,True
1820,79,0,3,0,0.0,closed,True,True
1818,7,4,3,0,0.0,closed,True,True
1817,3,11,7,0,0.0,closed,False,False
1816,4,1,1,0,0.0,closed,True,True
1815,127,24,1,0,0.0,closed,True,True
1813,14,1,1,0,0.0,closed,True,True
1812,1,1,0,0,0.0,closed,True,True
1811,5,3,1,0,0.0,closed,True,True
1810,47,1,1,0,0.0,closed,True,True
1809,49,23,1,0,0.0,closed,True,True
1808,5,3,1,0,0.0,closed,True,True
1806,66,0,7,2,0.6666666666666666,closed,False,False
1804,22,5,1,0,0.0,closed,True,True
1803,23,8,3,3,1.5,closed,False,False
1801,1,1,3,0,0.0,closed,True,True
1800,47,1,2,0,0.0,closed,True,True
1799,44,6,16,0,0.0,closed,False,False
1798,1,0,2,0,0.0,closed,False,False
1797,196,0,6,0,0.0,closed,False,False
1796,14,1,7,3,1.5,closed,True,True
1795,3,3,2,0,0.0,closed,True,True
1794,127,24,6,10,1.0,closed,True,True
1793,11,3,1,0,0.0,closed,True,True
1792,342,112,2,0,0.0,closed,True,True
1791,348,115,1,0,0.0,closed,False,False
1787,49,23,9,4,1.0,closed,True,True
1786,11,3,2,0,0.0,closed,True,True
1776,1,1,2,0,0.0,closed,False,False
1774,148,14,6,0,0.0,closed,True,True
1771,23,3,3,0,0.0,closed,True,True
1769,4,1,2,3,3.0,closed,True,True
1767,13,1,4,0,0.0,closed,True,True
1765,34,0,14,0,0.0,closed,True,True
1761,342,112,12,15,0.6818181818181818,closed,True,True
1757,9,9,1,0,0.0,closed,False,False
1756,222,54,6,1,0.08333333333333333,closed,False,False
1755,108,277,4,0,0.0,closed,True,True
1754,31,44,2,3,3.0,closed,True,True
1753,11,3,1,0,0.0,closed,True,True
1752,58,65,1,6,3.0,closed,True,True
1751,164,3,7,38,1.7272727272727273,closed,True,True
1750,17,6,2,0,0.0,closed,True,True
1749,32,10,3,1,0.25,closed,False,False
1748,1,1,1,0,0.0,closed,True,True
1747,17,1,1,7,7.0,closed,True,True
1746,49,14,11,10,2.5,closed,True,True
1742,51,19,3,2,2.0,closed,True,True
1741,1,1,1,2,2.0,closed,True,True
1740,6,6,1,0,0.0,closed,True,True
1737,33,5,8,6,2.0,closed,True,True
1736,93,0,5,0,0.0,closed,False,False
1735,15,1,24,4,1.3333333333333333,closed,True,True
1731,183,81,18,0,0.0,closed,True,True
1730,58,42,6,0,0.0,closed,True,True
1728,82,32,2,1,0.3333333333333333,closed,True,True
1727,46,5,11,2,0.6666666666666666,closed,True,True
1726,2,1,2,0,0.0,closed,True,True
1725,12,1,1,3,1.5,closed,True,True
1724,13,4,9,0,0.0,closed,True,True
1723,4,0,2,0,0.0,closed,True,True
1722,3,1,5,0,0.0,closed,True,True
1721,10,4,2,0,0.0,closed,True,True
1720,24,1,2,0,0.0,closed,True,True
1719,13,1,2,4,4.0,closed,False,False
1717,0,1,5,0,0.0,closed,True,True
1716,5,4,2,4,1.3333333333333333,closed,True,True
1715,2,4,1,0,0.0,closed,True,True
1712,14,0,5,0,0.0,closed,False,False
1711,0,2,2,0,0.0,closed,True,True
1710,155,13,17,15,0.6521739130434783,closed,True,True
1709,31,0,1,0,0.0,closed,False,False
1708,9,8,3,2,1.0,closed,True,True
1706,1,1,0,0,0.0,closed,True,True
1701,3,5,6,0,0.0,closed,True,True
1699,8,5,5,0,0.0,closed,True,True
1698,1,1,2,0,0.0,closed,True,True
1694,1,1,1,0,0.0,closed,True,True
1693,26,24,2,7,1.75,closed,True,True
1692,32,28,9,0,0.0,closed,True,True
1691,8,8,5,0,0.0,closed,True,True
1690,1,2,0,0,0.0,closed,True,True
1689,1,130,6,0,0.0,closed,True,True
1688,5354,4167,1,0,0.0,closed,False,False
1687,1,1,2,0,0.0,closed,True,True
1686,1,1,3,0,0.0,closed,True,True
1683,4,4,4,0,0.0,closed,True,True
1682,15,0,5,0,0.0,closed,False,False
1681,56,0,4,3,1.5,closed,True,True
1680,67,63,3,4,0.23529411764705882,closed,True,True
1678,126,79,10,12,0.48,closed,True,True
1677,3,3,3,0,0.0,closed,False,False
1676,134,86,16,12,0.5714285714285714,closed,True,True
1675,1,1,1,0,0.0,closed,True,True
1674,32,7,7,8,0.8888888888888888,closed,True,True
1671,70,5,1,6,1.0,closed,True,True
1669,80,9,1,0,0.0,closed,True,True
1664,27,14,5,0,0.0,closed,False,False
1663,114,30,2,0,0.0,open,False,False
1662,59,3,4,0,0.0,closed,True,True
1661,20,17,2,2,1.0,closed,True,True
1660,13,13,2,0,0.0,closed,True,True
1657,4,3,4,0,0.0,closed,True,True
1656,0,0,0,0,0.0,closed,False,False
1655,217,62,1,0,0.0,closed,True,True
1654,7,5,5,0,0.0,closed,True,True
1652,83,1,3,0,0.0,closed,False,False
1649,22,12,2,0,0.0,open,False,False
1644,2,2,3,0,0.0,closed,True,True
1643,1,0,1,0,0.0,closed,True,True
1642,5,13,2,0,0.0,closed,True,True
1641,382,264,2,0,0.0,closed,False,False
1640,33,1,10,8,4.0,open,False,False
1639,5,5,2,0,0.0,closed,True,True
1638,6,0,4,0,0.0,closed,True,True
1637,49,15,9,14,7.0,closed,True,True
1631,9,1,5,0,0.0,closed,False,False
1629,1,3,7,1,1.0,closed,False,False
1628,1,4,1,0,0.0,closed,True,True
1627,1,1,2,0,0.0,closed,True,True
1626,11,11,8,0,0.0,closed,False,False
1624,7,4,1,0,0.0,closed,True,True
1623,2,2,1,0,0.0,closed,False,False
1622,4,0,4,0,0.0,closed,True,True
1619,1,1,3,0,0.0,closed,False,False
1618,4,3,20,0,0.0,closed,True,True
1610,33,5,10,10,2.5,closed,True,True
1605,183,15,6,11,5.5,closed,True,True
1603,6730,9362,3,0,0.0,closed,False,False
1601,11,11,4,1,1.0,closed,True,True
1598,5,1,1,0,0.0,closed,True,True
1597,43,7,6,3,0.42857142857142855,closed,True,True
1594,28,1,8,0,0.0,closed,False,False
1591,98,8,15,2,0.6666666666666666,open,False,False
1586,271,188,15,5,1.0,closed,True,True
1583,18,1,15,1,0.125,closed,False,False
1582,8,0,6,0,0.0,closed,True,True
1581,46,3,17,5,1.25,closed,True,True
1580,57,46,24,0,0.0,closed,False,False
1579,21,7,2,0,0.0,closed,True,True
1575,40,10,10,0,0.0,closed,True,True
1574,144,12,11,14,1.5555555555555556,closed,False,False
1570,26,6,2,0,0.0,closed,True,True
1566,33,2,22,10,10.0,closed,True,True
1565,19,5,5,0,0.0,closed,True,True
1563,22,2,3,1,0.5,closed,True,True
1559,32,17,7,0,0.0,closed,False,False
1555,1,1,2,0,0.0,closed,True,True
1554,1,1,0,0,0.0,closed,False,False
1548,16,0,11,6,1.2,open,False,False
1545,119,21,1,3,1.5,closed,False,False
1544,23,3,6,0,0.0,closed,True,True
1541,3,6,2,0,0.0,closed,True,True
1537,1,2,1,0,0.0,closed,True,True
1535,39,34,1,0,0.0,closed,True,True
1533,18,3,3,0,0.0,closed,True,True
1532,2,2,3,0,0.0,closed,True,True
1530,6,13,1,0,0.0,closed,True,True
1528,69,25,2,1,0.3333333333333333,closed,True,True
1527,1,1,1,0,0.0,closed,True,True
1524,102,94,12,0,0.0,closed,True,True
1522,4,4,1,0,0.0,closed,True,True
1519,1,1,6,0,0.0,closed,False,False
1518,49,14,7,0,0.0,closed,False,False
1516,4131,3639,2,5,0.01358695652173913,closed,False,False
1514,1,1,3,0,0.0,closed,False,False
1513,1,1,1,0,0.0,closed,True,True
1512,1,1,1,0,0.0,closed,True,True
1509,8,0,1,2,2.0,closed,False,False
1508,71,0,5,0,0.0,closed,False,False
1505,2,1,1,0,0.0,closed,True,True
1504,1,1,2,0,0.0,closed,False,False
1503,2,0,3,0,0.0,closed,True,True
1501,1,0,2,0,0.0,closed,True,True
1499,180,77,17,12,0.75,closed,True,True
1498,122,1,10,5,1.25,closed,True,True
1497,2,2,2,0,0.0,closed,True,True
1496,18,16,1,0,0.0,closed,True,True
1494,34,5,2,0,0.0,closed,False,False
1492,1,1,2,0,0.0,closed,False,False
1491,1,1,4,0,0.0,closed,False,False
1488,39,22,4,10,1.6666666666666667,closed,True,True
1484,1,1,2,0,0.0,closed,False,False
1481,11,11,14,12,12.0,closed,True,True
1480,4,0,5,0,0.0,closed,True,True
1479,3,4,4,0,0.0,closed,True,True
1477,4,10,2,4,4.0,closed,True,True
1476,1,1,2,0,0.0,closed,True,True
1475,1,1,1,0,0.0,closed,True,True
1473,125,71,13,1,0.14285714285714285,closed,True,True
1472,37,3,1,0,0.0,closed,True,True
1470,43,35,1,0,0.0,closed,True,True
1469,40,4,1,0,0.0,closed,True,True
1468,6,0,2,0,0.0,closed,False,False
1467,205,4,28,3,0.6,closed,True,True
1466,313,74,30,11,0.8461538461538461,open,False,False
1462,3,3,1,0,0.0,closed,True,True
1461,687,626,1,7,1.0,closed,True,True
1456,27,25,1,0,0.0,closed,True,True
1455,49,2,10,17,1.1333333333333333,closed,False,False
1451,19,3,1,0,0.0,closed,False,False
1449,2,2,0,3,3.0,closed,True,True
1447,20,1,1,0,0.0,closed,True,True
1446,2,1,9,0,0.0,closed,False,False
1444,177,40,6,0,0.0,closed,True,True
1443,38,0,13,11,3.6666666666666665,open,False,False
1442,3125,518,4,0,0.0,closed,False,False
1441,1,1,1,0,0.0,closed,True,True
1440,5,3,2,0,0.0,closed,False,False
1439,10,4,8,0,0.0,closed,False,False
1436,30,4,5,0,0.0,closed,False,False
1433,57,5,7,0,0.0,closed,True,True
1431,6,4,2,0,0.0,closed,True,True
1430,18,6,5,3,3.0,closed,True,True
1427,5,0,3,0,0.0,closed,True,True
1425,3,2,2,0,0.0,closed,True,True
1424,5,0,6,0,0.0,closed,False,False
1423,64,1,7,11,11.0,closed,True,True
1421,53,17,0,2,0.4,closed,True,True
1420,93,10,0,0,0.0,closed,True,True
1419,6,1,1,0,0.0,closed,True,True
1415,96,54,0,0,0.0,closed,True,True
1414,15,0,0,0,0.0,closed,True,True
1413,53,2,3,2,0.4,closed,False,False
1412,1,1,1,0,0.0,closed,True,True
1411,1,1,0,0,0.0,closed,False,False
1409,128,939,30,48,2.823529411764706,closed,True,True
1408,24,12,0,1,1.0,closed,True,True
1400,64,54,5,2,0.2857142857142857,closed,False,False
1399,1,1,1,0,0.0,closed,True,True
1398,142,41,3,0,0.0,closed,True,True
1397,7,2,0,0,0.0,closed,True,True
1396,50,31,0,0,0.0,closed,True,True
1394,8,7,10,0,0.0,closed,False,False
1393,243,129,9,18,0.4090909090909091,closed,False,False
1391,99,34,4,0,0.0,closed,True,True
1390,39,31,1,3,3.0,closed,True,True
1388,24,0,15,0,0.0,closed,True,True
1386,26,20,10,1,0.25,closed,True,True
1384,387,1154,7,0,0.0,closed,True,True
1383,3,2,1,0,0.0,closed,True,True
1382,35,3,10,2,2.0,closed,True,True
1380,4,0,3,0,0.0,closed,True,True
1379,90,42,0,0,0.0,closed,True,True
1373,1,1,3,0,0.0,closed,False,False
1366,2,2,1,0,0.0,closed,True,True
1364,25,4,5,0,0.0,closed,True,True
1359,8,23,5,0,0.0,closed,True,True
1358,28,4,4,0,0.0,closed,True,True
1357,43,17,5,6,6.0,closed,False,False
1354,75,4,5,1,0.25,closed,False,False
1353,7,0,1,0,0.0,closed,True,True
1352,80,9,7,5,5.0,closed,True,True
1351,3,6,0,0,0.0,closed,True,True
1350,82,2,6,5,0.7142857142857143,closed,True,True
1349,41,23,3,0,0.0,closed,False,False
1348,2,2,1,0,0.0,closed,True,True
1345,5,0,6,0,0.0,closed,False,False
1340,96,21,3,10,10.0,closed,False,False
1335,1,1,0,3,1.5,closed,True,True
1333,2,0,1,0,0.0,closed,True,True
1331,1,1,3,0,0.0,closed,False,False
1329,28,5,11,0,0.0,closed,False,False
1326,375,3,3,0,0.0,closed,False,False
1324,117,33,3,0,0.0,closed,True,True
1321,1,0,0,0,0.0,closed,True,True
1320,1,1,1,0,0.0,closed,True,True
1319,9,3,6,0,0.0,closed,True,True
1318,4,1,2,0,0.0,closed,True,True
1316,2,2,2,0,0.0,closed,True,True
1315,22,4,1,0,0.0,closed,True,True
1313,9,1,1,0,0.0,closed,True,True
1311,1,1,2,0,0.0,closed,True,True
1310,51,17,1,0,0.0,closed,False,False
1307,6,45,0,0,0.0,closed,True,True
1302,36,10,2,3,3.0,closed,True,True
1301,62,30,2,0,0.0,closed,False,False
1298,2,2,1,0,0.0,closed,True,True
1297,3,0,0,0,0.0,closed,True,True
1295,9,1,2,0,0.0,closed,False,False
1294,19,9,1,0,0.0,closed,True,True
1293,9,9,3,0,0.0,closed,True,True
1292,2,0,0,0,0.0,closed,True,True
1291,64,66,10,2,1.0,closed,True,True
1290,2,0,0,0,0.0,closed,True,True
1289,1,1,5,0,0.0,closed,True,True
1286,66,56,2,2,0.6666666666666666,closed,True,True
1285,34,29,1,0,0.0,closed,True,True
1284,19,5,4,0,0.0,closed,True,True
1282,24,3,2,4,1.3333333333333333,closed,True,True
1278,2,2,5,0,0.0,closed,True,True
1276,15,2,11,0,0.0,closed,True,True
1275,1,1,0,0,0.0,closed,True,True
1273,18,0,3,0,0.0,closed,False,False
1272,2002,75,36,27,1.4210526315789473,closed,False,False
1271,1,1,1,0,0.0,closed,True,True
1268,13,3,0,0,0.0,closed,True,True
1267,107,9,6,2,2.0,closed,True,True
1266,23,0,3,0,0.0,closed,False,False
1264,29,0,2,1,1.0,closed,False,False
1263,4,5,21,0,0.0,closed,True,True
1261,2,2,3,0,0.0,closed,False,False
1260,1,1,1,0,0.0,closed,True,True
1259,4,2,0,3,3.0,closed,True,True
1258,0,1,1,0,0.0,closed,True,True
1256,29,2,4,0,0.0,open,False,False
1255,120,0,4,0,0.0,closed,False,False
1254,18,3,1,0,0.0,closed,True,True
1253,11,4,4,1,0.5,closed,True,True
1250,10,2,0,0,0.0,closed,True,True
1244,358,0,2,5,5.0,closed,True,True
1243,0,10,0,0,0.0,closed,True,True
1242,0,0,0,0,0.0,closed,True,True
1240,1,1,1,0,0.0,closed,True,True
1237,1,1,0,0,0.0,closed,False,False
1236,58,76,0,2,1.0,closed,True,True
1235,11,10,0,0,0.0,closed,True,True
1234,13,3,0,0,0.0,closed,True,True
1233,1,1,0,0,0.0,closed,True,True
1228,31,8,7,0,0.0,closed,True,True
1224,53,24,5,10,2.0,closed,True,True
1221,2,2,1,0,0.0,closed,False,False
1220,93,0,3,0,0.0,closed,True,True
1219,10,6,0,0,0.0,closed,True,True
1218,450,430,2,1,0.1111111111111111,closed,True,True
1216,1,1,2,0,0.0,closed,False,False
1215,4,1,23,0,0.0,closed,False,False
1214,22,6,12,3,3.0,closed,True,True
1212,43,1,19,3,1.5,closed,True,True
1210,1,0,5,0,0.0,closed,True,True
1208,1,1,1,0,0.0,closed,True,True
1207,514,465,5,0,0.0,closed,False,False
1206,1,0,0,0,0.0,closed,True,True
1205,11,2,0,0,0.0,closed,True,True
1198,19,0,2,0,0.0,closed,False,False
1197,22,1,1,0,0.0,closed,True,True
1196,2,2,0,0,0.0,closed,True,True
1190,190,89,2,7,1.1666666666666667,closed,True,True
1188,9,11,1,0,0.0,closed,True,True
1187,15,5,1,0,0.0,closed,True,True
1185,17,2,3,0,0.0,closed,True,True
1182,6,3,1,0,0.0,open,False,False
1181,5013,4645,8,3,0.12,closed,True,True
1180,136,39,4,15,3.75,closed,True,True
1177,3,362,2,0,0.0,closed,True,True
1172,56,53,2,0,0.0,closed,True,True
1171,1,1,1,0,0.0,closed,True,True
1170,1,1,1,0,0.0,closed,True,True
1169,38,36,2,0,0.0,closed,True,True
1168,3,2,2,0,0.0,closed,True,True
1167,1,1,2,0,0.0,closed,True,True
1166,179,127,2,0,0.0,closed,True,True
1165,17,1,0,0,0.0,closed,True,True
1164,25,38,0,0,0.0,closed,True,True
1162,4,3,0,0,0.0,closed,True,True
1161,8,3,0,0,0.0,closed,True,True
1160,19,667,4,0,0.0,closed,True,True
1159,220,27,1,4,1.0,closed,True,True
1156,32,7,1,0,0.0,closed,True,True
1155,1,9,1,0,0.0,closed,True,True
1154,4,9,0,0,0.0,closed,True,True
1153,4,8,0,0,0.0,closed,False,False
1152,3,3,1,0,0.0,closed,True,True
1151,207,7,12,5,0.7142857142857143,closed,True,True
1150,400,332,3,7,2.3333333333333335,closed,True,True
1149,703,447,18,44,5.5,closed,True,True
1148,20,0,4,2,2.0,closed,True,True
1147,18,15,0,0,0.0,closed,True,True
1146,62,57,4,0,0.0,closed,False,False
1145,16,1,9,1,0.5,closed,True,True
1140,137,3,11,0,0.0,closed,False,False
1137,62,3,5,2,0.5,closed,True,True
1134,139,144,7,0,0.0,closed,True,True
1132,30,5,9,1,1.0,closed,True,True
1131,6,0,4,6,6.0,closed,True,True
1128,12,21,1,0,0.0,closed,True,True
1127,2,2,1,0,0.0,closed,True,True
1124,31,2,5,1,1.0,closed,True,True
1123,37,0,2,7,1.1666666666666667,closed,True,True
1121,28,23,2,0,0.0,closed,True,True
1120,30,6,8,7,0.07692307692307693,closed,False,False
1118,56,55,5,0,0.0,closed,False,False
1117,57,57,11,0,0.0,closed,False,False
1112,9,9,2,0,0.0,closed,True,True
1110,28,0,2,0,0.0,closed,False,False
1108,4,4,1,0,0.0,closed,True,True
1106,121,207,6,23,3.2857142857142856,closed,True,True
1105,1,1,1,0,0.0,closed,True,True
1104,106,5,26,9,4.5,closed,False,False
1103,50,16,5,0,0.0,closed,False,False
1102,5,274,5,0,0.0,closed,False,False
1101,8,0,2,3,3.0,closed,True,True
1100,162,31,29,8,8.0,closed,False,False
1098,26,0,16,1,1.0,closed,True,True
1092,49,9,13,2,0.4,closed,False,False
1089,15,0,8,0,0.0,closed,True,True
1087,115,114,5,0,0.0,closed,False,False
1086,52,2,11,10,5.0,closed,True,True
1085,4,1,11,0,0.0,closed,True,True
1083,14,6,7,0,0.0,closed,False,False
1082,8,6,3,0,0.0,closed,True,True
1081,458,295,7,2,0.4,closed,True,True
1079,2,7,2,0,0.0,closed,True,True
1078,2,2,1,0,0.0,closed,True,True
1077,1,1,0,0,0.0,closed,True,True
1075,2,2,6,0,0.0,closed,False,False
1073,71,3,2,15,3.75,closed,True,True
1071,15,2,1,2,1.0,closed,True,True
1070,3,0,1,0,0.0,closed,True,True
1067,1,1,3,0,0.0,closed,False,False
1066,14,13,3,0,0.0,closed,True,True
1065,25,1,1,0,0.0,closed,False,False
1060,1220,849,16,37,1.7619047619047619,closed,True,True
1058,51,3,3,3,3.0,closed,False,False
1056,7,3,1,0,0.0,closed,False,False
1055,21,9,7,4,4.0,closed,False,False
1051,61,1,8,0,0.0,open,False,False
1049,14,5,3,0,0.0,closed,True,True
1048,0,0,13,7,0,closed,False,False
1047,46,39,9,5,0.625,closed,False,False
1045,119,0,2,5,2.5,open,False,False
1044,6,3,3,1,0.5,closed,True,True
1043,33,4,10,0,0.0,closed,False,False
1041,123,60,9,0,0.0,closed,False,False
1038,15,3,0,2,1.0,closed,False,False
1036,17,0,0,0,0.0,closed,False,False
1035,124,14,6,23,23.0,closed,False,False
1033,1,1,1,0,0.0,closed,True,True
1032,9,7,2,2,2.0,closed,False,False
1029,6,1,13,0,0.0,closed,True,True
1028,0,0,4,0,0,closed,False,False
1023,182,100,5,11,11.0,closed,False,False
1022,18,25,3,0,0.0,closed,True,True
1021,2,0,2,0,0.0,closed,False,False
1020,30,9,2,0,0.0,closed,True,True
1018,2,4,1,3,3.0,closed,True,True
1017,21,9,0,0,0.0,closed,True,True
1016,72,2,26,33,33.0,closed,True,True
1014,1178,0,7,23,3.8333333333333335,closed,False,False
1013,108,17,1,0,0.0,closed,False,False
1012,633,2,5,11,3.6666666666666665,closed,False,False
1011,3,3,6,0,0.0,closed,True,True
1007,85,873,13,1,0.25,closed,False,False
1006,16,2,1,1,1.0,closed,False,False
1004,1,1,0,0,0.0,closed,False,False
1002,34,0,2,3,3.0,closed,False,False
1000,74,6,13,0,0.0,open,False,False
999,19,1,3,1,1.0,closed,True,True
994,70,7,11,0,0.0,closed,False,False
992,703,665,4,0,0.0,closed,True,True
991,1,1,6,0,0.0,open,False,False
989,5,2,2,0,0.0,closed,False,False
987,1,1,3,0,0.0,closed,True,True
986,2,0,2,0,0.0,closed,False,False
984,60,0,10,4,4.0,closed,False,False
983,40,12,4,0,0.0,closed,True,True
982,68,11,1,0,0.0,open,False,False
980,104,21,3,0,0.0,closed,False,False
979,4,3,6,0,0.0,closed,False,False
978,19,2,8,0,0.0,closed,True,True
976,2,2,1,0,0.0,closed,True,True
974,91,0,2,0,0.0,closed,False,False
970,1,0,0,0,0.0,closed,False,False
969,25,7,4,0,0.0,closed,False,False
967,2,2,3,0,0.0,closed,False,False
966,10,8,4,0,0.0,closed,False,False
963,35,3,6,3,3.0,closed,True,True
961,56,9,9,5,2.5,closed,True,True
956,1071,697,7,0,0.0,closed,False,False
954,9,3,2,0,0.0,closed,True,True
952,14,9,21,1,1.0,closed,True,True
949,13,4,5,0,0.0,closed,False,False
946,189,5,15,7,2.3333333333333335,closed,True,True
944,1,1,0,0,0.0,closed,True,True
943,1,1,0,0,0.0,closed,True,True
941,101,6,7,6,1.0,closed,False,False
940,1,1,5,0,0.0,closed,True,True
934,27,1,14,2,0.3333333333333333,closed,True,True
932,1,1,2,0,0.0,closed,False,False
930,1,1,1,0,0.0,closed,False,False
928,1,1,1,0,0.0,closed,True,True
927,79,15,3,0,0.0,closed,False,False
925,2,4,0,0,0.0,closed,True,True
924,1463,0,4,0,0.0,closed,False,False
919,16,16,1,0,0.0,closed,False,False
918,3,0,7,0,0.0,open,False,False
917,491,246,0,0,0.0,closed,False,False
916,13,1,4,0,0.0,closed,False,False
915,5,1,8,0,0.0,open,False,False
914,0,4,18,0,0.0,closed,True,True
912,12,1,5,0,0.0,closed,False,False
911,1,7,2,0,0.0,closed,True,True
909,3,3,1,0,0.0,closed,True,True
904,65,6,0,0,0.0,closed,True,True
903,9,2,1,0,0.0,closed,False,False
902,1,4,0,0,0.0,closed,True,True
898,24,1,2,0,0.0,closed,True,True
897,20,1,10,1,0.5,closed,False,False
896,62,22,0,0,0.0,closed,True,True
895,0,8,1,0,0.0,closed,True,True
894,48,44,0,0,0.0,closed,True,True
893,13,18,0,0,0.0,closed,True,True
886,1,1,1,0,0.0,closed,False,False
885,1,1,1,0,0.0,closed,True,True
884,5,0,17,0,0.0,closed,False,False
882,58,8,1,0,0.0,closed,True,True
879,4,9,0,0,0.0,closed,True,True
878,7,1,4,0,0.0,closed,True,True
876,5,5,3,0,0.0,closed,False,False
873,40,21,17,0,0.0,closed,False,False
871,1,1,0,0,0.0,closed,True,True
868,1,1,2,0,0.0,closed,False,False
866,1,1,1,0,0.0,closed,True,True
865,12,0,2,0,0.0,closed,True,True
864,1,1,2,0,0.0,closed,True,True
861,20,8,3,0,0.0,closed,False,False
860,1,1,6,0,0.0,closed,False,False
859,20,816,3,2,2.0,closed,False,False
856,8,8,13,0,0.0,closed,True,True
854,993,579,2,1,0.043478260869565216,closed,False,False
853,2,2,5,0,0.0,closed,False,False
846,36,13,3,0,0.0,closed,True,True
843,226,3,9,3,0.5,closed,False,False
841,1,1,0,0,0.0,closed,True,True
839,7,7,2,0,0.0,closed,True,True
837,356,273,3,4,2.0,closed,False,False
836,39,132,1,0,0.0,closed,True,True
835,35,34,0,0,0.0,closed,True,True
834,17,2,4,0,0.0,closed,False,False
832,14,5,1,0,0.0,closed,True,True
830,92,7,2,0,0.0,closed,True,True
829,307,52,1,0,0.0,closed,False,False
828,81,47,2,1,0.5,closed,True,True
827,160,134,0,8,1.0,closed,True,True
821,22,0,11,0,0.0,closed,True,True
820,1,1,0,0,0.0,closed,True,True
819,23,24,4,0,0.0,closed,False,False
818,41,0,18,0,0.0,closed,False,False
817,28,9,5,4,2.0,closed,True,True
816,922,573,5,11,0.6111111111111112,closed,True,True
815,11,11,2,1,1.0,closed,True,True
814,123,0,6,4,1.3333333333333333,closed,True,True
812,2,2,0,0,0.0,closed,True,True
811,24,14,1,0,0.0,closed,False,False
810,33,14,23,1,1.0,closed,True,True
809,3,0,3,5,5.0,closed,True,True
805,2,1,0,0,0.0,closed,True,True
804,17,6,0,0,0.0,closed,True,True
803,87,67,13,4,1.0,closed,True,True
801,14,8,1,3,1.5,closed,True,True
800,43,40,9,0,0.0,closed,True,True
799,50,34,1,5,5.0,closed,True,True
798,5,6,2,6,6.0,closed,True,True
797,9,6,1,0,0.0,closed,True,True
796,4,0,0,0,0.0,closed,True,True
795,30,17,2,0,0.0,closed,True,True
793,1,1,0,0,0.0,closed,True,True
792,1,1,1,3,1.5,closed,True,True
791,61,16,4,1,1.0,closed,True,True
787,3,4,2,0,0.0,closed,True,True
786,1,1,1,0,0.0,closed,True,True
782,7,6,4,0,0.0,closed,False,False
779,19,0,6,2,0.5,closed,True,True
777,39,138,0,4,1.0,closed,True,True
776,13,7,0,3,3.0,closed,True,True
775,13,13,1,0,0.0,closed,True,True
773,18,11,4,0,0.0,open,False,False
772,3,0,12,1,1.0,closed,False,False
771,66,8,1,0,0.0,closed,False,False
770,55,4,1,0,0.0,closed,True,True
768,104,76,12,0,0.0,open,False,False
766,3,3,1,2,2.0,closed,False,False
764,4,7,0,0,0.0,closed,True,True
762,4,0,0,0,0.0,closed,True,True
761,361,129,6,3,1.0,closed,True,True
760,6,5,1,0,0.0,closed,True,True
757,72,2,5,0,0.0,closed,False,False
756,1,1,5,0,0.0,closed,False,False
752,6,3,1,0,0.0,closed,True,True
751,32,1,7,0,0.0,closed,False,False
750,4,0,2,0,0.0,closed,False,False
746,16,0,0,0,0.0,closed,True,True
745,14,1,1,0,0.0,closed,True,True
743,26,3,14,5,2.5,closed,False,False
742,1,1,1,0,0.0,closed,True,True
741,10,1,16,0,0.0,closed,False,False
738,13,1,2,0,0.0,closed,True,True
737,415,151,5,0,0.0,closed,True,True
735,8,0,7,0,0.0,closed,False,False
733,81,33,8,5,5.0,closed,True,True
732,8,5,4,0,0.0,closed,False,False
727,1,0,2,0,0.0,closed,True,True
726,4,4,2,0,0.0,closed,True,True
724,5,2,0,0,0.0,closed,True,True
722,22,1,9,3,1.5,closed,True,True
721,9,5,3,1,0.3333333333333333,closed,False,False
720,52,0,5,0,0.0,closed,False,False
719,5,0,5,0,0.0,closed,True,True
718,3,2,5,0,0.0,closed,True,True
717,10,1,11,0,0.0,closed,False,False
716,54,19,8,4,1.3333333333333333,closed,False,False
715,114,1,14,11,0.8461538461538461,closed,False,False
714,2,1,4,0,0.0,closed,True,True
711,1,1,0,0,0.0,closed,True,True
708,12,1,6,0,0.0,closed,False,False
707,42,2,6,8,4.0,closed,True,True
705,226,54,0,0,0.0,closed,True,True
702,4,4,0,0,0.0,closed,False,False
701,4,4,1,0,0.0,closed,False,False
700,4,4,2,0,0.0,closed,False,False
699,4,4,1,0,0.0,closed,True,True
698,6,1,8,0,0.0,closed,True,True
697,6,0,3,0,0.0,closed,True,True
696,34,3,1,0,0.0,closed,False,False
695,42,2,8,0,0.0,closed,False,False
694,34,3,0,0,0.0,closed,True,True
693,6,2,1,0,0.0,closed,True,True
692,2,1,1,0,0.0,closed,True,True
690,231,107,20,4,0.5,closed,True,True
688,6,0,8,0,0.0,closed,True,True
687,39,18,1,0,0.0,closed,True,True
686,83,1,18,0,0.0,closed,False,False
684,318,264,0,0,0.0,closed,True,True
682,326,219,2,0,0.0,closed,False,False
681,1,1,2,0,0.0,closed,True,True
679,69,10,4,6,0.75,closed,True,True
678,45,2,4,0,0.0,closed,False,False
676,34,3,10,2,0.5,closed,True,True
675,3,3,5,0,0.0,closed,True,True
674,14,1,0,0,0.0,closed,True,True
673,10,4,12,0,0.0,closed,True,True
672,388,65,7,7,7.0,closed,False,False
670,18,4,10,0,0.0,closed,False,False
668,1,0,6,0,0.0,closed,False,False
664,5,0,3,0,0.0,closed,False,False
663,1,1,0,0,0.0,closed,True,True
662,71,66,2,1,0.5,closed,False,False
661,74,7,8,4,4.0,closed,True,True
660,11,2,4,3,1.5,closed,True,True
659,28,14,4,6,1.2,closed,True,True
658,3379,2396,7,0,0.0,closed,False,False
657,63,60,0,0,0.0,closed,False,False
656,108,47,4,0,0.0,closed,True,True
655,5,3,1,0,0.0,closed,False,False
654,5,5,1,0,0.0,closed,True,True
653,20,1,2,1,0.3333333333333333,closed,False,False
651,1131,1052,5,16,16.0,closed,False,False
650,49,0,2,0,0.0,closed,True,True
649,20,0,4,0,0.0,closed,False,False
648,11,4,3,0,0.0,closed,False,False
647,2,2,13,0,0.0,closed,False,False
646,21,0,1,1,0.5,closed,True,True
645,8,1,3,1,0.5,closed,True,True
644,57,0,10,1,0.25,closed,False,False
643,1,1,0,0,0.0,closed,True,True
642,645,612,0,0,0.0,closed,True,True
641,1658,1358,0,0,0.0,closed,True,True
640,92,73,0,0,0.0,closed,True,True
639,137,108,0,0,0.0,closed,True,True
638,0,235,0,0,0.0,closed,True,True
637,70,59,0,0,0.0,closed,True,True
636,75,52,0,1,0.2,closed,True,True
635,57,50,0,0,0.0,closed,True,True
634,36,30,0,0,0.0,closed,True,True
633,85,70,0,3,1.5,closed,True,True
632,166,153,1,0,0.0,closed,True,True
631,112,106,5,0,0.0,closed,True,True
630,274,0,0,3,1.5,closed,True,True
628,1604,1604,1,0,0.0,closed,True,True
627,2,2,1,0,0.0,closed,True,True
626,92,0,4,0,0.0,closed,True,True
625,0,3,1,0,0.0,closed,False,False
624,65,5,3,1,0.14285714285714285,closed,False,False
623,5,1,6,0,0.0,closed,False,False
622,5,5,0,0,0.0,closed,True,True
621,11,3,3,3,1.0,closed,False,False
618,59,59,1,0,0.0,closed,True,True
617,1,1,0,0,0.0,closed,True,True
613,8,0,0,0,0.0,closed,True,True
612,4,1,3,0,0.0,closed,True,True
610,2,2,1,0,0.0,closed,True,True
607,50,50,3,22,5.5,closed,False,False
605,42,8,8,19,6.333333333333333,closed,False,False
604,39,11,1,0,0.0,closed,False,False
603,2,2,0,0,0.0,closed,True,True
602,16,4,0,0,0.0,closed,True,True
601,60,2,8,2,0.5,closed,False,False
598,22,14,0,1,1.0,closed,False,False
597,45,9,5,1,0.3333333333333333,closed,True,True
596,4,4,0,0,0.0,closed,True,True
595,2,2,9,2,0.6666666666666666,closed,False,False
594,45,39,1,0,0.0,closed,True,True
592,91,0,5,3,3.0,closed,False,False
590,1,1,1,0,0.0,closed,True,True
587,3,3,0,0,0.0,closed,True,True
585,1,7,0,0,0.0,closed,True,True
584,19,2,3,2,2.0,closed,True,True
582,25,4,8,0,0.0,closed,True,True
580,66,1,6,7,7.0,closed,False,False
577,65,21,9,4,1.3333333333333333,closed,False,False
575,37,37,0,0,0.0,closed,True,True
574,8,5,1,0,0.0,closed,True,True
572,65,5,5,6,1.0,closed,False,False
571,1,1,0,0,0.0,closed,True,True
570,89,50,3,11,11.0,closed,True,True
569,19,3,2,0,0.0,closed,False,False
566,9,2,4,7,3.5,closed,True,True
565,8,1,1,0,0.0,closed,True,True
564,14,18,3,3,1.0,closed,False,False
563,9658,6650,9,2,0.0037174721189591076,closed,False,False
561,4,2,1,0,0.0,closed,True,True
559,335,110,11,12,6.0,closed,True,True
558,53,0,7,2,2.0,closed,False,False
557,76,56,4,0,0.0,closed,True,True
556,37,7,9,0,0.0,closed,True,True
555,90,3,5,3,3.0,closed,True,True
553,32,13,19,12,6.0,closed,True,True
552,0,0,4,0,0,closed,True,True
551,1,1,2,0,0.0,closed,False,False
550,1,1,0,0,0.0,closed,True,True
549,11,25,1,8,2.6666666666666665,closed,True,True
543,49,2,2,6,2.0,closed,False,False
541,21,22,6,0,0.0,closed,True,True
539,5,4,15,0,0.0,closed,False,False
538,33,33,0,0,0.0,closed,True,True
537,119,49,1,0,0.0,closed,True,True
536,1,1,0,0,0.0,closed,True,True
535,38,1,13,1,0.25,closed,True,True
534,28,54,3,7,7.0,closed,False,False
533,11,5,4,13,6.5,closed,True,True
531,4,4,0,0,0.0,closed,True,True
530,7,3,0,0,0.0,closed,True,True
527,8,14,0,0,0.0,closed,True,True
525,87,2,3,3,0.6,closed,True,True
524,7,2,2,3,1.0,closed,True,True
523,2,8,0,0,0.0,closed,True,True
521,3,0,0,4,4.0,closed,False,False
520,3,3,2,0,0.0,closed,True,True
519,124,26,13,1,0.125,closed,True,True
517,1,1,0,0,0.0,closed,True,True
515,18,0,1,0,0.0,closed,False,False
514,12,8,0,0,0.0,closed,True,True
512,0,1,0,0,0.0,closed,True,True
510,500,214,1,0,0.0,closed,True,True
507,19,3,2,0,0.0,closed,True,True
506,36,2,1,0,0.0,closed,True,True
505,9,9,0,0,0.0,closed,True,True
504,6,1,8,0,0.0,closed,True,True
503,3,3,1,0,0.0,closed,True,True
502,16,5,1,14,14.0,closed,True,True
501,463,214,9,8,1.3333333333333333,closed,False,False
499,7,0,20,4,2.0,closed,False,False
498,2,2,0,0,0.0,closed,True,True
497,4,4,0,0,0.0,closed,True,True
490,286,74,14,2,0.16666666666666666,closed,True,True
489,2,0,1,0,0.0,closed,True,True
487,3,0,4,0,0.0,closed,False,False
485,6,3,2,0,0.0,closed,True,True
484,5,5,1,0,0.0,closed,True,True
481,38,9,5,6,6.0,closed,False,False
480,0,3,2,0,0.0,closed,False,False
479,1,1,1,0,0.0,closed,True,True
478,6,3,2,1,1.0,closed,True,True
475,73,3,11,7,7.0,closed,True,True
474,2,1,4,0,0.0,closed,False,False
472,276,1,13,4,0.5714285714285714,closed,True,True
471,910,27,23,2,0.3333333333333333,closed,False,False
469,2,2,1,0,0.0,closed,True,True
468,28,1,1,0,0.0,closed,False,False
466,89,2,3,0,0.0,closed,True,True
465,5,0,4,0,0.0,closed,True,True
464,2,5,0,0,0.0,closed,True,True
462,6,1,2,11,11.0,closed,False,False
461,297,115,14,14,14.0,closed,True,True
460,1,1,0,0,0.0,closed,True,True
455,4,0,9,0,0.0,closed,False,False
454,30,13,1,0,0.0,closed,False,False
452,16,10,1,3,3.0,closed,True,True
448,17,204,6,0,0.0,closed,True,True
447,149,3,4,5,0.1282051282051282,open,False,False
446,4,0,5,0,0.0,closed,False,False
445,26,13,2,0,0.0,closed,True,True
438,55,56,3,0,0.0,closed,False,False
437,4,0,1,4,2.0,closed,False,False
436,143,143,1,0,0.0,closed,True,True
435,17,13,0,0,0.0,closed,True,True
434,15,10,7,2,0.6666666666666666,closed,False,False
432,16,14,0,0,0.0,closed,True,True
431,167,144,6,11,3.6666666666666665,closed,True,True
430,6,6,1,7,3.5,closed,True,True
429,1,1,8,0,0.0,closed,True,True
426,1015,1054,32,7,0.3684210526315789,closed,True,True
425,35,25,6,8,8.0,closed,True,True
424,92,26,7,0,0.0,open,False,False
423,4,9,0,0,0.0,closed,True,True
422,12,10,0,0,0.0,closed,True,True
421,12,11,0,0,0.0,closed,True,True
420,11,6,0,0,0.0,closed,True,True
419,5,16,3,0,0.0,closed,True,True
418,26,23,0,0,0.0,closed,True,True
416,16,0,0,0,0.0,closed,True,True
413,183,1,5,8,0.27586206896551724,closed,False,False
412,29,0,20,0,0.0,closed,False,False
410,48,5,0,0,0.0,closed,True,True
409,85,8,0,0,0.0,closed,True,True
408,145,6,0,0,0.0,closed,False,False
406,2,2,0,0,0.0,closed,True,True
405,3,3,4,0,0.0,closed,False,False
404,55,7,0,0,0.0,closed,True,True
402,1,1,0,0,0.0,closed,True,True
401,21,0,0,0,0.0,closed,True,True
400,3,2,0,0,0.0,closed,True,True
399,3,2,0,0,0.0,closed,True,True
397,248,5,24,27,1.9285714285714286,closed,True,True
393,43,17,0,1,1.0,closed,True,True
391,1,1,1,0,0.0,closed,True,True
390,9,0,0,0,0.0,closed,True,True
388,22,6,9,7,1.75,closed,False,False
387,1,1,0,0,0.0,closed,True,True
386,54,8,10,0,0.0,closed,False,False
381,36,8,3,0,0.0,closed,False,False
380,15,11,0,0,0.0,closed,True,True
378,10,0,4,0,0.0,closed,False,False
375,1,1,0,0,0.0,closed,True,True
372,16,1,3,3,3.0,closed,True,True
370,403,232,15,20,2.5,closed,True,True
369,385,130,6,0,0.0,closed,False,False
367,39,7,0,0,0.0,closed,True,True
366,58,4,5,0,0.0,closed,True,True
363,71,4,6,7,1.75,closed,True,True
362,2,2,0,0,0.0,closed,True,True
361,3,3,0,0,0.0,closed,True,True
359,23,1,5,0,0.0,closed,True,True
358,24,0,7,0,0.0,closed,False,False
354,6,0,1,0,0.0,closed,False,False
353,80,7,6,10,10.0,closed,True,True
352,18,1,4,2,1.0,closed,True,True
350,2,1,1,0,0.0,closed,True,True
346,150,0,7,3,3.0,closed,False,False
344,2,2,0,0,0.0,closed,True,True
343,211,1,16,2,0.2857142857142857,closed,True,True
342,1,1,5,0,0.0,closed,False,False
341,23,6,0,0,0.0,closed,True,True
339,191,84,6,0,0.0,closed,True,True
338,2,2,0,0,0.0,closed,True,True
337,6,5,0,0,0.0,closed,True,True
336,70,9,6,17,4.25,closed,False,False
334,3,4,0,0,0.0,closed,True,True
333,3,9,0,0,0.0,closed,True,True
332,5,17,0,0,0.0,closed,True,True
331,75,12,11,0,0.0,closed,False,False
330,20,4,1,1,1.0,closed,True,True
329,190,0,0,0,0.0,closed,True,True
328,20,17,0,0,0.0,closed,True,True
326,12,5,7,0,0.0,closed,True,True
325,35,14,3,0,0.0,closed,False,False
323,10,6,11,2,1.0,closed,False,False
322,21,9,1,0,0.0,closed,False,False
321,8,0,0,0,0.0,closed,True,True
320,0,0,9,0,0,closed,False,False
318,7341,59,0,0,0.0,closed,True,True
317,5,1,5,0,0.0,closed,False,False
316,6,10,0,0,0.0,closed,True,True
313,144,32,0,0,0.0,closed,True,True
312,10,1,0,0,0.0,closed,True,True
311,22,41,0,0,0.0,closed,True,True
309,6,0,0,0,0.0,closed,True,True
308,9807,933,5,1,0.0058823529411764705,closed,False,False
307,6,0,3,0,0.0,closed,True,True
303,64,9,12,0,0.0,closed,False,False
301,1,1,0,0,0.0,closed,True,True
299,6,6,2,0,0.0,closed,False,False
297,29,12,1,0,0.0,closed,True,True
296,32,11,2,1,1.0,closed,False,False
295,4,3,7,4,4.0,closed,False,False
293,53,7,2,0,0.0,closed,False,False
292,0,1,0,0,0.0,closed,True,True
291,1,1,0,0,0.0,closed,True,True
290,21,4,4,1,1.0,closed,True,True
288,1,1,0,0,0.0,closed,True,True
287,3,1,2,0,0.0,closed,False,False
286,222,0,2,0,0.0,closed,False,False
285,18,5,6,0,0.0,closed,False,False
284,41,6,3,0,0.0,closed,True,True
283,1,1,0,0,0.0,closed,True,True
281,146,0,2,0,0.0,closed,False,False
279,11,1,5,0,0.0,closed,False,False
277,37,4,1,0,0.0,closed,True,True
276,5,0,6,0,0.0,closed,False,False
275,23,25,2,0,0.0,closed,True,True
274,2,1,1,0,0.0,closed,True,True
273,4,1,1,0,0.0,closed,True,True
271,15,19,1,0,0.0,closed,True,True
270,15,10,10,0,0.0,closed,False,False
269,18,0,5,0,0.0,closed,True,True
268,43,13,3,0,0.0,closed,False,False
267,12,1,1,0,0.0,closed,True,True
264,211,1,0,0,0.0,closed,True,True
262,4,1,4,0,0.0,closed,False,False
261,23,10,5,0,0.0,closed,True,True
260,28,1,6,0,0.0,closed,True,True
258,9,5,1,0,0.0,closed,True,True
257,5,4,0,0,0.0,closed,True,True
256,35,14,1,0,0.0,closed,False,False
255,18,11,8,0,0.0,closed,False,False
254,4,1,14,0,0.0,closed,False,False
252,25,4,15,1,0.09090909090909091,closed,False,False
251,34,1,4,2,0.6666666666666666,closed,False,False
250,391,157,8,0,0.0,closed,False,False
249,2,0,6,0,0.0,closed,False,False
244,9,0,0,0,0.0,closed,True,True
242,5,0,1,0,0.0,closed,True,True
241,10,2,2,0,0.0,closed,True,True
240,2,2,2,0,0.0,closed,True,True
238,1,1,2,0,0.0,closed,False,False
237,75,8,7,0,0.0,closed,False,False
235,1,1,0,0,0.0,closed,True,True
234,37,1,3,0,0.0,closed,True,True
233,9671,75,5,0,0.0,closed,False,False
232,9484,74,5,2,0.11764705882352941,closed,False,False
231,6,0,0,0,0.0,closed,False,False
229,39,39,0,0,0.0,closed,True,True
228,2,1,0,0,0.0,closed,False,False
227,1,1,0,0,0.0,closed,True,True
226,10,8,14,0,0.0,closed,True,True
222,1,1,2,0,0.0,closed,False,False
221,6,4,1,0,0.0,closed,True,True
219,3,0,0,2,2.0,closed,False,False
218,81,6,0,0,0.0,closed,True,True
217,1,1,0,0,0.0,closed,True,True
216,6,1,0,0,0.0,closed,True,True
215,2,2,0,0,0.0,closed,True,True
214,8,3,2,0,0.0,closed,True,True
213,0,3,0,0,0.0,closed,True,True
212,587,134,16,2,0.14285714285714285,closed,True,True
208,30,10,9,4,0.8,closed,False,False
206,95,132,1,0,0.0,closed,True,True
205,45,39,15,0,0.0,closed,True,True
204,2,2,0,0,0.0,closed,True,True
203,0,0,7,0,0,closed,True,True
202,1,1,0,0,0.0,closed,True,True
201,116,86,2,0,0.0,closed,True,True
198,46,20,3,0,0.0,closed,False,False
196,14,12,0,0,0.0,closed,True,True
195,2,2,0,0,0.0,closed,True,True
192,4,4,0,0,0.0,closed,True,True
190,12,1,1,0,0.0,closed,True,True
189,1,1,0,0,0.0,closed,True,True
186,11,8,2,0,0.0,closed,False,False
185,36,3,1,0,0.0,closed,True,True
177,99,59,2,1,0.3333333333333333,closed,True,True
181,7,1,2,0,0.0,closed,True,True
179,2,5,1,0,0.0,closed,True,True
176,528,97,67,1,0.04,closed,False,False
175,10,0,0,0,0.0,closed,True,True
174,3,3,0,0,0.0,closed,True,True
172,1,1,3,0,0.0,closed,True,True
171,13,11,1,0,0.0,closed,True,True
109,7267,42,24,0,0.0,closed,False,False
168,8,3,0,0,0.0,closed,True,True
167,611,1,5,24,4.0,closed,True,True
165,6,7,0,0,0.0,closed,True,True
164,200,108,0,0,0.0,closed,True,True
160,7,2,0,0,0.0,closed,True,True
155,2,2,0,0,0.0,closed,True,True
154,1,1,0,0,0.0,closed,True,True
152,2,2,3,0,0.0,closed,False,False
151,13,0,0,0,0.0,closed,True,True
149,144,5,1,0,0.0,closed,True,True
148,7,1,0,0,0.0,closed,True,True
147,26,9,3,0,0.0,closed,True,True
146,7,1,1,0,0.0,closed,False,False
145,59,6,0,0,0.0,closed,True,True
143,33,10,4,0,0.0,closed,False,False
140,11,3,1,0,0.0,closed,False,False
139,7,2,5,0,0.0,closed,False,False
138,5,5,1,0,0.0,closed,False,False
135,129,48,3,0,0.0,closed,True,True
134,4,0,1,1,1.0,closed,False,False
132,1,1,4,1,1.0,closed,False,False
130,8,3,3,0,0.0,closed,True,True
129,2,1,0,0,0.0,closed,True,True
128,8,5,0,0,0.0,closed,True,True
127,4,4,0,0,0.0,closed,True,True
121,29,2,0,0,0.0,closed,True,True
119,38,24,0,0,0.0,closed,True,True
117,168,144,0,0,0.0,closed,True,True
116,65,18,0,0,0.0,closed,True,True
115,25,7,1,0,0.0,closed,False,False
114,1,1,0,0,0.0,closed,True,True
111,206,5510,0,5,0.3333333333333333,closed,True,True
108,1,1,0,0,0.0,closed,True,True
106,10,7,0,0,0.0,closed,True,True
103,2,2,0,0,0.0,closed,True,True
99,232,206,2,0,0.0,closed,True,True
98,2,4,0,0,0.0,closed,True,True
97,27,423,0,0,0.0,closed,True,True
96,26,9,0,0,0.0,closed,True,True
95,2,0,0,0,0.0,closed,True,True
94,6,0,0,0,0.0,closed,True,True
93,4,5,0,0,0.0,closed,True,True
91,94,0,4,0,0.0,closed,False,False
90,4,4,0,0,0.0,closed,True,True
88,1,1,1,0,0.0,closed,False,False
81,37,4,3,0,0.0,closed,False,False
80,10,4,0,0,0.0,closed,True,True
79,1,1,1,0,0.0,closed,True,True
78,124,0,9,0,0.0,closed,False,False
77,61,5,2,0,0.0,closed,True,True
75,3,0,0,0,0.0,closed,True,True
74,9,2,0,0,0.0,closed,True,True
69,1,1,2,0,0.0,closed,False,False
68,7,1,0,0,0.0,closed,False,False
67,3,0,1,0,0.0,closed,False,False
66,13,6,4,0,0.0,closed,False,False
65,7,1,4,0,0.0,closed,False,False
62,8,0,3,0,0.0,closed,True,True
61,3,0,0,0,0.0,closed,True,True
60,714,903,3,0,0.0,closed,False,False
59,4,2,1,0,0.0,closed,False,False
57,11,6,3,0,0.0,closed,False,False
56,8,5,0,0,0.0,closed,False,False
55,7,0,1,0,0.0,closed,False,False
54,1,0,2,0,0.0,closed,False,False
51,8,2,7,0,0.0,closed,True,True
48,2,2,2,0,0.0,closed,True,True
46,4,2,1,0,0.0,closed,False,False
45,75,7,2,2,0.5,closed,False,False
44,51,4,2,0,0.0,closed,False,False
42,9,0,0,0,0.0,closed,True,True
39,53,38,0,0,0.0,closed,True,True
38,3,2,0,0,0.0,closed,True,True
6,4,2,0,0,0.0,closed,False,False
5,1,1,0,0,0.0,closed,False,False
4,10,0,1,0,0.0,closed,False,False
3,15,11,3,0,0.0,closed,False,False
2,22,4,4,0,0.0,closed,False,False
1,47,9,2,0,0.0,closed,False,False
