12264,154,145,3,0,0.0,open,False,False
12257,1,1,0,0,0.0,closed,True,True
12255,8,0,3,3,3.0,open,False,False
12254,208,0,5,4,2.0,closed,True,True
12253,11,1,0,0,0.0,closed,True,True
12251,7,20,0,0,0.0,closed,True,True
12250,16,11,1,4,4.0,open,False,False
12248,19,0,0,0,0.0,closed,True,True
12247,1,2,0,0,0.0,closed,True,True
12246,24,23,8,1,0.5,open,False,False
12245,26,11,0,5,2.5,open,False,False
12244,10,29,0,1,1.0,closed,True,True
12243,12,1,0,0,0.0,closed,True,True
12228,14,4,0,0,0.0,closed,True,True
12227,5,0,1,0,0.0,closed,True,True
12222,7,1,0,0,0.0,closed,True,True
12219,12,4,0,4,2.0,closed,True,True
12218,17,17,8,0,0.0,closed,True,True
12217,325,66,1,14,3.5,closed,True,True
12215,331,74,3,5,5.0,closed,True,True
12213,1,1,0,0,0.0,closed,True,True
12211,6,2,0,0,0.0,closed,True,True
12209,103,59,1,3,1.0,closed,True,True
12208,1,1,1,0,0.0,closed,False,False
12201,1778,1097,0,0,0.0,open,False,False
12200,129,8,1,8,1.3333333333333333,closed,True,True
12198,54,45,0,0,0.0,closed,True,True
12197,55,223,0,0,0.0,closed,True,True
12196,1,1,0,0,0.0,closed,True,True
12194,0,7,1,0,0.0,closed,True,True
12192,99,82,1,9,9.0,closed,True,True
12189,277,55,2,0,0.0,closed,True,True
12185,1351,673,14,16,1.0666666666666667,open,False,False
12184,1,1,4,0,0.0,closed,True,True
12180,67,2,0,0,0.0,closed,True,True
12179,12,0,1,0,0.0,closed,True,True
12175,13,0,0,1,0.5,closed,True,True
12174,17,32,0,0,0.0,closed,True,True
12171,2,1,1,0,0.0,closed,True,True
12169,60,30,0,1,1.0,closed,True,True
12167,81,60,1,5,0.8333333333333334,closed,True,True
12166,2,2,1,0,0.0,closed,False,False
12165,2,2,0,0,0.0,closed,True,True
12160,130,110,0,3,0.75,closed,True,True
12158,39,46,0,1,0.25,closed,True,True
12156,143,20,7,16,2.0,closed,True,True
12154,0,0,0,0,0.0,closed,True,True
12152,22,7,2,0,0.0,closed,False,False
12151,2,2,0,0,0.0,closed,True,True
12150,0,16,5,0,0.0,open,False,False
12149,1466,403,29,10,0.625,open,False,False
12145,0,0,0,0,0.0,closed,True,True
12144,22,1,0,11,5.5,closed,True,True
12143,1,1,0,0,0.0,closed,True,True
12142,25,14,0,2,2.0,closed,True,True
12141,1,1,0,2,2.0,closed,True,True
12140,1,5,0,0,0.0,closed,True,True
12138,12,0,0,1,0.5,closed,True,True
12135,91,83,0,7,2.3333333333333335,closed,True,True
12133,34,26,1,1,0.3333333333333333,closed,True,True
12131,9,2,1,1,0.5,closed,True,True
12130,31,10,5,4,1.0,closed,True,True
12129,2,2,0,0,0.0,closed,True,True
12127,20,4007,1,0,0.0,closed,True,True
12126,0,46,0,0,0.0,closed,True,True
12125,105,65,5,19,19.0,closed,True,True
12124,66,67,0,3,3.0,closed,True,True
12123,5,5,0,0,0.0,closed,True,True
12122,5,1,0,1,0.5,closed,True,True
12121,1,1,0,0,0.0,closed,True,True
12120,56,48,0,0,0.0,closed,True,True
12119,38,14,2,0,0.0,closed,True,True
12118,55,47,3,0,0.0,closed,True,True
12117,0,0,3,0,0.0,closed,True,True
12116,2004,1079,35,46,11.5,closed,True,True
12115,84,155,0,0,0.0,closed,True,True
12113,30,0,4,0,0.0,closed,True,True
12111,244,129,26,16,2.2857142857142856,open,False,False
12109,36,24,0,0,0.0,closed,True,True
12108,7,4,1,0,0.0,closed,True,True
12105,396,382,0,0,0.0,closed,True,True
12104,2,0,0,2,2.0,closed,False,False
12101,8,0,2,0,0.0,closed,True,True
12100,0,1,3,0,0.0,closed,True,True
12097,39,12,0,6,3.0,closed,True,True
12096,28,4,0,2,2.0,closed,True,True
12095,7,19,0,0,0.0,closed,True,True
12093,15,3,0,0,0.0,closed,True,True
12092,80,36,0,2,0.6666666666666666,closed,True,True
12091,77,8,0,1,0.3333333333333333,closed,True,True
12090,46,23,1,3,1.0,closed,True,True
12089,5,2,0,0,0.0,closed,True,True
12085,114,81,3,0,0.0,closed,True,True
12081,0,58,0,0,0.0,closed,True,True
12080,31,2,0,1,0.3333333333333333,closed,True,True
12078,119,34,8,5,1.0,closed,True,True
12075,6,13,0,0,0.0,closed,True,True
12072,34,7,0,8,4.0,closed,True,True
12065,26,15,0,4,4.0,closed,True,True
12064,31,9,5,19,19.0,closed,True,True
12063,1,1,0,0,0.0,closed,True,True
12062,1,1,1,0,0.0,closed,True,True
12061,347,36,1,6,3.0,closed,False,False
12060,66,11,0,0,0.0,closed,True,True
12058,92,16,4,0,0.0,closed,True,True
12057,6,6,0,0,0.0,closed,True,True
12056,18,3,0,0,0.0,closed,True,True
12049,1,1,0,0,0.0,closed,True,True
12040,10,2,0,1,1.0,closed,True,True
12034,51,49,0,0,0.0,closed,True,True
12033,2,0,0,0,0.0,closed,True,True
12032,154,1,0,0,0.0,closed,True,True
12031,9,3,3,1,0.5,closed,True,True
12029,96,27,2,5,1.6666666666666667,closed,True,True
12028,12,4,0,7,2.3333333333333335,closed,True,True
12023,928,94,3,3,0.3,closed,True,True
12022,1,0,1,0,0.0,closed,True,True
12019,49,13,0,0,0.0,closed,True,True
12018,1,1,0,0,0.0,closed,True,True
12016,2,5,0,2,0.6666666666666666,closed,True,True
12014,5,1,0,0,0.0,closed,True,True
12013,1,1,0,0,0.0,closed,True,True
12012,3,1,0,0,0.0,closed,True,True
12007,10,4,6,0,0.0,closed,True,True
12004,3,0,0,0,0.0,closed,True,True
11999,2,4,2,0,0.0,closed,True,True
11996,1439,310,14,63,3.3157894736842106,open,False,False
11995,2,1,0,0,0.0,closed,True,True
11994,24,26,0,3,1.5,closed,True,True
11993,195,187,0,0,0.0,closed,True,True
11992,19,8,0,0,0.0,closed,True,True
11987,27,47,0,3,3.0,closed,True,True
11983,123,97,3,4,1.0,closed,True,True
11982,27,11,1,0,0.0,closed,False,False
11981,48,69,0,12,12.0,closed,True,True
11976,21,0,0,0,0.0,closed,False,False
11965,4,1,0,0,0.0,closed,True,True
11963,31,25,1,1,0.3333333333333333,closed,True,True
11962,22,8,0,0,0.0,closed,True,True
11960,16,15,1,2,0.3333333333333333,closed,True,True
11959,7,2,0,2,1.0,closed,True,True
11955,12,5,3,5,5.0,closed,True,True
11954,20,14,5,5,5.0,closed,True,True
11952,16,7,5,2,1.0,closed,True,True
11950,3,2,6,2,2.0,closed,False,False
11948,12,2,0,0,0.0,closed,True,True
11947,504,516,5,45,15.0,closed,True,True
11946,6,3,0,0,0.0,closed,True,True
11937,3,2,1,0,0.0,closed,True,True
11930,95,8,0,2,0.6666666666666666,closed,True,True
11927,6,6,1,6,6.0,closed,True,True
11923,7,6,0,0,0.0,closed,True,True
11922,3,1,2,0,0.0,closed,True,True
11921,133,32,0,7,3.5,closed,True,True
11917,5,1,0,0,0.0,closed,True,True
11916,13,14,0,7,1.75,closed,True,True
11915,15,4,2,0,0.0,closed,True,True
11913,7,1,0,6,6.0,closed,True,True
11912,2,2,4,0,0.0,closed,True,True
11911,3,2,4,0,0.0,closed,True,True
11900,120,26,2,3,3.0,closed,True,True
11893,45,16,0,0,0.0,closed,True,True
11889,6,19,0,2,2.0,closed,True,True
11888,129,67,1,6,3.0,closed,True,True
11887,21,17,0,0,0.0,closed,True,True
11884,113,0,1,2,1.0,closed,True,True
11871,21,37,0,4,1.3333333333333333,closed,True,True
11868,1,1,11,0,0.0,closed,False,False
11865,73,0,4,17,3.4,closed,True,True
11864,315,37,5,56,2.5454545454545454,closed,True,True
11862,282,88,6,6,3.0,closed,True,True
11858,812,470,20,60,30.0,closed,True,True
11855,34,12,0,9,3.0,closed,True,True
11853,1,1,0,0,0.0,closed,True,True
11851,519,70,20,19,2.7142857142857144,closed,True,True
11850,108,66,2,25,4.166666666666667,closed,True,True
11849,105,141,1,3,1.0,closed,True,True
11848,15,1,0,5,2.5,closed,True,True
11847,10,6,3,0,0.0,closed,True,True
11846,11,3,7,0,0.0,closed,True,True
11842,1,1,0,0,0.0,closed,True,True
11841,12,27,0,2,1.0,closed,True,True
11838,7,7,1,3,1.5,closed,True,True
11837,108,109,2,3,1.5,closed,True,True
11836,366,294,6,0,0.0,closed,True,True
11833,135,29,1,6,2.0,closed,True,True
11832,1,1,3,0,0.0,closed,True,True
11830,428,301,3,0,0.0,closed,True,True
11827,101,107,0,0,0.0,closed,True,True
11826,43,0,0,12,4.0,closed,True,True
11824,15,12,2,0,0.0,closed,False,False
11823,106,29,0,3,0.75,closed,True,True
11822,1,1,0,0,0.0,closed,True,True
11818,20,5,0,0,0.0,closed,True,True
11817,0,0,1,0,0.0,closed,True,True
11811,2,2,0,0,0.0,closed,True,True
11802,32,16,1,7,0.875,closed,True,True
11799,99,33,5,3,3.0,closed,True,True
11797,10,4,0,0,0.0,closed,True,True
11795,52,41,8,11,2.75,closed,True,True
11793,1,1,1,0,0.0,closed,True,True
11791,18,2,0,2,2.0,closed,True,True
11790,296,291,0,3,1.5,closed,True,True
11785,16,24,0,0,0.0,closed,True,True
11781,14,41,2,0,0.0,closed,True,True
11780,2,2,0,5,5.0,closed,True,True
11779,103,20,10,5,2.5,closed,True,True
11775,4,2,0,1,1.0,closed,True,True
11773,18,29,0,2,2.0,closed,True,True
11772,53,47,0,0,0.0,closed,True,True
11771,6,3,0,2,1.0,closed,True,True
11770,66,31,1,7,2.3333333333333335,closed,True,True
11769,16,1,0,3,1.0,closed,True,True
11765,34,52,2,0,0.0,closed,True,True
11762,87,80,4,1,0.5,open,False,False
11759,16,2,1,6,1.5,closed,True,True
11758,1,1,0,0,0.0,closed,True,True
11757,40,11,0,3,3.0,closed,True,True
11754,1,1,0,0,0.0,closed,True,True
11753,135,39,0,21,3.0,closed,True,True
11752,520,378,0,3,1.5,closed,True,True
11751,446,314,10,23,11.5,closed,True,True
11749,7,1,2,3,3.0,closed,True,True
11748,4,4,2,0,0.0,closed,True,True
11747,63,40,1,8,4.0,closed,True,True
11746,114,5,2,13,4.333333333333333,closed,True,True
11745,8,2,0,1,1.0,closed,True,True
11744,498,540,14,6,6.0,closed,True,True
11743,287,254,0,2,0.6666666666666666,closed,True,True
11739,5,6,0,0,0.0,closed,True,True
11738,365,3,1,1,1.0,closed,True,True
11735,184,185,2,1,0.3333333333333333,closed,True,True
11734,19,0,24,6,3.0,closed,True,True
11733,5,2,1,0,0.0,closed,True,True
11731,1,1,0,0,0.0,closed,True,True
11727,68,32,0,0,0.0,closed,True,True
11725,4,4,0,0,0.0,closed,True,True
11724,6,3,3,8,8.0,closed,True,True
11722,16,9,3,0,0.0,closed,True,True
11721,38,17,3,0,0.0,closed,True,True
11719,229,296,2,1,0.2,closed,True,True
11718,15,16,0,9,4.5,closed,True,True
11714,1,0,2,0,0.0,closed,True,True
11713,1,1,7,0,0.0,closed,True,True
11712,45,16,0,0,0.0,closed,True,True
11709,129,25,3,27,3.375,closed,True,True
11707,191,35,2,8,8.0,open,False,False
11705,64,13,3,6,0.8571428571428571,closed,True,True
11704,28,28,0,0,0.0,closed,True,True
11703,47,3,2,7,7.0,closed,True,True
11698,1,1,0,0,0.0,closed,True,True
11697,43,7,2,0,0.0,closed,True,True
11696,289,268,0,0,0.0,closed,True,True
11695,89,62,0,0,0.0,closed,True,True
11694,1,1,0,0,0.0,closed,True,True
11693,7,8,0,0,0.0,closed,True,True
11692,1,1,1,0,0.0,closed,True,True
11690,82,58,4,0,0.0,closed,True,True
11688,2,2,1,0,0.0,closed,True,True
11687,83,79,3,5,2.5,closed,True,True
11686,5,0,1,0,0.0,closed,True,True
11685,2,0,1,0,0.0,closed,True,True
11684,7,1,1,0,0.0,closed,True,True
11680,14,2,1,5,5.0,closed,True,True
11677,1132,161,16,16,8.0,closed,True,True
11675,14,2,2,3,1.5,closed,True,True
11674,84,167,0,7,7.0,closed,True,True
11673,288,206,1,0,0.0,closed,True,True
11672,1,1,3,0,0.0,closed,True,True
11665,255,4,2,19,19.0,closed,True,True
11661,130,34,4,8,8.0,closed,True,True
11660,71,98,0,1,0.14285714285714285,closed,True,True
11659,32,17,1,0,0.0,closed,True,True
11656,45,37,8,0,0.0,closed,True,True
11655,30,6,1,2,0.5,closed,True,True
11654,56,82,0,0,0.0,closed,True,True
11653,2,0,2,0,0.0,closed,True,True
11652,5,13,0,4,4.0,closed,True,True
11650,1,1,0,0,0.0,closed,True,True
11649,318,179,11,12,1.5,closed,True,True
11647,27,14,5,16,4.0,closed,True,True
11646,26,8,4,5,1.25,closed,True,True
11641,444,104,1,20,5.0,closed,True,True
11638,7,0,0,2,1.0,closed,True,True
11637,2,2,2,0,0.0,closed,True,True
11628,275,209,6,13,3.25,closed,False,False
11626,19,6,0,0,0.0,closed,True,True
11625,22,15,2,13,13.0,closed,True,True
11624,4,1,0,0,0.0,closed,True,True
11623,232,47,1,9,2.25,closed,True,True
11622,55,49,0,3,3.0,closed,True,True
11621,299,145,3,38,3.8,closed,True,True
11620,182,111,1,21,5.25,closed,True,True
11619,181,109,5,7,1.75,closed,True,True
11615,1,1,2,0,0.0,closed,True,True
11612,50,33,10,0,0.0,closed,True,True
11611,8,8,0,0,0.0,closed,True,True
11610,6,2,1,0,0.0,closed,True,True
11608,1,1,0,0,0.0,closed,True,True
11605,54,56,4,5,2.5,closed,True,True
11601,10,3,0,1,1.0,closed,True,True
11596,4,1,0,0,0.0,closed,True,True
11594,33,33,2,0,0.0,closed,True,True
11591,1,1,1,0,0.0,closed,True,True
11590,2078,908,10,69,23.0,closed,True,True
11586,103,42,5,0,0.0,closed,True,True
11585,1,1,0,0,0.0,closed,True,True
11584,22,10,0,0,0.0,closed,True,True
11582,56,49,0,3,3.0,closed,True,True
11581,43,13,0,0,0.0,closed,True,True
11578,27,3,0,5,2.5,closed,True,True
11576,1,1,1,0,0.0,closed,True,True
11575,1,1,0,0,0.0,closed,True,True
11570,21,21,0,2,0.6666666666666666,closed,True,True
11569,1,1,1,0,0.0,closed,False,False
11564,7,5,0,0,0.0,closed,True,True
11561,235,123,2,46,3.2857142857142856,closed,True,True
11559,13,11,0,13,6.5,closed,True,True
11558,6,0,0,0,0.0,closed,True,True
11557,37,53,0,6,1.2,closed,True,True
11552,7,0,1,0,0.0,closed,True,True
11551,8,5,0,0,0.0,closed,True,True
11550,4,2,0,0,0.0,closed,True,True
11549,62,1,1,3,0.75,closed,False,False
11538,221,97,6,46,9.2,closed,True,True
11537,7,2,0,0,0.0,closed,True,True
11535,61,30,0,8,4.0,closed,True,True
11534,8,1,1,3,3.0,closed,True,True
11533,104,94,2,13,1.8571428571428572,closed,True,True
11530,59,35,3,3,1.0,closed,True,True
11529,14,2,1,0,0.0,closed,True,True
11528,27,3,0,13,6.5,closed,True,True
11524,8,2,0,0,0.0,closed,True,True
11521,16,10,0,2,1.0,closed,True,True
11516,34,38,0,0,0.0,closed,True,True
11515,13,12,0,0,0.0,closed,True,True
11507,31,2,1,5,2.5,closed,True,True
11505,130,132,2,13,6.5,closed,True,True
11501,19,8,1,11,11.0,closed,True,True
11500,8,5,0,2,1.0,closed,True,True
11495,267,25,3,13,1.8571428571428572,closed,False,False
11494,26,22,0,0,0.0,closed,True,True
11492,30,22,0,7,2.3333333333333335,closed,True,True
11491,20,17,0,1,0.5,closed,True,True
11489,45,35,0,14,4.666666666666667,closed,True,True
11488,2,0,0,0,0.0,closed,True,True
11487,25,1,0,0,0.0,closed,True,True
11486,9,0,3,5,1.6666666666666667,closed,True,True
11485,2,1,0,0,0.0,closed,True,True
11484,34,6,0,3,3.0,closed,True,True
11482,7,3,0,0,0.0,closed,True,True
11481,6,1,0,2,2.0,closed,True,True
11480,0,0,0,0,0,closed,False,False
11478,61,10,8,11,3.6666666666666665,closed,True,True
11477,1,1,0,0,0.0,closed,True,True
11472,150,188,10,40,40.0,closed,True,True
11471,60,24,0,15,15.0,closed,True,True
11470,2,2,0,1,1.0,closed,True,True
11468,1,1,0,0,0.0,closed,True,True
11466,18,17,1,6,3.0,closed,True,True
11463,90,119,0,0,0.0,closed,True,True
11462,0,1,0,0,0.0,closed,True,True
11461,2,1,0,0,0.0,closed,True,True
11458,93,56,6,18,18.0,closed,True,True
11457,1328,91,0,0,0.0,closed,False,False
11456,25,35,7,1,0.5,closed,True,True
11454,1,1,0,0,0.0,closed,True,True
11452,12,18,0,0,0.0,closed,True,True
11451,8,2,3,0,0.0,closed,True,True
11450,0,0,2,0,0,closed,False,False
11449,26,22,1,3,1.5,closed,False,False
11448,423,173,0,1,0.5,closed,True,True
11447,259,223,1,11,1.0,closed,True,True
11445,77,35,9,3,0.6,closed,True,True
11442,4,2,0,10,3.3333333333333335,closed,True,True
11437,1,3,0,0,0.0,closed,True,True
11435,1,5,2,4,4.0,closed,True,True
11434,190,21,2,31,6.2,closed,True,True
11432,3,1,1,0,0.0,closed,True,True
11431,6331,6039,8,10,1.1111111111111112,closed,True,True
11429,11,3,0,4,1.3333333333333333,closed,True,True
11428,1,1,0,0,0.0,closed,True,True
11425,12,3,0,3,1.5,closed,True,True
11422,24,69,1,0,0.0,closed,False,False
11420,81,105,0,1,1.0,closed,True,True
11417,204,94,21,127,127.0,open,False,False
11416,51,53,0,0,0.0,closed,True,True
11415,2,1,3,0,0.0,closed,True,True
11412,106,4,11,18,18.0,closed,True,True
11410,6,0,3,0,0.0,closed,True,True
11408,0,1,0,0,0.0,closed,True,True
11403,118,5,7,0,0.0,open,False,False
11402,45,6,0,17,5.666666666666667,closed,True,True
11397,111,111,2,0,0.0,closed,True,True
11394,5,104,0,0,0.0,closed,True,True
11393,6,0,0,0,0.0,closed,True,True
11390,25,1,5,2,0.6666666666666666,closed,True,True
11389,16,0,0,11,11.0,closed,True,True
11384,8,4,1,0,0.0,closed,True,True
11381,7,0,1,0,0.0,closed,True,True
11376,25,6,6,4,4.0,closed,True,True
11372,670,659,1,0,0.0,closed,True,True
11371,385,234,3,14,7.0,closed,True,True
11370,6,24,0,1,0.5,closed,True,True
11369,36,20,3,10,2.0,closed,True,True
11363,9,12,2,1,1.0,closed,True,True
11362,92,79,1,0,0.0,closed,True,True
11351,1193,837,2,1,0.043478260869565216,closed,True,True
11350,1346,66,58,56,4.0,closed,True,True
11349,354,237,1,15,7.5,closed,True,True
11348,24,21,0,1,0.5,closed,True,True
11345,28266,28480,2,0,0.0,closed,True,True
11342,241,23,9,0,0.0,open,False,False
11341,36,32,0,0,0.0,closed,True,True
11340,1,1,0,0,0.0,closed,True,True
11339,2,0,4,3,1.0,closed,False,False
11335,272,102,15,85,21.25,closed,True,True
11334,1,3,6,4,4.0,closed,True,True
11332,0,240,0,0,0.0,closed,True,True
11330,22,23,1,0,0.0,closed,True,True
11327,678,314,1,5,1.6666666666666667,closed,True,True
11326,10,7,0,0,0.0,closed,True,True
11325,90,76,1,1,0.5,closed,True,True
11324,74,105,0,0,0.0,closed,True,True
11323,5,20,0,0,0.0,closed,True,True
11321,119,84,0,6,0.8571428571428571,open,False,False
11320,9,6,7,2,1.0,closed,True,True
11316,19,16,0,0,0.0,closed,False,False
11314,19,17,0,2,2.0,closed,True,True
11313,38,1,8,3,3.0,closed,True,True
11309,13,24,0,4,4.0,closed,True,True
11308,1092,1090,5,7,1.75,closed,True,True
11307,75,67,11,0,0.0,closed,True,True
11306,11,2,0,0,0.0,closed,True,True
11305,71,9,1,2,2.0,closed,True,True
11294,16,1,6,0,0.0,closed,True,True
11293,0,0,4,0,0.0,closed,False,False
11290,10,0,2,4,4.0,closed,True,True
11289,1,0,0,0,0.0,closed,True,True
11288,57,4,1,2,2.0,closed,True,True
11287,4,1,0,0,0.0,closed,True,True
11284,3370,3355,4,17,3.4,closed,True,True
11283,4,3,4,0,0.0,closed,True,True
11281,498,81,3,54,27.0,closed,True,True
11279,58,87,1,5,5.0,closed,True,True
11278,122,25,3,18,6.0,closed,False,False
11277,24,1,2,0,0.0,closed,True,True
11276,1008,1006,4,7,7.0,closed,True,True
11275,234,47,31,36,7.2,closed,True,True
11273,174,179,5,54,6.0,closed,False,False
11272,461,388,1,0,0.0,closed,True,True
11271,40,13,0,2,2.0,closed,True,True
11270,173,160,5,14,14.0,closed,True,True
11269,790,472,11,40,13.333333333333334,closed,True,True
11268,260,180,7,61,30.5,closed,True,True
11267,218,145,3,12,4.0,closed,True,True
11266,16,11,2,10,2.5,closed,True,True
11264,73,29,5,41,41.0,closed,True,True
11256,1,0,1,0,0.0,closed,True,True
11254,14,32,8,2,1.0,closed,True,True
11251,431,221,1,39,9.75,closed,True,True
11250,4905,47460,0,0,0.0,closed,True,True
11249,221,429,1,7,7.0,closed,True,True
11247,30,10,1,4,2.0,closed,True,True
11245,344,275,0,2,0.6666666666666666,closed,True,True
11243,38,36,1,1,0.5,closed,True,True
11242,677,513,3,40,20.0,closed,True,True
11240,41,33,23,13,13.0,closed,True,True
11239,310,23,41,156,39.0,closed,True,True
11238,1,1,0,0,0.0,closed,True,True
11235,157,125,1,5,5.0,closed,True,True
11234,73,9,1,0,0.0,closed,True,True
11233,430,546,0,5,1.25,closed,True,True
11232,6,4,0,3,3.0,closed,True,True
11231,98,105,23,3,1.0,closed,True,True
11230,92,85,1,6,6.0,closed,False,False
11225,238,270,3,29,2.6363636363636362,closed,True,True
11224,11,24,0,0,0.0,closed,True,True
11223,30,53,0,11,11.0,closed,True,True
11222,1,60,0,3,1.5,closed,True,True
11219,11,0,3,0,0.0,closed,True,True
11218,28,15,1,0,0.0,closed,True,True
11215,264,225,3,10,3.3333333333333335,closed,True,True
11210,5,0,4,1,0.5,open,False,False
11208,106,278,2,11,3.6666666666666665,closed,True,True
11206,145,37,3,9,2.25,closed,True,True
11205,91,72,0,11,3.6666666666666665,open,False,False
11203,1,8,1,0,0.0,closed,True,True
11202,20,21,0,0,0.0,closed,True,True
11201,1,0,1,0,0.0,closed,True,True
11199,11,0,7,3,3.0,closed,True,True
11197,95,37,6,39,39.0,closed,True,True
11194,306,91,5,18,9.0,closed,True,True
11193,13,0,1,2,2.0,closed,False,False
11192,39,1,0,0,0.0,closed,True,True
11191,52,11,0,7,1.75,closed,True,True
11187,26,4,0,10,10.0,closed,True,True
11186,328,265,13,27,9.0,closed,True,True
11184,1,0,1,1,1.0,closed,True,True
11183,75,5,19,12,12.0,open,False,False
11182,179,6,11,11,11.0,open,False,False
11181,0,1,0,0,0.0,closed,True,True
11177,508,517,0,3,1.5,closed,True,True
11175,15,10,0,10,2.5,closed,True,True
11174,83,54,8,0,0.0,closed,True,True
11173,15,13,2,0,0.0,closed,False,False
11171,10,18,0,9,3.0,closed,True,True
11170,47,41,0,8,4.0,closed,True,True
11169,5,4,0,0,0.0,closed,True,True
11167,23,16,0,2,0.6666666666666666,closed,True,True
11163,38,13,0,14,4.666666666666667,open,False,False
11162,138,88,8,0,0.0,closed,True,True
11161,10,1,6,2,0.5,closed,True,True
11160,9,7,0,0,0.0,closed,True,True
11159,4,0,0,0,0.0,closed,True,True
11158,316,333,3,2,0.18181818181818182,closed,True,True
11157,5,1,0,0,0.0,closed,True,True
11155,102,36,0,0,0.0,closed,False,False
11152,298,417,2,4,2.0,closed,True,True
11149,174,179,0,6,3.0,closed,True,True
11146,180,8,15,35,7.0,open,False,False
11144,6,2,1,0,0.0,closed,True,True
11142,517,582,6,41,20.5,closed,True,True
11141,11,11,1,0,0.0,closed,True,True
11138,184,10,0,0,0.0,closed,False,False
11137,207,289,2,51,10.2,closed,True,True
11136,108,89,0,10,5.0,closed,True,True
11134,2,2,4,0,0.0,closed,True,True
11131,126,109,1,4,2.0,closed,True,True
11130,33,33,0,0,0.0,closed,True,True
11126,1,1,4,0,0.0,closed,True,True
11123,19,36,0,2,1.0,closed,True,True
11121,1,0,0,0,0.0,closed,True,True
11120,6,0,8,0,0.0,closed,True,True
11119,1,1,0,0,0.0,closed,True,True
11114,1,1,0,0,0.0,closed,True,True
11113,129,173,8,14,7.0,closed,True,True
11112,1,1,1,0,0.0,closed,True,True
11109,11,1,7,3,1.0,closed,True,True
11105,1696,0,31,9,0.36,closed,True,True
11102,315,143,13,34,6.8,closed,True,True
11101,241,179,5,4,0.8,closed,True,True
11090,1,0,0,0,0.0,closed,True,True
11089,13,5,0,0,0.0,closed,True,True
11081,10,0,1,0,0.0,closed,True,True
11078,77,6,4,0,0.0,closed,False,False
11074,113,0,18,21,7.0,closed,True,True
11070,7,7,0,3,3.0,closed,True,True
11069,57,56,15,0,0.0,closed,True,True
11068,468,562,0,15,2.5,closed,True,True
11067,15,18,0,10,10.0,closed,True,True
11062,29,8,2,5,5.0,closed,True,True
11060,293,2,7,27,27.0,open,False,False
11059,405,17,3,10,10.0,closed,True,True
11057,15,2,6,1,0.3333333333333333,closed,True,True
11056,60,60,0,0,0.0,closed,True,True
11055,11,2,2,1,1.0,closed,False,False
11053,15,10,12,17,17.0,closed,True,True
11052,28,0,0,4,0.8,closed,True,True
11051,0,51,0,0,0.0,closed,True,True
11049,1,1,0,6,2.0,closed,True,True
11048,3,32,5,0,0.0,closed,False,False
11046,70,1,5,28,1.5555555555555556,closed,True,True
11042,14975,1,6,1,0.2,closed,True,True
11041,0,0,0,0,0,closed,False,False
11040,2,0,1,2,2.0,closed,False,False
11038,20,6,1,0,0.0,closed,True,True
11036,2646,381,5,0,0.0,closed,False,False
11035,60,37,6,11,2.2,closed,True,True
11033,131,15,9,22,2.75,closed,True,True
11031,12,4,1,5,2.5,closed,True,True
11030,2,2,0,0,0.0,closed,True,True
11025,126,77,2,5,1.25,closed,True,True
11024,75,75,0,0,0.0,closed,True,True
11020,22,4,10,3,0.75,closed,True,True
11018,3,4,3,0,0.0,closed,True,True
11016,3,1,1,7,3.5,closed,True,True
11014,8,10,0,3,1.5,closed,True,True
11011,77,18,1,14,2.8,closed,True,True
11010,14,18,3,10,2.0,closed,True,True
11009,83,83,3,4,2.0,closed,True,True
11008,10,10,0,0,0.0,closed,True,True
11007,17,11,4,4,2.0,closed,True,True
11006,0,372,0,7,3.5,closed,False,False
11005,4,4,0,0,0.0,closed,True,True
11004,2,1,0,0,0.0,closed,True,True
11003,5,4,0,0,0.0,closed,True,True
10999,18,18,0,1,0.5,closed,True,True
10998,2,1,0,0,0.0,closed,True,True
10997,1,1,3,0,0.0,closed,True,True
10996,4,4,0,0,0.0,closed,True,True
10995,1,0,0,0,0.0,closed,True,True
10994,1,1,1,1,1.0,closed,False,False
10993,1820,2043,8,3,1.5,closed,True,True
10988,2,0,1,0,0.0,closed,False,False
10982,9,3,0,0,0.0,closed,True,True
10980,327,110,9,11,1.8333333333333333,closed,True,True
10979,37,19,10,16,2.6666666666666665,closed,True,True
10978,2,5,4,0,0.0,closed,True,True
10977,3,1,0,0,0.0,closed,True,True
10968,389,79,12,2,0.6666666666666666,closed,True,True
10966,3,3,3,0,0.0,closed,True,True
10964,5,3,1,3,1.5,closed,True,True
10961,309,27,0,10,3.3333333333333335,closed,True,True
10960,133,165,9,17,5.666666666666667,closed,True,True
10956,0,115,2,0,0.0,closed,True,True
10953,21,22,3,0,0.0,closed,True,True
10948,62,70,2,9,3.0,closed,True,True
10945,3,3,0,0,0.0,closed,True,True
10944,51,56,7,2,0.5,closed,True,True
10943,5,10,0,3,3.0,closed,True,True
10940,12,4,1,0,0.0,closed,False,False
10938,1,1,0,0,0.0,closed,True,True
10937,79,4,0,0,0.0,closed,True,True
10935,15,6,1,0,0.0,closed,True,True
10934,14,1,0,0,0.0,closed,True,True
10930,211,167,1,9,1.125,closed,True,True
10928,5,16,0,0,0.0,closed,True,True
10925,1,0,0,0,0.0,closed,True,True
10924,56,1,5,0,0.0,closed,True,True
10923,0,5,5,0,0.0,closed,True,True
10922,1,1,0,0,0.0,closed,True,True
10920,12,2,0,0,0.0,closed,True,True
10918,26,18,3,0,0.0,closed,True,True
10915,0,0,0,16,0,closed,False,False
10910,8,0,0,0,0.0,closed,True,True
10908,66,21,8,2,2.0,closed,True,True
10906,341,119,36,35,5.833333333333333,open,False,False
10903,142,119,4,9,0.9,closed,True,True
10902,6,6,0,0,0.0,closed,False,False
10893,20,59,12,9,4.5,closed,True,True
10891,12,0,0,3,3.0,closed,True,True
10890,1,1,0,0,0.0,closed,True,True
10889,3,3,5,0,0.0,closed,False,False
10887,68,28,3,5,1.25,closed,True,True
10886,9,3,0,0,0.0,closed,True,True
10885,36,21,4,13,13.0,closed,True,True
10884,8,0,0,8,8.0,closed,True,True
10881,40,42,0,6,2.0,closed,True,True
10880,1,1,2,0,0.0,closed,True,True
10879,6,1,9,7,3.5,closed,True,True
10878,46,24,0,13,6.5,closed,True,True
10877,1,1,0,0,0.0,closed,True,True
10871,19,22,4,0,0.0,closed,True,True
10870,165,183,10,11,11.0,closed,True,True
10869,35,14,0,3,3.0,closed,True,True
10868,722,204,1,3,1.0,closed,True,True
10866,400,298,6,2,2.0,open,False,False
10864,191,93,5,14,2.8,closed,True,True
10863,4,4,5,0,0.0,closed,True,True
10858,1,1,3,0,0.0,closed,True,True
10857,3,3,1,0,0.0,closed,True,True
10854,22,1,1,0,0.0,closed,True,True
10853,22,11,0,0,0.0,closed,True,True
10852,466,68,6,8,0.8888888888888888,closed,True,True
10851,447,237,7,14,7.0,closed,True,True
10850,1,1,2,0,0.0,closed,True,True
10849,8,4,2,3,1.0,closed,True,True
10848,14,2,0,0,0.0,closed,True,True
10847,19,9,4,0,0.0,closed,True,True
10846,322,191,19,45,3.75,closed,True,True
10843,27,7,8,3,1.5,closed,True,True
10842,75,39,1,4,0.6666666666666666,closed,True,True
10840,31,21,5,9,9.0,closed,True,True
10839,29,3,1,1,0.5,closed,True,True
10838,1,1,0,0,0.0,closed,True,True
10837,36,12,0,2,0.6666666666666666,closed,True,True
10836,11,5,0,4,2.0,closed,True,True
10835,7,1,0,0,0.0,closed,True,True
10834,15,0,0,0,0.0,closed,True,True
10832,151,21,0,7,2.3333333333333335,closed,True,True
10831,17,64,5,0,0.0,closed,True,True
10829,6,6,0,0,0.0,closed,True,True
10828,709,191,14,67,16.75,closed,True,True
10827,1,0,1,0,0.0,closed,True,True
10825,173,0,2,3,3.0,closed,True,True
10824,163,35,9,0,0.0,closed,False,False
10802,11,18,6,2,1.0,closed,True,True
10799,81,45,5,25,25.0,closed,True,True
10796,144,31,13,5,1.6666666666666667,closed,True,True
10793,6,2,2,8,2.6666666666666665,closed,True,True
10791,2,1,0,0,0.0,closed,True,True
10783,3,2,5,3,3.0,closed,True,True
10781,4,4,0,0,0.0,closed,True,True
10778,528,16,25,13,2.6,closed,False,False
10775,5,2,7,1,1.0,closed,False,False
10770,48,48,0,0,0.0,closed,True,True
10769,46,46,0,0,0.0,closed,False,False
10768,11,11,0,0,0.0,closed,True,True
10767,44,44,0,0,0.0,closed,False,False
10766,10,10,0,0,0.0,closed,False,False
10765,7,7,0,0,0.0,closed,False,False
10764,43,43,0,0,0.0,closed,False,False
10763,42,42,0,0,0.0,closed,False,False
10762,41,41,0,0,0.0,closed,False,False
10761,41,41,0,0,0.0,closed,False,False
10760,41,41,0,0,0.0,closed,False,False
10759,41,41,0,0,0.0,closed,False,False
10758,39,39,0,0,0.0,closed,False,False
10757,39,39,0,0,0.0,closed,False,False
10756,38,38,0,0,0.0,closed,False,False
10755,38,38,0,0,0.0,closed,False,False
10754,38,38,0,0,0.0,closed,False,False
10753,37,37,0,0,0.0,closed,False,False
10752,34,34,0,0,0.0,closed,False,False
10751,33,33,0,0,0.0,closed,False,False
10750,4,4,0,0,0.0,closed,False,False
10749,31,31,0,0,0.0,closed,False,False
10748,28,28,0,0,0.0,closed,False,False
10747,27,27,0,0,0.0,closed,False,False
10746,24,24,0,0,0.0,closed,False,False
10745,22,22,0,0,0.0,closed,False,False
10744,21,21,0,0,0.0,closed,False,False
10743,73,26,3,19,3.8,closed,True,True
10742,3,13,1,3,0.5,closed,True,True
10737,39,17,0,2,0.5,closed,True,True
10732,484,335,1,13,4.333333333333333,closed,True,True
10730,66,19,5,0,0.0,closed,True,True
10727,26,37,2,8,8.0,closed,True,True
10718,4,1,0,0,0.0,closed,True,True
10716,12,17,0,0,0.0,closed,True,True
10715,19,0,1,0,0.0,closed,True,True
10714,7,8,0,0,0.0,closed,True,True
10713,11,3,0,0,0.0,closed,True,True
10712,26,13,3,3,1.5,closed,True,True
10710,19,1,15,0,0.0,open,False,False
10702,9,2,0,0,0.0,closed,True,True
10699,241,106,18,1,0.3333333333333333,closed,True,True
10697,58,78,4,0,0.0,closed,True,True
10695,8,1,7,1,1.0,closed,False,False
10688,52,7,3,0,0.0,closed,True,True
10686,1,1,0,0,0.0,closed,True,True
10685,33,4,0,0,0.0,closed,True,True
10684,14,11,0,0,0.0,closed,True,True
10681,1,0,0,0,0.0,closed,True,True
10680,2,9,9,0,0.0,closed,False,False
10679,28,37,3,1,0.5,closed,True,True
10673,83,32,13,2,2.0,closed,True,True
10671,44,27,3,0,0.0,closed,True,True
10668,4,0,1,0,0.0,closed,True,True
10664,1,2,1,1,0.5,closed,True,True
10663,0,1,6,0,0.0,closed,True,True
10649,218,7,19,30,30.0,closed,True,True
10648,7,8,2,0,0.0,closed,True,True
10647,1202,801,5,1,0.3333333333333333,closed,True,True
10637,1289,54,14,3,1.0,closed,True,True
10635,2,1,4,0,0.0,closed,False,False
10622,10,8,0,0,0.0,closed,False,False
10621,54,0,2,0,0.0,closed,True,True
10618,21,22,9,30,30.0,closed,True,True
10617,74,0,0,0,0.0,closed,True,True
10616,74,0,0,0,0.0,closed,True,True
10615,1507,0,0,0,0.0,closed,False,False
10614,74,0,0,0,0.0,closed,True,True
10613,5,2,0,4,4.0,closed,True,True
10607,7,2,16,0,0.0,closed,True,True
10604,22,2,0,3,0.75,closed,True,True
10601,2,1,3,0,0.0,closed,True,True
10594,39,477,0,0,0.0,closed,True,True
10593,36,474,0,0,0.0,closed,True,True
10592,36,474,0,0,0.0,closed,True,True
10591,1433,0,0,0,0.0,closed,False,False
10590,1,1,1,0,0.0,closed,True,True
10587,25,22,0,3,0.75,closed,True,True
10585,9,9,10,0,0.0,closed,False,False
10581,91,1365,7,9,9.0,closed,True,True
10574,1,1,1,0,0.0,closed,False,False
10573,1,1,2,0,0.0,closed,False,False
10572,1,1,2,0,0.0,closed,False,False
10559,95,31,4,8,4.0,closed,True,True
10556,268,159,10,19,3.8,closed,True,True
10548,6,4,8,0,0.0,closed,True,True
10546,49,3,1,9,9.0,closed,True,True
10545,143,3,2,20,20.0,closed,True,True
10544,74,16,4,3,1.0,closed,True,True
10538,9,0,8,0,0.0,closed,True,True
10534,1,1,3,1,1.0,closed,True,True
10533,1,0,1,0,0.0,closed,True,True
10532,5,2,6,0,0.0,closed,True,True
10526,1,1,0,0,0.0,closed,True,True
10525,8,0,0,3,1.5,closed,True,True
10524,99,1,23,10,1.4285714285714286,closed,True,True
10521,27,22,1,2,2.0,closed,True,True
10516,15,14,2,0,0.0,closed,True,True
10515,2,0,2,0,0.0,closed,True,True
10512,271,108,0,0,0.0,closed,True,True
10487,1,0,0,0,0.0,closed,True,True
10484,10,3,12,7,2.3333333333333335,closed,True,True
10482,93,24,6,0,0.0,closed,True,True
10480,1,1,0,0,0.0,closed,True,True
10477,2,1,2,4,1.3333333333333333,closed,True,True
10475,8,6,0,0,0.0,closed,True,True
10473,5469,2478,25,67,5.153846153846154,open,False,False
10466,9,4,2,8,2.6666666666666665,closed,True,True
10460,70,0,0,0,0.0,closed,True,True
10456,5,0,2,0,0.0,closed,True,True
10455,1,12,0,0,0.0,closed,True,True
10454,35,20,0,0,0.0,closed,True,True
10453,7,18,11,5,0.8333333333333334,closed,True,True
10452,20,11,0,0,0.0,closed,True,True
10451,5,3,1,4,2.0,closed,True,True
10445,4,11,1,0,0.0,closed,True,True
10438,102,0,11,10,1.6666666666666667,closed,True,True
10436,198,1,14,22,22.0,closed,True,True
10434,33,3,14,13,6.5,closed,True,True
10431,17,13,2,0,0.0,closed,True,True
10422,55,2,5,0,0.0,closed,True,True
10421,292,178,9,4,1.0,closed,True,True
10418,1,1,0,0,0.0,closed,True,True
10402,6,6,2,9,4.5,closed,True,True
10400,31,2,1,3,1.5,closed,True,True
10396,4,2,13,1,0.5,closed,True,True
10394,23,0,0,0,0.0,closed,True,True
10393,7,0,0,0,0.0,closed,True,True
10390,1,1,0,0,0.0,closed,True,True
10389,110,57,20,38,6.333333333333333,closed,True,True
10388,5,5,0,0,0.0,closed,True,True
10380,3,12,0,0,0.0,closed,True,True
10378,37,1,4,6,6.0,closed,True,True
10357,217,168,10,9,9.0,closed,True,True
10355,34,1,8,2,2.0,closed,True,True
10353,130,22,20,32,6.4,closed,True,True
10346,2,6,4,11,11.0,closed,True,True
10344,23,8,3,1,1.0,closed,False,False
10342,2,2,2,0,0.0,closed,False,False
10341,2,1,1,0,0.0,closed,True,True
10340,15,15,0,2,2.0,closed,True,True
10339,4,3,2,0,0.0,closed,True,True
10338,2,2,4,9,9.0,closed,True,True
10335,3,2,4,0,0.0,closed,True,True
10316,7,2,1,3,3.0,closed,True,True
10309,4,4,1,1,0.3333333333333333,closed,True,True
10308,1212,117,1,0,0.0,closed,False,False
10307,1132,60,53,28,5.6,closed,True,True
10306,5,0,0,0,0.0,closed,True,True
10303,9,5,1,0,0.0,closed,True,True
10298,5,4,0,0,0.0,closed,True,True
10297,3,44,11,5,5.0,closed,True,True
10296,74,4,0,0,0.0,closed,True,True
10295,11,4,1,0,0.0,closed,True,True
10294,11,5,2,13,13.0,closed,True,True
10293,34,1,2,3,3.0,closed,True,True
10292,74,7,7,7,7.0,open,False,False
10291,14,15,4,3,3.0,closed,True,True
10290,11,13,1,6,6.0,closed,True,True
10289,27,3,0,0,0.0,closed,True,True
10286,1,1,8,0,0.0,closed,True,True
10285,24,9,2,2,2.0,closed,True,True
10283,12,5,17,0,0.0,closed,True,True
10282,164,47,0,4,1.3333333333333333,closed,True,True
10280,1,1,0,0,0.0,closed,True,True
10277,90,2,0,2,1.0,closed,True,True
10275,9,4,0,0,0.0,closed,True,True
10273,157,0,12,0,0.0,closed,True,True
10272,38,38,4,0,0.0,closed,True,True
10270,1869,0,0,0,0.0,closed,True,True
10269,1871,0,0,0,0.0,closed,True,True
10268,1871,0,0,0,0.0,closed,True,True
10267,9,9,0,0,0.0,closed,True,True
10266,1863,0,0,0,0.0,closed,True,True
10265,1871,0,0,0,0.0,closed,True,True
10264,1871,0,0,0,0.0,closed,True,True
10263,38,38,0,0,0.0,closed,True,True
10262,92,70,5,15,7.5,closed,True,True
10261,2,15,0,20,20.0,closed,True,True
10260,47,52,5,17,3.4,closed,True,True
10259,2,1,1,0,0.0,closed,True,True
10258,873,334,16,45,11.25,closed,True,True
10253,1,0,1,0,0.0,closed,True,True
10252,215,29,4,32,2.4615384615384617,closed,True,True
10249,36,130,0,0,0.0,closed,True,True
10248,4,0,0,3,3.0,closed,True,True
10245,13,4,1,2,0.5,closed,True,True
10244,130,73,4,2,2.0,closed,True,True
10243,734,3436,2,0,0.0,closed,True,True
10240,210,101,7,15,15.0,closed,True,True
10239,41,15,0,7,7.0,closed,True,True
10235,0,45,6,0,0.0,closed,False,False
10234,43,28,6,0,0.0,closed,True,True
10233,439,471,13,0,0.0,closed,True,True
10232,136,152,4,0,0.0,closed,True,True
10229,7,7,4,2,2.0,closed,True,True
10228,153,82,12,2,1.0,closed,True,True
10227,5,2,0,3,1.5,closed,True,True
10224,180,285,4,7,7.0,closed,True,True
10222,13,1,5,1,0.3333333333333333,closed,True,True
10220,1,1,2,2,2.0,closed,False,False
10218,13,7,10,5,2.5,closed,True,True
10217,20,92,4,0,0.0,closed,True,True
10216,2,0,2,1,1.0,closed,True,True
10212,75,0,6,7,7.0,closed,True,True
10210,4,1,0,1,0.3333333333333333,closed,True,True
10209,59,1,0,1,1.0,closed,True,True
10208,1,1,6,0,0.0,closed,True,True
10205,997,728,7,21,21.0,closed,True,True
10203,95,65,0,6,2.0,closed,True,True
10199,42,26,2,7,2.3333333333333335,closed,True,True
10197,17,3,1,5,1.0,closed,True,True
10194,38,0,8,14,2.8,closed,False,False
10193,15,1,8,7,3.5,closed,True,True
10191,46,0,3,13,6.5,closed,True,True
10190,4,0,0,0,0.0,closed,True,True
10189,360,221,29,5,5.0,closed,True,True
10188,2,0,0,0,0.0,closed,True,True
10183,30,14,5,6,6.0,closed,True,True
10180,5,3,22,1,0.25,closed,True,True
10172,110,92,1,4,4.0,closed,True,True
10169,14,0,3,0,0.0,closed,True,True
10168,19,20,0,1,1.0,closed,True,True
10164,6,2,0,0,0.0,closed,True,True
10163,7,5,0,2,1.0,closed,True,True
10161,4,5,1,0,0.0,closed,True,True
10159,16,105,5,4,1.0,closed,True,True
10156,895,800,2,0,0.0,closed,False,False
10154,3,1,0,2,1.0,closed,True,True
10153,11,0,6,1,0.3333333333333333,closed,True,True
10149,19,6,2,0,0.0,closed,True,True
10146,32,2,0,10,5.0,closed,True,True
10145,23,17,0,3,1.5,closed,True,True
10140,39,48,1,7,2.3333333333333335,closed,True,True
10139,111,4,0,0,0.0,closed,True,True
10138,506,98,12,25,25.0,closed,True,True
10137,2,3,2,0,0.0,closed,True,True
10136,28,4,5,0,0.0,closed,True,True
10135,16,5,1,2,1.0,closed,True,True
10130,106,95,1,3,1.5,closed,True,True
10129,138,76,3,15,7.5,closed,True,True
10128,6,5,0,0,0.0,closed,True,True
10127,139,38,8,10,3.3333333333333335,closed,True,True
10125,25,0,7,0,0.0,closed,True,True
10124,32,14,0,0,0.0,closed,True,True
10123,55,74,2,11,11.0,closed,True,True
10119,13,1,10,0,0.0,closed,True,True
10118,254,240,4,0,0.0,closed,True,True
10117,2,2,0,0,0.0,closed,True,True
10116,35,17,0,0,0.0,closed,True,True
10115,46,46,0,0,0.0,closed,False,False
10114,45,45,0,0,0.0,closed,False,False
10113,44,44,0,0,0.0,closed,False,False
10112,43,43,0,0,0.0,closed,False,False
10111,42,42,0,0,0.0,closed,False,False
10110,41,41,0,0,0.0,closed,False,False
10109,40,40,0,0,0.0,closed,False,False
10108,39,39,0,0,0.0,closed,False,False
10107,2,2,0,0,0.0,closed,False,False
10106,38,38,0,0,0.0,closed,False,False
10105,38,38,0,0,0.0,closed,False,False
10104,38,38,0,0,0.0,closed,False,False
10103,2,2,0,0,0.0,closed,False,False
10102,37,37,0,0,0.0,closed,False,False
10101,37,28,0,2,2.0,closed,True,True
10100,1,1,0,0,0.0,closed,False,False
10099,35,35,0,0,0.0,closed,False,False
10098,34,34,0,0,0.0,closed,False,False
10097,33,33,0,0,0.0,closed,False,False
10096,32,32,0,0,0.0,closed,False,False
10094,21,21,0,0,0.0,closed,True,True
10093,846,700,0,0,0.0,closed,True,True
10092,843,697,0,0,0.0,closed,False,False
10090,56,26,6,6,2.0,closed,True,True
10088,7,30,0,0,0.0,closed,True,True
10086,1,1,0,0,0.0,closed,True,True
10085,1,1,0,0,0.0,closed,True,True
10084,237,239,2,7,2.3333333333333335,closed,True,True
10083,10,4,3,0,0.0,closed,True,True
10082,3,1,0,0,0.0,closed,True,True
10079,2,3,9,0,0.0,closed,True,True
10076,37,9,3,3,1.0,closed,True,True
10073,0,1,0,0,0.0,closed,True,True
10072,71,41,7,3,1.0,closed,True,True
10070,12629,0,0,0,0.0,closed,False,False
10069,782,1937,0,0,0.0,closed,False,False
10068,12642,0,0,0,0.0,closed,False,False
10067,12375,0,0,0,0.0,closed,False,False
10066,12630,0,0,0,0.0,closed,False,False
10065,12681,0,0,0,0.0,closed,False,False
10064,419,1725,0,0,0.0,closed,False,False
10063,417,1595,0,0,0.0,closed,False,False
10062,415,1593,0,0,0.0,closed,False,False
10061,11915,0,0,0,0.0,closed,False,False
10060,460,1493,0,0,0.0,closed,False,False
10059,441,1743,0,0,0.0,closed,False,False
10058,446,1689,0,0,0.0,closed,False,False
10057,436,1616,0,0,0.0,closed,False,False
10056,616,1818,0,0,0.0,closed,False,False
10055,1879,0,0,0,0.0,closed,False,False
10054,25,25,0,0,0.0,closed,False,False
10053,1879,0,0,0,0.0,closed,False,False
10052,1869,0,0,0,0.0,closed,False,False
10051,1878,0,0,0,0.0,closed,False,False
10050,1869,0,0,0,0.0,closed,False,False
10049,1871,0,0,0,0.0,closed,False,False
10048,29,29,0,0,0.0,closed,False,False
10047,1844,0,0,0,0.0,closed,False,False
10046,1842,0,0,0,0.0,closed,False,False
10045,18,18,0,0,0.0,closed,False,False
10044,18,18,0,0,0.0,closed,False,False
10043,161,23,0,0,0.0,closed,False,False
10042,21,21,0,0,0.0,closed,False,False
10041,25,24,0,0,0.0,closed,False,False
10040,27,26,0,0,0.0,closed,False,False
10039,22,22,0,0,0.0,closed,False,False
10038,1817,0,0,0,0.0,closed,False,False
10030,96,84,11,18,18.0,closed,True,True
10028,13,15,3,4,4.0,closed,False,False
10027,12,3,0,0,0.0,closed,True,True
10026,7,8,0,0,0.0,closed,True,True
10021,8,1,2,0,0.0,closed,True,True
10011,24,9,0,0,0.0,closed,True,True
10005,29,2,2,5,0.7142857142857143,closed,True,True
10003,107,2,5,4,2.0,closed,True,True
10001,25,18,5,6,6.0,closed,False,False
9992,5,4,3,0,0.0,closed,True,True
9989,4,7,0,0,0.0,closed,True,True
9985,17,3,0,0,0.0,closed,True,True
9983,2,1,5,0,0.0,closed,True,True
9982,4,1,2,0,0.0,closed,True,True
9981,0,2,0,0,0.0,closed,True,True
9975,2581,2315,3,0,0.0,closed,True,True
9970,26,22,0,0,0.0,closed,True,True
9968,180,11,0,0,0.0,closed,True,True
9967,674,622,1,0,0.0,closed,True,True
9966,1,3,5,4,4.0,closed,True,True
9965,204,552,0,0,0.0,closed,True,True
9963,882,0,1,1,1.0,closed,True,True
9962,5,3,0,0,0.0,closed,True,True
9961,48,50,6,2,1.0,closed,True,True
9960,4,82,9,0,0.0,closed,True,True
9958,107,76,0,25,25.0,closed,True,True
9956,46,14,1,2,1.0,closed,True,True
9951,4,3,2,1,1.0,closed,False,False
9949,5,1,1,0,0.0,closed,True,True
9948,441,234,23,56,28.0,closed,True,True
9947,7,7,2,4,4.0,closed,True,True
9943,438,64,2,0,0.0,closed,True,True
9942,10,22,5,1,0.5,closed,True,True
9936,5,2,0,0,0.0,closed,True,True
9933,4,0,2,0,0.0,closed,True,True
9932,3,4,1,0,0.0,closed,True,True
9931,25,17,2,7,1.75,closed,True,True
9930,2,3,1,0,0.0,closed,True,True
9925,49,29,4,4,4.0,closed,True,True
9924,8,5,3,2,0.6666666666666666,closed,True,True
9923,4,0,0,1,0.5,closed,True,True
9919,37,26,1,0,0.0,closed,True,True
9917,2,3,0,0,0.0,closed,True,True
9912,9,6,6,0,0.0,closed,True,True
9908,85,14,8,5,2.5,closed,True,True
9907,28,24,6,2,0.6666666666666666,closed,False,False
9906,5,2,1,12,6.0,closed,False,False
9905,14,14,0,0,0.0,closed,True,True
9904,2,4,0,0,0.0,closed,True,True
9903,11,26,0,10,5.0,closed,True,True
9900,71,98,1,1,1.0,closed,True,True
9898,136,118,1,10,3.3333333333333335,closed,True,True
9897,12,15,0,0,0.0,closed,True,True
9896,60,47,0,8,8.0,closed,True,True
9890,4,4,0,0,0.0,closed,True,True
9888,85,114,1,21,10.5,closed,True,True
9887,45,0,11,2,1.0,closed,True,True
9886,83,92,0,2,1.0,closed,True,True
9885,41,35,0,2,2.0,closed,True,True
9879,18,11,3,0,0.0,closed,True,True
9878,48,7,1,8,4.0,closed,True,True
9871,24,43,2,2,2.0,closed,True,True
9866,39,4,1,8,4.0,closed,False,False
9864,265,276,14,28,28.0,closed,True,True
9862,42,6,7,11,11.0,closed,True,True
9860,112,67,21,1,0.07692307692307693,closed,True,True
9856,58,170,7,7,3.5,closed,True,True
9855,81,137,3,0,0.0,closed,True,True
9853,216,209,11,19,1.7272727272727273,closed,False,False
9848,81,6,1,7,1.75,closed,True,True
9846,8,4,2,0,0.0,closed,True,True
9842,27,8,4,12,12.0,closed,True,True
9841,2,1,2,2,2.0,closed,True,True
9833,112,63,12,18,18.0,closed,True,True
9832,12,9,0,1,1.0,closed,True,True
9831,63,15,2,4,1.3333333333333333,closed,True,True
9829,8,11,0,4,4.0,closed,True,True
9828,90,25,2,16,5.333333333333333,closed,True,True
9827,53,19,2,14,2.8,closed,True,True
9826,14,11,1,2,2.0,closed,True,True
9820,504,91,5,4,1.0,closed,False,False
9819,89,15,5,4,4.0,closed,True,True
9817,48,26,3,0,0.0,closed,True,True
9816,66,44,3,10,10.0,closed,True,True
9815,35,6,2,0,0.0,closed,True,True
9808,34,13,0,0,0.0,closed,True,True
9807,137,25,18,16,8.0,closed,True,True
9806,35,10,5,0,0.0,closed,True,True
9805,182,46,12,3,0.6,closed,True,True
9804,100,20,21,0,0.0,closed,True,True
9803,56,51,0,0,0.0,closed,True,True
9801,402,0,2,0,0.0,closed,True,True
9800,10,70,2,0,0.0,closed,True,True
9799,63,42,0,6,1.5,closed,True,True
9798,66,23,1,0,0.0,closed,True,True
9797,2,3,0,0,0.0,closed,True,True
9795,56,46,8,2,1.0,closed,True,True
9794,24,8,6,1,1.0,closed,False,False
9793,1,1,0,0,0.0,closed,True,True
9791,11,38,1,0,0.0,closed,True,True
9790,8,5,0,4,2.0,closed,True,True
9789,23,20,5,2,2.0,closed,True,True
9788,18,3,0,6,3.0,closed,True,True
9787,22,14,0,0,0.0,closed,True,True
9786,29,28,2,6,6.0,closed,True,True
9785,856,198,14,15,3.75,closed,True,True
9784,19,37,2,0,0.0,closed,True,True
9781,2,1,0,0,0.0,closed,True,True
9780,32,0,5,17,4.25,closed,True,True
9778,82,10,20,7,7.0,closed,True,True
9767,7,12,1,0,0.0,closed,True,True
9765,4,9,8,5,2.5,closed,True,True
9764,17,31,0,0,0.0,closed,True,True
9763,4,6,0,0,0.0,closed,True,True
9762,10,9,1,8,8.0,closed,True,True
9760,26,10,0,4,1.0,closed,True,True
9759,155,83,10,11,3.6666666666666665,closed,True,True
9757,52,23,1,0,0.0,closed,True,True
9753,7,0,0,0,0.0,closed,True,True
9749,6,3,0,0,0.0,closed,True,True
9748,50,30,15,3,1.5,closed,False,False
9747,12,1,0,1,1.0,closed,True,True
9745,4,3,0,0,0.0,closed,True,True
9744,9,2,4,1,0.5,closed,True,True
9735,163,35,6,16,16.0,closed,True,True
9734,40,84,3,8,2.0,closed,True,True
9733,11,3,0,0,0.0,closed,True,True
9732,1,1,0,0,0.0,closed,True,True
9729,76,59,2,18,18.0,closed,True,True
9728,259,137,3,10,2.5,closed,True,True
9727,11,5,1,5,1.6666666666666667,closed,True,True
9725,4,1,0,0,0.0,closed,True,True
9723,921,967,89,74,1.2333333333333334,closed,True,True
9722,1,0,0,0,0.0,closed,True,True
9721,18,18,2,0,0.0,closed,False,False
9720,422,43,18,6,6.0,closed,True,True
9719,0,0,1,0,0.0,closed,True,True
9718,8,2,13,0,0.0,closed,True,True
9708,6,0,0,2,2.0,closed,True,True
9704,314,1096,13,0,0.0,closed,True,True
9703,12,0,6,0,0.0,closed,False,False
9702,363,87,10,65,21.666666666666668,closed,True,True
9701,197,67,9,33,6.6,closed,False,False
9700,77,66,2,0,0.0,closed,True,True
9699,13,6,7,1,1.0,closed,True,True
9698,2,1,2,0,0.0,closed,True,True
9697,224,218,13,2,1.0,closed,False,False
9696,5,1,5,0,0.0,closed,True,True
9695,20,1,0,4,2.0,closed,True,True
9694,676,497,5,0,0.0,open,False,False
9693,63,63,2,0,0.0,closed,True,True
9687,44,6,3,2,2.0,closed,True,True
9686,21,4,6,3,3.0,closed,True,True
9685,0,19,1,1,1.0,closed,True,True
9684,0,4,2,0,0.0,closed,True,True
9683,0,2,0,0,0.0,closed,True,True
9682,35,35,0,0,0.0,closed,True,True
9680,102,392,1,10,5.0,closed,True,True
9679,16,16,0,0,0.0,closed,True,True
9678,8,7,2,0,0.0,closed,True,True
9673,5,1,3,4,2.0,closed,True,True
9672,2,2,2,0,0.0,closed,True,True
9671,17,0,2,2,2.0,closed,True,True
9666,44,10,3,0,0.0,closed,True,True
9665,7,2,1,0,0.0,closed,False,False
9664,8,3,5,0,0.0,closed,True,True
9663,307,548,9,11,5.5,closed,False,False
9661,8,7,1,0,0.0,closed,True,True
9655,394,218,9,2,1.0,closed,True,True
9652,1,1,5,0,0.0,closed,True,True
9650,12,13,2,10,3.3333333333333335,closed,True,True
9647,80,73,1,0,0.0,closed,False,False
9645,17,16,7,0,0.0,closed,True,True
9644,9,28,6,0,0.0,closed,False,False
9640,27,9,0,0,0.0,closed,True,True
9639,183,0,1,2,1.0,closed,True,True
9638,165,153,0,4,4.0,closed,True,True
9637,37,17,1,4,4.0,closed,False,False
9636,86,40,9,9,4.5,closed,False,False
9635,2,0,0,0,0.0,closed,True,True
9632,57,3,0,0,0.0,closed,True,True
9630,26,3,4,0,0.0,closed,True,True
9629,307,75,5,6,6.0,closed,True,True
9625,1,6,3,0,0.0,closed,True,True
9623,25,14,0,6,6.0,closed,True,True
9622,373,349,19,4,1.3333333333333333,closed,True,True
9621,589,512,9,20,3.3333333333333335,closed,True,True
9620,1,1,3,0,0.0,closed,True,True
9619,137,138,1,2,1.0,closed,True,True
9616,46,23,4,4,4.0,closed,True,True
9613,55,46,3,0,0.0,closed,False,False
9612,6,1,2,3,3.0,closed,False,False
9611,156,180,3,0,0.0,closed,True,True
9610,341,7,3,0,0.0,closed,False,False
9608,2,2,5,4,1.3333333333333333,closed,True,True
9607,18,19,0,0,0.0,closed,True,True
9603,18,17,11,0,0.0,closed,True,True
9593,615,487,5,0,0.0,closed,True,True
9591,2,2,2,1,0.5,closed,True,True
9590,132,25,0,0,0.0,closed,True,True
9589,24,5,0,0,0.0,closed,True,True
9586,24,5,0,1,1.0,closed,True,True
9585,30,15,7,0,0.0,closed,False,False
9583,7,1,0,0,0.0,closed,True,True
9580,1591,1116,29,25,8.333333333333334,closed,True,True
9566,132,26,8,6,3.0,closed,True,True
9564,61,26,1,7,7.0,closed,True,True
9562,92,95,0,0,0.0,closed,True,True
9561,31,21,0,0,0.0,closed,True,True
9557,29,7,2,1,1.0,closed,True,True
9555,151,3,11,25,25.0,closed,True,True
9553,146,22,3,1,0.5,closed,True,True
9551,6,1,0,3,3.0,closed,True,True
9550,65,2,0,0,0.0,closed,True,True
9546,223,85,13,25,8.333333333333334,closed,False,False
9542,5,0,0,0,0.0,closed,True,True
9541,27298,45298,0,0,0.0,closed,True,True
9540,17,25,1,0,0.0,closed,True,True
9539,211,209,19,0,0.0,closed,True,True
9528,420,85,13,3,0.42857142857142855,closed,True,True
9524,9,6,0,2,2.0,closed,True,True
9522,136,58,10,36,7.2,closed,True,True
9521,6,5,1,6,1.5,closed,True,True
9519,90,5,4,7,1.1666666666666667,closed,True,True
9518,2,1,0,0,0.0,closed,True,True
9508,71,17,0,0,0.0,closed,True,True
9505,1,2,1,0,0.0,closed,True,True
9503,28806,16,3,0,0.0,closed,True,True
9494,1,1,9,0,0.0,closed,True,True
9489,16,19,2,6,6.0,closed,False,False
9488,72,150,4,16,8.0,closed,True,True
9483,27,20,1,4,1.3333333333333333,closed,True,True
9478,5,13,3,0,0.0,closed,True,True
9477,27,13,1,1,0.3333333333333333,closed,True,True
9476,58,21,5,3,3.0,closed,False,False
9474,4,3,3,0,0.0,closed,True,True
9468,25,19,1,7,7.0,closed,True,True
9461,22,19,1,0,0.0,closed,True,True
9460,7,1,1,0,0.0,closed,True,True
9459,17,12,1,0,0.0,closed,True,True
9458,5,0,12,3,3.0,closed,False,False
9455,17,23,0,0,0.0,closed,True,True
9454,34,0,9,3,3.0,closed,True,True
9453,9,4,1,0,0.0,closed,True,True
9446,1130,957,7,8,0.5,closed,True,True
9445,246,82,4,8,1.6,closed,True,True
9444,18,18,0,3,1.5,closed,True,True
9443,29,22,0,1,0.5,closed,True,True
9432,9,25,5,2,2.0,closed,True,True
9430,27,9,0,0,0.0,closed,True,True
9426,133,59,2,16,16.0,closed,True,True
9425,31,31,2,2,0.4,closed,True,True
9424,186,41,10,32,4.571428571428571,closed,True,True
9420,66,11,3,6,3.0,closed,False,False
9416,27,9,0,6,3.0,closed,True,True
9413,190,152,7,18,9.0,closed,True,True
9412,87,59,2,2,2.0,open,False,False
9406,10,1,1,1,0.3333333333333333,closed,True,True
9398,2,1,0,0,0.0,closed,True,True
9397,86,3,6,29,1.16,closed,False,False
9396,19,25,0,2,1.0,closed,True,True
9393,113,63,21,35,35.0,closed,True,True
9392,52,8,8,2,2.0,closed,True,True
9389,2,2,0,0,0.0,closed,True,True
9387,91,22,3,3,3.0,closed,True,True
9386,15,114,5,4,4.0,closed,True,True
9385,1,5,1,2,2.0,closed,True,True
9384,1,0,0,0,0.0,closed,True,True
9380,331,212,17,35,35.0,closed,True,True
9374,31,9,0,0,0.0,closed,True,True
9372,310,239,7,17,4.25,closed,True,True
9371,116,394,0,0,0.0,closed,True,True
9369,1,6,2,0,0.0,closed,True,True
9361,7,2,4,0,0.0,closed,True,True
9359,68,55,5,21,7.0,closed,True,True
9358,45,1,2,0,0.0,closed,True,True
9357,2,0,0,0,0.0,closed,True,True
9356,1,1,0,0,0.0,closed,True,True
9351,1,1,0,0,0.0,closed,True,True
9350,2,0,0,0,0.0,closed,True,True
9346,501,0,0,0,0.0,closed,True,True
9344,0,37,6,0,0.0,closed,True,True
9342,35,1,0,3,3.0,closed,True,True
9337,502,1019,0,0,0.0,open,False,False
9336,21,31,1,7,2.3333333333333335,closed,True,True
9335,137,129,2,3,0.6,closed,True,True
9334,5,5,0,2,1.0,closed,True,True
9332,93,110,13,8,8.0,closed,True,True
9330,3,2,1,0,0.0,closed,True,True
9329,86,49,0,0,0.0,closed,True,True
9328,1,0,0,0,0.0,closed,False,False
9326,4,2,0,0,0.0,closed,True,True
9324,7,40,10,0,0.0,closed,True,True
9321,88,53,3,10,1.6666666666666667,closed,True,True
9320,1,1,6,0,0.0,closed,True,True
9318,25,1,0,0,0.0,closed,True,True
9317,55,142,6,18,18.0,closed,True,True
9315,90,14,1,0,0.0,closed,False,False
9314,1,1,1,0,0.0,closed,True,True
9313,4,2,1,0,0.0,closed,True,True
9311,3,2,5,0,0.0,closed,True,True
9310,1051,76,0,0,0.0,closed,True,True
9309,0,1,1,0,0.0,closed,True,True
9308,114,104,6,2,0.6666666666666666,closed,True,True
9306,57,3,10,28,5.6,closed,False,False
9305,4,2,7,2,1.0,closed,True,True
9303,1,1,1,0,0.0,closed,True,True
9301,27,2,6,9,1.8,closed,True,True
9300,72,61,2,0,0.0,closed,True,True
9299,90,90,1,0,0.0,closed,True,True
9289,25,1,3,0,0.0,closed,True,True
9286,70,17,3,2,0.5,closed,True,True
9285,61,61,1,7,3.5,closed,True,True
9284,8,11,0,8,4.0,closed,True,True
9282,61,58,0,3,1.5,closed,True,True
9281,59,49,2,0,0.0,closed,True,True
9277,37,39,2,0,0.0,closed,True,True
9274,24,9,0,2,1.0,closed,True,True
9272,27,26,2,0,0.0,closed,True,True
9268,3,3,3,0,0.0,closed,True,True
9266,155,45,1,0,0.0,closed,True,True
9265,27,26,0,0,0.0,closed,True,True
9264,11,311,0,0,0.0,closed,True,True
9256,25,81,2,2,2.0,closed,True,True
9254,221,88,18,22,7.333333333333333,closed,False,False
9253,6,3,0,0,0.0,closed,True,True
9252,51,10,0,0,0.0,closed,True,True
9250,23,22,0,0,0.0,closed,False,False
9246,12,0,4,4,1.3333333333333333,closed,True,True
9245,19,10,0,2,2.0,closed,True,True
9243,577,656,35,69,23.0,closed,True,True
9242,28,45,0,0,0.0,closed,True,True
9235,311,452,4,13,4.333333333333333,closed,True,True
9233,16,3,1,0,0.0,closed,True,True
9231,8,14,0,1,0.3333333333333333,closed,True,True
9230,1,0,2,0,0.0,closed,True,True
9227,28,0,0,3,1.5,closed,True,True
9226,23,17,0,0,0.0,closed,True,True
9222,31,32,5,3,0.75,closed,True,True
9217,55,160,4,8,8.0,closed,True,True
9216,26,37,3,11,11.0,closed,True,True
9212,54,27,2,15,3.0,closed,True,True
9210,49,20,0,5,2.5,closed,True,True
9207,4,4,11,2,1.0,closed,True,True
9206,138,149,6,33,33.0,closed,True,True
9205,28,13,1,5,1.6666666666666667,closed,True,True
9203,9,5,2,4,4.0,closed,True,True
9202,67,45,2,1,0.5,closed,True,True
9201,1,1,1,0,0.0,closed,True,True
9197,13,0,2,0,0.0,closed,True,True
9196,1,1,2,1,1.0,closed,True,True
9188,44,103,4,7,7.0,closed,True,True
9187,9,1,0,1,1.0,closed,True,True
9186,1,1,0,0,0.0,closed,True,True
9185,0,44,2,4,4.0,closed,False,False
9184,229,2229,2,5,1.6666666666666667,closed,True,True
9182,33,13,3,2,2.0,closed,True,True
9177,17,161,0,0,0.0,closed,False,False
9173,9,1,1,2,2.0,closed,True,True
9172,10,5,0,0,0.0,closed,True,True
9171,22,195,4,0,0.0,closed,True,True
9170,1,0,0,0,0.0,closed,True,True
9167,4,0,7,0,0.0,closed,True,True
9161,125,122,0,0,0.0,closed,True,True
9149,25,21,5,9,9.0,closed,True,True
9148,2,1,1,0,0.0,closed,True,True
9146,92,48,0,13,6.5,closed,False,False
9145,18,6,5,8,8.0,closed,True,True
9143,1,1,0,0,0.0,closed,False,False
9141,3,24,3,0,0.0,closed,True,True
9140,10,1,6,41,41.0,closed,True,True
9137,41,10,6,3,3.0,closed,False,False
9136,4,13,2,0,0.0,closed,True,True
9133,2,7,3,0,0.0,open,False,False
9132,3,9,7,0,0.0,closed,True,True
9130,4,3,4,0,0.0,closed,True,True
9129,4,9,0,0,0.0,closed,True,True
9125,7,2,0,0,0.0,closed,True,True
9124,4,9,0,2,2.0,closed,True,True
9123,4,2,0,0,0.0,closed,True,True
9122,2,4,6,5,2.5,closed,True,True
9116,160,36,10,28,28.0,closed,True,True
9114,4,2,1,0,0.0,closed,True,True
9107,813,50,4,11,11.0,closed,True,True
9106,563,490,7,7,7.0,closed,True,True
9105,92,122,0,6,6.0,closed,True,True
9103,45,486,0,0,0.0,closed,True,True
9102,494,487,9,3,1.5,closed,True,True
9099,1,1,5,0,0.0,closed,False,False
9097,3,2,1,2,2.0,closed,True,True
9095,2116,2113,12,16,16.0,closed,True,True
9094,14,5,0,0,0.0,closed,True,True
9087,2,2,4,0,0.0,closed,True,True
9086,11,1,0,1,1.0,closed,True,True
9083,998,162,0,0,0.0,closed,True,True
9082,399,137,4,16,5.333333333333333,closed,True,True
9081,1,1,0,0,0.0,closed,True,True
9078,6,5,1,0,0.0,closed,True,True
9075,121,37,9,18,3.6,closed,True,True
9073,135,134,2,6,3.0,closed,True,True
9072,45,487,12,15,5.0,closed,True,True
9067,365,187,0,0,0.0,closed,True,True
9066,446,138,1,0,0.0,closed,True,True
9064,20,18,4,5,1.25,closed,True,True
9063,971,143,7,10,10.0,closed,True,True
9060,8,2,2,0,0.0,closed,True,True
9059,101,91,11,32,16.0,closed,True,True
9058,23,11,3,12,12.0,closed,True,True
9057,28,19,1,0,0.0,closed,True,True
9056,170,107,22,34,17.0,closed,True,True
9054,33,6,0,2,2.0,closed,True,True
9053,33,6,1,2,1.0,closed,True,True
9050,119,24,3,5,5.0,closed,True,True
9049,365,188,15,6,1.2,closed,True,True
9048,9,0,7,4,1.3333333333333333,closed,False,False
9045,1,0,0,0,0.0,closed,True,True
9044,77,27,21,2,0.6666666666666666,closed,True,True
9043,65,26,1,0,0.0,closed,False,False
9040,0,57,0,0,0.0,closed,True,True
9039,2,4,0,0,0.0,closed,True,True
9038,186,98,4,0,0.0,closed,True,True
9037,52,44,2,5,5.0,closed,True,True
9034,8,1,4,0,0.0,closed,True,True
9032,96,1,0,0,0.0,closed,False,False
9030,290,110,2,28,9.333333333333334,closed,False,False
9028,174,25,5,5,1.25,closed,True,True
9027,48,54,10,5,5.0,closed,True,True
9025,4,3,0,0,0.0,closed,True,True
9021,37,21,0,0,0.0,closed,False,False
9018,25,11,5,5,5.0,closed,True,True
9017,25,13,2,0,0.0,closed,True,True
9012,8,18,1,0,0.0,closed,True,True
9011,56,15,6,0,0.0,closed,True,True
9010,193,30,14,4,1.0,closed,True,True
9009,26,30,4,0,0.0,closed,True,True
9008,29,18,1,9,9.0,closed,True,True
9006,1,2,0,0,0.0,closed,True,True
9004,1,0,0,0,0.0,closed,True,True
9003,1,1,4,0,0.0,closed,True,True
9001,20,5,18,0,0.0,closed,True,True
8996,77,24,7,22,22.0,closed,True,True
8995,266,209,6,3,0.5,closed,True,True
8994,9,6,1,0,0.0,closed,True,True
8993,2,4,0,0,0.0,closed,True,True
8992,14,0,1,0,0.0,closed,True,True
8991,90,17,7,3,3.0,closed,True,True
8990,68,16,5,14,14.0,closed,True,True
8989,28,14,3,0,0.0,closed,False,False
8988,141,91,1,2,1.0,closed,True,True
8987,8,18,7,3,3.0,closed,True,True
8986,3,2,1,0,0.0,closed,True,True
8984,218,138,1,0,0.0,closed,True,True
8983,7,7,0,0,0.0,closed,True,True
8982,7,7,0,0,0.0,closed,True,True
8981,29,13,0,0,0.0,closed,True,True
8979,1,1,1,0,0.0,closed,True,True
8978,134,56,3,0,0.0,closed,True,True
8977,20,18,1,0,0.0,closed,True,True
8975,34,34,0,0,0.0,closed,True,True
8974,1,0,1,0,0.0,closed,False,False
8973,6,64,1,0,0.0,closed,True,True
8972,11,10,0,0,0.0,closed,True,True
8971,3,2,11,5,5.0,closed,True,True
8967,4,4,2,0,0.0,closed,True,True
8964,813,538,1,5,0.5,closed,True,True
8963,35,10,6,0,0.0,closed,False,False
8962,497,127,3,9,2.25,closed,True,True
8961,78,8,9,3,3.0,closed,False,False
8959,10,10,4,0,0.0,closed,True,True
8958,496,468,5,0,0.0,closed,True,True
8957,139,145,7,9,9.0,closed,True,True
8956,323,285,39,16,16.0,closed,True,True
8954,5,9,1,0,0.0,closed,True,True
8953,6,0,1,0,0.0,closed,True,True
8952,20,18,2,0,0.0,closed,True,True
8950,3,3,0,0,0.0,closed,True,True
8949,73,11,1,3,3.0,closed,True,True
8948,1869,0,0,0,0.0,closed,False,False
8947,1872,0,0,0,0.0,closed,False,False
8946,1869,0,0,0,0.0,closed,False,False
8945,1871,0,0,0,0.0,closed,False,False
8944,1871,0,0,0,0.0,closed,False,False
8943,51,138,1,2,2.0,closed,True,True
8942,167,1,13,11,11.0,closed,True,True
8939,144,105,2,0,0.0,closed,True,True
8938,15,74,4,3,3.0,closed,True,True
8937,1,3,2,0,0.0,closed,True,True
8936,10,1,1,0,0.0,closed,True,True
8935,358,714,1,11,2.2,closed,True,True
8934,5,0,1,0,0.0,closed,True,True
8933,0,6,1,0,0.0,closed,True,True
8932,2,0,5,0,0.0,closed,True,True
8929,50,48,3,0,0.0,closed,True,True
8928,6,22,1,7,7.0,closed,True,True
8927,3,25,1,0,0.0,closed,True,True
8926,9,12,1,0,0.0,closed,True,True
8925,42,60,4,0,0.0,closed,True,True
8924,15,117,1,0,0.0,closed,True,True
8923,180,146,23,33,33.0,closed,True,True
8908,44,17,3,0,0.0,closed,True,True
8907,27,10,1,0,0.0,closed,True,True
8906,296,188,12,10,2.5,closed,False,False
8905,1,1,3,2,2.0,closed,False,False
8903,95,62,3,0,0.0,closed,True,True
8902,136,56,7,15,15.0,closed,True,True
8901,24,4,1,1,0.5,closed,True,True
8900,13,21,34,46,46.0,closed,True,True
8899,193,63,2,0,0.0,closed,True,True
8898,113,106,1,0,0.0,closed,True,True
8897,57,66,3,4,2.0,closed,True,True
8896,24,6,1,2,2.0,closed,True,True
8894,45,18,5,4,4.0,closed,True,True
8893,12,42,1,0,0.0,closed,True,True
8892,61,29,1,0,0.0,closed,True,True
8889,4,2,1,0,0.0,closed,True,True
8888,4,2,4,4,4.0,closed,True,True
8887,1,1,2,1,0.5,closed,True,True
8886,1,1,9,0,0.0,closed,True,True
8883,21,40,2,8,4.0,closed,True,True
8882,20,14,3,3,3.0,closed,True,True
8881,47,42,1,15,15.0,closed,True,True
8878,221,248,1,24,8.0,closed,True,True
8877,9,29,3,0,0.0,closed,True,True
8876,1,5,1,0,0.0,closed,True,True
8875,1,1,5,0,0.0,closed,True,True
8874,58,75,26,2,0.4,closed,True,True
8870,34,26,3,0,0.0,closed,True,True
8869,4,4,2,1,1.0,closed,False,False
8868,18,0,5,0,0.0,closed,True,True
8867,61,29,8,11,5.5,closed,True,True
8866,34,26,5,8,8.0,closed,True,True
8861,1,1,3,0,0.0,closed,True,True
8860,18,20,3,0,0.0,closed,True,True
8858,533,201,1,0,0.0,closed,True,True
8857,8,13,2,0,0.0,closed,False,False
8856,107,154,1,0,0.0,closed,True,True
8855,1,1,1,0,0.0,closed,True,True
8854,19,20,3,3,3.0,closed,True,True
8851,28,20,8,33,4.125,closed,False,False
8849,252,223,31,4,2.0,closed,True,True
8847,63,4,5,0,0.0,closed,False,False
8846,3223,2735,34,59,2.4583333333333335,closed,True,True
8845,3,0,2,0,0.0,closed,True,True
8844,9,9,12,0,0.0,closed,True,True
8843,78,30,2,3,3.0,open,False,False
8841,41,47,7,0,0.0,closed,False,False
8840,8,13,1,2,2.0,closed,True,True
8838,12,42,9,0,0.0,closed,True,True
8836,1,1,7,0,0.0,closed,True,True
8834,531,196,7,6,0.8571428571428571,closed,False,False
8833,1,1,3,0,0.0,closed,True,True
8830,107,154,5,4,4.0,closed,True,True
8826,8,2,1,0,0.0,closed,True,True
8824,7,10,3,2,2.0,closed,True,True
8821,0,4,2,0,0.0,closed,True,True
8820,47,24,5,0,0.0,closed,True,True
8819,8,0,11,0,0.0,closed,True,True
8815,160,327,5,2,0.6666666666666666,closed,True,True
8814,3,3,4,0,0.0,closed,False,False
8812,2,2,4,0,0.0,closed,True,True
8809,208,235,26,35,3.888888888888889,closed,True,True
8807,32,12,1,3,3.0,closed,True,True
8806,10,1,1,0,0.0,closed,True,True
8805,11,1,1,2,2.0,closed,True,True
8804,16,12,1,6,6.0,closed,True,True
8802,262,177,13,8,2.6666666666666665,closed,False,False
8801,9,3,1,9,3.0,closed,True,True
8799,64,398,2,0,0.0,closed,True,True
8797,869,1209,10,2,2.0,closed,True,True
8795,1,0,1,0,0.0,closed,True,True
8793,54,56,1,0,0.0,closed,True,True
8791,17030,10926,1,0,0.0,closed,True,True
8790,159,280,12,18,18.0,closed,True,True
8789,922,922,5,2,2.0,closed,True,True
8787,379,41,3,3,0.6,closed,True,True
8786,9,8,3,0,0.0,closed,True,True
8777,158,159,5,0,0.0,closed,True,True
8776,138,126,4,11,11.0,closed,True,True
8775,1,1,2,0,0.0,closed,True,True
8774,68,68,7,0,0.0,closed,True,True
8772,7,7,7,0,0.0,closed,True,True
8771,1107,1167,4,9,9.0,closed,True,True
8768,1,1,0,0,0.0,closed,True,True
8763,1,23,1,0,0.0,closed,True,True
8761,5,5,19,0,0.0,closed,True,True
8760,1,1,1,0,0.0,closed,True,True
8756,178,1,3,0,0.0,closed,True,True
8754,14,11,3,0,0.0,closed,True,True
8751,46,17,3,0,0.0,closed,True,True
8748,1,1,1,5,5.0,closed,True,True
8744,2,1,1,0,0.0,closed,True,True
8740,9,13,19,0,0.0,closed,False,False
8739,1,0,1,0,0.0,closed,False,False
8738,49,72,4,11,11.0,closed,True,True
8737,134,120,12,15,15.0,closed,True,True
8736,3,8,2,4,4.0,closed,True,True
8734,1622,1622,6,9,2.25,closed,True,True
8732,61,7,6,0,0.0,closed,False,False
8731,211,5,7,19,19.0,closed,True,True
8730,0,0,9,0,0,closed,False,False
8729,778,974,7,4,2.0,closed,True,True
8727,3,7,3,0,0.0,closed,True,True
8726,390,157,9,24,3.0,closed,True,True
8725,1,0,1,0,0.0,closed,True,True
8721,100,133,3,5,2.5,closed,True,True
8719,58,28,22,3,1.5,closed,True,True
8718,51,63,5,1,0.5,closed,True,True
8716,3,2,12,0,0.0,closed,True,True
8713,2,0,1,2,2.0,closed,True,True
8709,20,5,12,3,1.5,closed,True,True
8708,42,36,3,3,3.0,closed,True,True
8707,1,111,6,0,0.0,closed,False,False
8703,107,35,12,21,21.0,closed,True,True
8700,533,201,51,38,38.0,closed,True,True
8697,62,48,5,6,6.0,closed,True,True
8695,2,1,6,3,0.75,closed,False,False
8693,538,24,34,45,22.5,closed,False,False
8690,20,10,4,2,2.0,closed,True,True
8689,1,1,1,0,0.0,closed,True,True
8688,23,16,3,0,0.0,closed,True,True
8687,54,9,5,4,1.0,closed,True,True
8682,42,53,9,5,5.0,closed,True,True
8679,11,1,1,0,0.0,closed,True,True
8678,21,2,10,16,16.0,closed,True,True
8675,8,2,1,0,0.0,closed,True,True
8673,2,4,1,0,0.0,closed,True,True
8667,409,284,32,15,5.0,closed,True,True
8661,12,1,3,4,2.0,closed,True,True
8660,58,9,2,13,13.0,closed,True,True
8659,1,1,7,0,0.0,closed,True,True
8657,1,0,1,0,0.0,closed,True,True
8648,3,3,1,6,3.0,closed,True,True
8646,40,9,3,4,4.0,closed,True,True
8644,8,2,1,0,0.0,closed,True,True
8639,130,2,12,31,31.0,closed,True,True
8638,161,29,6,5,1.0,closed,True,True
8631,1,1,3,0,0.0,closed,True,True
8628,37,17,5,13,13.0,closed,True,True
8627,22,1,2,0,0.0,closed,True,True
8626,5,0,1,0,0.0,closed,True,True
8623,1660,537,3,4,0.10810810810810811,closed,False,False
8622,11,3,1,0,0.0,closed,True,True
8619,76,12,2,0,0.0,closed,True,True
8616,2,2,1,0,0.0,closed,True,True
8615,141,805,1,0,0.0,closed,True,True
8604,43,3,11,0,0.0,closed,True,True
8601,5,8,3,0,0.0,closed,True,True
8594,4,2,2,0,0.0,closed,True,True
8593,4,0,3,0,0.0,closed,True,True
8587,35,8,5,0,0.0,closed,True,True
8576,4,4,3,0,0.0,closed,True,True
8575,185,104,8,6,1.5,closed,True,True
8574,34437,23212,26,23,0.71875,closed,False,False
8573,84,22,1,0,0.0,closed,True,True
8572,250,108,20,0,0.0,closed,True,True
8568,16,13,1,0,0.0,closed,True,True
8566,3,3,2,0,0.0,closed,True,True
8565,1,0,4,0,0.0,closed,True,True
8564,1606,587,36,142,142.0,closed,True,True
8563,6,0,4,0,0.0,closed,True,True
8562,175,42,4,16,16.0,closed,True,True
8559,63,26,1,2,2.0,closed,True,True
8557,17,8,39,9,9.0,closed,True,True
8556,10,1,2,4,4.0,closed,True,True
8555,2,2,5,0,0.0,closed,True,True
8550,365,223,19,2,0.4,closed,True,True
8549,34,17,3,0,0.0,closed,True,True
8547,61,9,15,11,2.2,closed,False,False
8546,17,6,9,2,2.0,closed,False,False
8543,0,1,4,0,0.0,closed,True,True
8542,11,11,1,0,0.0,closed,False,False
8541,11,5,3,2,2.0,closed,True,True
8537,39,17,4,0,0.0,closed,True,True
8536,1,0,1,0,0.0,closed,True,True
8535,88,21,18,5,5.0,closed,False,False
8534,20,13,1,0,0.0,closed,True,True
8533,6,0,1,4,4.0,closed,True,True
8532,112,14,4,9,4.5,closed,True,True
8529,115,1,10,4,4.0,closed,True,True
8528,1,9,3,0,0.0,closed,True,True
8527,24,4,7,1,1.0,closed,True,True
8526,4,3,1,0,0.0,closed,False,False
8525,16,1,6,0,0.0,closed,True,True
8524,3,3,16,6,6.0,closed,True,True
8523,85,26,13,10,5.0,closed,True,True
8522,1905,2647,32,97,5.388888888888889,closed,True,True
8520,131,1,2,1,1.0,closed,True,True
8519,92,49,5,9,3.0,closed,False,False
8518,1,0,0,0,0.0,closed,True,True
8517,0,0,20,13,0,closed,False,False
8516,245,92,21,20,20.0,closed,True,True
8515,3,3,7,0,0.0,closed,True,True
8513,2,1,16,13,3.25,closed,False,False
8512,2,1,5,2,0.6666666666666666,closed,False,False
8511,21,10,3,0,0.0,closed,True,True
8510,102,83,16,4,4.0,closed,True,True
8509,3,3,2,0,0.0,closed,True,True
8506,36,4,6,19,19.0,closed,True,True
8504,13,10,10,1,1.0,closed,True,True
8503,185,9,2,0,0.0,closed,True,True
8502,160,70,10,2,0.6666666666666666,closed,True,True
8501,333,510,23,21,21.0,closed,True,True
8499,31,7,3,5,5.0,closed,True,True
8496,115,80,6,11,11.0,closed,True,True
8494,580,755,7,11,11.0,closed,True,True
8491,111,38,5,0,0.0,closed,True,True
8490,46,33,8,0,0.0,closed,True,True
8489,1,0,2,0,0.0,closed,True,True
8488,58,12,1,6,6.0,closed,True,True
8487,73,66,4,0,0.0,closed,True,True
8485,303,92,19,0,0.0,closed,True,True
8483,3,6,17,0,0.0,closed,False,False
8482,4,3,3,0,0.0,closed,True,True
8479,5,0,4,0,0.0,closed,False,False
8471,599,226,22,36,12.0,closed,True,True
8469,402,5,9,8,8.0,closed,True,True
8465,3,3,2,0,0.0,closed,True,True
8463,44,104,3,0,0.0,closed,False,False
8458,6,4,10,0,0.0,closed,True,True
8456,2101,52,3,7,7.0,closed,True,True
8454,30,3,2,2,0.6666666666666666,closed,True,True
8452,15,10,11,0,0.0,closed,True,True
8451,155,162,12,11,11.0,closed,True,True
8450,54,26,1,7,7.0,closed,True,True
8449,12,14,1,0,0.0,closed,True,True
8444,133,95,5,8,8.0,closed,True,True
8442,4,3,7,2,0.5,closed,True,True
8440,75,29,15,0,0.0,closed,False,False
8438,1567,445,15,20,3.3333333333333335,closed,False,False
8436,2,1,7,1,1.0,closed,False,False
8435,55,0,11,13,13.0,closed,True,True
8434,1849,1618,3,0,0.0,closed,True,True
8433,104,44,8,13,13.0,closed,True,True
8427,793,206,12,24,12.0,closed,True,True
8426,45,8,11,0,0.0,closed,True,True
8424,1391,477,27,82,82.0,closed,True,True
8414,369,140,52,18,18.0,closed,True,True
8413,60,63,4,1,0.3333333333333333,closed,True,True
8410,6,2,3,0,0.0,closed,False,False
8409,138,111,5,0,0.0,closed,True,True
8408,126,0,14,0,0.0,closed,True,True
8405,107,76,13,12,12.0,closed,True,True
8385,3,2,2,0,0.0,closed,True,True
8384,21,1,9,3,3.0,closed,True,True
8372,96,168,2,0,0.0,closed,True,True
8371,19,1,24,0,0.0,closed,True,True
8362,1,1,3,0,0.0,closed,True,True
8359,281,313,4,0,0.0,closed,True,True
8358,410,82,19,28,9.333333333333334,closed,True,True
8357,51,40,2,0,0.0,closed,True,True
8355,5131,711,6,12,12.0,closed,False,False
8344,4856,670,4,7,0.3684210526315789,closed,False,False
8341,124,45,7,3,3.0,closed,True,True
8336,30,25,1,0,0.0,closed,True,True
8335,16,2,3,0,0.0,closed,True,True
8334,91,123,6,11,5.5,closed,True,True
8333,6,2,14,0,0.0,closed,True,True
8331,581,103,4,0,0.0,closed,True,True
8329,1,1,3,0,0.0,closed,True,True
8323,46,7,25,2,2.0,closed,True,True
8322,9,2,3,0,0.0,closed,True,True
8321,10,1,0,0,0.0,closed,True,True
8319,27,6,1,2,2.0,closed,True,True
8318,4,2,2,2,2.0,closed,True,True
8313,1,0,2,0,0.0,closed,True,True
8311,116,188,4,4,1.0,closed,True,True
8309,24,6,4,3,3.0,closed,False,False
8308,10,10,1,0,0.0,closed,True,True
8307,405,228,21,8,8.0,closed,True,True
8305,3,2,1,0,0.0,closed,True,True
8303,239,259,2,22,5.5,closed,True,True
8299,1,0,1,0,0.0,closed,True,True
8298,20,0,3,0,0.0,closed,True,True
8296,4,0,2,0,0.0,closed,True,True
8295,23,36,1,6,6.0,closed,True,True
8294,106,91,2,15,7.5,closed,True,True
8292,385,177,6,5,2.5,closed,True,True
8291,453,264,2,27,13.5,closed,True,True
8290,1,1,5,0,0.0,closed,True,True
8289,411,87,11,21,21.0,closed,True,True
8288,1,0,1,0,0.0,closed,True,True
8287,14,2,1,0,0.0,closed,True,True
8278,541,310,17,17,3.4,closed,False,False
8277,22,0,3,13,3.25,closed,True,True
8275,108,11,8,12,6.0,closed,True,True
8274,1,1,6,0,0.0,closed,True,True
8273,5,0,6,0,0.0,closed,True,True
8269,0,2184,1,0,0.0,closed,True,True
8267,1,1,2,0,0.0,closed,True,True
8266,21,3,5,0,0.0,closed,True,True
8256,5,4,1,0,0.0,closed,True,True
8254,12,197,7,0,0.0,closed,True,True
8252,1,7,2,0,0.0,closed,True,True
8250,313,18,5,13,13.0,closed,True,True
8246,11,2,1,0,0.0,closed,True,True
8240,49,62,2,0,0.0,closed,True,True
8239,110,2,6,12,12.0,closed,True,True
8238,31,17,6,14,4.666666666666667,closed,True,True
8237,10,2,4,0,0.0,closed,True,True
8231,56,35,1,9,9.0,closed,True,True
8218,1,0,2,0,0.0,closed,True,True
8217,1,0,1,0,0.0,closed,False,False
8216,1,0,4,0,0.0,closed,True,True
8215,4,30,2,4,4.0,closed,True,True
8213,519,306,15,40,20.0,closed,True,True
8212,175,71,6,2,1.0,closed,True,True
8204,0,42,5,0,0.0,closed,True,True
8200,3,6,1,0,0.0,closed,True,True
8195,4,11,1,0,0.0,closed,True,True
8194,120,7,8,8,4.0,closed,True,True
8193,587,97,18,27,5.4,closed,True,True
8192,62672,96,2,0,0.0,closed,False,False
8182,15,3,3,3,1.5,closed,True,True
8178,1,1,2,0,0.0,closed,True,True
8177,8,3,2,2,2.0,closed,True,True
8175,119,61,19,3,1.0,closed,True,True
8170,26,0,2,1,1.0,closed,True,True
8164,3,2,3,7,7.0,closed,True,True
8163,52,54,8,0,0.0,closed,True,True
8157,7,0,1,0,0.0,closed,True,True
8156,67,57,19,11,11.0,closed,False,False
8155,3,2,3,0,0.0,closed,True,True
8152,16,5,4,1,1.0,closed,True,True
8144,21,36,7,0,0.0,closed,True,True
8141,44,18,5,0,0.0,closed,True,True
8140,591,27,2,0,0.0,closed,True,True
8139,152,72,9,0,0.0,closed,True,True
8138,45,45,5,4,2.0,closed,True,True
8137,30,15,10,0,0.0,closed,False,False
8133,171,35,3,0,0.0,closed,True,True
8132,9,3,3,0,0.0,closed,True,True
8130,7,1,4,0,0.0,closed,True,True
8125,1,0,5,0,0.0,closed,True,True
8124,4,3,4,2,2.0,closed,True,True
8123,8,6,13,0,0.0,closed,True,True
8121,2,1,3,0,0.0,closed,False,False
8120,232,98,2,0,0.0,closed,False,False
8119,799,230,13,2,2.0,closed,True,True
8118,15,3,2,0,0.0,closed,True,True
8117,38,26,2,0,0.0,closed,True,True
8116,80,21,2,0,0.0,closed,True,True
8114,11,12,5,0,0.0,closed,True,True
8111,15,3,5,0,0.0,closed,True,True
8103,9,2,3,0,0.0,closed,False,False
8102,9,2,1,0,0.0,closed,True,True
8101,11,12,5,4,4.0,closed,True,True
8093,303,46,7,5,5.0,closed,True,True
8088,232,98,20,14,1.75,closed,True,True
8086,199,104,7,3,0.75,closed,True,True
8084,37,21,6,0,0.0,closed,True,True
8080,2,1,1,0,0.0,closed,True,True
8078,10,4,6,3,3.0,closed,True,True
8076,618,188,15,9,2.25,closed,True,True
8075,2,1,2,0,0.0,closed,True,True
8067,75,43,10,0,0.0,closed,True,True
8066,14,21,6,0,0.0,closed,True,True
8065,1,1,4,0,0.0,closed,True,True
8062,1,0,1,0,0.0,closed,True,True
8059,0,0,3,0,0.0,closed,True,True
8058,14,5,1,0,0.0,closed,True,True
8056,60,22,6,0,0.0,closed,True,True
8051,4,3,10,0,0.0,closed,True,True
8050,11,3,3,0,0.0,closed,True,True
8049,375,250,12,27,27.0,closed,True,True
8047,210,136,8,0,0.0,closed,False,False
8046,16,1,7,0,0.0,closed,False,False
8043,6,0,4,2,2.0,closed,True,True
8042,246,160,3,0,0.0,closed,True,True
8041,778,770,4,4,1.3333333333333333,closed,True,True
8040,27,3,1,0,0.0,closed,True,True
8039,0,1,1,0,0.0,closed,True,True
8038,91,6,12,11,5.5,closed,True,True
8037,136,10,1,1,0.5,closed,True,True
8036,1,1,0,0,0.0,closed,False,False
8035,152,72,4,11,2.75,closed,True,True
8034,67,14,19,7,3.5,closed,True,True
8031,119,5,4,0,0.0,closed,True,True
8026,609,27,56,24,4.8,closed,False,False
8020,14,4,1,2,1.0,closed,True,True
8016,1,1,1,0,0.0,closed,True,True
8015,5,0,3,6,6.0,closed,True,True
8013,4,0,2,1,1.0,closed,False,False
8012,108,37,3,13,6.5,closed,True,True
8010,118,31,6,3,1.0,closed,False,False
8009,95,65,1,0,0.0,closed,False,False
8008,11,3,3,1,1.0,closed,True,True
8002,822,852,7,17,1.3076923076923077,closed,False,False
7999,4,4,2,0,0.0,closed,True,True
7998,3,11,1,0,0.0,closed,True,True
7993,199,66,4,0,0.0,closed,True,True
7988,50,43,1,0,0.0,closed,True,True
7987,3,2,1,0,0.0,closed,True,True
7986,9,4,0,0,0.0,closed,True,True
7984,1,1,3,0,0.0,closed,True,True
7983,21,0,3,0,0.0,closed,True,True
7981,589,809,28,2,0.25,closed,True,True
7976,32,6,10,4,4.0,closed,True,True
7975,5,2,0,0,0.0,closed,True,True
7974,121,90,0,0,0.0,closed,True,True
7972,23,18,1,0,0.0,closed,True,True
7970,1,1,0,0,0.0,closed,True,True
7968,278,171,4,14,7.0,closed,True,True
7962,158,175,6,0,0.0,closed,True,True
7961,79,155,8,8,8.0,closed,True,True
7960,1,1,0,0,0.0,closed,True,True
7959,0,0,3,0,0.0,closed,True,True
7955,2,1,1,0,0.0,closed,True,True
7951,0,1,3,0,0.0,closed,True,True
7950,523,272,0,14,3.5,closed,True,True
7948,6,0,1,0,0.0,closed,True,True
7946,1,1,0,0,0.0,closed,True,True
7942,0,0,2,0,0.0,closed,True,True
7941,50,31,1,5,5.0,closed,True,True
7938,89,28,4,6,6.0,closed,True,True
7934,1,1,1,0,0.0,closed,False,False
7933,2,1,0,0,0.0,closed,True,True
7932,26,14,1,3,0.75,closed,True,True
7929,21,10,0,0,0.0,closed,True,True
7928,402,13,14,47,47.0,closed,True,True
7927,6,6,1,1,1.0,closed,True,True
7926,112,188,10,27,27.0,closed,True,True
7925,112,60,1,0,0.0,closed,True,True
7924,3,1,1,0,0.0,closed,True,True
7923,181,105,7,19,19.0,closed,True,True
7922,87,54,7,10,10.0,closed,True,True
7921,17,3,0,0,0.0,closed,True,True
7919,5,0,1,0,0.0,closed,True,True
7916,8,1,9,0,0.0,closed,True,True
7915,262,41,14,18,9.0,closed,True,True
7914,110,57,3,2,2.0,closed,True,True
7913,26,17,3,0,0.0,closed,True,True
7912,21,2,2,10,10.0,closed,True,True
7911,395,440,8,0,0.0,closed,True,True
7910,163,25,4,1,0.3333333333333333,closed,True,True
7908,24,25,3,9,4.5,closed,True,True
7904,222,1,4,0,0.0,closed,True,True
7903,4,0,4,0,0.0,closed,True,True
7901,2,1,3,0,0.0,closed,False,False
7900,476,163,18,35,17.5,closed,True,True
7899,494,494,16,35,17.5,closed,True,True
7895,0,3463,1,0,0.0,closed,True,True
7893,137,237,7,0,0.0,closed,True,True
7891,13,6,3,0,0.0,closed,True,True
7889,6,3,12,0,0.0,closed,False,False
7888,441,111,29,39,13.0,closed,True,True
7887,10,7,3,0,0.0,closed,False,False
7886,7,0,0,0,0.0,closed,True,True
7885,2,1,1,0,0.0,closed,True,True
7884,4,4,1,5,5.0,closed,True,True
7883,42,37,40,29,29.0,closed,True,True
7881,6,13,5,0,0.0,closed,True,True
7878,75,49,1,5,5.0,closed,True,True
7877,22,53,5,8,0.7272727272727273,closed,True,True
7876,14,12,0,5,2.5,closed,True,True
7872,8,0,1,0,0.0,closed,True,True
7869,163,64,4,3,1.0,closed,True,True
7868,20,11,11,8,8.0,closed,True,True
7865,25,1549,0,0,0.0,closed,True,True
7853,13,0,2,6,3.0,closed,True,True
7850,13,3,12,8,8.0,closed,True,True
7837,180,55,7,24,6.0,closed,True,True
7833,138,72,1,0,0.0,closed,True,True
7832,564,123,7,26,26.0,closed,True,True
7831,50,63,11,5,5.0,closed,True,True
7825,564,462,40,53,53.0,closed,True,True
7824,35,42,7,0,0.0,closed,True,True
7821,11,4,0,4,4.0,closed,True,True
7820,49,26,7,0,0.0,closed,True,True
7818,88,80,0,0,0.0,closed,True,True
7809,4,12,6,0,0.0,closed,False,False
7808,1,1,2,0,0.0,closed,True,True
7800,2,2,3,0,0.0,closed,True,True
7798,27,27,4,15,15.0,closed,True,True
7797,100,123,5,2,2.0,closed,True,True
7796,87,64,3,9,1.125,closed,False,False
7790,96,49,1,0,0.0,closed,False,False
7785,220,59,20,18,9.0,closed,True,True
7781,81,22,2,4,4.0,closed,True,True
7779,46,30,6,6,6.0,closed,True,True
7776,1,1,1,0,0.0,closed,True,True
7775,11,0,1,0,0.0,closed,True,True
7772,10,19,0,0,0.0,closed,True,True
7771,39,19,2,0,0.0,closed,True,True
7770,4,3,2,0,0.0,closed,True,True
7769,8,7,0,0,0.0,closed,True,True
7767,114,74,7,19,19.0,closed,True,True
7766,16,30,0,7,7.0,closed,True,True
7765,37,20,2,27,5.4,closed,True,True
7760,2,1,1,0,0.0,closed,True,True
7759,1,0,1,0,0.0,closed,True,True
7758,1,0,1,0,0.0,closed,True,True
7756,1,0,1,0,0.0,closed,True,True
7754,1,0,1,0,0.0,closed,True,True
7753,12,3,0,3,3.0,closed,True,True
7752,3,2,5,0,0.0,closed,True,True
7750,29,6,2,8,8.0,closed,True,True
7749,2,1,1,0,0.0,closed,True,True
7747,146,132,6,0,0.0,closed,True,True
7744,24,8,5,0,0.0,closed,True,True
7741,29,0,4,1,1.0,closed,True,True
7740,1,1,0,0,0.0,closed,False,False
7739,32,4,6,16,16.0,closed,True,True
7736,3,1,3,0,0.0,closed,True,True
7732,167,20,4,6,2.0,closed,True,True
7731,12,8,4,0,0.0,closed,True,True
7730,201,82,2,12,0.5,open,False,False
7729,1,0,1,0,0.0,closed,True,True
7727,2,1,1,0,0.0,closed,True,True
7721,88,70,0,0,0.0,closed,False,False
7720,58,40,5,27,9.0,closed,True,True
7719,24,22,10,0,0.0,closed,True,True
7718,856,551,2,0,0.0,closed,True,True
7717,91,71,0,0,0.0,closed,False,False
7715,0,1,0,0,0.0,closed,True,True
7714,20,16,3,6,2.0,closed,True,True
7711,1,1,2,0,0.0,closed,True,True
7703,47,31,22,12,3.0,closed,True,True
7698,16,3,1,0,0.0,closed,True,True
7696,1,1,11,0,0.0,closed,True,True
7694,72,62,18,22,11.0,closed,True,True
7692,76,146,2,2,0.6666666666666666,closed,True,True
7691,135,80,4,0,0.0,closed,True,True
7690,82,65,4,0,0.0,closed,True,True
7688,1,0,0,0,0.0,closed,True,True
7687,65,18,13,19,19.0,closed,True,True
7686,5,4,1,1,1.0,closed,True,True
7685,92,17,4,23,23.0,closed,True,True
7680,17,0,3,0,0.0,closed,False,False
7678,143,85,15,22,22.0,closed,True,True
7677,10,1,6,0,0.0,closed,True,True
7673,46,14,2,22,22.0,closed,False,False
7667,11,11,12,3,3.0,closed,True,True
7666,25,29,12,2,1.0,closed,True,True
7665,1,1,2,0,0.0,closed,False,False
7657,36,1,8,2,1.0,closed,True,True
7656,2168,2886,27,2,1.0,closed,False,False
7655,17,9,1,0,0.0,closed,True,True
7654,58,0,9,2,2.0,closed,True,True
7651,14,3,3,0,0.0,closed,True,True
7649,2143,419,14,0,0.0,closed,True,True
7648,47,40,1,8,1.3333333333333333,closed,True,True
7647,19,21,3,0,0.0,closed,True,True
7646,24,31,3,0,0.0,closed,True,True
7645,148,132,2,17,4.25,closed,True,True
7633,2,2,10,0,0.0,closed,True,True
7630,768,198,2,0,0.0,closed,False,False
7628,89,23,11,30,7.5,closed,True,True
7626,22,26,30,5,1.6666666666666667,closed,True,True
7625,122,72,14,32,2.6666666666666665,closed,False,False
7624,207,176,9,5,1.0,closed,True,True
7623,173,25,1,18,9.0,closed,False,False
7621,27,8,5,4,4.0,closed,True,True
7620,32,4,1,4,4.0,closed,True,True
7619,13,11,1,0,0.0,closed,True,True
7617,2,2,1,2,2.0,closed,True,True
7615,9,6,5,2,2.0,closed,True,True
7612,29,19,9,5,0.8333333333333334,closed,True,True
7611,118,27,3,3,1.0,closed,True,True
7610,1,1,1,0,0.0,closed,True,True
7609,24,1,3,19,19.0,closed,True,True
7603,2,2,3,0,0.0,closed,True,True
7600,19,11,18,0,0.0,closed,False,False
7597,71,6,6,17,17.0,closed,True,True
7596,3,0,2,0,0.0,closed,True,True
7593,2,1,3,0,0.0,closed,True,True
7591,5,2,5,0,0.0,closed,True,True
7590,2,5,3,0,0.0,closed,False,False
7585,3,1,3,0,0.0,closed,True,True
7584,1,1,2,1,1.0,closed,True,True
7577,472,115,2,1,1.0,closed,False,False
7576,28,13,5,0,0.0,closed,True,True
7569,26,2,13,14,14.0,closed,True,True
7567,29,2,5,5,5.0,closed,True,True
7562,654,2120,6,55,11.0,closed,True,True
7561,25,3,9,2,2.0,closed,True,True
7560,8,1,3,0,0.0,closed,True,True
7559,472,115,4,10,5.0,closed,True,True
7558,25,15,4,0,0.0,closed,True,True
7554,4,1,1,0,0.0,closed,True,True
7552,14,164,3,0,0.0,closed,False,False
7551,0,5,2,0,0.0,closed,True,True
7549,16,0,2,0,0.0,closed,True,True
7548,4,1,3,3,3.0,closed,True,True
7547,4,1,3,0,0.0,closed,True,True
7545,55,17,18,2,2.0,closed,True,True
7540,612,228,13,40,5.714285714285714,closed,True,True
7537,15,3,1,2,1.0,closed,True,True
7536,2,5,2,0,0.0,closed,True,True
7516,38,19,1,0,0.0,closed,True,True
7515,72,3,1,0,0.0,closed,True,True
7513,1,0,2,0,0.0,closed,True,True
7497,18,5,7,6,6.0,closed,True,True
7496,147,93,9,18,18.0,closed,True,True
7490,45,1,11,13,13.0,closed,True,True
7489,1,1,2,0,0.0,closed,True,True
7485,9,10,16,8,8.0,closed,True,True
7482,32,31,3,0,0.0,closed,True,True
7478,2,2,3,0,0.0,closed,True,True
7477,53,20,1,5,1.6666666666666667,closed,True,True
7476,1,0,1,0,0.0,closed,True,True
7460,2,1,3,0,0.0,closed,True,True
7457,693,230,23,57,14.25,closed,True,True
7456,323,5,10,0,0.0,closed,False,False
7453,20,0,8,4,4.0,closed,False,False
7452,9,2,4,0,0.0,closed,True,True
7449,189,0,1,1,1.0,closed,True,True
7448,65,28,5,1,0.5,closed,True,True
7445,124,65,6,0,0.0,closed,True,True
7442,1,1,2,0,0.0,closed,True,True
7437,12,0,3,0,0.0,closed,True,True
7429,6,0,1,0,0.0,closed,True,True
7427,5,6,6,0,0.0,closed,True,True
7426,1,1,0,0,0.0,closed,True,True
7423,4,15,3,0,0.0,closed,True,True
7422,23,6,2,0,0.0,closed,False,False
7421,9,47,9,0,0.0,closed,True,True
7419,1,0,2,0,0.0,closed,False,False
7411,6,1,3,2,2.0,closed,True,True
7408,25,1,1,2,1.0,closed,True,True
7406,99,14,10,9,2.25,closed,True,True
7405,108,1,8,4,2.0,closed,False,False
7401,18,18,1,4,4.0,closed,True,True
7400,17,8,3,10,10.0,closed,True,True
7399,31,2,5,0,0.0,closed,True,True
7398,40,6,4,5,5.0,closed,True,True
7396,750,7023,10,11,3.6666666666666665,closed,True,True
7394,1101,504,47,172,3.185185185185185,closed,False,False
7389,5,3,12,4,2.0,closed,True,True
7383,15,13,1,0,0.0,closed,True,True
7377,152,23,1,4,4.0,closed,True,True
7375,78,99,2,5,5.0,closed,True,True
7373,26,0,3,0,0.0,closed,True,True
7371,113,14,2,8,8.0,closed,True,True
7369,44,26,4,8,8.0,closed,True,True
7367,193,77,22,5,5.0,closed,True,True
7365,1,1,5,0,0.0,closed,True,True
7362,2,1,2,0,0.0,closed,True,True
7361,3,2,6,2,0.6666666666666666,closed,True,True
7360,1,1,6,2,2.0,closed,True,True
7356,31,0,2,2,2.0,closed,True,True
7349,46,49,9,7,7.0,closed,True,True
7343,244,49,4,16,16.0,closed,True,True
7340,2,2,2,0,0.0,closed,True,True
7339,210,109,10,46,5.111111111111111,closed,False,False
7337,49,7,4,7,7.0,closed,True,True
7334,233,220,8,18,4.5,closed,True,True
7333,11,1,2,5,5.0,closed,True,True
7332,3,2,3,0,0.0,closed,True,True
7330,8,10,3,0,0.0,closed,True,True
7329,413,166,5,37,3.3636363636363638,closed,True,True
7327,47,6,7,13,13.0,closed,False,False
7325,1,1,1,0,0.0,closed,True,True
7324,19,5,1,0,0.0,closed,True,True
7321,2296,3370,11,34,2.125,closed,False,False
7310,2,10,4,0,0.0,closed,True,True
7309,12,6,1,0,0.0,closed,True,True
7307,6,1,8,2,2.0,closed,True,True
7306,1,0,1,0,0.0,closed,True,True
7305,34,5,2,0,0.0,closed,True,True
7302,10,4,9,0,0.0,closed,True,True
7300,244,216,12,4,4.0,closed,True,True
7296,18,5,5,0,0.0,closed,True,True
7291,214,9,9,24,12.0,closed,True,True
7289,2,2,0,0,0.0,closed,True,True
7288,60,1,4,0,0.0,closed,True,True
7287,1,59,0,0,0.0,closed,True,True
7284,13,1,4,3,3.0,closed,True,True
7280,59,1,16,1,1.0,closed,True,True
7276,0,7,4,0,0.0,closed,True,True
7275,5,13,1,0,0.0,closed,True,True
7271,40,3,1,0,0.0,closed,True,True
7268,37,14,12,2,2.0,closed,True,True
7267,62,25,3,5,5.0,closed,True,True
7264,0,0,4,0,0,closed,False,False
7256,47,29,4,5,2.5,closed,False,False
7252,153,89,10,21,7.0,closed,True,True
7251,47,1,4,0,0.0,closed,True,True
7249,694,18,16,37,5.285714285714286,closed,False,False
7247,254,128,6,10,10.0,closed,True,True
7243,146,146,2,0,0.0,closed,True,True
7241,1,1,1,0,0.0,closed,True,True
7239,82,50,6,0,0.0,closed,False,False
7238,2,1,1,0,0.0,closed,True,True
7237,308,126,16,48,48.0,closed,True,True
7230,50,3,10,2,2.0,closed,True,True
7228,20,1,1,0,0.0,closed,True,True
7225,4,4,0,0,0.0,closed,True,True
7224,81,43,10,9,4.5,closed,True,True
7223,8,3,2,4,4.0,closed,True,True
7222,39,13,1,0,0.0,closed,True,True
7220,1,1,1,1,0.5,closed,True,True
7218,215,7,28,39,39.0,closed,True,True
7216,52,4,2,0,0.0,closed,True,True
7214,86,42,9,25,25.0,closed,True,True
7213,6555,583,133,95,47.5,closed,True,True
7212,4,0,1,0,0.0,closed,True,True
7211,17,1,2,0,0.0,closed,True,True
7209,43,1,4,0,0.0,closed,True,True
7208,76,13,13,18,9.0,closed,True,True
7206,5,0,2,0,0.0,closed,True,True
7198,119,49,9,5,5.0,closed,True,True
7190,1,1,0,0,0.0,closed,True,True
7189,18,18,3,0,0.0,closed,True,True
7188,3,0,1,0,0.0,closed,True,True
7186,477,148,14,35,7.0,closed,True,True
7184,83,74,2,24,24.0,closed,True,True
7173,2,2,5,0,0.0,closed,False,False
7172,1,0,1,0,0.0,closed,True,True
7164,27,18,7,6,6.0,closed,True,True
7162,702,2372,18,17,1.4166666666666667,closed,False,False
7159,4,4,5,0,0.0,closed,False,False
7158,1,1,1,0,0.0,closed,True,True
7148,108,19,6,12,12.0,closed,True,True
7147,1,1,1,0,0.0,closed,True,True
7144,9,8,7,0,0.0,closed,True,True
7128,84,39,31,15,7.5,closed,True,True
7123,2,6,6,5,5.0,closed,True,True
7119,1,1,1,0,0.0,closed,True,True
7116,6,8,5,0,0.0,closed,True,True
7112,0,15,6,0,0.0,closed,True,True
7111,2,4,1,0,0.0,closed,True,True
7109,14,55,5,0,0.0,closed,True,True
7100,60,57,3,0,0.0,closed,True,True
7092,2,0,3,0,0.0,closed,True,True
7091,7,0,0,2,2.0,closed,True,True
7090,4,3,2,1,1.0,closed,True,True
7084,16,13,10,0,0.0,closed,True,True
7073,5,32,0,0,0.0,closed,True,True
7072,2,2,0,0,0.0,closed,True,True
7066,0,1,0,0,0.0,closed,True,True
7064,1,1,1,0,0.0,closed,True,True
7061,1,0,0,0,0.0,closed,True,True
7060,852,0,6,0,0.0,closed,False,False
7053,1,1,3,0,0.0,closed,True,True
7052,356,0,5,0,0.0,closed,False,False
7051,1,0,0,0,0.0,closed,True,True
7049,7,8,8,2,0.5,closed,False,False
7047,2,2,5,9,9.0,closed,True,True
7044,1672,1464,24,71,17.75,closed,True,True
7040,59,33,8,0,0.0,closed,True,True
7039,102,29,0,1,0.25,closed,True,True
7038,10,6,0,5,5.0,closed,True,True
7037,28,19,1,2,2.0,closed,True,True
7036,3,1,0,0,0.0,closed,True,True
7033,2,1,4,1,0.5,closed,True,True
7032,2,1,1,8,8.0,closed,True,True
7026,47,8,2,10,1.6666666666666667,closed,True,True
7021,10,1,1,3,1.0,closed,True,True
7012,45,18,5,8,8.0,closed,True,True
7009,65,309,6,3,3.0,closed,True,True
7008,1,1,0,0,0.0,closed,True,True
7007,1,1,2,0,0.0,closed,True,True
7006,2,1,0,0,0.0,closed,True,True
7004,5,15,2,0,0.0,closed,True,True
7003,1,1,2,0,0.0,closed,True,True
7002,16,16,3,0,0.0,closed,True,True
6997,21,20,3,0,0.0,closed,True,True
6986,9,0,0,0,0.0,closed,True,True
6985,14,4,0,0,0.0,closed,True,True
6984,20,6,8,0,0.0,closed,True,True
6974,2,1,3,0,0.0,closed,True,True
6960,1,1,1,0,0.0,closed,True,True
6957,68,5,5,6,6.0,closed,True,True
6954,185,12,4,13,13.0,closed,True,True
6953,2,1,1,0,0.0,closed,True,True
6952,87,5,13,2,2.0,closed,True,True
6951,2,1,1,0,0.0,closed,True,True
6949,15,13,5,0,0.0,closed,True,True
6948,0,3,2,0,0.0,closed,True,True
6945,51,2,8,6,6.0,closed,True,True
6920,6,3,4,5,5.0,closed,True,True
6913,12,0,2,4,2.0,closed,True,True
6910,2,2,3,0,0.0,closed,True,True
6909,39,39,6,0,0.0,closed,True,True
6907,66,6,5,2,2.0,closed,True,True
6893,188,122,18,0,0.0,closed,False,False
6888,393,168,9,16,16.0,closed,True,True
6887,206,201,7,0,0.0,closed,True,True
6882,33,0,0,0,0.0,closed,True,True
6881,214,191,3,0,0.0,closed,True,True
6880,86,42,0,0,0.0,closed,False,False
6879,16,2,6,0,0.0,closed,True,True
6877,106,47,0,0,0.0,closed,True,True
6871,8,4,7,0,0.0,closed,True,True
6869,52,37,1,0,0.0,closed,True,True
6860,5,19,4,0,0.0,closed,True,True
6854,45,2,14,14,14.0,closed,False,False
6853,516,426,4,0,0.0,closed,False,False
6851,1,28,0,0,0.0,closed,True,True
6849,7,1,1,3,3.0,closed,True,True
6847,5,0,2,0,0.0,closed,True,True
6846,190,130,2,0,0.0,closed,True,True
6844,39,17,6,0,0.0,closed,True,True
6842,131,132,10,0,0.0,closed,True,True
6841,75,19,6,11,2.75,closed,True,True
6840,276,1935,1,0,0.0,closed,True,True
6838,23,22,7,3,3.0,closed,True,True
6836,134,3,4,7,7.0,closed,True,True
6835,19,12,1,0,0.0,closed,True,True
6834,19,4,3,2,2.0,closed,True,True
6814,8,4,6,2,1.0,closed,True,True
6811,140,18,4,0,0.0,closed,True,True
6810,1,1,1,0,0.0,closed,True,True
6808,546,208,12,7,1.75,closed,True,True
6807,16,2,5,0,0.0,closed,False,False
6806,11,4,8,1,1.0,closed,True,True
6805,2067,177,3,0,0.0,closed,True,True
6801,131,65,22,16,16.0,closed,True,True
6797,31,20,1,0,0.0,closed,True,True
6791,2,1,2,0,0.0,closed,True,True
6785,711,106,2,10,10.0,closed,True,True
6779,12,8,1,0,0.0,closed,True,True
6776,6,4,2,6,3.0,closed,False,False
6774,22,4,9,1,0.5,closed,False,False
6773,11,4,3,0,0.0,closed,True,True
6772,27,2,5,0,0.0,closed,True,True
6770,26,18,0,0,0.0,closed,True,True
6769,1,1,4,0,0.0,closed,True,True
6766,66,26,7,9,9.0,closed,True,True
6752,3,2,3,0,0.0,closed,True,True
6739,9,0,5,4,4.0,closed,True,True
6730,28,5,5,0,0.0,closed,True,True
6729,4,5,4,0,0.0,closed,True,True
6728,0,15,6,0,0.0,closed,False,False
6727,13,8,6,3,3.0,closed,True,True
6718,1054,4,24,0,0.0,closed,False,False
6711,5,4,1,2,2.0,closed,True,True
6703,1,0,1,0,0.0,closed,True,True
6702,28,5,5,0,0.0,closed,True,True
6700,4,4,3,0,0.0,closed,False,False
6682,29,2,22,8,2.6666666666666665,closed,True,True
6671,367,308,10,3,1.5,closed,False,False
6670,12,2,1,0,0.0,closed,True,True
6668,4,1,3,0,0.0,closed,True,True
6664,60,57,44,15,5.0,closed,True,True
6659,2,1,1,0,0.0,closed,True,True
6652,119,51,3,7,1.75,closed,True,True
6651,338,78,37,7,7.0,closed,True,True
6650,10,3,3,0,0.0,closed,True,True
6649,10,3,1,0,0.0,closed,True,True
6645,203,66,1,6,6.0,closed,True,True
6638,61,28,2,0,0.0,closed,True,True
6637,5,5,1,0,0.0,closed,True,True
6634,147,112,10,3,0.6,closed,True,True
6627,7,1,1,0,0.0,closed,True,True
6626,7,1,1,0,0.0,closed,True,True
6619,13,13,1,0,0.0,closed,True,True
6615,82,3,1,0,0.0,closed,True,True
6613,82,3,1,0,0.0,closed,True,True
6612,69,3,10,1,1.0,closed,True,True
6611,30,0,3,0,0.0,closed,True,True
6604,13,13,3,0,0.0,closed,True,True
6601,48,4,1,0,0.0,closed,True,True
6600,447,121,5,8,8.0,closed,True,True
6598,9,2,2,0,0.0,closed,True,True
6588,9,2,2,0,0.0,closed,True,True
6586,38,13,1,0,0.0,closed,True,True
6580,38,13,4,2,2.0,closed,True,True
6578,5,0,3,0,0.0,closed,False,False
6576,16435,66399,3,0,0.0,closed,True,True
6573,48,4,5,2,2.0,closed,True,True
6560,140,18,3,10,5.0,closed,True,True
6554,34,5,7,0,0.0,closed,False,False
6553,1,0,2,0,0.0,closed,False,False
6552,6,6,8,0,0.0,closed,False,False
6551,159,19,19,27,27.0,closed,True,True
6545,1,1,3,0,0.0,closed,True,True
6544,67,54,5,3,1.5,closed,True,True
6539,4,3,10,2,1.0,closed,False,False
6537,7,5,1,0,0.0,closed,True,True
6536,7,5,2,0,0.0,closed,True,True
6534,36,22,3,0,0.0,closed,True,True
6531,89,13,2,4,0.8,closed,True,True
6530,447,121,4,4,1.3333333333333333,closed,True,True
6529,4,2,2,4,4.0,closed,True,True
6528,0,25,1,0,0.0,closed,True,True
6526,13,3,1,0,0.0,closed,True,True
6525,13,3,5,2,1.0,closed,True,True
6522,648,27,42,62,20.666666666666668,closed,True,True
6519,0,25,2,3,1.5,closed,True,True
6515,14,8,6,6,6.0,closed,True,True
6514,56,24,9,20,20.0,closed,True,True
6513,31,20,7,1,0.5,closed,True,True
6511,16,7,2,0,0.0,closed,True,True
6508,2,4,8,0,0.0,closed,True,True
6505,23,42,6,0,0.0,closed,True,True
6502,2,1,3,4,4.0,closed,True,True
6501,189,93,1,0,0.0,closed,True,True
6500,493,471,7,0,0.0,closed,True,True
6499,292,85,2,3,3.0,closed,True,True
6498,45,4,1,0,0.0,closed,True,True
6496,16,48,1,0,0.0,closed,True,True
6492,7,5,13,0,0.0,closed,True,True
6491,325,83,8,6,1.5,closed,True,True
6490,23,4,4,0,0.0,closed,True,True
6488,2,2,1,0,0.0,closed,True,True
6482,34,2,1,0,0.0,closed,True,True
6479,1,0,5,0,0.0,closed,True,True
6477,34,1,1,0,0.0,closed,True,True
6476,2,2,0,0,0.0,closed,True,True
6475,34,1,1,0,0.0,closed,True,True
6474,16,2,0,2,2.0,closed,True,True
6470,77,12,4,4,4.0,closed,True,True
6469,21,1,2,0,0.0,closed,True,True
6467,780,180,7,4,1.3333333333333333,closed,True,True
6466,134,44,1,2,2.0,closed,True,True
6464,27,5,2,0,0.0,closed,True,True
6462,26,1,6,0,0.0,closed,True,True
6456,2,1,4,0,0.0,closed,True,True
6455,8,4,1,0,0.0,closed,True,True
6453,0,21,7,0,0.0,closed,True,True
6451,58,5,10,12,12.0,closed,True,True
6450,11,4,9,3,3.0,closed,True,True
6448,2,2,4,2,2.0,closed,True,True
6446,9,2,1,0,0.0,closed,True,True
6445,324,212,10,16,16.0,closed,True,True
6444,3,2,6,0,0.0,closed,True,True
6439,1,1,1,0,0.0,closed,True,True
6433,3,14,0,0,0.0,closed,True,True
6430,467,70,17,14,1.2727272727272727,closed,True,True
6428,3,3,5,0,0.0,closed,True,True
6426,8,5,1,0,0.0,closed,True,True
6421,2,1,1,0,0.0,closed,True,True
6417,361,133,22,3,3.0,closed,True,True
6408,229,53,7,0,0.0,closed,True,True
6406,143,144,4,0,0.0,closed,True,True
6401,23,10,15,2,2.0,closed,True,True
6400,157,25,3,0,0.0,closed,True,True
6399,67,21,5,0,0.0,closed,True,True
6398,10,9,7,0,0.0,closed,True,True
6397,316,46,4,10,2.5,closed,True,True
6394,62,32,10,5,5.0,closed,True,True
6393,28,13,20,0,0.0,closed,True,True
6392,6,2,8,0,0.0,closed,True,True
6390,11,2,10,0,0.0,closed,True,True
6385,62,32,7,0,0.0,closed,False,False
6384,1,0,7,0,0.0,closed,True,True
6383,2,0,1,0,0.0,closed,True,True
6380,21,4,2,1,1.0,closed,True,True
6379,1,1,1,0,0.0,closed,True,True
6376,13,1,7,2,2.0,closed,False,False
6373,281,210,6,0,0.0,closed,False,False
6372,217,147,8,17,1.5454545454545454,closed,True,True
6366,37,5,5,11,11.0,closed,True,True
6364,9,0,3,2,0.6666666666666666,closed,True,True
6363,5,51,32,3,3.0,closed,False,False
6362,1,1,4,0,0.0,closed,True,True
6359,30,28,11,19,19.0,closed,True,True
6356,1,1,13,0,0.0,closed,False,False
6352,22,8,6,0,0.0,closed,True,True
6351,4,5,1,0,0.0,closed,True,True
6349,446,24,13,2,0.5,closed,True,True
6348,1805,550,35,66,1.736842105263158,closed,False,False
6342,2,1,2,0,0.0,closed,True,True
6341,2,1,0,0,0.0,closed,False,False
6339,53,6,12,8,8.0,closed,True,True
6337,104,6,4,0,0.0,closed,True,True
6335,46,26,2,0,0.0,closed,True,True
6333,2,1,1,0,0.0,closed,True,True
6332,55,21,10,26,26.0,closed,True,True
6331,3,3,12,0,0.0,closed,True,True
6330,138,96,8,14,14.0,closed,True,True
6328,149,47,6,9,1.8,closed,True,True
6327,3,1,5,1,1.0,closed,True,True
6326,716,110,5,7,7.0,closed,True,True
6325,5,4,4,4,4.0,closed,True,True
6324,6,8,2,0,0.0,closed,True,True
6323,39,55,2,0,0.0,closed,True,True
6321,180,3,5,0,0.0,closed,True,True
6318,41,4,14,2,0.6666666666666666,closed,True,True
6317,1,0,1,0,0.0,closed,True,True
6316,8,1,7,2,1.0,closed,True,True
6315,2,2,5,0,0.0,closed,True,True
6312,9,2,2,0,0.0,closed,True,True
6309,94,55,1,0,0.0,closed,True,True
6303,17,16,5,0,0.0,closed,True,True
6301,133,64,10,16,1.7777777777777777,closed,True,True
6298,1,0,2,0,0.0,closed,False,False
6295,62,2,5,4,4.0,closed,False,False
6293,48,62,7,0,0.0,closed,True,True
6292,11,26,1,1,1.0,closed,True,True
6287,139,77,13,10,2.0,closed,True,True
6280,5,1,2,1,1.0,closed,True,True
6273,62,62,10,26,13.0,closed,False,False
6272,4,0,7,2,1.0,closed,True,True
6264,52,27,10,4,4.0,closed,True,True
6262,1,0,0,0,0.0,closed,True,True
6261,9,0,5,0,0.0,closed,True,True
6259,1,0,0,0,0.0,closed,True,True
6258,1,0,1,0,0.0,closed,True,True
6257,6,6,3,1,1.0,closed,True,True
6256,147,11,4,0,0.0,closed,True,True
6255,53,0,11,0,0.0,closed,True,True
6254,129,3,19,0,0.0,closed,False,False
6250,95,39,12,0,0.0,closed,True,True
6249,185,1,11,10,10.0,closed,True,True
6248,12,0,1,0,0.0,closed,True,True
6245,28,33,2,0,0.0,closed,True,True
6242,1,0,8,0,0.0,closed,True,True
6238,1,1,1,0,0.0,closed,True,True
6237,57,8,5,1,0.5,open,False,False
6234,2,1,1,0,0.0,closed,True,True
6233,1,0,0,0,0.0,closed,True,True
6232,2,0,2,0,0.0,closed,True,True
6231,12,4,10,0,0.0,closed,False,False
6230,30,11,5,0,0.0,closed,True,True
6229,50,34,12,0,0.0,closed,True,True
6228,6,1,0,0,0.0,closed,True,True
6227,53,20,1,0,0.0,closed,True,True
6224,112,12,1,0,0.0,closed,True,True
6222,1,0,1,0,0.0,closed,True,True
6219,84,44,10,6,1.2,closed,True,True
6216,13,0,3,0,0.0,closed,True,True
6215,38,1,4,0,0.0,closed,True,True
6213,3,4,2,2,2.0,closed,False,False
6211,2,11,9,8,8.0,closed,True,True
6209,718,216,23,40,40.0,closed,True,True
6207,138,67,1,0,0.0,closed,True,True
6204,16,13,6,7,7.0,closed,True,True
6203,747,175,9,16,1.0,closed,False,False
6202,52,7,2,9,9.0,closed,True,True
6199,166,11,30,14,14.0,closed,True,True
6196,1,0,4,0,0.0,closed,True,True
6195,344,230,6,0,0.0,closed,True,True
6191,1,0,0,0,0.0,closed,True,True
6189,54,5,14,23,23.0,closed,False,False
6188,1,0,0,0,0.0,closed,True,True
6187,147,128,1,0,0.0,closed,True,True
6186,288,38,16,3,1.5,closed,True,True
6184,1,0,1,0,0.0,closed,True,True
6178,6,0,1,0,0.0,closed,False,False
6177,1,2,1,0,0.0,closed,True,True
6176,37,74,7,4,1.3333333333333333,closed,True,True
6175,97,245,5,0,0.0,closed,False,False
6174,46,13,15,0,0.0,closed,True,True
6173,226,116,17,1,0.2,closed,True,True
6169,71,5,3,4,2.0,closed,True,True
6167,5,4,0,0,0.0,closed,True,True
6166,1,0,1,0,0.0,closed,True,True
6165,1,1,7,0,0.0,closed,False,False
6162,18,15,6,0,0.0,closed,True,True
6160,18,8,4,0,0.0,closed,False,False
6159,1,0,4,0,0.0,closed,True,True
6158,57,8,11,11,3.6666666666666665,closed,False,False
6157,25,6,23,0,0.0,closed,True,True
6156,3,2,10,2,0.6666666666666666,closed,True,True
6155,152,1,6,0,0.0,closed,True,True
6153,61,4,21,0,0.0,closed,True,True
6152,151,4,5,0,0.0,closed,True,True
6151,6,4,21,0,0.0,closed,False,False
6145,5,0,2,0,0.0,closed,True,True
6143,2,2,4,0,0.0,closed,False,False
6141,74,24,2,0,0.0,closed,True,True
6138,1,1,0,0,0.0,closed,True,True
6137,666,0,21,42,42.0,closed,True,True
6135,149,26,32,10,1.25,closed,False,False
6134,30,2,11,9,9.0,closed,True,True
6132,61,56,22,21,2.3333333333333335,open,False,False
6130,1,1,2,0,0.0,closed,True,True
6129,16,2,21,8,4.0,closed,True,True
6128,26,0,11,0,0.0,closed,False,False
6126,2411,973,3,0,0.0,closed,False,False
6125,66,0,2,2,1.0,closed,True,True
6124,62,0,26,9,9.0,closed,True,True
6123,2,0,3,0,0.0,closed,True,True
6122,156,6,12,1,1.0,closed,True,True
6120,56,0,10,0,0.0,closed,False,False
6116,20,15,9,2,0.2857142857142857,closed,True,True
6112,10,11,4,0,0.0,closed,True,True
6111,164,15,36,7,1.1666666666666667,closed,True,True
6110,1,1,16,0,0.0,closed,False,False
6108,114,0,1,0,0.0,closed,True,True
6107,5,2,9,0,0.0,closed,True,True
6105,4,1,2,0,0.0,closed,True,True
6102,2408,973,11,8,0.5,closed,True,True
6101,4,0,3,0,0.0,closed,True,True
6100,311,3,21,0,0.0,closed,True,True
6098,8,2,1,0,0.0,closed,True,True
6095,2345,929,1,0,0.0,closed,False,False
6091,122,55,5,6,6.0,closed,True,True
6090,2362,875,15,0,0.0,closed,False,False
6089,279,56,9,4,4.0,closed,True,True
6087,5,5,1,0,0.0,closed,True,True
6085,7,4,3,0,0.0,closed,True,True
6081,2,5,5,4,4.0,closed,True,True
6079,5,0,3,1,1.0,closed,True,True
6073,514,97,9,53,10.6,closed,True,True
6065,62,15,10,11,11.0,closed,True,True
6061,52,59,5,3,1.5,closed,True,True
6059,8,5,2,2,2.0,closed,True,True
6058,14,1,1,0,0.0,closed,True,True
6056,1,1,9,0,0.0,closed,True,True
6049,42,22,16,2,1.0,closed,True,True
6042,1,1,4,0,0.0,closed,True,True
6041,5,1,1,0,0.0,closed,True,True
6040,2,16,2,1,1.0,closed,True,True
6037,38,52,5,0,0.0,closed,True,True
6036,35,35,6,0,0.0,closed,False,False
6032,5,6,2,0,0.0,closed,False,False
6027,202,166,1,0,0.0,closed,True,True
6026,16,4,21,2,1.0,closed,True,True
6023,7,1,0,0,0.0,closed,True,True
6022,1,1,1,0,0.0,closed,True,True
6020,147,110,21,35,17.5,closed,True,True
6017,56,4,41,27,27.0,closed,True,True
6013,26,12,6,20,20.0,closed,True,True
6012,3,0,2,0,0.0,closed,True,True
6010,6,0,4,0,0.0,closed,False,False
6009,138,135,3,6,3.0,closed,True,True
6008,9,9,1,0,0.0,closed,True,True
6007,0,0,0,0,0.0,closed,True,True
6006,0,0,7,0,0.0,closed,True,True
6005,120,0,56,51,51.0,closed,True,True
6004,238,144,6,5,1.25,closed,True,True
6002,275,177,19,7,0.875,closed,True,True
6001,95,34,10,21,10.5,closed,False,False
5997,2,2,0,0,0.0,closed,True,True
5996,1,1,0,0,0.0,closed,True,True
5995,134,4,1,2,1.0,closed,True,True
5994,726,59,43,30,15.0,closed,True,True
5993,2,0,8,1,1.0,closed,True,True
5991,15,40,4,0,0.0,closed,True,True
5989,133,97,5,0,0.0,closed,True,True
5986,207,78,4,0,0.0,closed,True,True
5985,1,1,1,0,0.0,closed,True,True
5983,117,40,3,9,3.0,closed,True,True
5981,2,0,2,0,0.0,closed,True,True
5977,83,97,2,3,1.0,closed,True,True
5974,36,20,15,24,24.0,closed,True,True
5969,51,0,1,1,1.0,closed,True,True
5967,19,1,0,2,2.0,closed,True,True
5964,1,1,1,0,0.0,closed,True,True
5961,2,1,2,0,0.0,closed,True,True
5956,23,2,12,1,1.0,closed,False,False
5955,92,31,7,3,0.75,closed,True,True
5952,24,10,1,1,0.5,closed,True,True
5951,28,22,0,0,0.0,closed,True,True
5942,542,451,1,0,0.0,closed,True,True
5941,25,25,1,0,0.0,closed,True,True
5938,1,0,1,0,0.0,closed,True,True
5933,6,6,0,0,0.0,closed,True,True
5930,1,2,6,0,0.0,closed,True,True
5927,1,67,3,0,0.0,closed,False,False
5926,5,2,1,0,0.0,closed,True,True
5925,0,1,1,0,0.0,closed,True,True
5920,71,46,9,0,0.0,closed,True,True
5915,6,6,0,0,0.0,closed,True,True
5910,8,1,14,0,0.0,closed,True,True
5900,399,315,17,7,2.3333333333333335,closed,True,True
5899,79,15,13,32,10.666666666666666,closed,False,False
5898,93,1,13,7,2.3333333333333335,closed,True,True
5897,1,1,7,0,0.0,closed,True,True
5894,1,1,0,0,0.0,closed,True,True
5891,25,25,1,0,0.0,closed,True,True
5887,0,5,14,4,4.0,closed,True,True
5882,12,9,0,0,0.0,closed,True,True
5881,22,22,2,0,0.0,closed,True,True
5878,24,0,8,2,2.0,closed,True,True
5876,18,18,5,0,0.0,closed,True,True
5871,1,0,3,6,6.0,closed,True,True
5868,5,1,7,9,9.0,closed,False,False
5867,15,3,2,0,0.0,closed,True,True
5865,9,11,7,0,0.0,closed,True,True
5864,2,2,15,0,0.0,closed,True,True
5860,5,1,0,0,0.0,closed,True,True
5856,4,6,1,7,3.5,closed,True,True
5854,17,2,8,0,0.0,closed,True,True
5848,45,23,10,0,0.0,closed,True,True
5846,7,0,3,0,0.0,closed,True,True
5843,1,1,2,0,0.0,closed,True,True
5841,9,1,1,3,3.0,closed,True,True
5839,10,4,0,0,0.0,closed,True,True
5838,6,5,1,0,0.0,closed,True,True
5837,5,10,4,0,0.0,closed,False,False
5835,17,3,11,0,0.0,closed,True,True
5833,3,3,3,0,0.0,closed,True,True
5832,3,3,1,0,0.0,closed,True,True
5830,63,25,6,0,0.0,closed,True,True
5821,20,13,3,0,0.0,closed,True,True
5820,27,19,3,0,0.0,closed,True,True
5818,1,0,4,0,0.0,closed,True,True
5816,1,1,8,0,0.0,closed,True,True
5814,16,2,2,0,0.0,closed,True,True
5813,15,10,6,0,0.0,closed,True,True
5808,1,1,2,0,0.0,closed,True,True
5803,5,0,2,0,0.0,closed,True,True
5802,1,1,11,0,0.0,closed,False,False
5800,31,23,1,11,11.0,closed,True,True
5799,1,1,5,2,2.0,closed,True,True
5798,8,19,10,0,0.0,closed,True,True
5796,34,1,2,13,13.0,closed,False,False
5795,9,9,3,0,0.0,closed,True,True
5794,6,6,2,0,0.0,closed,True,True
5793,819,327,25,0,0.0,closed,True,True
5792,6,1,4,0,0.0,closed,True,True
5791,1,1,3,0,0.0,closed,False,False
5788,81,59,21,4,1.3333333333333333,closed,True,True
5784,2,2,11,0,0.0,closed,True,True
5783,187,45,5,2,0.5,closed,False,False
5779,12,9,4,3,3.0,closed,True,True
5777,252,205,28,2,1.0,closed,True,True
5776,88,38,35,10,2.5,closed,True,True
5775,99,2,16,0,0.0,closed,True,True
5772,2,0,1,0,0.0,closed,True,True
5765,83,89,1,0,0.0,closed,True,True
5763,5,4,2,0,0.0,closed,True,True
5762,25,15,11,2,0.14285714285714285,closed,True,True
5759,49,3,6,0,0.0,closed,True,True
5757,4,3,8,0,0.0,closed,True,True
5756,38,10,10,0,0.0,closed,True,True
5755,2,0,1,0,0.0,closed,True,True
5754,141,41,16,2,2.0,closed,True,True
5752,1,1,1,0,0.0,closed,True,True
5749,6,1,1,0,0.0,closed,True,True
5748,274,119,1,0,0.0,closed,True,True
5747,46,32,9,20,4.0,closed,True,True
5746,77,22,4,0,0.0,closed,True,True
5745,8,0,11,0,0.0,closed,True,True
5742,20,9,2,4,4.0,closed,True,True
5740,466,51,5,3,3.0,closed,True,True
5739,43,16,7,2,0.6666666666666666,closed,True,True
5738,8,2,2,0,0.0,closed,True,True
5737,3,1,3,0,0.0,closed,True,True
5736,4,24,8,0,0.0,closed,True,True
5729,17,17,2,0,0.0,closed,True,True
5728,178,61,14,0,0.0,closed,True,True
5727,2,2,1,0,0.0,closed,True,True
5725,162,21,4,6,6.0,closed,True,True
5724,2,2,0,2,2.0,closed,True,True
5723,12,71,1,2,2.0,closed,True,True
5722,5,8,9,0,0.0,closed,True,True
5720,1,1,6,0,0.0,closed,True,True
5717,58,4,14,6,2.0,closed,False,False
5716,12,7,5,0,0.0,closed,True,True
5715,7,2,0,0,0.0,closed,True,True
5712,183,54,10,7,2.3333333333333335,closed,True,True
5710,39,34,1,6,6.0,closed,True,True
5709,2,1,3,0,0.0,closed,True,True
5708,1,1,0,0,0.0,closed,True,True
5706,6,6,5,0,0.0,closed,True,True
5701,8,24,1,0,0.0,closed,True,True
5700,15,14,7,0,0.0,closed,True,True
5699,1,0,0,0,0.0,closed,True,True
5696,1,2,0,0,0.0,closed,True,True
5692,35,11,2,4,1.3333333333333333,closed,True,True
5691,1,1,0,0,0.0,closed,True,True
5690,90,14,8,8,1.6,closed,True,True
5689,1,1,10,0,0.0,closed,True,True
5688,317,103,0,0,0.0,closed,True,True
5687,20,2,5,0,0.0,closed,False,False
5686,31,4,30,10,10.0,closed,True,True
5685,15,11,2,3,0.75,closed,True,True
5682,4,15,7,0,0.0,closed,False,False
5681,2,2,1,0,0.0,closed,True,True
5680,201,274,21,2,0.4,closed,True,True
5679,0,3,0,0,0.0,closed,True,True
5675,94,82,10,0,0.0,closed,True,True
5671,244,10,1,4,2.0,closed,True,True
5670,143,165,21,10,1.25,closed,True,True
5669,147,133,40,16,8.0,closed,True,True
5668,18,10,2,18,18.0,closed,True,True
5664,2,2,2,0,0.0,closed,True,True
5663,1,1,7,0,0.0,closed,False,False
5662,1,1,0,0,0.0,closed,True,True
5661,172,115,2,0,0.0,closed,True,True
5660,1,0,2,0,0.0,closed,True,True
5659,0,1,0,0,0.0,closed,True,True
5655,1,0,1,1,1.0,closed,True,True
5654,6,0,8,14,2.0,closed,False,False
5651,38,14,5,4,4.0,closed,True,True
5648,173,139,8,2,1.0,closed,True,True
5647,8,8,4,0,0.0,closed,True,True
5645,280,102,6,2,1.0,closed,True,True
5643,430,2,23,25,12.5,closed,True,True
5641,109,63,10,0,0.0,closed,True,True
5640,487,151,20,11,11.0,closed,True,True
5639,6,0,0,0,0.0,closed,True,True
5638,18,5,2,2,1.0,closed,True,True
5637,11,4,3,3,1.5,closed,True,True
5634,21,1,3,3,1.0,closed,True,True
5631,11,0,5,0,0.0,closed,True,True
5628,17,0,3,0,0.0,closed,True,True
5626,158,42,5,0,0.0,closed,False,False
5622,30,10,9,7,7.0,closed,True,True
5620,2,2,5,0,0.0,closed,False,False
5619,17,11,0,0,0.0,closed,True,True
5617,1349,248,102,82,5.857142857142857,closed,True,True
5614,9,1,5,16,16.0,closed,True,True
5613,35,19,6,0,0.0,closed,True,True
5611,599,189,23,7,1.4,closed,True,True
5610,1503,2769,36,14,0.30434782608695654,closed,True,True
5607,18,0,2,1,1.0,closed,False,False
5606,56,64,8,9,0.42857142857142855,closed,True,True
5603,240,16,5,0,0.0,closed,True,True
5602,65,52,0,0,0.0,closed,True,True
5601,54,16,1,0,0.0,closed,False,False
5600,52,16,1,0,0.0,closed,True,True
5599,10,1,0,0,0.0,closed,True,True
5597,19,19,6,0,0.0,closed,True,True
5596,1,2,8,3,3.0,closed,True,True
5595,2,1,0,0,0.0,closed,True,True
5592,24,15,1,0,0.0,closed,True,True
5591,9,9,1,0,0.0,closed,True,True
5588,5,3,1,0,0.0,closed,True,True
5587,2,2,0,7,7.0,closed,True,True
5586,7,2,0,0,0.0,closed,True,True
5585,2,2,0,0,0.0,closed,True,True
5584,1,1,0,0,0.0,closed,True,True
5583,201,41,7,2,0.4,closed,False,False
5582,15,7,1,0,0.0,closed,True,True
5581,1,1,1,0,0.0,closed,True,True
5580,19,10,8,0,0.0,closed,True,True
5579,1,0,1,0,0.0,closed,True,True
5577,8,7,0,0,0.0,closed,True,True
5576,1,1,1,0,0.0,closed,True,True
5573,101,46,4,9,4.5,closed,True,True
5572,6,1,4,0,0.0,closed,True,True
5571,8,4,3,2,2.0,closed,True,True
5566,34,4,3,4,1.3333333333333333,closed,True,True
5565,5,3,0,0,0.0,closed,True,True
5563,629,317,0,0,0.0,closed,True,True
5561,130,35,1,0,0.0,closed,True,True
5560,87,83,1,0,0.0,closed,True,True
5556,7,4,0,0,0.0,closed,True,True
5555,121,69,0,0,0.0,closed,True,True
5554,65,65,1,0,0.0,closed,True,True
5553,32,13,7,3,3.0,closed,True,True
5550,96,110,11,3,3.0,closed,True,True
5549,170,139,0,0,0.0,closed,True,True
5546,123,56,0,0,0.0,closed,False,False
5545,5,0,2,0,0.0,closed,True,True
5544,2,2,0,0,0.0,closed,True,True
5543,579,568,1,0,0.0,closed,True,True
5542,125,61,4,13,2.6,closed,True,True
5540,29,29,15,0,0.0,closed,True,True
5538,37,1,27,1,1.0,closed,True,True
5537,19,11,2,0,0.0,closed,True,True
5534,132,79,8,15,1.875,closed,True,True
5533,6,7,1,0,0.0,closed,True,True
5532,16,8,0,2,2.0,closed,True,True
5531,33,4,0,0,0.0,closed,True,True
5530,1,1,0,0,0.0,closed,True,True
5526,52,131,3,3,3.0,closed,True,True
5525,10,3,25,0,0.0,closed,False,False
5524,54,44,0,0,0.0,closed,True,True
5523,21,5,8,0,0.0,closed,True,True
5522,1,1,3,2,2.0,closed,True,True
5520,1,0,6,2,2.0,closed,True,True
5519,7,2,1,0,0.0,closed,True,True
5518,1,0,1,0,0.0,closed,True,True
5517,4,0,1,0,0.0,closed,True,True
5513,47,24,0,3,3.0,closed,True,True
5508,12,4,3,0,0.0,closed,True,True
5506,168,8,18,5,5.0,closed,True,True
5505,94,16,3,1,1.0,closed,True,True
5504,33,2,1,0,0.0,closed,True,True
5503,23,0,8,1,0.5,closed,False,False
5497,23,13,11,0,0.0,closed,True,True
5495,1,0,3,0,0.0,closed,True,True
5491,6,0,1,0,0.0,closed,True,True
5490,8,1,0,0,0.0,closed,True,True
5487,78,143,14,20,20.0,closed,True,True
5486,6,6,2,0,0.0,closed,True,True
5484,5,0,2,0,0.0,closed,True,True
5480,896,334,34,49,6.125,closed,True,True
5476,1,1,4,0,0.0,closed,True,True
5475,2,2,5,0,0.0,closed,True,True
5474,554,360,7,19,3.1666666666666665,closed,False,False
5473,207,267,50,35,3.888888888888889,closed,True,True
5472,1,1,10,2,2.0,closed,False,False
5468,215,46,2,0,0.0,closed,True,True
5458,16,18,3,0,0.0,closed,True,True
5456,139,51,6,2,2.0,closed,False,False
5455,1,0,0,0,0.0,closed,True,True
5452,0,14,2,0,0.0,closed,True,True
5450,1,1,3,0,0.0,closed,True,True
5449,17,0,0,0,0.0,closed,True,True
5448,239,105,3,6,3.0,closed,True,True
5444,130,56,11,9,9.0,closed,False,False
5441,1,0,1,6,6.0,closed,True,True
5436,962,80,19,23,23.0,closed,False,False
5434,404,95,9,19,19.0,closed,True,True
5430,92,41,1,2,1.0,closed,True,True
5429,172,46,8,1,0.3333333333333333,closed,False,False
5428,111,63,6,4,4.0,closed,True,True
5425,8,2,1,5,5.0,closed,True,True
5422,83,51,18,6,2.0,closed,True,True
5416,29,1,6,0,0.0,closed,True,True
5413,147,117,57,7,2.3333333333333335,closed,True,True
5412,14,3,2,0,0.0,closed,True,True
5410,3,3,12,0,0.0,closed,True,True
5406,7,2,5,0,0.0,closed,True,True
5401,74,50,20,23,23.0,closed,True,True
5399,3,0,3,4,4.0,closed,True,True
5398,126,39,11,8,4.0,closed,True,True
5397,2,2,2,0,0.0,closed,True,True
5394,11,0,1,0,0.0,closed,True,True
5393,4,2,0,0,0.0,closed,True,True
5392,9,8,4,0,0.0,closed,True,True
5390,0,0,6,0,0.0,closed,True,True
5389,8,6,2,0,0.0,closed,True,True
5388,47,47,9,2,2.0,closed,True,True
5387,11,0,0,0,0.0,closed,True,True
5385,28,1,4,0,0.0,closed,True,True
5384,14,11,5,4,4.0,closed,False,False
5383,1,1,2,0,0.0,closed,True,True
5381,8,3,0,0,0.0,closed,True,True
5379,2,2,5,7,7.0,closed,True,True
5378,63,53,3,0,0.0,closed,True,True
5377,1,1,3,0,0.0,closed,True,True
5375,339,236,16,3,1.0,closed,True,True
5372,314,146,20,5,5.0,closed,True,True
5367,12,6,3,0,0.0,closed,True,True
5365,108,2,6,6,6.0,closed,False,False
5360,1,1,0,0,0.0,closed,True,True
5358,1,1,0,0,0.0,closed,True,True
5357,28,3,7,0,0.0,closed,True,True
5356,73,0,8,0,0.0,closed,True,True
5354,7,0,1,0,0.0,closed,True,True
5352,1,6,0,0,0.0,closed,True,True
5351,2,2,0,0,0.0,closed,True,True
5350,199,38,8,6,6.0,closed,True,True
5349,10,24,1,2,2.0,closed,True,True
5345,4,4,10,4,4.0,closed,True,True
5342,41,10,7,15,7.5,closed,True,True
5338,17,11,2,0,0.0,closed,False,False
5335,8,6,2,0,0.0,closed,True,True
5324,53,110,7,0,0.0,closed,True,True
5323,174,46,23,6,6.0,closed,True,True
5321,108,39,14,2,0.6666666666666666,closed,True,True
5320,72,119,15,0,0.0,closed,True,True
5318,557,54,2,0,0.0,closed,True,True
5317,115,55,1,4,1.0,closed,True,True
5316,292,215,10,11,1.5714285714285714,closed,True,True
5315,1,1,1,0,0.0,closed,True,True
5312,3,2,2,0,0.0,closed,True,True
5310,4,2,4,1,1.0,closed,False,False
5307,68,69,4,4,0.6666666666666666,closed,True,True
5306,0,131,1,0,0.0,closed,True,True
5304,4,0,4,0,0.0,closed,True,True
5303,1,1,1,0,0.0,closed,True,True
5302,0,346,1,4,4.0,closed,True,True
5301,4,10,1,1,1.0,closed,True,True
5299,124,57,1,0,0.0,closed,True,True
5297,129,114,1,0,0.0,closed,True,True
5296,175,130,1,2,0.4,closed,True,True
5295,381,292,1,2,0.18181818181818182,closed,True,True
5294,236,175,2,7,7.0,closed,True,True
5291,59,38,4,0,0.0,closed,True,True
5288,459,160,1,2,2.0,closed,True,True
5287,11,4,3,0,0.0,closed,True,True
5286,10,8,7,0,0.0,closed,True,True
5285,1,1,2,0,0.0,closed,True,True
5284,28,25,1,0,0.0,closed,True,True
5282,1,1,2,0,0.0,closed,True,True
5281,2914,2225,18,56,8.0,closed,True,True
5273,1,1,1,0,0.0,closed,True,True
5271,2,1,1,0,0.0,closed,True,True
5269,4,4,9,3,3.0,closed,True,True
5268,34,20,1,0,0.0,closed,True,True
5267,37,46,1,0,0.0,closed,True,True
5266,2,4,1,0,0.0,closed,True,True
5264,5,5,1,0,0.0,closed,True,True
5260,22,2,9,0,0.0,closed,False,False
5259,17,17,1,0,0.0,closed,True,True
5258,2,7,1,0,0.0,closed,True,True
5257,261,132,1,0,0.0,closed,True,True
5256,58,51,1,0,0.0,closed,True,True
5255,98,78,1,0,0.0,closed,True,True
5253,128,88,13,7,3.5,closed,True,True
5250,2,2,4,8,8.0,closed,True,True
5248,161,71,2,0,0.0,closed,True,True
5246,9,6,2,0,0.0,closed,True,True
5245,1,1,2,0,0.0,closed,True,True
5241,3,1,3,0,0.0,closed,True,True
5240,249,258,1,2,0.4,closed,True,True
5238,9,0,4,0,0.0,closed,True,True
5237,52,4,3,0,0.0,closed,True,True
5235,334,343,1,0,0.0,closed,True,True
5234,504,327,9,0,0.0,closed,False,False
5231,167,167,6,4,2.0,closed,True,True
5229,17,3,1,0,0.0,closed,True,True
5228,68,26,1,0,0.0,closed,True,True
5226,4,4,4,0,0.0,closed,True,True
5222,1,1,1,0,0.0,closed,True,True
5220,7,4,5,0,0.0,closed,True,True
5218,22,11,1,0,0.0,closed,True,True
5217,13,11,1,0,0.0,closed,True,True
5216,2,2,1,0,0.0,closed,True,True
5215,82,250,4,0,0.0,closed,True,True
5214,18,0,1,0,0.0,closed,True,True
5212,104,104,1,0,0.0,closed,True,True
5210,21,219,1,0,0.0,closed,True,True
5209,5,1,1,0,0.0,closed,True,True
5205,7,13,5,0,0.0,closed,True,True
5203,37,26,3,0,0.0,closed,True,True
5196,48,11,8,4,4.0,closed,True,True
5192,2,2,2,0,0.0,closed,True,True
5191,3,2,2,0,0.0,closed,True,True
5188,29,31,1,2,1.0,closed,True,True
5186,25,209,1,2,0.6666666666666666,closed,True,True
5185,161,3,6,11,1.8333333333333333,closed,True,True
5184,1,0,9,0,0.0,closed,True,True
5183,18,11,4,10,10.0,closed,True,True
5182,79,6,50,13,2.6,closed,False,False
5181,92,25,15,0,0.0,closed,True,True
5180,120,14,0,0,0.0,closed,True,True
5178,28,27,1,8,8.0,closed,True,True
5176,68,36,11,10,3.3333333333333335,closed,True,True
5174,1,1,1,0,0.0,closed,True,True
5172,45,0,0,0,0.0,closed,True,True
5171,2,2,11,0,0.0,closed,True,True
5169,2,0,1,0,0.0,closed,True,True
5159,10,0,5,0,0.0,closed,True,True
5156,28,12,4,1,1.0,closed,True,True
5152,10,425,2,0,0.0,closed,True,True
5150,88,83,9,3,3.0,closed,False,False
5139,211,2,8,2,0.6666666666666666,closed,True,True
5137,45,3,16,0,0.0,closed,True,True
5136,2,2,2,0,0.0,closed,True,True
5132,181,83,3,9,4.5,closed,True,True
5130,9,5,1,0,0.0,closed,True,True
5129,8,8,7,0,0.0,closed,True,True
5128,247,85,2,8,1.6,closed,True,True
5126,1,1,5,1,1.0,closed,True,True
5124,27,21,8,2,2.0,closed,True,True
5122,1,1,2,0,0.0,closed,True,True
5120,1,1,4,5,5.0,closed,True,True
5116,151,20,7,0,0.0,closed,True,True
5111,21,14,4,0,0.0,closed,True,True
5110,1,2,5,0,0.0,closed,False,False
5108,143,31,1,0,0.0,closed,True,True
5104,17891,17317,23,0,0.0,closed,False,False
5103,8,7,9,0,0.0,closed,True,True
5102,23,7,16,4,4.0,closed,True,True
5100,137,3,20,24,3.4285714285714284,closed,True,True
5099,51,24,1,0,0.0,closed,True,True
5097,1,1,1,0,0.0,closed,True,True
5096,1900,0,26,31,2.5833333333333335,closed,True,True
5095,1,2,0,0,0.0,closed,True,True
5094,2,2,9,0,0.0,closed,True,True
5093,1,1,1,0,0.0,closed,True,True
5092,8,3,0,0,0.0,closed,True,True
5090,28,27,1,15,3.0,closed,True,True
5088,23,12,10,0,0.0,closed,False,False
5087,31150,45820,116,16,0.02077922077922078,closed,True,True
5086,40,2,4,2,2.0,closed,True,True
5085,1,0,1,0,0.0,closed,True,True
5082,44,3,3,0,0.0,closed,True,True
5081,770,1652,11,1,0.16666666666666666,closed,True,True
5077,37,13,1,0,0.0,closed,True,True
5071,10,1,1,0,0.0,closed,True,True
5070,29,7,3,0,0.0,closed,True,True
5067,9,2,4,5,5.0,closed,True,True
5062,5,1,1,0,0.0,closed,True,True
5061,44,5,13,0,0.0,closed,True,True
5060,10,4,1,0,0.0,closed,True,True
5058,1699,945,7,0,0.0,closed,True,True
5055,56,7,1,1,1.0,closed,True,True
5053,41,8,9,0,0.0,closed,False,False
5050,103,114,17,3,1.5,closed,True,True
5047,30,8,6,0,0.0,closed,True,True
5045,4,2,2,0,0.0,closed,True,True
5043,10,14,14,12,3.0,closed,False,False
5042,9,10,1,0,0.0,closed,True,True
5041,12,3,0,0,0.0,closed,True,True
5040,26,12,3,3,1.5,closed,True,True
5037,3,3,1,3,3.0,closed,True,True
5031,2,2,2,0,0.0,closed,True,True
5025,166,30,29,32,32.0,closed,True,True
5022,23,10,3,0,0.0,closed,True,True
5020,36,40,1,0,0.0,closed,True,True
5019,1,41,6,0,0.0,closed,True,True
5017,197,19,6,0,0.0,closed,True,True
5016,67,10,5,0,0.0,closed,True,True
5014,2,1,2,0,0.0,closed,True,True
5012,320,214,1,0,0.0,closed,True,True
5011,10,12,0,0,0.0,closed,True,True
5010,1,1,0,0,0.0,closed,True,True
5009,1,1,1,0,0.0,closed,True,True
5007,288,185,1,0,0.0,closed,True,True
4998,69,66,4,6,1.2,closed,True,True
4996,5,0,1,0,0.0,closed,True,True
4994,24,158,2,0,0.0,closed,True,True
4993,11,3,0,0,0.0,closed,True,True
4992,5,0,4,0,0.0,closed,True,True
4988,2620,1149,12,0,0.0,closed,True,True
4986,341,508,1,3,0.08333333333333333,closed,True,True
4984,50,41,2,0,0.0,closed,True,True
4983,8,7,1,4,4.0,closed,True,True
4976,3,1,2,0,0.0,closed,True,True
4974,1034,6,21,20,3.3333333333333335,closed,True,True
4969,22,4,1,0,0.0,closed,True,True
4968,1,1,2,0,0.0,closed,True,True
4965,23,5,1,0,0.0,closed,True,True
4964,1,1,2,0,0.0,closed,True,True
4962,49,42,5,2,2.0,closed,True,True
4961,6,4,4,2,0.6666666666666666,closed,True,True
4960,4,0,2,0,0.0,closed,True,True
4959,9,7,1,0,0.0,closed,True,True
4954,1,1,3,0,0.0,closed,True,True
4950,79,67,4,9,2.25,closed,True,True
4946,84,40,1,0,0.0,closed,True,True
4945,102,39,1,0,0.0,closed,True,True
4944,1,2,5,0,0.0,closed,True,True
4943,49,43,2,0,0.0,closed,True,True
4941,1,12,7,0,0.0,closed,True,True
4940,6,6,2,0,0.0,closed,True,True
4939,1,1,3,0,0.0,closed,True,True
4938,8,19,6,2,0.6666666666666666,closed,False,False
4936,78,160,1,0,0.0,closed,True,True
4935,3,6,3,0,0.0,closed,True,True
4934,82,49,5,0,0.0,closed,True,True
4933,551,131,0,0,0.0,closed,True,True
4932,86,67,1,2,1.0,closed,True,True
4930,11,111,3,1,0.3333333333333333,closed,True,True
4929,24,5,9,0,0.0,closed,True,True
4928,1,1,1,0,0.0,closed,True,True
4927,1,1,2,0,0.0,closed,True,True
4926,11,11,1,5,2.5,closed,True,True
4925,278,192,6,0,0.0,closed,True,True
4924,45,32,1,0,0.0,closed,True,True
4923,2,1,2,0,0.0,closed,True,True
4921,6,1,1,0,0.0,closed,True,True
4914,68,66,6,0,0.0,closed,True,True
4911,48,4,1,0,0.0,closed,True,True
4906,150,1,22,7,0.7777777777777778,closed,False,False
4905,11,1,1,0,0.0,closed,True,True
4904,13,1,0,0,0.0,closed,True,True
4903,1,1,2,0,0.0,closed,True,True
4901,14,14,2,0,0.0,closed,True,True
4900,26,0,4,3,1.0,closed,True,True
4899,1289,340,1,1,0.16666666666666666,closed,True,True
4898,222,49,1,0,0.0,closed,True,True
4893,27,10,0,0,0.0,closed,True,True
4891,3,11,0,0,0.0,closed,True,True
4890,1,10,2,0,0.0,closed,True,True
4889,54,24,2,0,0.0,closed,True,True
4888,6,2,1,0,0.0,closed,True,True
4887,14,4,1,0,0.0,closed,True,True
4883,713,102,16,10,0.43478260869565216,closed,False,False
4882,58,3,6,0,0.0,closed,True,True
4879,1,1,0,0,0.0,closed,False,False
4876,52,80,2,1,0.3333333333333333,closed,True,True
4872,14,7,1,0,0.0,closed,True,True
4871,1,1,4,0,0.0,closed,True,True
4870,30,22,5,4,1.3333333333333333,closed,True,True
4869,401,46,24,3,0.42857142857142855,closed,False,False
4867,1,1,1,0,0.0,closed,True,True
4866,1,1,2,0,0.0,closed,True,True
4854,550,1382,11,14,0.3684210526315789,closed,True,True
4852,74,88,10,0,0.0,closed,False,False
4851,60,85,1,0,0.0,closed,True,True
4850,123,129,1,0,0.0,closed,True,True
4848,227,96,8,22,22.0,closed,True,True
4842,42,12,9,0,0.0,closed,True,True
4841,17,2,1,4,4.0,closed,True,True
4840,11,3,1,0,0.0,closed,True,True
4839,1,1,5,0,0.0,closed,True,True
4837,242,2,12,12,12.0,closed,True,True
4835,33,47,1,0,0.0,closed,True,True
4834,2,9,1,2,1.0,closed,True,True
4833,13,164,6,0,0.0,closed,True,True
4831,14,11,8,0,0.0,closed,False,False
4823,68,70,1,8,8.0,closed,True,True
4821,32,7,1,0,0.0,closed,True,True
4818,19,18,1,0,0.0,closed,True,True
4815,0,2,1,0,0.0,closed,True,True
4810,4,5,3,0,0.0,closed,True,True
4809,565,99,8,13,1.4444444444444444,closed,True,True
4808,140,2120,5,11,2.75,closed,True,True
4807,55,51,5,1,0.3333333333333333,closed,True,True
4806,1,0,1,0,0.0,closed,True,True
4805,1,1,1,0,0.0,closed,True,True
4804,184,370,1,13,4.333333333333333,closed,True,True
4803,4,2,6,21,7.0,closed,True,True
4801,27,27,5,4,4.0,closed,True,True
4799,4,2811,8,0,0.0,closed,True,True
4798,77,24,5,20,10.0,closed,True,True
4796,75,67,3,0,0.0,closed,True,True
4794,38,43,3,0,0.0,closed,True,True
4792,101,22,0,3,3.0,closed,True,True
4790,8,5,2,4,4.0,closed,True,True
4788,47,71,1,2,1.0,closed,True,True
4786,16,17,4,0,0.0,closed,True,True
4785,3,3,1,0,0.0,closed,True,True
4783,2,0,16,0,0.0,closed,True,True
4781,3,2,9,2,2.0,closed,True,True
4780,45,23,2,0,0.0,closed,True,True
4779,3,3,2,0,0.0,closed,True,True
4773,15,9,1,0,0.0,closed,True,True
4772,375,224,28,5,0.5,closed,True,True
4771,133,2,20,0,0.0,closed,True,True
4770,1,1,7,0,0.0,closed,True,True
4767,155,29,2,0,0.0,closed,True,True
4766,1567,2671,8,62,3.6470588235294117,closed,True,True
4763,35,17,5,0,0.0,closed,False,False
4762,14,11,1,3,3.0,closed,True,True
4760,7,4,5,0,0.0,closed,True,True
4758,47,15,7,0,0.0,closed,False,False
4757,67,52,11,20,10.0,closed,True,True
4756,137,76,17,6,2.0,closed,True,True
4755,45,23,3,0,0.0,closed,True,True
4747,16,21,12,0,0.0,closed,False,False
4746,1,1,4,0,0.0,closed,True,True
4744,6,653,0,0,0.0,closed,True,True
4742,72,37,6,27,3.857142857142857,closed,True,True
4740,4,9,20,0,0.0,closed,True,True
4738,8,10,6,0,0.0,closed,True,True
4736,4,0,2,0,0.0,closed,True,True
4735,321,42,6,37,12.333333333333334,closed,True,True
4734,78,107,1,0,0.0,closed,True,True
4731,157,111,2,0,0.0,closed,True,True
4730,8,0,1,0,0.0,closed,True,True
4729,8,8,1,0,0.0,closed,True,True
4728,21,2,1,0,0.0,closed,True,True
4727,221,153,12,20,4.0,closed,True,True
4726,163,103,2,6,6.0,closed,True,True
4724,5,71,2,0,0.0,closed,True,True
4723,13,0,4,0,0.0,closed,True,True
4721,1,1,1,0,0.0,closed,True,True
4720,7,0,2,3,3.0,closed,True,True
4719,101,129,21,1,0.3333333333333333,closed,True,True
4718,1,1,2,0,0.0,closed,True,True
4717,282,1,11,13,1.625,closed,True,True
4716,0,1,1,0,0.0,closed,True,True
4714,3,3,5,0,0.0,closed,True,True
4713,12,182,6,0,0.0,closed,True,True
4712,1090,494,27,67,2.4814814814814814,closed,False,False
4711,108,33,5,9,2.25,closed,True,True
4707,18,13,1,0,0.0,closed,True,True
4706,53,72,1,0,0.0,closed,True,True
4705,8,23,2,2,1.0,closed,True,True
4701,286,145,8,3,0.6,closed,True,True
4700,714,318,0,0,0.0,closed,False,False
4699,114,98,7,5,0.625,closed,True,True
4697,874,907,4,29,1.45,closed,True,True
4695,2,2,5,0,0.0,closed,True,True
4688,824,416,6,21,2.3333333333333335,closed,True,True
4687,169,513,4,2,0.2222222222222222,closed,True,True
4682,304,288,2,2,0.25,closed,True,True
4681,18,15,1,1,1.0,closed,True,True
4680,62,55,1,0,0.0,closed,True,True
4678,12,96,1,0,0.0,closed,True,True
4677,233,165,1,12,4.0,closed,True,True
4676,56,11,2,4,4.0,closed,True,True
4675,3,3,2,0,0.0,closed,True,True
4674,3,3,2,0,0.0,closed,True,True
4673,107,161,1,0,0.0,closed,True,True
4672,178,446,10,2,2.0,closed,True,True
4671,63,147,1,7,1.75,closed,True,True
4670,892,808,6,3,1.5,closed,True,True
4669,1,1,6,0,0.0,closed,False,False
4668,157,163,4,8,0.47058823529411764,closed,True,True
4667,7,7,2,0,0.0,closed,True,True
4663,5,1,1,0,0.0,closed,True,True
4662,1496,705,37,48,6.857142857142857,closed,True,True
4660,36,6,3,0,0.0,closed,True,True
4658,2,1429,4,1,1.0,closed,True,True
4657,20,13,1,2,2.0,closed,True,True
4656,1,13,2,0,0.0,closed,True,True
4655,82,62,0,0,0.0,closed,True,True
4654,34,32,4,0,0.0,closed,True,True
4653,1,1,2,0,0.0,closed,False,False
4652,64,30,8,4,1.3333333333333333,closed,True,True
4651,89,119,1,0,0.0,closed,True,True
4650,89,119,0,0,0.0,closed,True,True
4649,6,6,5,3,1.5,closed,True,True
4647,182,179,2,0,0.0,closed,True,True
4646,9,1007,2,5,0.1388888888888889,closed,True,True
4645,12,3,1,0,0.0,closed,True,True
4641,152,182,9,28,2.3333333333333335,closed,True,True
4640,72,107,2,0,0.0,closed,True,True
4639,119,119,19,10,0.5882352941176471,closed,True,True
4638,80,71,2,0,0.0,closed,True,True
4635,2,0,3,0,0.0,closed,True,True
4630,14,1,4,0,0.0,closed,True,True
4629,5,3,4,4,4.0,closed,True,True
4628,189,237,2,0,0.0,closed,True,True
4627,7,1,1,0,0.0,closed,True,True
4626,18,1,5,0,0.0,closed,True,True
4625,7,1,4,2,2.0,closed,True,True
4624,1,40,2,3,3.0,closed,False,False
4623,34,2,1,5,5.0,closed,True,True
4622,53,73,2,5,1.6666666666666667,closed,True,True
4621,269,281,3,23,3.2857142857142856,closed,True,True
4620,59,275,7,15,7.5,closed,True,True
4617,25776,4,3,0,0.0,closed,False,False
4615,1118,1270,12,21,2.1,closed,True,True
4614,17,404,1,0,0.0,closed,True,True
4613,26,42,1,0,0.0,closed,True,True
4612,1,1,1,0,0.0,closed,True,True
4611,2,2,1,0,0.0,closed,True,True
4609,596,721,1,5,0.15625,closed,True,True
4608,5,0,1,0,0.0,closed,True,True
4605,6,5,4,2,2.0,closed,True,True
4603,1,0,2,0,0.0,closed,True,True
4601,2813,1088,76,88,2.6666666666666665,closed,True,True
4600,3,0,1,0,0.0,closed,True,True
4599,32,14,1,0,0.0,closed,True,True
4598,3,3,11,1,1.0,closed,True,True
4596,0,6,3,0,0.0,closed,True,True
4595,11,6,3,6,3.0,closed,True,True
4590,27,6,2,0,0.0,closed,True,True
4587,2467,2463,18,50,1.1111111111111112,closed,True,True
4585,61,29,6,22,22.0,closed,True,True
4584,10062,2832,4,3,0.0967741935483871,closed,True,True
4582,7,3,5,0,0.0,closed,True,True
4581,2,0,3,0,0.0,closed,True,True
4578,86,20,5,8,8.0,closed,True,True
4577,54,22,3,6,2.0,closed,True,True
4575,20,3,0,0,0.0,closed,True,True
4573,109,19,1,0,0.0,closed,True,True
4572,20,3,4,0,0.0,closed,True,True
4569,964,477,8,28,1.6470588235294117,closed,True,True
4568,34,23,7,5,5.0,closed,True,True
4567,5,8,1,0,0.0,closed,True,True
4566,32,55,7,2,0.6666666666666666,closed,False,False
4565,12,10,7,1,1.0,closed,True,True
4563,4,4,8,0,0.0,closed,True,True
4562,170,220,2,18,18.0,closed,True,True
4559,84,20,9,14,14.0,closed,True,True
4558,0,2,1,0,0.0,closed,True,True
4557,5,5,0,0,0.0,closed,True,True
4556,683,108,24,18,3.6,closed,False,False
4555,12,1,8,0,0.0,closed,False,False
4554,402,172,8,0,0.0,closed,True,True
4553,2691,2762,12,65,1.2745098039215685,closed,True,True
4552,206,84,2,0,0.0,closed,True,True
4551,101,50,14,22,4.4,closed,True,True
4550,0,0,1,0,0.0,closed,True,True
4548,710,1614,4,0,0.0,closed,True,True
4547,593,23,2,19,6.333333333333333,closed,True,True
4541,192,71,7,0,0.0,closed,True,True
4540,1,1,5,0,0.0,closed,True,True
4539,2795,1043,5,0,0.0,closed,False,False
4538,5,5,6,13,6.5,closed,True,True
4536,453,668,11,8,8.0,closed,True,True
4532,41,1,2,3,1.0,closed,True,True
4531,137,8,18,23,7.666666666666667,closed,True,True
4530,9,6,2,0,0.0,closed,True,True
4528,1,1,0,0,0.0,closed,True,True
4527,2,2,0,0,0.0,closed,True,True
4526,101,22,3,5,5.0,closed,True,True
4525,3,5,6,2,2.0,closed,True,True
4521,3,0,0,0,0.0,closed,True,True
4520,26,27,6,0,0.0,closed,True,True
4519,47,62,3,2,0.2857142857142857,closed,True,True
4518,512,181,6,12,1.5,closed,True,True
4512,243,198,18,29,5.8,closed,False,False
4507,1030,2375,20,65,7.222222222222222,closed,True,True
4506,3,0,1,0,0.0,closed,True,True
4504,77,42,2,4,4.0,closed,True,True
4502,238,153,0,0,0.0,closed,True,True
4501,932,366,30,54,6.0,closed,False,False
4499,3336,305,39,53,53.0,closed,True,True
4497,680,2,4,0,0.0,closed,False,False
4493,41,40,0,0,0.0,closed,True,True
4492,4,0,1,0,0.0,closed,True,True
4491,68,67,6,11,11.0,closed,True,True
4481,5682,8583,13,0,0.0,closed,False,False
4480,370,316,3,0,0.0,closed,True,True
4475,55,54,17,0,0.0,closed,True,True
4474,40,41,22,0,0.0,closed,True,True
4471,173,23,8,12,3.0,closed,True,True
4470,0,0,17,0,0.0,closed,True,True
4468,46,18,4,0,0.0,closed,True,True
4467,14,5,2,0,0.0,closed,False,False
4465,0,2,0,0,0.0,closed,True,True
4463,59,4,4,10,10.0,closed,True,True
4461,36,20,0,0,0.0,closed,True,True
4459,160,96,0,0,0.0,closed,True,True
4454,107,7,15,0,0.0,closed,True,True
4452,4,0,1,0,0.0,closed,True,True
4442,67,18,1,3,3.0,closed,True,True
4438,6,0,0,0,0.0,closed,True,True
4436,344,344,0,0,0.0,closed,True,True
4435,4,86,0,0,0.0,closed,True,True
4434,14,110,2,0,0.0,closed,True,True
4433,101,28,1,4,2.0,closed,True,True
4432,9,6,0,0,0.0,closed,True,True
4431,57,425,11,2,2.0,closed,True,True
4430,7,1005,1,1,0.5,closed,True,True
4425,763,429,0,1,0.5,closed,True,True
4416,63,15,2,10,3.3333333333333335,closed,True,True
4414,10,357,4,2,0.6666666666666666,closed,True,True
4412,35,14,6,0,0.0,closed,True,True
4411,693,192,1,5,2.5,closed,True,True
4409,1,1,0,0,0.0,closed,True,True
4406,3,2,1,0,0.0,closed,True,True
4405,99,58,3,0,0.0,closed,True,True
4402,29,0,1,0,0.0,closed,True,True
4400,1,1,0,0,0.0,closed,True,True
4399,550,0,12,10,3.3333333333333335,closed,False,False
4398,3,5,1,2,2.0,closed,False,False
4394,27,9,4,4,4.0,closed,True,True
4390,115,35,12,8,8.0,closed,True,True
4386,1,1,2,0,0.0,closed,True,True
4385,5,4,6,0,0.0,closed,True,True
4384,1,4,7,0,0.0,closed,True,True
4379,6,1,5,3,3.0,closed,True,True
4376,528,267,3,4,2.0,closed,False,False
4375,1,1,3,0,0.0,closed,True,True
4362,8,1,0,0,0.0,closed,True,True
4359,91,82,0,4,2.0,closed,True,True
4357,4,0,1,0,0.0,closed,True,True
4354,2,0,8,0,0.0,closed,True,True
4351,37,38,1,0,0.0,closed,True,True
4350,3,0,1,0,0.0,closed,True,True
4346,2,0,0,0,0.0,closed,True,True
4344,27,23,1,1,0.5,closed,True,True
4343,8,21,3,0,0.0,closed,True,True
4342,276,0,0,0,0.0,closed,True,True
4341,146,5,0,0,0.0,closed,True,True
4340,5,11,0,0,0.0,closed,True,True
4339,5,4,6,0,0.0,closed,False,False
4334,119,65,34,5,1.0,closed,True,True
4333,56,6,10,10,5.0,closed,True,True
4332,1,0,0,0,0.0,closed,True,True
4331,16,0,0,0,0.0,closed,True,True
4330,18,4,5,3,1.5,closed,True,True
4328,26,35,6,0,0.0,closed,True,True
4327,44,38,2,2,1.0,closed,True,True
4325,228,76,2,7,3.5,closed,True,True
4324,254,2,14,0,0.0,closed,True,True
4323,18,11,0,0,0.0,closed,True,True
4321,27,0,2,0,0.0,closed,True,True
4320,2,0,7,0,0.0,closed,True,True
4318,1,1,1,2,2.0,closed,True,True
4317,4,1,1,1,0.5,closed,True,True
4313,188,106,8,15,2.142857142857143,closed,True,True
4310,68,24,10,5,5.0,closed,True,True
4309,123,36,16,3,3.0,closed,True,True
4302,2,0,0,0,0.0,closed,True,True
4300,278,76,1,0,0.0,closed,False,False
4298,1,1,0,0,0.0,closed,True,True
4297,96,10,2,3,3.0,closed,True,True
4294,2,6,0,0,0.0,closed,True,True
4293,2,11,0,0,0.0,closed,True,True
4291,34,27,0,0,0.0,closed,True,True
4290,15,14,0,0,0.0,closed,True,True
4289,9,3,0,0,0.0,closed,True,True
4288,8,8,2,0,0.0,closed,True,True
4287,13,13,0,0,0.0,closed,True,True
4284,2,1,1,0,0.0,closed,True,True
4280,168,9,6,24,8.0,closed,True,True
4279,224,98,7,7,2.3333333333333335,closed,True,True
4277,20,0,0,2,1.0,closed,True,True
4275,75,58,2,7,7.0,closed,True,True
4274,1,1,0,2,2.0,closed,True,True
4273,15,2,1,2,2.0,closed,False,False
4272,36,24,1,0,0.0,closed,True,True
4270,27,85,15,0,0.0,closed,True,True
4268,1110,416,0,0,0.0,closed,True,True
4265,43,18,6,0,0.0,closed,True,True
4260,22,7,0,0,0.0,closed,True,True
4259,11,12,0,0,0.0,closed,True,True
4257,1,1,1,0,0.0,closed,True,True
4254,25,3,1,0,0.0,closed,False,False
4253,8,12,1,1,1.0,closed,True,True
4252,50,52,0,0,0.0,closed,True,True
4251,8,5,6,3,1.5,closed,True,True
4249,100,13,3,3,3.0,closed,True,True
4247,68,20,27,4,0.8,closed,True,True
4246,2,2,5,0,0.0,closed,True,True
4245,17,13,0,0,0.0,closed,True,True
4244,833,334,0,2,2.0,closed,True,True
4243,9,1,1,0,0.0,closed,True,True
4241,310,187,0,0,0.0,closed,True,True
4239,382,229,0,0,0.0,closed,True,True
4236,1,1,0,0,0.0,closed,True,True
4234,12,2,0,0,0.0,closed,True,True
4228,16,5,2,2,1.0,closed,True,True
4227,1,1,0,0,0.0,closed,True,True
4224,15,47,2,3,3.0,closed,True,True
4223,34,17,0,0,0.0,closed,True,True
4222,6,3,0,0,0.0,closed,True,True
4221,6,1,0,0,0.0,closed,True,True
4220,69,16,0,0,0.0,closed,True,True
4218,110,183,1,0,0.0,closed,True,True
4217,13,2,11,0,0.0,closed,True,True
4216,117,117,0,0,0.0,closed,True,True
4215,228,222,0,0,0.0,closed,True,True
4214,15,3,16,2,2.0,closed,False,False
4211,12,0,0,0,0.0,closed,True,True
4210,131,129,6,2,2.0,closed,True,True
4209,384,403,15,10,3.3333333333333335,closed,True,True
4208,51,28,0,0,0.0,closed,True,True
4207,21,28,0,0,0.0,closed,True,True
4206,1,8,0,0,0.0,closed,True,True
4200,334,157,0,0,0.0,closed,True,True
4199,2,0,0,0,0.0,closed,True,True
4198,14,15,1,0,0.0,closed,True,True
4197,8,7,0,2,2.0,closed,True,True
4193,4,3,2,0,0.0,closed,True,True
4192,132,144,0,0,0.0,closed,True,True
4191,7,13,0,0,0.0,closed,True,True
4189,53,10,19,0,0.0,closed,True,True
4188,4,0,3,0,0.0,closed,True,True
4186,85,34,4,10,5.0,closed,True,True
4178,7,7,1,0,0.0,closed,True,True
4175,101,31,1,8,1.3333333333333333,closed,True,True
4173,57,37,5,3,0.75,closed,True,True
4168,57,1,3,4,4.0,closed,True,True
4167,27,15,0,0,0.0,closed,True,True
4166,19,6,0,4,2.0,closed,True,True
4165,60,52,0,0,0.0,closed,True,True
4164,144,73,9,5,2.5,closed,False,False
4163,25,14,0,4,2.0,closed,True,True
4162,219,261,2,1,1.0,closed,True,True
4161,4,0,0,0,0.0,closed,True,True
4157,248,265,5,15,1.0714285714285714,closed,True,True
4156,1,0,1,0,0.0,closed,True,True
4153,35,15,1,0,0.0,closed,True,True
4152,50,16,0,0,0.0,closed,True,True
4150,117,122,2,0,0.0,closed,True,True
4149,44,75,0,0,0.0,closed,True,True
4147,21,28,2,5,2.5,closed,True,True
4146,551,8,26,4,2.0,closed,True,True
4144,9,8,1,0,0.0,closed,True,True
4142,4,1,0,0,0.0,closed,True,True
4141,15,5,1,0,0.0,closed,True,True
4140,20,12,0,0,0.0,closed,True,True
4139,4,5,0,5,1.6666666666666667,closed,True,True
4138,32,9,6,0,0.0,closed,False,False
4137,247,81,0,0,0.0,closed,True,True
4136,6,0,2,0,0.0,closed,True,True
4135,166,0,0,14,4.666666666666667,closed,True,True
4134,56,19,0,3,3.0,closed,True,True
4133,6,11,0,0,0.0,closed,True,True
4131,1,1,0,0,0.0,closed,True,True
4129,4,4,2,0,0.0,closed,True,True
4127,6,6,0,0,0.0,closed,True,True
4124,324,14,9,15,15.0,closed,True,True
4121,59,78,4,0,0.0,closed,True,True
4119,748,254,11,17,5.666666666666667,closed,False,False
4116,4,1,3,0,0.0,closed,False,False
4115,3,3,1,0,0.0,closed,True,True
4112,260,102,9,12,1.0,closed,True,True
4111,1,2,0,0,0.0,closed,True,True
4110,1,2,1,0,0.0,closed,True,True
4109,1,1,1,0,0.0,closed,True,True
4108,8,3,3,0,0.0,closed,True,True
4107,28,17,0,1,0.5,closed,True,True
4106,15,7,0,4,4.0,closed,True,True
4105,7,0,2,0,0.0,closed,True,True
4103,4,4,2,3,3.0,closed,True,True
4101,14,14,1,0,0.0,closed,True,True
4100,1128,909,4,0,0.0,closed,True,True
4096,90,26,28,3,3.0,closed,True,True
4095,105,33,3,1,0.2,closed,True,True
4094,4,0,0,0,0.0,closed,True,True
4093,241,76,8,4,0.17391304347826086,closed,True,True
4092,149,1,6,0,0.0,closed,True,True
4089,117,2,11,4,0.8,closed,True,True
4088,29,29,0,0,0.0,closed,True,True
4087,67,0,0,0,0.0,closed,True,True
4086,17,16,9,10,0.9090909090909091,closed,True,True
4085,20,11,0,0,0.0,closed,True,True
4084,63,24,17,0,0.0,closed,True,True
4083,16,0,2,0,0.0,closed,True,True
4081,16,0,6,0,0.0,closed,False,False
4080,1,0,6,0,0.0,closed,False,False
4079,186,190,1,0,0.0,closed,True,True
4078,194,527,1,0,0.0,closed,True,True
4077,454,225,0,1,0.3333333333333333,closed,True,True
4076,2,2,0,0,0.0,closed,True,True
4075,7,4,4,0,0.0,closed,True,True
4074,190,16,7,3,3.0,closed,True,True
4071,402,95,1,2,0.5,closed,True,True
4065,386,41,5,7,7.0,closed,True,True
4064,310,114,0,3,1.5,closed,True,True
4063,8,8,1,6,6.0,closed,False,False
4059,139,1,0,0,0.0,closed,True,True
4053,233,64,10,1,0.16666666666666666,closed,True,True
4052,44,15,2,0,0.0,closed,True,True
4051,364,210,5,0,0.0,closed,False,False
4047,6,0,0,0,0.0,closed,True,True
4046,119,107,8,1,0.3333333333333333,closed,True,True
4045,248,151,1,0,0.0,closed,True,True
4044,300,49,1,0,0.0,closed,True,True
4043,164,175,0,4,4.0,closed,True,True
4041,100,14,5,12,4.0,closed,True,True
4039,216,282,2,0,0.0,closed,False,False
4036,5,4,0,0,0.0,closed,True,True
4035,16,2,0,0,0.0,closed,True,True
4034,19,15,0,1,1.0,closed,True,True
4032,156,49,7,1,1.0,closed,True,True
4030,4,0,0,0,0.0,closed,True,True
4029,4,0,0,0,0.0,closed,True,True
4023,16,19,8,3,3.0,closed,True,True
4022,336,107,11,1,0.25,closed,True,True
4021,6,2,1,0,0.0,closed,True,True
4020,1087,911,3,0,0.0,closed,True,True
4019,27,20,1,0,0.0,closed,True,True
4018,15,0,1,6,2.0,closed,True,True
4017,6,0,0,0,0.0,closed,True,True
4015,1,1,7,0,0.0,closed,True,True
4009,87,49,0,0,0.0,closed,True,True
4008,33,315,2,0,0.0,closed,True,True
4003,9,1,0,0,0.0,closed,True,True
3996,18,18,0,0,0.0,closed,True,True
3993,15,10,0,0,0.0,closed,True,True
3992,25,23,0,0,0.0,closed,True,True
3977,2,2,1,0,0.0,closed,True,True
3976,4,0,3,0,0.0,closed,True,True
3971,30,19,0,0,0.0,closed,True,True
3967,364,135,0,38,19.0,closed,True,True
3965,221,155,1,2,2.0,closed,True,True
3964,18,9,1,2,0.3333333333333333,closed,True,True
3963,15,1,2,0,0.0,closed,True,True
3957,1,1,0,0,0.0,closed,True,True
3955,8,0,3,3,3.0,closed,True,True
3953,4,16,5,0,0.0,closed,True,True
3949,0,0,0,0,0.0,closed,True,True
3946,1,1,0,0,0.0,closed,True,True
3945,3,0,2,2,2.0,closed,True,True
3944,35,12,2,0,0.0,closed,True,True
3943,22,22,0,0,0.0,closed,True,True
3942,452,108,0,0,0.0,closed,False,False
3941,453,108,0,0,0.0,closed,False,False
3940,459,108,0,0,0.0,closed,False,False
3939,8,1,0,0,0.0,closed,True,True
3938,10,6,6,8,8.0,closed,True,True
3937,39,21,0,14,14.0,closed,True,True
3936,4,4,3,6,6.0,closed,True,True
3930,2,2,0,0,0.0,closed,True,True
3928,2,2,0,2,2.0,closed,True,True
3927,4,0,1,0,0.0,closed,True,True
3926,2,9,0,0,0.0,closed,True,True
3921,409,278,19,2,2.0,closed,True,True
3920,91,26,4,0,0.0,closed,True,True
3919,82,108,9,17,1.3076923076923077,closed,True,True
3918,46,10,0,0,0.0,closed,True,True
3917,1,1,0,0,0.0,closed,True,True
3916,20,9,0,0,0.0,closed,True,True
3914,0,1,0,0,0.0,closed,True,True
3906,122,474,3,3,1.0,closed,False,False
3905,15,5,2,0,0.0,closed,True,True
3904,394,51,16,37,37.0,closed,True,True
3900,117,225,5,1,0.5,closed,True,True
3898,487,0,40,6,0.75,closed,False,False
3896,19,9,1,4,4.0,closed,True,True
3894,3,9,0,0,0.0,closed,True,True
3893,2,2,0,0,0.0,closed,True,True
3886,3,0,0,0,0.0,closed,True,True
3884,702,313,14,0,0.0,closed,True,True
3881,7,3,1,0,0.0,closed,True,True
3880,60,72,0,0,0.0,closed,True,True
3877,13,0,1,0,0.0,closed,False,False
3873,1,1,0,0,0.0,closed,True,True
3868,2,2,0,0,0.0,closed,True,True
3865,1313,709,3,18,18.0,closed,True,True
3863,2,1,0,0,0.0,closed,True,True
3852,2,7,0,1,1.0,closed,True,True
3846,28,28,4,0,0.0,closed,False,False
3843,287,31,23,16,0.8,closed,True,True
3841,16,18,0,1,1.0,closed,True,True
3835,1187,31,125,116,116.0,closed,True,True
3834,91,34,4,0,0.0,closed,True,True
3833,44,0,4,4,4.0,closed,True,True
3831,8,6,3,3,3.0,closed,True,True
3826,1262,1301,4,1,0.3333333333333333,closed,True,True
3818,24,3,9,8,8.0,closed,True,True
3812,2,1,0,2,2.0,closed,True,True
3803,3,1,0,0,0.0,closed,True,True
3799,12,8,2,0,0.0,closed,True,True
3796,4,5,0,0,0.0,closed,True,True
3789,4,4,9,0,0.0,closed,False,False
3788,31,13,0,2,2.0,closed,True,True
3785,140,35,2,0,0.0,closed,False,False
3783,1,0,0,0,0.0,closed,True,True
3776,16,5,11,6,3.0,closed,True,True
3775,1,1,0,0,0.0,closed,True,True
3772,199,199,0,0,0.0,closed,True,True
3771,705,163,5,0,0.0,closed,False,False
3769,142,119,26,2,0.2,closed,False,False
3768,5,5,0,0,0.0,closed,True,True
3762,1,1,1,0,0.0,closed,True,True
3757,18,2,5,2,2.0,closed,True,True
3754,346,310,9,0,0.0,closed,True,True
3753,19,19,0,0,0.0,closed,True,True
3752,11,2,2,0,0.0,closed,True,True
3746,2,2,2,0,0.0,closed,True,True
3744,23,2,0,0,0.0,closed,True,True
3743,5,0,7,2,1.0,closed,True,True
3741,1,1,0,0,0.0,closed,True,True
3740,6,3,0,0,0.0,closed,False,False
3739,2,2,0,0,0.0,closed,True,True
3737,6,0,0,0,0.0,closed,True,True
3736,2,2,1,0,0.0,closed,True,True
3733,56,4,1,5,5.0,closed,True,True
3731,1,1,0,0,0.0,closed,True,True
3723,74,25,0,4,4.0,closed,True,True
3717,15,7,1,0,0.0,closed,True,True
3715,2779,3031,2,0,0.0,closed,False,False
3714,1,1,1,0,0.0,closed,True,True
3713,15,7,3,3,3.0,closed,False,False
3711,862,702,2,0,0.0,closed,True,True
3708,9,3,0,0,0.0,closed,True,True
3704,164,139,4,0,0.0,closed,True,True
3703,256,278,2,0,0.0,closed,False,False
3701,29,15,2,0,0.0,closed,False,False
3697,134,78,5,0,0.0,closed,True,True
3694,331,331,0,0,0.0,closed,True,True
3693,2151,1003,103,4,1.3333333333333333,closed,True,True
3690,12,4,0,0,0.0,closed,True,True
3689,2,3,2,0,0.0,closed,True,True
3688,19,19,1,0,0.0,closed,False,False
3687,1,1,0,0,0.0,closed,True,True
3681,615,164,20,8,2.0,closed,True,True
3678,42,2,0,0,0.0,closed,True,True
3677,9,2,0,0,0.0,closed,True,True
3672,1,19,0,7,7.0,closed,True,True
3671,32,12,5,4,0.6666666666666666,closed,True,True
3668,3,16,5,0,0.0,closed,True,True
3667,245,169,3,2,2.0,closed,True,True
3666,27,3,2,0,0.0,closed,True,True
3661,189,2,39,0,0.0,closed,False,False
3657,34,13,0,0,0.0,closed,True,True
3656,6,6,0,0,0.0,closed,True,True
3653,57,2,13,4,1.3333333333333333,closed,True,True
3651,288,112,14,2,0.4,closed,True,True
3647,591,53,1,16,2.0,closed,True,True
3645,15,40,5,6,3.0,closed,False,False
3644,6,6,0,0,0.0,closed,True,True
3643,67,17,0,0,0.0,closed,True,True
3642,512,47,4,23,23.0,closed,True,True
3638,185,132,9,0,0.0,closed,False,False
3637,23,22,2,0,0.0,closed,True,True
3635,1,0,0,0,0.0,closed,True,True
3633,44,21,0,0,0.0,closed,True,True
3632,153,121,0,0,0.0,closed,True,True
3630,95,19,4,0,0.0,closed,True,True
3629,4,4,5,6,3.0,closed,True,True
3623,8,29,0,0,0.0,closed,True,True
3622,5,2,2,0,0.0,closed,True,True
3617,23,14,0,0,0.0,closed,True,True
3615,645,149,11,24,12.0,closed,True,True
3614,331,331,11,2,2.0,closed,True,True
3608,1,1,0,0,0.0,closed,True,True
3601,6,0,0,0,0.0,closed,True,True
3598,7,3,0,0,0.0,closed,True,True
3597,8,9,0,0,0.0,closed,True,True
3595,1,1,0,0,0.0,closed,True,True
3591,15,3,0,0,0.0,closed,True,True
3588,7,6,0,0,0.0,closed,True,True
3586,1,0,0,0,0.0,closed,True,True
3582,0,0,3,0,0.0,closed,True,True
3579,6,6,1,0,0.0,closed,False,False
3577,1,0,0,0,0.0,closed,True,True
3575,32772,32212,2,0,0.0,closed,True,True
3573,47,21,0,0,0.0,closed,True,True
3572,4,1,0,0,0.0,closed,True,True
3571,4,4,0,0,0.0,closed,True,True
3568,1,1,2,0,0.0,closed,True,True
3561,3,1,0,0,0.0,closed,True,True
3558,10,0,2,0,0.0,closed,True,True
3556,54,29,19,8,2.6666666666666665,closed,True,True
3555,6,0,1,0,0.0,closed,True,True
3551,5,8,2,6,6.0,closed,True,True
3549,1,0,1,0,0.0,closed,True,True
3548,14,10,0,0,0.0,closed,True,True
3543,5,2,0,0,0.0,closed,True,True
3541,29,8,4,0,0.0,closed,True,True
3540,31,31,1,0,0.0,closed,True,True
3535,8,0,2,4,4.0,closed,True,True
3533,11,3,0,0,0.0,closed,True,True
3528,28,2,1,0,0.0,closed,True,True
3526,10,10,0,0,0.0,closed,True,True
3519,12,1,0,0,0.0,closed,True,True
3518,8,14,2,1,1.0,closed,True,True
3516,189,18,7,17,2.8333333333333335,closed,False,False
3508,5,5,5,0,0.0,closed,True,True
3488,11,5,0,0,0.0,closed,True,True
3485,4,4,3,0,0.0,closed,True,True
3484,37,3,16,6,6.0,closed,True,True
3479,17,17,6,0,0.0,closed,False,False
3478,5,2,0,3,3.0,closed,True,True
3477,2,2,1,0,0.0,closed,False,False
3471,43,26,1,1,1.0,closed,True,True
3463,24,0,0,0,0.0,closed,True,True
3460,10,2,0,0,0.0,closed,True,True
3459,1,1,0,0,0.0,closed,True,True
3454,1,1,0,0,0.0,closed,True,True
3453,1,1,0,0,0.0,closed,True,True
3451,94,70,0,0,0.0,closed,True,True
3442,33,2,0,0,0.0,closed,True,True
3439,91,67,53,13,2.6,closed,True,True
3426,1169,6,0,0,0.0,closed,True,True
3425,46,18,0,0,0.0,closed,True,True
3417,25,8,0,0,0.0,closed,True,True
3416,4,5,0,0,0.0,closed,True,True
3415,32,17,2,0,0.0,closed,True,True
3414,6,2,4,0,0.0,closed,False,False
3413,1,1,0,0,0.0,closed,True,True
3412,19,0,5,0,0.0,closed,False,False
3411,0,3182,2,0,0.0,closed,True,True
3410,5,1,2,0,0.0,closed,True,True
3409,185,107,0,2,0.6666666666666666,closed,True,True
3406,6,6,3,0,0.0,closed,True,True
3405,8,2,0,0,0.0,closed,True,True
3403,327,43,14,3,0.5,closed,False,False
3402,21,1,0,0,0.0,closed,False,False
3399,1,0,5,0,0.0,closed,False,False
3397,12,12,0,0,0.0,closed,True,True
3396,16,10,4,5,1.6666666666666667,closed,False,False
3390,1,3,1,0,0.0,closed,False,False
3381,51,10,3,0,0.0,closed,True,True
3374,10,0,0,0,0.0,closed,True,True
3370,2,1,0,0,0.0,closed,True,True
3369,2,2,1,0,0.0,closed,False,False
3368,2,1,2,0,0.0,closed,False,False
3364,1,1,0,0,0.0,closed,True,True
3358,14,4,3,1,0.5,closed,False,False
3353,4,4,12,0,0.0,closed,True,True
3350,2,2,8,0,0.0,closed,False,False
3349,263,259,0,0,0.0,closed,True,True
3348,6,3,0,3,1.5,closed,True,True
3344,2,2,1,0,0.0,closed,False,False
3343,728,1,11,0,0.0,closed,False,False
3342,146,10,2,0,0.0,closed,False,False
3336,4,4,1,0,0.0,closed,True,True
3331,991,1016,6,5,1.25,closed,True,True
3329,73,9,2,0,0.0,closed,False,False
3325,53,18,1,0,0.0,closed,False,False
3322,146,155,8,0,0.0,closed,True,True
3321,8,5,2,0,0.0,closed,False,False
3319,153,36,3,0,0.0,closed,False,False
3317,0,16,4,0,0.0,closed,True,True
3315,55,7,2,0,0.0,closed,False,False
3313,2,0,0,0,0.0,closed,True,True
3312,20,4,0,0,0.0,closed,True,True
3310,272,173,0,0,0.0,closed,True,True
3308,29,27,0,0,0.0,closed,True,True
3304,83,109,4,0,0.0,closed,True,True
3303,9,4,0,0,0.0,closed,True,True
3300,10,5,0,0,0.0,closed,True,True
3299,6,5,0,0,0.0,closed,False,False
3298,135,23,9,3,3.0,closed,False,False
3295,27,36,3,0,0.0,closed,True,True
3291,1645,1048,7,0,0.0,closed,True,True
3288,19,5,1,0,0.0,closed,False,False
3285,13,13,0,0,0.0,closed,True,True
3283,55,26,0,0,0.0,closed,True,True
3277,47,3,1,5,5.0,closed,True,True
3276,98,150,0,0,0.0,closed,True,True
3275,5,1,0,0,0.0,closed,True,True
3273,8,7,0,4,4.0,closed,False,False
3272,2,2,0,0,0.0,closed,True,True
3270,177,113,1,1,0.14285714285714285,closed,False,False
3264,57,36,4,0,0.0,closed,True,True
3262,6,3,0,0,0.0,closed,True,True
3260,140,21,8,3,1.0,closed,True,True
3259,64,2,0,2,2.0,closed,True,True
3258,29,1,0,4,4.0,closed,True,True
3257,4,4,0,0,0.0,closed,True,True
3254,20,6,0,0,0.0,closed,False,False
3253,151,100,9,0,0.0,closed,True,True
3252,16,13,0,0,0.0,closed,True,True
3251,30,13,0,0,0.0,closed,True,True
3250,395,167,13,3,0.06976744186046512,closed,True,True
3249,1297,22,5,0,0.0,closed,True,True
3247,28,5,0,0,0.0,closed,True,True
3246,120,23,0,0,0.0,closed,True,True
3245,70,18,14,0,0.0,closed,True,True
3244,3,18,0,0,0.0,closed,True,True
3242,670,0,20,9,4.5,closed,True,True
3241,744,16,0,0,0.0,closed,True,True
3240,9,3,0,0,0.0,closed,True,True
3239,1,1,0,0,0.0,closed,True,True
3238,18,3,1,0,0.0,closed,True,True
3237,3,2,0,0,0.0,closed,True,True
3234,45,27,5,3,0.75,closed,True,True
3233,854,251,15,4,4.0,closed,True,True
3232,62,27,0,4,4.0,closed,False,False
3226,71,0,1,0,0.0,closed,False,False
3225,182135,1654,0,0,0.0,closed,False,False
3224,26,10,0,0,0.0,closed,True,True
3223,79,55,0,0,0.0,closed,True,True
3221,183,99,1,0,0.0,closed,True,True
3219,657,8,11,0,0.0,closed,True,True
3211,9,1,3,0,0.0,closed,True,True
3210,97,43,1,0,0.0,closed,True,True
3209,51,4,0,0,0.0,closed,True,True
3202,28,17,0,1,0.14285714285714285,closed,True,True
3201,29,16,0,0,0.0,closed,True,True
3199,15,7,6,0,0.0,closed,True,True
3198,609,419,19,7,0.2916666666666667,closed,True,True
3196,1,0,0,0,0.0,closed,True,True
3193,18,3,0,0,0.0,closed,True,True
3191,2,1,0,0,0.0,closed,True,True
3187,1073091,104420,0,0,0.0,closed,False,False
3183,1,1,0,0,0.0,closed,True,True
3182,2,1,1,1,1.0,closed,True,True
3179,2,2,1,3,3.0,closed,False,False
3178,115,275,1,9,2.25,closed,True,True
3174,197,205,0,0,0.0,closed,True,True
3170,78,24,11,0,0.0,closed,False,False
3167,98,45,7,4,0.5,closed,False,False
3152,729,173,25,3,0.07317073170731707,closed,True,True
3151,1,0,4,2,1.0,closed,True,True
3148,0,0,0,0,0.0,closed,True,True
3137,2,2,2,0,0.0,closed,True,True
3125,1,1,0,0,0.0,closed,True,True
3121,0,0,2,0,0,closed,False,False
3106,60,121,6,1,0.07692307692307693,closed,False,False
3101,70,35,0,0,0.0,closed,True,True
3100,7,0,0,0,0.0,closed,True,True
3099,113,185,5,1,0.25,closed,False,False
3097,4,4,0,0,0.0,closed,False,False
3094,2,2,0,0,0.0,closed,True,True
3093,10,1,3,0,0.0,closed,True,True
3091,17,41,0,0,0.0,closed,True,True
3082,1100,1012,1,0,0.0,closed,True,True
3080,0,0,1,0,0,closed,False,False
3076,2,2,0,0,0.0,closed,True,True
3074,28,0,4,0,0.0,closed,True,True
3070,4,1,1,1,0.5,closed,False,False
3062,14,23,0,0,0.0,closed,True,True
3059,1272,20,0,0,0.0,closed,True,True
3053,1,1,0,0,0.0,closed,True,True
3052,82,74,11,0,0.0,closed,True,True
3051,178,174,0,1,0.3333333333333333,closed,True,True
3048,9,1,0,0,0.0,closed,True,True
3046,346059,12886,0,0,0.0,closed,True,True
3039,1965,189,10,0,0.0,closed,True,True
3038,3337,292,30,0,0.0,closed,False,False
3034,46,2,3,0,0.0,closed,True,True
3024,2,2,2,0,0.0,closed,False,False
3023,5,0,5,0,0.0,closed,False,False
3022,2,0,1,0,0.0,closed,True,True
3018,5,0,0,0,0.0,closed,True,True
3017,6,7,0,0,0.0,closed,True,True
3016,2,1,0,0,0.0,closed,True,True
3014,25,8,0,0,0.0,closed,True,True
3012,16,3,5,0,0.0,closed,False,False
3010,1,1,0,0,0.0,closed,True,True
3009,21,4,0,0,0.0,closed,True,True
3007,10,2,1,0,0.0,closed,True,True
3001,47,14,0,0,0.0,closed,True,True
3000,22,3,0,0,0.0,closed,True,True
2997,132,28,0,0,0.0,closed,True,True
2996,1,1,0,0,0.0,closed,True,True
2994,189,18,4,0,0.0,closed,False,False
2993,76,1,0,0,0.0,closed,True,True
2991,255,160,17,3,1.5,closed,True,True
2988,1404,227,13,0,0.0,closed,True,True
2985,4,0,2,0,0.0,closed,False,False
2979,175377,0,2,0,0.0,closed,True,True
2978,1,0,3,0,0.0,closed,True,True
2976,4,3,0,0,0.0,closed,True,True
2972,1,1,0,0,0.0,closed,True,True
2970,5,0,0,0,0.0,closed,True,True
2969,9,586,2,0,0.0,closed,True,True
2962,100,59,0,0,0.0,closed,True,True
2961,2,2,2,0,0.0,closed,False,False
2959,1,10,1,0,0.0,closed,True,True
2958,106,16,0,0,0.0,closed,True,True
2954,7,7,7,0,0.0,closed,True,True
2953,6,6,9,0,0.0,closed,False,False
2952,1,1,4,0,0.0,closed,True,True
2948,6,3,0,0,0.0,closed,True,True
2937,1,1,1,0,0.0,closed,True,True
2936,24,1,5,0,0.0,closed,True,True
2927,38,18,0,0,0.0,closed,True,True
2922,3,3,2,4,4.0,closed,False,False
2921,56,20,6,0,0.0,closed,True,True
2920,1182,36,15,5,0.2631578947368421,closed,False,False
2918,595,0,0,0,0.0,closed,True,True
2917,104,41,1,0,0.0,closed,True,True
2916,93,70,8,0,0.0,closed,True,True
2915,1,1,0,0,0.0,closed,False,False
2914,15,2,0,0,0.0,closed,True,True
2913,6,1,1,0,0.0,closed,True,True
2911,180,119,3,0,0.0,closed,True,True
2904,5,2,1,0,0.0,closed,True,True
2903,2,2,0,0,0.0,closed,True,True
2900,2,1,2,0,0.0,closed,True,True
2894,2273,6,7,0,0.0,closed,False,False
2893,2,2,0,0,0.0,closed,True,True
2890,126,6,5,0,0.0,closed,True,True
2888,4,0,0,0,0.0,closed,True,True
2885,1020,6,14,1,0.5,closed,True,True
2884,114,17,0,0,0.0,closed,False,False
2878,207,132,7,7,2.3333333333333335,closed,True,True
2874,11,2,0,0,0.0,closed,True,True
2873,45,12,0,0,0.0,closed,True,True
2867,0,1,1,0,0.0,closed,True,True
2866,714,222,17,0,0.0,closed,False,False
2864,114,115,3,0,0.0,closed,True,True
2862,33,26,5,0,0.0,closed,True,True
2861,90,48,5,1,1.0,closed,True,True
2859,18,12,2,0,0.0,closed,True,True
2858,10,6,2,2,2.0,closed,True,True
2856,39,23,1,0,0.0,closed,True,True
2855,1,2,0,0,0.0,closed,True,True
2848,65,3,0,0,0.0,closed,True,True
2847,6,2,1,0,0.0,closed,True,True
2844,118,17,5,0,0.0,closed,True,True
2841,3,2,6,0,0.0,closed,True,True
2836,181,10,9,0,0.0,closed,True,True
2834,150,40,3,0,0.0,closed,True,True
2832,740663,64159,4,0,0.0,closed,False,False
2830,48,85,2,0,0.0,closed,True,True
2829,23,1,0,0,0.0,closed,True,True
2827,171,117,2,0,0.0,closed,False,False
2824,2,3,0,0,0.0,closed,True,True
2823,5,2,1,2,2.0,closed,False,False
2817,76,1,3,0,0.0,closed,True,True
2812,2,0,2,0,0.0,closed,False,False
2810,3,5,0,0,0.0,closed,True,True
2803,6,1,2,0,0.0,closed,False,False
2802,36,21,0,0,0.0,closed,True,True
2799,216,220,4,0,0.0,closed,True,True
2788,139,67,4,0,0.0,closed,True,True
2785,18,0,0,0,0.0,closed,True,True
2784,110,79,6,0,0.0,closed,False,False
2782,20,7,2,0,0.0,closed,False,False
2773,125,73,1,0,0.0,closed,False,False
2770,33,11,18,0,0.0,closed,True,True
2764,1,1,0,0,0.0,closed,True,True
2763,81,87,0,0,0.0,closed,False,False
2762,6,1,3,0,0.0,closed,True,True
2757,2,2,0,0,0.0,closed,False,False
2756,2,2,0,0,0.0,closed,False,False
2755,2,2,0,0,0.0,closed,True,True
2753,28,9,1,3,0.21428571428571427,closed,True,True
2751,710,401,1,0,0.0,closed,False,False
2747,1310,656,2,0,0.0,closed,False,False
2746,27,1,5,3,0.5,closed,False,False
2744,5,0,5,1,0.125,closed,True,True
2741,318266,9852,1,0,0.0,closed,False,False
2740,180,68,5,0,0.0,closed,True,True
2738,697,395,6,56,0.4444444444444444,closed,False,False
2734,45,15,0,0,0.0,closed,True,True
2733,190,110,5,0,0.0,closed,False,False
2732,61,62,2,0,0.0,closed,False,False
2730,1059,32,1,0,0.0,closed,False,False
2728,2,2,0,0,0.0,closed,True,True
2726,1,11,0,0,0.0,closed,True,True
2722,63,62,0,0,0.0,closed,True,True
2716,0,0,3,0,0,closed,False,False
2707,46,36,0,0,0.0,closed,True,True
2703,1,1,0,0,0.0,closed,True,True
2695,6,1,0,0,0.0,closed,True,True
2694,42,42,0,0,0.0,closed,True,True
2693,41,26,1,0,0.0,closed,False,False
2689,11,4,3,0,0.0,closed,True,True
2686,33,25,4,0,0.0,closed,True,True
2685,32,25,4,0,0.0,closed,False,False
2674,4,4,1,0,0.0,closed,True,True
2672,527,258,6,0,0.0,closed,True,True
2671,9,1,0,0,0.0,closed,True,True
2669,30,1,0,0,0.0,closed,True,True
2668,9,10,0,0,0.0,closed,False,False
2667,9,10,0,0,0.0,closed,False,False
2662,36,24,5,0,0.0,closed,True,True
2660,59,8,11,0,0.0,closed,True,True
2658,4,4,0,0,0.0,closed,True,True
2656,31,2,0,0,0.0,closed,False,False
2655,5,2,2,0,0.0,closed,True,True
2652,35436,0,1,0,0.0,closed,True,True
2651,35436,0,4,0,0.0,closed,False,False
2642,25,8,0,1,1.0,closed,False,False
2627,94,11,2,0,0.0,closed,True,True
2620,2,2,0,0,0.0,closed,True,True
2617,128,17,3,0,0.0,closed,True,True
2616,429,8,3,0,0.0,closed,False,False
2615,25,14,0,0,0.0,closed,False,False
2611,1,1,0,0,0.0,closed,False,False
2607,1,1,0,0,0.0,closed,True,True
2605,9,3,0,0,0.0,closed,True,True
2604,31,9,0,0,0.0,closed,True,True
2599,10,10,0,0,0.0,closed,True,True
2598,5,2,0,0,0.0,closed,True,True
2593,3,3,1,0,0.0,closed,False,False
2592,3,1,0,0,0.0,closed,True,True
2586,26,0,6,1,0.3333333333333333,closed,True,True
2585,17,1,0,0,0.0,closed,True,True
2583,1,1,2,0,0.0,closed,False,False
2578,17,5,5,0,0.0,closed,True,True
2577,2,0,0,0,0.0,closed,False,False
2576,4,4,5,0,0.0,closed,True,True
2567,3,16,2,0,0.0,closed,True,True
2565,1,1,0,0,0.0,closed,True,True
2557,74,4,2,0,0.0,closed,True,True
2554,2,2,2,0,0.0,closed,False,False
2545,18,8,5,0,0.0,closed,True,True
2543,3,14,4,0,0.0,closed,True,True
2542,1215,339,1,0,0.0,closed,False,False
2540,8,2,1,0,0.0,closed,False,False
2539,4,1,1,0,0.0,closed,False,False
2533,582,5,29,0,0.0,closed,False,False
2528,34,1,1,0,0.0,closed,False,False
2512,748,37,0,0,0.0,closed,True,True
2506,8,8,1,0,0.0,closed,False,False
2501,13,1,0,0,0.0,closed,True,True
2500,600,37,4,0,0.0,closed,False,False
2495,469,79,33,33,0.75,closed,True,True
2486,2,0,0,0,0.0,closed,True,True
2485,4,0,1,0,0.0,closed,False,False
2480,25,32,3,0,0.0,closed,True,True
2475,15,3,0,0,0.0,closed,True,True
2473,66,20,1,0,0.0,closed,True,True
2471,7,5,0,0,0.0,closed,True,True
2464,239,150,0,0,0.0,closed,True,True
2459,1,1,0,0,0.0,closed,True,True
2443,14,8,2,0,0.0,closed,False,False
2440,221,27,0,2,2.0,closed,True,True
2432,13,0,1,0,0.0,closed,True,True
2427,19,14,4,0,0.0,closed,True,True
2422,1,1,0,0,0.0,closed,True,True
2416,1,1,1,0,0.0,closed,False,False
2415,0,7,0,0,0.0,closed,True,True
2414,8,25,3,0,0.0,closed,True,True
2409,1,1,0,0,0.0,closed,True,True
2408,3,3,0,0,0.0,closed,True,True
2405,1132145,103562,1,0,0.0,closed,False,False
2394,37,21,1,0,0.0,closed,True,True
2392,93,93,2,0,0.0,closed,False,False
2391,6,0,0,0,0.0,closed,True,True
2390,4,1,0,0,0.0,closed,True,True
2384,1,1,1,0,0.0,closed,True,True
2379,67,13,0,0,0.0,closed,True,True
2374,20,1,3,0,0.0,closed,False,False
2367,5,2,3,7,2.3333333333333335,closed,True,True
2361,1,1,0,0,0.0,closed,True,True
2358,25,1,3,0,0.0,closed,True,True
2353,52,13,4,0,0.0,closed,False,False
2348,67,54,3,2,0.6666666666666666,closed,True,True
2347,2,2,0,0,0.0,closed,True,True
2346,12,4,0,0,0.0,closed,True,True
2345,5,1,2,0,0.0,closed,True,True
2344,5,1,0,0,0.0,closed,False,False
2335,96,4,5,0,0.0,closed,True,True
2333,563,2,28,12,0.36363636363636365,closed,True,True
2332,247,3,0,0,0.0,closed,True,True
2331,1,0,0,0,0.0,closed,False,False
2326,1,1,0,0,0.0,closed,True,True
2324,0,1,0,0,0.0,closed,True,True
2321,1,1,0,0,0.0,closed,True,True
2317,50,8,1,0,0.0,closed,True,True
2316,24,0,0,0,0.0,closed,True,True
2307,42,6,1,0,0.0,closed,True,True
2306,12,4,5,0,0.0,closed,True,True
2304,5,6,3,0,0.0,closed,False,False
2298,15,0,0,0,0.0,closed,True,True
2295,28,8,2,0,0.0,closed,False,False
2291,0,1,0,0,0.0,closed,True,True
2279,2,1,0,0,0.0,closed,True,True
2271,25,1,1,0,0.0,closed,False,False
2270,1130669,103558,4,3,0.0004683109584764284,closed,False,False
2268,80499,80968,0,0,0.0,closed,True,True
2267,2,1,0,0,0.0,closed,True,True
2263,89,13,1,0,0.0,closed,True,True
2261,1,1,0,0,0.0,closed,True,True
2258,1,0,1,0,0.0,closed,False,False
2247,20,0,1,0,0.0,closed,False,False
2244,1106566,103556,9,0,0.0,closed,False,False
2237,11,6,0,0,0.0,closed,True,True
2236,24,13,0,0,0.0,closed,True,True
2230,138,46,4,0,0.0,closed,True,True
2227,5,0,0,0,0.0,closed,True,True
2221,18,6,0,0,0.0,closed,False,False
2220,2,2,0,0,0.0,closed,True,True
2218,28,0,0,0,0.0,closed,True,True
2205,1106115,103556,1,0,0.0,closed,False,False
2197,17,6,0,0,0.0,closed,True,True
2196,1106136,103556,2,0,0.0,closed,False,False
2195,749352,800585,6,0,0.0,closed,False,False
2193,0,0,0,0,0.0,closed,True,True
2192,2,2,0,0,0.0,closed,True,True
2190,344,179,0,0,0.0,closed,True,True
2184,91,21,0,0,0.0,closed,True,True
2181,56,20,2,0,0.0,closed,True,True
2176,187,267,12,1,0.07142857142857142,closed,True,True
2175,285,117,9,2,0.2222222222222222,closed,True,True
2174,536,105,6,0,0.0,closed,True,True
2172,20,1,0,0,0.0,closed,True,True
2171,83,17,3,0,0.0,closed,False,False
2170,22,33,1,0,0.0,closed,True,True
2167,1146,2,13,6,2.0,closed,True,True
2166,849,1,12,0,0.0,closed,True,True
2163,1261,545,18,0,0.0,closed,True,True
2157,885,106,0,0,0.0,closed,True,True
2153,7,5,0,0,0.0,closed,True,True
2152,6,1,6,0,0.0,closed,False,False
2149,2,2,1,0,0.0,closed,True,True
2148,8,1,0,0,0.0,closed,True,True
2147,3,3,0,0,0.0,closed,True,True
2140,14,3,4,0,0.0,closed,True,True
2139,1,1,0,0,0.0,closed,True,True
2132,116,169,3,0,0.0,closed,True,True
2130,24,14,7,0,0.0,closed,True,True
2129,2,2,0,0,0.0,closed,False,False
2126,1,1,1,0,0.0,closed,False,False
2116,28,24,1,0,0.0,closed,False,False
2115,499,427,2,0,0.0,closed,True,True
2113,1074,0,0,0,0.0,closed,True,True
2112,3,46,0,0,0.0,closed,False,False
2111,535,309,0,0,0.0,closed,True,True
2110,211,212,2,0,0.0,closed,True,True
2109,135,107,1,0,0.0,closed,True,True
2103,124,162,0,0,0.0,closed,True,True
2102,0,8,0,0,0.0,closed,False,False
2101,7,0,0,0,0.0,closed,True,True
2099,289,258,0,0,0.0,closed,True,True
2098,95,72,1,0,0.0,closed,True,True
2094,16,25,0,0,0.0,closed,True,True
2093,122,131,0,0,0.0,closed,True,True
2091,7847,0,1,0,0.0,closed,True,True
2090,2335,2009,0,0,0.0,closed,True,True
2089,2061,1923,3,0,0.0,closed,True,True
2087,2279,2004,4,0,0.0,closed,False,False
2084,71,52,0,0,0.0,closed,False,False
2083,46,5,1,0,0.0,closed,True,True
2081,53,12,1,0,0.0,closed,False,False
2077,133,97,0,0,0.0,closed,True,True
2072,1476,1322,4,1,0.16666666666666666,closed,False,False
2068,186,224,3,0,0.0,closed,True,True
2065,32,33,5,0,0.0,closed,False,False
2064,141,109,2,0,0.0,closed,True,True
2061,336,267,1,0,0.0,closed,True,True
2060,28,0,0,0,0.0,closed,True,True
2059,7,0,0,0,0.0,closed,True,True
2057,972,671,0,0,0.0,closed,True,True
2056,25,0,3,1,0.07692307692307693,closed,True,True
2055,25,0,1,0,0.0,closed,False,False
2054,3,3,0,0,0.0,closed,True,True
2052,14,3,6,3,1.5,closed,True,True
2051,51,47,3,0,0.0,closed,True,True
2050,613,247,7,0,0.0,closed,True,True
2047,535,530,3,0,0.0,closed,True,True
2046,424,120,11,0,0.0,closed,True,True
2043,75,52,1,0,0.0,closed,True,True
2041,1,0,0,0,0.0,closed,True,True
2037,340,365,4,0,0.0,closed,True,True
2036,4518,2416,1,0,0.0,closed,False,False
2032,465,0,8,0,0.0,closed,False,False
2030,170,48,0,3,1.5,closed,True,True
2029,0,0,4,0,0,closed,True,True
2028,28,8,1,2,0.5,closed,False,False
2025,1,1,1,0,0.0,closed,True,True
2024,7,1,6,0,0.0,closed,True,True
2023,23,23,0,0,0.0,closed,True,True
2020,0,0,6,0,0.0,closed,False,False
2019,1,0,1,0,0.0,closed,False,False
2015,27,16,7,1,0.3333333333333333,closed,True,True
2012,2,2,0,0,0.0,closed,True,True
2008,36,14,6,0,0.0,closed,False,False
2002,9,9,2,0,0.0,closed,False,False
1997,1,1,0,0,0.0,closed,True,True
1996,948,675,35,5,0.049019607843137254,closed,False,False
1994,14,1,1,0,0.0,closed,False,False
1992,10,0,1,0,0.0,closed,True,True
1990,8,3,0,0,0.0,closed,True,True
1985,370,251,1,0,0.0,closed,True,True
1981,4,2,0,0,0.0,closed,True,True
1980,260,240,0,0,0.0,closed,True,True
1976,177,93,1,0,0.0,closed,True,True
1974,4,0,2,0,0.0,closed,False,False
1973,125,27,3,0,0.0,closed,True,True
1972,13,22,1,0,0.0,closed,True,True
1965,145,36,1,0,0.0,closed,True,True
1944,2,1,0,0,0.0,closed,True,True
1943,1,1,0,0,0.0,closed,True,True
1938,1406,1,0,0,0.0,closed,True,True
1930,1,0,0,0,0.0,closed,True,True
1927,246,268,5,0,0.0,closed,True,True
1925,117,66,2,0,0.0,closed,True,True
1920,3,4,6,0,0.0,closed,False,False
1918,90,72,0,0,0.0,closed,True,True
1915,4,1,0,0,0.0,closed,True,True
1914,319,95,23,0,0.0,closed,True,True
1912,52,12,6,0,0.0,closed,False,False
1911,3,0,0,0,0.0,closed,True,True
1910,7,2,0,0,0.0,closed,True,True
1909,5,5,1,0,0.0,closed,False,False
1907,169,29,0,0,0.0,closed,True,True
1902,5,381,0,0,0.0,closed,True,True
1895,12,5,0,0,0.0,closed,True,True
1890,75,10,3,1,0.3333333333333333,closed,True,True
1880,8,8,12,3,0.375,closed,False,False
1878,226,143,5,2,0.5,closed,True,True
1875,4962,2247,20,0,0.0,closed,True,True
1873,1406,419,5,4,0.125,closed,True,True
1870,5,5,0,0,0.0,closed,True,True
1869,1,1,1,0,0.0,closed,True,True
1868,2242,2148,3,3,0.6,closed,True,True
1867,86,29,0,0,0.0,closed,True,True
1866,5862,5862,1,0,0.0,closed,True,True
1865,3,2,14,0,0.0,closed,True,True
1864,8,2,0,0,0.0,closed,True,True
1863,43,3,0,0,0.0,closed,True,True
1859,31,18,0,0,0.0,closed,True,True
1854,40,14,0,0,0.0,closed,True,True
1851,347,226,10,0,0.0,closed,True,True
1850,126,24,1,3,0.3333333333333333,closed,True,True
1849,158,44,7,3,0.3,closed,True,True
1848,14,0,1,3,1.5,closed,True,True
1846,2880,1,34,3,0.15,closed,True,True
1828,49,47,1,1,0.2,closed,False,False
1827,28,19,1,0,0.0,closed,True,True
1822,663,643,2,0,0.0,closed,True,True
1820,83,189,0,0,0.0,closed,True,True
1819,1214,1325,1,0,0.0,closed,False,False
1816,1255,1047,0,0,0.0,closed,True,True
1815,7,1,0,0,0.0,closed,True,True
1814,33,1,0,0,0.0,closed,True,True
1813,24,0,2,0,0.0,closed,False,False
1812,269,213,26,2,0.041666666666666664,closed,True,True
1809,1976,2004,5,1,0.2,closed,False,False
1808,8,2,0,0,0.0,closed,True,True
1803,25,22,1,0,0.0,closed,False,False
1802,10,6,3,0,0.0,closed,True,True
1801,8,4,16,0,0.0,closed,True,True
1799,0,0,0,0,0.0,closed,True,True
1798,1,1,2,0,0.0,closed,True,True
1794,1,1,5,0,0.0,closed,False,False
1792,0,0,2,0,0.0,closed,True,True
1788,4,6,5,11,2.75,closed,True,True
1786,1,1,0,0,0.0,closed,True,True
1781,1074752,104422,12,0,0.0,closed,False,False
1780,63,9,1,0,0.0,closed,True,True
1778,5814,101,5,0,0.0,closed,False,False
1774,1,1,4,0,0.0,closed,False,False
1773,5,5,3,0,0.0,closed,True,True
1772,1,1,4,0,0.0,closed,True,True
1771,1,1,4,0,0.0,closed,True,True
1769,3,1,6,0,0.0,closed,False,False
1767,2,4,6,0,0.0,closed,True,True
1766,121,4,0,0,0.0,closed,True,True
1765,1,1,0,0,0.0,closed,True,True
1760,2,2,2,0,0.0,closed,True,True
1759,5,2,0,0,0.0,closed,True,True
1756,1,1,0,0,0.0,closed,True,True
1753,0,0,32,2,0,closed,True,True
1752,357,33,1,0,0.0,closed,True,True
1750,58,88,1,0,0.0,closed,True,True
1747,7,1,1,0,0.0,closed,True,True
1746,5,3,0,0,0.0,closed,True,True
1745,1,1,0,0,0.0,closed,True,True
1744,4,2,4,0,0.0,closed,True,True
1739,1016,123,1,0,0.0,closed,True,True
1738,145,60,0,0,0.0,closed,True,True
1731,89,90,0,0,0.0,closed,True,True
1726,2,2,0,0,0.0,closed,True,True
1725,5,2,3,0,0.0,closed,False,False
1724,5,2,3,0,0.0,closed,False,False
1723,85,18,1,0,0.0,closed,True,True
1722,3,1467,1,0,0.0,closed,True,True
1721,0,0,0,0,0.0,closed,True,True
1720,6,3,0,0,0.0,closed,True,True
1718,0,8,0,0,0.0,closed,True,True
1715,20,7,0,0,0.0,closed,True,True
1709,4,4,0,0,0.0,closed,True,True
1708,23,0,0,0,0.0,closed,True,True
1706,10,10,0,0,0.0,closed,True,True
1705,2,2,0,0,0.0,closed,True,True
1703,15,17,0,0,0.0,closed,True,True
1702,10,0,0,0,0.0,closed,True,True
1701,185,222,0,0,0.0,closed,False,False
1700,41,0,0,0,0.0,closed,True,True
1699,4497,22,131,13,0.04498269896193772,closed,True,True
1698,111,84,2,0,0.0,closed,False,False
1697,488,418,0,0,0.0,closed,True,True
1696,10,10,0,0,0.0,closed,False,False
1695,1,1,0,0,0.0,closed,True,True
1694,2,2,0,0,0.0,closed,True,True
1692,300,6,4,0,0.0,closed,False,False
1685,143,80,2,0,0.0,closed,True,True
1683,276,36,0,0,0.0,closed,True,True
1682,105,30,7,0,0.0,closed,False,False
1681,63,17,0,0,0.0,closed,True,True
1680,240,567,13,0,0.0,closed,True,True
1676,14,4,0,0,0.0,closed,True,True
1675,2035,2036,1,0,0.0,closed,False,False
1674,461,444,6,0,0.0,closed,True,True
1671,1,1,4,0,0.0,closed,False,False
1670,1,1,0,0,0.0,closed,True,True
1669,488,53,20,8,0.2857142857142857,closed,False,False
1668,204,204,0,0,0.0,closed,True,True
1667,4,0,1,0,0.0,closed,False,False
1666,4,0,2,0,0.0,closed,False,False
1665,32,3,0,0,0.0,closed,True,True
1662,541,541,0,0,0.0,closed,True,True
1661,57,5,4,0,0.0,closed,True,True
1657,37,4,1,0,0.0,closed,False,False
1654,70,70,0,0,0.0,closed,True,True
1651,224,199,0,0,0.0,closed,True,True
1650,40,8,0,0,0.0,closed,True,True
1649,4,2,4,0,0.0,closed,True,True
1645,1,1,0,0,0.0,closed,True,True
1629,195,135,10,0,0.0,closed,True,True
1621,27,0,0,0,0.0,closed,True,True
1620,7,3,0,0,0.0,closed,True,True
1619,0,0,0,0,0.0,closed,True,True
1618,24,8,0,0,0.0,closed,True,True
1617,11,0,0,0,0.0,closed,True,True
1611,2,2,0,0,0.0,closed,True,True
1603,231,225,0,0,0.0,closed,True,True
1602,5,5,2,0,0.0,closed,True,True
1601,4551,3925,4,0,0.0,closed,False,False
1600,2203,1965,0,0,0.0,closed,True,True
1599,150,141,0,0,0.0,closed,True,True
1598,1,1,0,0,0.0,closed,True,True
1597,0,1,0,0,0.0,closed,True,True
1595,29,29,1,0,0.0,closed,True,True
1594,478,80,25,0,0.0,closed,True,True
1592,156,55,3,0,0.0,closed,False,False
1589,52,0,2,0,0.0,closed,True,True
1588,131,117,2,0,0.0,closed,True,True
1586,3,1,5,0,0.0,closed,False,False
1584,3,1,1,0,0.0,closed,True,True
1580,1713,1848,1,0,0.0,closed,True,True
1579,8185,8194,3,0,0.0,closed,True,True
1574,8,8,0,12,6.0,closed,True,True
1569,118,99,0,0,0.0,closed,True,True
1567,68,61,0,0,0.0,closed,True,True
1566,5,5,0,0,0.0,closed,True,True
1561,157,24,17,0,0.0,closed,True,True
1560,51,49,0,0,0.0,closed,True,True
1559,9,8,0,0,0.0,closed,True,True
1558,4,120,1,0,0.0,closed,True,True
1554,6,1,2,0,0.0,closed,True,True
1553,9,0,0,0,0.0,closed,True,True
1550,12,0,0,0,0.0,closed,True,True
1546,18,2,0,0,0.0,closed,True,True
1545,15,0,1,0,0.0,closed,True,True
1542,12,6,0,0,0.0,closed,True,True
1539,5658,0,8,0,0.0,closed,True,True
1538,10,6,1,0,0.0,closed,True,True
1537,28,0,0,0,0.0,closed,True,True
1534,0,0,17,0,0.0,closed,False,False
1526,335,113,5,0,0.0,closed,True,True
1525,23,19,2,0,0.0,closed,False,False
1524,46,47,0,0,0.0,closed,True,True
1523,21,18,7,0,0.0,closed,False,False
1522,11,10,2,0,0.0,closed,False,False
1519,1022,12,1,0,0.0,closed,True,True
1518,70,75,0,0,0.0,closed,True,True
1517,90,88,0,0,0.0,closed,True,True
1516,1,1,0,0,0.0,closed,True,True
1514,31,3,0,0,0.0,closed,True,True
1513,61,340,2,0,0.0,closed,True,True
1512,4,4,11,0,0.0,closed,True,True
1510,23,16,1,0,0.0,closed,True,True
1507,7,7,1,0,0.0,closed,True,True
1506,11,5,0,0,0.0,closed,True,True
1505,539,125,6,0,0.0,closed,True,True
1503,107,32,1,0,0.0,closed,True,True
1501,98,69,1,0,0.0,closed,False,False
1500,93,77,4,0,0.0,closed,True,True
1499,79,43,2,0,0.0,closed,True,True
1498,0,0,0,0,0.0,closed,True,True
1497,8,4,0,0,0.0,closed,True,True
1496,8,2,0,0,0.0,closed,True,True
1494,7,7,0,0,0.0,closed,True,True
1491,10613,6481,4,0,0.0,closed,True,True
1490,10144,6477,0,0,0.0,closed,False,False
1482,86,42,0,2,0.5,closed,True,True
1480,27,11,0,0,0.0,closed,True,True
1478,589,185,0,0,0.0,closed,True,True
1477,53,36,0,0,0.0,closed,True,True
1472,7,0,2,0,0.0,closed,True,True
1471,9,1,0,0,0.0,closed,True,True
1470,25,7321,6,0,0.0,closed,True,True
1466,98,69,0,0,0.0,closed,True,True
1457,324,85,0,0,0.0,closed,True,True
1454,3,3,0,0,0.0,closed,True,True
1452,11,6,0,0,0.0,closed,True,True
1451,626,350,3,0,0.0,closed,False,False
1447,2316,2235,14,0,0.0,closed,False,False
1444,25,7,1,0,0.0,closed,False,False
1442,115,45,4,0,0.0,closed,True,True
1441,7,2,0,0,0.0,closed,True,True
1434,153,224,3,0,0.0,closed,True,True
1433,90,73,0,0,0.0,closed,True,True
1432,56,515,0,0,0.0,closed,True,True
1431,241,99,0,0,0.0,closed,True,True
1426,12,46,0,0,0.0,closed,True,True
1421,14,0,0,0,0.0,closed,True,True
1420,259,38,6,0,0.0,closed,True,True
1418,26,18,1,0,0.0,closed,True,True
1415,303,95,1,0,0.0,closed,True,True
1414,241,99,1,0,0.0,closed,False,False
1408,128,90,2,28,5.6,closed,True,True
1407,25,23,0,0,0.0,closed,True,True
1406,540,495,0,0,0.0,closed,True,True
1405,356,350,0,0,0.0,closed,True,True
1402,76021,32633,1,0,0.0,closed,False,False
1400,103,59,2,0,0.0,closed,True,True
1399,6,4,2,0,0.0,closed,True,True
1392,0,0,1,0,0.0,closed,True,True
1389,10,10,0,0,0.0,closed,True,True
1388,0,0,0,0,0.0,closed,True,True
1386,3344,0,4,0,0.0,closed,False,False
1381,651,1,0,0,0.0,closed,True,True
1378,30,5,0,0,0.0,closed,True,True
1377,84,18,0,0,0.0,closed,True,True
1376,30,15,1,0,0.0,closed,True,True
1375,46,63,0,0,0.0,closed,True,True
1367,10,1,0,0,0.0,closed,True,True
1365,223,0,10,0,0.0,closed,False,False
1364,2,2,0,0,0.0,closed,True,True
1356,1,0,0,0,0.0,closed,True,True
1352,89,1,4,2,0.5,closed,False,False
1351,1,0,0,0,0.0,closed,True,True
1342,117,17,0,0,0.0,closed,True,True
1341,2,0,0,0,0.0,closed,True,True
1340,6,1,0,0,0.0,closed,True,True
1338,390,264,0,0,0.0,closed,True,True
1334,9,27,0,0,0.0,closed,True,True
1333,0,0,0,0,0.0,closed,True,True
1321,641,636,3,0,0.0,closed,True,True
1316,1445,890,2,10,0.1694915254237288,closed,True,True
1315,367,478,1,0,0.0,closed,False,False
1310,19,14,3,0,0.0,closed,True,True
1309,3,3,0,0,0.0,closed,True,True
1303,4,4,1,0,0.0,closed,True,True
1302,40,21,0,0,0.0,closed,True,True
1299,183,150,6,0,0.0,closed,False,False
1298,177,76,8,0,0.0,closed,True,True
1295,7,5,0,0,0.0,closed,True,True
1288,5,0,0,0,0.0,closed,True,True
1287,117,94,2,0,0.0,closed,True,True
1286,37,5,9,0,0.0,closed,True,True
1284,21,11,0,0,0.0,closed,True,True
1281,13,0,2,0,0.0,closed,False,False
1279,39,4,3,0,0.0,closed,False,False
1278,62721,20711,1,0,0.0,closed,False,False
1277,2,1,0,0,0.0,closed,True,True
1267,3276,2724,16,0,0.0,closed,True,True
1265,124,67,1,0,0.0,closed,False,False
1262,2,1,1,0,0.0,closed,False,False
1261,113,59,3,0,0.0,closed,True,True
1257,998,1404,2,0,0.0,closed,True,True
1256,14,1,2,0,0.0,closed,True,True
1253,183,150,2,0,0.0,closed,True,True
1252,84,15,0,2,0.5,closed,True,True
1250,183,71,0,0,0.0,closed,True,True
1249,32,7,2,0,0.0,closed,True,True
1246,236,219,0,0,0.0,closed,True,True
1245,502,5,2,0,0.0,closed,True,True
1240,1,1,0,0,0.0,closed,True,True
1239,31,25,0,0,0.0,closed,True,True
1238,39,35,0,0,0.0,closed,True,True
1237,22,6,0,0,0.0,closed,True,True
1236,427,280,0,0,0.0,closed,True,True
1235,391,270,2,0,0.0,closed,True,True
1234,342,254,1,0,0.0,closed,True,True
1232,41,26,6,0,0.0,closed,False,False
1231,513,441,0,0,0.0,closed,True,True
1229,4,2,0,0,0.0,closed,True,True
1228,2,0,1,0,0.0,closed,False,False
1227,121,115,0,0,0.0,closed,True,True
1226,19,21,3,0,0.0,closed,True,True
1219,49,77,10,0,0.0,closed,False,False
1216,3,2,0,0,0.0,closed,True,True
1214,2,2,0,0,0.0,closed,True,True
1208,498,426,0,0,0.0,closed,True,True
1205,210,129,0,0,0.0,closed,True,True
1202,55,15,0,0,0.0,closed,True,True
1197,75,52,2,0,0.0,closed,False,False
1194,1,1,0,0,0.0,closed,True,True
1192,524,728,0,0,0.0,closed,True,True
1187,674,635,0,0,0.0,closed,True,True
1186,643,627,0,0,0.0,closed,True,True
1185,7769,6169,0,0,0.0,closed,True,True
1184,14,7,0,0,0.0,closed,True,True
1181,3,1,0,0,0.0,closed,True,True
1179,30,6,0,0,0.0,closed,True,True
1178,22,5,0,0,0.0,closed,True,True
1177,109,94,0,0,0.0,closed,True,True
1176,85,75,0,0,0.0,closed,True,True
1175,20,18,0,0,0.0,closed,True,True
1172,26,24,0,0,0.0,closed,True,True
1171,7,0,0,0,0.0,closed,True,True
1169,22,104,4,0,0.0,closed,True,True
1168,2,0,0,0,0.0,closed,True,True
1166,70,42,0,0,0.0,closed,True,True
1165,5,2,0,0,0.0,closed,True,True
1162,148,20,1,0,0.0,closed,True,True
1158,1,1,0,0,0.0,closed,True,True
1157,51,10,1,0,0.0,closed,True,True
1154,173,118,0,0,0.0,closed,True,True
1153,2445,2025,4,0,0.0,closed,False,False
1151,112,16,0,0,0.0,closed,True,True
1147,5,5,0,0,0.0,closed,True,True
1145,91,53,0,0,0.0,closed,True,True
1144,7874,6381,0,0,0.0,closed,True,True
1143,13,11,0,0,0.0,closed,True,True
1142,42,17,0,0,0.0,closed,True,True
1141,25,14,0,0,0.0,closed,True,True
1140,18,4,0,0,0.0,closed,False,False
1139,15,1,0,0,0.0,closed,True,True
1136,2,2,0,0,0.0,closed,True,True
1133,137,12,0,0,0.0,closed,True,True
1132,20,1,0,0,0.0,closed,True,True
1131,99,6,0,0,0.0,closed,True,True
1130,18,4,6,0,0.0,closed,True,True
1129,39,43,0,0,0.0,closed,True,True
1127,41,60,0,0,0.0,closed,True,True
1126,28,22,0,0,0.0,closed,True,True
1123,225,267,16,14,1.75,closed,True,True
1121,445,0,0,0,0.0,closed,True,True
1119,10,0,4,0,0.0,closed,False,False
1118,55,55,0,0,0.0,closed,True,True
1117,147,73,0,0,0.0,closed,True,True
1115,26,28,0,0,0.0,closed,True,True
1114,32,14,6,0,0.0,closed,True,True
1110,15,0,1,0,0.0,closed,True,True
1109,2,0,0,0,0.0,closed,True,True
1101,55,6,0,0,0.0,closed,True,True
1100,35,17,0,0,0.0,closed,True,True
1099,110,3,0,0,0.0,closed,True,True
1098,6,3,0,0,0.0,closed,True,True
1097,164,27,0,0,0.0,closed,True,True
1096,6649,3573,0,0,0.0,closed,False,False
1095,3357,2365,0,0,0.0,closed,True,True
1094,164,27,0,0,0.0,closed,True,True
1093,43,9,0,0,0.0,closed,True,True
1090,2,0,0,0,0.0,closed,True,True
1088,1,1,0,0,0.0,closed,True,True
1087,32917,4792,0,0,0.0,closed,True,True
1086,117,40,0,0,0.0,closed,True,True
1085,2,2,0,0,0.0,closed,True,True
1084,194,76,0,0,0.0,closed,True,True
1078,8,0,0,0,0.0,closed,True,True
1077,76,123,0,0,0.0,closed,True,True
1075,87,16,0,0,0.0,closed,True,True
1074,1,0,0,0,0.0,closed,True,True
1073,356,348,1,0,0.0,closed,False,False
1071,611,497,0,0,0.0,closed,True,True
1070,4609,4199,0,0,0.0,closed,False,False
1068,102,115,0,4,2.0,closed,True,True
1065,301,292,0,0,0.0,closed,True,True
1061,22,4,0,0,0.0,closed,True,True
1060,142,57,0,0,0.0,closed,True,True
1057,6,1,0,0,0.0,closed,True,True
1056,7,0,0,0,0.0,closed,True,True
1055,3088,2072,4,0,0.0,closed,True,True
1052,2872,7,0,0,0.0,closed,True,True
1050,116,75,1,0,0.0,closed,True,True
1049,64,74,0,0,0.0,closed,True,True
1048,242,217,0,0,0.0,closed,True,True
1045,7,3,0,0,0.0,closed,True,True
1044,260,28,1,0,0.0,closed,False,False
1041,1016,810,1,0,0.0,closed,True,True
1039,27,4,4,0,0.0,closed,True,True
1032,77,10,0,0,0.0,closed,True,True
1031,103,24,0,0,0.0,closed,True,True
1029,15,1,3,0,0.0,closed,True,True
1027,31,11,0,0,0.0,closed,True,True
1025,233,23,6,0,0.0,closed,True,True
1019,1059,892,1,0,0.0,closed,True,True
1017,1,1,0,0,0.0,closed,True,True
1015,1,1,0,0,0.0,closed,True,True
1014,184,12,0,0,0.0,closed,True,True
1013,1,1,0,0,0.0,closed,True,True
1012,187,140,0,0,0.0,closed,True,True
1010,6,2,0,0,0.0,closed,True,True
1009,1594,0,0,0,0.0,closed,True,True
1008,5,5,0,0,0.0,closed,True,True
1004,2,2,0,0,0.0,closed,True,True
1003,1,1,0,0,0.0,closed,True,True
1001,10,9,0,0,0.0,closed,True,True
1000,25,2,0,0,0.0,closed,True,True
998,9,3,0,0,0.0,closed,True,True
997,65,6,2,0,0.0,closed,True,True
996,1,1,0,0,0.0,closed,True,True
993,147,42,0,0,0.0,closed,True,True
962,11,3,0,0,0.0,closed,True,True
992,3,3,0,0,0.0,closed,True,True
991,4,0,0,0,0.0,closed,True,True
990,14,1,0,0,0.0,closed,False,False
987,4,1,3,0,0.0,closed,True,True
985,59,5,0,0,0.0,closed,True,True
983,87,26,0,0,0.0,closed,True,True
982,126,97,12,0,0.0,closed,True,True
981,4,4,0,0,0.0,closed,True,True
979,68,55,0,0,0.0,closed,True,True
978,97,3,0,0,0.0,closed,True,True
976,2,2,1,0,0.0,closed,True,True
975,2,2,0,0,0.0,closed,True,True
974,3,3,0,0,0.0,closed,True,True
972,5856,4486,0,0,0.0,closed,False,False
970,3584,164,2,0,0.0,closed,True,True
967,169,70,1,0,0.0,closed,True,True
966,10,9,0,0,0.0,closed,True,True
965,140,137,0,0,0.0,closed,True,True
964,34,5,2,0,0.0,closed,True,True
960,212,211,5,0,0.0,closed,True,True
959,27,3,0,0,0.0,closed,True,True
958,60,46,1,0,0.0,closed,True,True
957,1,1,0,0,0.0,closed,True,True
956,2,3,0,0,0.0,closed,True,True
955,0,3123,0,0,0.0,closed,True,True
953,8,2,1,0,0.0,closed,False,False
951,14,21,0,0,0.0,closed,True,True
950,1,1,0,0,0.0,closed,False,False
949,15,11,0,0,0.0,closed,True,True
948,907,0,5,0,0.0,closed,True,True
947,3,3,3,0,0.0,closed,False,False
946,55,3,0,0,0.0,closed,True,True
940,187,157,5,0,0.0,closed,False,False
939,4,7,0,0,0.0,closed,True,True
938,24,11,0,0,0.0,closed,False,False
937,10,1,0,0,0.0,closed,True,True
935,5,5,0,0,0.0,closed,False,False
934,56,6,0,0,0.0,closed,True,True
933,93,49,0,0,0.0,closed,True,True
932,5,2,0,0,0.0,closed,True,True
931,71,45,0,0,0.0,closed,False,False
930,2,0,0,0,0.0,closed,True,True
929,8776,8903,2,0,0.0,closed,False,False
928,1,1,0,0,0.0,closed,True,True
927,23,30,0,0,0.0,closed,True,True
919,13787,14159,0,0,0.0,closed,True,True
918,15,9,0,0,0.0,closed,True,True
917,1,0,0,0,0.0,closed,True,True
914,68,27,2,0,0.0,closed,False,False
913,359,312,1,0,0.0,closed,True,True
911,924,887,2,0,0.0,closed,True,True
910,45,32,0,0,0.0,closed,False,False
909,47,4,0,0,0.0,closed,True,True
908,37,32,0,8,1.6,closed,True,True
907,115,160,0,2,0.6666666666666666,closed,True,True
905,43,13,3,1,0.5,closed,True,True
904,4,0,0,0,0.0,closed,True,True
903,17,0,0,0,0.0,closed,True,True
902,2,78,7,0,0.0,closed,True,True
900,7,1,1,0,0.0,closed,True,True
897,176,30,0,0,0.0,closed,True,True
896,3,0,0,0,0.0,closed,True,True
895,26,11,0,0,0.0,closed,True,True
893,1,2,3,0,0.0,closed,True,True
891,10,2,0,0,0.0,closed,True,True
890,9,0,2,0,0.0,closed,True,True
889,34,0,0,0,0.0,closed,True,True
888,57,20,0,0,0.0,closed,True,True
887,16,1,0,0,0.0,closed,True,True
886,947,1,1,0,0.0,closed,True,True
885,3297,3203,0,0,0.0,closed,True,True
884,253,80,0,0,0.0,closed,True,True
883,35,1,0,0,0.0,closed,True,True
882,1,1,5,0,0.0,closed,True,True
881,148,70,0,0,0.0,closed,True,True
880,57,78,51,0,0.0,closed,True,True
879,19,24,0,0,0.0,closed,True,True
877,11,9,2,0,0.0,closed,True,True
876,2,1,4,0,0.0,closed,True,True
873,1830,941,0,0,0.0,closed,True,True
872,531,378,2,0,0.0,closed,True,True
871,393,22,0,0,0.0,closed,True,True
870,2866,83,0,0,0.0,closed,True,True
863,2,2,0,0,0.0,closed,True,True
862,546,527,0,0,0.0,closed,True,True
861,276,92,2,0,0.0,closed,True,True
860,2,1,0,0,0.0,closed,True,True
858,0,0,0,0,0.0,closed,True,True
857,240,111,0,0,0.0,closed,True,True
856,0,0,0,0,0.0,closed,True,True
854,1,1,0,0,0.0,closed,True,True
853,10,2,0,0,0.0,closed,True,True
850,620,513,0,0,0.0,closed,True,True
849,762,10,9,0,0.0,closed,True,True
848,875,555,0,0,0.0,closed,True,True
846,25,35,3,0,0.0,closed,True,True
844,1,2,0,0,0.0,closed,True,True
842,213,199,0,0,0.0,closed,True,True
838,1,1,0,0,0.0,closed,True,True
837,12,90,0,0,0.0,closed,True,True
836,7,4,0,0,0.0,closed,True,True
829,2,2,1,0,0.0,closed,True,True
824,56,32,0,0,0.0,closed,True,True
821,756,247,13,0,0.0,closed,True,True
820,8,8,0,0,0.0,closed,True,True
817,10,4,0,0,0.0,closed,True,True
814,16,0,0,0,0.0,closed,True,True
813,22,4,0,0,0.0,closed,True,True
811,14,0,0,0,0.0,closed,True,True
810,5912,5961,0,0,0.0,closed,True,True
809,1,1,0,0,0.0,closed,True,True
805,130,65,0,0,0.0,closed,True,True
804,12,12,0,0,0.0,closed,True,True
803,138,63,6,0,0.0,closed,True,True
802,2497,2456,0,0,0.0,closed,True,True
801,1863,1765,0,0,0.0,closed,True,True
800,2,2,1,0,0.0,closed,True,True
799,23,21,0,0,0.0,closed,True,True
794,11894,12102,3,0,0.0,closed,True,True
793,0,0,0,0,0.0,closed,True,True
790,1188,800,0,0,0.0,closed,True,True
787,1,0,1,0,0.0,closed,False,False
784,14,2,0,0,0.0,closed,True,True
782,30,30,0,0,0.0,closed,True,True
779,83,30,0,0,0.0,closed,True,True
777,1475,287,1,0,0.0,closed,True,True
770,3,0,0,0,0.0,closed,True,True
768,1,0,1,0,0.0,closed,True,True
763,335,0,0,0,0.0,closed,False,False
762,2181,2120,0,0,0.0,closed,True,True
761,1,1,1,0,0.0,closed,True,True
760,392,23,0,0,0.0,closed,True,True
759,11,1,0,0,0.0,closed,True,True
758,135,97,0,0,0.0,closed,True,True
757,1,0,4,0,0.0,closed,True,True
754,19,8,0,0,0.0,closed,True,True
751,3,3,1,0,0.0,closed,True,True
750,361,121,2,0,0.0,closed,False,False
747,296,288,0,0,0.0,closed,True,True
746,19,21,1,0,0.0,closed,True,True
743,36,24,0,0,0.0,closed,True,True
742,39,10,1,0,0.0,closed,True,True
741,635,587,0,0,0.0,closed,True,True
740,50,32,0,4,1.0,closed,True,True
736,170,156,0,1,0.2,closed,True,True
734,17,3,0,0,0.0,closed,True,True
733,79,72,0,0,0.0,closed,True,True
732,79,32,0,0,0.0,closed,True,True
731,2822,2848,0,0,0.0,closed,True,True
730,3381,3180,0,0,0.0,closed,True,True
729,76,11,0,0,0.0,closed,True,True
725,1311,24,27,0,0.0,closed,True,True
724,426,175,0,0,0.0,closed,True,True
723,161,24,0,0,0.0,closed,True,True
722,303,21,9,0,0.0,closed,True,True
721,47,1,0,0,0.0,closed,True,True
720,329,0,0,0,0.0,closed,True,True
719,19,6,0,0,0.0,closed,True,True
717,28,9,0,0,0.0,closed,True,True
716,38,13,0,0,0.0,closed,True,True
715,38,14,0,0,0.0,closed,False,False
714,57,19,0,0,0.0,closed,True,True
712,13757,14279,1,0,0.0,closed,True,True
709,5782,4955,1,0,0.0,closed,True,True
708,1168,1345,0,0,0.0,closed,True,True
707,31,13,0,0,0.0,closed,False,False
705,2560,1956,0,0,0.0,closed,True,True
704,13,3,0,0,0.0,closed,True,True
703,63,14,3,0,0.0,closed,False,False
702,233,109,7,0,0.0,closed,True,True
701,25,6,0,0,0.0,closed,True,True
700,2690,2595,0,0,0.0,closed,True,True
699,90,90,0,0,0.0,closed,True,True
698,1,1,0,0,0.0,closed,True,True
697,31,9,1,0,0.0,closed,True,True
696,0,0,0,0,0,closed,True,True
695,26101,24880,5,0,0.0,closed,True,True
694,2,1,0,0,0.0,closed,True,True
691,36,11,3,0,0.0,closed,True,True
688,0,12,0,0,0.0,closed,True,True
687,1,8,2,0,0.0,closed,True,True
683,127,69,0,0,0.0,closed,True,True
682,9,10,0,0,0.0,closed,True,True
681,921,741,3,0,0.0,closed,True,True
680,274,250,0,0,0.0,closed,True,True
678,97,39,0,0,0.0,closed,True,True
677,757,630,0,0,0.0,closed,True,True
676,97,39,1,0,0.0,closed,False,False
673,36,25,0,0,0.0,closed,True,True
670,20,6,0,0,0.0,closed,True,True
665,6,6,0,0,0.0,closed,True,True
663,7,0,0,0,0.0,closed,False,False
662,2,1,1,0,0.0,closed,True,True
659,532,261,0,0,0.0,closed,True,True
658,5,0,0,0,0.0,closed,True,True
657,4,1,2,0,0.0,closed,True,True
655,53,22,0,0,0.0,closed,True,True
654,12,7,0,0,0.0,closed,True,True
649,24,11,0,0,0.0,closed,True,True
647,175,125,1,0,0.0,closed,True,True
646,29,23,9,0,0.0,closed,True,True
645,6,6,0,0,0.0,closed,True,True
644,16,4,1,0,0.0,closed,True,True
634,414,383,0,0,0.0,closed,True,True
630,7433,2884,1,0,0.0,closed,True,True
626,290,163,0,0,0.0,closed,True,True
625,2,2,0,0,0.0,closed,True,True
623,3,3,0,0,0.0,closed,True,True
615,36,9,0,0,0.0,closed,True,True
611,346,134,5,0,0.0,closed,False,False
607,57,19,0,0,0.0,closed,True,True
600,50,13,0,0,0.0,closed,True,True
599,1172,986,16,0,0.0,closed,False,False
596,6,3,1,0,0.0,closed,True,True
594,1808,2,0,0,0.0,closed,True,True
591,1,1,0,0,0.0,closed,True,True
589,1,1,0,0,0.0,closed,True,True
588,100,78,0,0,0.0,closed,True,True
585,341,131,0,0,0.0,closed,True,True
584,59,2,1,0,0.0,closed,True,True
583,64,6,0,0,0.0,closed,True,True
582,3226,1331,0,0,0.0,closed,True,True
579,3,1,1,0,0.0,closed,True,True
576,61,6,1,0,0.0,closed,False,False
575,3,4,0,0,0.0,closed,True,True
574,14,4,4,0,0.0,closed,True,True
561,119,105,2,0,0.0,closed,False,False
557,126,24,5,0,0.0,closed,True,True
554,4,2,0,0,0.0,closed,True,True
553,1,1,0,0,0.0,closed,True,True
551,147,46,6,0,0.0,closed,False,False
548,43,35,1,0,0.0,closed,True,True
539,141,12,0,0,0.0,closed,True,True
536,27,13,0,0,0.0,closed,True,True
535,3673,3467,0,0,0.0,closed,False,False
534,137,126,0,0,0.0,closed,True,True
532,4087,3945,0,0,0.0,closed,True,True
531,3647,3455,2,3,1.0,closed,True,True
530,6,2,2,1,0.5,closed,True,True
527,133,78,7,0,0.0,closed,True,True
524,54,25,2,0,0.0,closed,False,False
523,571,579,0,0,0.0,closed,True,True
522,32,29,0,0,0.0,closed,True,True
521,380,350,0,0,0.0,closed,True,True
519,503,339,0,0,0.0,closed,True,True
516,3,4,0,0,0.0,closed,True,True
514,13,2,0,0,0.0,closed,True,True
513,194,191,0,0,0.0,closed,True,True
511,0,1,2,0,0.0,closed,True,True
510,236,59,3,0,0.0,closed,True,True
508,38,43,0,0,0.0,closed,True,True
507,58,64,0,0,0.0,closed,True,True
506,228,190,0,0,0.0,closed,True,True
501,307,116,0,0,0.0,closed,True,True
499,48,8,0,0,0.0,closed,True,True
498,48,8,0,0,0.0,closed,True,True
497,90,23,0,0,0.0,closed,True,True
496,0,8,0,0,0.0,closed,True,True
494,12,2,0,0,0.0,closed,True,True
493,35,7,4,0,0.0,closed,True,True
490,392,213,1,0,0.0,closed,True,True
488,309,220,1,0,0.0,closed,True,True
486,14,0,1,0,0.0,closed,True,True
478,44,54,0,0,0.0,closed,True,True
477,18,2,0,0,0.0,closed,True,True
476,0,0,1,0,0,closed,True,True
475,261,965,0,0,0.0,closed,True,True
474,3645,3568,0,0,0.0,closed,True,True
469,2,2,0,0,0.0,closed,True,True
466,0,0,0,0,0.0,closed,True,True
457,89,0,4,0,0.0,closed,True,True
453,6,5,0,0,0.0,closed,True,True
450,49,0,2,0,0.0,closed,True,True
447,1,1,0,0,0.0,closed,True,True
446,0,12,0,0,0.0,closed,True,True
445,2,1,0,0,0.0,closed,True,True
444,1,1,2,0,0.0,closed,False,False
442,14,5,0,0,0.0,closed,True,True
441,4,4,0,0,0.0,closed,True,True
435,154,30,0,0,0.0,closed,True,True
433,22,17,0,0,0.0,closed,True,True
431,3605,0,0,0,0.0,closed,True,True
422,1,1,0,0,0.0,closed,True,True
421,1,1,0,0,0.0,closed,True,True
420,45,22,8,0,0.0,closed,True,True
419,2,2,2,0,0.0,closed,True,True
417,60,36,1,0,0.0,closed,True,True
414,103,19,1,0,0.0,closed,False,False
412,4,0,1,0,0.0,closed,True,True
403,59,29,8,0,0.0,closed,True,True
401,1,1,0,0,0.0,closed,True,True
400,46,21,2,0,0.0,closed,True,True
398,1811,54,0,0,0.0,closed,True,True
395,1028,46,0,0,0.0,closed,True,True
392,1035,46,2,0,0.0,closed,False,False
389,22,10,1,0,0.0,closed,True,True
388,1,1,0,0,0.0,closed,True,True
387,2,2,0,0,0.0,closed,False,False
386,138,0,1,0,0.0,closed,False,False
385,8,11,1,0,0.0,closed,False,False
384,45,5,0,0,0.0,closed,True,True
383,224,13,0,0,0.0,closed,True,True
382,3,1,0,0,0.0,closed,True,True
377,2,2,0,0,0.0,closed,True,True
366,1356,161,7,0,0.0,closed,True,True
349,14,3,0,0,0.0,closed,True,True
348,14773,9132,4,0,0.0,closed,True,True
346,49,13,0,0,0.0,closed,True,True
344,3,1,0,0,0.0,closed,True,True
343,68,85,0,0,0.0,closed,True,True
342,84,29,2,0,0.0,closed,True,True
340,5050,5253,5,0,0.0,closed,True,True
338,1239,741,2,0,0.0,closed,True,True
337,689,6,0,0,0.0,closed,True,True
336,687,4,0,0,0.0,closed,True,True
333,4,4,0,0,0.0,closed,True,True
330,4352,56,22,0,0.0,closed,True,True
329,3,1,0,0,0.0,closed,True,True
327,125,47,0,0,0.0,closed,True,True
324,1758,1480,0,0,0.0,closed,True,True
323,1758,1480,0,0,0.0,closed,True,True
322,125,47,0,0,0.0,closed,True,True
321,361,80,10,0,0.0,closed,True,True
320,992,663,2,0,0.0,closed,True,True
319,507,494,2,0,0.0,closed,True,True
316,1,1,0,0,0.0,closed,True,True
315,735,351,3,0,0.0,closed,True,True
314,97,66,1,0,0.0,closed,True,True
313,98,67,1,0,0.0,closed,False,False
311,4,8,0,0,0.0,closed,True,True
310,8,1,1,0,0.0,closed,True,True
309,13,2,1,0,0.0,closed,True,True
308,27,11,1,0,0.0,closed,True,True
307,34,9,0,0,0.0,closed,True,True
306,34,9,1,0,0.0,closed,True,True
303,172,77,1,0,0.0,closed,True,True
302,2,2,0,0,0.0,closed,True,True
301,1,1,0,0,0.0,closed,True,True
300,49,10,1,0,0.0,closed,True,True
297,170,149,0,0,0.0,closed,True,True
296,263,250,3,0,0.0,closed,True,True
295,2,1,0,0,0.0,closed,True,True
294,0,1,0,0,0.0,closed,True,True
293,238,200,4,0,0.0,closed,True,True
291,91,25,0,0,0.0,closed,True,True
290,5782,3152,8,0,0.0,closed,True,True
288,945,943,0,0,0.0,closed,True,True
284,18,1,2,0,0.0,closed,True,True
281,1066,1055,0,0,0.0,closed,True,True
280,2,2,3,0,0.0,closed,False,False
279,1,2,2,0,0.0,closed,True,True
278,1762,1705,3,0,0.0,closed,True,True
277,1547,1529,0,0,0.0,closed,True,True
273,193,20,0,0,0.0,closed,True,True
272,1,1,0,0,0.0,closed,True,True
270,1,1,0,0,0.0,closed,True,True
268,52,1,0,0,0.0,closed,True,True
267,52,1,2,0,0.0,closed,True,True
263,2908,0,1,0,0.0,closed,True,True
255,30,10,6,0,0.0,closed,True,True
252,3538,1788,3,0,0.0,closed,True,True
250,45,35,0,0,0.0,closed,True,True
247,2340,2185,0,0,0.0,closed,True,True
246,2324,2179,0,0,0.0,closed,True,True
241,27,9,2,0,0.0,closed,False,False
238,114,102,0,0,0.0,closed,True,True
236,45,1,4,0,0.0,closed,True,True
233,48,79,0,0,0.0,closed,True,True
227,140,41,4,0,0.0,closed,True,True
225,173,180,0,0,0.0,closed,True,True
224,2059,2055,2,0,0.0,closed,True,True
219,2621,2381,3,0,0.0,closed,True,True
215,954,1101,1,0,0.0,closed,True,True
210,542,555,1,0,0.0,closed,True,True
208,1,1,0,0,0.0,closed,True,True
206,156,86,0,0,0.0,closed,True,True
203,6,6,0,0,0.0,closed,False,False
201,2,25,2,0,0.0,closed,True,True
200,17,17,1,0,0.0,closed,False,False
199,17,17,0,0,0.0,closed,True,True
198,2791,753,0,0,0.0,closed,True,True
197,26,4,3,0,0.0,closed,True,True
195,4,4,0,0,0.0,closed,True,True
191,0,17,2,0,0.0,closed,False,False
190,74,82,0,0,0.0,closed,True,True
188,16,67,4,0,0.0,closed,True,True
187,18,17,1,0,0.0,closed,True,True
180,4,4,0,0,0.0,closed,True,True
179,15,23,0,0,0.0,closed,True,True
177,2,5,1,0,0.0,closed,True,True
176,1,1,0,0,0.0,closed,True,True
175,5,12,0,0,0.0,closed,True,True
171,47,8,2,0,0.0,closed,False,False
165,9,2,0,0,0.0,closed,True,True
164,3,0,1,0,0.0,closed,False,False
159,6,3,1,0,0.0,closed,False,False
156,2,69,0,0,0.0,closed,True,True
155,7,7,0,0,0.0,closed,True,True
150,31,14,2,0,0.0,closed,False,False
