61423,518,32,0,0,0.0,open,False,False
61420,980,974,8,0,0.0,open,False,False
61414,1402,148,2,5,0.45454545454545453,open,False,False
61405,2,2,1,0,0.0,closed,False,False
61404,7,7,3,0,0.0,open,False,False
61402,24,26,1,0,0.0,closed,False,False
61399,4096,3944,12,0,0.0,open,False,False
61393,160,9,0,0,0.0,open,False,False
61392,518,32,3,0,0.0,closed,True,True
61387,4,4,0,0,0.0,closed,True,True
61383,176,0,0,1,1.0,open,False,False
61379,1785,1,0,0,0.0,open,False,False
61378,28,0,2,0,0.0,closed,False,False
61376,489,1,0,0,0.0,open,False,False
61372,95,33,6,2,1.0,open,False,False
61368,156,0,0,0,0.0,closed,True,True
61362,189,10,0,1,1.0,open,False,False
61359,16406,21,0,0,0.0,open,False,False
61358,34,15,0,0,0.0,open,False,False
61353,34,11,0,0,0.0,open,False,False
61352,187,1,0,0,0.0,open,False,False
61350,20,1,0,1,1.0,open,False,False
61349,1,1,0,0,0.0,open,False,False
61346,194,2,0,1,1.0,open,False,False
61345,132,5,0,0,0.0,open,False,False
61343,510,207,1,0,0.0,open,False,False
61342,132,5,6,0,0.0,closed,True,True
61340,291,283,1,0,0.0,open,False,False
61333,2,2,0,0,0.0,closed,True,True
61320,362,1,0,0,0.0,open,False,False
61317,564,0,0,1,1.0,open,False,False
61315,72,0,0,0,0.0,closed,True,True
61303,17,2,1,3,3.0,open,False,False
61291,128,11,17,0,0.0,open,False,False
61290,374,10,3,0,0.0,open,False,False
61271,56,56,0,0,0.0,closed,True,True
61269,45,0,0,0,0.0,closed,True,True
61265,408,16,0,3,1.5,open,False,False
61263,90,1,0,5,5.0,open,False,False
61262,895,546,5,0,0.0,open,False,False
61261,374,10,19,6,2.0,closed,True,True
61257,10,10,0,0,0.0,closed,True,True
61248,216,29,1,1,0.5,closed,False,False
61244,362,1,7,0,0.0,closed,True,True
61237,69,1,0,0,0.0,closed,True,True
61236,25,1,6,0,0.0,open,False,False
61234,529,2,0,0,0.0,closed,True,True
61233,163,2,6,2,2.0,open,False,False
61232,103,3,0,1,1.0,open,False,False
61227,75,0,1,2,0.5,closed,True,True
61224,68,8,7,0,0.0,open,False,False
61221,1616,12,5,4,0.6666666666666666,open,False,False
61219,129,0,3,0,0.0,open,False,False
61218,5,5,2,0,0.0,closed,True,True
61211,540,1,7,1,1.0,open,False,False
61210,69,1,4,1,0.3333333333333333,closed,True,True
61185,1123,1,1,1,0.25,open,False,False
61184,62,1,6,0,0.0,closed,True,True
61180,124,1,6,0,0.0,closed,True,True
61178,341,89,1,0,0.0,closed,True,True
61177,108,0,8,0,0.0,open,False,False
61175,341,89,7,1,0.5,closed,True,True
61174,268,0,1,0,0.0,open,False,False
61173,43,10,2,0,0.0,open,False,False
61171,8,1,0,0,0.0,closed,True,True
61166,227,202,0,1,0.5,closed,True,True
61156,4,4,0,0,0.0,closed,True,True
61154,36,3,0,0,0.0,closed,True,True
61147,277,5,1,0,0.0,open,False,False
61145,254,1097,5,0,0.0,open,False,False
61144,5,5,7,0,0.0,closed,True,True
61143,736,545,1,0,0.0,closed,False,False
61136,311,12191,7,0,0.0,closed,True,True
61132,57,8169,13,0,0.0,closed,True,True
61121,21,14,1,0,0.0,closed,False,False
61117,557,261,2,0,0.0,closed,False,False
61115,142,1,1,0,0.0,closed,False,False
61114,39,39,0,0,0.0,closed,True,True
61113,136,0,7,0,0.0,open,False,False
61107,49,0,0,3,3.0,open,False,False
61104,34,49,1,0,0.0,open,False,False
61102,28,28,0,0,0.0,closed,True,True
61097,827,11,6,2,2.0,open,False,False
61092,388,1,0,0,0.0,open,False,False
61087,61,103,2,1,0.5,open,False,False
61086,4,4,12,0,0.0,closed,True,True
61084,16,1,0,0,0.0,closed,True,True
61082,53,1,0,0,0.0,closed,True,True
61079,1,1,6,0,0.0,open,False,False
61077,1000,1,4,1,0.5,open,False,False
61074,2,2,8,0,0.0,open,False,False
61073,59,31,27,0,0.0,closed,True,True
61072,800,464,18,0,0.0,closed,False,False
61071,358,1,7,6,1.2,open,False,False
61067,468,0,0,0,0.0,closed,True,True
61066,32,32,0,0,0.0,closed,True,True
61061,619,10,6,2,1.0,open,False,False
61055,5,5,0,0,0.0,closed,True,True
61054,400,15,6,1,0.25,open,False,False
61048,284,273,2,0,0.0,closed,False,False
61042,10164,591,0,5,1.25,open,False,False
61040,5,0,1,0,0.0,closed,True,True
61036,3,3,2,0,0.0,closed,False,False
61034,9,5,13,1,0.5,closed,True,True
61032,58,0,3,3,0.42857142857142855,open,False,False
61016,3,3,5,0,0.0,closed,False,False
61013,817,12,9,5,1.0,open,False,False
61011,832,3,12,13,0.9285714285714286,closed,True,True
61010,61,0,1,0,0.0,closed,False,False
60994,191,0,12,0,0.0,open,False,False
60987,1022,208,31,4,0.6666666666666666,closed,True,True
60983,16,16,1,0,0.0,closed,True,True
60980,56,3,0,6,3.0,closed,True,True
60977,87,1,0,0,0.0,open,False,False
60967,922,719,0,0,0.0,closed,True,True
60964,289,3,10,0,0.0,closed,True,True
60963,8,8,0,0,0.0,closed,True,True
60957,157,0,1,0,0.0,closed,False,False
60955,1,1,2,0,0.0,closed,False,False
60950,277,1,10,0,0.0,closed,True,True
60938,83,2,0,0,0.0,open,False,False
60937,1,1,0,0,0.0,closed,True,True
60936,5,1,20,0,0.0,closed,False,False
60934,24,3,12,0,0.0,closed,True,True
60931,55,50,2,0,0.0,closed,False,False
60928,106,3,6,1,1.0,closed,True,True
60925,7,6,2,0,0.0,closed,True,True
60924,462,0,0,0,0.0,closed,True,True
60923,4,4,0,0,0.0,closed,True,True
60921,263,0,15,11,1.8333333333333333,open,False,False
60910,578,1,8,1,0.5,closed,True,True
60909,2881,10,7,4,0.5,open,False,False
60901,1983,4,0,0,0.0,open,False,False
60898,20,0,6,6,1.5,closed,True,True
60897,4,1,8,0,0.0,open,False,False
60895,93,31,3,0,0.0,open,False,False
60891,317,11,0,0,0.0,open,False,False
60890,207,7,0,1,1.0,open,False,False
60889,285,11,0,1,0.5,open,False,False
60888,21,0,0,2,2.0,closed,True,True
60886,544,10,0,0,0.0,open,False,False
60885,582,4,4,0,0.0,open,False,False
60880,772,0,6,2,0.6666666666666666,closed,True,True
60876,224,0,0,1,1.0,open,False,False
60873,71,3,0,0,0.0,open,False,False
60869,812,9,0,1,1.0,open,False,False
60868,173,1,8,0,0.0,open,False,False
60866,99,2,1,1,1.0,open,False,False
60865,632,133,0,3,3.0,open,False,False
60863,154,42,0,0,0.0,closed,True,True
60860,120,10,0,0,0.0,open,False,False
60858,245,13,0,0,0.0,open,False,False
60857,486,13,0,4,1.3333333333333333,open,False,False
60853,1119,45,0,2,0.6666666666666666,open,False,False
60844,9,9,0,0,0.0,closed,True,True
60837,8,0,2,0,0.0,closed,False,False
60834,579,30,12,0,0.0,open,False,False
60833,208,184,0,0,0.0,closed,True,True
60830,84,3,6,0,0.0,open,False,False
60829,1230,71,21,3,0.6,closed,True,True
60828,4,4,4,0,0.0,closed,True,True
60826,130,115,0,0,0.0,closed,True,True
60825,721,1,0,0,0.0,closed,True,True
60820,93,0,1,0,0.0,closed,False,False
60817,316,2,0,1,1.0,closed,False,False
60816,465,26,1,4,1.0,open,False,False
60812,121,6,23,21,4.2,closed,True,True
60809,6,11,1,0,0.0,open,False,False
60802,104,0,0,0,0.0,closed,True,True
60801,44,1,3,0,0.0,closed,True,True
60800,80,20,6,0,0.0,closed,False,False
60799,240,14,0,6,3.0,open,False,False
60798,3,2,0,0,0.0,closed,True,True
60797,12,0,0,0,0.0,closed,True,True
60796,749,16,0,0,0.0,open,False,False
60795,264,1,10,2,1.0,closed,True,True
60794,3,2,3,2,0.6666666666666666,closed,True,True
60793,50,26,2,0,0.0,closed,False,False
60792,1,1,0,0,0.0,closed,True,True
60788,1291,1064,0,1,1.0,open,False,False
60782,125,2,6,0,0.0,closed,True,True
60781,1055,917,0,0,0.0,closed,True,True
60780,2,2,0,0,0.0,closed,True,True
60779,1,1,0,0,0.0,closed,True,True
60777,330,5,0,0,0.0,closed,True,True
60776,76,2,0,0,0.0,closed,True,True
60770,4,4,1,0,0.0,closed,False,False
60761,3602,580,10,0,0.0,closed,True,True
60757,2234,292,12,28,1.4,open,False,False
60755,145,11,17,10,0.8333333333333334,closed,False,False
60754,581,431,12,9,1.2857142857142858,closed,True,True
60752,222,0,0,0,0.0,closed,True,True
60750,61,17,0,0,0.0,closed,True,True
60749,61,17,3,0,0.0,closed,True,True
60729,1717,1467,5,27,3.375,open,False,False
60726,830,4,12,0,0.0,open,False,False
60723,57,1,8,0,0.0,closed,False,False
60722,31423,529,7,5,0.625,closed,True,True
60721,434,29,0,0,0.0,closed,True,True
60718,1289,53,48,11,0.39285714285714285,open,False,False
60716,281,5,6,1,1.0,open,False,False
60715,646,2,7,1,1.0,open,False,False
60713,6,6,0,0,0.0,closed,True,True
60710,703,76,6,6,3.0,open,False,False
60696,11,75,5,0,0.0,closed,True,True
60691,1358,0,6,0,0.0,closed,True,True
60690,252,0,0,0,0.0,closed,True,True
60687,434,29,4,2,0.4,closed,True,True
60686,111,0,0,0,0.0,closed,True,True
60684,80,2,12,0,0.0,closed,True,True
60683,111,0,5,0,0.0,closed,True,True
60682,2,0,0,0,0.0,open,False,False
60681,803,797,0,0,0.0,closed,True,True
60680,76,2,7,0,0.0,closed,True,True
60679,252,3,0,0,0.0,closed,True,True
60678,670,2,2,0,0.0,open,False,False
60674,304,14,0,0,0.0,closed,True,True
60673,304,14,3,0,0.0,closed,True,True
60662,17,0,11,2,1.0,closed,True,True
60656,85,1,1,0,0.0,open,False,False
60655,1,1,0,0,0.0,closed,False,False
60653,108,39,0,3,3.0,closed,False,False
60646,167,2,3,4,0.6666666666666666,open,False,False
60644,618,1,13,0,0.0,closed,True,True
60643,342,4,1,1,0.5,open,False,False
60642,472,0,1,3,3.0,open,False,False
60640,196,0,0,0,0.0,closed,True,True
60631,584,40,1,0,0.0,open,False,False
60630,3,2,4,0,0.0,closed,False,False
60628,289,0,9,3,1.0,open,False,False
60627,1,8,3,1,1.0,closed,False,False
60622,803,797,5,2,0.4,closed,True,True
60620,123,3,1,0,0.0,closed,False,False
60618,123,3,0,0,0.0,closed,True,True
60616,117,2,10,0,0.0,closed,True,True
60615,123,3,15,0,0.0,closed,True,True
60584,504,2,1,0,0.0,open,False,False
60581,5,5,0,0,0.0,closed,True,True
60576,252,3,17,4,0.6666666666666666,closed,True,True
60574,542,16,1,0,0.0,open,False,False
60569,37,36,5,0,0.0,open,False,False
60566,76,0,6,2,0.6666666666666666,closed,True,True
60558,1127,445,0,0,0.0,open,False,False
60557,317,23,8,0,0.0,open,False,False
60541,1,1,8,0,0.0,closed,True,True
60540,576,438,1,12,12.0,open,False,False
60537,32,1,1,6,3.0,open,False,False
60529,5,5,1,0,0.0,closed,False,False
60528,723,116,7,6,0.375,open,False,False
60523,15,2,3,0,0.0,open,False,False
60516,37,37,0,0,0.0,open,False,False
60513,1061,16,0,0,0.0,closed,True,True
60510,19,1,0,0,0.0,closed,True,True
60502,3,0,1,0,0.0,closed,True,True
60501,10,0,1,0,0.0,closed,False,False
60498,6,2,3,0,0.0,closed,False,False
60495,5,290,0,0,0.0,closed,True,True
60494,19,19,2,0,0.0,closed,False,False
60493,1,1,1,2,0.6666666666666666,closed,True,True
60490,308,10,6,2,1.0,closed,True,True
60488,5,290,7,2,0.5,closed,True,True
60486,1,298,5,0,0.0,closed,False,False
60480,456,3,5,0,0.0,closed,False,False
60472,4,4,1,0,0.0,closed,False,False
60461,3,3,3,0,0.0,closed,False,False
60458,369,2,1,0,0.0,open,False,False
60454,91,3,4,7,7.0,closed,False,False
60450,1061,16,3,0,0.0,closed,True,True
60440,63,0,1,0,0.0,closed,True,True
60436,3,9,0,0,0.0,open,False,False
60434,1624,3,13,28,2.0,open,False,False
60433,137,5,20,2,2.0,open,False,False
60427,1,8,73,2,1.0,closed,False,False
60424,30,1,0,0,0.0,closed,True,True
60422,5,5,1,0,0.0,closed,True,True
60420,1,1,2,0,0.0,closed,False,False
60417,644,277,20,5,0.7142857142857143,open,False,False
60416,166,79,8,0,0.0,closed,True,True
60415,30,1,6,0,0.0,closed,True,True
60410,26,2,0,2,2.0,closed,False,False
60407,62,27,5,0,0.0,open,False,False
60402,152,5,6,0,0.0,closed,True,True
60395,3749,54,7,0,0.0,open,False,False
60393,721,1,9,7,1.4,closed,True,True
60391,86,57,5,1,0.5,closed,True,True
60385,0,2,1,0,0.0,closed,True,True
60384,1249,36,8,5,1.0,closed,True,True
60381,79,0,0,0,0.0,closed,False,False
60378,78,13,0,2,1.0,closed,True,True
60377,1,0,0,2,2.0,closed,True,True
60371,8,2,3,0,0.0,open,False,False
60362,288,0,0,1,0.5,closed,True,True
60359,8003,0,2,0,0.0,closed,False,False
60358,26,1,2,0,0.0,closed,True,True
60356,59,59,0,0,0.0,closed,True,True
60354,245,15,7,1,0.5,open,False,False
60349,202,2,0,1,1.0,open,False,False
60346,22075,0,2,0,0.0,closed,False,False
60345,352,7,9,1,0.5,open,False,False
60340,70,2,1,0,0.0,closed,True,True
60339,3969,6,0,1,0.2,closed,True,True
60334,1495,332,11,2,1.0,open,False,False
60333,2361,22,0,6,0.75,closed,True,True
60332,6,0,2,0,0.0,closed,False,False
60328,78,5,0,0,0.0,closed,True,True
60324,330,25,10,4,1.3333333333333333,open,False,False
60323,86,24,2,0,0.0,closed,False,False
60321,156,23,6,0,0.0,closed,True,True
60314,375,15,0,2,0.6666666666666666,closed,True,True
60313,153,3,6,1,1.0,closed,True,True
60309,190,8,7,0,0.0,closed,True,True
60304,789,10,0,0,0.0,closed,True,True
60303,11,1,1,0,0.0,closed,True,True
60302,297,2,4,3,3.0,closed,False,False
60301,52,1,2,0,0.0,open,False,False
60295,4,4,0,0,0.0,closed,True,True
60272,54,1,1,9,4.5,closed,True,True
60271,61,9,2,1,1.0,open,False,False
60269,687,47,5,0,0.0,open,False,False
60268,11748,38,4,0,0.0,closed,False,False
60267,34,6,2,0,0.0,closed,True,True
60263,46,76,1,0,0.0,open,False,False
60262,1584,654,3,0,0.0,closed,True,True
60260,113,21,1,2,0.6666666666666666,open,False,False
60257,158,86,0,0,0.0,closed,True,True
60252,13,15,1,0,0.0,closed,True,True
60250,60,100,3,4,1.3333333333333333,closed,True,True
60249,91640,50077,21,6,0.1935483870967742,open,False,False
60240,57,32,0,3,1.0,closed,True,True
60238,62,38,0,0,0.0,closed,True,True
60236,24,3,0,1,0.5,closed,True,True
60234,489,385,8,6,3.0,closed,True,True
60232,1525,740,9,15,3.0,closed,True,True
60228,189,179,0,0,0.0,closed,True,True
60227,1,1,6,0,0.0,closed,False,False
60226,175,1,3,1,1.0,closed,False,False
60225,134,1,6,0,0.0,closed,True,True
60224,105,11,0,4,4.0,closed,True,True
60219,44,5,1,0,0.0,open,False,False
60218,39,39,0,0,0.0,closed,True,True
60208,132,11,7,9,4.5,closed,True,True
60205,17,5,4,0,0.0,open,False,False
60203,48,2,0,0,0.0,closed,True,True
60201,9,0,4,0,0.0,closed,True,True
60195,133,14,0,3,0.75,closed,True,True
60191,26,1,0,0,0.0,closed,True,True
60183,364,3,7,0,0.0,closed,True,True
60178,1127,13,2,1,1.0,open,False,False
60174,1,1,0,0,0.0,closed,True,True
60173,1029,2,1,7,0.875,closed,False,False
60171,17,1,1,0,0.0,open,False,False
60169,2,2,0,0,0.0,closed,True,True
60163,1,1,0,0,0.0,closed,True,True
60160,6,6,0,0,0.0,closed,True,True
60157,2,2,5,0,0.0,closed,True,True
60152,32,0,0,0,0.0,closed,True,True
60151,1844,1141,5,0,0.0,closed,True,True
60150,46,3,26,1,0.2,closed,True,True
60147,1008,144,0,0,0.0,closed,True,True
60146,13,13,6,0,0.0,closed,False,False
60143,6,5,0,0,0.0,closed,True,True
60142,382,0,7,0,0.0,open,False,False
60136,21,21,0,0,0.0,closed,True,True
60129,279,1,2,2,1.0,closed,True,True
60122,23,102,22,8,2.6666666666666665,closed,True,True
60121,666,26,16,1,0.25,open,False,False
60120,1445,4,11,2,1.0,open,False,False
60109,1,6,0,0,0.0,closed,True,True
60101,62,62,0,0,0.0,closed,True,True
60091,503,50,0,1,1.0,closed,False,False
60089,71,13,2,0,0.0,open,False,False
60086,863,2,0,0,0.0,closed,True,True
60085,558,517,0,0,0.0,closed,True,True
60084,208,6,9,3,0.75,open,False,False
60083,863,2,9,1,0.25,closed,True,True
60079,751,623,2,0,0.0,closed,False,False
60078,2,1,1,0,0.0,closed,True,True
60075,1,1,0,0,0.0,closed,True,True
60068,1924,16,31,16,1.0666666666666667,open,False,False
60061,1460,287,12,2,2.0,closed,True,True
60053,207,2,2,3,0.75,closed,True,True
60052,1235,536,44,0,0.0,closed,True,True
60049,19,5,0,0,0.0,closed,True,True
60039,161295,22982,25,9,0.47368421052631576,open,False,False
60036,111,2,9,0,0.0,closed,False,False
60035,96,1,1,3,3.0,closed,True,True
60034,257,21,0,0,0.0,closed,True,True
60030,32,32,1,0,0.0,closed,False,False
60027,26,0,10,12,2.0,closed,True,True
60021,106,1,6,1,0.5,open,False,False
60019,474,53,6,2,0.6666666666666666,closed,True,True
60017,0,0,1,0,0.0,closed,False,False
60013,16,4,9,0,0.0,closed,True,True
60011,114,4,7,2,1.0,closed,True,True
60009,5,1,2,0,0.0,closed,True,True
60005,1741,75,0,15,1.5,open,False,False
60002,3,29,0,0,0.0,closed,True,True
60001,230,1,8,5,5.0,open,False,False
60000,930,24,1,0,0.0,open,False,False
59995,292,2,0,0,0.0,open,False,False
59992,34276,11469,35,0,0.0,open,False,False
59983,175,12,1,1,0.5,open,False,False
59978,8,8,1,0,0.0,closed,False,False
59975,723,1,17,0,0.0,closed,False,False
59972,943,7,7,4,1.0,open,False,False
59963,298,1,2,24,1.3333333333333333,closed,True,True
59960,3,29,4,0,0.0,closed,True,True
59957,79,1,0,0,0.0,open,False,False
59954,270,254,6,2,1.0,open,False,False
59945,82,6,0,5,5.0,open,False,False
59940,8169,57,15,0,0.0,closed,True,True
59933,488,167,7,8,0.42105263157894735,closed,True,True
59932,15,5,2,0,0.0,closed,True,True
59931,204,2,6,4,2.0,closed,True,True
59927,149,41,11,0,0.0,open,False,False
59924,1660,350,19,5,0.8333333333333334,closed,False,False
59921,108,3,0,1,1.0,open,False,False
59907,248,382,1,1,0.2,closed,True,True
59903,49,0,0,0,0.0,open,False,False
59901,344,4,0,2,2.0,open,False,False
59898,613,65,0,0,0.0,open,False,False
59893,186,8,0,9,1.8,open,False,False
59889,31,1,0,0,0.0,closed,True,True
59887,2,2,2,0,0.0,closed,False,False
59886,537,67,9,4,4.0,open,False,False
59885,197,16,0,1,0.25,closed,True,True
59884,26,0,1,0,0.0,closed,False,False
59882,418,0,2,0,0.0,closed,True,True
59875,88,88,0,0,0.0,closed,True,True
59874,1112,50,3,0,0.0,closed,True,True
59871,275,27,0,0,0.0,closed,True,True
59869,10909,7814,1,0,0.0,closed,True,True
59866,67,1,1,1,1.0,open,False,False
59864,142,5,0,0,0.0,open,False,False
59860,400,81,26,2,0.25,closed,True,True
59859,0,0,2,0,0.0,closed,False,False
59858,0,0,2,0,0.0,closed,False,False
59857,10,3,0,4,0.8,closed,False,False
59854,74,0,3,0,0.0,closed,False,False
59853,11,1,1,0,0.0,closed,True,True
59852,309,58,1,0,0.0,closed,True,True
59844,281347,251727,1,7,0.3684210526315789,closed,True,True
59837,103,53,0,0,0.0,closed,True,True
59835,35,2,0,0,0.0,closed,False,False
59834,310,1,0,1,0.5,open,False,False
59828,1576,24,1,6,2.0,open,False,False
59824,8,8,1,0,0.0,closed,False,False
59817,105,11,0,1,1.0,open,False,False
59816,12,1,0,2,2.0,open,False,False
59815,122,11,3,2,1.0,open,False,False
59810,590,715,0,0,0.0,closed,True,True
59807,1085,11,12,3,1.5,open,False,False
59803,1,1,7,0,0.0,closed,True,True
59802,33,5,1,0,0.0,open,False,False
59801,1,1,1,0,0.0,closed,True,True
59797,57,2,0,0,0.0,closed,True,True
59795,72,0,1,0,0.0,closed,True,True
59794,1160,22,0,6,0.8571428571428571,open,False,False
59793,348,85,11,1,0.5,closed,True,True
59788,106,3,10,4,0.8,open,False,False
59783,396,0,1,0,0.0,closed,True,True
59774,197,78,3,6,1.5,closed,True,True
59772,1063,1,8,3,1.0,closed,False,False
59770,66,21,7,0,0.0,open,False,False
59767,3132,89,24,16,0.5333333333333333,closed,True,True
59762,44,2,0,0,0.0,closed,True,True
59761,44,2,3,0,0.0,closed,True,True
59760,38,0,0,0,0.0,closed,True,True
59759,139,3,8,5,1.6666666666666667,open,False,False
59757,4,10,0,0,0.0,closed,True,True
59753,4,4,0,0,0.0,closed,True,True
59748,64,5,7,0,0.0,open,False,False
59745,472,1,1,0,0.0,open,False,False
59741,22,11,1,6,6.0,closed,False,False
59736,384,1,6,0,0.0,open,False,False
59732,1314,12,8,2,0.5,closed,True,True
59725,41,1,0,0,0.0,closed,True,True
59724,4,4,1,0,0.0,closed,False,False
59722,2,58,1,0,0.0,closed,True,True
59720,43,4,10,2,0.25,closed,True,True
59719,1132,117,0,3,0.6,open,False,False
59714,680,1,1,0,0.0,closed,True,True
59711,284,10,0,0,0.0,closed,True,True
59710,546,0,0,0,0.0,closed,True,True
59709,1814,8,12,2,2.0,open,False,False
59708,546,0,4,0,0.0,closed,True,True
59705,17,3,6,0,0.0,open,False,False
59702,941,189,3,0,0.0,closed,True,True
59695,3260,49,0,0,0.0,closed,True,True
59694,29,13,0,4,1.3333333333333333,closed,True,True
59693,5,5,2,1,0.3333333333333333,closed,True,True
59692,10807,84,0,1,0.1111111111111111,closed,True,True
59689,14,3,3,0,0.0,closed,True,True
59688,29994,24432,13,0,0.0,closed,True,True
59687,1,1,0,0,0.0,closed,True,True
59686,1,1,1,0,0.0,closed,True,True
59685,4,4,5,0,0.0,closed,False,False
59683,165,92,10,0,0.0,closed,False,False
59682,436,3,0,2,0.5,open,False,False
59680,4,4,0,0,0.0,closed,True,True
59675,156,5,0,0,0.0,closed,True,True
59673,150,1,6,5,0.625,closed,True,True
59672,669,20,8,16,1.3333333333333333,open,False,False
59670,41,1,3,0,0.0,closed,True,True
59669,27,0,1,0,0.0,closed,True,True
59666,2141,34,3,0,0.0,open,False,False
59665,167,4,3,26,2.0,closed,True,True
59664,2,2,1,0,0.0,closed,False,False
59663,77,20,0,0,0.0,closed,True,True
59662,142,0,0,0,0.0,open,False,False
59661,363,12,20,1,0.5,closed,True,True
59647,12,3,9,0,0.0,closed,True,True
59646,119,117,5,0,0.0,open,False,False
59645,121,139,2,4,0.5,open,False,False
59644,379,3,9,0,0.0,closed,True,True
59642,14,0,0,0,0.0,closed,True,True
59639,90,0,1,0,0.0,closed,True,True
59636,0,1,3,2,0.2857142857142857,closed,True,True
59635,1924,1591,15,85,3.0357142857142856,closed,True,True
59634,3861,8235,0,0,0.0,closed,True,True
59633,950,104,3,4,2.0,closed,True,True
59628,293,0,0,0,0.0,closed,True,True
59627,189,0,2,0,0.0,open,False,False
59625,2203,247,1,0,0.0,closed,True,True
59623,0,1,4,0,0.0,open,False,False
59622,422,4,1,0,0.0,open,False,False
59621,1,1,0,0,0.0,closed,True,True
59619,870,18,1,1,1.0,open,False,False
59613,4,17,6,5,2.5,closed,False,False
59612,13,1,0,0,0.0,closed,True,True
59611,108,0,0,0,0.0,closed,True,True
59610,7,3,7,0,0.0,open,False,False
59609,272,3,13,3,0.75,closed,True,True
59608,23,12,1,5,5.0,closed,False,False
59607,263,2,6,1,1.0,open,False,False
59605,4092,4185,2,0,0.0,open,False,False
59604,7233,25,7,3,0.375,closed,True,True
59598,8,8,0,0,0.0,closed,True,True
59590,559,2,6,1,0.5,closed,True,True
59585,193,255,3,1,1.0,open,False,False
59584,822,240,10,0,0.0,open,False,False
59582,268,2,1,3,1.5,closed,False,False
59580,3033,580,4,0,0.0,closed,False,False
59570,219,3,1,0,0.0,closed,False,False
59569,612,183,20,2,0.4,closed,True,True
59567,258,258,6,0,0.0,open,False,False
59564,161,13,0,10,3.3333333333333335,closed,True,True
59563,73,0,0,2,0.6666666666666666,closed,True,True
59562,5,2,2,2,2.0,closed,False,False
59559,1658,11,26,0,0.0,open,False,False
59544,113,26,1,0,0.0,closed,True,True
59543,183,14,4,7,1.4,closed,True,True
59542,3260,49,3,53,2.5238095238095237,closed,True,True
59538,166,6,7,1,0.2,closed,True,True
59536,8,8,2,0,0.0,open,False,False
59533,4,4,1,0,0.0,closed,False,False
59529,1155,944,3,0,0.0,closed,False,False
59528,367,10,8,0,0.0,closed,False,False
59527,154,1,0,0,0.0,closed,True,True
59526,153,19,4,4,0.6666666666666666,closed,True,True
59523,91403,55,4,0,0.0,closed,True,True
59522,19,2,0,0,0.0,closed,True,True
59520,1463,4,7,0,0.0,closed,False,False
59519,1464,4,18,3,1.5,closed,True,True
59518,687,805,3,0,0.0,closed,True,True
59516,294,4,8,3,1.5,closed,True,True
59514,345,301,4,2,1.0,closed,True,True
59511,843,6,1,0,0.0,closed,True,True
59510,218,2,10,0,0.0,closed,True,True
59507,48,25,0,0,0.0,closed,True,True
59506,1426,1239,27,0,0.0,closed,True,True
59504,43,6,3,3,1.0,closed,True,True
59502,324,26,0,0,0.0,closed,True,True
59501,649,10,4,0,0.0,open,False,False
59500,1155,1,4,0,0.0,closed,True,True
59493,324,26,5,0,0.0,closed,True,True
59491,87,4,0,0,0.0,closed,True,True
59485,37,0,3,0,0.0,open,False,False
59481,317,17,2,0,0.0,closed,False,False
59479,6386,600,7,3,3.0,closed,True,True
59475,392,10,9,0,0.0,open,False,False
59468,28397,5912,1,0,0.0,closed,True,True
59467,2,8,3,0,0.0,closed,True,True
59466,270,289,0,1,0.25,closed,True,True
59459,182,1,6,0,0.0,open,False,False
59458,2,2,1,0,0.0,closed,False,False
59454,5,5,0,0,0.0,closed,True,True
59448,3070,0,0,1,1.0,open,False,False
59447,43,2,2,0,0.0,closed,False,False
59446,90,0,2,0,0.0,closed,False,False
59441,92,1,1,6,1.2,closed,True,True
59440,156,120,17,21,1.9090909090909092,closed,True,True
59438,198,1,0,3,0.6,closed,True,True
59437,1615,252,9,0,0.0,open,False,False
59436,7,1,3,0,0.0,closed,True,True
59434,462,2,0,3,0.6,closed,True,True
59433,3702,9,8,0,0.0,closed,True,True
59428,140,1,0,4,1.3333333333333333,closed,True,True
59427,0,1,0,0,0.0,closed,True,True
59426,12,17,0,0,0.0,closed,True,True
59425,667,2,6,5,1.6666666666666667,closed,True,True
59424,92,2,0,0,0.0,open,False,False
59421,601,26,3,2,1.0,closed,True,True
59418,5288,439,4,0,0.0,closed,True,True
59417,33445,4221,46,2,0.2222222222222222,closed,True,True
59416,55,22,8,1,0.25,closed,True,True
59415,647,205,6,0,0.0,open,False,False
59414,2364,546,2,0,0.0,closed,False,False
59412,5084,4837,7,0,0.0,closed,True,True
59410,881,279,1,0,0.0,closed,True,True
59409,138,1,0,3,0.75,open,False,False
59407,23509,8263,1,0,0.0,closed,False,False
59405,801,0,0,0,0.0,closed,True,True
59404,9,5,5,0,0.0,closed,False,False
59403,3,3,3,0,0.0,closed,False,False
59398,9,5,12,7,2.3333333333333335,closed,True,True
59395,140,140,0,0,0.0,closed,True,True
59388,21,21,5,0,0.0,closed,True,True
59387,4,4,0,0,0.0,closed,True,True
59378,120,32,0,0,0.0,closed,True,True
59376,17,6,1,0,0.0,closed,True,True
59375,209,2,0,1,1.0,closed,True,True
59374,204,2,0,2,2.0,closed,True,True
59371,236,92,10,0,0.0,closed,True,True
59369,367,2,1,6,1.5,closed,True,True
59368,17,0,11,0,0.0,closed,True,True
59366,115,115,0,0,0.0,closed,True,True
59360,1672,64,3,0,0.0,closed,True,True
59359,1,1,1,0,0.0,closed,True,True
59358,1,1,0,0,0.0,closed,True,True
59355,357,61,2,0,0.0,closed,False,False
59354,15,3,1,0,0.0,closed,False,False
59352,932,5,18,8,1.3333333333333333,open,False,False
59351,3,2,0,4,2.0,closed,True,True
59348,12,22,0,0,0.0,closed,True,True
59347,14,26,0,1,0.3333333333333333,closed,True,True
59344,955,4,0,0,0.0,closed,True,True
59339,1483,76,11,2,0.5,closed,True,True
59337,980,4,6,0,0.0,closed,True,True
59336,208,2,0,0,0.0,closed,True,True
59334,2,1,0,0,0.0,closed,True,True
59333,30,30,0,0,0.0,closed,True,True
59332,160,45,9,42,3.5,closed,True,True
59330,23,23,0,0,0.0,closed,True,True
59328,27,4,0,0,0.0,closed,True,True
59326,1972,550,2,1,0.038461538461538464,open,False,False
59325,208,2,13,3,1.0,closed,True,True
59324,1,1,4,0,0.0,closed,False,False
59316,34,2,6,8,1.1428571428571428,closed,True,True
59315,5,1,0,1,1.0,closed,False,False
59314,1,2,1,3,1.5,closed,False,False
59311,398,2,0,0,0.0,closed,True,True
59310,140,156,9,3,0.75,closed,True,True
59307,136,2,0,0,0.0,closed,True,True
59306,32,8,0,2,2.0,closed,True,True
59305,30,157,0,0,0.0,closed,True,True
59303,434,433,0,0,0.0,closed,True,True
59302,316,5,10,0,0.0,open,False,False
59301,8,5,0,0,0.0,closed,True,True
59300,8,5,3,0,0.0,closed,True,True
59297,390,336,0,5,1.25,open,False,False
59290,270,1,1,7,2.3333333333333335,open,False,False
59288,157,30,2,0,0.0,closed,True,True
59287,694,2372,8,0,0.0,closed,False,False
59286,404,65,0,0,0.0,closed,True,True
59285,136,2,13,7,1.1666666666666667,closed,True,True
59282,1984,1504,26,57,2.1923076923076925,closed,True,True
59280,68,2,1,2,0.5,closed,True,True
59279,18,1,10,0,0.0,closed,False,False
59278,27,27,1,0,0.0,closed,False,False
59277,2891,4,23,2,0.5,open,False,False
59276,29,62,14,4,0.5,closed,True,True
59274,72,1,7,1,1.0,open,False,False
59268,41,1,8,7,1.4,closed,True,True
59264,215,89,5,0,0.0,closed,False,False
59259,499,1037,11,2,1.0,closed,True,True
59258,300,13,0,0,0.0,closed,True,True
59246,7,12,5,0,0.0,closed,False,False
59245,625,560,21,1,0.3333333333333333,closed,False,False
59244,21,17,3,0,0.0,open,False,False
59243,640,105,11,1,0.5,closed,True,True
59235,187,2,1,1,1.0,closed,False,False
59233,22,9,7,0,0.0,open,False,False
59232,300,13,15,3,0.42857142857142855,closed,True,True
59231,972,6,0,0,0.0,closed,True,True
59230,370,26,0,0,0.0,closed,True,True
59229,3360,892,0,0,0.0,closed,True,True
59226,142,0,0,0,0.0,closed,True,True
59225,15,1,0,0,0.0,closed,True,True
59224,342,0,0,0,0.0,closed,True,True
59223,0,1,2,0,0.0,closed,True,True
59217,2669,34,26,11,0.8461538461538461,closed,True,True
59216,20,20,0,0,0.0,closed,True,True
59215,354,0,3,0,0.0,closed,True,True
59213,28,1,0,0,0.0,closed,True,True
59212,2670,2355,0,0,0.0,closed,True,True
59211,67,23,0,0,0.0,closed,True,True
59210,529,0,0,0,0.0,closed,True,True
59209,787,2,0,0,0.0,closed,True,True
59208,370,26,4,6,0.75,closed,True,True
59207,787,2,4,0,0.0,closed,True,True
59206,232,1,0,0,0.0,closed,True,True
59205,1421,5155,32,1,0.16666666666666666,closed,False,False
59204,99,2,0,0,0.0,closed,True,True
59203,529,0,4,0,0.0,closed,True,True
59202,0,0,1,1,1.0,closed,False,False
59197,5,5,0,0,0.0,closed,True,True
59195,987,6,7,0,0.0,closed,True,True
59193,15,1,5,0,0.0,closed,True,True
59192,95,32,3,0,0.0,open,False,False
59191,854,111,3,0,0.0,open,False,False
59190,3249,1755,3,0,0.0,open,False,False
59189,60,87,0,1,0.14285714285714285,closed,True,True
59188,664,803,0,0,0.0,closed,True,True
59183,598,411,15,3,0.3333333333333333,closed,True,True
59182,23,473,3,0,0.0,closed,True,True
59181,47,45,0,2,2.0,closed,True,True
59179,39,1,0,0,0.0,closed,True,True
59170,2691,2376,22,6,2.0,closed,True,True
59169,3,3,0,0,0.0,closed,True,True
59166,80,1,4,0,0.0,closed,False,False
59164,133,34,1,0,0.0,closed,False,False
59163,5,5,3,0,0.0,closed,True,True
59160,142,0,3,2,1.0,closed,True,True
59155,220,1,9,1,0.5,closed,True,True
59154,67,23,24,12,3.0,closed,True,True
59153,126,1,1,1,1.0,open,False,False
59144,420,1,6,4,1.3333333333333333,open,False,False
59141,3,3,1,0,0.0,closed,False,False
59140,127,25,1,6,3.0,open,False,False
59137,39,1,10,1,0.5,closed,True,True
59135,39,3,7,2,1.0,open,False,False
59132,38,3,2,3,0.6,open,False,False
59130,31,0,0,0,0.0,closed,False,False
59122,5173,2695,2,1,0.25,closed,True,True
59121,99,2,9,3,1.5,closed,True,True
59120,82,1,0,0,0.0,closed,True,True
59110,232,1,3,0,0.0,closed,True,True
59106,226,150,27,15,1.1538461538461537,open,False,False
59099,30,22,6,0,0.0,open,False,False
59093,346,6,0,0,0.0,closed,True,True
59089,61,2,8,5,2.5,closed,True,True
59087,33,33,0,0,0.0,closed,True,True
59086,63,2,3,0,0.0,closed,False,False
59084,243,218,0,0,0.0,closed,True,True
59080,63,3,0,2,2.0,closed,False,False
59077,2,13,0,0,0.0,open,False,False
59075,23,2,9,1,1.0,closed,False,False
59073,10,1,0,0,0.0,closed,True,True
59072,714,54,4,0,0.0,closed,True,True
59071,1,22,0,0,0.0,closed,True,True
59070,703,31,3,2,1.0,closed,True,True
59068,55,28,0,2,1.0,closed,True,True
59065,88369,1963,14,0,0.0,closed,True,True
59059,3130,136,24,9,1.125,open,False,False
59055,984,702,1,0,0.0,closed,False,False
59050,12,0,2,0,0.0,closed,False,False
59048,63,22,38,6,0.42857142857142855,closed,True,True
59045,7152,127,8,0,0.0,closed,True,True
59044,1,9,0,0,0.0,closed,True,True
59043,162,198,1,0,0.0,closed,True,True
59042,94,0,0,0,0.0,closed,True,True
59041,22,37,0,0,0.0,closed,True,True
59040,194,192,0,0,0.0,closed,True,True
59039,117,14,4,0,0.0,closed,True,True
59038,37,2,4,0,0.0,closed,False,False
59026,445,16,9,11,1.8333333333333333,closed,True,True
59025,21,6,0,3,1.0,closed,True,True
59017,47,122,3,10,3.3333333333333335,closed,True,True
59014,2,2,0,0,0.0,closed,True,True
59013,6,1,0,11,5.5,open,False,False
59006,366,354,0,0,0.0,closed,True,True
59005,45,33,0,0,0.0,closed,True,True
59004,1622,7,0,10,0.5882352941176471,closed,False,False
59003,1700,25,24,1,0.5,closed,False,False
59002,159,3,0,0,0.0,closed,True,True
58998,430359,81982,3,0,0.0,closed,False,False
58997,430684,82004,4,0,0.0,closed,False,False
58990,167,290,2,0,0.0,open,False,False
58988,325,27,2,0,0.0,closed,False,False
58986,56,18,4,0,0.0,open,False,False
58982,203,2,11,0,0.0,closed,True,True
58981,102,19,2,4,0.8,closed,True,True
58974,312,11,7,0,0.0,closed,True,True
58970,28,20,8,0,0.0,closed,False,False
58968,27996,5915,0,0,0.0,closed,True,True
58966,159,3,6,0,0.0,closed,True,True
58965,193,4,14,1,0.25,closed,False,False
58964,24,6,1,0,0.0,closed,True,True
58963,240,3,0,0,0.0,closed,True,True
58962,1435,1077,0,3,1.5,closed,True,True
58958,120,29,0,3,0.5,closed,True,True
58953,4,4,1,0,0.0,closed,True,True
58952,67,25,2,6,3.0,closed,False,False
58951,801,0,4,0,0.0,closed,True,True
58947,19,22,0,0,0.0,closed,True,True
58946,1,1,43,0,0.0,open,False,False
58945,496,37,7,1,0.25,closed,True,True
58941,985,1,42,18,0.6923076923076923,closed,True,True
58939,26,2,3,0,0.0,closed,False,False
58935,35,320,7,0,0.0,closed,True,True
58933,4,1,0,0,0.0,closed,True,True
58932,1,1,4,0,0.0,closed,False,False
58931,4,1,7,0,0.0,closed,True,True
58929,554,224,0,1,0.5,closed,True,True
58928,4274,1908,54,7,0.5,open,False,False
58923,56,1,0,0,0.0,closed,True,True
58922,11,329,1,0,0.0,open,False,False
58920,33,34,3,0,0.0,open,False,False
58917,6,0,0,0,0.0,closed,True,True
58912,25,117,8,0,0.0,closed,False,False
58910,890,1,23,2,0.2222222222222222,open,False,False
58906,217,287,0,0,0.0,closed,True,True
58904,125,31,1,1,0.3333333333333333,open,False,False
58903,78,53,8,1,0.5,closed,True,True
58896,2,1,4,0,0.0,closed,True,True
58895,2,1,12,0,0.0,closed,True,True
58887,3,0,1,0,0.0,closed,True,True
58886,32,32,1,0,0.0,closed,False,False
58884,61,0,1,5,5.0,closed,False,False
58879,47,0,11,0,0.0,open,False,False
58875,364,9,7,7,2.3333333333333335,open,False,False
58874,128,10,0,0,0.0,closed,True,True
58873,102,123,9,21,1.3125,closed,True,True
58872,128,10,3,0,0.0,closed,True,True
58870,180,117,3,2,0.18181818181818182,closed,True,True
58869,55,125,2,0,0.0,closed,True,True
58868,1510,11,5,0,0.0,closed,False,False
58867,320,35,6,0,0.0,closed,True,True
58866,135375,230,15,4,2.0,closed,True,True
58864,21,13,11,0,0.0,closed,True,True
58862,1,1,4,0,0.0,closed,False,False
58859,1183,246,17,0,0.0,closed,True,True
58858,324,2987,0,0,0.0,closed,True,True
58857,354,3083,6,0,0.0,closed,True,True
58854,1930,162,14,0,0.0,closed,True,True
58853,663,2,0,0,0.0,closed,True,True
58852,58,15,9,0,0.0,open,False,False
58850,316,18,4,2,0.07692307692307693,closed,True,True
58849,8,0,0,0,0.0,closed,True,True
58848,15125,78889,1,0,0.0,closed,True,True
58847,6,2,0,0,0.0,closed,True,True
58846,6,2,3,0,0.0,closed,True,True
58845,1003,251,3,0,0.0,closed,True,True
58842,170,8,0,0,0.0,closed,True,True
58841,60,2,3,0,0.0,closed,True,True
58840,7,7,0,0,0.0,closed,True,True
58839,29996,4931,9,17,5.666666666666667,closed,True,True
58838,5540,3000,14,2,1.0,closed,True,True
58837,96,30,8,2,1.0,closed,True,True
58832,1,113,3,0,0.0,closed,True,True
58831,15764,82165,3,0,0.0,closed,True,True
58830,3,3,4,0,0.0,closed,False,False
58829,3817,26,6,0,0.0,open,False,False
58825,3082,355,15,5,0.7142857142857143,closed,True,True
58824,10,6,22,0,0.0,open,False,False
58818,38,15,5,5,2.5,closed,True,True
58816,1,1,1,0,0.0,closed,True,True
58814,4,4,1,0,0.0,closed,True,True
58811,56,1,6,0,0.0,closed,True,True
58810,170,8,7,14,4.666666666666667,closed,True,True
58798,180,140,1,0,0.0,open,False,False
58797,162,17,0,2,1.0,open,False,False
58789,115694,119552,0,0,0.0,closed,True,True
58786,663,2,6,6,1.0,closed,True,True
58783,9,3,3,1,0.5,open,False,False
58782,352,144,0,3,3.0,closed,True,True
58775,3,0,0,0,0.0,closed,False,False
58771,120,32,6,0,0.0,closed,True,True
58768,1,10,0,0,0.0,closed,True,True
58767,276,23,3,0,0.0,closed,True,True
58762,86,14,3,0,0.0,closed,True,True
58761,1748,1086,0,0,0.0,closed,True,True
58760,10299,1018,9,1,0.5,closed,True,True
58759,6,0,3,0,0.0,closed,True,True
58758,285,23,4,7,3.5,closed,True,True
58757,153,11,2,0,0.0,closed,True,True
58755,6,0,3,0,0.0,closed,True,True
58753,3,3,1,0,0.0,closed,True,True
58750,153,11,3,0,0.0,closed,True,True
58742,86,14,3,9,2.25,closed,True,True
58741,32,32,0,0,0.0,closed,True,True
58735,10515,10452,5,0,0.0,open,False,False
58729,3434,582,109,3,0.09090909090909091,open,False,False
58728,233,244,5,3,3.0,closed,False,False
58727,1,1,0,0,0.0,closed,True,True
58722,23,22,7,2,0.6666666666666666,closed,True,True
58720,423,6,0,0,0.0,closed,True,True
58719,2,1,10,1,1.0,closed,True,True
58718,311,1,0,0,0.0,closed,True,True
58715,375,45,0,6,2.0,closed,True,True
58712,250,1,4,8,0.5333333333333333,open,False,False
58711,1,1,2,0,0.0,closed,False,False
58708,162,12,2,2,0.5,closed,True,True
58706,4621,4428,9,2,0.3333333333333333,closed,True,True
58705,10,10,2,0,0.0,closed,True,True
58703,174,47,3,7,7.0,closed,False,False
58702,157,45,9,2,1.0,closed,True,True
58700,56,39,8,0,0.0,open,False,False
58679,45,8,0,2,0.5,closed,True,True
58678,3227,2817,4,0,0.0,closed,False,False
58677,49,1,14,0,0.0,closed,True,True
58669,1,1,7,1,1.0,closed,True,True
58668,602,21,8,20,2.0,closed,True,True
58667,32,32,1,0,0.0,closed,False,False
58662,231,58,1,3,1.0,open,False,False
58655,280,17,5,2,1.0,open,False,False
58654,711,32,12,12,2.4,closed,True,True
58652,21418,3912,0,0,0.0,closed,True,True
58650,90,21,13,4,1.0,closed,True,True
58646,102,38,0,0,0.0,closed,True,True
58643,4,5,3,0,0.0,closed,False,False
58641,3824,12763,2,0,0.0,closed,True,True
58640,9016,186,33,19,1.4615384615384615,closed,True,True
58639,443,438,0,0,0.0,closed,True,True
58638,293,304,18,1,0.5,open,False,False
58637,446,21,0,0,0.0,closed,True,True
58635,1452,0,0,1,1.0,closed,True,True
58628,134,0,0,0,0.0,closed,True,True
58626,2665,364,6,3,1.0,closed,True,True
58625,43,12,1,0,0.0,closed,True,True
58624,245,54,1,0,0.0,closed,True,True
58623,19,2,0,0,0.0,closed,True,True
58621,331,6,20,2,1.0,closed,True,True
58620,190,17,0,2,0.5,closed,True,True
58618,14,2,2,0,0.0,closed,False,False
58615,24,13,11,0,0.0,closed,True,True
58613,42,0,4,0,0.0,closed,True,True
58612,120,33,6,1,0.2,closed,True,True
58610,42,22,18,5,1.6666666666666667,closed,True,True
58609,2534,1602,0,0,0.0,closed,True,True
58608,1057,126,21,20,1.1764705882352942,closed,True,True
58605,56,7,0,0,0.0,closed,True,True
58601,959,52,1,0,0.0,open,False,False
58597,229,45,0,1,0.25,closed,True,True
58596,342,77,1,3,0.5,closed,True,True
58595,387,45,0,1,0.3333333333333333,closed,True,True
58594,3942,31,0,1,0.2,closed,True,True
58593,49,20,13,8,1.1428571428571428,closed,True,True
58592,131,104,9,16,2.2857142857142856,closed,True,True
58585,20,2,7,0,0.0,closed,True,True
58581,32,32,1,0,0.0,closed,False,False
58573,4315,2804,56,12,0.2553191489361702,closed,True,True
58571,121,8,1,14,0.7,open,False,False
58562,703,40,1,0,0.0,closed,True,True
58560,6870,91,0,1,0.25,closed,True,True
58554,344,232,1,0,0.0,closed,True,True
58553,1284,2586,15,0,0.0,closed,False,False
58551,12,12,15,0,0.0,open,False,False
58548,171,13,4,0,0.0,closed,True,True
58547,302,4,6,1,0.3333333333333333,closed,True,True
58546,34005,33906,11,0,0.0,closed,True,True
58539,4654,4609,0,2,2.0,closed,True,True
58538,11,1,2,0,0.0,closed,True,True
58537,439,19,5,11,1.5714285714285714,closed,True,True
58536,395,88,0,1,0.3333333333333333,closed,True,True
58528,38,59,8,3,1.5,closed,True,True
58527,27,22,0,0,0.0,closed,True,True
58526,274,4,3,0,0.0,closed,False,False
58525,188,13,9,1,0.25,closed,True,True
58522,281,239,0,0,0.0,closed,True,True
58521,10,8,0,0,0.0,closed,True,True
58520,552,22,6,1,0.3333333333333333,open,False,False
58516,807,300,3,16,2.6666666666666665,closed,True,True
58514,60,2,17,9,2.25,closed,True,True
58510,33,33,2,0,0.0,closed,True,True
58500,116,2,6,0,0.0,closed,True,True
58498,225,0,1,0,0.0,closed,False,False
58495,1808,46,37,5,0.45454545454545453,open,False,False
58489,77,62,3,3,0.5,closed,True,True
58487,17,1,3,0,0.0,closed,True,True
58486,18382,1245,1,3,1.5,closed,True,True
58482,101,9,7,2,2.0,open,False,False
58481,16,20,0,5,1.6666666666666667,closed,True,True
58480,165,2,1,0,0.0,closed,False,False
58478,94,3,3,6,1.5,closed,True,True
58477,1,0,3,0,0.0,closed,False,False
58475,1260,1245,0,1,1.0,closed,True,True
58471,3,3,4,0,0.0,closed,False,False
58462,3371,623,2,2,0.5,closed,True,True
58461,34,10,3,0,0.0,closed,False,False
58460,204,116,5,0,0.0,closed,True,True
58458,445,550,0,0,0.0,closed,True,True
58454,194,194,1,0,0.0,closed,True,True
58451,615,14,7,1,0.5,closed,True,True
58440,1689,3,21,4,0.6666666666666666,closed,True,True
58428,970,936,3,0,0.0,closed,True,True
58421,2583,2360,8,4,0.3076923076923077,closed,True,True
58419,222,128,9,0,0.0,open,False,False
58418,178,153,6,3,1.5,closed,True,True
58411,200,8,0,2,2.0,open,False,False
58410,109,0,0,0,0.0,closed,True,True
58409,4756,3916,6,32,2.6666666666666665,closed,True,True
58404,1,1,3,0,0.0,closed,True,True
58403,266,17,7,2,0.5,closed,True,True
58398,8088,170,7,8,0.8888888888888888,closed,True,True
58396,1260,115,9,0,0.0,closed,False,False
58393,0,16,2,5,5.0,closed,True,True
58392,320,1,7,4,1.0,closed,True,True
58388,84,0,0,2,0.6666666666666666,closed,True,True
58386,16,16,0,0,0.0,closed,True,True
58380,2128,26,17,6,0.5454545454545454,closed,True,True
58378,65,23,0,3,1.5,open,False,False
58377,0,13,1,0,0.0,closed,True,True
58372,51,41,15,0,0.0,closed,True,True
58366,393,209,20,2,0.13333333333333333,closed,True,True
58365,64,9,0,0,0.0,closed,True,True
58364,528,223,33,15,2.142857142857143,closed,True,True
58362,930,104,11,0,0.0,open,False,False
58361,17,11,4,0,0.0,closed,False,False
58358,322,122,11,0,0.0,closed,False,False
58352,45,4,11,0,0.0,closed,False,False
58350,35,35,4,0,0.0,closed,True,True
58339,1035,977,16,9,1.125,closed,True,True
58338,18,1,0,0,0.0,closed,True,True
58337,184,32,61,0,0.0,closed,True,True
58335,170,35,0,0,0.0,closed,True,True
58333,511,3,3,7,1.4,closed,True,True
58331,296,483,2,0,0.0,closed,False,False
58326,740,182,10,0,0.0,closed,True,True
58323,70,0,3,0,0.0,closed,False,False
58321,268,38,9,1,0.5,closed,False,False
58320,955,131,17,33,2.75,closed,True,True
58318,310,27,17,9,0.8181818181818182,closed,True,True
58317,2,1,1,0,0.0,closed,True,True
58313,138,187,2,2,2.0,closed,True,True
58312,4192,1507,4,14,1.0769230769230769,open,False,False
58311,21,17,0,7,1.1666666666666667,closed,True,True
58310,671,546,0,0,0.0,closed,True,True
58309,1,0,4,0,0.0,closed,True,True
58308,595,1,0,2,1.0,closed,True,True
58306,1,1,3,0,0.0,closed,True,True
58299,67,58,3,0,0.0,closed,False,False
58297,67,1,0,0,0.0,closed,True,True
58296,1717,341,44,11,0.4230769230769231,open,False,False
58295,184,262,27,17,2.4285714285714284,closed,True,True
58294,936,329,2,0,0.0,open,False,False
58292,295,4,1,3,0.375,closed,True,True
58290,5,5,2,0,0.0,open,False,False
58289,223,125,15,34,3.090909090909091,closed,True,True
58288,437,2,0,2,1.0,open,False,False
58282,11,11,2,0,0.0,closed,False,False
58278,35,35,3,0,0.0,closed,False,False
58264,495,4,14,0,0.0,closed,True,True
58263,30,1,10,0,0.0,closed,True,True
58261,755,8,8,23,2.875,closed,True,True
58260,2696,6,14,75,5.0,closed,True,True
58257,273,508,0,2,0.25,closed,True,True
58255,3181,6367,0,0,0.0,closed,True,True
58254,210,66,0,6,3.0,closed,True,True
58252,18,6,0,2,1.0,closed,True,True
58251,14,18,0,0,0.0,closed,True,True
58243,3476,1056,129,43,1.4827586206896552,closed,True,True
58242,16,7,0,2,0.6666666666666666,closed,True,True
58240,2,2,3,0,0.0,closed,False,False
58239,356,4,6,0,0.0,closed,True,True
58237,599,236,3,1,0.3333333333333333,closed,False,False
58233,21,19,13,7,1.1666666666666667,closed,True,True
58230,142,799,0,0,0.0,closed,True,True
58229,33,6,0,1,0.3333333333333333,closed,True,True
58228,0,62,8,0,0.0,closed,True,True
58227,85,15,12,0,0.0,closed,True,True
58222,1897,506,39,14,1.2727272727272727,closed,True,True
58221,5569,5569,3,3,1.0,closed,True,True
58220,474,33,8,3,0.6,closed,True,True
58217,41,5,2,0,0.0,closed,True,True
58216,52,5,16,0,0.0,closed,True,True
58213,228,0,0,0,0.0,closed,True,True
58212,459,602,1,4,0.8,closed,True,True
58211,278,65,12,0,0.0,closed,True,True
58208,62,0,4,0,0.0,closed,False,False
58204,36,1,1,2,0.6666666666666666,closed,False,False
58203,1038,6,4,5,2.5,closed,True,True
58201,13230,35,15,98,3.6296296296296298,closed,True,True
58190,10,11,11,0,0.0,open,False,False
58188,3008,459,6,4,0.3333333333333333,closed,False,False
58187,125,21,8,0,0.0,open,False,False
58186,1469,1,9,4,0.8,closed,True,True
58184,19,20,4,0,0.0,closed,False,False
58183,207,1,3,0,0.0,closed,True,True
58180,317,33,1,9,1.2857142857142858,open,False,False
58177,85,17,0,4,0.6666666666666666,closed,True,True
58176,1016,6,40,16,0.9411764705882353,closed,True,True
58173,413,45,10,0,0.0,closed,False,False
58172,115,1,0,0,0.0,closed,True,True
58171,14,1,3,0,0.0,closed,True,True
58169,101,2,1,0,0.0,closed,True,True
58168,392,1,13,0,0.0,closed,True,True
58165,161,36,1,5,1.6666666666666667,closed,True,True
58161,1,2,7,0,0.0,closed,False,False
58157,207,11,12,0,0.0,closed,True,True
58155,15,7,3,8,4.0,closed,True,True
58154,609,31,23,0,0.0,open,False,False
58144,307008,83334,1,0,0.0,closed,False,False
58140,34,7,2,0,0.0,closed,True,True
58139,95512,79252,5,2,0.5,closed,True,True
58138,3,0,7,11,1.5714285714285714,closed,False,False
58136,50,3,2,0,0.0,closed,True,True
58135,29,3,0,0,0.0,closed,True,True
58129,2,2,3,0,0.0,open,False,False
58124,214,11,25,1,0.3333333333333333,closed,True,True
58123,46,1,0,0,0.0,closed,True,True
58120,1257,455,1,0,0.0,closed,True,True
58118,103,7,0,0,0.0,closed,True,True
58117,15,0,0,0,0.0,closed,True,True
58116,61,1,0,0,0.0,closed,True,True
58105,104,0,1,0,0.0,closed,True,True
58103,33,33,2,0,0.0,closed,True,True
58102,20,0,1,0,0.0,closed,True,True
58101,378,265,3,0,0.0,open,False,False
58098,111,8,9,0,0.0,closed,True,True
58095,128,139,1,0,0.0,closed,True,True
58094,5,26,20,0,0.0,closed,False,False
58093,478,89,0,5,1.0,closed,True,True
58091,124,2,8,1,1.0,closed,False,False
58088,129,99,10,0,0.0,closed,False,False
58087,45,42,7,1,0.3333333333333333,closed,True,True
58086,55620,55616,0,1,0.5,closed,True,True
58085,31191,31066,4,15,3.0,closed,True,True
58084,5996,5613,36,16,0.26229508196721313,open,False,False
58083,54,7,20,0,0.0,closed,True,True
58080,177,372,6,0,0.0,closed,False,False
58079,11,1,9,0,0.0,closed,True,True
58078,213,217,0,0,0.0,closed,True,True
58076,13,170,1,16,16.0,closed,False,False
58075,90,80,0,4,0.5714285714285714,closed,True,True
58069,1,3,4,0,0.0,closed,True,True
58067,24,9,7,4,2.0,closed,True,True
58066,57,48,0,0,0.0,closed,True,True
58065,1427,5520,4,0,0.0,closed,False,False
58064,14,12,5,0,0.0,closed,False,False
58063,477,379,6,13,2.6,closed,True,True
58061,111,229,2,10,1.6666666666666667,closed,True,True
58059,3,1,0,2,0.6666666666666666,closed,True,True
58058,13,42,0,2,1.0,closed,True,True
58057,9,23,6,6,1.2,closed,True,True
58053,103,1,14,0,0.0,open,False,False
58049,150,0,6,3,0.6,closed,True,True
58048,66,38,4,0,0.0,closed,False,False
58047,3,0,8,0,0.0,closed,False,False
58046,132,137,2,7,3.5,closed,False,False
58045,153,352,58,21,4.2,closed,True,True
58042,4167,233,3,4,1.0,closed,True,True
58041,13,1,0,0,0.0,closed,True,True
58040,65,0,5,0,0.0,closed,False,False
58039,78,1,0,0,0.0,closed,True,True
58038,388,1156,0,0,0.0,closed,True,True
58037,101,1,0,0,0.0,closed,True,True
58036,11,55,5,0,0.0,closed,True,True
58028,2178,53,16,0,0.0,open,False,False
58025,3357,58,7,0,0.0,closed,False,False
58023,2,0,2,0,0.0,closed,False,False
58015,325,163,3,0,0.0,closed,False,False
58013,39,11,23,0,0.0,closed,True,True
58010,266,8,4,2,0.3333333333333333,closed,True,True
58008,140,1,0,3,0.5,closed,True,True
58007,60,0,12,2,0.25,closed,True,True
58004,6,6,1,0,0.0,closed,True,True
58003,1,1,0,0,0.0,closed,True,True
58002,65,8,0,0,0.0,closed,True,True
58001,837,1,12,1,0.5,closed,True,True
58000,18,5,0,0,0.0,closed,True,True
57998,535,397,0,0,0.0,closed,True,True
57996,822,15,8,5,0.8333333333333334,open,False,False
57995,335,335,3,0,0.0,closed,True,True
57994,49,54,0,1,0.5,closed,True,True
57993,65,34,3,2,2.0,closed,True,True
57992,44,39,4,2,0.3333333333333333,closed,False,False
57991,170,140,7,0,0.0,closed,False,False
57990,1194,1375,0,13,13.0,closed,True,True
57989,110,95,13,0,0.0,open,False,False
57988,2239,86,1,0,0.0,closed,True,True
57987,982,67,0,0,0.0,closed,True,True
57986,5,1,1,0,0.0,closed,False,False
57977,131,109,35,4,0.23529411764705882,closed,True,True
57976,331,1,0,0,0.0,closed,True,True
57974,825,739,10,14,7.0,closed,True,True
57973,330,1,13,9,3.0,closed,True,True
57971,13,9,0,0,0.0,closed,True,True
57970,1478,10,0,0,0.0,closed,True,True
57969,43,2,0,0,0.0,closed,True,True
57968,1478,10,7,2,0.6666666666666666,closed,True,True
57967,1190,133,0,0,0.0,closed,True,True
57966,400,137,11,5,0.8333333333333334,closed,True,True
57965,15038,15038,0,0,0.0,closed,True,True
57964,2,2,0,0,0.0,closed,True,True
57963,560121,1565,1,6,0.8571428571428571,closed,True,True
57962,11,11,0,0,0.0,closed,True,True
57961,8,4,1,5,2.5,closed,False,False
57960,316,46,28,2,0.2,open,False,False
57958,2042,1682,0,0,0.0,closed,True,True
57955,140,113,5,3,1.5,closed,True,True
57952,133,3,10,4,2.0,closed,True,True
57951,814,114,4,0,0.0,closed,False,False
57950,1190,133,5,8,2.0,closed,True,True
57948,19,19,9,0,0.0,closed,True,True
57946,304,9,14,2,0.2222222222222222,closed,True,True
57942,56,21,0,0,0.0,open,False,False
57938,377,17,8,0,0.0,closed,True,True
57936,2633,2629,0,0,0.0,closed,True,True
57935,1,0,0,0,0.0,closed,True,True
57934,3674,7,15,46,2.0,closed,True,True
57933,55,70,0,0,0.0,closed,True,True
57931,1712,53,2,0,0.0,closed,True,True
57925,33,33,3,0,0.0,closed,False,False
57917,279,0,0,0,0.0,closed,True,True
57916,8,101,3,0,0.0,closed,True,True
57914,464,2,17,2,0.4,closed,True,True
57912,138,23,9,2,1.0,open,False,False
57909,305,5,30,3,0.2727272727272727,closed,True,True
57900,367,367,6,4,1.3333333333333333,closed,False,False
57898,494,384,0,2,1.0,closed,True,True
57896,76135,14338,10,20,1.25,closed,True,True
57895,13,0,11,1,0.5,open,False,False
57893,706,0,0,0,0.0,closed,True,True
57891,32,4,0,0,0.0,closed,True,True
57890,1411,1406,4,12,4.0,closed,True,True
57889,12,0,2,0,0.0,closed,True,True
57887,169,59,14,5,5.0,closed,True,True
57877,232,21,1,0,0.0,closed,False,False
57875,57,77,24,5,0.5555555555555556,closed,True,True
57871,720,2,22,1,0.14285714285714285,closed,True,True
57870,138,141,0,0,0.0,closed,True,True
57869,0,16,0,0,0.0,closed,True,True
57867,4,4,0,0,0.0,closed,True,True
57859,872,185,5,0,0.0,open,False,False
57858,904,28,12,1,0.3333333333333333,closed,False,False
57854,1,31,0,0,0.0,closed,True,True
57853,1,31,4,0,0.0,closed,True,True
57852,5,0,2,0,0.0,closed,True,True
57851,31,31,3,0,0.0,closed,False,False
57850,34,12,1,0,0.0,closed,True,True
57849,34,20,2,0,0.0,closed,True,True
57848,0,46,2,0,0.0,closed,True,True
57847,367,14,34,4,0.6666666666666666,closed,True,True
57842,4872,927,35,70,0.8433734939759037,closed,True,True
57839,80,2,0,3,0.6,closed,True,True
57838,1141,30,10,6,1.2,open,False,False
57837,207,25,21,3,0.6,closed,True,True
57835,47,0,0,0,0.0,closed,True,True
57832,152,24,0,0,0.0,closed,True,True
57830,17,20,0,1,0.2,closed,False,False
57829,6,8,5,0,0.0,closed,True,True
57818,30,30,3,0,0.0,closed,False,False
57808,175,1,8,2,2.0,closed,True,True
57806,3,0,6,0,0.0,closed,False,False
57801,152,24,9,0,0.0,closed,True,True
57800,2448,6699,2,0,0.0,closed,True,True
57799,10,41,0,0,0.0,closed,True,True
57798,2,2,0,0,0.0,closed,True,True
57795,434,61,0,0,0.0,closed,True,True
57785,3221,84,18,0,0.0,closed,False,False
57784,306,306,5,0,0.0,closed,False,False
57782,1,1,5,0,0.0,closed,True,True
57778,61,1,4,0,0.0,closed,True,True
57772,1314,417,12,19,4.75,closed,True,True
57769,104,1,1,11,1.2222222222222223,closed,True,True
57768,4,14,2,0,0.0,closed,True,True
57757,18,1,0,0,0.0,closed,False,False
57753,161,2,0,0,0.0,closed,True,True
57752,3,170,0,0,0.0,closed,True,True
57751,161,2,10,0,0.0,closed,True,True
57750,435,62,9,0,0.0,closed,True,True
57749,1550,47,13,0,0.0,closed,True,True
57748,830,3,2,9,1.125,closed,True,True
57746,3,170,3,0,0.0,closed,True,True
57745,29376,29376,0,0,0.0,closed,True,True
57739,28,1,2,0,0.0,closed,True,True
57730,933,1,1,1,0.1,closed,True,True
57729,54,0,6,0,0.0,open,False,False
57728,2,0,0,0,0.0,closed,True,True
57724,394,3,6,2,0.3333333333333333,closed,True,True
57718,13778,106,10,17,0.6296296296296297,closed,True,True
57717,21,13,7,4,1.3333333333333333,closed,True,True
57708,214,1,6,1,0.5,open,False,False
57704,167,38,2,0,0.0,closed,True,True
57703,15,16,17,0,0.0,open,False,False
57702,2,2,3,0,0.0,closed,False,False
57701,1,1,22,0,0.0,closed,True,True
57698,3,2,0,0,0.0,closed,True,True
57696,75,31,0,1,0.3333333333333333,closed,True,True
57692,389,2,1,2,1.0,closed,False,False
57689,750,869,7,0,0.0,closed,False,False
57687,21,0,3,0,0.0,closed,False,False
57686,203,1,7,2,0.3333333333333333,closed,True,True
57684,287,303,0,4,0.2222222222222222,closed,True,True
57682,103,74,0,0,0.0,closed,True,True
57681,1077,1183,20,13,0.5909090909090909,closed,True,True
57679,3369,217,0,5,0.3333333333333333,closed,True,True
57678,4248,92,0,2,0.2222222222222222,closed,False,False
57673,486,1,3,3,1.0,closed,True,True
57670,151,43,9,10,2.0,closed,True,True
57669,2862,3327,4,0,0.0,closed,True,True
57668,40,4594,0,6,6.0,closed,True,True
57666,507,7,0,0,0.0,closed,True,True
57665,2,4,13,0,0.0,closed,True,True
57664,190,189,0,1,0.25,closed,True,True
57663,0,0,6,2,0,closed,False,False
57661,6,1,1,0,0.0,open,False,False
57660,3124,84,4,0,0.0,closed,False,False
57656,8194,621,9,0,0.0,closed,False,False
57649,232,2,16,3,0.75,open,False,False
57643,409,88,3,5,0.8333333333333334,closed,True,True
57642,89,0,4,0,0.0,closed,True,True
57641,487,29,0,0,0.0,closed,True,True
57637,982,67,3,15,2.5,closed,True,True
57636,871,552,0,0,0.0,closed,False,False
57628,100,4,1,5,1.6666666666666667,closed,True,True
57624,5,5,2,0,0.0,closed,True,True
57619,314,10,19,7,0.5384615384615384,closed,False,False
57612,2983,84,9,0,0.0,closed,False,False
57611,3,3,0,0,0.0,closed,True,True
57610,360,26,1,0,0.0,closed,False,False
57608,846,52,2,4,0.8,closed,True,True
57607,23475,221,1,7,3.5,closed,True,True
57605,4234,145,3,0,0.0,closed,False,False
57604,15,0,1,0,0.0,closed,True,True
57602,158,7,0,0,0.0,closed,True,True
57598,97,0,0,0,0.0,closed,True,True
57595,213,18,5,0,0.0,closed,True,True
57589,2420,50,9,30,4.285714285714286,closed,False,False
57588,3001,84,0,0,0.0,closed,False,False
57586,88,1,0,0,0.0,closed,True,True
57580,21,13,5,6,2.0,closed,True,True
57579,874,1418,0,1,1.0,closed,True,True
57575,360,26,48,4,0.25,closed,True,True
57570,140750,12255,22,1,0.05555555555555555,closed,False,False
57569,7786,1074,8,0,0.0,closed,False,False
57560,4153,56,8,0,0.0,closed,False,False
57554,1,0,0,0,0.0,closed,True,True
57552,3004,83,19,0,0.0,closed,False,False
57551,52,0,0,0,0.0,closed,True,True
57550,82,2,0,3,1.0,open,False,False
57549,567,4,9,9,1.8,closed,True,True
57542,16,0,0,0,0.0,closed,True,True
57538,5,5,2,0,0.0,closed,True,True
57537,1273,89,3,16,1.7777777777777777,open,False,False
57530,49,2,2,3,3.0,closed,True,True
57527,1111,5783,13,5,0.35714285714285715,closed,True,True
57526,10547,2906,0,4,4.0,closed,True,True
57525,324,2291,6,22,7.333333333333333,closed,True,True
57521,0,0,3,0,0.0,closed,False,False
57517,33,0,1,3,1.5,closed,True,True
57513,72,0,0,0,0.0,closed,True,True
57512,6,1,0,0,0.0,closed,True,True
57509,1,1,0,0,0.0,closed,True,True
57508,0,3,0,0,0.0,closed,True,True
57507,2,2,0,0,0.0,closed,True,True
57502,2,1,2,0,0.0,closed,False,False
57496,6,0,0,0,0.0,closed,True,True
57495,4,4,0,1,0.5,closed,True,True
57494,23,1,1,0,0.0,closed,True,True
57493,16,2,1,5,5.0,closed,False,False
57492,210236,3626,5,5,1.0,closed,True,True
57489,158,43,0,0,0.0,closed,True,True
57484,241,37,12,14,4.666666666666667,closed,True,True
57480,85,43,12,2,0.25,closed,False,False
57476,6,0,3,0,0.0,closed,False,False
57473,1,0,0,0,0.0,closed,True,True
57472,3219,86415,9,12,1.3333333333333333,closed,True,True
57467,292,33,18,0,0.0,closed,True,True
57465,3229,97,141,28,0.6511627906976745,closed,True,True
57458,1557,5,2,7,0.875,open,False,False
57452,16635,155618,7,0,0.0,closed,True,True
57447,539,2,0,0,0.0,closed,True,True
57444,712,299,1,3,0.75,closed,False,False
57440,54,35,10,4,4.0,closed,False,False
57437,4,4,2,0,0.0,closed,True,True
57428,444,51,4,2,0.5,open,False,False
57426,3382,520,0,0,0.0,closed,True,True
57421,1902,481,31,22,1.1,closed,False,False
57411,25,25,2,0,0.0,closed,True,True
57410,1,1,0,0,0.0,closed,True,True
57409,209,62,0,5,0.45454545454545453,closed,True,True
57407,1,1,0,0,0.0,closed,True,True
57403,423,17,35,7,1.4,closed,True,True
57401,273,915,1,1,0.3333333333333333,closed,True,True
57399,9,11,0,0,0.0,closed,True,True
57398,3345,3023,0,0,0.0,closed,True,True
57396,579,4,0,5,5.0,open,False,False
57395,4634,6,25,3,0.13636363636363635,open,False,False
57394,1074,0,3,0,0.0,closed,True,True
57391,63,1,0,5,2.5,closed,True,True
57382,57,0,9,0,0.0,closed,True,True
57380,21,21,3,0,0.0,closed,False,False
57375,313,123,4,3,1.5,closed,False,False
57371,91,0,9,2,2.0,closed,True,True
57369,18,5,3,0,0.0,closed,True,True
57364,14397,1,1,6,1.5,closed,True,True
57363,107,0,0,6,0.8571428571428571,closed,True,True
57362,182,25,12,1,1.0,closed,True,True
57361,1029,1896,2,22,2.4444444444444446,closed,True,True
57358,225,47,36,6,1.2,closed,True,True
57350,13,10,1,0,0.0,closed,True,True
57349,3,6,0,1,1.0,open,False,False
57345,70,2,19,0,0.0,closed,True,True
57342,62,4,0,0,0.0,closed,True,True
57341,535,3,18,4,0.6666666666666666,closed,True,True
57327,23,0,0,0,0.0,closed,True,True
57324,9894,405,0,0,0.0,closed,True,True
57323,380,272,0,1,0.5,open,False,False
57315,1270,77,1,0,0.0,closed,True,True
57314,7,0,0,0,0.0,open,False,False
57312,120,34,0,0,0.0,closed,True,True
57305,589,17,1,0,0.0,closed,True,True
57295,5,5,2,0,0.0,closed,True,True
57293,154,92,22,2,0.6666666666666666,open,False,False
57291,331,177,3,2,0.4,closed,True,True
57284,1,1,1,0,0.0,closed,False,False
57281,507,1,12,15,1.1538461538461537,closed,True,True
57275,184,0,0,0,0.0,closed,True,True
57274,615,11,18,0,0.0,closed,False,False
57271,46,1,11,1,0.1111111111111111,closed,True,True
57267,851,432,14,35,0.9210526315789473,closed,True,True
57266,122,6,2,4,0.5714285714285714,closed,True,True
57262,5500,10,4,83,1.5660377358490567,closed,True,True
57261,388,169,5,6,6.0,closed,True,True
57256,4,2,0,0,0.0,closed,True,True
57255,103645,2664,2,2,0.2857142857142857,closed,True,True
57252,13,13,1,0,0.0,closed,False,False
57251,1,1,2,0,0.0,closed,False,False
57250,175,78,0,5,0.8333333333333334,closed,True,True
57243,1,1,2,0,0.0,closed,True,True
57236,489,2,6,1,0.5,open,False,False
57235,38,5,0,0,0.0,closed,False,False
57230,1083,12,45,9,1.0,closed,True,True
57227,2,2,2,0,0.0,closed,False,False
57223,114,6,2,2,1.0,closed,True,True
57220,75,22,0,0,0.0,closed,True,True
57216,194,194,0,0,0.0,closed,True,True
57213,2,3,3,0,0.0,closed,True,True
57208,6,6,2,0,0.0,closed,True,True
57207,2689,91,35,23,0.71875,closed,True,True
57202,336,113,3,2,1.0,closed,True,True
57201,23,1,5,0,0.0,closed,True,True
57197,217,10,13,1,0.3333333333333333,closed,True,True
57196,8211,3831,14,6,2.0,closed,True,True
57183,1,1,3,0,0.0,closed,False,False
57176,223,0,7,6,2.0,closed,True,True
57174,464,3,0,3,1.5,closed,True,True
57167,167,1,17,0,0.0,closed,True,True
57163,9,2,5,0,0.0,closed,False,False
57162,130,1,0,0,0.0,closed,False,False
57161,32,5,0,0,0.0,closed,False,False
57160,133,53,0,6,6.0,closed,True,True
57158,5566,1571,3,2,2.0,closed,True,True
57148,32,5,12,6,6.0,closed,True,True
57146,85,7,0,2,0.4,closed,True,True
57145,130,1,5,0,0.0,closed,True,True
57144,198,1,6,2,0.6666666666666666,closed,True,True
57143,58,4,1,0,0.0,closed,True,True
57133,50,29,27,3,0.15,closed,True,True
57132,160,9,0,0,0.0,closed,True,True
57128,2,2,0,0,0.0,closed,True,True
57125,1,1,0,0,0.0,closed,True,True
57123,54,53,15,19,0.76,closed,True,True
57122,441,16,35,11,1.2222222222222223,closed,True,True
57121,7,7,2,0,0.0,closed,True,True
57116,189,10,21,1,0.25,closed,True,True
57114,280,42,15,7,1.0,closed,False,False
57113,159,0,6,4,1.0,open,False,False
57111,246,18,6,2,0.25,closed,True,True
57110,362,1,3,14,1.4,closed,True,True
57104,0,2,2,0,0.0,closed,False,False
57101,25,22,5,0,0.0,closed,False,False
57099,30,58,1,1,0.5,closed,False,False
57093,59,1,12,0,0.0,closed,True,True
57092,61,252,0,4,2.0,closed,True,True
57091,96,3,13,1,0.5,closed,False,False
57090,3229,4,0,0,0.0,closed,True,True
57080,76,23,14,16,0.6153846153846154,closed,True,True
57076,224,437,2,0,0.0,closed,True,True
57070,15,15,0,2,1.0,closed,True,True
57061,7,7,2,0,0.0,closed,True,True
57051,27,5,3,8,2.0,closed,True,True
57042,1339,11,4,0,0.0,open,False,False
57040,331,166,11,0,0.0,open,False,False
57033,2288,8,0,13,4.333333333333333,closed,True,True
57031,612,257,13,21,3.0,closed,True,True
57029,750,13,37,19,2.111111111111111,closed,True,True
57027,653,344,13,2,1.0,closed,True,True
57020,525,472,3,1,1.0,closed,True,True
57012,14,7,2,0,0.0,closed,True,True
57008,31,8,48,5,0.7142857142857143,closed,True,True
56996,217,106,31,0,0.0,closed,False,False
56989,156,324,5,2,1.0,open,False,False
56987,5,0,3,0,0.0,closed,False,False
56986,69,69,0,0,0.0,closed,True,True
56976,335,1,0,1,0.5,open,False,False
56974,18602,93,10,6,3.0,open,False,False
56967,29,4,4,0,0.0,closed,False,False
56963,91,0,2,0,0.0,closed,False,False
56961,40,19,4,4,2.0,closed,True,True
56955,1532,1105,3,0,0.0,closed,True,True
56953,519,4,0,0,0.0,closed,False,False
56949,722,125,9,0,0.0,closed,True,True
56946,250,1,0,4,0.8,closed,True,True
56944,543,542,0,0,0.0,closed,True,True
56941,11876,42,100,42,0.4117647058823529,closed,True,True
56939,162,6,16,6,3.0,open,False,False
56932,4,4,21,6,3.0,closed,True,True
56918,572,6,0,7,1.75,closed,True,True
56915,921,165,1,3,1.5,closed,False,False
56911,1251,843,13,6,2.0,open,False,False
56908,1485,68,72,8,0.5714285714285714,closed,True,True
56907,397,1,21,4,1.0,closed,True,True
56902,1053,410,22,11,0.4782608695652174,closed,True,True
56898,1,4,2,0,0.0,closed,False,False
56896,1,4,2,0,0.0,closed,False,False
56895,156,165,19,3,1.5,closed,False,False
56893,188,0,1,0,0.0,closed,True,True
56889,25,0,3,0,0.0,closed,False,False
56886,1,1,0,0,0.0,closed,False,False
56884,353,2,1,2,1.0,closed,True,True
56878,114,1,12,0,0.0,open,False,False
56877,135,1,11,7,3.5,open,False,False
56875,1195,163,11,6,3.0,open,False,False
56870,25,25,6,0,0.0,closed,True,True
56866,1,1,1,2,2.0,closed,False,False
56860,118,3,7,0,0.0,closed,True,True
56859,530,2,13,2,0.5,open,False,False
56857,3264,23,8,5,2.5,closed,True,True
56853,4,4,1,0,0.0,closed,True,True
56848,735,10,0,8,1.6,closed,True,True
56845,228,19,5,0,0.0,closed,False,False
56841,33,0,2,0,0.0,closed,False,False
56834,6,3,5,0,0.0,closed,False,False
56826,2,0,3,0,0.0,open,False,False
56819,6,6,3,0,0.0,closed,False,False
56817,1238,683,58,53,1.7666666666666666,closed,True,True
56805,552,16,19,3,0.375,closed,True,True
56802,147,16,1,0,0.0,closed,True,True
56795,94,0,2,3,1.0,closed,True,True
56794,1185,11,40,14,1.4,closed,True,True
56791,53,62,2,18,4.5,closed,True,True
56788,79,29,0,0,0.0,closed,True,True
56785,4719,534,24,40,1.25,closed,True,True
56780,361,4,20,2,2.0,closed,False,False
56770,2,1,0,0,0.0,closed,True,True
56759,0,6,0,0,0.0,closed,True,True
56753,500,16,20,5,0.5555555555555556,closed,True,True
56751,303,19,0,1,0.25,open,False,False
56747,4,4,3,0,0.0,closed,False,False
56745,19,0,4,0,0.0,closed,False,False
56743,143,4,0,2,1.0,closed,True,True
56742,128,10,11,2,1.0,closed,True,True
56739,28,1,0,0,0.0,closed,True,True
56736,274,7,21,25,2.272727272727273,closed,True,True
56732,270,0,10,3,1.0,closed,True,True
56730,4,4,2,0,0.0,closed,True,True
56727,252,5,9,3,1.5,closed,True,True
56725,1,1,0,1,1.0,closed,True,True
56723,354,23,2,0,0.0,closed,True,True
56722,14,1,7,0,0.0,closed,False,False
56719,47,0,8,0,0.0,closed,False,False
56715,85,15,0,0,0.0,closed,True,True
56713,26,12,1,6,6.0,open,False,False
56711,559,3,1,3,1.5,closed,True,True
56709,351,6,0,0,0.0,closed,True,True
56707,29,2,0,0,0.0,closed,True,True
56701,315,158,3,21,4.2,closed,True,True
56694,1,2,0,0,0.0,closed,True,True
56690,98,1,5,0,0.0,closed,False,False
56684,5056,580,3,4,0.5714285714285714,closed,False,False
56681,1732,837,4,0,0.0,closed,False,False
56680,236,9,6,0,0.0,closed,True,True
56679,31,8,3,0,0.0,open,False,False
56667,100,6,0,0,0.0,closed,True,True
56666,6261,29,14,0,0.0,open,False,False
56658,13,0,0,0,0.0,closed,False,False
56657,252,6,0,3,1.0,closed,True,True
56652,429,133,12,0,0.0,open,False,False
56649,1071,6,3,4,0.8,closed,True,True
56646,0,10,0,0,0.0,open,False,False
56643,2,2,2,0,0.0,closed,False,False
56640,216,7,25,0,0.0,closed,True,True
56639,1,1,0,0,0.0,closed,True,True
56637,1415,4,1,18,2.25,open,False,False
56629,3,1,0,2,1.0,closed,True,True
56627,3,1,5,5,1.6666666666666667,closed,True,True
56626,351,6,21,0,0.0,closed,True,True
56621,179,27,1,4,1.0,closed,True,True
56617,1,1,1,0,0.0,closed,True,True
56614,69,5,3,1,1.0,closed,True,True
56613,1,2,0,0,0.0,closed,True,True
56610,80,8,0,0,0.0,closed,True,True
56607,20,7,11,7,1.0,closed,True,True
56601,130,1,0,0,0.0,closed,True,True
56598,76,4,9,0,0.0,closed,True,True
56594,137,7,4,0,0.0,closed,True,True
56593,164,4,4,6,3.0,closed,True,True
56585,0,1,9,0,0.0,closed,True,True
56580,93,4,0,3,1.5,closed,True,True
56577,4,4,0,0,0.0,closed,True,True
56570,17,7,4,15,2.142857142857143,closed,True,True
56568,51,3,0,0,0.0,closed,True,True
56566,2628,2567,0,0,0.0,closed,True,True
56565,21,1,7,1,0.5,closed,True,True
56564,28,3,0,0,0.0,closed,True,True
56561,1053,525,0,2,0.08333333333333333,closed,True,True
56555,328,2,9,6,2.0,closed,True,True
56554,35,11,2,2,0.3333333333333333,closed,True,True
56553,4,4,2,0,0.0,closed,True,True
56552,202,2,11,0,0.0,closed,True,True
56543,82,25,1,5,0.8333333333333334,closed,True,True
56540,42,12,0,0,0.0,closed,True,True
56537,14,1,31,0,0.0,closed,False,False
56534,8,2,0,0,0.0,closed,True,True
56517,222,216,3,0,0.0,closed,False,False
56515,822,39,13,2,0.6666666666666666,closed,True,True
56514,199,68,0,0,0.0,closed,True,True
56512,303,2,0,0,0.0,closed,True,True
56511,1,1,0,0,0.0,closed,True,True
56510,1,1,0,0,0.0,closed,True,True
56506,538,199,26,11,1.8333333333333333,closed,True,True
56504,303,2,23,3,1.0,closed,True,True
56502,203,203,1,0,0.0,closed,False,False
56501,129,0,0,0,0.0,closed,False,False
56499,5,5,0,0,0.0,closed,True,True
56498,0,127,0,0,0.0,closed,True,True
56496,129,0,0,0,0.0,closed,False,False
56495,2,0,0,0,0.0,closed,True,True
56494,1,1,0,0,0.0,closed,True,True
56493,129,0,9,3,0.3333333333333333,closed,True,True
56491,101,49,0,0,0.0,closed,True,True
56490,8,7,0,0,0.0,closed,True,True
56489,8,7,1,0,0.0,closed,True,True
56488,298,163,15,4,1.0,closed,True,True
56487,5,1,9,1,1.0,open,False,False
56486,7,5,0,0,0.0,closed,True,True
56485,7,5,4,0,0.0,closed,True,True
56476,969,652,24,3,0.6,closed,True,True
56468,4,4,2,0,0.0,closed,True,True
56467,82,7,7,0,0.0,closed,True,True
56466,504,6,1,10,2.0,closed,True,True
56460,492,15,12,2,0.25,open,False,False
56458,118,70,17,0,0.0,closed,False,False
56453,52,0,1,1,0.16666666666666666,closed,False,False
56451,16,1,0,0,0.0,closed,True,True
56449,16,1,3,4,4.0,closed,True,True
56448,28,1,16,6,2.0,closed,True,True
56441,129,13,9,0,0.0,open,False,False
56439,201,22,18,8,1.6,closed,True,True
56438,666,11,0,0,0.0,closed,True,True
56434,101,49,17,2,0.3333333333333333,closed,True,True
56429,119,148,14,6,6.0,open,False,False
56424,3337,37,1,0,0.0,closed,True,True
56423,4,3,2,0,0.0,closed,False,False
56422,566,31,7,0,0.0,closed,True,True
56421,2652,0,5,0,0.0,closed,True,True
56418,250,1,13,0,0.0,closed,True,True
56411,906,2,10,26,3.7142857142857144,closed,True,True
56408,18,0,1,0,0.0,closed,True,True
56404,593,12,14,0,0.0,closed,False,False
56403,398,3,6,0,0.0,closed,True,True
56400,1015,15,1,8,4.0,closed,True,True
56397,90,74,8,2,1.0,open,False,False
56395,51,16,2,8,2.6666666666666665,closed,True,True
56392,81,24,16,1,0.3333333333333333,closed,False,False
56387,4860,1194,0,4,4.0,closed,True,True
56385,52,1,0,0,0.0,closed,True,True
56384,226,5,11,10,1.4285714285714286,closed,False,False
56373,999,61,14,10,1.6666666666666667,open,False,False
56372,773,20,0,0,0.0,closed,True,True
56368,38,0,0,0,0.0,closed,True,True
56358,357,0,27,2,1.0,closed,True,True
56357,451,0,18,0,0.0,closed,False,False
56356,378,1,4,5,1.6666666666666667,closed,True,True
56355,85,1624,0,0,0.0,closed,True,True
56354,90,0,15,0,0.0,closed,True,True
56348,125,0,0,0,0.0,closed,True,True
56347,66,1,10,2,2.0,closed,True,True
56340,36,0,2,2,0.6666666666666666,closed,True,True
56338,91,12,0,6,2.0,closed,True,True
56337,148383,39173,0,0,0.0,closed,True,True
56335,25,0,0,0,0.0,closed,True,True
56322,182,0,0,3,1.5,closed,True,True
56318,22,2,0,1,1.0,closed,True,True
56313,352,3,19,11,1.375,closed,True,True
56309,181,6,3,3,0.42857142857142855,closed,True,True
56306,344,2,7,0,0.0,closed,True,True
56305,231,5,14,0,0.0,closed,False,False
56304,11,8,0,1,0.2,closed,True,True
56301,55,0,12,0,0.0,closed,False,False
56300,390,8,10,5,1.6666666666666667,open,False,False
56296,1081,287,8,0,0.0,closed,True,True
56295,1477,194,0,0,0.0,closed,True,True
56294,55,8,0,0,0.0,closed,True,True
56293,2,3,4,2,1.0,closed,True,True
56287,0,0,2,0,0.0,closed,False,False
56281,0,0,27,23,0,closed,False,False
56280,62,18,11,0,0.0,closed,True,True
56277,641,138,1,4,1.3333333333333333,closed,True,True
56274,29057,8594,3,0,0.0,closed,False,False
56271,223,3,10,2,0.5,closed,True,True
56265,87,18,1,3,1.0,closed,True,True
56263,1,0,0,0,0.0,closed,True,True
56258,98,1,12,5,5.0,closed,True,True
56257,19,3,7,9,4.5,closed,True,True
56255,4,4,2,0,0.0,closed,True,True
56247,71,6,6,12,2.4,closed,True,True
56246,362,12,1,7,1.0,closed,False,False
56244,136,1,0,0,0.0,closed,True,True
56243,102,3,9,4,1.3333333333333333,closed,True,True
56237,0,1,9,0,0.0,closed,True,True
56226,47,0,0,0,0.0,closed,True,True
56222,329,13,3,0,0.0,closed,False,False
56220,4450,271,4,11,1.2222222222222223,open,False,False
56218,414,5,12,0,0.0,closed,True,True
56215,935,3,0,0,0.0,closed,False,False
56214,69605,39930,0,0,0.0,closed,True,True
56212,80,2,0,2,0.6666666666666666,open,False,False
56211,68,53,6,0,0.0,closed,True,True
56209,38453,248,2,0,0.0,closed,False,False
56207,195,6,15,0,0.0,closed,True,True
56201,251,1,17,2,1.0,closed,True,True
56198,122,56,24,3,0.75,closed,True,True
56197,133,26,5,0,0.0,closed,False,False
56194,31,17,1,0,0.0,closed,True,True
56193,2,1,1,0,0.0,closed,True,True
56190,1,0,1,0,0.0,closed,True,True
56189,11,22,0,0,0.0,closed,True,True
56187,155,6,2,0,0.0,closed,True,True
56183,588,1,21,11,1.8333333333333333,open,False,False
56182,169,9,4,16,1.6,open,False,False
56173,1126,0,10,8,2.6666666666666665,closed,True,True
56169,875,37,10,0,0.0,closed,True,True
56165,123,75,10,0,0.0,open,False,False
56163,63,59,0,0,0.0,closed,True,True
56161,31,1,15,0,0.0,closed,True,True
56156,338,4,16,0,0.0,closed,True,True
56150,285,179,1,0,0.0,closed,True,True
56148,11,11,1,0,0.0,closed,True,True
56140,488,17,18,0,0.0,closed,False,False
56139,404,0,0,0,0.0,closed,True,True
56132,110583,1043,3,0,0.0,closed,True,True
56131,337,36,9,8,1.0,closed,True,True
56130,769,349,5,2,0.5,closed,True,True
56123,164,1,6,1,1.0,closed,False,False
56122,125,1,23,5,1.6666666666666667,closed,True,True
56118,106,82,4,8,4.0,closed,False,False
56117,436,59,3,0,0.0,open,False,False
56116,156,5,7,2,2.0,closed,True,True
56115,6,6,0,0,0.0,closed,True,True
56110,4,4,2,0,0.0,closed,False,False
56105,340,4,18,1,0.2,closed,True,True
56104,0,1,0,0,0.0,closed,True,True
56101,613,57,3,15,0.9375,closed,False,False
56100,635,16,2,0,0.0,open,False,False
56090,97,11,3,2,1.0,closed,True,True
56088,48,1,0,8,4.0,closed,True,True
56087,172,0,8,8,2.6666666666666665,closed,True,True
56086,3,6,2,0,0.0,closed,True,True
56084,8,7,0,2,0.6666666666666666,closed,True,True
56079,332,56,3,0,0.0,closed,True,True
56075,37576,24250,1,4,0.5714285714285714,closed,True,True
56074,37574,1239,1,0,0.0,open,False,False
56073,3,6,0,0,0.0,closed,True,True
56072,31,1,25,4,0.5714285714285714,open,False,False
56070,8,14,11,0,0.0,closed,False,False
56064,283,15,23,32,2.909090909090909,closed,True,True
56062,2,1,0,0,0.0,closed,True,True
56061,48,1,0,0,0.0,closed,True,True
56060,8,4,0,0,0.0,closed,True,True
56056,1,1,1,0,0.0,closed,False,False
56051,105,1211,7,0,0.0,closed,False,False
56048,113,0,13,0,0.0,closed,True,True
56047,213,115,1,3,0.75,closed,True,True
56046,1169,1029,4,0,0.0,closed,False,False
56035,162,1,6,0,0.0,closed,True,True
56034,678,4,18,10,2.5,closed,True,True
56029,17,0,0,0,0.0,closed,True,True
56027,100,6,0,3,1.5,open,False,False
56021,29,1,0,0,0.0,closed,True,True
56020,499,81,23,0,0.0,closed,True,True
56016,1198,125,3,9,0.6923076923076923,closed,True,True
56015,104,3,3,0,0.0,closed,True,True
56004,763,193,40,1,0.1111111111111111,closed,True,True
56001,65,1,0,4,4.0,closed,True,True
55999,56,1,0,0,0.0,closed,False,False
55992,2,2,1,0,0.0,closed,False,False
55991,3119,151,55,31,4.428571428571429,closed,True,True
55989,1,1,5,0,0.0,open,False,False
55987,41,21,3,4,0.1111111111111111,open,False,False
55985,89,1,3,5,2.5,closed,True,True
55981,144,11,1,0,0.0,closed,True,True
55979,1,1,2,0,0.0,closed,False,False
55970,1,1,1,0,0.0,closed,False,False
55969,41,3,1,0,0.0,closed,True,True
55968,96663,30117,3,0,0.0,open,False,False
55962,11,0,0,2,0.3333333333333333,closed,True,True
55955,15574,231,5,11,0.8461538461538461,closed,True,True
55949,3568,4,0,1,0.5,closed,True,True
55947,133,9,2,8,0.8888888888888888,closed,True,True
55944,0,56,0,0,0.0,closed,True,True
55943,464,204,4,2,1.0,closed,False,False
55942,105,3,0,0,0.0,closed,False,False
55941,380,1,0,1,0.5,closed,True,True
55938,12,2,0,0,0.0,closed,True,True
55930,58,3,4,0,0.0,closed,True,True
55926,7,0,15,0,0.0,closed,True,True
55924,1108,27,32,15,0.8823529411764706,closed,True,True
55923,23,66,3,5,0.5555555555555556,closed,True,True
55921,3,3,1,0,0.0,closed,True,True
55918,247,50,0,0,0.0,closed,True,True
55917,818,153,1,0,0.0,closed,False,False
55913,5,5,4,0,0.0,closed,True,True
55910,236,2,9,4,1.3333333333333333,closed,True,True
55906,117,5,0,9,1.5,closed,True,True
55903,75,4,17,0,0.0,open,False,False
55894,674,146,18,0,0.0,closed,False,False
55893,4,4,0,0,0.0,closed,True,True
55892,638,1,8,6,1.2,closed,True,True
55887,1970,23,77,47,1.6785714285714286,closed,True,True
55881,28,28,1,0,0.0,closed,True,True
55880,13,1,14,0,0.0,open,False,False
55877,96,0,1,0,0.0,closed,True,True
55870,2,2,3,0,0.0,closed,False,False
55868,30,7009,7,0,0.0,closed,True,True
55867,12,10,12,1,1.0,closed,True,True
55865,2242,10,0,0,0.0,closed,True,True
55864,500,11,12,2,0.5,open,False,False
55860,459,0,32,0,0.0,closed,False,False
55859,228,2,3,3,3.0,closed,True,True
55856,136,1,24,3,0.6,closed,True,True
55851,159,1,18,0,0.0,closed,True,True
55842,407,4,47,12,0.8571428571428571,open,False,False
55837,501,501,2,0,0.0,closed,False,False
55836,2,2,3,0,0.0,closed,True,True
55835,210,43,1,0,0.0,open,False,False
55833,16,7,0,0,0.0,closed,True,True
55831,15,1,1,0,0.0,closed,True,True
55830,169,24,13,4,0.2222222222222222,closed,False,False
55824,0,249,0,0,0.0,closed,True,True
55822,6,1,12,0,0.0,closed,True,True
55821,2549,2547,3,3,0.75,closed,True,True
55820,1176,619,20,4,0.6666666666666666,closed,True,True
55818,304,544,0,0,0.0,closed,True,True
55817,1,1,0,0,0.0,closed,True,True
55815,56,1,0,4,4.0,closed,True,True
55814,2082,169,0,0,0.0,closed,True,True
55811,1814,2,17,2,0.16666666666666666,closed,True,True
55807,92,0,1,0,0.0,closed,True,True
55801,4177,5,0,0,0.0,open,False,False
55800,193,126,3,0,0.0,closed,False,False
55799,6,1,0,4,1.0,closed,True,True
55798,6,0,6,0,0.0,closed,True,True
55794,315,2,7,4,1.3333333333333333,closed,True,True
55793,13,50,18,0,0.0,closed,False,False
55790,180,214,27,8,2.0,closed,True,True
55789,61,10,0,2,0.4,closed,True,True
55780,30,0,1,0,0.0,closed,True,True
55779,132,1,13,0,0.0,closed,True,True
55774,437,224,49,16,1.3333333333333333,closed,True,True
55767,28,1,0,2,0.6666666666666666,closed,True,True
55755,25,5,6,18,6.0,closed,False,False
55751,5,6,17,0,0.0,closed,False,False
55750,365,218,0,2,0.25,closed,True,True
55746,2,0,1,5,1.6666666666666667,closed,True,True
55744,275,14,9,0,0.0,closed,True,True
55740,76,13,1,0,0.0,closed,True,True
55739,1741,143,41,76,2.923076923076923,closed,True,True
55738,24886,5,3,0,0.0,closed,True,True
55728,41,54,10,10,0.8333333333333334,closed,True,True
55727,106,2,6,0,0.0,closed,True,True
55725,1708,121,0,13,1.3,closed,True,True
55723,5,5,0,0,0.0,closed,True,True
55721,22,1,1,0,0.0,closed,True,True
55718,3215,27,15,0,0.0,open,False,False
55716,286,3,2,3,1.5,closed,True,True
55715,1,1,3,0,0.0,closed,False,False
55714,829,108,37,1,0.14285714285714285,open,False,False
55712,112,28,4,12,2.0,closed,True,True
55696,163,38,6,9,9.0,open,False,False
55695,190,2,10,6,6.0,closed,True,True
55690,1254,2,6,3,1.0,closed,True,True
55686,92,80,4,0,0.0,closed,False,False
55683,1509,53,23,5,0.8333333333333334,closed,True,True
55678,140,36,2,0,0.0,closed,False,False
55676,0,0,4,0,0.0,closed,False,False
55657,73,24,10,0,0.0,closed,False,False
55655,0,0,5,0,0.0,closed,False,False
55651,7,7,1,2,1.0,closed,True,True
55649,0,1,4,0,0.0,closed,True,True
55638,437,4,20,0,0.0,closed,True,True
55625,141,10,15,7,2.3333333333333335,closed,True,True
55624,13,17,1,0,0.0,closed,True,True
55613,565,3,10,4,4.0,closed,True,True
55605,246,21,2,3,0.2727272727272727,closed,True,True
55604,3,3,2,0,0.0,closed,False,False
55602,89,79,1,1,1.0,closed,True,True
55601,490,8,15,2,2.0,open,False,False
55600,8941,4333,50,72,5.142857142857143,closed,True,True
55598,4,10,4,0,0.0,closed,False,False
55597,28187,28187,9,0,0.0,closed,False,False
55588,297,23,6,1,1.0,open,False,False
55585,1182,12,18,4,4.0,closed,True,True
55581,3,2,0,0,0.0,closed,True,True
55580,71,71,0,4,0.5,closed,True,True
55576,2086,1,15,1,0.5,closed,True,True
55567,6,8,6,0,0.0,open,False,False
55565,11,11,15,0,0.0,closed,True,True
55558,84,26,5,2,0.6666666666666666,closed,True,True
55556,55,0,12,4,0.14285714285714285,closed,True,True
55554,32,19,10,6,0.75,closed,True,True
55552,38,2,2,0,0.0,closed,True,True
55550,39,15,10,0,0.0,closed,True,True
55547,8,8,27,0,0.0,open,False,False
55541,435,6,0,0,0.0,closed,True,True
55537,3,3,0,0,0.0,closed,True,True
55531,294,1,0,1,1.0,open,False,False
55529,90,0,1,0,0.0,closed,True,True
55522,44,0,4,0,0.0,closed,True,True
55519,50,0,0,1,1.0,closed,True,True
55517,1379,118,3,5,0.1,open,False,False
55515,37,199,5,1,0.14285714285714285,closed,True,True
55514,92,0,0,0,0.0,closed,True,True
55513,18,0,0,0,0.0,closed,True,True
55512,119,105,7,0,0.0,open,False,False
55506,162,4,20,8,2.6666666666666665,closed,True,True
55503,60,68,9,4,4.0,open,False,False
55492,521,2,1,1,1.0,closed,True,True
55490,2,0,3,0,0.0,closed,False,False
55488,1,1,0,0,0.0,closed,True,True
55487,112,42,0,0,0.0,closed,True,True
55485,3,1,0,1,1.0,closed,False,False
55484,5,4,15,10,2.0,closed,True,True
55482,98,124,14,4,0.8,closed,True,True
55479,1,1,2,0,0.0,closed,False,False
55478,44,3,1,0,0.0,open,False,False
55476,68,15,11,8,2.0,closed,True,True
55472,374,14,0,5,1.6666666666666667,closed,True,True
55471,77,1,15,0,0.0,closed,False,False
55470,0,88,0,0,0.0,closed,True,True
55469,100,3,0,0,0.0,closed,True,True
55468,14,109,0,0,0.0,closed,True,True
55466,8,2,0,0,0.0,closed,True,True
55464,166,1,10,0,0.0,closed,True,True
55462,26,47,1,0,0.0,closed,False,False
55459,47,29,20,2,0.6666666666666666,closed,True,True
55452,302,27,14,2,2.0,closed,False,False
55449,63,1,16,8,2.0,closed,True,True
55447,65,14,7,0,0.0,closed,True,True
55446,43,37,9,0,0.0,closed,False,False
55445,73,8,16,4,4.0,closed,False,False
55444,3,2,1,0,0.0,closed,True,True
55443,1,1,4,0,0.0,closed,True,True
55442,566,19,12,6,1.2,closed,True,True
55438,4165,310,18,3,3.0,closed,True,True
55429,24,1,0,0,0.0,closed,True,True
55426,9,0,3,2,2.0,closed,True,True
55424,172,1,9,0,0.0,closed,True,True
55419,5,4,4,0,0.0,closed,True,True
55418,17,6,0,5,5.0,closed,True,True
55417,6745,6745,0,0,0.0,closed,False,False
55416,436,436,4,8,1.1428571428571428,closed,True,True
55414,2,2,1,0,0.0,closed,True,True
55407,2,1,0,0,0.0,closed,True,True
55406,1931,0,15,214,14.266666666666667,closed,True,True
55403,14,13,2,2,2.0,closed,True,True
55402,2,0,0,0,0.0,closed,True,True
55401,2,0,0,0,0.0,closed,True,True
55400,123,7,3,2,1.0,closed,True,True
55399,1,0,2,0,0.0,closed,False,False
55398,20,20,4,0,0.0,closed,False,False
55397,182,1,0,2,1.0,closed,True,True
55393,408,34,2,31,2.5833333333333335,closed,True,True
55392,0,1,6,2,1.0,open,False,False
55390,224,1,0,0,0.0,closed,True,True
55389,1850,830,1,1,0.16666666666666666,closed,True,True
55388,2,7,12,0,0.0,closed,False,False
55387,85,0,0,2,2.0,closed,True,True
55386,149,2,22,3,0.5,open,False,False
55384,33,19,0,0,0.0,closed,True,True
55381,62,16,0,2,1.0,closed,True,True
55379,0,205,2,0,0.0,closed,True,True
55378,1784,2196,2,0,0.0,closed,False,False
55376,73,10,0,0,0.0,closed,True,True
55373,13,16,4,2,1.0,closed,True,True
55371,289,13,35,11,1.8333333333333333,closed,True,True
55365,27,5,0,5,2.5,closed,True,True
55360,4,0,3,0,0.0,closed,True,True
55359,57,9,0,0,0.0,open,False,False
55357,124,8,8,0,0.0,closed,True,True
55349,106,14,2,5,0.8333333333333334,open,False,False
55339,100,0,8,10,2.0,closed,False,False
55335,34,34,4,0,0.0,closed,False,False
55332,2196,1784,2,2,1.0,closed,True,True
55328,42675,38277,9,8,0.0975609756097561,closed,False,False
55326,146,213,15,1,0.07142857142857142,closed,True,True
55322,4,0,0,0,0.0,closed,True,True
55320,1,1,2,0,0.0,closed,True,True
55319,196,0,19,0,0.0,closed,False,False
55310,1,2,0,0,0.0,closed,True,True
55307,0,0,19,0,0.0,closed,False,False
55306,7,0,0,0,0.0,closed,True,True
55304,184,184,0,0,0.0,closed,True,True
55299,19,15,1,0,0.0,closed,True,True
55298,144,14,0,0,0.0,closed,True,True
55294,33,2,4,3,0.75,closed,True,True
55291,104,6,11,10,2.0,open,False,False
55290,69,69,4,0,0.0,closed,False,False
55284,112,1,3,0,0.0,closed,True,True
55283,132,6,10,2,1.0,closed,True,True
55282,238,1,1,2,0.5,closed,True,True
55279,160,2,18,2,0.5,closed,True,True
55278,846,9,5,2,0.5,open,False,False
55276,735,89,0,0,0.0,closed,True,True
55274,573,473,3,1,0.3333333333333333,closed,True,True
55273,4105,11401,7,18,2.25,closed,True,True
55269,838,53,8,26,1.5294117647058822,closed,True,True
55268,31,13,9,5,2.5,closed,True,True
55267,0,0,250,0,0.0,open,False,False
55266,2,0,1,0,0.0,closed,False,False
55264,210,0,0,3,3.0,closed,True,True
55262,225,177,2,15,7.5,closed,True,True
55252,165,1,35,5,0.7142857142857143,closed,True,True
55250,10,10,4,0,0.0,closed,False,False
55245,750,335,10,0,0.0,closed,True,True
55234,998,236,21,3,0.3333333333333333,closed,False,False
55233,73,2,7,5,0.7142857142857143,closed,True,True
55231,17,1,0,1,1.0,closed,True,True
55230,1,1,0,0,0.0,closed,True,True
55229,854,5,36,6,0.6,closed,True,True
55228,194,8,7,0,0.0,closed,True,True
55226,85,1,4,0,0.0,open,False,False
55224,29,10,38,16,1.6,closed,True,True
55222,263,5,55,5,0.35714285714285715,open,False,False
55219,1,1,0,0,0.0,closed,True,True
55214,60,1,15,3,1.5,open,False,False
55202,1,1,1,1,1.0,closed,False,False
55193,493,1,9,3,0.75,closed,True,True
55191,2,2,1,0,0.0,closed,True,True
55187,4,954,0,0,0.0,closed,True,True
55185,464,51,3,5,5.0,closed,False,False
55183,665,5,1,6,0.75,closed,True,True
55181,40,49,9,0,0.0,closed,True,True
55180,1,1,1,0,0.0,closed,True,True
55179,106,5,0,0,0.0,open,False,False
55178,229,0,10,0,0.0,closed,True,True
55177,196,2,16,0,0.0,closed,True,True
55165,99,2,0,0,0.0,closed,True,True
55153,239,195,6,36,5.142857142857143,closed,True,True
55152,855,1236,12,5,0.5555555555555556,closed,True,True
55151,80,6,11,0,0.0,closed,True,True
55147,17,18,4,0,0.0,closed,False,False
55144,344,38,0,1,0.25,open,False,False
55141,1130,32,6,14,3.5,closed,True,True
55140,478,247,10,5,0.625,closed,True,True
55139,120,16,10,21,3.5,closed,False,False
55138,50,51,1,4,1.0,closed,True,True
55137,22,23,4,0,0.0,closed,False,False
55136,11,10,1,1,0.3333333333333333,closed,True,True
55133,15,4,2,0,0.0,closed,True,True
55131,1,1,0,0,0.0,closed,True,True
55130,698,55,1,2,1.0,open,False,False
55127,37496,37496,4,0,0.0,closed,False,False
55119,265,0,0,0,0.0,closed,True,True
55118,32,1,1,0,0.0,closed,True,True
55117,302,5,0,1,1.0,open,False,False
55112,21,152,5,10,1.4285714285714286,closed,True,True
55109,344,212,17,3,1.0,closed,False,False
55107,121,3,2,6,1.5,open,False,False
55106,65,55,1,3,1.5,closed,True,True
55097,353,5,23,2,0.2,closed,True,True
55096,93,93,8,0,0.0,closed,False,False
55080,145,15,0,0,0.0,open,False,False
55073,82,20,0,7,7.0,open,False,False
55072,115,0,6,0,0.0,open,False,False
55070,85,2,0,0,0.0,closed,True,True
55068,347,29,1,8,4.0,closed,False,False
55067,95663,1157,15,0,0.0,closed,False,False
55065,279,20,6,9,1.2857142857142858,closed,True,True
55061,54,1,20,11,0.6111111111111112,closed,True,True
55054,349,0,2,5,1.6666666666666667,closed,True,True
55053,149,1,0,0,0.0,closed,True,True
55052,5091,63,23,36,2.4,closed,True,True
55034,232,5,21,0,0.0,closed,False,False
55031,0,0,6,6,6.0,closed,False,False
55030,174,3,12,6,3.0,closed,True,True
55028,824,19,17,13,1.8571428571428572,closed,True,True
55020,59,5,3,12,2.4,closed,True,True
55018,145,3,11,0,0.0,closed,True,True
55015,2298,69,16,61,1.7941176470588236,closed,True,True
55012,34,34,2,0,0.0,closed,True,True
55011,16,11,7,0,0.0,closed,False,False
55008,202,8,0,0,0.0,closed,True,True
55004,281,188,5,3,3.0,open,False,False
54997,133,114,15,4,2.0,closed,True,True
54994,267,0,1,0,0.0,closed,True,True
54991,227,119,0,0,0.0,closed,True,True
54988,44,1,0,0,0.0,closed,True,True
54975,49,6,0,0,0.0,closed,True,True
54973,469,50,1,10,1.1111111111111112,closed,True,True
54972,148,0,0,2,1.0,closed,True,True
54969,78,53,2,0,0.0,closed,True,True
54961,5,5,3,0,0.0,closed,False,False
54960,587,37,26,6,1.2,closed,True,True
54959,217,0,0,0,0.0,closed,True,True
54945,18,2,0,0,0.0,closed,True,True
54944,189,4,1,5,5.0,closed,True,True
54935,576,421,21,5,0.35714285714285715,open,False,False
54932,1,1,3,1,1.0,closed,False,False
54927,84,0,9,13,1.3,open,False,False
54922,689,16,12,3,1.5,closed,True,True
54920,129,0,0,0,0.0,closed,True,True
54912,209,0,4,5,5.0,closed,True,True
54894,58,0,1,1,0.5,closed,False,False
54893,338,8,1,5,2.5,closed,True,True
54891,48,0,14,1,0.1,open,False,False
54884,16109,56,8,1,0.14285714285714285,open,False,False
54875,19,18,0,0,0.0,closed,True,True
54873,106,1,0,0,0.0,closed,True,True
54871,48,8,1,0,0.0,closed,True,True
54869,91,4,0,0,0.0,closed,True,True
54868,28,1,0,3,3.0,closed,True,True
54866,120,6,2,2,2.0,open,False,False
54856,170,88,14,1,1.0,open,False,False
54853,569,46,4,3,0.6,open,False,False
54852,28,0,2,0,0.0,closed,False,False
54849,172,1,0,11,1.375,closed,True,True
54846,262,0,2,0,0.0,closed,True,True
54845,213,12,1,3,0.75,closed,True,True
54844,1523,1096,3,11,1.375,closed,True,True
54843,37,3,0,0,0.0,closed,True,True
54842,23,1,0,1,1.0,closed,True,True
54838,5431,5528,5,0,0.0,open,False,False
54835,29,1581,0,0,0.0,closed,True,True
54833,173,1,0,0,0.0,closed,False,False
54832,205,1,3,0,0.0,open,False,False
54831,172,36,15,12,3.0,closed,True,True
54823,390,9,12,0,0.0,open,False,False
54820,28486,23296,37,81,8.1,closed,True,True
54819,110,7,0,6,1.5,closed,True,True
54817,32,2,0,5,5.0,closed,True,True
54816,160,1,18,6,6.0,closed,True,True
54815,1,10,18,4,4.0,closed,True,True
54814,188,27,0,0,0.0,closed,True,True
54813,170,3,12,0,0.0,closed,True,True
54803,2,1,0,0,0.0,closed,True,True
54802,12,9,3,0,0.0,closed,True,True
54801,262,2,0,17,17.0,closed,True,True
54799,512,54,11,7,3.5,closed,True,True
54795,348,6,15,2,1.0,closed,True,True
54792,36,6,0,0,0.0,closed,True,True
54791,4,0,1,0,0.0,closed,True,True
54788,1072,543,15,13,1.4444444444444444,closed,False,False
54787,24,7,0,0,0.0,closed,True,True
54786,36,6,0,0,0.0,closed,False,False
54785,95608,541,20,0,0.0,closed,False,False
54782,19,7,0,0,0.0,closed,True,True
54781,36,6,21,0,0.0,closed,True,True
54778,140,39,8,2,0.3333333333333333,open,False,False
54777,52,2,19,0,0.0,closed,True,True
54763,29,7,5,0,0.0,closed,True,True
54761,174,0,16,8,1.3333333333333333,closed,True,True
54759,482,16,16,7,0.875,open,False,False
54756,207,0,0,2,2.0,closed,True,True
54754,21,25,8,0,0.0,open,False,False
54753,322,4,39,5,0.8333333333333334,closed,True,True
54750,43,1,6,0,0.0,open,False,False
54746,271,2,6,4,1.3333333333333333,closed,True,True
54739,150,6,2,0,0.0,open,False,False
54737,126,10,16,2,0.4,closed,True,True
54734,1330,171,4,6,0.5,closed,True,True
54728,264,1,3,9,3.0,closed,True,True
54726,285,12,0,4,1.3333333333333333,closed,True,True
54725,518,156,16,2,2.0,closed,True,True
54720,0,3,0,0,0.0,closed,True,True
54719,135,326,2,0,0.0,closed,True,True
54718,918,54,13,11,1.5714285714285714,open,False,False
54715,67,23,5,0,0.0,closed,True,True
54714,26,0,0,0,0.0,closed,True,True
54713,127,5,10,1,0.5,closed,True,True
54706,1245,29,2,5,0.625,open,False,False
54698,175,6,25,0,0.0,open,False,False
54693,210,233,13,33,2.5384615384615383,closed,True,True
54689,631,1,1,3,1.0,open,False,False
54688,300,1,16,11,1.5714285714285714,open,False,False
54682,6,2,1,0,0.0,closed,True,True
54681,116,2,0,2,0.5,closed,True,True
54679,361,8,1,9,1.8,closed,True,True
54678,4713,4701,19,0,0.0,closed,True,True
54675,48,0,1,2,1.0,closed,True,True
54669,6,8,2,0,0.0,closed,False,False
54668,97,14,1,0,0.0,closed,False,False
54667,382,37,1,7,7.0,closed,True,True
54662,1372,28,5,3,3.0,closed,True,True
54659,97,5,20,2,1.0,closed,True,True
54658,43,6,3,1,1.0,closed,True,True
54657,2926,973,16,33,2.75,closed,True,True
54656,19,7,14,8,1.6,closed,True,True
54651,83,326,4,0,0.0,closed,False,False
54647,69,4,10,1,0.2,closed,True,True
54644,1,1,2,0,0.0,closed,True,True
54640,0,0,16,0,0.0,closed,False,False
54637,174,15,33,19,6.333333333333333,closed,False,False
54635,10,1,0,0,0.0,closed,True,True
54634,57,106,4,0,0.0,closed,True,True
54633,102,0,0,0,0.0,closed,True,True
54625,342,15,4,1,0.14285714285714285,closed,True,True
54624,116,7,42,2,0.4,closed,True,True
54623,424,210,0,4,4.0,closed,True,True
54621,4,4,5,0,0.0,closed,False,False
54613,1295,27,1,0,0.0,closed,True,True
54599,0,3,4,0,0.0,closed,True,True
54596,194,4,12,3,0.42857142857142855,closed,True,True
54595,186,186,0,0,0.0,closed,True,True
54592,3,3,3,0,0.0,closed,True,True
54588,10,1,5,2,2.0,closed,True,True
54583,683,0,2,0,0.0,closed,False,False
54581,36,1,4,0,0.0,closed,True,True
54579,1,1,0,0,0.0,closed,True,True
54578,24,7,3,0,0.0,closed,True,True
54571,1,1,0,0,0.0,closed,True,True
54570,2,0,0,0,0.0,closed,True,True
54568,4,6,1,0,0.0,closed,False,False
54567,650,750,43,0,0.0,closed,True,True
54566,43,344,1,3,0.75,closed,True,True
54558,156,34,10,5,1.0,closed,True,True
54557,137615,75284,6,0,0.0,closed,True,True
54556,380,371,0,0,0.0,closed,True,True
54554,103,3,3,0,0.0,open,False,False
54553,87,1,9,0,0.0,open,False,False
54546,707,5,32,4,0.6666666666666666,closed,False,False
54545,6,2,0,0,0.0,closed,True,True
54540,1,1,1,0,0.0,closed,True,True
54538,16,10,13,0,0.0,closed,True,True
54536,192,27,24,1,0.25,closed,True,True
54534,10,11,3,1,0.25,closed,True,True
54527,1,1,2,0,0.0,closed,False,False
54516,246,10,0,0,0.0,closed,True,True
54513,511,10,0,2,2.0,open,False,False
54507,6,2,21,3,3.0,closed,True,True
54506,8639,7880,0,1,0.1,closed,True,True
54505,29610,2826,28,45,1.3636363636363635,closed,True,True
54504,492,79,0,0,0.0,closed,True,True
54503,199,3,3,2,0.6666666666666666,closed,True,True
54499,448,21,1,7,1.4,closed,True,True
54489,49,1,0,0,0.0,closed,True,True
54486,51,23,0,3,0.6,closed,True,True
54482,158,3,3,0,0.0,closed,True,True
54478,3698,0,0,0,0.0,closed,True,True
54477,441,8,17,9,1.8,closed,True,True
54475,975,19,0,5,0.7142857142857143,open,False,False
54474,105,40,0,0,0.0,closed,True,True
54471,1,1,1,0,0.0,closed,False,False
54462,241,1,4,0,0.0,closed,False,False
54460,107,37,10,2,2.0,closed,False,False
54457,241,1,0,0,0.0,closed,True,True
54456,54,22,0,0,0.0,closed,True,True
54454,54,22,3,0,0.0,closed,True,True
54452,2,46,0,0,0.0,closed,True,True
54450,241,1,7,0,0.0,closed,True,True
54448,413,5,16,0,0.0,closed,True,True
54447,68,55,2,1,0.25,closed,True,True
54444,104,15,0,0,0.0,closed,True,True
54443,125,137,2,1,0.2,closed,True,True
54442,1,10,37,0,0.0,closed,True,True
54441,46,1,31,0,0.0,closed,False,False
54439,106,0,0,11,1.8333333333333333,closed,True,True
54432,133,1,1,0,0.0,closed,True,True
54425,49,1,4,0,0.0,closed,True,True
54423,200,13,1,1,0.5,closed,True,True
54419,206,90,0,0,0.0,closed,True,True
54417,8,8,3,0,0.0,closed,True,True
54415,6,6,3,0,0.0,closed,False,False
54413,71,19,0,0,0.0,closed,True,True
54412,439,18,0,0,0.0,closed,True,True
54403,249,1,0,0,0.0,closed,True,True
54401,249,1,4,0,0.0,closed,True,True
54400,25,7,0,0,0.0,closed,True,True
54396,107,5,2,0,0.0,closed,True,True
54386,10,5,3,2,1.0,closed,True,True
54382,1,7,1,0,0.0,closed,True,True
54380,163,10,11,4,1.3333333333333333,closed,True,True
54379,14,12,1,0,0.0,closed,True,True
54377,1,0,14,8,8.0,closed,False,False
54358,104,15,4,7,1.75,closed,True,True
54349,198,1,0,0,0.0,closed,True,True
54347,184,19,14,2,2.0,closed,True,True
54344,528,5,2,3,0.42857142857142855,closed,False,False
54332,61,1,1,0,0.0,closed,True,True
54329,208,1,2,6,1.2,closed,True,True
54328,107,1,1,0,0.0,closed,False,False
54327,107,1,0,0,0.0,closed,True,True
54321,1,1,12,0,0.0,closed,True,True
54317,107,1,6,0,0.0,closed,True,True
54316,95321,794,18,0,0.0,closed,False,False
54315,247,90,3,10,2.5,closed,True,True
54313,14751,14747,0,0,0.0,closed,True,True
54312,176,30,0,0,0.0,closed,True,True
54311,36,367,0,0,0.0,closed,True,True
54300,176,30,4,0,0.0,closed,True,True
54297,48,23,3,0,0.0,closed,False,False
54293,54,8,6,0,0.0,closed,False,False
54290,1,1,16,0,0.0,open,False,False
54282,6357,57,36,0,0.0,closed,False,False
54281,483,2,27,44,1.2571428571428571,closed,True,True
54278,6405,10,16,5,0.38461538461538464,closed,False,False
54271,79,14,0,1,0.3333333333333333,closed,True,True
54269,58,28,4,0,0.0,closed,True,True
54255,179,19,2,3,0.6,closed,True,True
54250,79,7,7,1,1.0,closed,True,True
54242,32223,374,6,37,1.608695652173913,closed,True,True
54236,141,1,0,0,0.0,closed,True,True
54230,1,2,3,2,0.2222222222222222,closed,False,False
54224,7,2,38,11,1.5714285714285714,closed,True,True
54219,2,2,0,0,0.0,closed,True,True
54218,50,40,2,7,2.3333333333333335,closed,True,True
54216,587,3,10,0,0.0,open,False,False
54210,18,1,0,0,0.0,closed,True,True
54208,71,19,13,2,0.6666666666666666,closed,True,True
54205,40,1,12,2,1.0,closed,False,False
54199,84,10,0,1,0.5,closed,True,True
54198,1845,183,0,0,0.0,closed,True,True
54195,777,50,1,3,1.0,closed,True,True
54188,123,8,27,3,1.0,closed,True,True
54187,3,3,1,0,0.0,closed,True,True
54186,23,12,21,0,0.0,closed,True,True
54185,457,2,0,5,1.0,closed,True,True
54183,1102,28,41,7,0.7777777777777778,open,False,False
54169,439,18,14,0,0.0,closed,True,True
54165,133,1,28,4,1.3333333333333333,closed,True,True
54164,237,1,2,0,0.0,closed,True,True
54154,186,186,0,0,0.0,closed,True,True
54153,3,5,2,0,0.0,closed,True,True
54148,4109,2808,4,67,67.0,closed,False,False
54142,97,1,0,0,0.0,closed,True,True
54141,27,1222,1,2,0.2857142857142857,closed,True,True
54140,0,711,1,0,0.0,closed,True,True
54138,3588,1,7,0,0.0,closed,True,True
54134,547,518,2,3,0.375,closed,True,True
54133,58,3,1,3,3.0,closed,True,True
54132,27,4,0,4,1.3333333333333333,closed,True,True
54128,3,3,1,0,0.0,open,False,False
54125,219,15,2,0,0.0,closed,True,True
54121,91,35,32,5,0.625,closed,True,True
54118,491,9,10,1,0.5,closed,True,True
54117,10,2,8,2,0.5,open,False,False
54115,10019,116,0,6,1.0,closed,True,True
54114,0,1,4,0,0.0,closed,True,True
54112,198,1,36,0,0.0,closed,True,True
54110,130,13,0,5,5.0,open,False,False
54108,122,16,1,0,0.0,closed,True,True
54107,128,1,14,0,0.0,closed,True,True
54105,24455,1664,0,0,0.0,closed,True,True
54104,186,58,13,0,0.0,closed,True,True
54096,276,0,13,2,2.0,open,False,False
54072,160,14,22,5,1.6666666666666667,closed,True,True
54071,28,2,0,2,2.0,closed,True,True
54067,401,1,0,0,0.0,closed,True,True
54066,2,0,15,0,0.0,closed,False,False
54065,777,698,6,1,0.2,closed,False,False
54064,8,5,0,3,3.0,open,False,False
54062,3,3,0,1,0.3333333333333333,closed,True,True
54056,300,1,13,8,2.6666666666666665,closed,True,True
54052,87,1,34,0,0.0,closed,True,True
54047,1527,512,14,0,0.0,open,False,False
54046,86,1,1,0,0.0,closed,True,True
54045,1,1,0,0,0.0,closed,True,True
54044,72,7,0,0,0.0,closed,True,True
54036,545,9,8,1,0.5,closed,True,True
54034,111,2,1,2,2.0,closed,True,True
54033,209,0,10,0,0.0,closed,True,True
54030,378,0,0,2,2.0,closed,True,True
54029,2045,40,0,15,1.6666666666666667,open,False,False
54028,1098,1040,4,0,0.0,closed,True,True
54025,977,221,1,2,1.0,closed,True,True
54024,94,1,2,1,0.16666666666666666,closed,True,True
54019,578,1,0,0,0.0,closed,True,True
54016,59,0,0,0,0.0,closed,True,True
54012,18670,211,5,0,0.0,closed,False,False
54011,98,22,21,2,0.5,open,False,False
54006,239,60,11,0,0.0,open,False,False
53996,47,11,3,6,1.5,closed,True,True
53995,377,46,25,0,0.0,closed,True,True
53980,278,1,15,1,0.5,closed,True,True
53966,43,45,3,0,0.0,closed,True,True
53964,108,3,0,2,1.0,closed,True,True
53962,226,20,11,0,0.0,closed,False,False
53961,3,1,21,0,0.0,closed,False,False
53957,44,4,0,0,0.0,closed,True,True
53946,33,11,13,2,0.5,closed,True,True
53943,210,13,12,9,9.0,closed,True,True
53942,115,134,0,1,0.25,closed,True,True
53940,134,0,1,0,0.0,closed,True,True
53938,75,23,12,4,4.0,closed,True,True
53937,25,23,0,0,0.0,closed,True,True
53935,1,0,0,0,0.0,closed,True,True
53934,99,2,1,0,0.0,closed,True,True
53921,24,0,2,2,2.0,closed,True,True
53918,1784,1729,0,0,0.0,closed,True,True
53915,69,8,1,0,0.0,closed,True,True
53907,815,535,25,0,0.0,closed,True,True
53903,127,0,17,0,0.0,closed,False,False
53901,1132,1634,23,2,0.6666666666666666,closed,True,True
53899,6357,2973,1,0,0.0,closed,True,True
53898,15851,154,0,0,0.0,closed,True,True
53897,1,1,0,0,0.0,closed,True,True
53896,6,5,1,0,0.0,closed,True,True
53893,22,3,13,0,0.0,open,False,False
53891,1,1,1,0,0.0,closed,True,True
53890,19,0,2,0,0.0,closed,True,True
53885,574,1,1,0,0.0,closed,True,True
53882,113,490,0,4,2.0,closed,True,True
53881,22,3,3,0,0.0,open,False,False
53880,6,0,6,0,0.0,closed,False,False
53879,10,173,7,0,0.0,closed,False,False
53877,15328,481,9,0,0.0,closed,True,True
53876,2,2,2,0,0.0,closed,True,True
53875,53,48,0,0,0.0,closed,True,True
53873,548,6,0,3,1.5,closed,True,True
53869,223,1,3,5,1.25,closed,True,True
53810,150,1,12,2,1.0,closed,True,True
53809,35,4,1,0,0.0,closed,True,True
53808,88,18,0,6,1.2,closed,True,True
53804,29,1,9,13,3.25,closed,True,True
53801,168,11,10,0,0.0,closed,True,True
53799,273,22,17,1,1.0,closed,True,True
53797,21,11,2,0,0.0,closed,True,True
53796,63,11,6,0,0.0,closed,False,False
53794,456,1,11,0,0.0,closed,True,True
53793,80,3,0,0,0.0,closed,True,True
53791,456,831,1,0,0.0,closed,False,False
53787,182,0,3,0,0.0,closed,False,False
53786,5,4,0,2,1.0,closed,True,True
53784,80,3,7,1,0.25,closed,False,False
53781,289,45,2,0,0.0,closed,False,False
53779,6,0,8,1,0.5,closed,False,False
53772,306,1,3,1,0.5,open,False,False
53771,27,4,13,4,1.0,closed,True,True
53769,4750,38900,0,0,0.0,closed,True,True
53768,155,1,0,1,0.5,closed,True,True
53758,91,4,10,0,0.0,open,False,False
53756,119,7,20,2,1.0,closed,True,True
53751,601,29,3,6,2.0,closed,False,False
53742,87,2,0,6,3.0,closed,True,True
53741,5,7,0,0,0.0,closed,True,True
53739,1491,12,20,2,1.0,open,False,False
53733,55,10,6,0,0.0,closed,True,True
53732,88,1,9,6,1.0,closed,True,True
53731,9,0,0,0,0.0,closed,True,True
53729,879,3,23,7,0.7777777777777778,closed,True,True
53728,349,341,0,0,0.0,closed,True,True
53726,6291,6158,0,0,0.0,closed,True,True
53725,268,5,2,6,3.0,closed,True,True
53714,701,1,32,6,0.8571428571428571,closed,True,True
53709,82,62,25,6,1.2,closed,True,True
53705,234,0,3,2,1.0,closed,True,True
53700,30,5,4,4,4.0,open,False,False
53693,78759,78747,0,0,0.0,closed,True,True
53691,52,2,0,2,2.0,closed,True,True
53682,58,1,15,2,2.0,closed,True,True
53681,366,1,31,2,0.6666666666666666,closed,True,True
53677,33,4,0,0,0.0,closed,True,True
53676,71,3,0,0,0.0,closed,True,True
53675,158,158,3,2,2.0,closed,True,True
53674,48,1,2,0,0.0,closed,True,True
53672,610,401,42,1,0.125,closed,True,True
53667,817,775,14,8,1.0,closed,True,True
53666,71,3,6,0,0.0,closed,True,True
53665,33,4,3,0,0.0,closed,True,True
53662,3,3,3,2,1.0,closed,True,True
53654,20,24,22,23,5.75,closed,False,False
53653,50293,7,0,0,0.0,closed,True,True
53652,12545,1485,10,0,0.0,closed,True,True
53647,195,19,30,2,0.5,closed,True,True
53646,13,3,0,0,0.0,closed,True,True
53631,171,80,8,1,0.2,open,False,False
53628,1,1,4,0,0.0,closed,True,True
53627,63,1,4,9,1.8,closed,True,True
53625,77,14,0,0,0.0,closed,True,True
53619,377,8,0,30,1.5789473684210527,closed,True,True
53618,92,20,11,10,5.0,open,False,False
53617,83,9,3,0,0.0,closed,True,True
53616,2782,5,0,0,0.0,closed,True,True
53615,332,86,0,3,0.6,open,False,False
53613,83,9,5,0,0.0,closed,True,True
53612,2,17,0,0,0.0,closed,True,True
53611,2,17,7,0,0.0,closed,True,True
53608,26,26,4,1,1.0,closed,True,True
53607,1002,171,37,7,0.7777777777777778,closed,True,True
53600,31,0,0,0,0.0,closed,True,True
53599,31,0,3,0,0.0,closed,True,True
53598,27841,88,5,0,0.0,closed,True,True
53596,85,21,0,24,4.0,closed,True,True
53595,38,25,7,4,4.0,open,False,False
53591,27184,40892,12,3,0.2727272727272727,closed,True,True
53590,83,23,0,6,2.0,closed,True,True
53586,43,8,7,0,0.0,closed,False,False
53579,6957,2345,0,0,0.0,closed,True,True
53570,7,4,6,1,0.5,closed,False,False
53564,149510,3241,0,0,0.0,closed,True,True
53561,7,4,5,5,2.5,closed,False,False
53560,81,92,2,4,2.0,closed,False,False
53557,58,1,0,0,0.0,closed,True,True
53554,46,1,4,3,3.0,closed,True,True
53551,17,1,0,0,0.0,closed,True,True
53550,129,54,0,0,0.0,closed,True,True
53549,233,57,23,0,0.0,closed,True,True
53547,129,54,3,5,2.5,closed,True,True
53546,2,2,0,0,0.0,closed,True,True
53543,47,4,0,4,2.0,closed,True,True
53542,3437,910,12,62,1.2653061224489797,closed,True,True
53522,104,0,0,1,1.0,closed,True,True
53511,63,0,5,4,0.8,closed,True,True
53502,170,1,12,0,0.0,closed,True,True
53490,663,6,8,22,2.2,closed,True,True
53489,1217,2508,37,0,0.0,closed,True,True
53487,29,1,12,8,2.6666666666666665,closed,True,True
53483,1249,18,0,0,0.0,closed,True,True
53481,17,1,13,1,1.0,closed,True,True
53479,15,8,5,0,0.0,open,False,False
53472,650,0,2,3,0.75,closed,True,True
53471,479,3,0,0,0.0,closed,True,True
53469,423,3,1,0,0.0,closed,False,False
53468,423,3,3,0,0.0,closed,True,True
53466,7,10,4,1,1.0,closed,False,False
53464,130,24,4,0,0.0,closed,True,True
53463,91316,1395,41,192,0.6508474576271186,closed,False,False
53445,741,69,0,0,0.0,closed,True,True
53444,260,8,10,3,1.0,closed,True,True
53443,58,1,3,0,0.0,closed,True,True
53441,16,1,12,2,0.6666666666666666,closed,True,True
53435,128,4,17,0,0.0,closed,True,True
53434,212,3,0,0,0.0,closed,True,True
53429,9,1,4,0,0.0,closed,False,False
53428,1,3,0,0,0.0,closed,True,True
53426,80,49,22,0,0.0,closed,False,False
53423,12,0,2,2,1.0,closed,True,True
53422,261,0,0,0,0.0,closed,True,True
53420,46645,40591,4,7,0.875,closed,False,False
53419,187,2,7,0,0.0,closed,True,True
53418,12,3,0,0,0.0,closed,True,True
53417,344,81,3,0,0.0,closed,True,True
53416,41,51,4,0,0.0,closed,True,True
53413,525,1,16,0,0.0,closed,True,True
53407,2,2,1,0,0.0,closed,True,True
53406,2,1,16,0,0.0,closed,False,False
53405,8,8,0,0,0.0,closed,True,True
53403,420,32,2,20,2.5,closed,True,True
53401,2,31,0,0,0.0,closed,True,True
53397,63,11,0,0,0.0,closed,True,True
53396,143,19,17,2,0.3333333333333333,closed,True,True
53394,85,3,3,27,27.0,closed,True,True
53392,1,1,0,0,0.0,closed,True,True
53389,64,6,0,0,0.0,closed,True,True
53388,741,69,21,0,0.0,closed,True,True
53387,141,0,0,9,4.5,closed,True,True
53386,91,9,0,2,1.0,closed,True,True
53385,64,6,3,0,0.0,closed,True,True
53383,141,3,22,1,0.5,closed,True,True
53371,3,37,0,0,0.0,closed,False,False
53370,8,8,0,0,0.0,closed,True,True
53367,6,7,5,0,0.0,closed,False,False
53366,7,7,0,0,0.0,closed,True,True
53365,1,1,8,0,0.0,closed,True,True
53358,8,0,10,3,1.0,closed,True,True
53356,518,106,32,30,1.6666666666666667,closed,True,True
53351,261,0,15,0,0.0,closed,True,True
53346,100,23,54,2,0.08333333333333333,open,False,False
53341,138,10,12,0,0.0,closed,True,True
53340,34,34,4,0,0.0,closed,True,True
53336,1,1,0,1,1.0,closed,True,True
53335,0,11,0,0,0.0,closed,True,True
53331,234,298,0,2,0.3333333333333333,closed,True,True
53330,19171,933,1,0,0.0,closed,True,True
53329,87,76,3,0,0.0,closed,True,True
53328,7,1,4,6,3.0,closed,False,False
53327,27,1,2,16,8.0,open,False,False
53325,10,0,0,0,0.0,closed,True,True
53324,20671,3425,1,0,0.0,closed,True,True
53323,183,0,12,5,1.6666666666666667,closed,True,True
53317,353,49,0,4,0.8,closed,True,True
53301,7,7,3,9,4.5,closed,True,True
53300,1627,21,23,0,0.0,closed,False,False
53299,9,9,0,0,0.0,closed,True,True
53298,1,49,6,0,0.0,closed,False,False
53297,63,0,3,1,0.3333333333333333,closed,True,True
53292,18,14,3,1,1.0,closed,False,False
53291,5,5,13,4,1.0,closed,True,True
53284,694,0,5,58,1.7058823529411764,closed,True,True
53283,1,102,0,0,0.0,closed,True,True
53281,123,11,4,1,1.0,closed,False,False
53280,122,78,3,10,3.3333333333333335,closed,True,True
53273,79,1,0,0,0.0,closed,True,True
53271,36,6,0,2,2.0,closed,True,True
53268,79,1,6,4,2.0,closed,True,True
53266,73,1,0,0,0.0,closed,True,True
53262,3,3,4,0,0.0,closed,False,False
53261,287,10,40,3,0.25,closed,True,True
53260,34214,3,17,17,2.125,closed,True,True
53258,200,18,23,0,0.0,closed,True,True
53253,1463,75,1,0,0.0,closed,True,True
53251,10,3,0,0,0.0,closed,True,True
53250,7,0,2,0,0.0,closed,False,False
53248,3,3,2,8,2.0,closed,True,True
53246,8,2,14,0,0.0,closed,True,True
53245,48,37,0,0,0.0,closed,True,True
53244,134,0,5,0,0.0,closed,False,False
53243,8,8,0,0,0.0,closed,True,True
53241,241,55,0,4,0.19047619047619047,closed,True,True
53240,1437,73,12,3,0.75,closed,True,True
53232,163,2,1,4,1.0,closed,True,True
53229,30,54,9,0,0.0,closed,True,True
53228,21,53,16,0,0.0,closed,False,False
53225,49,34,9,0,0.0,closed,True,True
53222,2,2,0,0,0.0,closed,False,False
53215,89,3,8,8,1.3333333333333333,closed,True,True
53209,2,2,3,0,0.0,closed,True,True
53207,36,6,7,2,1.0,closed,True,True
53206,260,150,0,0,0.0,closed,True,True
53203,52,3,0,2,0.3333333333333333,open,False,False
53194,30,22,1,0,0.0,closed,False,False
53193,249,218,11,8,0.6666666666666666,closed,True,True
53192,19,8,20,4,2.0,closed,True,True
53190,1,1,0,0,0.0,closed,True,True
53189,3,26,0,0,0.0,closed,True,True
53188,458,283,17,1,0.3333333333333333,closed,False,False
53187,2,0,7,0,0.0,closed,False,False
53186,2,2,0,0,0.0,closed,True,True
53184,13,13,1,11,11.0,closed,True,True
53183,2,2,9,0,0.0,closed,True,True
53176,7,16,0,4,1.0,closed,True,True
53175,3,3,0,0,0.0,closed,True,True
53174,3,26,3,4,1.3333333333333333,closed,True,True
53173,8,6,27,0,0.0,closed,False,False
53166,487,2,0,2,0.6666666666666666,closed,True,True
53164,60,3,1,6,1.0,closed,True,True
53156,19,14,1,0,0.0,closed,True,True
53152,22,1,4,0,0.0,closed,True,True
53151,11,5,0,0,0.0,closed,True,True
53150,2,2,4,0,0.0,closed,False,False
53146,2581,45,19,0,0.0,closed,False,False
53144,201,161,7,1,0.5,closed,False,False
53143,19,1,0,0,0.0,closed,True,True
53142,1817,1173,0,0,0.0,closed,True,True
53139,19,1,13,3,1.5,closed,True,True
53136,1,0,1,0,0.0,closed,True,True
53135,3,1,1,0,0.0,closed,False,False
53134,121,115,22,0,0.0,closed,False,False
53133,1388,32,28,0,0.0,closed,True,True
53130,34,2,4,0,0.0,closed,True,True
53129,291,297,2,1,1.0,closed,True,True
53127,45,90,3,0,0.0,closed,False,False
53126,32,32,0,0,0.0,closed,True,True
53125,10,649,5,0,0.0,closed,True,True
53123,19,6,0,0,0.0,closed,False,False
53121,42,11,7,2,0.5,closed,False,False
53118,4,27605,4,0,0.0,closed,True,True
53117,1,1,14,0,0.0,closed,True,True
53113,175,0,1,0,0.0,closed,True,True
53112,237,2,3,0,0.0,closed,True,True
53110,135,58,27,0,0.0,closed,False,False
53107,1,1,3,0,0.0,closed,True,True
53100,328,1,0,2,1.0,closed,True,True
53098,352,53,16,2,0.5,closed,True,True
53096,1,1,7,0,0.0,closed,False,False
53092,240,43,17,13,1.4444444444444444,closed,True,True
53090,231,1,1,0,0.0,closed,True,True
53086,240,22,0,0,0.0,open,False,False
53085,874,60,2,0,0.0,closed,True,True
53081,771,654,29,28,1.4736842105263157,closed,True,True
53079,21,0,1,0,0.0,closed,True,True
53078,172,141,3,15,3.0,closed,True,True
53070,8,1227,0,11,3.6666666666666665,closed,True,True
53068,378,3,0,0,0.0,closed,True,True
53067,78,1,0,0,0.0,closed,True,True
53066,128,9,9,1,1.0,closed,True,True
53065,5,4,4,0,0.0,closed,False,False
53059,387,0,8,2,0.6666666666666666,closed,True,True
53058,2,32,1,0,0.0,closed,True,True
53056,269,164,2,0,0.0,closed,False,False
53055,78,47,0,0,0.0,closed,True,True
53052,4,4,0,0,0.0,closed,True,True
53048,33,39,6,0,0.0,closed,False,False
53047,6,0,0,2,2.0,closed,True,True
53042,299,1,3,2,0.6666666666666666,open,False,False
53040,13,4,5,0,0.0,open,False,False
53036,625,29,12,4,0.5714285714285714,closed,True,True
53034,427,7,12,2,2.0,closed,True,True
53032,47,62,0,1,0.3333333333333333,closed,True,True
53029,2,23,7,0,0.0,closed,True,True
53028,160,3,0,3,1.5,closed,True,True
53026,24,24,0,0,0.0,closed,True,True
53025,3,3478,11,0,0.0,closed,True,True
53024,4,4,2,0,0.0,closed,True,True
53020,26,0,1,0,0.0,closed,False,False
53017,2648,103,18,12,0.48,open,False,False
53015,43,102,0,3,3.0,closed,True,True
53014,1,1,3,0,0.0,closed,False,False
53012,4,4,18,0,0.0,closed,True,True
53007,112,66,1,0,0.0,closed,False,False
53004,30,1,0,0,0.0,closed,True,True
53002,615,528,13,11,0.3793103448275862,closed,True,True
53001,18895,15246,4,3,0.2727272727272727,closed,True,True
53000,246,1,1,0,0.0,closed,True,True
52997,17,4,1,1,0.5,closed,False,False
52996,936,81,2,7,3.5,closed,True,True
52993,1815,1173,6,4,0.36363636363636365,closed,True,True
52990,89,15,0,0,0.0,open,False,False
52987,9,27,0,0,0.0,closed,True,True
52986,2127,2205,14,0,0.0,closed,False,False
52984,874,60,43,0,0.0,closed,True,True
52982,118,20,8,0,0.0,closed,True,True
52979,134,4,0,15,1.6666666666666667,open,False,False
52976,28,28,3,3,3.0,closed,False,False
52975,5,5,0,0,0.0,closed,True,True
52974,32,10,0,0,0.0,closed,True,True
52973,147,3,0,0,0.0,closed,True,True
52972,2445,8,11,0,0.0,open,False,False
52968,712,28,13,1,0.14285714285714285,closed,False,False
52967,29,0,9,0,0.0,closed,False,False
52964,1,0,4,0,0.0,closed,False,False
52960,317,247,1,0,0.0,closed,True,True
52957,23,18,5,0,0.0,closed,True,True
52951,73,1,0,0,0.0,closed,True,True
52949,5,6,14,0,0.0,closed,False,False
52947,561,36,31,3,1.0,closed,False,False
52945,14,4,2,1,0.2,closed,True,True
52944,691,444,31,5,0.7142857142857143,open,False,False
52943,92,90,1,0,0.0,closed,True,True
52941,64,63,6,10,0.7142857142857143,closed,True,True
52940,635,209,5,7,2.3333333333333335,closed,True,True
52928,17,0,4,0,0.0,closed,False,False
52925,18,0,1,1,0.5,closed,True,True
52922,112,26,3,4,1.3333333333333333,closed,True,True
52921,312,24,124,41,0.9111111111111111,closed,True,True
52920,75,46,24,0,0.0,closed,True,True
52919,1,1,0,0,0.0,closed,True,True
52908,49,6,0,6,1.2,closed,True,True
52906,105,95,5,1,0.5,closed,True,True
52904,41,40,2,3,1.0,closed,True,True
52903,33,31,5,3,1.5,closed,True,True
52901,45411,186256,0,0,0.0,closed,True,True
52900,1040,1040,3,0,0.0,closed,True,True
52899,704,5,26,32,1.7777777777777777,closed,True,True
52897,11,8,12,0,0.0,open,False,False
52891,1459,1455,27,1,0.2,closed,False,False
52890,8,13,5,0,0.0,closed,True,True
52887,48,15,4,0,0.0,closed,False,False
52881,18,5,0,6,2.0,closed,True,True
52880,37,1,0,0,0.0,closed,True,True
52878,0,0,4,0,0,closed,False,False
52875,82,5,2,10,2.5,closed,True,True
52866,732,14,14,1,0.14285714285714285,open,False,False
52865,508,1,13,7,7.0,closed,False,False
52861,199,14,13,0,0.0,closed,True,True
52860,17,0,2,1,0.5,closed,True,True
52854,43,1,0,0,0.0,closed,True,True
52851,7,1,2,0,0.0,closed,False,False
52850,420,127,1,9,0.5294117647058824,open,False,False
52848,189,1,16,0,0.0,closed,True,True
52845,467,152,22,2,1.0,closed,True,True
52840,1709,7,8,0,0.0,closed,True,True
52838,413,3,12,15,7.5,closed,True,True
52837,692,3,0,3,1.0,closed,True,True
52836,359,27,40,9,0.6428571428571429,closed,True,True
52835,278,277,10,4,2.0,closed,True,True
52834,7,4,7,0,0.0,closed,False,False
52833,14,11,3,0,0.0,closed,False,False
52832,44,38,7,2,1.0,closed,True,True
52824,11,6,3,0,0.0,closed,True,True
52819,907,29,19,3,0.25,open,False,False
52818,17,14,22,0,0.0,closed,True,True
52817,37,23,0,1,1.0,closed,False,False
52816,10,3,0,0,0.0,closed,True,True
52814,5,1,3,0,0.0,closed,True,True
52809,894,52,27,14,1.1666666666666667,closed,True,True
52807,3557,11,31,4,1.3333333333333333,closed,False,False
52803,108,20,0,5,2.5,closed,True,True
52800,13,13,8,4,4.0,closed,False,False
52795,24,12,2,1,1.0,closed,False,False
52789,127,43,3,0,0.0,closed,False,False
52787,345,1,0,0,0.0,closed,True,True
52785,267,1,0,0,0.0,closed,True,True
52782,25,9,15,0,0.0,closed,True,True
52769,440,12,18,7,1.0,closed,True,True
52767,28,2,1,3,1.5,closed,True,True
52766,502,384,3,0,0.0,closed,False,False
52763,133,1,0,0,0.0,closed,True,True
52762,14,0,2,3,1.5,closed,True,True
52754,298,319,9,3,1.0,closed,True,True
52752,26,1,0,0,0.0,closed,True,True
52750,1,0,11,0,0.0,closed,False,False
52747,60,4,0,0,0.0,closed,True,True
52746,58,18,0,0,0.0,closed,True,True
52742,108,0,0,0,0.0,closed,True,True
52741,38,2,0,0,0.0,closed,True,True
52740,457,0,0,4,2.0,closed,True,True
52737,439,55,22,11,1.8333333333333333,open,False,False
52734,48,2,28,5,1.6666666666666667,closed,True,True
52728,52,1,30,5,2.5,closed,True,True
52723,35,2,0,0,0.0,open,False,False
52721,4,5,6,0,0.0,closed,False,False
52718,120,38,0,0,0.0,open,False,False
52717,44,1,3,3,1.0,closed,True,True
52710,43,48,29,23,2.3,closed,True,True
52709,512,0,1,3,3.0,closed,True,True
52703,414,82,25,4,0.8,closed,True,True
52699,25,1,9,0,0.0,closed,True,True
52697,1,2,0,0,0.0,closed,True,True
52696,289,14,40,2,0.6666666666666666,closed,True,True
52694,44,2,20,4,1.3333333333333333,closed,True,True
52690,96,34,8,28,1.4736842105263157,closed,True,True
52686,158,31,14,2,0.25,closed,True,True
52683,62,2,12,5,5.0,closed,True,True
52680,204,4,0,0,0.0,closed,True,True
52679,54,11,6,10,3.3333333333333335,closed,True,True
52678,267,6,1,4,4.0,closed,False,False
52677,25,1,1,18,6.0,closed,True,True
52676,17,2,1,10,2.5,closed,True,True
52673,314,27,3,3,0.6,closed,True,True
52668,97,0,0,0,0.0,closed,True,True
52667,207,0,26,1,0.1,closed,True,True
52665,13,0,1,0,0.0,closed,False,False
52656,1279,0,87,0,0.0,closed,False,False
52654,2,0,3,0,0.0,closed,False,False
52651,173,1,21,0,0.0,closed,True,True
52648,282,4,13,5,1.0,closed,True,True
52647,2,1,3,0,0.0,closed,False,False
52646,74,0,14,9,1.125,open,False,False
52642,76,8,28,20,0.5714285714285714,closed,True,True
52641,3,4,22,0,0.0,closed,False,False
52640,47,1,14,0,0.0,closed,True,True
52638,186,186,4,0,0.0,closed,False,False
52633,101,79,1,9,1.8,closed,True,True
52632,162,1,33,0,0.0,closed,True,True
52630,311,45,8,2,1.0,closed,False,False
52628,100,0,5,3,3.0,closed,True,True
52622,104,5,20,0,0.0,closed,False,False
52617,92,4,34,7,2.3333333333333335,closed,True,True
52613,153,0,0,0,0.0,closed,True,True
52611,165,15,10,15,7.5,closed,True,True
52610,406,3,0,2,1.0,closed,True,True
52609,127,0,8,0,0.0,closed,True,True
52606,4,0,3,0,0.0,closed,True,True
52605,15,4,5,0,0.0,open,False,False
52603,176,5,1,6,1.0,closed,True,True
52602,268,0,0,0,0.0,closed,True,True
52599,2,4,1,1,0.5,closed,True,True
52598,127,0,3,0,0.0,closed,False,False
52597,127,0,3,0,0.0,closed,False,False
52596,47,2478,1,2,2.0,closed,True,True
52595,180,31,1,3,1.0,closed,True,True
52592,601,27,17,2,0.4,closed,True,True
52589,297,13,51,15,1.3636363636363635,closed,True,True
52586,148,1,1,0,0.0,closed,False,False
52584,6,0,1,3,1.0,closed,True,True
52583,670,2,7,8,1.3333333333333333,closed,True,True
52582,1891,1044,11,5,0.7142857142857143,closed,True,True
52577,306,1,3,5,5.0,closed,True,True
52576,752985,159830,15,15,0.45454545454545453,closed,True,True
52574,121,1,0,1,1.0,closed,True,True
52573,48,1,0,0,0.0,closed,True,True
52572,33,2,6,0,0.0,closed,True,True
52565,78,47,9,7,1.1666666666666667,closed,True,True
52562,26,3,5,9,1.2857142857142858,closed,True,True
52561,5,19,3,0,0.0,closed,False,False
52560,66,6,7,8,0.7272727272727273,closed,True,True
52558,320,157,3,0,0.0,closed,False,False
52556,3,3,1,0,0.0,closed,True,True
52555,189,67,0,4,2.0,closed,True,True
52554,120,1,0,1,1.0,closed,True,True
52553,0,0,4,0,0.0,closed,False,False
52551,722,720,11,0,0.0,closed,False,False
52546,113,3,14,6,3.0,closed,True,True
52544,294,1,0,4,1.0,closed,True,True
52542,980,60,13,14,2.3333333333333335,closed,True,True
52541,16,16,4,0,0.0,closed,True,True
52538,79,11,0,4,2.0,closed,True,True
52537,210,1,1,4,0.8,closed,True,True
52536,29,1,0,0,0.0,closed,True,True
52532,137,14,0,0,0.0,closed,True,True
52525,779,521,26,2,0.2,closed,True,True
52524,9,0,0,0,0.0,closed,False,False
52523,6,0,4,0,0.0,closed,True,True
52522,24,22,0,0,0.0,closed,True,True
52519,148,1,15,4,4.0,closed,True,True
52518,139,1,0,7,1.75,closed,True,True
52513,1,1,1,0,0.0,closed,False,False
52495,186,11,17,3,0.75,open,False,False
52493,421,26,24,16,1.7777777777777777,closed,True,True
52484,130,0,0,0,0.0,closed,True,True
52483,101,1,1,1,0.3333333333333333,open,False,False
52482,30,1,6,0,0.0,closed,True,True
52481,5,5,3,0,0.0,closed,False,False
52474,429,1,2,0,0.0,closed,True,True
52473,111,11,12,12,3.0,closed,True,True
52472,140,4,0,4,1.3333333333333333,open,False,False
52468,1,0,0,0,0.0,closed,True,True
52467,48,4,3,5,1.6666666666666667,closed,True,True
52466,43,16,24,3,0.42857142857142855,closed,False,False
52465,545,545,4,0,0.0,closed,True,True
52464,36176,27488,2,0,0.0,closed,False,False
52456,174,56,15,0,0.0,closed,True,True
52452,43,1,0,0,0.0,closed,True,True
52451,6,6,21,0,0.0,closed,False,False
52450,141,1,26,0,0.0,closed,True,True
52448,69,1,0,1,0.5,closed,True,True
52445,3,3,4,0,0.0,closed,True,True
52438,4,4,6,0,0.0,closed,True,True
52437,224,1,5,12,2.4,closed,True,True
52434,47,0,3,0,0.0,closed,True,True
52427,583,2,20,0,0.0,closed,True,True
52426,6,1,0,0,0.0,closed,True,True
52424,15,14,1,0,0.0,closed,False,False
52423,51,3,1,0,0.0,closed,True,True
52422,45,9,9,8,8.0,closed,True,True
52421,0,1,0,0,0.0,closed,False,False
52419,11,1,0,2,2.0,closed,True,True
52417,20291,2890,7,9,3.0,closed,True,True
52414,72,4,0,0,0.0,closed,True,True
52411,13,9,1,1,1.0,closed,True,True
52406,31,5,3,1,0.5,closed,True,True
52404,108,78,4,0,0.0,closed,False,False
52403,74,3,13,0,0.0,closed,True,True
52393,22,1,16,0,0.0,closed,False,False
52392,226,51,39,2,0.2857142857142857,closed,True,True
52390,21,2,1,0,0.0,closed,True,True
52388,100,0,6,0,0.0,closed,False,False
52387,40,1,16,0,0.0,closed,True,True
52385,107,0,18,4,1.0,closed,True,True
52384,12,0,0,0,0.0,closed,True,True
52382,34,25,24,17,1.0,closed,True,True
52380,43,26,0,6,0.8571428571428571,closed,True,True
52376,6,6,0,0,0.0,closed,True,True
52374,2,2,1,0,0.0,closed,True,True
52373,286,15,16,18,2.0,closed,True,True
52372,45589,7,23,3,0.75,open,False,False
52355,115,10,2,0,0.0,open,False,False
52351,2,0,2,0,0.0,closed,False,False
52350,13,5,8,0,0.0,closed,True,True
52349,47,46,1,1,0.5,closed,True,True
52347,164,269,11,0,0.0,closed,True,True
52346,74,77,3,12,12.0,open,False,False
52344,138,68,1,0,0.0,closed,True,True
52343,8,54,0,0,0.0,closed,True,True
52342,3484,556,16,0,0.0,closed,False,False
52340,452,112,12,4,0.6666666666666666,closed,True,True
52339,10,110,4,0,0.0,closed,True,True
52338,17,70,0,0,0.0,closed,True,True
52336,17324,17264,1,3,1.5,closed,False,False
52335,1,0,0,0,0.0,closed,True,True
52333,63,0,0,1,0.5,closed,True,True
52332,30,3,1,0,0.0,closed,True,True
52330,80,76,3,6,1.2,closed,True,True
52328,4029,3754,39,0,0.0,closed,True,True
52323,55,2,3,3,0.5,closed,False,False
52321,60,2,16,0,0.0,closed,False,False
52319,2,101,1,1,1.0,closed,True,True
52318,185,1,15,1,0.5,closed,True,True
52317,174,161,35,9,2.25,closed,False,False
52314,0,5126,9,0,0.0,closed,True,True
52312,937,27,0,6,2.0,closed,True,True
52308,15444,1122,0,5,0.5555555555555556,closed,True,True
52307,59,106,1,0,0.0,closed,True,True
52298,40758,41182,16,29,1.45,closed,True,True
52291,47,25,0,3,1.5,closed,False,False
52290,121,120,0,0,0.0,closed,True,True
52287,6,1,4,0,0.0,closed,True,True
52284,82,46,14,20,1.8181818181818181,closed,True,True
52283,302,276,2,5,1.25,open,False,False
52282,1819,39,30,0,0.0,closed,True,True
52281,114,1,10,0,0.0,closed,False,False
52280,1741,98,9,0,0.0,closed,False,False
52278,59,2,0,2,1.0,closed,True,True
52276,26,4,1,0,0.0,closed,True,True
52255,970,477,3,0,0.0,open,False,False
52246,25,1,0,0,0.0,closed,True,True
52244,94,10,13,1,0.14285714285714285,open,False,False
52242,1210,1,9,5,0.625,closed,True,True
52241,1691,474,9,0,0.0,closed,False,False
52240,1719,42,17,6,0.75,closed,True,True
52238,213,192,1,0,0.0,closed,True,True
52231,59,11,0,5,0.8333333333333334,closed,True,True
52230,219,8,0,1,0.3333333333333333,closed,True,True
52226,51,763515,5,11,0.55,closed,True,True
52224,165,1,11,0,0.0,closed,True,True
52217,1519,72,11,0,0.0,closed,True,True
52215,200,1,9,0,0.0,closed,True,True
52213,746,8,6,8,1.6,closed,True,True
52209,35,1,0,0,0.0,closed,True,True
52208,447,443,0,10,3.3333333333333335,closed,True,True
52203,2882,377,10,12,0.631578947368421,closed,True,True
52202,2,10,4,0,0.0,closed,False,False
52201,1,1,0,0,0.0,closed,True,True
52196,27,1,2,0,0.0,closed,True,True
52189,243,1,14,1,0.2,closed,True,True
52185,136,1,0,0,0.0,closed,True,True
52184,29,5,0,0,0.0,closed,True,True
52181,3,2,4,1,1.0,closed,True,True
52180,1445,2,22,0,0.0,closed,True,True
52178,242,152,0,0,0.0,closed,True,True
52176,2,0,0,0,0.0,closed,True,True
52175,0,1,3,0,0.0,closed,False,False
52173,546,28,0,5,0.7142857142857143,closed,True,True
52170,334,256,24,18,1.3846153846153846,closed,True,True
52169,2,1,3,0,0.0,closed,False,False
52149,29,0,0,0,0.0,closed,True,True
52146,31,1,11,0,0.0,closed,True,True
52143,3219,3203,5,3,1.5,closed,False,False
52140,23,1,2,0,0.0,closed,True,True
52138,117,1,0,2,0.5,closed,True,True
52136,648,2,7,3,1.0,closed,True,True
52135,25,1,0,1,1.0,closed,True,True
52134,7,22,3,3,0.5,closed,False,False
52133,57,89,1,0,0.0,closed,True,True
52132,723,106,0,5,2.5,closed,True,True
52129,88,0,11,3,1.5,closed,True,True
52123,888,5,15,0,0.0,closed,True,True
52122,14,18,0,0,0.0,closed,True,True
52115,721,109,17,10,0.9090909090909091,closed,True,True
52112,160,7,22,0,0.0,open,False,False
52109,76,5,0,0,0.0,closed,True,True
52106,231,0,18,0,0.0,closed,True,True
52105,3945,3,8,1,0.16666666666666666,closed,True,True
52103,62,0,2,3,1.5,closed,True,True
52095,4767,18,76,8,0.24242424242424243,closed,True,True
