9270,578,5,1,0,0.0,open,False,False
9268,1911,2471,1,0,0.0,open,False,False
9264,23,19,1,0,0.0,open,False,False
9259,44,3,1,0,0.0,open,False,False
9258,44,3,2,0,0.0,closed,False,False
9250,11,11,2,0,0.0,closed,True,True
9246,715,332,1,0,0.0,open,False,False
9243,21,1,2,0,0.0,closed,True,True
9241,129,110,2,0,0.0,open,False,False
9237,5,1,4,0,0.0,open,False,False
9236,141,24,2,0,0.0,closed,True,True
9235,1,0,1,7,7.0,open,False,False
9233,37,1,2,0,0.0,open,False,False
9225,208,122,3,17,1.3076923076923077,closed,True,True
9221,19,7,2,0,0.0,closed,True,True
9220,61,62,2,0,0.0,closed,True,True
9217,255,387,2,0,0.0,closed,True,True
9213,2,4,2,0,0.0,closed,True,True
9212,557,423,3,0,0.0,open,False,False
9210,375,366,2,0,0.0,closed,True,True
9209,123,1,2,0,0.0,open,False,False
9208,210,8,2,0,0.0,closed,True,True
9205,58,41,5,0,0.0,open,False,False
9203,6,0,2,0,0.0,closed,True,True
9197,6,2,2,0,0.0,closed,True,True
9191,90,60,2,0,0.0,closed,True,True
9187,2,2,6,0,0.0,open,False,False
9182,2813,2867,2,2,0.25,closed,True,True
9177,70,225,2,0,0.0,open,False,False
9171,23,7,2,0,0.0,closed,False,False
9169,2664,68,2,0,0.0,open,False,False
9163,3369,2600,1,0,0.0,closed,True,True
9152,386,247,2,0,0.0,open,False,False
9150,2,2,1,0,0.0,open,False,False
9136,475,404,2,0,0.0,closed,True,True
9135,3,3,2,0,0.0,open,False,False
9134,126,120,3,4,0.5,closed,True,True
9131,161,5,4,0,0.0,closed,True,True
9128,9,9,2,0,0.0,closed,True,True
9127,3410,2849,7,5,0.13157894736842105,closed,True,True
9126,1459,2301,1,0,0.0,open,False,False
9124,133,121,2,0,0.0,open,False,False
9122,1878,2629,3,0,0.0,open,False,False
9121,268,267,3,0,0.0,closed,True,True
9117,51,4,2,0,0.0,closed,True,True
9116,2,2,1,0,0.0,closed,True,True
9114,29,13,2,4,2.0,open,False,False
9109,4,2,5,0,0.0,closed,True,True
9106,2161,2625,3,0,0.0,open,False,False
9101,46,59,2,1,0.25,closed,True,True
9100,6,5,1,0,0.0,closed,True,True
9099,103,103,2,0,0.0,open,False,False
9096,9,5,1,0,0.0,closed,False,False
9095,17,0,1,0,0.0,open,False,False
9094,11,1,3,0,0.0,open,False,False
9093,1,1,2,0,0.0,open,False,False
9092,129,135,1,0,0.0,open,False,False
9088,144,0,1,0,0.0,open,False,False
9086,211,151,4,0,0.0,closed,True,True
9082,3980,4372,2,0,0.0,closed,False,False
9080,1,1,2,0,0.0,closed,True,True
9079,1883,788,2,0,0.0,closed,True,True
9076,16,14,2,0,0.0,closed,True,True
9075,7,4,2,0,0.0,closed,True,True
9073,52,10,3,0,0.0,closed,True,True
9071,1,0,1,0,0.0,open,False,False
9070,1,22,3,0,0.0,closed,False,False
9067,165,31,3,0,0.0,closed,True,True
9064,9,35,2,0,0.0,closed,True,True
9063,15,30,2,0,0.0,closed,True,True
9062,1,1,2,0,0.0,closed,False,False
9060,46,20,4,0,0.0,closed,True,True
9057,1,3,2,0,0.0,closed,True,True
9055,1,1,1,1,0.25,closed,True,True
9052,29,11,2,0,0.0,closed,True,True
9048,0,2,1,0,0.0,open,False,False
9047,8,0,5,0,0.0,closed,True,True
9046,121,122,2,0,0.0,closed,True,True
9042,2104,1824,4,11,0.14864864864864866,closed,True,True
9041,139,12,2,0,0.0,closed,True,True
9039,1,1,2,0,0.0,closed,False,False
9037,7,13,2,0,0.0,closed,True,True
9035,134,128,2,0,0.0,closed,True,True
9031,122,44,4,0,0.0,closed,True,True
9027,41,14,2,0,0.0,open,False,False
9026,3,3,2,0,0.0,open,False,False
9022,23,0,1,0,0.0,closed,False,False
9021,8,3,1,0,0.0,closed,False,False
9015,179,169,2,0,0.0,closed,True,True
9014,70,3,2,0,0.0,closed,True,True
9011,101,38,2,0,0.0,closed,True,True
9010,89,107,4,0,0.0,closed,True,True
9009,136,21,9,0,0.0,closed,True,True
9005,111,4,2,1,0.3333333333333333,closed,True,True
9002,40,24,2,0,0.0,closed,True,True
9000,67,3,3,0,0.0,open,False,False
8999,5,0,3,0,0.0,open,False,False
8998,15,5,2,0,0.0,closed,True,True
8997,1,1,1,0,0.0,open,False,False
8994,24,6,6,11,2.75,open,False,False
8991,18,0,2,2,0.6666666666666666,open,False,False
8990,5,2,2,0,0.0,closed,True,True
8985,0,1,2,0,0.0,closed,True,True
8980,150,44,3,0,0.0,closed,True,True
8979,1,3,2,0,0.0,closed,True,True
8977,32,12,2,1,0.5,closed,True,True
8976,43,2,3,0,0.0,closed,True,True
8975,219,185,2,0,0.0,closed,True,True
8971,1,1,2,0,0.0,open,False,False
8969,2,1,3,0,0.0,closed,True,True
8962,92,11,1,0,0.0,open,False,False
8961,1,1,1,0,0.0,open,False,False
8956,10,8,2,0,0.0,closed,True,True
8952,3270,1704,4,7,0.023333333333333334,closed,True,True
8946,8,3,2,0,0.0,closed,True,True
8943,27,2,3,0,0.0,open,False,False
8942,283,173,3,0,0.0,closed,True,True
8941,16,7,2,0,0.0,closed,True,True
8940,36,9,2,0,0.0,open,False,False
8939,3,1,3,0,0.0,closed,True,True
8938,187,66,2,0,0.0,open,False,False
8932,1,1,1,0,0.0,open,False,False
8929,24,0,1,0,0.0,open,False,False
8927,247,119,4,0,0.0,closed,True,True
8926,1,1,3,0,0.0,closed,False,False
8924,5,1,2,0,0.0,closed,True,True
8917,8,0,2,0,0.0,closed,False,False
8910,68,5,9,0,0.0,open,False,False
8909,185,12,3,0,0.0,open,False,False
8904,5,10,2,0,0.0,open,False,False
8901,17,2,2,3,3.0,closed,True,True
8897,1,0,2,0,0.0,open,False,False
8896,13,8,1,0,0.0,open,False,False
8895,1,1,3,0,0.0,closed,True,True
8894,17,7,1,0,0.0,closed,False,False
8892,38,1,1,0,0.0,open,False,False
8890,122,11,1,8,1.3333333333333333,open,False,False
8887,2,2,1,0,0.0,open,False,False
8886,58,10,1,0,0.0,closed,False,False
8884,81,9,4,2,0.15384615384615385,open,False,False
8868,49,7,2,1,1.0,open,False,False
8867,1,6,1,0,0.0,open,False,False
8858,3187,3025,1,0,0.0,closed,False,False
8854,37,32,3,0,0.0,closed,True,True
8853,2,2,2,0,0.0,closed,True,True
8852,6253,137,1,0,0.0,closed,False,False
8851,17,0,2,2,2.0,open,False,False
8848,313,13,2,0,0.0,closed,True,True
8846,7,5,2,0,0.0,closed,True,True
8845,78,38,2,8,1.6,closed,True,True
8842,4,4,3,0,0.0,closed,False,False
8832,17,22,2,0,0.0,closed,True,True
8831,26,3,2,0,0.0,closed,True,True
8830,25,6,2,0,0.0,closed,True,True
8829,15,15,2,0,0.0,closed,True,True
8828,3,3,2,0,0.0,open,False,False
8824,3,3,2,0,0.0,closed,True,True
8822,403,295,2,0,0.0,open,False,False
8812,1280,216,7,0,0.0,closed,True,True
8808,1,1,1,0,0.0,open,False,False
8807,54,19,11,1,0.07692307692307693,open,False,False
8804,795,280,2,0,0.0,closed,False,False
8794,10,10,3,0,0.0,closed,True,True
8791,1,1,5,1,1.0,closed,True,True
8788,1,1,3,0,0.0,closed,True,True
8787,7,8,3,1,0.5,open,False,False
8784,8,1,3,0,0.0,closed,True,True
8783,0,74,2,0,0.0,closed,True,True
8772,552,219,1,0,0.0,open,False,False
8770,219,210,3,0,0.0,closed,True,True
8768,40,13,1,0,0.0,closed,False,False
8767,1,1,2,0,0.0,closed,True,True
8766,32,3,1,0,0.0,closed,False,False
8765,8,1,1,0,0.0,closed,False,False
8763,11,5,2,0,0.0,closed,True,True
8762,0,6,2,0,0.0,closed,True,True
8757,34,14,2,0,0.0,closed,True,True
8756,8,6,2,3,3.0,closed,True,True
8755,1,1,2,0,0.0,closed,True,True
8745,4,9,3,0,0.0,closed,True,True
8730,196,94,3,0,0.0,closed,True,True
8725,2,1,1,0,0.0,open,False,False
8723,106,1,1,0,0.0,open,False,False
8720,24,26,2,0,0.0,open,False,False
8719,28,0,2,6,2.0,open,False,False
8718,0,6,1,2,0.6666666666666666,closed,True,True
8715,1213,1039,2,0,0.0,closed,True,True
8714,70,2,5,0,0.0,closed,True,True
8710,79,23,3,0,0.0,closed,True,True
8709,1,1,2,1,1.0,closed,True,True
8706,3,3,2,0,0.0,open,False,False
8705,13,12,3,0,0.0,closed,False,False
8704,16233,11167,1,0,0.0,open,False,False
8702,1,0,1,0,0.0,closed,False,False
8701,11,0,1,2,2.0,closed,False,False
8699,64,14,2,0,0.0,closed,True,True
8698,41,0,1,0,0.0,closed,False,False
8697,8,14,2,0,0.0,closed,True,True
8693,267,205,2,0,0.0,closed,True,True
8683,951,10632,1,0,0.0,open,False,False
8682,5,147,2,0,0.0,closed,True,True
8674,1,1,1,0,0.0,open,False,False
8673,6,0,1,0,0.0,closed,False,False
8660,0,13,2,0,0.0,closed,True,True
8652,24,10,1,0,0.0,open,False,False
8650,1538,2342,1,0,0.0,open,False,False
8649,325,8,13,4,2.0,closed,True,True
8646,21,2,2,0,0.0,closed,False,False
8645,448,31,1,2,1.0,open,False,False
8643,113,168,1,0,0.0,open,False,False
8641,13267,488,4,5,1.25,closed,True,True
8639,7,6,2,0,0.0,open,False,False
8638,2,0,1,0,0.0,open,False,False
8632,82,4,6,20,4.0,open,False,False
8631,973,365,2,0,0.0,closed,False,False
8629,1875,361,1,0,0.0,closed,False,False
8628,395,55,3,0,0.0,closed,False,False
8627,54,0,1,0,0.0,open,False,False
8626,136,42,5,12,3.0,closed,False,False
8624,6,3,3,0,0.0,closed,True,True
8621,2,0,1,0,0.0,open,False,False
8620,30,22,1,0,0.0,open,False,False
8616,101,32,2,0,0.0,closed,False,False
8615,3543,1429,3,0,0.0,closed,False,False
8613,2199,92,3,8,0.24242424242424243,closed,True,True
8609,47,15,4,0,0.0,closed,False,False
8602,36,36,1,0,0.0,open,False,False
8598,1227,0,1,0,0.0,open,False,False
8597,80,37,2,0,0.0,open,False,False
8594,11,2,4,0,0.0,open,False,False
8593,77,38,13,1,0.05555555555555555,closed,True,True
8592,5,1,6,0,0.0,open,False,False
8591,137,16,9,12,1.7142857142857142,open,False,False
8590,99,42,3,0,0.0,closed,False,False
8588,11,3,4,0,0.0,closed,False,False
8585,223,97,1,0,0.0,open,False,False
8582,2,0,6,8,1.3333333333333333,open,False,False
8581,4,4,16,4,2.0,closed,True,True
8578,845,703,2,0,0.0,closed,True,True
8576,2,2,2,3,3.0,closed,False,False
8574,1,0,1,0,0.0,open,False,False
8573,549,10,7,0,0.0,closed,False,False
8567,18,4,2,4,2.0,open,False,False
8566,27,5,1,0,0.0,open,False,False
8563,50,4,1,0,0.0,closed,False,False
8562,20,7,2,0,0.0,open,False,False
8548,2,2,1,0,0.0,open,False,False
8544,1,1,3,0,0.0,closed,False,False
8541,2,2,2,0,0.0,closed,True,True
8540,48,201,3,0,0.0,closed,True,True
8539,4794,4305,2,4,0.08,open,False,False
8537,86,1,2,0,0.0,open,False,False
8536,4,3,1,0,0.0,closed,False,False
8533,226,2,28,5,0.5,closed,False,False
8531,15,0,2,0,0.0,closed,False,False
8530,3558,917,7,0,0.0,closed,True,True
8528,65,0,3,0,0.0,open,False,False
8526,23,13,2,0,0.0,open,False,False
8525,223,69,4,0,0.0,closed,True,True
8522,227,3,12,0,0.0,open,False,False
8517,98,74,2,1,0.25,closed,True,True
8516,1,1,3,0,0.0,closed,False,False
8515,10,0,2,0,0.0,closed,True,True
8514,272,1,2,0,0.0,closed,True,True
8513,8,163,3,0,0.0,closed,False,False
8502,204,106,2,0,0.0,closed,False,False
8501,4,4,2,0,0.0,closed,True,True
8500,163,66,2,0,0.0,open,False,False
8499,30,274,2,0,0.0,closed,True,True
8498,7,9,2,0,0.0,closed,True,True
8497,65,85,2,0,0.0,closed,True,True
8494,1,1,1,0,0.0,closed,True,True
8492,1,0,4,0,0.0,closed,True,True
8491,164,98,5,3,1.0,closed,True,True
8490,4,3,4,0,0.0,closed,True,True
8488,127,82,3,0,0.0,closed,True,True
8486,6,1,5,0,0.0,closed,False,False
8483,17,20,2,0,0.0,closed,True,True
8481,1,1,2,0,0.0,closed,True,True
8478,79,79,2,0,0.0,open,False,False
8474,15,5,4,2,0.6666666666666666,closed,True,True
8473,8,10,2,1,0.3333333333333333,closed,True,True
8471,13,9,2,0,0.0,closed,True,True
8459,903,398,2,0,0.0,closed,True,True
8458,41,22,2,0,0.0,closed,True,True
8457,0,4,2,0,0.0,closed,True,True
8456,2,2,7,1,0.25,closed,True,True
8454,1,1,1,0,0.0,closed,True,True
8452,6,8,3,0,0.0,closed,True,True
8450,3,3,2,0,0.0,closed,True,True
8448,55,13,2,0,0.0,closed,True,True
8445,24,202,2,0,0.0,open,False,False
8443,21,2,2,0,0.0,closed,True,True
8441,18,3,2,0,0.0,closed,True,True
8440,56,34,2,0,0.0,closed,True,True
8438,1424,47,8,2,0.0392156862745098,closed,True,True
8437,67,25,3,0,0.0,closed,True,True
8436,88,0,1,0,0.0,open,False,False
8431,10,3,4,0,0.0,open,False,False
8429,3,4,2,0,0.0,closed,True,True
8426,159,283,4,0,0.0,closed,True,True
8425,4721,90,2,0,0.0,closed,False,False
8420,1,1,1,0,0.0,closed,True,True
8402,20,48,4,11,3.6666666666666665,open,False,False
8396,22,0,1,0,0.0,open,False,False
8393,44,4,3,0,0.0,open,False,False
8392,31,11,8,11,1.5714285714285714,closed,True,True
8389,4291,3661,3,24,0.7272727272727273,closed,True,True
8388,608,2,2,0,0.0,open,False,False
8386,48,24,2,0,0.0,closed,True,True
8384,4741,91,3,3,0.2727272727272727,closed,True,True
8382,24,30,4,0,0.0,open,False,False
8381,53,46,2,0,0.0,closed,True,True
8377,17,1,1,0,0.0,open,False,False
8375,3,2,1,0,0.0,open,False,False
8372,105,1,1,0,0.0,open,False,False
8369,0,2,1,0,0.0,open,False,False
8368,107,30,2,0,0.0,closed,True,True
8367,131,74,2,0,0.0,closed,True,True
8366,24,2,2,0,0.0,closed,True,True
8364,738,279,4,0,0.0,closed,True,True
8361,351,326,2,0,0.0,closed,True,True
8360,1485,2126,1,0,0.0,closed,False,False
8358,1,1,4,0,0.0,closed,False,False
8356,17,1,3,0,0.0,closed,True,True
8355,0,1,1,0,0.0,closed,True,True
8354,15,10,2,0,0.0,closed,True,True
8353,72,65,3,0,0.0,closed,True,True
8352,37,11,2,0,0.0,closed,True,True
8351,25,1,2,0,0.0,open,False,False
8350,11,8,3,0,0.0,closed,True,True
8347,1,1,3,0,0.0,closed,True,True
8345,136,62,2,5,5.0,closed,False,False
8344,555,21,5,1,0.037037037037037035,closed,True,True
8342,115,156,3,8,1.6,closed,True,True
8340,749,495,5,5,0.20833333333333334,closed,True,True
8336,12,2,2,0,0.0,closed,True,True
8333,7,10,2,0,0.0,closed,True,True
8330,1,2,2,0,0.0,closed,True,True
8329,1431,19,12,17,0.08717948717948718,closed,True,True
8328,832,309,1,3,3.0,closed,False,False
8326,2,0,2,0,0.0,closed,True,True
8325,3,3,2,0,0.0,closed,True,True
8324,290,85,10,2,0.06451612903225806,closed,True,True
8323,4,1,3,0,0.0,closed,True,True
8322,1033,976,3,8,4.0,closed,True,True
8318,2,3,3,0,0.0,closed,False,False
8316,3,3,3,6,1.2,closed,True,True
8314,36,14,1,0,0.0,closed,True,True
8312,10,10,3,5,1.25,closed,True,True
8309,9,1,2,0,0.0,closed,True,True
8308,5,1,2,0,0.0,closed,True,True
8306,71,40,4,0,0.0,closed,True,True
8303,7,2,3,0,0.0,closed,True,True
8302,6,35,2,0,0.0,closed,True,True
8299,5455,1184,5,28,0.13658536585365855,closed,True,True
8298,73,20,2,7,3.5,closed,True,True
8294,549,679,3,24,1.8461538461538463,closed,True,True
8293,466,23,1,0,0.0,open,False,False
8291,1,1,6,0,0.0,closed,True,True
8287,19,3,2,0,0.0,closed,True,True
8286,293,127,10,0,0.0,closed,True,True
8285,42,38,2,0,0.0,closed,True,True
8284,3,3,2,0,0.0,open,False,False
8283,28,23,2,0,0.0,open,False,False
8282,17,9,2,0,0.0,open,False,False
8279,10,11,3,0,0.0,closed,False,False
8276,1,1,2,0,0.0,closed,False,False
8269,279,561,2,0,0.0,closed,True,True
8268,4,4,2,0,0.0,closed,True,True
8267,93,72,8,0,0.0,closed,True,True
8266,1,1,2,0,0.0,closed,True,True
8265,173,158,3,0,0.0,closed,False,False
8263,0,16,1,0,0.0,open,False,False
8259,12,10,2,0,0.0,closed,False,False
8253,26,4,2,0,0.0,open,False,False
8250,9,0,2,0,0.0,closed,False,False
8241,87,57,3,0,0.0,open,False,False
8240,35,5,1,0,0.0,open,False,False
8238,1,10,3,0,0.0,closed,True,True
8235,122,10,2,0,0.0,closed,True,True
8231,1,1,2,0,0.0,closed,True,True
8226,10,22,2,0,0.0,closed,True,True
8224,16,12,2,0,0.0,closed,True,True
8220,1,1,2,0,0.0,closed,True,True
8214,195,112,1,0,0.0,open,False,False
8212,4,1,2,0,0.0,closed,True,True
8211,17,7,1,0,0.0,closed,False,False
8208,69,18,2,0,0.0,closed,False,False
8205,48,25,2,0,0.0,closed,True,True
8201,1,2,2,0,0.0,closed,True,True
8198,2,1,2,0,0.0,closed,True,True
8191,10,8,2,0,0.0,closed,True,True
8188,99,27,1,0,0.0,open,False,False
8187,215,150,2,0,0.0,closed,True,True
8185,54,2,3,1,0.3333333333333333,closed,True,True
8183,327,162,10,5,0.4166666666666667,closed,True,True
8177,901,717,2,0,0.0,closed,True,True
8169,0,128,1,0,0.0,closed,False,False
8168,2,2,2,1,1.0,closed,True,True
8166,2,2,2,0,0.0,open,False,False
8157,1,1,1,0,0.0,open,False,False
8155,1064,677,4,5,0.2,closed,True,True
8152,8,2,3,0,0.0,closed,True,True
8150,3313,2852,1,0,0.0,open,False,False
8149,2373,2793,1,0,0.0,open,False,False
8148,1,2,2,0,0.0,closed,False,False
8145,37,10,2,0,0.0,closed,True,True
8135,10,2,7,0,0.0,closed,True,True
8134,2,2,2,0,0.0,open,False,False
8133,24,6,2,0,0.0,closed,True,True
8132,3,0,3,2,1.0,closed,False,False
8127,1,1,3,0,0.0,closed,True,True
8125,18,2,1,0,0.0,open,False,False
8123,34,0,1,0,0.0,open,False,False
8116,179,27,2,0,0.0,closed,True,True
8111,28,6,3,0,0.0,open,False,False
8108,36,2,1,0,0.0,open,False,False
8102,2,2,2,0,0.0,open,False,False
8099,31,0,1,0,0.0,closed,True,True
8087,1,1,1,0,0.0,closed,True,True
8078,18,0,1,0,0.0,closed,False,False
8076,12,3,2,0,0.0,closed,True,True
8075,28,5,2,0,0.0,closed,True,True
8072,4,1,2,0,0.0,closed,True,True
8068,5,5,1,0,0.0,open,False,False
8062,2,0,2,0,0.0,closed,True,True
8061,2,1,2,0,0.0,closed,True,True
8056,1,1,2,0,0.0,closed,True,True
8052,23,1,4,0,0.0,open,False,False
8051,2,1,1,0,0.0,open,False,False
8050,3,3,2,0,0.0,closed,True,True
8049,205,188,2,3,1.5,closed,True,True
8048,32,6,2,1,0.3333333333333333,closed,True,True
8045,112,31,3,0,0.0,closed,False,False
8040,151,125,1,0,0.0,closed,True,True
8038,178,33,2,0,0.0,closed,True,True
8037,1,1,4,0,0.0,closed,False,False
8035,12,2,2,0,0.0,closed,True,True
8030,20,2,2,0,0.0,closed,True,True
8028,521,14,1,0,0.0,closed,False,False
8027,18,18,1,0,0.0,open,False,False
8026,38,11,2,1,0.16666666666666666,closed,True,True
8024,1050,455,3,0,0.0,closed,True,True
8022,5,5,3,0,0.0,closed,True,True
8021,4,4,1,0,0.0,open,False,False
8020,56,12,4,0,0.0,closed,True,True
8016,1,1,5,0,0.0,closed,True,True
8014,3,1,2,0,0.0,closed,True,True
8012,3390,1106,28,3,0.07317073170731707,closed,True,True
8010,1,0,2,0,0.0,closed,True,True
8007,18,6,7,0,0.0,open,False,False
8002,53,64,3,5,5.0,closed,True,True
7999,596,143,4,18,0.23376623376623376,closed,True,True
7993,374,33,1,0,0.0,closed,False,False
7992,634,610,4,0,0.0,closed,True,True
7991,1,2,2,0,0.0,closed,True,True
7990,699,873,2,0,0.0,closed,True,True
7989,1,1,2,0,0.0,closed,False,False
7988,2525,2764,4,4,0.36363636363636365,closed,True,True
7987,1,1,2,0,0.0,closed,True,True
7981,4,2,2,0,0.0,closed,True,True
7980,366,132,2,0,0.0,open,False,False
7974,52,10,1,0,0.0,open,False,False
7972,29,38,4,0,0.0,open,False,False
7970,3,3,2,0,0.0,open,False,False
7968,73,61,2,0,0.0,closed,True,True
7959,16,4,1,0,0.0,open,False,False
7958,2,2,2,0,0.0,closed,True,True
7956,20,0,3,0,0.0,closed,False,False
7955,1,0,2,0,0.0,closed,False,False
7949,1046,565,3,0,0.0,closed,True,True
7946,484,331,3,3,0.15,closed,True,True
7935,49,1,2,0,0.0,closed,True,True
7919,1,1,4,0,0.0,closed,False,False
7918,4,1,2,0,0.0,closed,True,True
7917,8,10,2,0,0.0,closed,True,True
7916,100,10,12,0,0.0,open,False,False
7911,49,12,6,0,0.0,closed,False,False
7908,5,5,2,0,0.0,closed,True,True
7904,1,1,2,0,0.0,closed,True,True
7902,49,8,2,0,0.0,closed,True,True
7898,340,189,4,2,0.6666666666666666,closed,True,True
7891,1,1,2,0,0.0,closed,True,True
7889,85,26,2,0,0.0,closed,True,True
7887,65,5,2,0,0.0,closed,True,True
7884,26,10,2,0,0.0,closed,True,True
7883,27,46,2,0,0.0,closed,True,True
7881,12,1,2,0,0.0,closed,True,True
7880,52,3,2,0,0.0,closed,True,True
7877,51,2,4,0,0.0,closed,True,True
7876,115,43,2,0,0.0,closed,True,True
7874,207,170,1,0,0.0,open,False,False
7869,1,1,2,0,0.0,closed,True,True
7868,1,1,2,0,0.0,closed,True,True
7867,0,3,2,0,0.0,closed,True,True
7865,3,1,2,0,0.0,closed,True,True
7863,721,39,3,2,0.5,closed,True,True
7861,3,2,2,0,0.0,closed,False,False
7860,1,0,5,0,0.0,open,False,False
7859,1,5,4,0,0.0,closed,True,True
7857,55,55,2,0,0.0,open,False,False
7855,3936,3764,9,0,0.0,closed,True,True
7853,301,56,2,0,0.0,closed,True,True
7851,1,1,4,0,0.0,closed,False,False
7849,8,5,5,2,0.25,closed,True,True
7848,2,2,2,0,0.0,open,False,False
7845,6,6,4,0,0.0,closed,False,False
7839,7,7,1,0,0.0,closed,False,False
7838,53476,87087,1,0,0.0,closed,False,False
7825,11,8,2,0,0.0,closed,True,True
7824,4,3,2,0,0.0,closed,True,True
7822,240,19,2,0,0.0,closed,True,True
7821,97,5,2,0,0.0,closed,True,True
7819,87,47,2,0,0.0,closed,True,True
7818,30,25,3,0,0.0,closed,False,False
7806,6,8,5,0,0.0,open,False,False
7805,3,3,2,0,0.0,open,False,False
7804,5226,317,3,0,0.0,closed,True,True
7802,105,4,1,0,0.0,open,False,False
7797,9,7,1,0,0.0,closed,False,False
7782,126,7,6,0,0.0,open,False,False
7779,3,3,2,0,0.0,open,False,False
7778,3,3,2,0,0.0,open,False,False
7777,653,336,2,0,0.0,closed,True,True
7760,268,139,1,0,0.0,open,False,False
7758,34,22,2,0,0.0,closed,True,True
7753,1,1,1,3,3.0,open,False,False
7752,7,1,2,0,0.0,closed,True,True
7750,45,2,2,0,0.0,closed,True,True
7749,19,0,2,0,0.0,closed,True,True
7745,1382,2552,1,0,0.0,open,False,False
7741,168,20,3,0,0.0,closed,True,True
7736,23,1,2,0,0.0,closed,True,True
7731,15,31,2,0,0.0,closed,True,True
7729,1,1,1,0,0.0,closed,True,True
7723,1,1,1,0,0.0,closed,True,True
7722,37,11,7,0,0.0,open,False,False
7719,191,16,2,0,0.0,closed,False,False
7718,1974,1926,4,0,0.0,closed,True,True
7717,86,44,3,0,0.0,closed,True,True
7716,13,12,2,0,0.0,open,False,False
7713,38,92,2,2,0.5,closed,True,True
7712,44,42,3,2,0.3333333333333333,closed,True,True
7710,198,176,2,0,0.0,closed,True,True
7707,5,3,1,0,0.0,open,False,False
7706,2,2,3,0,0.0,closed,False,False
7703,9,0,1,0,0.0,closed,False,False
7693,83,154,9,1,0.125,closed,True,True
7679,106,59,2,5,1.25,closed,True,True
7673,7,1,2,0,0.0,closed,True,True
7671,10,0,3,0,0.0,closed,True,True
7670,172,123,2,0,0.0,closed,True,True
7669,27,131,2,0,0.0,closed,False,False
7666,101,81,4,0,0.0,closed,True,True
7663,779,270,6,11,0.6111111111111112,closed,True,True
7660,122,57,2,0,0.0,closed,False,False
7659,2,0,2,0,0.0,open,False,False
7658,3,3,1,0,0.0,open,False,False
7656,482,0,10,2,1.0,closed,True,True
7655,718,95,3,15,0.5769230769230769,closed,True,True
7653,61,354,5,0,0.0,closed,False,False
7650,119,31,2,0,0.0,closed,True,True
7649,21,13,2,0,0.0,closed,True,True
7647,439,135,2,0,0.0,closed,True,True
7644,319,316,4,0,0.0,closed,False,False
7643,14,9,3,1,0.5,closed,True,True
7642,12,17,2,0,0.0,closed,True,True
7641,1,1,2,0,0.0,closed,True,True
7640,2,3,2,0,0.0,closed,True,True
7638,11,1,2,1,0.3333333333333333,closed,True,True
7637,42,37,2,0,0.0,closed,True,True
7636,2644,1550,3,0,0.0,closed,True,True
7635,1,2,2,0,0.0,closed,True,True
7634,14,9,2,1,0.5,closed,True,True
7629,222,202,7,0,0.0,closed,False,False
7628,220,191,2,0,0.0,closed,False,False
7626,86,39,1,0,0.0,open,False,False
7623,5,56,2,0,0.0,closed,True,True
7619,0,0,4,0,0,closed,False,False
7612,1,1,1,0,0.0,open,False,False
7611,341,12,2,0,0.0,closed,False,False
7605,79,22,3,0,0.0,closed,True,True
7603,1,1,2,0,0.0,closed,True,True
7601,385,143,5,7,0.4666666666666667,closed,True,True
7599,1,1,1,0,0.0,closed,False,False
7594,1,1,2,0,0.0,closed,True,True
7593,1,1,2,0,0.0,closed,True,True
7591,198,7,2,0,0.0,closed,True,True
7590,56,2,2,0,0.0,closed,True,True
7588,1,1,2,0,0.0,closed,False,False
7586,7,145,2,0,0.0,closed,True,True
7584,92,19,2,0,0.0,closed,True,True
7579,1,0,2,0,0.0,closed,True,True
7577,631,385,2,2,0.6666666666666666,closed,True,True
7576,9,1,3,0,0.0,closed,True,True
7575,1,1,2,0,0.0,closed,True,True
7571,13,0,2,0,0.0,open,False,False
7561,2,2,2,0,0.0,closed,True,True
7559,89,13,2,0,0.0,open,False,False
7558,43,3,3,0,0.0,closed,True,True
7557,8,22,2,0,0.0,closed,True,True
7555,1,1,1,0,0.0,open,False,False
7552,1431,229,7,0,0.0,closed,True,True
7551,164,130,2,6,1.5,closed,False,False
7550,12,0,2,0,0.0,open,False,False
7549,12,0,2,0,0.0,closed,True,True
7548,0,12,2,0,0.0,closed,True,True
7546,4,0,2,0,0.0,open,False,False
7545,22,0,2,0,0.0,closed,True,True
7544,24,0,1,0,0.0,open,False,False
7542,32,0,2,0,0.0,closed,True,True
7539,94,39,4,2,0.5,closed,True,True
7538,27,22,2,0,0.0,closed,False,False
7537,2,2,1,0,0.0,closed,True,True
7536,1,1,1,0,0.0,closed,True,True
7535,2,2,1,0,0.0,open,False,False
7533,3,3,3,0,0.0,closed,False,False
7532,3,3,3,0,0.0,closed,False,False
7531,99,111,2,0,0.0,closed,True,True
7527,69,74,3,0,0.0,closed,True,True
7522,293,264,2,0,0.0,closed,False,False
7521,4,4,2,0,0.0,open,False,False
7519,18,8,2,0,0.0,closed,True,True
7518,57,47,2,0,0.0,closed,True,True
7516,63,27,3,0,0.0,closed,True,True
7514,4,4,2,0,0.0,closed,True,True
7511,482,356,3,4,0.2857142857142857,closed,True,True
7510,1,4,2,0,0.0,open,False,False
7509,0,25,2,0,0.0,closed,True,True
7508,9,1,1,0,0.0,closed,False,False
7502,40,12,12,1,0.14285714285714285,closed,False,False
7500,147,2,7,0,0.0,closed,True,True
7499,115,8,4,0,0.0,open,False,False
7496,240,184,3,0,0.0,closed,True,True
7494,7,7,3,0,0.0,closed,True,True
7493,2,3,3,0,0.0,open,False,False
7485,62,46,1,0,0.0,open,False,False
7484,36,30,1,0,0.0,closed,False,False
7483,186,129,2,0,0.0,closed,True,True
7482,10,8,1,0,0.0,closed,False,False
7479,11,10,1,0,0.0,closed,False,False
7478,15,18,1,0,0.0,open,False,False
7477,11,10,1,0,0.0,closed,False,False
7476,15,16,1,0,0.0,open,False,False
7469,221,147,2,0,0.0,open,False,False
7466,2,2,2,0,0.0,closed,True,True
7462,13,13,2,0,0.0,closed,True,True
7461,46,39,2,0,0.0,closed,True,True
7460,1,1,3,0,0.0,closed,True,True
7459,75,34,2,0,0.0,closed,True,True
7457,3,5,3,0,0.0,closed,True,True
7454,139,64,4,0,0.0,closed,True,True
7450,82,54,2,0,0.0,closed,True,True
7449,2,2,3,0,0.0,closed,True,True
7448,19,2,2,0,0.0,open,False,False
7447,19,2,2,0,0.0,closed,False,False
7446,2,2,2,0,0.0,closed,True,True
7445,17,15,3,0,0.0,closed,True,True
7444,92,182,2,0,0.0,closed,True,True
7443,5,12,2,0,0.0,closed,True,True
7441,511,1335,40,2,0.043478260869565216,closed,True,True
7438,119,2,2,0,0.0,open,False,False
7437,5,5,2,0,0.0,closed,True,True
7436,34,22,13,0,0.0,closed,False,False
7432,261,56,2,3,0.42857142857142855,closed,True,True
7430,17,8,24,0,0.0,closed,True,True
7429,10339,2714,55,0,0.0,open,False,False
7428,111,112,5,0,0.0,closed,True,True
7426,4264,1641,1,0,0.0,closed,False,False
7424,4,2,2,0,0.0,open,False,False
7422,14305,16825,2,0,0.0,closed,False,False
7419,12,12,2,0,0.0,open,False,False
7418,1,1,2,0,0.0,open,False,False
7417,7,7,2,0,0.0,open,False,False
7416,45,45,2,0,0.0,open,False,False
7415,5085,8667,13,0,0.0,closed,True,True
7414,41,41,2,0,0.0,open,False,False
7410,44,0,3,1,1.0,open,False,False
7409,2,2,3,0,0.0,closed,True,True
7407,532,319,3,0,0.0,closed,True,True
7406,3,0,1,0,0.0,open,False,False
7399,2,2,1,0,0.0,open,False,False
7398,3,3,1,0,0.0,open,False,False
7397,1,1,1,0,0.0,open,False,False
7396,1,1,1,0,0.0,open,False,False
7395,0,9,2,0,0.0,closed,True,True
7394,6,4,3,0,0.0,closed,False,False
7393,20,185,2,0,0.0,closed,True,True
7391,449,216,6,1,0.25,closed,True,True
7384,134,56,3,0,0.0,closed,True,True
7382,2,2,1,0,0.0,closed,False,False
7381,10,7,5,0,0.0,closed,True,True
7380,9,0,1,0,0.0,open,False,False
7378,11,1,2,0,0.0,open,False,False
7377,2,2,4,1,1.0,closed,False,False
7375,23,0,4,0,0.0,closed,False,False
7374,21,1,1,0,0.0,closed,False,False
7373,1451,1435,1,0,0.0,open,False,False
7368,3,3,1,0,0.0,open,False,False
7367,3,5,2,0,0.0,closed,False,False
7359,3459,1866,7,41,0.5540540540540541,closed,True,True
7351,13,3,3,0,0.0,closed,True,True
7349,15,6,11,0,0.0,closed,True,True
7348,35435,15427,4,88,8.8,closed,True,True
7347,4,1,3,0,0.0,open,False,False
7346,227,104,3,0,0.0,closed,True,True
7343,8,1,3,0,0.0,closed,True,True
7340,1,1,3,0,0.0,open,False,False
7339,12,4,3,0,0.0,closed,True,True
7337,45,31,3,0,0.0,closed,True,True
7336,166,72,3,0,0.0,closed,True,True
7334,2106,444,5,0,0.0,closed,True,True
7329,15,1,3,0,0.0,open,False,False
7327,4,4,1,0,0.0,open,False,False
7325,1381,510,4,0,0.0,closed,True,True
7323,0,0,1,0,0,closed,False,False
7321,51,145,1,0,0.0,closed,False,False
7314,2,2,3,0,0.0,open,False,False
7313,69,1,2,0,0.0,open,False,False
7307,0,33,3,0,0.0,closed,True,True
7306,1,1,3,0,0.0,closed,True,True
7305,0,1,4,0,0.0,open,False,False
7304,21,34,5,0,0.0,closed,False,False
7303,12,14,3,0,0.0,open,False,False
7300,560,5,6,0,0.0,closed,False,False
7299,56,23,6,0,0.0,open,False,False
7298,15,1,3,0,0.0,closed,True,True
7297,1,1,3,0,0.0,closed,True,True
7296,2,2,1,0,0.0,closed,False,False
7293,316,0,2,0,0.0,closed,False,False
7288,9761,32632,1,0,0.0,closed,False,False
7287,1421,1435,3,0,0.0,open,False,False
7285,5,5,3,0,0.0,closed,True,True
7284,136,14,5,0,0.0,closed,True,True
7283,3,3,3,0,0.0,open,False,False
7282,4,4,3,0,0.0,closed,True,True
7279,14,10,3,0,0.0,closed,True,True
7278,14,5,3,0,0.0,closed,True,True
7276,4,3,3,0,0.0,closed,True,True
7274,5,0,5,0,0.0,open,False,False
7273,5,5,4,0,0.0,closed,True,True
7272,6,6,3,0,0.0,closed,True,True
7270,63,34,4,0,0.0,closed,True,True
7269,2,1,4,0,0.0,closed,True,True
7265,15,13,3,0,0.0,closed,True,True
7263,1,0,7,1,0.5,closed,True,True
7260,1,1,3,0,0.0,closed,False,False
7259,1,1,1,0,0.0,closed,False,False
7256,184,172,3,0,0.0,open,False,False
7255,53,2,24,0,0.0,closed,True,True
7252,27,2,3,0,0.0,closed,True,True
7251,32,47,9,0,0.0,closed,True,True
7250,21,8,3,0,0.0,closed,True,True
7249,3,3,3,0,0.0,closed,True,True
7248,391,132,5,3,0.15,closed,True,True
7247,7,0,3,0,0.0,closed,True,True
7246,16,15,3,0,0.0,closed,True,True
7245,1,1,3,0,0.0,closed,False,False
7243,164,121,3,0,0.0,closed,True,True
7238,16,11,4,0,0.0,closed,True,True
7235,1,1,1,0,0.0,closed,True,True
7229,479,21,5,0,0.0,open,False,False
7227,34,21,1,0,0.0,closed,False,False
7225,3,3,3,0,0.0,closed,True,True
7224,6,6,3,0,0.0,closed,True,True
7222,0,20,1,0,0.0,closed,True,True
7216,1,1,1,0,0.0,closed,True,True
7213,14,14,3,0,0.0,closed,True,True
7210,990,333,7,0,0.0,closed,True,True
7208,221,18,1,0,0.0,closed,False,False
7207,219,15,1,0,0.0,closed,False,False
7205,1240,29,4,8,0.8888888888888888,closed,True,True
7201,0,0,8,0,0,closed,False,False
7200,1,1,3,0,0.0,closed,False,False
7198,610,192,3,0,0.0,closed,True,True
7195,225,104,3,3,0.6,closed,True,True
7194,510,210,3,0,0.0,closed,True,True
7193,3,1,3,0,0.0,closed,True,True
7192,8,0,3,0,0.0,closed,True,True
7190,16,81,4,0,0.0,closed,True,True
7189,2,1,3,0,0.0,closed,True,True
7187,6,6,1,0,0.0,closed,False,False
7181,206,40,2,0,0.0,open,False,False
7180,3,0,1,0,0.0,closed,False,False
7176,1796,577,7,0,0.0,closed,True,True
7174,595,252,1,0,0.0,closed,False,False
7173,50,44,3,0,0.0,closed,True,True
7171,85,34,2,0,0.0,closed,True,True
7170,1,3,4,0,0.0,closed,True,True
7168,37,13,3,0,0.0,closed,True,True
7165,117,12,2,0,0.0,closed,True,True
7164,118,13,2,0,0.0,open,False,False
7163,98,19,2,0,0.0,open,False,False
7162,1176,1704,1,1,1.0,closed,False,False
7160,1208,1703,1,0,0.0,open,False,False
7157,81,16,4,2,2.0,closed,True,True
7154,173,0,3,0,0.0,closed,True,True
7153,67,5,4,2,0.5,closed,True,True
7152,26,50,4,0,0.0,closed,True,True
7151,1,1,1,0,0.0,open,False,False
7149,830,74,3,0,0.0,open,False,False
7144,9,0,1,0,0.0,closed,False,False
7141,1,1,1,0,0.0,closed,False,False
7136,231,76,7,2,0.2,closed,True,True
7134,191,15,3,0,0.0,closed,True,True
7132,118,103,3,0,0.0,closed,True,True
7131,7,5,3,0,0.0,closed,True,True
7130,36,13,3,0,0.0,closed,True,True
7128,14,0,3,0,0.0,closed,True,True
7127,3,0,4,0,0.0,closed,True,True
7124,11,0,3,0,0.0,closed,True,True
7123,21,8,3,0,0.0,closed,True,True
7122,2,1,2,0,0.0,closed,False,False
7121,35,17,1,0,0.0,open,False,False
7120,5,2,6,0,0.0,closed,True,True
7115,1,1,1,0,0.0,closed,False,False
7114,7,1,3,0,0.0,open,False,False
7112,17,0,1,0,0.0,closed,False,False
7109,91,15,3,0,0.0,open,False,False
7108,193,1,5,0,0.0,open,False,False
7107,39,26,5,0,0.0,closed,True,True
7106,193,1,1,0,0.0,closed,False,False
7105,573,61,2,0,0.0,closed,True,True
7104,197,128,5,0,0.0,closed,True,True
7100,20,4,3,0,0.0,closed,True,True
7098,52,12,3,0,0.0,open,False,False
7096,4,13,2,0,0.0,open,False,False
7095,4,9,1,0,0.0,open,False,False
7094,8,8,2,0,0.0,open,False,False
7093,8,8,2,0,0.0,open,False,False
7092,193,1,1,0,0.0,closed,False,False
7091,1,0,1,0,0.0,open,False,False
7090,138,88,1,0,0.0,open,False,False
7089,29,1,5,0,0.0,open,False,False
7088,608,87,3,0,0.0,closed,False,False
7086,26,42,3,0,0.0,closed,True,True
7085,76,20,4,0,0.0,open,False,False
7084,37,25,4,0,0.0,closed,True,True
7083,6,2,3,0,0.0,closed,True,True
7081,3,0,4,0,0.0,closed,False,False
7079,116,165,3,0,0.0,closed,True,True
7078,35,5,3,0,0.0,closed,True,True
7074,128,0,1,0,0.0,closed,False,False
7073,2,2,4,0,0.0,closed,True,True
7072,3,3,1,0,0.0,closed,True,True
7071,161,159,2,0,0.0,open,False,False
7066,7,10,3,1,1.0,closed,True,True
7065,91,0,1,0,0.0,open,False,False
7064,1,1,2,0,0.0,closed,False,False
7063,4216,138,3,0,0.0,open,False,False
7057,71,69,3,0,0.0,closed,True,True
7051,3,3,2,0,0.0,open,False,False
7050,5,3,6,0,0.0,closed,False,False
7047,1,1,5,0,0.0,closed,True,True
7039,3,3,1,0,0.0,closed,True,True
7037,1,1,3,0,0.0,closed,True,True
7035,1,1,2,0,0.0,closed,True,True
7034,7,0,3,0,0.0,closed,True,True
7031,44,32,4,0,0.0,closed,True,True
7028,1305,302,3,8,0.5,closed,True,True
7024,288,6,3,0,0.0,closed,False,False
7021,1888,1717,3,0,0.0,closed,True,True
7020,17,1,3,0,0.0,closed,True,True
7019,115,59,3,0,0.0,closed,True,True
7011,16,0,5,0,0.0,closed,False,False
7007,366,448,3,0,0.0,open,False,False
7006,30,22,3,0,0.0,closed,True,True
7005,54,31,3,10,2.5,closed,True,True
7002,51,27,3,0,0.0,closed,True,True
6996,1,1,3,0,0.0,closed,True,True
6995,12,7,6,0,0.0,closed,True,True
6994,4,4,3,0,0.0,closed,True,True
6993,233,22,3,0,0.0,closed,True,True
6990,174,159,2,0,0.0,open,False,False
6989,6,4,1,0,0.0,open,False,False
6987,638,415,3,2,0.18181818181818182,closed,True,True
6985,68,12,8,0,0.0,open,False,False
6983,56,32,9,4,1.0,closed,True,True
6981,2,253,1,0,0.0,closed,False,False
6980,20,5,2,0,0.0,closed,True,True
6979,230,64,3,0,0.0,closed,True,True
6977,0,11,1,0,0.0,closed,False,False
6976,146,72,3,4,0.8,closed,True,True
6973,6,1,7,0,0.0,closed,False,False
6971,596,4,3,0,0.0,closed,True,True
6967,73,1,1,0,0.0,closed,True,True
6966,47,1,7,3,0.375,closed,False,False
6964,51,84,3,0,0.0,closed,True,True
6962,4,0,2,0,0.0,open,False,False
6961,10,2,3,0,0.0,open,False,False
6960,19,4,3,0,0.0,closed,True,True
6957,2,2,3,0,0.0,closed,True,True
6956,1021,854,3,0,0.0,open,False,False
6947,44,6,15,1,0.16666666666666666,closed,False,False
6945,67,11,3,0,0.0,open,False,False
6944,59,5,2,0,0.0,closed,False,False
6943,69,15,1,0,0.0,closed,False,False
6942,73,19,1,0,0.0,closed,False,False
6941,59,5,1,0,0.0,closed,False,False
6939,8,1,3,0,0.0,closed,False,False
6938,122,109,1,0,0.0,closed,False,False
6937,6421,109,1,0,0.0,closed,False,False
6936,4243,119,3,0,0.0,open,False,False
6935,2,4,3,0,0.0,closed,True,True
6933,5627,1073,5,0,0.0,closed,False,False
6932,130,115,3,0,0.0,open,False,False
6926,24,9,3,2,2.0,closed,False,False
6920,1579,1228,35,46,0.44660194174757284,closed,True,True
6916,1,1,1,0,0.0,closed,False,False
6914,424,79,5,5,0.8333333333333334,closed,True,True
6912,64,17,4,0,0.0,closed,True,True
6911,6,1,2,1,0.5,open,False,False
6908,12,0,1,3,1.0,open,False,False
6906,1,1,3,0,0.0,closed,True,True
6904,141,10,3,1,1.0,closed,True,True
6902,44,2,2,1,1.0,open,False,False
6900,1,0,2,0,0.0,closed,True,True
6897,133,130,3,1,0.5,closed,True,True
6896,5,5,2,0,0.0,closed,True,True
6894,75,25,1,0,0.0,closed,False,False
6893,30,1,2,5,0.7142857142857143,closed,True,True
6892,3,3,2,0,0.0,closed,True,True
6891,37,12,11,2,0.3333333333333333,closed,True,True
6890,6,6,2,0,0.0,closed,True,True
6887,13,5,1,4,1.3333333333333333,open,False,False
6886,8,3,5,3,0.75,closed,True,True
6881,877,555,1,0,0.0,closed,False,False
6880,1,1,3,0,0.0,closed,True,True
6879,436,11,4,3,0.2727272727272727,closed,True,True
6878,438,416,3,1,1.0,closed,True,True
6877,3,0,3,0,0.0,closed,True,True
6866,1,1,2,0,0.0,closed,False,False
6857,6,8,4,0,0.0,closed,True,True
6856,4,0,2,1,0.5,closed,True,True
6853,39,16,3,0,0.0,closed,True,True
6850,279,261,7,1,0.1111111111111111,closed,True,True
6849,5,1,2,0,0.0,closed,False,False
6848,1038,137,7,8,0.18181818181818182,closed,True,True
6840,140,10,3,0,0.0,closed,True,True
6837,15,3,4,0,0.0,closed,True,True
6836,6,2,2,0,0.0,open,False,False
6835,2,2,2,0,0.0,closed,True,True
6834,6,7,2,0,0.0,closed,True,True
6833,21,1,2,2,0.6666666666666666,closed,True,True
6824,5,2,2,2,0.125,closed,True,True
6823,1979,122,4,3,0.0410958904109589,open,False,False
6822,1,1,2,0,0.0,closed,True,True
6821,12,0,4,0,0.0,closed,True,True
6819,32,0,2,0,0.0,open,False,False
6818,6182,9820,6,0,0.0,closed,True,True
6817,80,1,6,3,0.6,closed,True,True
6815,108,29,2,0,0.0,closed,True,True
6814,9861,6115,3,0,0.0,closed,True,True
6813,1,0,2,0,0.0,closed,True,True
6812,1,1,1,0,0.0,closed,True,True
6811,3,3,1,0,0.0,closed,True,True
6810,10,2,4,2,1.0,closed,True,True
6809,1,1,2,0,0.0,closed,True,True
6803,95,5,3,2,0.2857142857142857,closed,True,True
6799,1,1,2,0,0.0,closed,True,True
6798,64,30,2,2,2.0,open,False,False
6797,5,5,1,0,0.0,open,False,False
6796,5,0,3,0,0.0,open,False,False
6791,6,0,2,0,0.0,closed,True,True
6790,590,497,1,0,0.0,closed,True,True
6789,86,85,7,0,0.0,closed,True,True
6788,17,9,2,0,0.0,closed,True,True
6787,20,30,2,0,0.0,closed,True,True
6785,21,7,2,0,0.0,closed,True,True
6784,39,4,2,0,0.0,open,False,False
6783,677,14,2,0,0.0,closed,True,True
6782,3,3,2,0,0.0,closed,False,False
6781,33,3,1,0,0.0,closed,True,True
6779,37,11,5,0,0.0,closed,True,True
6776,38,19,4,2,1.0,closed,True,True
6771,394,223,1,0,0.0,open,False,False
6766,2,3,1,1,1.0,closed,True,True
6760,88,1,5,4,0.26666666666666666,open,False,False
6759,3916,2538,12,30,1.0344827586206897,closed,True,True
6757,9,9,1,0,0.0,closed,True,True
6756,4,11,3,0,0.0,closed,False,False
6755,6,6,2,0,0.0,closed,True,True
6754,6,6,2,0,0.0,closed,True,True
6753,9,0,1,0,0.0,closed,False,False
6752,472,88,1,0,0.0,closed,True,True
6748,3,3,2,0,0.0,closed,False,False
6747,531,3834,1,17,2.4285714285714284,closed,True,True
6745,503,295,2,16,1.1428571428571428,closed,True,True
6742,11,4,1,0,0.0,open,False,False
6739,531,19,9,0,0.0,closed,True,True
6733,1,1,1,0,0.0,closed,False,False
6731,1036,108,17,1,0.01639344262295082,open,False,False
6729,9147,8922,1,0,0.0,closed,False,False
6728,72,24,7,0,0.0,closed,True,True
6727,597,153,4,0,0.0,closed,True,True
6725,1,1,2,0,0.0,closed,True,True
6724,2,2,1,0,0.0,open,False,False
6717,234,29,12,0,0.0,open,False,False
6716,1229,329,2,0,0.0,closed,False,False
6714,27,21,8,0,0.0,open,False,False
6713,6072,9818,23,15,0.17045454545454544,closed,True,True
6711,1,1,1,0,0.0,open,False,False
6708,41,3,2,0,0.0,closed,True,True
6706,11,10,1,0,0.0,closed,True,True
6705,14,0,1,0,0.0,open,False,False
6698,1075,1127,3,0,0.0,closed,True,True
6696,3,3,1,0,0.0,closed,True,True
6695,3416,819,11,0,0.0,closed,True,True
6694,53,1,1,1,0.5,closed,True,True
6693,9,12,1,0,0.0,closed,True,True
6692,5,8,1,3,1.0,open,False,False
6691,1924,235,68,11,0.10891089108910891,closed,True,True
6690,24,0,7,0,0.0,closed,False,False
6689,35,4,4,0,0.0,open,False,False
6687,9,0,1,0,0.0,closed,True,True
6683,40,67,1,0,0.0,closed,True,True
6677,372,160,3,0,0.0,closed,True,True
6675,13,360,3,0,0.0,closed,True,True
6674,16,6,2,0,0.0,open,False,False
6673,357,0,1,0,0.0,closed,True,True
6668,6,7,1,0,0.0,closed,True,True
6663,13,0,1,2,0.6666666666666666,closed,True,True
6662,25,17,4,0,0.0,closed,True,True
6661,9,9,1,0,0.0,closed,False,False
6660,0,6,2,0,0.0,closed,True,True
6659,100,96,6,0,0.0,closed,True,True
6658,917,68,3,1,0.038461538461538464,closed,True,True
6654,1,1,2,1,0.5,closed,True,True
6651,111,184,5,0,0.0,closed,True,True
6649,167,0,7,10,0.8333333333333334,open,False,False
6646,39,19,6,3,0.42857142857142855,closed,True,True
6644,100,10,1,0,0.0,open,False,False
6643,2,2,1,0,0.0,closed,False,False
6641,640,190,1,0,0.0,closed,True,True
6640,4,2,1,0,0.0,closed,True,True
6638,615,611,6,0,0.0,open,False,False
6636,0,0,1,0,0,closed,False,False
6635,696,251,1,3,0.3333333333333333,closed,True,True
6634,10,0,1,0,0.0,closed,True,True
6633,4,4,3,0,0.0,closed,False,False
6628,107405,1658,1,0,0.0,open,False,False
6627,129,95,1,0,0.0,open,False,False
6625,1574,742,5,0,0.0,closed,True,True
6624,129,49,3,0,0.0,closed,True,True
6622,375,304,4,0,0.0,closed,True,True
6621,86,41,2,2,0.3333333333333333,closed,True,True
6620,1,0,1,0,0.0,closed,True,True
6618,11,1,1,0,0.0,closed,True,True
6615,809,256,3,0,0.0,closed,True,True
6614,875,165,5,0,0.0,closed,True,True
6613,0,2,2,0,0.0,closed,True,True
6610,124,1,1,0,0.0,open,False,False
6602,125,18,1,0,0.0,closed,True,True
6601,1081,107,16,0,0.0,closed,False,False
6599,2,1,2,0,0.0,closed,True,True
6598,668,668,1,0,0.0,closed,True,True
6589,1162,2358,20,0,0.0,closed,True,True
6588,276,1,1,0,0.0,open,False,False
6587,295,180,3,3,0.2,closed,True,True
6586,225,149,2,0,0.0,closed,False,False
6584,158,18,1,0,0.0,open,False,False
6583,60,58,1,1,0.5,closed,True,True
6582,128,68,1,0,0.0,closed,True,True
6581,364,124,3,6,0.23076923076923078,closed,True,True
6580,1,1,5,0,0.0,closed,True,True
6578,85,91,1,0,0.0,closed,True,True
6575,27,28,2,0,0.0,closed,True,True
6571,182,272,1,0,0.0,closed,True,True
6568,38,0,8,0,0.0,open,False,False
6566,16,2,1,0,0.0,open,False,False
6564,463,1305,4,2,0.4,closed,True,True
6562,5,0,1,2,2.0,open,False,False
6561,2,3,1,0,0.0,closed,True,True
6560,155,125,2,1,1.0,closed,True,True
6559,16,0,7,0,0.0,closed,False,False
6558,10,21,4,5,1.6666666666666667,closed,True,True
6557,45,47,1,0,0.0,closed,False,False
6555,95,2,1,0,0.0,closed,False,False
6552,17,7,1,0,0.0,open,False,False
6551,13,12,2,0,0.0,closed,False,False
6550,11,4,17,1,0.25,closed,False,False
6549,86,20,9,0,0.0,open,False,False
6546,3440,454,45,42,0.47191011235955055,closed,True,True
6542,572,14,9,3,0.6,closed,False,False
6540,2,12,1,0,0.0,closed,True,True
6538,53,1,4,2,0.6666666666666666,open,False,False
6534,280,64,17,25,1.7857142857142858,closed,True,True
6530,1238,738,1,0,0.0,closed,True,True
6529,36,30,1,0,0.0,closed,True,True
6526,45,19,3,0,0.0,open,False,False
6523,4,3,11,0,0.0,closed,True,True
6520,39,90,1,0,0.0,closed,True,True
6519,96,56,1,2,0.5,closed,True,True
6518,18,28,1,3,1.5,closed,True,True
6517,1076,20,17,6,0.21428571428571427,closed,False,False
6510,1,1,4,0,0.0,open,False,False
6509,120,57,1,1,1.0,closed,True,True
6508,12,2,4,0,0.0,closed,True,True
6504,1,1,1,0,0.0,open,False,False
6503,6,1,4,2,0.14285714285714285,closed,True,True
6501,7,0,1,0,0.0,closed,True,True
6500,28,36,2,0,0.0,closed,True,True
6499,79,60,2,0,0.0,closed,False,False
6496,5,5,1,0,0.0,closed,True,True
6495,16,2,1,0,0.0,closed,True,True
6491,8,5,1,0,0.0,closed,True,True
6490,2,1,2,0,0.0,closed,True,True
6486,8,2,1,0,0.0,closed,True,True
6485,8,2,1,0,0.0,closed,True,True
6484,6,20,1,0,0.0,closed,True,True
6483,1012,399,25,17,0.5666666666666667,open,False,False
6481,150,2,1,0,0.0,closed,True,True
6480,14,13,1,2,0.5,closed,True,True
6479,143,124,2,11,1.375,closed,False,False
6477,31,0,2,1,0.2,closed,True,True
6475,16,14,1,0,0.0,closed,True,True
6473,3,1,1,0,0.0,closed,True,True
6471,165,115,1,0,0.0,closed,True,True
6470,1,5,1,0,0.0,open,False,False
6467,153,43,1,1,0.3333333333333333,closed,True,True
6466,9,1,1,0,0.0,closed,True,True
6464,7,1,1,0,0.0,closed,True,True
6462,175,188,1,0,0.0,closed,True,True
6461,601,113,2,20,4.0,closed,True,True
6457,8,6,3,1,0.2,closed,True,True
6451,14,1,1,6,1.2,closed,True,True
6450,7,1,6,0,0.0,closed,False,False
6449,467,38,1,0,0.0,closed,False,False
6448,80,48,1,2,1.0,closed,True,True
6447,1,1,1,0,0.0,closed,True,True
6446,2,0,1,0,0.0,closed,True,True
6445,109,3,1,0,0.0,closed,True,True
6444,5,0,1,5,1.25,closed,True,True
6443,50,12,7,0,0.0,closed,True,True
6441,522,33,14,2,0.125,closed,False,False
6440,37,2,9,0,0.0,closed,True,True
6439,120,62,1,1,0.2,closed,True,True
6438,3,0,1,0,0.0,closed,True,True
6437,40,17,4,0,0.0,open,False,False
6433,60,25,3,0,0.0,closed,True,True
6432,53,28,4,0,0.0,open,False,False
6428,88,84,4,1,0.2,closed,True,True
6427,182,61,1,0,0.0,open,False,False
6425,457,15,4,0,0.0,open,False,False
6424,1,1,2,0,0.0,closed,True,True
6417,75,30,4,10,1.1111111111111112,closed,True,True
6416,1,0,1,0,0.0,closed,True,True
6413,119,30,1,0,0.0,closed,False,False
6411,7,1,1,0,0.0,open,False,False
6410,12,8,2,0,0.0,open,False,False
6409,46,6,2,0,0.0,open,False,False
6407,162,36,1,0,0.0,closed,False,False
6400,1,8,1,0,0.0,closed,True,True
6399,7,1,1,6,0.5,closed,True,True
6398,76,29,3,8,1.0,closed,True,True
6397,161,50,4,3,0.1111111111111111,closed,True,True
6396,49,11,3,0,0.0,closed,True,True
6385,43,2,4,0,0.0,closed,False,False
6384,8,1,1,0,0.0,closed,True,True
6383,3,1,1,0,0.0,closed,True,True
6382,3588,405,9,1,0.01694915254237288,closed,True,True
6377,20,1,1,6,0.6666666666666666,closed,True,True
6372,22,14,1,0,0.0,open,False,False
6369,122,7,2,0,0.0,closed,True,True
6365,1,1,2,0,0.0,closed,False,False
6360,327,144,17,42,1.5,closed,True,True
6357,3,3,1,0,0.0,closed,True,True
6356,3,3,1,0,0.0,closed,True,True
6355,20,20,1,0,0.0,closed,True,True
6354,21,47,1,0,0.0,closed,True,True
6352,17,17,1,0,0.0,open,False,False
6347,38,29,1,0,0.0,closed,True,True
6346,7,7,3,0,0.0,closed,True,True
6343,4,1,1,0,0.0,open,False,False
6339,35,6,1,3,0.75,closed,True,True
6337,4,0,1,0,0.0,closed,True,True
6336,244,23,1,14,0.6363636363636364,closed,True,True
6333,2,2,1,0,0.0,closed,True,True
6328,3,4,7,0,0.0,closed,True,True
6326,28,19,5,0,0.0,closed,False,False
6323,39,38,2,0,0.0,closed,False,False
6322,155,247,1,0,0.0,open,False,False
6320,136,20,10,4,0.5714285714285714,closed,True,True
6319,413,38,9,0,0.0,closed,True,True
6315,68,49,1,0,0.0,closed,True,True
6314,6,0,1,0,0.0,closed,True,True
6313,9,3,1,0,0.0,closed,True,True
6310,21,14,1,0,0.0,closed,True,True
6309,3,3,1,0,0.0,closed,True,True
6308,33,0,1,0,0.0,closed,True,True
6307,3,1,1,0,0.0,closed,True,True
6305,3,3,1,0,0.0,closed,True,True
6304,113,99,13,0,0.0,closed,False,False
6301,323,52,5,9,0.6923076923076923,closed,True,True
6299,8,2,1,0,0.0,open,False,False
6298,336,140,5,0,0.0,open,False,False
6297,67,2,1,0,0.0,closed,True,True
6296,24,0,1,1,0.3333333333333333,closed,True,True
6292,183,65,2,0,0.0,closed,False,False
6291,1,1,3,0,0.0,closed,False,False
6290,1784,468,1,0,0.0,closed,True,True
6288,43,6,1,0,0.0,closed,True,True
6287,751,722,1,2,0.10526315789473684,open,False,False
6286,20133,9177,1,0,0.0,closed,True,True
6285,2,2,1,0,0.0,closed,True,True
6282,62,21,2,0,0.0,closed,False,False
6279,2,5,1,0,0.0,open,False,False
6273,78,4,1,0,0.0,closed,True,True
6270,3,2,3,0,0.0,closed,True,True
6269,50,5,1,1,0.25,closed,True,True
6267,868,547,1,26,1.0,open,False,False
6265,192,101,1,0,0.0,closed,True,True
6263,1,1,2,0,0.0,closed,True,True
6261,199,82,5,0,0.0,closed,False,False
6260,16,0,3,0,0.0,open,False,False
6258,3,1,4,0,0.0,closed,True,True
6256,2295,87,19,3,0.0297029702970297,closed,True,True
6252,2,2,1,0,0.0,closed,True,True
6251,73,10,1,0,0.0,closed,True,True
6250,77,11,1,3,0.375,closed,True,True
6246,147,2,2,0,0.0,open,False,False
6244,2,0,3,1,1.0,closed,False,False
6243,106,1,2,0,0.0,open,False,False
6241,5,3,1,0,0.0,closed,True,True
6240,107,25,2,24,1.3333333333333333,closed,True,True
6238,110,19,3,2,0.3333333333333333,closed,True,True
6230,5,0,2,0,0.0,closed,True,True
6229,1,1,2,0,0.0,closed,True,True
6224,88,72,5,0,0.0,closed,True,True
6216,4013,2702,10,7,0.08235294117647059,closed,True,True
6214,19,4,1,0,0.0,closed,False,False
6213,1936,1395,15,34,0.7083333333333334,closed,True,True
6211,7,2,1,0,0.0,closed,True,True
6209,3,3,1,1,0.5,closed,True,True
6207,1,1,4,0,0.0,closed,False,False
6197,1,1,1,0,0.0,closed,True,True
6195,26,28,7,0,0.0,open,False,False
6192,3,3,1,0,0.0,closed,True,True
6191,215,166,3,0,0.0,closed,True,True
6190,5,7,2,0,0.0,closed,False,False
6188,22,11,1,0,0.0,closed,True,True
6187,144,351,30,2,0.0625,closed,True,True
6186,39,1,4,2,0.3333333333333333,closed,True,True
6185,289,1,1,0,0.0,closed,True,True
6183,2,0,1,0,0.0,closed,True,True
6182,2,1,1,0,0.0,closed,True,True
6181,38,2,1,0,0.0,closed,True,True
6180,128,6,1,1,0.3333333333333333,closed,True,True
6178,76,32,6,6,2.0,closed,True,True
6174,9,8,1,0,0.0,closed,True,True
6172,226,109,3,5,0.29411764705882354,closed,True,True
6169,67,17,4,0,0.0,open,False,False
6167,5,5,2,0,0.0,closed,True,True
6165,45,6,3,1,0.3333333333333333,closed,True,True
6164,3,3,1,0,0.0,closed,True,True
6162,20,14,16,0,0.0,closed,True,True
6161,197,194,21,0,0.0,closed,False,False
6160,4,3,1,0,0.0,closed,True,True
6159,86,80,1,0,0.0,closed,False,False
6155,7,5,1,0,0.0,closed,True,True
6153,85,73,15,5,0.8333333333333334,closed,True,True
6152,178,62,1,7,1.4,closed,True,True
6150,333,235,1,0,0.0,closed,True,True
6148,4,0,5,2,1.0,closed,True,True
6143,10,1,6,0,0.0,closed,False,False
6141,273,139,1,2,0.2857142857142857,closed,True,True
6134,29,50,1,0,0.0,closed,False,False
6133,187,25,2,1,0.09090909090909091,open,False,False
6132,1,1,1,0,0.0,closed,True,True
6125,50,23,1,0,0.0,closed,True,True
6123,4562,479,13,15,0.07575757575757576,closed,True,True
6121,24,0,10,0,0.0,closed,False,False
6117,417,372,4,2,0.16666666666666666,closed,True,True
6114,38,22,7,0,0.0,closed,True,True
6112,7,3,1,0,0.0,closed,True,True
6110,0,1,1,0,0.0,closed,True,True
6109,162,2,1,0,0.0,closed,True,True
6107,9,6,1,2,0.3333333333333333,closed,True,True
6104,150,105,1,13,0.7647058823529411,closed,True,True
6103,43,73,1,7,0.6363636363636364,closed,True,True
6101,4,0,1,0,0.0,closed,False,False
6099,1,1,1,0,0.0,closed,True,True
6098,18,0,1,0,0.0,closed,False,False
6097,19,0,1,0,0.0,closed,False,False
6096,45,24,2,3,0.6,closed,True,True
6092,89,37,5,3,0.6,closed,True,True
6086,2206,980,5,22,1.8333333333333333,open,False,False
6085,31,28,1,6,2.0,closed,True,True
6080,126,18,4,12,0.9230769230769231,closed,False,False
6077,631,337,1,0,0.0,closed,True,True
6076,3,3,1,0,0.0,closed,True,True
6074,463,431,2,3,0.75,closed,True,True
6073,4400,2327,9,9,0.07317073170731707,closed,True,True
6072,2,2,2,0,0.0,closed,True,True
6069,216,11,8,1,0.2,open,False,False
6063,9,1,1,0,0.0,closed,True,True
6062,3,3,1,0,0.0,closed,True,True
6061,3,3,1,0,0.0,closed,True,True
6060,3,3,1,0,0.0,closed,True,True
6059,3,2,1,0,0.0,closed,True,True
6055,11,13,3,0,0.0,open,False,False
6052,217,119,1,0,0.0,closed,True,True
6050,23,6,2,0,0.0,closed,False,False
6049,91,191,1,5,0.8333333333333334,open,False,False
6048,714,378,4,14,0.7,closed,True,True
6042,54,27,1,0,0.0,closed,True,True
6040,2,0,2,0,0.0,closed,False,False
6039,10,10,1,0,0.0,open,False,False
6038,92,7,2,0,0.0,closed,True,True
6037,4243,119,43,2,0.02,open,False,False
6036,3,2,1,0,0.0,closed,True,True
6035,22,1,4,0,0.0,open,False,False
6034,1883,1918,19,41,0.47126436781609193,closed,True,True
6033,22,3,1,0,0.0,closed,True,True
6031,11,0,1,0,0.0,open,False,False
6030,58,16,2,0,0.0,closed,True,True
6029,190,8,1,0,0.0,closed,True,True
6027,26,11,1,0,0.0,open,False,False
6025,200,19,3,5,0.38461538461538464,closed,True,True
6024,7,6,1,0,0.0,closed,True,True
6022,5771,8,9,0,0.0,open,False,False
6021,1750,396,1,6,0.8571428571428571,closed,True,True
6019,19,3,7,0,0.0,closed,False,False
6015,1,1,1,0,0.0,closed,True,True
6014,89,9,1,13,1.1818181818181819,closed,True,True
6013,15,11,1,0,0.0,closed,True,True
6012,282,128,2,2,1.0,closed,True,True
6008,57,2,6,0,0.0,open,False,False
6004,16,0,6,0,0.0,open,False,False
6002,3,2,1,0,0.0,closed,True,True
5997,13,1,1,0,0.0,closed,True,True
5996,67,23,1,0,0.0,closed,True,True
5987,2,2,1,0,0.0,closed,True,True
5983,48,3,2,2,0.6666666666666666,open,False,False
5982,18,12,1,0,0.0,closed,True,True
5981,100,26,3,5,0.3333333333333333,closed,False,False
5979,63,2,2,0,0.0,closed,True,True
5977,9,2,1,0,0.0,closed,False,False
5974,9,4,1,0,0.0,closed,True,True
5973,20,20,4,0,0.0,closed,False,False
5971,0,192,1,0,0.0,closed,True,True
5970,232,160,5,0,0.0,closed,True,True
5963,3,3,1,0,0.0,closed,True,True
5962,20,8,1,0,0.0,closed,True,True
5958,5,5,1,0,0.0,closed,True,True
5956,91,2,1,0,0.0,closed,True,True
5955,2,2,1,0,0.0,closed,True,True
5954,4,2,1,0,0.0,closed,True,True
5950,1,1,1,0,0.0,closed,True,True
5949,6,3,4,0,0.0,closed,True,True
5943,8,8,2,0,0.0,closed,False,False
5942,43,5,1,0,0.0,closed,True,True
5939,15,2,1,5,0.625,closed,True,True
5938,41,1,1,2,1.0,closed,True,True
5935,38,3,1,1,0.2,closed,True,True
5933,0,103,1,0,0.0,closed,True,True
5930,869,62,4,2,0.3333333333333333,closed,False,False
5929,114,104,2,1,0.5,closed,False,False
5927,258,63,1,4,0.26666666666666666,closed,True,True
5923,113,23,1,0,0.0,closed,True,True
5908,20226,9180,1,0,0.0,open,False,False
5905,1,10,1,0,0.0,closed,True,True
5904,3231,5311,2,0,0.0,closed,True,True
5897,3,4,2,0,0.0,closed,True,True
5894,148,42,1,0,0.0,closed,True,True
5893,33,48,2,0,0.0,closed,True,True
5892,3,3,1,0,0.0,closed,True,True
5891,32,9,1,1,0.2,closed,True,True
5885,3,3,1,0,0.0,closed,True,True
5883,52,17,1,0,0.0,closed,True,True
5880,172,110,4,9,0.6,closed,True,True
5878,24,14,2,0,0.0,closed,True,True
5876,4,2,1,0,0.0,open,False,False
5874,3,3,1,0,0.0,closed,True,True
5871,9,9,2,0,0.0,closed,True,True
5868,34,9,4,0,0.0,closed,True,True
5862,3,3,1,0,0.0,closed,True,True
5861,4,4,1,0,0.0,closed,True,True
5856,119,13,3,0,0.0,closed,True,True
5853,3,3,1,0,0.0,closed,True,True
5852,2,0,1,0,0.0,closed,True,True
5851,3,3,1,0,0.0,closed,True,True
5849,26,8,2,0,0.0,closed,True,True
5845,71,7,4,0,0.0,closed,True,True
5843,3,3,2,0,0.0,closed,False,False
5840,1,1,1,0,0.0,closed,True,True
5839,48,8,1,0,0.0,closed,True,True
5835,185,91,2,2,0.5,closed,False,False
5833,15,3,2,0,0.0,closed,True,True
5832,143,115,4,0,0.0,closed,True,True
5829,81,17,1,0,0.0,closed,False,False
5828,1886,343,1,0,0.0,closed,False,False
5826,4,15,4,4,2.0,open,False,False
5825,189,19,1,0,0.0,open,False,False
5824,6,2,7,0,0.0,open,False,False
5823,1786,288,2,0,0.0,closed,True,True
5821,100,55,1,0,0.0,closed,True,True
5819,4510,4437,1,0,0.0,closed,False,False
5816,112,64,1,0,0.0,closed,False,False
5815,61,40,1,0,0.0,closed,True,True
5813,1,1,3,0,0.0,closed,True,True
5812,12,30,1,0,0.0,closed,True,True
5809,2,1,2,0,0.0,closed,True,True
5808,11,6,3,0,0.0,open,False,False
5807,1469,936,1,0,0.0,closed,True,True
5806,0,0,1,0,0,closed,False,False
5805,78,21,2,0,0.0,open,False,False
5804,357,56,2,0,0.0,closed,False,False
5803,4122,3926,1,0,0.0,closed,True,True
5801,7,4,4,0,0.0,closed,True,True
5799,611,497,3,4,0.25,closed,True,True
5795,3,3,1,0,0.0,closed,True,True
5793,186,2,1,0,0.0,closed,True,True
5786,324,33,8,2,0.07142857142857142,closed,True,True
5785,22,7,1,0,0.0,closed,True,True
5781,61,10,4,0,0.0,closed,True,True
5780,4898,3592,16,0,0.0,closed,True,True
5779,648,1,1,0,0.0,closed,True,True
5774,684,660,1,7,1.0,closed,True,True
5768,3,3,3,0,0.0,closed,False,False
5764,4367,4317,1,0,0.0,closed,False,False
5758,31,8,1,0,0.0,open,False,False
5752,150,52,2,0,0.0,closed,True,True
5751,43,25,1,0,0.0,closed,True,True
5749,6,0,1,0,0.0,closed,True,True
5748,669,224,4,0,0.0,closed,False,False
5742,41,19,5,0,0.0,closed,True,True
5738,875,425,1,0,0.0,closed,True,True
5735,15,0,2,1,0.5,open,False,False
5733,21,0,1,4,1.3333333333333333,open,False,False
5731,1,1,2,0,0.0,closed,False,False
5728,127,7,1,0,0.0,closed,False,False
5727,5,5,2,0,0.0,closed,True,True
5726,98,4,6,0,0.0,closed,False,False
5723,1668,363,22,1,0.009009009009009009,closed,True,True
5721,113,41,4,2,0.6666666666666666,closed,True,True
5719,103,2,2,13,2.6,closed,True,True
5710,79,57,1,3,0.5,closed,True,True
5708,78,56,1,2,2.0,closed,True,True
5705,136,51,3,0,0.0,open,False,False
5704,5,1,2,1,0.3333333333333333,closed,True,True
5702,2108,151,1,0,0.0,closed,False,False
5701,26,4,1,0,0.0,closed,True,True
5700,163,9,3,2,0.5,closed,True,True
5699,0,14,2,0,0.0,closed,True,True
5698,488,123,1,2,0.6666666666666666,closed,True,True
5695,234,223,5,0,0.0,closed,True,True
5693,1,1,1,0,0.0,closed,True,True
5692,253,61,1,0,0.0,closed,True,True
5687,2,1,1,0,0.0,closed,True,True
5686,4,852,1,0,0.0,closed,True,True
5682,4,4,1,0,0.0,closed,True,True
5681,16,24,3,0,0.0,open,False,False
5677,6,1,1,0,0.0,closed,True,True
5676,10,6,1,1,0.3333333333333333,closed,True,True
5673,86,29,2,0,0.0,closed,False,False
5667,5,5,6,0,0.0,closed,False,False
5664,2,2,2,2,0.6666666666666666,closed,True,True
5663,1369,464,3,34,0.9444444444444444,closed,True,True
5660,97,52,17,14,1.0,closed,True,True
5659,23,6,2,1,0.5,closed,False,False
5658,5,6,1,0,0.0,closed,True,True
5656,14,3,4,1,0.25,closed,True,True
5655,351,90,4,0,0.0,closed,False,False
5653,110,3,2,0,0.0,closed,False,False
5641,657,104,12,8,0.27586206896551724,closed,True,True
5640,7,1,2,0,0.0,closed,True,True
5639,1,1,3,0,0.0,closed,False,False
5638,47,45,1,0,0.0,closed,True,True
5636,3,3,1,0,0.0,closed,True,True
5631,7,0,1,0,0.0,closed,True,True
5629,16,9,7,1,0.3333333333333333,closed,False,False
5626,13,4,3,0,0.0,closed,True,True
5625,106,163,5,1,0.09090909090909091,closed,False,False
5624,44,1,5,0,0.0,closed,True,True
5620,72,1,3,4,0.8,closed,False,False
5619,150,39,6,0,0.0,open,False,False
5618,13,21,1,0,0.0,closed,True,True
5616,6,1,1,0,0.0,closed,True,True
5615,18,3,1,2,2.0,closed,True,True
5614,5,5,1,4,0.8,closed,True,True
5613,1,1,1,0,0.0,closed,True,True
5612,4,2,1,0,0.0,closed,True,True
5611,66,71,2,3,1.0,closed,True,True
5610,40,30,1,0,0.0,closed,True,True
5609,151,96,1,0,0.0,closed,True,True
5606,3,1,2,2,2.0,closed,True,True
5604,8,8,21,0,0.0,closed,False,False
5598,291,50,5,0,0.0,open,False,False
5596,69,69,1,0,0.0,closed,True,True
5594,11,4,1,0,0.0,closed,True,True
5593,3,1,1,0,0.0,closed,True,True
5592,21,5,2,5,0.7142857142857143,closed,True,True
5591,0,8,1,0,0.0,closed,True,True
5589,8,8,1,0,0.0,closed,True,True
5586,54,33,9,1,0.1111111111111111,closed,True,True
5583,7,8,3,3,3.0,closed,False,False
5581,45,4,3,0,0.0,closed,True,True
5579,1,1,1,0,0.0,closed,True,True
5578,241,283,12,4,0.12121212121212122,closed,True,True
5575,14,15,1,0,0.0,closed,True,True
5574,1,1,2,0,0.0,closed,True,True
5573,470,476,3,0,0.0,closed,True,True
5564,43,20,1,7,0.6363636363636364,closed,True,True
5561,5,4,1,0,0.0,closed,True,True
5560,248,198,16,3,0.23076923076923078,closed,True,True
5557,136,84,5,0,0.0,closed,False,False
5555,34,44,1,0,0.0,closed,True,True
5554,68,28,3,3,0.3333333333333333,closed,True,True
5553,1861,818,3,2,0.08695652173913043,closed,True,True
5552,173,173,1,0,0.0,closed,True,True
5550,32,19,1,0,0.0,closed,False,False
5547,25,18,1,0,0.0,closed,True,True
5544,18,16,1,0,0.0,closed,True,True
5543,22,26,1,0,0.0,closed,True,True
5542,5,0,1,0,0.0,closed,True,True
5540,2,1,1,0,0.0,closed,True,True
5538,5,16,2,0,0.0,closed,True,True
5534,266,43,6,8,0.42105263157894735,closed,True,True
5533,10,9,1,0,0.0,closed,True,True
5530,6,1,3,3,1.0,open,False,False
5527,151,56,1,2,0.16666666666666666,closed,True,True
5525,1,1,1,0,0.0,closed,True,True
5523,21,21,6,0,0.0,closed,True,True
5521,1,0,1,0,0.0,closed,True,True
5520,0,1,1,0,0.0,closed,True,True
5518,54,9,1,0,0.0,closed,True,True
5516,16,5,3,0,0.0,closed,True,True
5511,91,12,3,0,0.0,closed,False,False
5508,7,1,1,1,0.5,closed,True,True
5507,15,15,1,0,0.0,closed,True,True
5505,2,2,1,0,0.0,closed,True,True
5501,594,204,10,4,0.08695652173913043,closed,True,True
5500,26,2,2,0,0.0,closed,True,True
5498,3,2,1,0,0.0,closed,True,True
5495,2,21,1,0,0.0,closed,True,True
5487,0,0,1,0,0.0,closed,True,True
5486,24,27,3,0,0.0,closed,True,True
5483,2,2,2,1,0.5,closed,True,True
5482,8110,1,6,0,0.0,closed,True,True
5481,6,6,1,0,0.0,closed,True,True
5480,1,1,1,0,0.0,closed,True,True
5479,2,2,1,0,0.0,closed,True,True
5478,33,0,3,1,1.0,closed,False,False
5477,1,1,4,0,0.0,closed,False,False
5476,88,136,1,0,0.0,closed,True,True
5472,1,3,1,0,0.0,closed,True,True
5471,10,10,1,0,0.0,closed,True,True
5470,30,26,1,0,0.0,closed,True,True
5469,53,27,1,0,0.0,closed,True,True
5468,10,5,1,1,0.5,closed,True,True
5467,12,3,1,0,0.0,closed,False,False
5465,3,3,1,0,0.0,closed,True,True
5464,1,0,1,0,0.0,closed,True,True
5463,96,80,1,3,0.25,closed,True,True
5459,2,2,1,1,0.5,closed,True,True
5456,3,1,2,0,0.0,closed,True,True
5454,42,42,4,0,0.0,closed,False,False
5451,66,14,1,9,1.8,closed,True,True
5450,76,51,1,2,0.6666666666666666,closed,True,True
5449,223,234,2,14,1.0,closed,True,True
5446,66,3,0,0,0.0,closed,False,False
5445,66,3,1,0,0.0,closed,False,False
5444,30,43,1,0,0.0,closed,True,True
5443,9,2,1,0,0.0,closed,True,True
5436,155,140,2,0,0.0,closed,False,False
5435,301,2,11,0,0.0,closed,False,False
5432,51,21,3,3,0.6,closed,True,True
5429,4619,216,2,0,0.0,closed,False,False
5428,56,47,1,0,0.0,closed,True,True
5427,162,120,1,1,0.125,closed,True,True
5426,19,1,1,1,0.5,closed,True,True
5425,1,1,1,0,0.0,closed,True,True
5422,89,51,1,0,0.0,closed,True,True
5421,239,5,1,0,0.0,closed,True,True
5420,17,18,1,0,0.0,closed,True,True
5419,1,1,1,0,0.0,closed,True,True
5415,39,26,1,0,0.0,closed,True,True
5414,81,29,4,0,0.0,closed,True,True
5413,1,1,1,0,0.0,closed,True,True
5412,1,1,1,0,0.0,closed,True,True
5411,2,2,1,0,0.0,closed,True,True
5410,2,7,1,0,0.0,closed,True,True
5409,0,37,1,0,0.0,closed,True,True
5408,5,5,2,0,0.0,closed,False,False
5407,20,7,2,0,0.0,closed,False,False
5406,34,31,2,0,0.0,closed,False,False
5405,652,572,1,0,0.0,closed,True,True
5404,14,13,1,0,0.0,closed,True,True
5403,97,184,1,0,0.0,closed,True,True
5402,4,39,1,0,0.0,closed,True,True
5401,654,499,1,0,0.0,closed,True,True
5400,5,5,1,0,0.0,closed,True,True
5399,20,58,1,0,0.0,closed,True,True
5398,2,9,1,0,0.0,closed,True,True
5397,8,90,2,0,0.0,closed,True,True
5396,5,5,1,0,0.0,closed,True,True
5395,48,147,1,0,0.0,closed,True,True
5394,44,81,1,0,0.0,closed,True,True
5393,6,97,1,0,0.0,closed,True,True
5392,2,9,1,0,0.0,closed,True,True
5391,7,58,1,0,0.0,closed,True,True
5390,18,18,1,0,0.0,closed,True,True
5389,24,30,1,0,0.0,closed,True,True
5388,43,30,1,0,0.0,closed,True,True
5384,9,4,1,0,0.0,closed,False,False
5381,27,4,4,2,1.0,open,False,False
5372,6,1,1,0,0.0,closed,True,True
5367,252,99,2,0,0.0,closed,False,False
5362,20,7,2,0,0.0,closed,False,False
5361,474,343,2,0,0.0,closed,False,False
5360,5,5,1,0,0.0,closed,True,True
5359,5,5,2,0,0.0,closed,False,False
5358,35,32,2,0,0.0,closed,False,False
5357,5,5,2,0,0.0,closed,False,False
5356,5,5,1,0,0.0,closed,True,True
5355,7,37,1,0,0.0,closed,True,True
5354,5,5,2,0,0.0,closed,False,False
5353,43,32,1,0,0.0,open,False,False
5352,20,3,1,0,0.0,closed,True,True
5350,163,333,1,0,0.0,closed,True,True
5349,759,89,2,0,0.0,closed,False,False
5348,4,2,1,0,0.0,closed,True,True
5347,1,1,3,0,0.0,closed,True,True
5346,330,1427,17,5,0.3125,closed,True,True
5344,1,1,1,0,0.0,closed,True,True
5336,2,6,1,0,0.0,closed,True,True
5333,34,31,2,0,0.0,closed,False,False
5332,20,7,2,0,0.0,closed,False,False
5331,5,5,1,0,0.0,closed,True,True
5330,81,135,2,0,0.0,closed,False,False
5329,6,6,2,0,0.0,closed,True,True
5328,10,10,2,0,0.0,closed,False,False
5327,21,21,1,0,0.0,closed,True,True
5326,144,82,2,0,0.0,closed,False,False
5325,10,10,2,0,0.0,closed,False,False
5324,22,81,1,0,0.0,closed,True,True
5322,107,103,1,0,0.0,closed,True,True
5317,54,22,1,0,0.0,closed,True,True
5316,18,8,1,0,0.0,closed,True,True
5311,8320,281,12,0,0.0,closed,False,False
5309,54,48,3,1,0.3333333333333333,closed,True,True
5308,55,15,2,12,1.5,closed,True,True
5307,7,3,2,0,0.0,closed,True,True
5306,5,5,2,0,0.0,closed,False,False
5305,51,21,1,3,1.0,closed,True,True
5304,24,2,9,1,0.125,closed,True,True
5303,13,4,2,1,0.3333333333333333,closed,True,True
5293,35,32,2,0,0.0,closed,False,False
5292,481,360,2,0,0.0,closed,False,False
5291,20,7,2,0,0.0,closed,False,False
5290,9,8,2,0,0.0,closed,False,False
5289,8,1,2,0,0.0,closed,False,False
5288,47,0,1,0,0.0,closed,False,False
5287,1,1,1,0,0.0,open,False,False
5285,10,0,1,0,0.0,closed,True,True
5282,13,5,1,0,0.0,closed,True,True
5278,44,44,1,0,0.0,closed,False,False
5277,34,31,2,0,0.0,closed,False,False
5276,20,7,2,0,0.0,closed,False,False
5275,38,45,2,0,0.0,closed,False,False
5274,782,241,32,36,0.5217391304347826,closed,True,True
5273,5,5,1,0,0.0,closed,True,True
5272,8,8,1,0,0.0,closed,True,True
5271,7,7,2,0,0.0,closed,False,False
5270,5,5,2,0,0.0,closed,False,False
5269,21,93,2,0,0.0,closed,False,False
5268,19,52,1,0,0.0,closed,True,True
5266,30,35,1,0,0.0,closed,True,True
5262,13,5,1,0,0.0,closed,True,True
5260,148,148,2,0,0.0,closed,False,False
5257,148,148,1,0,0.0,closed,False,False
5254,489,368,2,0,0.0,closed,False,False
5253,144,82,2,0,0.0,closed,False,False
5252,483,295,2,0,0.0,closed,False,False
5251,340,264,2,0,0.0,closed,False,False
5250,10,10,2,0,0.0,closed,False,False
5249,5,5,2,0,0.0,closed,False,False
5248,10,10,2,0,0.0,closed,False,False
5247,81,135,2,0,0.0,closed,False,False
5243,173,106,1,0,0.0,closed,True,True
5241,1,0,1,0,0.0,closed,True,True
5240,15,23,1,0,0.0,closed,True,True
5238,9,4,1,0,0.0,closed,True,True
5237,45,156,2,0,0.0,open,False,False
5236,10,10,2,0,0.0,closed,False,False
5235,36,23,2,0,0.0,closed,False,False
5234,10,10,1,0,0.0,closed,True,True
5233,322,258,2,0,0.0,closed,False,False
5232,54,19,2,0,0.0,closed,False,False
5231,11,39,2,0,0.0,closed,False,False
5230,478,295,2,0,0.0,closed,False,False
5229,31,23,2,0,0.0,closed,False,False
5228,38,45,2,0,0.0,closed,False,False
5227,10,10,2,0,0.0,closed,False,False
5226,10,17,2,0,0.0,closed,False,False
5225,5,5,2,0,0.0,closed,False,False
5224,5,5,2,0,0.0,closed,False,False
5223,21,93,2,0,0.0,closed,False,False
5222,10,10,2,0,0.0,closed,False,False
5221,71,130,2,0,0.0,closed,False,False
5220,138,81,2,0,0.0,closed,False,False
5219,90,73,2,0,0.0,closed,False,False
5216,2,2,3,0,0.0,closed,True,True
5215,63,7,1,0,0.0,closed,True,True
5207,15,7,1,2,2.0,open,False,False
5206,57,9,1,0,0.0,closed,True,True
5205,11,7,2,0,0.0,closed,True,True
5202,59,9,1,0,0.0,closed,True,True
5197,5,5,1,0,0.0,closed,True,True
5196,17,29,2,0,0.0,closed,False,False
5195,7,37,1,0,0.0,closed,True,True
5187,51,16,1,2,1.0,closed,True,True
5186,1564,356,1,0,0.0,closed,True,True
5183,19,0,1,6,0.8571428571428571,closed,True,True
5181,38,24,3,0,0.0,closed,True,True
5179,4,3,1,1,1.0,closed,True,True
5177,22,10,1,0,0.0,closed,True,True
5174,39,8,1,0,0.0,closed,True,True
5173,10,10,3,0,0.0,closed,False,False
5172,5,5,1,0,0.0,closed,True,True
5171,5,5,3,0,0.0,closed,False,False
5170,498,372,2,0,0.0,closed,False,False
5169,10,10,1,0,0.0,closed,True,True
5168,10,10,1,0,0.0,closed,True,True
5167,31,57,1,0,0.0,closed,True,True
5165,9,8,6,3,0.6,closed,True,True
5164,338,18,2,6,0.46153846153846156,closed,True,True
5160,493,367,2,0,0.0,closed,False,False
5159,26,26,1,0,0.0,closed,True,True
5158,188,405,1,0,0.0,closed,True,True
5155,135,125,1,0,0.0,closed,True,True
5154,137,7,3,0,0.0,closed,True,True
5152,15,15,2,0,0.0,closed,True,True
5150,479,41,6,17,1.0,open,False,False
5148,577,117,1,0,0.0,closed,False,False
5144,210,51,1,1,0.2,closed,True,True
5143,3,2,5,0,0.0,closed,False,False
5142,8,4,1,0,0.0,closed,True,True
5139,8,2,1,0,0.0,closed,True,True
5135,14,2,1,1,0.5,closed,True,True
5133,72,2,7,0,0.0,closed,False,False
5132,65,61,1,0,0.0,closed,True,True
5130,758,115,4,0,0.0,closed,True,True
5129,20,7,2,0,0.0,closed,False,False
5128,496,368,2,0,0.0,closed,False,False
5127,5,5,1,0,0.0,closed,True,True
5126,42,29,2,0,0.0,closed,False,False
5125,5,5,1,0,0.0,closed,True,True
5124,37,105,3,0,0.0,closed,False,False
5123,5,5,1,0,0.0,closed,True,True
5122,128,80,3,0,0.0,closed,False,False
5121,266,123,1,0,0.0,closed,True,True
5120,287,123,2,0,0.0,closed,False,False
5119,5,5,1,0,0.0,closed,True,True
5118,5,5,1,0,0.0,closed,True,True
5117,5,5,1,0,0.0,closed,True,True
5116,275,34,1,5,0.625,closed,True,True
5115,394,235,2,25,1.0869565217391304,closed,True,True
5114,69,18,1,3,0.375,closed,True,True
5112,17791,13106,1,0,0.0,closed,False,False
5111,0,14,2,0,0.0,closed,True,True
5108,70,31,5,8,1.3333333333333333,closed,True,True
5105,24,2,1,0,0.0,closed,True,True
5103,111,18,3,4,0.5714285714285714,closed,True,True
5102,5,5,1,0,0.0,closed,True,True
5101,247,132,1,0,0.0,closed,True,True
5099,0,2,1,2,1.0,closed,True,True
5098,5,5,1,0,0.0,closed,True,True
5095,8,1,1,11,1.8333333333333333,closed,True,True
5093,1,0,3,0,0.0,closed,False,False
5092,1,1,1,0,0.0,closed,True,True
5091,12,1,1,0,0.0,closed,True,True
5090,5,5,1,0,0.0,closed,True,True
5089,50,151,2,0,0.0,closed,False,False
5088,7,23,1,0,0.0,closed,True,True
5087,32,32,1,0,0.0,closed,True,True
5086,12,19,1,0,0.0,closed,True,True
5081,2,1,1,0,0.0,closed,True,True
5079,6,2,2,4,4.0,closed,True,True
5078,9,9,1,0,0.0,closed,True,True
5077,42,13,1,0,0.0,closed,True,True
5076,15,2,1,0,0.0,closed,True,True
5074,3,1,1,0,0.0,closed,True,True
5073,5,5,1,0,0.0,closed,True,True
5072,11,5,2,0,0.0,closed,False,False
5071,3,3,1,0,0.0,closed,True,True
5070,3,3,1,0,0.0,closed,True,True
5069,3,3,1,0,0.0,closed,True,True
5067,343,284,1,7,0.7,closed,True,True
5065,27,7,1,10,1.25,closed,True,True
5062,298,170,1,0,0.0,closed,False,False
5061,829,737,1,0,0.0,closed,True,True
5057,324,148,1,6,0.8571428571428571,closed,True,True
5056,4825,5900,2,0,0.0,closed,False,False
5055,22,5,1,0,0.0,closed,True,True
5054,496,368,2,0,0.0,closed,False,False
5053,5,5,2,0,0.0,closed,False,False
5049,34,36,1,0,0.0,closed,True,True
5047,32,3,1,1,0.16666666666666666,closed,True,True
5046,227,192,4,6,0.3,closed,True,True
5045,27,7,1,1,0.25,closed,True,True
5044,14,0,1,0,0.0,closed,True,True
5042,3,3,1,0,0.0,closed,True,True
5041,8,2,6,0,0.0,closed,True,True
5040,3,3,1,0,0.0,closed,True,True
5039,3,3,1,0,0.0,closed,True,True
5038,53,73,2,0,0.0,closed,True,True
5037,22,7,2,5,1.0,closed,True,True
5032,232,132,1,0,0.0,closed,True,True
5031,5,5,2,0,0.0,closed,False,False
5030,42,29,2,0,0.0,closed,False,False
5029,20,7,2,0,0.0,closed,False,False
5028,183,369,3,0,0.0,closed,False,False
5027,31,43,1,0,0.0,closed,True,True
5026,92,65,3,0,0.0,closed,False,False
5025,83,66,2,0,0.0,closed,False,False
5024,26,52,3,0,0.0,closed,False,False
5022,218,7,2,0,0.0,closed,True,True
5020,5,6,1,0,0.0,closed,True,True
5017,1,0,1,0,0.0,closed,True,True
5016,33,17,3,0,0.0,closed,True,True
5014,20,14,3,10,2.5,closed,True,True
5013,35,1,4,4,2.0,closed,True,True
5009,19,3,1,2,0.5,closed,True,True
5007,5,5,2,0,0.0,closed,False,False
5006,42,29,2,0,0.0,closed,False,False
5005,20,7,2,0,0.0,closed,False,False
5004,5,5,2,0,0.0,closed,False,False
5003,26,52,2,0,0.0,closed,False,False
5002,31,43,2,0,0.0,closed,False,False
5001,3,3,4,0,0.0,closed,True,True
4996,9,12,4,0,0.0,closed,True,True
4995,71,29,1,0,0.0,closed,True,True
4992,4,0,2,0,0.0,closed,True,True
4991,260,89,1,3,0.375,closed,True,True
4990,4,1,1,0,0.0,closed,True,True
4989,7,3,1,0,0.0,closed,True,True
4985,36,0,2,0,0.0,closed,False,False
4984,22,16,2,1,0.1111111111111111,closed,True,True
4983,199,113,1,3,0.3,closed,True,True
4982,7,4,3,0,0.0,closed,True,True
4981,24,6,6,4,2.0,closed,True,True
4980,7,5,1,3,0.75,closed,True,True
4977,5,5,2,0,0.0,closed,True,True
4976,42,29,2,0,0.0,closed,False,False
4975,497,369,2,0,0.0,closed,False,False
4974,20,7,2,0,0.0,closed,False,False
4973,7,23,2,0,0.0,closed,False,False
4972,5,5,3,0,0.0,closed,False,False
4971,12,19,2,0,0.0,closed,False,False
4970,3,3,2,0,0.0,closed,False,False
4968,364,207,1,13,2.1666666666666665,closed,True,True
4964,1066,53,38,11,0.3235294117647059,closed,True,True
4963,636,98,16,7,0.25,closed,False,False
4960,4,1,1,0,0.0,closed,True,True
4956,28,0,5,0,0.0,closed,True,True
4955,70,40,4,0,0.0,closed,True,True
4954,37,12,1,0,0.0,closed,True,True
4952,31,12,2,0,0.0,closed,False,False
4951,53,34,2,0,0.0,closed,False,False
4950,24,10,2,0,0.0,closed,False,False
4946,48,2,2,1,0.5,closed,True,True
4943,84,127,5,0,0.0,closed,False,False
4942,24,0,9,0,0.0,closed,False,False
4941,11,5,1,0,0.0,closed,True,True
4940,491,369,2,0,0.0,closed,False,False
4939,59,47,2,0,0.0,closed,False,False
4938,32,32,2,0,0.0,closed,False,False
4937,69,58,2,0,0.0,closed,False,False
4935,159,81,1,12,1.7142857142857142,closed,True,True
4934,6,7,1,0,0.0,closed,True,True
4932,35,8,1,0,0.0,closed,True,True
4930,67,62,3,3,0.6,closed,True,True
4929,20,17,1,0,0.0,closed,True,True
4923,149,35,11,0,0.0,closed,False,False
4922,71,20,1,6,0.42857142857142855,closed,True,True
4921,22,19,1,0,0.0,closed,True,True
4916,42,29,2,0,0.0,closed,False,False
4915,20,7,2,0,0.0,closed,False,False
4914,26,31,1,0,0.0,closed,True,True
4913,5,5,1,0,0.0,closed,True,True
4912,6,19,1,0,0.0,closed,True,True
4911,15,15,1,0,0.0,closed,True,True
4900,16,14,1,0,0.0,closed,True,True
4899,16,2,1,0,0.0,closed,True,True
4897,34,3,6,3,0.1,closed,False,False
4894,1759,832,2,0,0.0,closed,True,True
4892,1517,475,2,0,0.0,closed,False,False
4890,7,4,4,5,2.5,closed,True,True
4889,18,0,1,0,0.0,closed,True,True
4887,233,32,8,10,0.38461538461538464,closed,True,True
4886,99,31,3,2,0.4,closed,True,True
4883,16,9,1,0,0.0,closed,True,True
4882,60,31,1,0,0.0,closed,True,True
4881,49,17,1,1,0.125,closed,True,True
4880,20,7,2,0,0.0,closed,False,False
4879,5,5,2,0,0.0,closed,False,False
4878,42,29,2,0,0.0,closed,False,False
4877,490,360,2,0,0.0,closed,False,False
4876,5,5,2,0,0.0,closed,False,False
4875,26,31,2,0,0.0,closed,False,False
4874,6,19,2,0,0.0,closed,False,False
4873,15,15,2,0,0.0,closed,False,False
4872,5,5,1,0,0.0,closed,True,True
4871,1,0,2,0,0.0,closed,True,True
4869,31,43,2,0,0.0,closed,False,False
4868,26,52,2,0,0.0,closed,False,False
4867,5,5,2,0,0.0,closed,False,False
4866,121,31,1,0,0.0,closed,True,True
4862,1,1,1,0,0.0,closed,True,True
4860,2,2,1,0,0.0,closed,True,True
4857,39,39,1,0,0.0,closed,True,True
4853,78,13,2,1,0.25,closed,True,True
4852,222,66,5,0,0.0,closed,True,True
4851,2,10,2,0,0.0,closed,True,True
4849,20,7,2,0,0.0,closed,False,False
4848,41,28,2,0,0.0,closed,False,False
4846,11,1,1,2,1.0,closed,True,True
4845,2,2,1,0,0.0,closed,True,True
4843,183,44,1,2,0.10526315789473684,closed,True,True
4836,17,0,7,0,0.0,closed,True,True
4835,0,29,1,0,0.0,closed,True,True
4834,5,5,2,0,0.0,closed,False,False
4832,4,0,1,1,0.5,closed,True,True
4829,221,93,1,12,1.5,closed,True,True
4828,38,9,4,0,0.0,closed,True,True
4826,53,55,1,0,0.0,closed,True,True
4824,28,2,2,0,0.0,closed,True,True
4821,489,360,2,0,0.0,closed,False,False
4820,5,5,1,0,0.0,closed,True,True
4819,320,305,2,0,0.0,closed,False,False
4818,21,13,2,0,0.0,closed,False,False
4817,5,5,2,0,0.0,closed,False,False
4816,43,35,2,0,0.0,closed,False,False
4815,5,5,2,0,0.0,closed,False,False
4814,20,20,2,0,0.0,closed,False,False
4813,5,5,2,0,0.0,closed,True,True
4812,26,38,2,0,0.0,closed,False,False
4811,27,27,2,0,0.0,closed,False,False
4810,42,43,2,0,0.0,closed,False,False
4809,5,5,6,0,0.0,closed,False,False
4807,5,5,1,0,0.0,closed,True,True
4806,3,1,4,0,0.0,closed,True,True
4804,27,16,2,0,0.0,closed,True,True
4803,21,5,1,4,0.6666666666666666,closed,True,True
4799,494,86,1,4,2.0,closed,True,True
4798,18,11,1,0,0.0,closed,True,True
4795,6,4,1,0,0.0,closed,True,True
4794,1,9,1,0,0.0,closed,True,True
4792,91,2418,1,0,0.0,closed,True,True
4791,56,7,11,1,0.3333333333333333,closed,True,True
4786,88,25,1,0,0.0,closed,True,True
4785,16,3,1,0,0.0,closed,True,True
4784,1,0,3,0,0.0,closed,False,False
4783,3,3,1,0,0.0,closed,True,True
4782,2,2,3,0,0.0,closed,True,True
4781,3,3,1,0,0.0,closed,True,True
4780,3,3,1,0,0.0,closed,True,True
4778,43,35,2,0,0.0,closed,False,False
4777,293,303,2,0,0.0,closed,False,False
4776,21,13,2,0,0.0,closed,False,False
4775,10,10,2,0,0.0,closed,False,False
4768,1,1,1,0,0.0,closed,False,False
4765,11,5,1,0,0.0,closed,True,True
4764,138,61,19,4,0.26666666666666666,closed,True,True
4763,6,5,3,0,0.0,open,False,False
4762,10,3,2,0,0.0,closed,True,True
4760,5,5,3,0,0.0,closed,False,False
4759,5,5,2,0,0.0,closed,True,True
4758,5,5,3,0,0.0,closed,False,False
4757,10,10,1,0,0.0,closed,True,True
4756,21,13,2,0,0.0,closed,False,False
4755,43,35,2,0,0.0,closed,False,False
4754,62,37,1,0,0.0,closed,True,True
4753,7,6,1,0,0.0,closed,True,True
4751,34,4,2,0,0.0,closed,True,True
4750,104,5,1,7,0.13725490196078433,closed,True,True
4749,14,14,1,0,0.0,closed,True,True
4747,293,303,2,0,0.0,closed,False,False
4746,47,34,2,0,0.0,closed,False,False
4745,26,26,1,0,0.0,closed,True,True
4744,69,56,2,0,0.0,closed,False,False
4742,16,5,18,20,0.8695652173913043,closed,True,True
4741,9,1,3,2,1.0,closed,True,True
4738,30,24,1,0,0.0,closed,True,True
4737,2,2,1,0,0.0,closed,True,True
4736,14,1,6,0,0.0,closed,True,True
4735,28,9,9,0,0.0,closed,True,True
4730,1,3,2,0,0.0,closed,True,True
4729,906,397,1,0,0.0,closed,True,True
4728,2,0,1,0,0.0,closed,True,True
4727,75,6,2,1,1.0,closed,True,True
4726,13,7,2,1,0.3333333333333333,closed,True,True
4725,2,1,3,11,0.7857142857142857,closed,True,True
4724,19,19,1,0,0.0,closed,True,True
4723,5,5,1,0,0.0,closed,True,True
4722,504,206,2,0,0.0,closed,False,False
4721,48,35,2,0,0.0,closed,False,False
4720,5,5,6,0,0.0,closed,False,False
4719,293,303,2,0,0.0,closed,False,False
4718,26,13,2,0,0.0,closed,False,False
4717,10,10,2,0,0.0,closed,False,False
4715,23,28,2,0,0.0,closed,False,False
4716,16,28,2,0,0.0,closed,False,False
4714,55,4,2,0,0.0,closed,False,False
4713,27,26,1,0,0.0,closed,True,True
4712,19,24,1,0,0.0,closed,True,True
4711,63,37,2,0,0.0,closed,False,False
4710,5,5,3,0,0.0,closed,False,False
4709,10,10,1,0,0.0,closed,True,True
4708,5,5,2,0,0.0,closed,False,False
4707,63,37,1,0,0.0,closed,True,True
4705,4,1,1,0,0.0,closed,True,True
4703,68,13,1,7,0.7,closed,True,True
4700,8,9,1,2,1.0,closed,True,True
4696,16,0,2,0,0.0,closed,False,False
4695,3,3,1,0,0.0,closed,True,True
4694,130,34,8,4,0.2857142857142857,closed,True,True
4692,1,0,2,0,0.0,closed,True,True
4691,1347,99,1,0,0.0,closed,False,False
4686,100,4,5,9,1.2857142857142858,closed,True,True
4683,89,21,1,0,0.0,open,False,False
4682,2,0,4,0,0.0,closed,True,True
4681,2,2,1,0,0.0,closed,True,True
4676,46,5,1,1,1.0,closed,True,True
4675,11,1,6,0,0.0,closed,True,True
4673,5,5,2,0,0.0,closed,False,False
4672,26,13,2,0,0.0,closed,False,False
4671,48,35,2,0,0.0,closed,False,False
4670,5,5,2,0,0.0,closed,False,False
4669,19,19,2,0,0.0,closed,False,False
4668,504,206,2,0,0.0,closed,False,False
4667,13,5,1,0,0.0,closed,True,True
4666,20,20,2,0,0.0,closed,False,False
4665,5,5,2,0,0.0,closed,False,False
4664,21,29,1,0,0.0,closed,True,True
4663,5,5,2,0,0.0,closed,False,False
4658,12,5,3,0,0.0,open,False,False
4657,305,4,31,4,0.07547169811320754,closed,True,True
4655,336,85,1,7,1.75,closed,True,True
4654,23,4,1,0,0.0,closed,True,True
4651,17,7,1,0,0.0,closed,True,True
4649,5,5,2,0,0.0,closed,False,False
4648,5,5,2,0,0.0,closed,False,False
4647,5,5,2,0,0.0,closed,False,False
4646,5,5,2,0,0.0,closed,False,False
4645,273,288,2,0,0.0,closed,False,False
4644,5,5,2,0,0.0,closed,False,False
4643,505,207,2,0,0.0,closed,False,False
4642,10,10,2,0,0.0,closed,False,False
4641,141,78,3,0,0.0,closed,False,False
4640,29,29,2,0,0.0,closed,False,False
4639,16,28,2,0,0.0,closed,False,False
4638,160,97,3,0,0.0,closed,False,False
4637,5,5,2,0,0.0,closed,False,False
4636,55,4,2,0,0.0,closed,False,False
4635,5,5,2,0,0.0,closed,False,False
4634,5,5,2,0,0.0,closed,False,False
4633,5,5,2,0,0.0,closed,False,False
4632,29,29,2,0,0.0,closed,False,False
4631,15,6,3,0,0.0,closed,True,True
4630,9,28,11,2,0.00904977375565611,closed,True,True
4629,3,3,1,0,0.0,closed,True,True
4628,3,3,1,0,0.0,closed,True,True
4624,1024,88,1,0,0.0,closed,False,False
4622,16,1,3,0,0.0,open,False,False
4620,1396,79,22,10,0.10204081632653061,closed,True,True
4619,41,0,8,12,1.5,open,False,False
4610,89,27,11,0,0.0,closed,True,True
4609,3,3,1,0,0.0,closed,True,True
4608,123,155,2,0,0.0,closed,False,False
4607,5,5,1,0,0.0,closed,True,True
4606,505,207,2,0,0.0,closed,False,False
4605,5,5,3,0,0.0,closed,False,False
4604,5,5,2,0,0.0,closed,False,False
4603,5,5,2,0,0.0,closed,False,False
4602,10,10,1,0,0.0,closed,True,True
4601,11,23,2,0,0.0,closed,False,False
4600,55,4,2,0,0.0,closed,False,False
4599,86,72,2,0,0.0,closed,False,False
4598,130,57,2,0,0.0,closed,False,False
4597,6,28,3,0,0.0,closed,False,False
4596,5,5,2,0,0.0,closed,False,False
4595,15,15,1,0,0.0,closed,True,True
4594,5,5,2,0,0.0,closed,False,False
4593,3,3,1,0,0.0,closed,True,True
4590,602,250,1,0,0.0,closed,True,True
4589,83,17,3,3,0.5,closed,True,True
4585,12,10,1,0,0.0,closed,True,True
4584,196,24,5,0,0.0,open,False,False
4580,1,1,1,0,0.0,closed,True,True
4577,25,16,1,0,0.0,closed,True,True
4576,6,78,3,0,0.0,closed,False,False
4575,3,31,4,0,0.0,closed,False,False
4574,77,69,4,0,0.0,closed,False,False
4573,57,83,1,9,1.125,closed,True,True
4570,498,3,1,0,0.0,closed,False,False
4569,5,1,1,0,0.0,closed,True,True
4567,19,0,2,0,0.0,closed,False,False
4562,5,5,1,0,0.0,closed,True,True
4561,5,5,1,0,0.0,closed,True,True
4560,505,207,2,0,0.0,closed,False,False
4559,53,116,2,0,0.0,closed,False,False
4557,5,5,1,0,0.0,closed,True,True
4556,5,5,2,0,0.0,closed,False,False
4555,5,5,1,0,0.0,closed,True,True
4554,32,37,1,0,0.0,closed,True,True
4553,214,93,1,1,0.06666666666666667,closed,True,True
4552,2,1,2,0,0.0,closed,True,True
4550,2,2,1,0,0.0,closed,True,True
4549,1,1,1,0,0.0,closed,True,True
4548,1,1,1,0,0.0,closed,True,True
4546,32,9,1,1,0.25,closed,True,True
4545,161,37,6,2,0.07142857142857142,closed,True,True
4544,205,140,1,0,0.0,closed,False,False
4543,413,153,4,7,0.5833333333333334,closed,True,True
4542,45,3,1,1,0.5,closed,True,True
4541,12,7,1,0,0.0,closed,True,True
4537,3,5,1,0,0.0,closed,True,True
4535,3,2,1,0,0.0,closed,True,True
4533,2,1,1,0,0.0,closed,True,True
4530,24,26,2,0,0.0,closed,True,True
4529,5,5,1,0,0.0,closed,True,True
4528,127,93,1,0,0.0,closed,True,True
4527,56,23,1,0,0.0,closed,True,True
4526,10,15,1,0,0.0,closed,True,True
4525,6,11,1,0,0.0,closed,True,True
4524,2,61,2,0,0.0,closed,False,False
4523,32,37,2,0,0.0,closed,False,False
4521,1,0,1,0,0.0,closed,True,True
4519,42,42,1,0,0.0,closed,True,True
4518,17,5,1,0,0.0,closed,True,True
4517,5,5,1,0,0.0,closed,True,True
4516,409,361,1,0,0.0,closed,True,True
4515,3,10,1,0,0.0,closed,True,True
4514,183,17,1,0,0.0,closed,True,True
4513,26,113,1,0,0.0,closed,True,True
4512,8,15,2,0,0.0,closed,False,False
4511,3,38,2,0,0.0,closed,False,False
4510,380,393,1,0,0.0,closed,True,True
4509,26,26,2,0,0.0,closed,False,False
4508,27,44,1,0,0.0,closed,True,True
4507,2,9,3,0,0.0,closed,False,False
4506,1,1,3,0,0.0,closed,True,True
4502,37,13,1,0,0.0,closed,True,True
4499,99,55,1,0,0.0,closed,True,True
4497,7,7,1,0,0.0,closed,True,True
4495,149,1,1,0,0.0,closed,True,True
4493,3,26,1,0,0.0,closed,True,True
4492,159,1,2,2,0.4,open,False,False
4489,3,0,2,1,0.5,closed,True,True
4488,3097,13,1,2,0.2222222222222222,closed,True,True
4483,5,5,1,0,0.0,closed,True,True
4482,17,5,2,0,0.0,closed,False,False
4481,5,5,1,0,0.0,closed,True,True
4480,10,11,2,0,0.0,closed,False,False
4479,5,5,1,0,0.0,closed,True,True
4478,32,33,1,0,0.0,closed,True,True
4477,151,407,6,0,0.0,closed,True,True
4472,2,1,1,0,0.0,closed,True,True
4470,19,5,1,0,0.0,closed,True,True
4469,62,31,3,0,0.0,closed,True,True
4468,55,72,2,0,0.0,closed,True,True
4466,5,3,1,0,0.0,closed,True,True
4462,13,2,1,1,0.25,closed,True,True
4460,27,7,1,0,0.0,closed,True,True
4459,16,20,1,0,0.0,closed,True,True
4457,4,1,1,0,0.0,closed,True,True
4454,8,5,1,0,0.0,closed,True,True
4452,10,1,1,0,0.0,closed,True,True
4449,361,29,1,0,0.0,open,False,False
4447,2,0,1,0,0.0,closed,True,True
4446,1,0,6,0,0.0,closed,False,False
4445,24,4,6,6,0.2608695652173913,closed,True,True
4444,38,24,5,1,0.16666666666666666,closed,True,True
4442,5,5,1,0,0.0,closed,True,True
4441,4439,5938,2,0,0.0,closed,False,False
4440,105,253,2,0,0.0,closed,True,True
4439,32,33,2,0,0.0,closed,False,False
4438,10,11,2,0,0.0,closed,False,False
4437,58,30,1,0,0.0,closed,True,True
4436,8,8,2,0,0.0,closed,False,False
4435,44,36,1,0,0.0,closed,True,True
4434,10,10,2,0,0.0,closed,False,False
4433,415,306,2,0,0.0,closed,False,False
4432,5,5,1,0,0.0,closed,True,True
4431,415,306,2,0,0.0,closed,False,False
4430,12,12,1,0,0.0,closed,True,True
4429,10,10,2,0,0.0,closed,False,False
4428,58,30,2,0,0.0,closed,False,False
4427,40,40,2,0,0.0,closed,False,False
4426,10,10,1,0,0.0,closed,True,True
4425,12,12,2,0,0.0,closed,False,False
4424,44,36,2,0,0.0,closed,False,False
4423,10,10,1,0,0.0,closed,True,True
4420,6,6,1,3,0.17647058823529413,closed,False,False
4416,6,3,1,0,0.0,closed,True,True
4415,30,6,4,3,0.75,closed,True,True
4414,151,6,3,1,0.16666666666666666,closed,True,True
4410,11,6,3,0,0.0,closed,True,True
4404,589,555,1,8,1.6,closed,True,True
4402,5,5,2,0,0.0,closed,False,False
4401,26,13,2,0,0.0,closed,False,False
4400,5,5,2,0,0.0,closed,False,False
4399,17,7,3,0,0.0,open,False,False
4398,48,35,2,0,0.0,closed,False,False
4397,506,208,2,0,0.0,closed,False,False
4396,5,5,2,0,0.0,closed,False,False
4395,6,6,1,0,0.0,closed,True,True
4394,5,5,1,0,0.0,closed,True,True
4393,5,5,1,0,0.0,closed,True,True
4392,5,5,1,0,0.0,closed,True,True
4391,10,10,1,0,0.0,closed,True,True
4390,5,5,1,0,0.0,closed,True,True
4389,10,10,1,0,0.0,closed,True,True
4388,17,5,2,0,0.0,closed,False,False
4387,233,60,2,0,0.0,closed,True,True
4386,8,8,2,0,0.0,closed,True,True
4381,9,1,1,1,0.3333333333333333,closed,True,True
4380,8,41,1,0,0.0,closed,True,True
4377,10,0,1,2,0.07692307692307693,open,False,False
4376,495,64,1,0,0.0,closed,False,False
4373,612,221,5,0,0.0,closed,True,True
4370,1,0,1,0,0.0,closed,True,True
4369,43,10,2,0,0.0,closed,True,True
4365,6,6,2,0,0.0,closed,False,False
4364,506,208,2,0,0.0,closed,False,False
4363,5,5,2,0,0.0,closed,False,False
4362,11,5,2,0,0.0,closed,False,False
4361,5,5,2,0,0.0,closed,False,False
4360,5,5,1,0,0.0,closed,True,True
4358,1,1,1,0,0.0,closed,True,True
4357,3,14,1,0,0.0,closed,True,True
4356,6,5,2,0,0.0,closed,True,True
4347,2,0,2,0,0.0,closed,True,True
4343,1040,187,2,19,0.22093023255813954,closed,True,True
4342,21,2,1,0,0.0,closed,True,True
4341,6,5,2,0,0.0,closed,True,True
4339,177,13,2,0,0.0,closed,False,False
4338,5,5,3,0,0.0,closed,True,True
4335,98,1,1,0,0.0,closed,False,False
4334,5,5,1,0,0.0,closed,True,True
4333,5,5,1,0,0.0,closed,True,True
4332,5,5,1,0,0.0,closed,True,True
4331,5,5,1,0,0.0,closed,True,True
4330,5,5,1,0,0.0,closed,True,True
4329,10,10,1,0,0.0,closed,True,True
4328,11,70,1,0,0.0,closed,True,True
4327,10,10,1,0,0.0,closed,True,True
4322,1588,507,2,0,0.0,closed,True,True
4321,158,73,1,2,0.4,closed,True,True
4316,179,172,1,0,0.0,closed,True,True
4315,10,10,1,0,0.0,closed,True,True
4314,12,28,1,0,0.0,closed,True,True
4312,39,39,1,0,0.0,closed,True,True
4311,51,1,1,0,0.0,closed,True,True
4306,117,67,1,1,0.14285714285714285,closed,True,True
4305,23,8,1,0,0.0,closed,True,True
4304,194,29,1,0,0.0,open,False,False
4299,48,35,2,0,0.0,closed,False,False
4298,506,208,2,0,0.0,closed,False,False
4297,5,5,1,0,0.0,closed,True,True
4296,26,13,2,0,0.0,closed,False,False
4295,5,5,1,0,0.0,closed,True,True
4294,27,33,2,0,0.0,closed,False,False
4293,19,14,1,0,0.0,closed,True,True
4292,44,6,1,0,0.0,closed,True,True
4291,110,42,1,0,0.0,closed,True,True
4290,10,10,2,0,0.0,closed,False,False
4289,56,7,1,0,0.0,closed,True,True
4288,8,46,1,0,0.0,closed,True,True
4287,10,10,2,0,0.0,closed,False,False
4286,110,42,1,0,0.0,closed,True,True
4285,18,5,9,0,0.0,closed,True,True
4284,52,115,2,0,0.0,closed,False,False
4283,12,18,1,0,0.0,closed,True,True
4281,16,0,3,0,0.0,open,False,False
4280,4,2,2,0,0.0,closed,True,True
4279,10,0,1,0,0.0,closed,True,True
4277,1,1,1,0,0.0,closed,True,True
4269,4,5,1,0,0.0,closed,True,True
4268,108,54,6,7,1.75,closed,False,False
4264,10,0,1,2,2.0,closed,True,True
4263,3,1,1,0,0.0,closed,True,True
4258,2669,275,1,0,0.0,closed,True,True
4256,76,51,1,0,0.0,closed,True,True
4252,504,205,2,0,0.0,closed,False,False
4251,48,35,2,0,0.0,closed,False,False
4250,97,77,1,0,0.0,closed,True,True
4249,5,5,1,0,0.0,closed,True,True
4248,5,5,1,0,0.0,closed,True,True
4247,26,13,2,0,0.0,closed,False,False
4246,5,5,1,0,0.0,closed,True,True
4245,5,5,1,0,0.0,closed,True,True
4244,5,5,1,0,0.0,closed,True,True
4243,5,18,1,0,0.0,closed,True,True
4234,394,30,1,0,0.0,closed,False,False
4232,0,13,3,0,0.0,closed,True,True
4226,2,2,1,0,0.0,closed,False,False
4225,78,38,2,0,0.0,closed,True,True
4224,1,1,1,0,0.0,closed,True,True
4221,5,5,1,0,0.0,closed,True,True
4220,43,35,2,0,0.0,closed,False,False
4219,5,5,1,0,0.0,closed,True,True
4218,5,5,1,0,0.0,closed,True,True
4217,505,206,2,0,0.0,closed,False,False
4216,5,5,1,0,0.0,closed,True,True
4215,5,5,1,0,0.0,closed,True,True
4214,5,5,1,0,0.0,closed,True,True
4213,21,13,2,0,0.0,closed,False,False
4212,7,19,1,0,0.0,closed,True,True
4211,5,5,1,0,0.0,closed,True,True
4210,5,5,1,0,0.0,closed,True,True
4209,5,5,1,0,0.0,closed,True,True
4208,5,5,1,0,0.0,closed,True,True
4207,5,5,1,0,0.0,closed,True,True
4201,307,307,1,0,0.0,closed,True,True
4200,7,6,1,0,0.0,closed,True,True
4198,1,1,1,0,0.0,closed,True,True
4196,17,7,1,2,1.0,closed,True,True
4195,1,6,1,0,0.0,closed,True,True
4194,5,5,1,0,0.0,closed,True,True
4193,6,7,1,0,0.0,closed,False,False
4192,16,9,1,0,0.0,closed,False,False
4191,1,1,2,0,0.0,closed,True,True
4189,23,38,1,0,0.0,closed,True,True
4188,132,125,2,4,0.5714285714285714,closed,True,True
4187,7,3,1,0,0.0,closed,True,True
4186,505,206,2,0,0.0,closed,False,False
4185,227,285,1,0,0.0,closed,True,True
4184,145,74,1,0,0.0,closed,True,True
4183,10,10,3,0,0.0,closed,False,False
4182,70,5,3,0,0.0,closed,False,False
4181,10,10,1,0,0.0,closed,True,True
4180,5,5,1,0,0.0,closed,True,True
4179,5,5,1,0,0.0,closed,True,True
4178,5,5,1,0,0.0,closed,True,True
4177,25,15,1,0,0.0,closed,True,True
4176,5,5,1,0,0.0,closed,True,True
4175,5,5,1,0,0.0,closed,True,True
4174,5,5,1,0,0.0,closed,True,True
4173,5,5,2,0,0.0,closed,False,False
4172,6,7,1,0,0.0,closed,True,True
4171,5,5,2,0,0.0,closed,False,False
4170,5,5,1,0,0.0,closed,True,True
4169,5,5,1,0,0.0,closed,True,True
4168,6,64,1,0,0.0,closed,True,True
4167,5,40,1,0,0.0,closed,True,True
4166,27,114,1,0,0.0,closed,True,True
4165,2,9,1,0,0.0,closed,True,True
4164,16,85,1,0,0.0,closed,True,True
4163,410,387,1,0,0.0,closed,True,True
4162,6,57,1,0,0.0,closed,True,True
4161,23,7,1,0,0.0,closed,True,True
4160,5,87,1,0,0.0,closed,True,True
4159,22,5,1,0,0.0,closed,True,True
4158,84,40,1,0,0.0,closed,True,True
4157,27,5,1,0,0.0,closed,True,True
4152,78,29,1,0,0.0,closed,True,True
4151,362,437,1,0,0.0,closed,True,True
4150,262,385,1,0,0.0,closed,True,True
4149,155,87,1,0,0.0,closed,True,True
4148,5,5,1,0,0.0,closed,True,True
4147,33,40,2,0,0.0,closed,True,True
4146,84,148,1,0,0.0,closed,True,True
4145,3,0,2,0,0.0,closed,True,True
4144,15,15,1,0,0.0,closed,True,True
4143,143,7,2,0,0.0,closed,True,True
4140,62,40,1,0,0.0,closed,True,True
4139,10,10,1,0,0.0,closed,True,True
4138,5,5,2,0,0.0,closed,True,True
4137,64,95,1,0,0.0,closed,True,True
4136,5,5,4,0,0.0,closed,False,False
4135,67,14,1,0,0.0,closed,True,True
4134,16,42,1,0,0.0,closed,True,True
4133,5,5,3,0,0.0,closed,False,False
4132,30,78,1,0,0.0,closed,True,True
4131,102,67,1,0,0.0,closed,True,True
4130,118,126,1,0,0.0,closed,True,True
4129,117,120,1,0,0.0,closed,True,True
4128,22,22,1,0,0.0,closed,True,True
4127,72,108,1,0,0.0,closed,True,True
4126,28,69,1,0,0.0,closed,True,True
4125,130,132,1,0,0.0,closed,True,True
4124,5,5,1,0,0.0,closed,True,True
4123,16,42,2,0,0.0,closed,False,False
4122,5,7,1,0,0.0,closed,True,True
4121,10,15,1,0,0.0,closed,True,True
4120,125,128,1,0,0.0,closed,True,True
4119,5,5,1,0,0.0,closed,True,True
4118,27,28,1,0,0.0,closed,True,True
4117,33,12,1,0,0.0,closed,True,True
4116,121,123,1,0,0.0,closed,True,True
4115,1864,499,17,4,0.03333333333333333,closed,True,True
4113,6,2,1,0,0.0,closed,True,True
4111,148,37,4,0,0.0,open,False,False
4109,299,242,1,0,0.0,closed,True,True
4106,2649,603,1,0,0.0,closed,True,True
4105,5,2,5,6,6.0,closed,False,False
4104,1,1,1,0,0.0,closed,True,True
4103,2,2,2,0,0.0,closed,True,True
4102,18,2,1,2,0.2857142857142857,closed,True,True
4095,15,15,2,0,0.0,closed,False,False
4094,7,22,1,0,0.0,closed,True,True
4092,1,1,9,0,0.0,closed,True,True
4089,6,2,1,0,0.0,closed,True,True
4088,10,1,1,2,1.0,open,False,False
4085,5,2,1,0,0.0,closed,True,True
4084,10,3,2,0,0.0,closed,True,True
4079,5,72,2,0,0.0,closed,False,False
4076,562,84,1,9,1.2857142857142858,closed,True,True
4075,123,21,5,1,0.2,closed,True,True
4073,3,1,1,0,0.0,closed,True,True
4072,37,0,1,0,0.0,closed,True,True
4070,500,4,1,0,0.0,closed,True,True
4069,65,101,1,0,0.0,closed,True,True
4068,4,3,1,0,0.0,closed,True,True
4067,5,5,1,0,0.0,closed,True,True
4065,21,3,1,0,0.0,closed,True,True
4064,52,115,2,0,0.0,closed,False,False
4063,15,15,2,0,0.0,closed,False,False
4062,20,3,2,0,0.0,open,False,False
4056,20,70,1,0,0.0,closed,True,True
4055,555,532,1,0,0.0,closed,True,True
4053,69,29,1,0,0.0,closed,True,True
4052,6,1,3,0,0.0,open,False,False
4049,51,13,1,4,0.5,closed,True,True
4047,2145,175,1,0,0.0,closed,True,True
4045,116,17,1,0,0.0,closed,True,True
4044,23,64,1,0,0.0,closed,True,True
4043,138,130,1,0,0.0,closed,True,True
4042,63,16,1,0,0.0,closed,True,True
4041,15,15,2,0,0.0,closed,False,False
4040,7,22,2,0,0.0,closed,False,False
4039,5,7,2,0,0.0,closed,False,False
4034,21,13,2,0,0.0,closed,False,False
4033,43,35,2,0,0.0,closed,False,False
4032,179,50,1,0,0.0,closed,True,True
4031,49,24,8,0,0.0,closed,True,True
4030,17,1,4,0,0.0,closed,True,True
4026,46,81,2,0,0.0,closed,False,False
4025,101,105,2,0,0.0,closed,True,True
4024,60,2,4,0,0.0,closed,True,True
4020,15,15,2,0,0.0,closed,False,False
4018,6,6,1,0,0.0,closed,True,True
4011,3536,618,18,124,0.7126436781609196,closed,True,True
4009,35,8,5,0,0.0,closed,False,False
4005,42,29,2,0,0.0,closed,False,False
4004,20,7,2,0,0.0,closed,False,False
4003,15,15,2,0,0.0,closed,False,False
4002,5,5,1,0,0.0,closed,True,True
3998,6,1,4,0,0.0,closed,True,True
3996,271,233,1,0,0.0,closed,True,True
3995,2,0,2,0,0.0,closed,True,True
3992,3,2,1,0,0.0,closed,True,True
3988,3,2,1,0,0.0,closed,True,True
3986,5,5,2,0,0.0,closed,False,False
3985,5,7,2,0,0.0,closed,False,False
3984,40,25,3,4,0.8,closed,True,True
3980,9,3,1,2,2.0,closed,True,True
3976,5,5,2,0,0.0,closed,False,False
3975,7,22,2,0,0.0,closed,False,False
3974,15,3,2,1,0.14285714285714285,closed,True,True
3970,14092,11546,1,0,0.0,closed,False,False
3969,53,89,2,0,0.0,closed,False,False
3968,42,29,2,0,0.0,closed,False,False
3967,20,7,2,0,0.0,closed,False,False
3966,126,123,2,0,0.0,closed,False,False
3965,5,5,2,0,0.0,closed,False,False
3964,123,28,2,0,0.0,closed,False,False
3963,123,16,2,0,0.0,closed,False,False
3962,7,22,2,0,0.0,closed,False,False
3960,58,56,8,4,0.09090909090909091,open,False,False
3959,37,8,3,0,0.0,closed,False,False
3958,221,29,1,2,0.02702702702702703,open,False,False
3953,25,44,1,0,0.0,closed,True,True
3952,8,2,1,1,0.3333333333333333,closed,True,True
3951,16060,13615,1,0,0.0,closed,False,False
3950,5,63,2,0,0.0,closed,False,False
3939,6,1,1,0,0.0,closed,True,True
3937,35,254,15,7,0.35,closed,False,False
3936,255,92,2,0,0.0,closed,False,False
3933,106,4,16,0,0.0,open,False,False
3931,3,1,2,0,0.0,closed,True,True
3929,148,145,2,0,0.0,closed,False,False
3928,28,7,1,0,0.0,closed,True,True
3927,7,4,1,0,0.0,closed,True,True
3919,148,145,1,0,0.0,closed,True,True
3918,16,10,1,0,0.0,closed,True,True
3915,1647,238,9,0,0.0,closed,False,False
3914,3,2,1,0,0.0,closed,True,True
3913,3,3,1,0,0.0,closed,True,True
3912,3,3,1,0,0.0,closed,True,True
3905,42,29,2,0,0.0,closed,False,False
3904,20,7,2,0,0.0,closed,False,False
3903,7,22,2,0,0.0,closed,False,False
3902,148,145,2,0,0.0,closed,False,False
3901,5,5,2,0,0.0,closed,False,False
3900,16,10,2,0,0.0,closed,False,False
3899,86,33,1,0,0.0,closed,True,True
3898,5,7,2,0,0.0,closed,False,False
3897,14,62,2,0,0.0,closed,False,False
3896,3,3,2,0,0.0,closed,False,False
3895,66,12,2,0,0.0,closed,False,False
3894,12,24,2,0,0.0,closed,False,False
3890,250,2,8,2,0.2222222222222222,open,False,False
3888,13,7,1,0,0.0,closed,True,True
3886,75,172,1,0,0.0,closed,True,True
3885,41,49,1,0,0.0,closed,True,True
3884,35,76,1,0,0.0,closed,True,True
3883,5,5,1,0,0.0,closed,True,True
3882,7,2,3,0,0.0,closed,False,False
3881,143,141,1,0,0.0,closed,True,True
3880,142,145,2,0,0.0,closed,False,False
3877,457,92,7,0,0.0,open,False,False
3875,59,4,6,2,0.18181818181818182,closed,False,False
3873,835,425,5,0,0.0,open,False,False
3871,92,37,1,9,1.5,closed,True,True
3866,42,29,2,0,0.0,closed,False,False
3865,20,7,2,0,0.0,closed,False,False
3864,18,26,2,0,0.0,closed,False,False
3863,5,5,1,0,0.0,closed,True,True
3862,5,7,1,0,0.0,closed,True,True
3861,142,137,2,0,0.0,closed,False,False
3860,58,132,1,0,0.0,closed,True,True
3859,142,137,2,0,0.0,closed,False,False
3858,1917,131,3,0,0.0,closed,True,True
3853,13,1,2,0,0.0,closed,True,True
3851,111,25,5,2,1.0,closed,False,False
3845,34,2,1,0,0.0,closed,False,False
3844,20,7,2,0,0.0,closed,False,False
3843,42,29,2,0,0.0,closed,False,False
3842,137,132,2,0,0.0,closed,False,False
3841,5,7,2,0,0.0,closed,False,False
3840,137,132,2,0,0.0,closed,False,False
3839,10,10,1,0,0.0,closed,True,True
3837,1,1,1,0,0.0,closed,True,True
3836,2,1,1,0,0.0,closed,True,True
3833,48,79,6,0,0.0,closed,True,True
3832,153,126,6,6,0.46153846153846156,closed,True,True
3823,48,90,2,0,0.0,closed,False,False
3822,5,62,2,0,0.0,closed,False,False
3821,6,21,2,0,0.0,closed,False,False
3820,10,10,2,0,0.0,closed,False,False
3817,9,5,1,2,1.0,closed,True,True
3816,125,125,2,0,0.0,closed,False,False
3814,125,125,2,0,0.0,closed,False,False
3812,341,54,1,0,0.0,closed,True,True
3811,1,1,1,0,0.0,closed,True,True
3809,70,3,4,8,0.8888888888888888,closed,True,True
3807,213,33,3,0,0.0,closed,True,True
3806,7,4,1,0,0.0,closed,True,True
3805,61,18,1,4,2.0,closed,True,True
3804,2,0,1,0,0.0,closed,True,True
3802,7,3,1,0,0.0,closed,True,True
3800,18,12,1,0,0.0,closed,True,True
3799,3,1,6,2,0.6666666666666666,closed,True,True
3797,164,61,3,21,1.75,closed,True,True
3796,30,11,1,3,0.75,closed,True,True
3792,20,7,2,0,0.0,closed,False,False
3791,5,62,2,0,0.0,closed,False,False
3790,41,28,2,0,0.0,closed,False,False
3789,15,15,2,0,0.0,closed,False,False
3788,5,5,1,0,0.0,closed,True,True
3787,5,5,1,0,0.0,closed,True,True
3786,15,15,2,0,0.0,closed,False,False
3785,7,17,2,0,0.0,closed,False,False
3784,94,0,1,1,0.16666666666666666,closed,True,True
3781,25,2,1,4,1.3333333333333333,closed,True,True
3780,5,5,5,0,0.0,closed,True,True
3777,127,78,1,9,0.6,closed,True,True
3773,19,0,2,0,0.0,closed,True,True
3770,20,7,2,0,0.0,closed,False,False
3769,42,29,2,0,0.0,closed,False,False
3768,10,10,1,0,0.0,closed,True,True
3767,5,5,1,0,0.0,closed,True,True
3764,56,3,1,0,0.0,closed,True,True
3761,9,6,1,0,0.0,closed,True,True
3760,975,871,1,0,0.0,closed,True,True
3754,118,6,3,1,0.14285714285714285,closed,True,True
3750,42,29,2,0,0.0,closed,False,False
3749,20,7,2,0,0.0,closed,False,False
3748,169,90,2,0,0.0,closed,False,False
3747,29,160,2,0,0.0,closed,False,False
3746,53,8,1,0,0.0,closed,True,True
3743,2,1,1,0,0.0,closed,True,True
3741,10,9,1,6,3.0,closed,True,True
3738,570,23,1,0,0.0,closed,False,False
3733,66,15,6,2,0.6666666666666666,closed,True,True
3731,42,29,2,0,0.0,closed,False,False
3730,20,7,2,0,0.0,closed,False,False
3729,611,440,2,0,0.0,closed,False,False
3728,51,38,2,0,0.0,closed,False,False
3727,169,90,2,0,0.0,closed,False,False
3726,5,5,2,0,0.0,closed,False,False
3725,136,32,2,0,0.0,closed,False,False
3724,5,5,2,0,0.0,closed,False,False
3723,25,156,2,0,0.0,closed,False,False
3722,11,11,2,0,0.0,closed,False,False
3721,2,9,2,0,0.0,closed,False,False
3720,20,20,2,0,0.0,closed,False,False
3718,709,274,1,0,0.0,closed,True,True
3717,83,3,1,9,4.5,open,False,False
3716,12,87,1,0,0.0,closed,True,True
3715,136,32,1,0,0.0,closed,True,True
3714,471,459,1,0,0.0,closed,True,True
3713,13,42,1,0,0.0,closed,True,True
3712,12,87,1,0,0.0,closed,True,True
3711,5,3,1,0,0.0,closed,True,True
3710,83,45,1,11,1.8333333333333333,closed,True,True
3708,22,3,2,3,0.75,closed,True,True
3701,7,1,4,0,0.0,closed,True,True
3700,0,2,2,0,0.0,closed,True,True
3699,4,4,4,0,0.0,closed,True,True
3698,20,7,2,0,0.0,closed,False,False
3697,42,29,2,0,0.0,closed,False,False
3696,53,27,1,12,1.7142857142857142,closed,True,True
3695,30,38,1,0,0.0,closed,True,True
3692,0,0,2,0,0.0,closed,True,True
3691,34,1,7,8,0.8,closed,True,True
3688,2,1,1,0,0.0,closed,True,True
3681,91,91,1,3,1.5,closed,True,True
3679,783,0,7,26,2.3636363636363638,closed,True,True
3678,187,11,2,14,2.3333333333333335,closed,True,True
3676,83,13,1,0,0.0,closed,True,True
3675,122,128,1,0,0.0,closed,True,True
3674,24,16,2,0,0.0,closed,False,False
3673,17,17,1,0,0.0,closed,True,True
3672,14,14,1,0,0.0,closed,True,True
3671,5,5,1,0,0.0,closed,True,True
3670,17,17,1,0,0.0,closed,True,True
3669,58,1,1,0,0.0,open,False,False
3668,216,1,3,0,0.0,closed,True,True
3666,25,16,2,0,0.0,closed,True,True
3665,3,3,1,0,0.0,closed,True,True
3664,3,3,1,0,0.0,closed,True,True
3663,1,0,2,0,0.0,closed,True,True
3662,13,1,1,0,0.0,closed,True,True
3661,23,7,1,0,0.0,open,False,False
3659,324,144,1,0,0.0,closed,True,True
3658,140,68,4,9,0.8181818181818182,closed,True,True
3657,16,14,1,1,0.25,closed,True,True
3656,13,2,1,1,1.0,open,False,False
3655,135,3,5,0,0.0,closed,False,False
3654,21,22,1,0,0.0,closed,True,True
3653,21,22,1,0,0.0,closed,True,True
3652,7,5,1,0,0.0,closed,True,True
3648,19,24,1,0,0.0,closed,True,True
3647,19,19,1,0,0.0,closed,True,True
3646,160,12,2,0,0.0,closed,False,False
3645,108,15,8,0,0.0,closed,True,True
3644,29,29,5,0,0.0,closed,False,False
3642,9,15,1,0,0.0,closed,True,True
3640,94,90,1,0,0.0,open,False,False
3639,21,200,7,1,0.16666666666666666,closed,True,True
3633,41,22,1,0,0.0,closed,True,True
3631,100,76,4,2,1.0,closed,True,True
3630,389,24,1,0,0.0,closed,True,True
3629,11,4,1,0,0.0,closed,True,True
3628,41,28,2,0,0.0,closed,False,False
3627,41,90,2,0,0.0,closed,False,False
3626,20,7,2,0,0.0,closed,False,False
3625,22,40,1,0,0.0,closed,True,True
3624,22,23,1,0,0.0,closed,True,True
3623,12,87,2,0,0.0,closed,False,False
3622,12,87,2,0,0.0,closed,False,False
3621,21,22,2,0,0.0,closed,False,False
3620,15,15,1,0,0.0,closed,True,True
3619,15,15,0,0,0.0,closed,True,True
3618,5,5,1,0,0.0,closed,True,True
3617,5,5,1,0,0.0,closed,True,True
3616,21,22,2,0,0.0,closed,False,False
3614,111,19,3,0,0.0,closed,True,True
3613,764,356,28,31,1.4090909090909092,closed,True,True
3612,12,87,2,0,0.0,closed,False,False
3611,12,87,2,0,0.0,closed,False,False
3610,5,5,1,0,0.0,closed,True,True
3609,3,3,1,0,0.0,closed,True,True
3603,228,20,3,0,0.0,closed,True,True
3596,1,0,1,0,0.0,closed,True,True
3595,87,87,1,0,0.0,closed,True,True
3594,15,15,1,0,0.0,closed,True,True
3593,5,5,1,0,0.0,closed,True,True
3592,42,29,2,0,0.0,closed,False,False
3591,5,5,2,0,0.0,closed,False,False
3590,3,3,2,0,0.0,closed,False,False
3589,5,5,1,0,0.0,closed,True,True
3588,46,37,1,0,0.0,closed,True,True
3587,46,37,1,0,0.0,closed,True,True
3586,20,33,1,0,0.0,closed,True,True
3585,5,5,1,0,0.0,closed,True,True
3584,5,5,1,0,0.0,closed,True,True
3583,100,46,2,0,0.0,closed,True,True
3581,72,17,1,3,0.5,closed,True,True
3580,162,70,5,16,1.7777777777777777,closed,True,True
3577,133,103,6,8,1.6,closed,True,True
3576,29,21,4,5,1.25,closed,True,True
3572,13,13,1,0,0.0,closed,True,True
3571,17,28,2,0,0.0,closed,True,True
3568,41,90,2,0,0.0,closed,False,False
3567,38,11,5,0,0.0,closed,True,True
3565,1,1,2,0,0.0,closed,True,True
3563,18,17,1,0,0.0,closed,False,False
3562,11,6,3,0,0.0,closed,True,True
3559,22,9,1,0,0.0,closed,True,True
3558,20,15,1,0,0.0,closed,True,True
3557,28,16,1,0,0.0,closed,True,True
3556,3,3,1,0,0.0,closed,True,True
3555,3,2,1,0,0.0,closed,True,True
3554,3,3,1,0,0.0,closed,True,True
3552,9,1,3,0,0.0,closed,True,True
3551,41,90,2,0,0.0,closed,False,False
3550,20,33,1,0,0.0,closed,True,True
3549,95,54,1,0,0.0,closed,True,True
3548,12,87,2,0,0.0,closed,False,False
3547,95,54,1,0,0.0,closed,True,True
3546,12,87,2,0,0.0,closed,False,False
3543,36,13,2,0,0.0,closed,True,True
3542,1091,284,1,0,0.0,closed,True,True
3540,52,7,2,0,0.0,closed,True,True
3539,84,77,1,2,0.6666666666666666,closed,True,True
3538,24,1,3,2,0.2222222222222222,closed,True,True
3534,884,448,1,0,0.0,open,False,False
3530,38,15,10,0,0.0,closed,False,False
3529,42,29,2,0,0.0,closed,False,False
3528,10,10,1,0,0.0,closed,True,True
3527,143,55,2,0,0.0,closed,False,False
3526,50,45,1,0,0.0,closed,True,True
3525,50,45,1,0,0.0,closed,True,True
3524,143,55,2,0,0.0,closed,False,False
3523,10,10,1,0,0.0,closed,True,True
3522,5,5,1,0,0.0,closed,True,True
3521,45,94,1,0,0.0,closed,True,True
3516,270,96,2,10,0.7692307692307693,closed,False,False
3512,782,243,58,2,0.046511627906976744,closed,True,True
3508,19,3,5,0,0.0,closed,True,True
3507,91806,0,2,2,2.0,closed,False,False
3506,3,6,1,0,0.0,closed,True,True
3501,2,0,1,0,0.0,closed,True,True
3497,91,21,1,6,0.4,closed,True,True
3495,41,28,2,0,0.0,closed,False,False
3494,5,5,1,0,0.0,closed,True,True
3493,43,44,1,0,0.0,closed,True,True
3492,5,5,1,0,0.0,closed,True,True
3491,15,15,1,0,0.0,closed,True,True
3490,9,84,2,0,0.0,closed,False,False
3489,5,5,1,0,0.0,closed,True,True
3488,9,84,2,0,0.0,closed,False,False
3487,43,44,1,0,0.0,closed,True,True
3486,5,5,1,0,0.0,closed,True,True
3484,16,17,2,3,0.75,closed,True,True
3483,57,26,1,4,1.0,closed,True,True
3482,19,5,2,4,0.6666666666666666,closed,True,True
3481,33,411,3,1,0.3333333333333333,closed,True,True
3480,20,6,14,2,0.4,closed,True,True
3478,7,3,1,1,0.3333333333333333,closed,True,True
3477,50,2,5,0,0.0,open,False,False
3476,149,2,2,0,0.0,closed,True,True
3472,399,64,1,0,0.0,closed,True,True
3471,27,19,4,1,0.25,closed,True,True
3470,20,21,1,0,0.0,closed,True,True
3469,15,15,1,0,0.0,closed,True,True
3466,13,7,1,1,0.25,closed,True,True
3462,34,29,1,2,2.0,closed,True,True
3461,5,4,1,0,0.0,closed,True,True
3460,7,6,1,0,0.0,closed,True,True
3459,5,5,1,0,0.0,closed,True,True
3458,5,5,1,0,0.0,closed,True,True
3457,20,21,1,0,0.0,closed,True,True
3456,5,5,1,0,0.0,closed,True,True
3455,5,5,1,0,0.0,closed,True,True
3454,5,5,2,0,0.0,closed,False,False
3453,20,21,2,0,0.0,closed,False,False
3452,14,0,1,7,1.75,closed,True,True
3451,189,77,9,14,1.0,closed,True,True
3447,15,14,1,5,2.5,closed,True,True
3446,90,61,5,8,1.0,closed,True,True
3444,2,2,1,2,0.6666666666666666,closed,True,True
3443,10,10,1,0,0.0,closed,True,True
3442,23,23,1,0,0.0,closed,True,True
3441,85,83,1,0,0.0,closed,True,True
3440,68,30,1,0,0.0,closed,True,True
3439,5,5,1,0,0.0,closed,True,True
3438,7,58,1,0,0.0,closed,True,True
3437,5,5,1,0,0.0,closed,True,True
3436,5,5,1,0,0.0,closed,True,True
3435,61,17,1,0,0.0,closed,True,True
3434,10,55,1,0,0.0,closed,True,True
3433,5,5,1,0,0.0,closed,True,True
3432,18,18,1,0,0.0,closed,True,True
3431,68,30,1,0,0.0,closed,True,True
3430,487,359,10,13,0.5909090909090909,closed,True,True
3428,40,6,5,16,2.0,closed,False,False
3427,84,55,5,6,1.0,closed,True,True
3424,1133,200,16,0,0.0,closed,False,False
3423,12,21,1,0,0.0,closed,True,True
3422,10,8,1,0,0.0,closed,True,True
3421,10,9,1,0,0.0,closed,True,True
3420,39,8,2,5,0.5,closed,True,True
3419,5,4,1,0,0.0,closed,True,True
3418,5,5,1,0,0.0,closed,True,True
3417,5,4,1,0,0.0,closed,True,True
3416,69,78,1,0,0.0,closed,True,True
3415,5,62,2,0,0.0,closed,False,False
3414,162,144,4,13,1.8571428571428572,closed,True,True
3411,280,3,5,0,0.0,closed,True,True
3409,16,4,5,0,0.0,closed,False,False
3408,47,8,6,6,0.375,closed,True,True
3407,2,9,1,0,0.0,closed,True,True
3406,2,4,2,0,0.0,closed,True,True
3404,57,10,2,0,0.0,closed,True,True
3403,42,36,1,0,0.0,closed,True,True
3399,5306,4898,1,0,0.0,closed,True,True
3398,94,73,1,1,0.125,closed,True,True
3397,4,2,1,0,0.0,closed,True,True
3396,5,4,1,0,0.0,closed,True,True
3393,4,4,1,0,0.0,closed,True,True
3392,46,24,2,0,0.0,closed,False,False
3391,107,93,1,0,0.0,closed,True,True
3390,5,5,1,0,0.0,closed,True,True
3389,5,5,1,0,0.0,closed,True,True
3388,5,5,1,0,0.0,closed,True,True
3387,17,18,1,0,0.0,closed,True,True
3386,17,18,1,0,0.0,closed,True,True
3385,5,5,1,0,0.0,closed,True,True
3383,5,3,2,2,2.0,closed,True,True
3381,137,223,2,0,0.0,closed,False,False
3380,41,90,2,0,0.0,closed,False,False
3379,243,258,7,11,0.6111111111111112,closed,True,True
3377,31,31,1,0,0.0,closed,True,True
3374,14,2,1,2,0.4,closed,True,True
3373,4,4,1,0,0.0,closed,True,True
3371,97,63,1,0,0.0,closed,True,True
3369,33,1,14,1,0.5,closed,True,True
3368,2,7,8,0,0.0,closed,False,False
3367,3,1,1,0,0.0,closed,True,True
3365,22,9,6,0,0.0,closed,False,False
3364,637,15,11,30,1.5789473684210527,closed,True,True
3360,126,75,1,1,0.25,closed,True,True
3359,1,2,3,1,0.3333333333333333,closed,True,True
3357,437,2,4,26,2.3636363636363638,closed,True,True
3355,760,2,1,0,0.0,closed,True,True
3353,27,18,1,0,0.0,closed,True,True
3352,80,46,1,0,0.0,closed,True,True
3351,23,18,1,0,0.0,closed,True,True
3350,10070,10564,1,0,0.0,closed,True,True
3349,4,4,1,0,0.0,closed,True,True
3348,12,12,1,0,0.0,closed,True,True
3347,75,41,1,0,0.0,closed,True,True
3346,23,18,1,0,0.0,closed,True,True
3345,75,41,1,0,0.0,closed,True,True
3344,5,5,1,0,0.0,closed,True,True
3343,21,20,1,0,0.0,closed,True,True
3342,21,26,1,0,0.0,closed,True,True
3341,5,5,1,0,0.0,closed,True,True
3340,5,5,1,0,0.0,closed,True,True
3339,5,5,1,0,0.0,closed,True,True
3338,21,26,1,0,0.0,closed,True,True
3337,36,3,8,0,0.0,closed,True,True
3335,36,36,1,0,0.0,closed,True,True
3333,27,23,3,1,1.0,closed,True,True
3331,4,20,1,0,0.0,closed,True,True
3330,115,4,5,0,0.0,closed,True,True
3329,10,7,2,0,0.0,closed,True,True
3326,11,3,3,0,0.0,closed,True,True
3325,11,2,3,0,0.0,closed,True,True
3323,10568,10029,5,0,0.0,closed,True,True
3320,68,17,1,7,1.0,closed,True,True
3319,35,33,2,0,0.0,closed,True,True
3318,201,215,5,2,0.2857142857142857,closed,True,True
3316,1,1,1,0,0.0,closed,True,True
3315,24,26,1,0,0.0,closed,True,True
3313,91,23,1,0,0.0,closed,True,True
3310,17,3,1,3,1.5,closed,True,True
3306,32,3,1,2,1.0,closed,True,True
3305,10026,10561,2,0,0.0,closed,False,False
3304,10023,10562,2,0,0.0,closed,False,False
3303,10560,9916,4,0,0.0,closed,True,True
3299,10,5,2,2,0.4,closed,True,True
3298,4,4,1,0,0.0,closed,True,True
3297,10033,10563,1,0,0.0,closed,True,True
3296,4,4,1,0,0.0,closed,True,True
3295,5,5,1,0,0.0,closed,True,True
3294,5,5,1,0,0.0,closed,True,True
3293,5,5,1,0,0.0,closed,True,True
3292,5,5,1,0,0.0,closed,True,True
3291,1,8,2,1,1.0,closed,True,True
3290,1,1,2,0,0.0,closed,False,False
3289,39,6,3,3,0.5,closed,True,True
3288,31,28,1,0,0.0,closed,True,True
3286,46,48,7,1,0.2,closed,True,True
3284,3,0,1,0,0.0,closed,True,True
3283,1,1,2,0,0.0,closed,True,True
3281,1,3,1,0,0.0,closed,True,True
3279,62,267,1,0,0.0,closed,True,True
3275,25,1,2,0,0.0,closed,True,True
3274,2,2,1,0,0.0,closed,True,True
3273,75,3,19,14,0.9333333333333333,closed,True,True
3270,98,98,1,0,0.0,closed,True,True
3269,1,9,1,0,0.0,closed,True,True
3266,79,31,5,0,0.0,closed,False,False
3265,52,72,1,1,0.1111111111111111,closed,True,True
3261,16,14,1,0,0.0,closed,True,True
3258,117,11,2,13,1.0,closed,True,True
3257,41,28,1,0,0.0,closed,True,True
3256,4,4,1,0,0.0,closed,True,True
3255,195,171,1,0,0.0,closed,True,True
3254,4,4,1,0,0.0,closed,True,True
3253,11164,13662,1,0,0.0,closed,True,True
3252,4,4,1,0,0.0,closed,True,True
3251,10,10,1,0,0.0,closed,True,True
3250,3,3,1,0,0.0,closed,True,True
3249,16,11,1,0,0.0,closed,True,True
3248,25,25,1,0,0.0,closed,True,True
3247,5,5,1,0,0.0,closed,True,True
3246,5,5,1,0,0.0,closed,True,True
3245,5,5,2,0,0.0,closed,True,True
3244,10,10,1,0,0.0,closed,True,True
3243,16,11,1,0,0.0,closed,True,True
3242,25,25,1,0,0.0,closed,True,True
3241,32,92,2,0,0.0,closed,False,False
3237,324,382,3,0,0.0,closed,True,True
3236,3,2,1,0,0.0,closed,True,True
3235,15,19,5,0,0.0,open,False,False
3230,13582,13133,5,25,1.6666666666666667,closed,True,True
3228,62,10,8,12,1.0,closed,True,True
3227,35,3,1,4,0.4444444444444444,closed,True,True
3226,1,0,1,0,0.0,closed,True,True
3225,18,16,4,1,0.25,closed,True,True
3223,2,18,2,0,0.0,closed,False,False
3222,54,10,3,3,1.5,closed,True,True
3221,168,100,1,0,0.0,closed,True,True
3219,1,2,1,0,0.0,closed,True,True
3215,17,0,4,0,0.0,closed,True,True
3212,0,2,1,0,0.0,closed,True,True
3211,5,0,1,7,1.75,closed,True,True
3209,7,20,1,0,0.0,closed,True,True
3208,5,5,1,0,0.0,closed,True,True
3207,36,26,7,4,0.4,closed,True,True
3206,10,1,7,8,0.8,closed,True,True
3202,22,0,2,6,1.2,closed,True,True
3201,5,5,7,0,0.0,closed,True,True
3200,7,3,1,1,0.25,closed,True,True
3199,11,3,1,0,0.0,closed,True,True
3196,21,17,1,0,0.0,closed,True,True
3195,5,72,2,0,0.0,closed,False,False
3194,41,28,1,0,0.0,closed,True,True
3193,5,5,1,0,0.0,closed,True,True
3192,3,3,1,0,0.0,closed,True,True
3191,5,5,1,0,0.0,closed,True,True
3190,5,5,1,0,0.0,closed,True,True
3189,5,5,1,0,0.0,closed,True,True
3188,5,5,1,0,0.0,closed,True,True
3187,5,5,1,0,0.0,closed,True,True
3186,5,5,1,0,0.0,closed,True,True
3183,1,0,1,0,0.0,closed,True,True
3182,18,2,1,1,0.2,closed,True,True
3179,72,38,1,0,0.0,closed,True,True
3174,12,7,1,10,1.4285714285714286,closed,True,True
3173,7,1,7,0,0.0,closed,False,False
3172,5,5,1,0,0.0,closed,True,True
3171,142,13,2,0,0.0,closed,True,True
3170,2,2,1,0,0.0,closed,True,True
3168,14,27,1,3,0.75,closed,True,True
3166,306,238,1,0,0.0,closed,True,True
3165,25,4,2,1,0.16666666666666666,closed,True,True
3161,69,52,1,4,1.3333333333333333,closed,True,True
3159,13,3,3,2,0.6666666666666666,closed,True,True
3154,39,4,14,0,0.0,closed,True,True
3148,1,1,2,0,0.0,closed,True,True
3146,6,6,8,1,1.0,closed,False,False
3145,0,0,3,0,0.0,open,False,False
3144,1,0,1,0,0.0,closed,True,True
3142,8,36,2,4,0.5,closed,True,True
3141,7,7,1,0,0.0,closed,True,True
3140,10,10,1,0,0.0,closed,True,True
3139,39,99,2,0,0.0,closed,False,False
3138,5,5,1,0,0.0,closed,True,True
3137,5,5,1,0,0.0,closed,True,True
3136,7,7,1,0,0.0,closed,True,True
3135,98,100,1,0,0.0,closed,True,True
3134,21,16,1,0,0.0,closed,True,True
3133,8,10,1,0,0.0,closed,True,True
3132,108,105,1,0,0.0,closed,True,True
3131,5,5,1,0,0.0,closed,True,True
3130,10,17,1,0,0.0,closed,True,True
3129,5,5,1,0,0.0,closed,True,True
3128,21,16,1,0,0.0,closed,True,True
3124,9,9,9,1,0.5,closed,True,True
3123,37,1,4,4,1.0,closed,False,False
3122,7,4,1,0,0.0,closed,True,True
3120,5,5,3,0,0.0,closed,False,False
3119,67,81,1,0,0.0,closed,True,True
3118,5,72,2,0,0.0,closed,False,False
3117,10,10,1,0,0.0,closed,True,True
3116,8,8,1,0,0.0,closed,True,True
3115,6,14,1,0,0.0,closed,True,True
3114,56,62,1,0,0.0,closed,True,True
3113,25,68,1,0,0.0,closed,True,True
3112,2,30,1,0,0.0,closed,True,True
3111,61,23,1,0,0.0,closed,True,True
3110,43,75,1,0,0.0,closed,True,True
3109,180,140,1,0,0.0,closed,True,True
3108,301,149,1,0,0.0,closed,True,True
3107,3,10,1,0,0.0,closed,True,True
3106,10,10,1,0,0.0,closed,True,True
3105,70,22,1,0,0.0,closed,True,True
3104,2,29,1,0,0.0,closed,True,True
3103,17,8,1,0,0.0,closed,True,True
3102,6,6,1,0,0.0,closed,True,True
3099,7,10,1,0,0.0,closed,True,True
3098,2,2,1,6,1.2,closed,True,True
3097,5,5,1,0,0.0,closed,True,True
3096,5,72,2,0,0.0,closed,False,False
3092,5121,7897,1,0,0.0,closed,True,True
3088,83,83,1,0,0.0,closed,True,True
3087,28,41,1,0,0.0,closed,True,True
3086,79,50,1,0,0.0,closed,True,True
3085,20,7,1,0,0.0,closed,True,True
3084,31,31,1,0,0.0,closed,True,True
3083,5,5,1,0,0.0,closed,True,True
3082,31,31,1,0,0.0,closed,True,True
3081,36,9,1,0,0.0,closed,True,True
3080,9,9,1,0,0.0,closed,True,True
3079,4,24,1,0,0.0,closed,True,True
3078,5,5,1,0,0.0,closed,True,True
3077,3,3,1,0,0.0,closed,True,True
3076,5,5,1,0,0.0,closed,True,True
3075,43,43,1,0,0.0,closed,True,True
3074,19,12,1,0,0.0,closed,True,True
3073,43,43,1,0,0.0,closed,True,True
3072,5,5,1,0,0.0,closed,True,True
3070,37,18,1,4,0.5,closed,True,True
3068,35,12,1,3,0.3,closed,True,True
3067,36,374,1,0,0.0,closed,True,True
3065,16,16,1,0,0.0,closed,True,True
3063,71,23,4,0,0.0,closed,False,False
3057,15299,23668,9,3,0.3,closed,True,True
3050,16,17,1,1,0.3333333333333333,closed,True,True
3049,105,46,2,0,0.0,closed,True,True
3047,142,2,25,4,0.26666666666666666,open,False,False
3046,264,14,26,12,1.0,closed,True,True
3045,27,20,8,0,0.0,open,False,False
3044,1,0,9,0,0.0,closed,True,True
3041,0,3,3,0,0.0,closed,False,False
3040,0,1,2,0,0.0,closed,True,True
3039,5,72,3,0,0.0,closed,False,False
3038,16,16,1,0,0.0,closed,True,True
3037,4,4,1,0,0.0,closed,True,True
3036,4,4,1,0,0.0,closed,True,True
3035,4,4,1,0,0.0,closed,True,True
3034,4,4,1,0,0.0,closed,True,True
3033,96,150,1,0,0.0,closed,True,True
3032,7,7,1,0,0.0,closed,True,True
3031,73,256,1,0,0.0,closed,True,True
3030,46,35,1,0,0.0,closed,True,True
3029,4,4,1,0,0.0,closed,True,True
3028,12,158,1,0,0.0,closed,True,True
3027,4,4,1,0,0.0,closed,True,True
3026,10,10,1,0,0.0,closed,True,True
3025,9,9,1,0,0.0,closed,True,True
3024,9,15,1,0,0.0,closed,True,True
3023,13,13,1,0,0.0,closed,True,True
3022,4,4,1,0,0.0,closed,True,True
3021,9,292,1,0,0.0,closed,True,True
3020,4,4,1,0,0.0,closed,True,True
3019,73,1557,1,0,0.0,closed,True,True
3018,73,44,2,4,0.5,closed,True,True
3017,420,130,1,0,0.0,closed,True,True
3016,269,35,3,2,0.05263157894736842,closed,False,False
3009,14,6,1,0,0.0,closed,True,True
3008,27,3,2,0,0.0,closed,True,True
3005,7,2,9,0,0.0,closed,False,False
3003,113,21,1,0,0.0,closed,True,True
3002,4,0,7,6,1.5,closed,True,True
3000,181,115,1,0,0.0,closed,True,True
2998,4,4,3,0,0.0,closed,False,False
2997,20,2,4,0,0.0,closed,True,True
2996,9,9,1,0,0.0,closed,True,True
2995,1,0,2,0,0.0,closed,True,True
2994,55,28,3,0,0.0,closed,True,True
2993,8331,289,55,0,0.0,closed,False,False
2992,28365,152,7,0,0.0,closed,False,False
2988,19,2,1,0,0.0,closed,True,True
2986,167,134,1,0,0.0,closed,True,True
2984,37,53,1,0,0.0,closed,True,True
2983,16,16,1,0,0.0,closed,True,True
2982,31,31,2,0,0.0,closed,False,False
2981,13,13,2,0,0.0,closed,False,False
2980,4,4,1,0,0.0,closed,True,True
2979,1479,1291,1,0,0.0,closed,True,True
2978,7,7,1,0,0.0,closed,True,True
2977,36,101,2,0,0.0,closed,False,False
2976,32,11,1,0,0.0,closed,True,True
2975,29,24,1,0,0.0,closed,True,True
2974,13,13,1,0,0.0,closed,True,True
2973,2485,521,1,0,0.0,closed,True,True
2972,167,7,1,0,0.0,closed,True,True
2971,5,41,1,0,0.0,closed,True,True
2970,443,449,1,0,0.0,closed,True,True
2969,7,7,1,0,0.0,closed,True,True
2968,39,5,1,0,0.0,closed,True,True
2967,40,6,1,0,0.0,closed,True,True
2966,7,54,1,0,0.0,closed,True,True
2965,4,51,1,0,0.0,closed,True,True
2964,21,7,1,0,0.0,closed,True,True
2963,95,50,1,0,0.0,closed,True,True
2962,7,7,1,0,0.0,closed,True,True
2961,13,5,1,0,0.0,closed,True,True
2960,13,5,1,0,0.0,closed,True,True
2959,181,11,1,0,0.0,closed,True,True
2958,23,23,1,0,0.0,closed,True,True
2957,264,124,1,0,0.0,closed,True,True
2956,311,20,1,0,0.0,closed,True,True
2955,18,10,1,0,0.0,closed,True,True
2954,181,11,1,0,0.0,closed,True,True
2953,23,23,1,0,0.0,closed,True,True
2952,311,20,1,0,0.0,closed,True,True
2950,2,2,3,4,1.0,closed,True,True
2949,346,1,19,10,0.29411764705882354,closed,False,False
2948,9,0,5,6,0.6,closed,True,True
2947,146,144,3,0,0.0,closed,True,True
2946,81,81,1,0,0.0,closed,True,True
2944,3,3,2,3,1.0,closed,True,True
2943,19,20,1,0,0.0,closed,True,True
2942,140,0,1,0,0.0,open,False,False
2941,39,9,2,10,2.0,closed,True,True
2939,2,1,1,0,0.0,closed,True,True
2938,32,29,1,6,2.0,closed,True,True
2937,8,1,5,0,0.0,closed,True,True
2934,1,1,1,0,0.0,open,False,False
2930,60,60,1,0,0.0,closed,True,True
2927,52,21,9,0,0.0,closed,False,False
2925,1,1,1,0,0.0,closed,True,True
2924,4,2,1,0,0.0,closed,True,True
2920,17,4,3,0,0.0,closed,True,True
2917,7,3,3,0,0.0,closed,True,True
2916,5,4,3,0,0.0,closed,True,True
2914,5,2,1,0,0.0,closed,True,True
2912,5,2,1,2,0.6666666666666666,closed,True,True
2909,212,228,2,10,2.0,closed,True,True
2908,42,1,2,5,0.45454545454545453,closed,True,True
2906,232,67,1,0,0.0,closed,True,True
2904,11,8,1,0,0.0,closed,True,True
2901,144,5,3,6,0.42857142857142855,closed,True,True
2900,5,0,1,0,0.0,closed,True,True
2898,74,73,1,0,0.0,closed,True,True
2894,336,57,1,0,0.0,closed,True,True
2893,0,7,1,1,0.5,closed,True,True
2890,79,24,2,0,0.0,closed,False,False
2889,57,41,1,0,0.0,closed,True,True
2888,16,16,1,0,0.0,closed,True,True
2887,4,4,1,0,0.0,closed,True,True
2886,4,4,1,0,0.0,closed,True,True
2885,4,4,1,0,0.0,closed,True,True
2884,18,12,2,11,2.2,closed,True,True
2883,41,58,1,0,0.0,closed,True,True
2881,12,4,2,0,0.0,closed,True,True
2880,0,6,2,0,0.0,closed,False,False
2878,7,32,1,0,0.0,closed,True,True
2877,157,7,17,12,0.631578947368421,closed,True,True
2875,24,24,1,0,0.0,closed,True,True
2874,1,3,2,0,0.0,closed,True,True
2872,41,32,9,2,0.2857142857142857,closed,True,True
2871,21,18,3,3,0.6,closed,True,True
2867,24,22,4,0,0.0,closed,True,True
2863,20,28,1,0,0.0,closed,True,True
2862,10,10,1,0,0.0,closed,True,True
2861,48,48,2,0,0.0,closed,True,True
2858,1,1,1,0,0.0,closed,True,True
2857,187,18,14,0,0.0,closed,True,True
2856,9,12,1,0,0.0,closed,True,True
2855,9,1,1,0,0.0,closed,True,True
2854,13,13,1,0,0.0,closed,True,True
2853,16,16,1,0,0.0,closed,True,True
2852,25,80,1,0,0.0,closed,True,True
2851,4,4,1,0,0.0,closed,True,True
2850,10,10,1,0,0.0,closed,True,True
2849,68,13,1,0,0.0,closed,True,True
2848,13,13,1,0,0.0,closed,True,True
2847,68,13,1,0,0.0,closed,True,True
2846,11,11,1,0,0.0,closed,True,True
2845,14,14,1,0,0.0,closed,True,True
2844,8,8,1,0,0.0,closed,True,True
2840,545,231,26,5,0.16666666666666666,closed,True,True
2839,40,40,3,0,0.0,closed,True,True
2835,64,2,7,0,0.0,closed,True,True
2834,312,264,1,5,0.5,closed,True,True
2833,41,15,19,0,0.0,closed,True,True
2831,29,8,4,0,0.0,closed,True,True
2828,1,1,1,0,0.0,closed,True,True
2825,16,2,2,2,0.5,closed,False,False
2824,3,2,1,6,3.0,closed,True,True
2821,9,4,2,1,0.5,closed,True,True
2820,1,1,1,0,0.0,closed,False,False
2819,8,9,4,0,0.0,closed,True,True
2817,47,47,2,0,0.0,closed,True,True
2816,1,1,6,2,1.0,closed,True,True
2814,0,8,1,0,0.0,closed,False,False
2813,15,8,2,9,2.25,closed,True,True
2812,470,437,12,0,0.0,closed,True,True
2811,4,4,1,0,0.0,closed,True,True
2810,8,8,1,0,0.0,closed,True,True
2809,80,25,1,0,0.0,closed,True,True
2808,46,46,1,0,0.0,closed,True,True
2807,13,13,1,0,0.0,closed,True,True
2806,45,122,2,0,0.0,closed,False,False
2805,4,4,1,0,0.0,closed,True,True
2804,4,4,1,0,0.0,closed,True,True
2803,18,11,1,0,0.0,closed,True,True
2802,4,4,1,0,0.0,closed,True,True
2801,4,4,1,0,0.0,closed,True,True
2800,15,22,1,0,0.0,closed,True,True
2798,5,12,2,0,0.0,closed,True,True
2797,2,2,4,0,0.0,closed,False,False
2790,752,560,1,0,0.0,closed,True,True
2788,45,51,2,0,0.0,closed,True,True
2783,6,0,7,10,2.5,closed,True,True
2782,1,1,1,0,0.0,closed,True,True
2779,4,1,1,0,0.0,closed,True,True
2776,29,0,6,0,0.0,closed,False,False
2774,5,3,7,0,0.0,closed,True,True
2773,2,2,1,0,0.0,closed,True,True
2772,161,3,20,13,0.6842105263157895,closed,True,True
2770,17,3,1,0,0.0,closed,True,True
2769,108,124,1,0,0.0,closed,True,True
2768,103,133,1,0,0.0,closed,True,True
2763,12,0,1,0,0.0,closed,True,True
2762,7,2,2,0,0.0,closed,False,False
2761,288,172,1,0,0.0,closed,True,True
2760,45,122,2,0,0.0,closed,False,False
2759,4,4,1,0,0.0,closed,True,True
2758,18,18,1,0,0.0,closed,True,True
2757,44,29,1,0,0.0,closed,True,True
2756,4,3102,1,0,0.0,closed,True,True
2755,10,48,1,0,0.0,closed,True,True
2754,4,4,1,0,0.0,closed,True,True
2753,89,11,1,0,0.0,closed,True,True
2752,17,17,2,0,0.0,closed,False,False
2751,8,8,2,0,0.0,closed,False,False
2750,7,7,1,0,0.0,closed,True,True
2749,74,11,1,0,0.0,closed,True,True
2748,7,15,4,0,0.0,closed,False,False
2742,30,31,1,0,0.0,closed,True,True
2741,1,1,1,2,1.0,closed,True,True
2740,0,0,2,0,0.0,closed,True,True
2739,9,7,4,0,0.0,closed,True,True
2736,84,66,3,3,0.42857142857142855,closed,True,True
2734,10,0,5,2,0.4,closed,True,True
2732,26,23,1,0,0.0,closed,True,True
2731,45,14,15,4,0.4,closed,True,True
2726,50,7,24,2,0.2222222222222222,closed,True,True
2725,72,3,2,6,0.5,closed,True,True
2724,1,0,2,0,0.0,closed,True,True
2722,170,423,2,6,0.6,closed,True,True
2721,36,25,8,1,0.25,closed,True,True
2720,112,323,20,10,1.6666666666666667,closed,True,True
2707,41,41,1,9,1.8,closed,True,True
2705,205,0,4,0,0.0,open,False,False
2704,38,12,3,0,0.0,open,False,False
2702,4,4,1,0,0.0,closed,True,True
2701,43,132,1,0,0.0,closed,True,True
2700,7,7,1,0,0.0,closed,True,True
2699,18,18,1,0,0.0,closed,True,True
2698,15,15,1,0,0.0,closed,True,True
2697,56,180,1,0,0.0,closed,True,True
2696,7,7,1,0,0.0,closed,True,True
2694,53,49,7,1,0.2,closed,True,True
2689,1,1,1,0,0.0,closed,True,True
2687,181,193,1,2,0.09523809523809523,closed,False,False
2686,24,28,12,1,0.09090909090909091,closed,True,True
2685,2,2,1,0,0.0,closed,True,True
2684,7,19,1,1,0.2,closed,True,True
2683,123,90,2,0,0.0,closed,False,False
2682,4,11,1,0,0.0,closed,True,True
2681,772,500,1,9,0.030716723549488054,closed,True,True
2680,21,17,3,2,0.6666666666666666,closed,True,True
2677,20,16,1,3,0.6,closed,True,True
2676,7,7,1,0,0.0,closed,True,True
2675,26,78,2,0,0.0,closed,False,False
2674,39,126,2,0,0.0,closed,False,False
2673,14,0,1,0,0.0,closed,True,True
2670,1053,324,13,6,0.15384615384615385,closed,True,True
2669,38,38,1,0,0.0,closed,True,True
2668,161,133,5,0,0.0,closed,True,True
2667,21,7,12,13,1.1818181818181819,closed,True,True
2666,274,0,5,3,1.5,closed,False,False
2665,0,142,2,0,0.0,closed,True,True
2663,209,87,3,2,0.2222222222222222,closed,False,False
2662,167,0,1,0,0.0,closed,False,False
2659,354,173,18,1,0.125,closed,True,True
2658,574,215,7,3,0.75,closed,False,False
2657,243,70,2,0,0.0,closed,False,False
2656,16,10,1,0,0.0,closed,True,True
2655,17,11,1,0,0.0,closed,True,True
2654,1,2,1,0,0.0,closed,True,True
2650,33,33,3,0,0.0,closed,False,False
2648,14,10,4,0,0.0,closed,True,True
2645,27,17,2,4,1.3333333333333333,closed,True,True
2644,272,193,15,21,0.7777777777777778,closed,True,True
2642,10,0,1,0,0.0,closed,True,True
2640,1,0,3,0,0.0,closed,True,True
2639,1,96,2,0,0.0,closed,True,True
2638,23,13,1,0,0.0,closed,True,True
2637,1,6,1,1,0.25,closed,True,True
2636,63,23,1,8,8.0,closed,True,True
2635,11,4,2,0,0.0,closed,False,False
2634,4,4,1,0,0.0,closed,True,True
2633,80,25,2,0,0.0,closed,False,False
2632,4,4,1,0,0.0,closed,True,True
2631,12,12,1,0,0.0,closed,True,True
2630,22,6,2,0,0.0,closed,False,False
2629,279,334,1,0,0.0,closed,True,True
2628,38,13,1,0,0.0,closed,True,True
2627,7,7,1,0,0.0,closed,True,True
2626,29,457,1,0,0.0,closed,True,True
2625,4,4,1,0,0.0,closed,True,True
2624,38,13,1,0,0.0,closed,True,True
2623,29,457,1,0,0.0,closed,True,True
2622,3,2,1,7,0.7777777777777778,closed,True,True
2621,44,38,4,2,0.5,closed,False,False
2620,914,649,2,0,0.0,closed,True,True
2619,11,3,1,1,0.3333333333333333,closed,True,True
2616,173,16,3,0,0.0,closed,True,True
2615,56,0,1,0,0.0,closed,True,True
2614,3,3,5,0,0.0,closed,False,False
2612,164,117,2,0,0.0,closed,True,True
2610,16,0,1,1,0.3333333333333333,closed,True,True
2608,42,45,2,4,0.5,closed,True,True
2607,200,37,3,15,1.25,open,False,False
2604,10,8,1,0,0.0,closed,True,True
2603,11,8,1,0,0.0,closed,False,False
2602,25,0,5,0,0.0,closed,False,False
2601,0,1,2,0,0.0,closed,True,True
2598,7,9,1,0,0.0,closed,True,True
2596,3,0,2,1,0.25,closed,True,True
2595,3,0,1,0,0.0,closed,False,False
2594,3,4,1,0,0.0,closed,True,True
2593,960,3838,1,0,0.0,closed,True,True
2592,55,96,3,0,0.0,closed,True,True
2591,21,3,2,5,2.5,closed,True,True
2590,0,3,1,0,0.0,closed,True,True
2589,1178,3746,4,0,0.0,closed,True,True
2586,4,0,1,1,0.2,closed,True,True
2583,2,2,1,0,0.0,closed,True,True
2582,6,4,2,5,1.6666666666666667,closed,False,False
2581,5,14,1,0,0.0,closed,True,True
2580,26,26,1,0,0.0,closed,True,True
2579,13,13,1,0,0.0,closed,True,True
2578,4,4,1,0,0.0,closed,True,True
2577,4,4,1,0,0.0,closed,True,True
2576,139,92,3,0,0.0,closed,False,False
2575,7,73,1,0,0.0,closed,True,True
2574,5,5,1,0,0.0,closed,True,True
2573,4,4,1,0,0.0,closed,True,True
2572,32,131,4,0,0.0,closed,False,False
2571,247,671,1,0,0.0,closed,True,True
2570,1185,281,2,0,0.0,closed,False,False
2569,4,4,1,0,0.0,closed,True,True
2568,83,16,2,0,0.0,closed,False,False
2567,88,82,2,0,0.0,closed,False,False
2566,114,6,2,0,0.0,closed,False,False
2565,71,33,2,0,0.0,closed,False,False
2564,41,62,2,0,0.0,closed,False,False
2563,128,24,2,0,0.0,closed,False,False
2562,34,5,2,0,0.0,closed,False,False
2561,25,80,1,0,0.0,closed,True,True
2560,7,7,2,0,0.0,closed,False,False
2559,68,48,2,0,0.0,closed,False,False
2558,5,5,1,0,0.0,closed,True,True
2557,184,24,2,0,0.0,closed,False,False
2556,26,5,2,0,0.0,closed,False,False
2555,4,4,2,0,0.0,closed,False,False
2554,125,140,1,0,0.0,closed,True,True
2553,40,7,2,0,0.0,closed,False,False
2552,7,7,2,0,0.0,closed,False,False
2551,77,7,2,0,0.0,closed,False,False
2550,4,4,1,0,0.0,closed,True,True
2549,77,7,2,0,0.0,closed,False,False
2548,213,44,2,0,0.0,closed,False,False
2547,4,4,2,0,0.0,closed,False,False
2546,153,160,2,0,0.0,closed,False,False
2545,20,6,2,0,0.0,closed,False,False
2544,88,82,2,0,0.0,closed,False,False
2543,4,4,2,0,0.0,closed,False,False
2542,253,677,2,0,0.0,closed,False,False
2541,5,5,2,0,0.0,closed,False,False
2540,4,4,2,0,0.0,closed,False,False
2539,12,13,2,0,0.0,closed,False,False
2538,16,5,2,0,0.0,closed,False,False
2537,113,72,2,0,0.0,closed,False,False
2536,252,228,2,0,0.0,closed,False,False
2535,37,0,1,0,0.0,closed,True,True
2534,53,19,2,9,1.125,closed,True,True
2532,78,76,8,4,0.8,closed,True,True
2530,15,1,2,0,0.0,closed,True,True
2527,8,1,3,0,0.0,closed,True,True
2522,64,30,12,25,1.5625,closed,True,True
2521,1296,1371,1,5,1.0,open,False,False
2520,872,4,42,0,0.0,closed,True,True
2518,95,3,5,5,0.2631578947368421,closed,True,True
2517,156,287,2,0,0.0,closed,True,True
2515,24,11,2,0,0.0,closed,True,True
2511,21,5,2,0,0.0,closed,True,True
2509,7,1,1,0,0.0,closed,True,True
2508,10,5,3,0,0.0,closed,True,True
2505,22,10,1,0,0.0,closed,True,True
2502,2,5,5,0,0.0,closed,True,True
2501,163,58,6,0,0.0,closed,True,True
2500,4,4,1,0,0.0,closed,True,True
2499,3,3,1,0,0.0,closed,True,True
2498,7,1,1,1,0.25,closed,True,True
2495,151,152,7,2,0.11764705882352941,closed,True,True
2494,4,7,1,0,0.0,closed,True,True
2489,15,8,2,0,0.0,closed,True,True
2486,550,70,21,4,0.14814814814814814,closed,True,True
2485,2,1,2,0,0.0,closed,True,True
2484,4,3,7,3,1.5,closed,True,True
2483,16,0,2,0,0.0,closed,True,True
2480,637,124,2,5,0.01557632398753894,closed,True,True
2478,5,1,2,2,0.6666666666666666,closed,True,True
2477,18,18,1,0,0.0,closed,True,True
2476,4,4,1,0,0.0,closed,True,True
2475,4,114,1,0,0.0,closed,True,True
2474,80,25,1,0,0.0,closed,True,True
2473,68,102,1,0,0.0,closed,True,True
2472,5,16,1,0,0.0,closed,True,True
2471,13,13,1,0,0.0,closed,True,True
2469,72,47,1,0,0.0,closed,True,True
2467,0,0,1,0,0.0,closed,False,False
2465,21,40,2,0,0.0,closed,True,True
2464,268,1,4,15,0.9375,closed,True,True
2463,6,0,1,0,0.0,closed,True,True
2462,2,2,2,0,0.0,closed,True,True
2461,1,1,1,0,0.0,closed,True,True
2460,6,0,1,0,0.0,closed,True,True
2459,6,3,2,0,0.0,closed,True,True
2457,0,16,1,0,0.0,closed,True,True
2455,25,15,1,0,0.0,closed,True,True
2453,361,33,5,4,0.1,closed,True,True
2452,711,101,19,33,1.2222222222222223,closed,True,True
2451,39,32,1,0,0.0,closed,True,True
2450,3,3,5,0,0.0,closed,True,True
2448,35,4,1,0,0.0,closed,True,True
2445,51,0,5,0,0.0,closed,True,True
2443,87,75,1,0,0.0,closed,True,True
2442,96,43,1,0,0.0,closed,True,True
2441,47,32,1,0,0.0,closed,True,True
2439,488,9492,21,11,0.7333333333333333,closed,True,True
2438,13,0,3,1,0.25,closed,False,False
2436,605,0,3,0,0.0,closed,True,True
2434,4,4,1,0,0.0,closed,True,True
2433,4,4,1,0,0.0,closed,True,True
2432,10,23,1,0,0.0,closed,True,True
2431,25,80,1,0,0.0,closed,True,True
2430,13,13,1,0,0.0,closed,True,True
2429,28,2,23,1,0.5,closed,False,False
2428,9,3,1,0,0.0,closed,True,True
2427,0,605,10,0,0.0,closed,True,True
2426,257,281,4,18,0.4864864864864865,closed,True,True
2425,76,82,5,3,0.375,closed,True,True
2424,1,2,3,0,0.0,closed,True,True
2423,10,8,3,0,0.0,closed,False,False
2421,8,4,2,6,3.0,closed,True,True
2420,104,104,1,0,0.0,closed,True,True
2418,22,21,1,0,0.0,closed,True,True
2417,25,900,1,0,0.0,closed,True,True
2416,63,28,1,0,0.0,closed,True,True
2415,66,17,2,0,0.0,closed,True,True
2414,289,16,2,8,0.8888888888888888,closed,True,True
2410,138,929,1,0,0.0,closed,False,False
2407,122,54,1,0,0.0,closed,True,True
2406,1,0,2,0,0.0,closed,True,True
2404,4,4,2,0,0.0,closed,False,False
2403,11,4,2,0,0.0,closed,False,False
2402,1025,1208,1,0,0.0,closed,True,True
2401,9,7,1,0,0.0,closed,True,True
2400,4,4,1,0,0.0,closed,True,True
2399,7,7,2,0,0.0,closed,True,True
2398,31,133,1,0,0.0,closed,False,False
2397,9,9,1,0,0.0,closed,True,True
2396,29,29,1,0,0.0,closed,True,True
2395,278,8,8,2,0.2857142857142857,closed,True,True
2394,42,42,1,0,0.0,closed,True,True
2393,1,1,3,0,0.0,closed,False,False
2392,1,0,6,0,0.0,closed,False,False
2390,30,133,2,0,0.0,closed,False,False
2388,1,3,1,0,0.0,closed,True,True
2387,7,7,1,0,0.0,closed,True,True
2386,15,14,1,0,0.0,closed,True,True
2385,49,49,1,0,0.0,closed,True,True
2384,49,11,1,0,0.0,closed,True,True
2383,30,133,2,0,0.0,closed,False,False
2382,13,13,1,0,0.0,closed,True,True
2381,23,142,1,0,0.0,closed,True,True
2379,56,4,8,1,0.25,closed,False,False
2375,183,61,2,5,0.18518518518518517,closed,True,True
2374,2,1,1,0,0.0,closed,True,True
2373,24,0,1,0,0.0,closed,True,True
2371,26,5,8,0,0.0,closed,True,True
2370,2,0,1,0,0.0,closed,True,True
2365,30,133,4,0,0.0,closed,False,False
2364,24,24,1,0,0.0,closed,True,True
2363,133,30,1,0,0.0,closed,True,True
2360,14,6,2,0,0.0,closed,True,True
2359,5,0,2,1,0.2,closed,True,True
2357,5,0,1,5,5.0,closed,True,True
2356,6,2,3,0,0.0,closed,False,False
2355,14,75,1,0,0.0,closed,True,True
2354,49,49,1,0,0.0,closed,True,True
2353,15,15,1,0,0.0,closed,True,True
2352,13,13,1,0,0.0,closed,True,True
2351,4,4,1,0,0.0,closed,True,True
2350,30,133,1,0,0.0,closed,True,True
2349,82,101,1,0,0.0,closed,True,True
2348,21,15,8,3,0.42857142857142855,closed,True,True
2344,307,339,1,1,0.3333333333333333,closed,True,True
2342,107,101,3,3,0.25,closed,True,True
2341,22,17,1,0,0.0,closed,True,True
2340,96,98,1,1,0.5,closed,True,True
2338,9,0,2,0,0.0,closed,True,True
2335,18,17,1,0,0.0,closed,True,True
2332,63,63,2,0,0.0,closed,True,True
2331,36,28,5,4,1.3333333333333333,closed,True,True
2330,619,14,1,2,0.4,closed,True,True
2328,132,97,5,0,0.0,closed,False,False
2327,13,13,1,0,0.0,closed,True,True
2326,24,113,1,0,0.0,closed,True,True
2325,4,4,1,0,0.0,closed,True,True
2324,49,49,1,0,0.0,closed,True,True
2320,38,0,1,0,0.0,closed,True,True
2319,912,357,12,3,0.2727272727272727,closed,True,True
2317,44,0,1,0,0.0,closed,False,False
2316,13,13,4,0,0.0,closed,False,False
2315,338,26,32,0,0.0,closed,True,True
2314,261,168,1,0,0.0,closed,True,True
2313,2191,1959,23,79,0.8404255319148937,closed,True,True
2311,876,58,1,0,0.0,closed,True,True
2309,5,10,1,2,2.0,closed,True,True
2308,33,0,4,0,0.0,closed,True,True
2307,2,2,3,0,0.0,closed,False,False
2303,0,11,1,1,1.0,closed,False,False
2302,13092,8869,9,2,0.08,closed,True,True
2301,4,4,3,0,0.0,closed,False,False
2300,46,238,1,0,0.0,closed,True,True
2299,4,4,1,0,0.0,closed,True,True
2298,13,13,1,0,0.0,closed,True,True
2297,7,7,1,0,0.0,closed,True,True
2296,7,7,1,0,0.0,closed,True,True
2295,4,4,1,0,0.0,closed,True,True
2294,134,118,1,0,0.0,closed,True,True
2292,5,0,4,0,0.0,closed,True,True
2290,6,5,1,0,0.0,closed,True,True
2288,9,0,2,0,0.0,closed,True,True
2287,8,0,5,0,0.0,closed,False,False
2286,8,8,1,0,0.0,closed,True,True
2285,58,49,1,0,0.0,closed,True,True
2284,16,17,1,0,0.0,closed,True,True
2283,13030,8889,3,0,0.0,closed,False,False
2282,52,39,1,0,0.0,closed,True,True
2281,4,4,1,0,0.0,closed,True,True
2280,260,227,1,0,0.0,closed,True,True
2279,22,6,2,0,0.0,closed,False,False
2278,6,5,1,0,0.0,closed,True,True
2277,14,8,1,0,0.0,closed,True,True
2273,624,6,2,0,0.0,closed,True,True
2272,191,182,1,0,0.0,closed,True,True
2271,140,101,1,0,0.0,closed,True,True
2270,80,6,2,0,0.0,closed,True,True
2269,3,3,1,0,0.0,closed,True,True
2267,1087,2,8,3,0.15789473684210525,closed,True,True
2266,83,87,4,3,0.75,closed,True,True
2264,17,28,5,0,0.0,closed,True,True
2262,108,88,3,0,0.0,closed,True,True
2260,4,4,1,0,0.0,closed,True,True
2259,19,24,1,0,0.0,closed,True,True
2258,4,4,2,0,0.0,closed,False,False
2257,4,4,1,0,0.0,closed,True,True
2256,39,35,1,0,0.0,closed,True,True
2255,23,23,1,0,0.0,closed,True,True
2254,4,4,1,0,0.0,closed,True,True
2253,25,80,1,0,0.0,closed,True,True
2252,163,41,5,0,0.0,closed,True,True
2251,4,4,1,0,0.0,closed,True,True
2249,108,72,3,9,2.25,closed,True,True
2248,257,21,1,0,0.0,closed,True,True
2247,3,1,4,3,1.0,closed,True,True
2246,6250,10,48,65,2.8260869565217392,closed,True,True
2245,67,16,13,6,1.0,closed,True,True
2243,60,40,1,0,0.0,closed,True,True
2242,29,437,1,0,0.0,closed,True,True
2240,483,122,4,0,0.0,closed,True,True
2237,1,1,2,0,0.0,closed,False,False
2235,51,26,1,0,0.0,closed,True,True
2233,189,57,1,0,0.0,closed,True,True
2231,27,11,1,9,9.0,closed,False,False
2230,13,13,1,0,0.0,closed,True,True
2229,30,32,1,0,0.0,closed,True,True
2228,22,6,2,0,0.0,closed,False,False
2227,67,67,1,0,0.0,closed,True,True
2226,4,4,1,0,0.0,closed,True,True
2225,80,25,1,0,0.0,closed,True,True
2224,153,69,1,4,0.6666666666666666,closed,True,True
2221,5,6,1,0,0.0,closed,True,True
2219,329,27,9,1,0.09090909090909091,closed,True,True
2217,178,132,18,10,0.7692307692307693,closed,True,True
2216,52,53,1,0,0.0,closed,True,True
2215,14,7,0,0,0.0,closed,True,True
2214,69,36,1,0,0.0,closed,True,True
2210,194,119,6,10,1.4285714285714286,closed,True,True
2208,19,5,1,1,0.3333333333333333,closed,True,True
2207,76,24,1,2,1.0,closed,True,True
2206,56,72,1,0,0.0,closed,True,True
2205,4,4,1,0,0.0,closed,True,True
2204,16,55,1,0,0.0,closed,True,True
2203,22,22,1,0,0.0,closed,True,True
2202,4,4,1,0,0.0,closed,True,True
2199,0,40,1,0,0.0,closed,True,True
2196,3,0,2,0,0.0,closed,True,True
2195,43,76,1,0,0.0,closed,True,True
2193,91,40,8,1,0.16666666666666666,closed,True,True
2190,4,4,1,0,0.0,closed,True,True
2188,4719,318,15,24,8.0,closed,True,True
2187,133,67,2,0,0.0,closed,True,True
2182,74,49,1,0,0.0,closed,True,True
2181,33,18,1,0,0.0,closed,True,True
2179,44,1,5,0,0.0,closed,True,True
2178,4,4,1,0,0.0,closed,True,True
2177,13612,9440,4,0,0.0,closed,False,False
2176,4,4,1,0,0.0,closed,True,True
2175,4,4,1,0,0.0,closed,True,True
2174,13,13,1,0,0.0,closed,True,True
2173,25,80,1,0,0.0,closed,True,True
2172,5,0,3,0,0.0,closed,True,True
2171,2,0,6,0,0.0,closed,True,True
2166,108,108,1,0,0.0,closed,True,True
2164,1,0,3,0,0.0,closed,True,True
2162,1,1,2,0,0.0,closed,True,True
2161,13,13,2,0,0.0,closed,True,True
2160,8,8,1,0,0.0,closed,True,True
2159,29,23,1,0,0.0,closed,True,True
2158,80,25,1,0,0.0,closed,True,True
2157,0,6,5,0,0.0,closed,True,True
2155,2,2,1,0,0.0,closed,True,True
2152,2,2,2,0,0.0,closed,True,True
2150,38,2,3,0,0.0,closed,True,True
2149,10,10,4,0,0.0,closed,True,True
2146,119,108,16,0,0.0,closed,False,False
2145,4,0,4,0,0.0,closed,True,True
2142,7,7,1,0,0.0,closed,True,True
2141,10,10,1,0,0.0,closed,True,True
2140,74,29,2,0,0.0,closed,True,True
2139,4,4,1,0,0.0,closed,True,True
2135,1,1,1,0,0.0,closed,True,True
2131,871,7,1,0,0.0,closed,False,False
2130,483,88,1,0,0.0,closed,True,True
2129,19,1,5,0,0.0,closed,True,True
2128,32,32,1,0,0.0,closed,True,True
2127,10,10,1,0,0.0,closed,True,True
2126,5,1,6,0,0.0,closed,False,False
2125,16,1,4,2,0.6666666666666666,closed,True,True
2124,21,12,2,0,0.0,closed,True,True
2123,70,50,1,0,0.0,closed,True,True
2122,4,4,1,0,0.0,closed,True,True
2121,7,7,1,0,0.0,closed,True,True
2120,35,13,1,0,0.0,closed,True,True
2119,6,8,1,0,0.0,closed,True,True
2118,25,80,1,0,0.0,closed,True,True
2117,154,90,15,0,0.0,closed,True,True
2116,16,16,1,0,0.0,closed,True,True
2115,1064,60,1,0,0.0,closed,True,True
2113,7,1,6,3,1.0,closed,False,False
2108,84,17,4,0,0.0,closed,True,True
2107,7,2,1,2,1.0,closed,True,True
2104,56,81,2,8,2.6666666666666665,closed,True,True
2102,189,20,2,2,0.6666666666666666,closed,True,True
2098,6,1,1,0,0.0,closed,True,True
2096,101,42,4,0,0.0,closed,True,True
2093,613,503,2,0,0.0,closed,True,True
2092,936,112,2,0,0.0,closed,True,True
2090,98,118,5,1,0.14285714285714285,closed,True,True
2087,840,17,1,0,0.0,closed,True,True
2085,47,0,1,0,0.0,closed,True,True
2084,10,1,2,0,0.0,closed,False,False
2082,19,2,2,0,0.0,closed,False,False
2079,4,6,2,1,0.5,closed,True,True
2078,226,28,1,0,0.0,closed,True,True
2077,13,13,2,0,0.0,closed,True,True
2076,5,1,2,0,0.0,closed,True,True
2072,34,34,2,0,0.0,closed,True,True
2071,22,6,2,0,0.0,closed,False,False
2070,4,4,1,0,0.0,closed,True,True
2069,4,4,3,0,0.0,closed,False,False
2068,80,25,1,0,0.0,closed,True,True
2067,4,4,1,0,0.0,closed,True,True
2066,4,68,1,0,0.0,closed,True,True
2065,1281,410,1,4,0.6666666666666666,closed,True,True
2059,4,2,1,0,0.0,closed,True,True
2057,102,54,7,12,0.9230769230769231,closed,True,True
2056,5,0,2,0,0.0,closed,True,True
2055,304,0,8,0,0.0,closed,False,False
2054,87,57,1,0,0.0,closed,True,True
2053,5,1,6,0,0.0,closed,True,True
2051,151,151,5,0,0.0,closed,False,False
2050,2,2,8,0,0.0,closed,True,True
2049,25,80,1,0,0.0,closed,True,True
2048,7,16,1,0,0.0,closed,True,True
2047,4,4,1,0,0.0,closed,True,True
2046,1339,2559,1,0,0.0,closed,True,True
2045,13,13,1,0,0.0,closed,True,True
2044,4,4,1,0,0.0,closed,True,True
2043,4,4,1,0,0.0,closed,True,True
2042,197,0,2,0,0.0,closed,True,True
2040,6710,77,4,7,1.4,closed,True,True
2039,574,233,7,0,0.0,closed,False,False
2038,259,30,4,0,0.0,closed,False,False
2037,7,1,3,0,0.0,closed,True,True
2036,7,1,10,0,0.0,closed,False,False
2033,6,3,1,0,0.0,closed,True,True
2032,1,0,1,0,0.0,closed,True,True
2030,12,3,1,0,0.0,closed,True,True
2029,25,25,2,0,0.0,closed,True,True
2028,2,0,5,0,0.0,closed,True,True
2027,2,12,4,0,0.0,closed,True,True
2024,5181,1383,6,2,0.6666666666666666,closed,False,False
2023,7573,2479,24,15,0.7142857142857143,closed,True,True
2022,308,163,1,0,0.0,closed,True,True
2018,3,3,1,0,0.0,closed,True,True
2017,4,4,1,0,0.0,closed,True,True
2016,25,25,1,0,0.0,closed,True,True
2015,4,4,1,0,0.0,closed,True,True
2014,4,4,1,0,0.0,closed,True,True
2013,282,238,7,0,0.0,closed,True,True
2011,10,3,1,0,0.0,closed,True,True
2010,6,1,1,1,0.5,closed,True,True
2008,189,15,19,12,0.75,closed,True,True
2007,1,1,1,0,0.0,closed,True,True
2006,660,358,15,6,0.25,closed,True,True
2005,2,2,1,0,0.0,closed,True,True
2004,4,1,5,1,0.5,closed,True,True
1998,4,4,1,0,0.0,closed,True,True
1997,8,8,1,0,0.0,closed,True,True
1996,16,16,1,0,0.0,closed,True,True
1995,4,4,1,0,0.0,closed,True,True
1992,104,61,20,0,0.0,closed,False,False
1987,349,129,3,0,0.0,closed,True,True
1986,13,11,1,0,0.0,closed,True,True
1984,44,27,7,0,0.0,closed,True,True
1983,1594,1447,6,3,0.21428571428571427,closed,True,True
1982,18,33,1,0,0.0,closed,True,True
1979,3,3,1,0,0.0,closed,True,True
1977,5,5,1,0,0.0,closed,True,True
1975,2395,0,4,0,0.0,closed,False,False
1973,47,29,5,0,0.0,closed,True,True
1971,4,4,1,0,0.0,closed,True,True
1970,4,4,1,0,0.0,closed,True,True
1969,49,49,1,0,0.0,closed,True,True
1968,13,13,1,0,0.0,closed,True,True
1967,19,10,1,0,0.0,closed,True,True
1965,3,0,1,0,0.0,closed,True,True
1964,37,23,6,0,0.0,closed,False,False
1963,7,5,3,0,0.0,closed,True,True
1962,2,0,2,0,0.0,closed,True,True
1960,151,24,24,0,0.0,closed,True,True
1959,3264,19,2,0,0.0,closed,True,True
1956,190,4,9,0,0.0,closed,True,True
1955,361,179,8,12,2.0,closed,True,True
1953,28,22,4,0,0.0,closed,True,True
1952,1,10,1,0,0.0,closed,True,True
1949,208,17,1,0,0.0,closed,True,True
1948,80,25,1,0,0.0,closed,True,True
1946,17,16,1,0,0.0,closed,True,True
1945,4,4,1,0,0.0,closed,True,True
1944,38,14,1,0,0.0,closed,True,True
1943,5,4,1,0,0.0,closed,True,True
1942,26,80,1,0,0.0,closed,True,True
1941,4,3,1,0,0.0,closed,True,True
1940,199,39,4,4,0.23529411764705882,closed,True,True
1937,4,0,6,0,0.0,closed,True,True
1934,1,0,1,0,0.0,closed,True,True
1933,8,2,2,2,0.6666666666666666,closed,True,True
1932,17,10,2,0,0.0,closed,True,True
1931,841,42,40,1,0.06666666666666667,closed,True,True
1929,15,8,3,0,0.0,closed,True,True
1928,7,1,1,0,0.0,closed,True,True
1926,12,12,1,0,0.0,closed,True,True
1925,38,18,11,3,0.3333333333333333,closed,True,True
1922,1,0,1,0,0.0,closed,True,True
1920,8,0,5,0,0.0,closed,True,True
1918,13,13,1,0,0.0,closed,True,True
1917,12,18,1,0,0.0,closed,True,True
1915,21,32,7,0,0.0,closed,True,True
1914,80,25,1,0,0.0,closed,True,True
1913,7,7,1,0,0.0,closed,True,True
1912,7,7,2,0,0.0,closed,False,False
1911,22,6,2,0,0.0,closed,False,False
1910,4,4,1,0,0.0,closed,True,True
1909,134,27,4,0,0.0,closed,False,False
1907,10,11,1,0,0.0,closed,True,True
1905,2734,58,4,0,0.0,closed,False,False
1903,106,98,3,4,2.0,open,False,False
1899,3871,822,102,1,0.011904761904761904,closed,True,True
1893,13,0,2,0,0.0,closed,True,True
1892,31,35,1,0,0.0,closed,True,True
1890,593,0,2,0,0.0,closed,True,True
1888,955,918,1,0,0.0,closed,True,True
1887,417,299,1,0,0.0,closed,True,True
1885,13,13,1,0,0.0,closed,True,True
1884,107,36,4,8,1.0,closed,True,True
1883,259,124,1,0,0.0,closed,True,True
1882,2,0,2,0,0.0,closed,True,True
1881,10,4,2,1,0.5,closed,True,True
1880,278,226,5,0,0.0,closed,True,True
1875,7,0,6,0,0.0,closed,True,True
1874,4,4,1,0,0.0,closed,True,True
1873,4,4,1,0,0.0,closed,True,True
1872,20,8,1,0,0.0,closed,True,True
1871,184,27,3,3,0.75,closed,True,True
1867,1,1,1,0,0.0,closed,True,True
1864,4,4,1,0,0.0,closed,True,True
1862,69,15,2,5,0.5555555555555556,closed,True,True
1860,30,25,4,0,0.0,closed,True,True
1859,6,0,1,0,0.0,closed,True,True
1858,87,78,9,6,2.0,closed,True,True
1856,67,43,1,0,0.0,closed,True,True
1855,38,38,1,0,0.0,closed,True,True
1854,80,25,2,0,0.0,closed,False,False
1853,22,6,2,0,0.0,closed,False,False
1852,1,1,2,0,0.0,closed,True,True
1850,32,5,1,0,0.0,closed,True,True
1848,18,4,3,3,3.0,closed,True,True
1847,10,3,7,1,0.3333333333333333,closed,True,True
1846,7,8,1,0,0.0,closed,True,True
1845,1,1,1,0,0.0,closed,True,True
1843,2,1,2,0,0.0,closed,True,True
1842,106,5,6,4,2.0,open,False,False
1841,2,1,2,2,2.0,closed,True,True
1840,4,4,1,0,0.0,closed,True,True
1839,22,6,2,0,0.0,closed,False,False
1838,26,7,1,0,0.0,closed,True,True
1837,16,16,1,0,0.0,closed,True,True
1836,80,25,2,0,0.0,closed,False,False
1835,4,4,1,0,0.0,closed,True,True
1834,959,60,7,0,0.0,closed,False,False
1833,88,9,5,6,0.5454545454545454,closed,False,False
1832,9,0,17,0,0.0,closed,False,False
1831,89,47,1,4,2.0,closed,True,True
1830,1,1,6,0,0.0,closed,False,False
1829,1,1,2,0,0.0,closed,False,False
1828,3,0,6,0,0.0,closed,True,True
1826,112,8,3,9,0.13043478260869565,closed,True,True
1825,35,68,9,0,0.0,closed,False,False
1824,147,53,1,0,0.0,closed,False,False
1821,2,3,2,0,0.0,closed,True,True
1820,11,30,21,0,0.0,closed,True,True
1818,13,15,5,1,0.3333333333333333,closed,True,True
1817,11,11,1,0,0.0,closed,True,True
1814,6,3,2,0,0.0,closed,True,True
1813,235,78,1,0,0.0,closed,True,True
1812,30,21,3,0,0.0,closed,False,False
1806,92,3,28,8,0.4444444444444444,closed,False,False
1805,63,1,4,1,0.5,closed,False,False
1804,7,7,1,0,0.0,closed,True,True
1803,4,4,1,0,0.0,closed,True,True
1802,4,4,1,0,0.0,closed,True,True
1801,28,19,1,0,0.0,closed,True,True
1799,2,1,2,0,0.0,closed,True,True
1797,6,6,1,0,0.0,closed,False,False
1793,85,53,8,13,3.25,closed,True,True
1789,1,1,2,0,0.0,closed,False,False
1788,343,80,29,16,0.6666666666666666,closed,True,True
1787,599,20,17,7,0.4666666666666667,closed,True,True
1785,1,0,1,0,0.0,closed,True,True
1784,9,0,4,0,0.0,closed,True,True
1783,419,322,8,4,0.2,closed,True,True
1782,1,1,2,0,0.0,closed,True,True
1781,8,7,2,0,0.0,closed,True,True
1777,38,54,1,0,0.0,closed,True,True
1776,256,152,1,0,0.0,closed,True,True
1774,93,93,4,0,0.0,closed,False,False
1771,63,10,4,3,0.42857142857142855,closed,True,True
1769,48,5,1,4,0.6666666666666666,closed,True,True
1766,0,13,2,0,0.0,closed,True,True
1763,32,32,2,0,0.0,closed,False,False
1762,4,4,1,0,0.0,closed,True,True
1761,5,5,1,0,0.0,closed,True,True
1760,4,4,1,0,0.0,closed,True,True
1759,16,16,1,0,0.0,closed,True,True
1758,4,4,1,0,0.0,closed,True,True
1757,4,4,1,0,0.0,closed,True,True
1756,13,13,2,0,0.0,closed,False,False
1753,1,0,2,6,1.5,closed,True,True
1752,10,19,1,0,0.0,closed,True,True
1749,333,32,6,8,0.20512820512820512,closed,True,True
1748,219,193,2,0,0.0,closed,True,True
1747,0,1,7,0,0.0,closed,True,True
1745,4,4,10,1,0.5,closed,False,False
1741,11,6,1,0,0.0,closed,True,True
1736,24,4,5,0,0.0,closed,True,True
1735,10,75,1,0,0.0,closed,True,True
1734,4,4,1,0,0.0,closed,True,True
1733,4,4,1,0,0.0,closed,True,True
1732,24,196,1,0,0.0,closed,True,True
1731,13,13,2,0,0.0,closed,False,False
1730,32,32,2,0,0.0,closed,False,False
1729,32,31,4,3,3.0,closed,True,True
1726,192,195,1,1,0.3333333333333333,closed,True,True
1724,119,15,1,0,0.0,closed,True,True
1723,288,2,8,2,0.5,closed,True,True
1722,45,5,5,6,0.6,closed,True,True
1720,6,15,7,0,0.0,closed,False,False
1719,3,3,1,0,0.0,closed,True,True
1717,1,3,2,0,0.0,closed,True,True
1715,15,15,1,0,0.0,closed,True,True
1713,2,2,5,2,1.0,closed,False,False
1711,0,1,5,2,2.0,closed,True,True
1709,74,26,23,0,0.0,closed,True,True
1706,219,184,4,11,0.6875,closed,True,True
1705,10,41,1,0,0.0,closed,True,True
1703,62,62,1,0,0.0,closed,True,True
1702,1,1,1,1,1.0,closed,True,True
1700,58,58,1,0,0.0,closed,True,True
1697,260,27,4,3,0.75,closed,True,True
1696,117,116,1,0,0.0,closed,True,True
1695,7,7,1,0,0.0,closed,True,True
1694,13,13,1,0,0.0,closed,True,True
1693,4,4,1,0,0.0,closed,True,True
1690,179,101,2,0,0.0,closed,True,True
1687,41,10,1,3,0.42857142857142855,closed,True,True
1686,24,22,5,0,0.0,closed,False,False
1681,63,56,1,0,0.0,closed,True,True
1680,8,0,8,0,0.0,closed,True,True
1679,78,1,3,0,0.0,closed,True,True
1676,478,43,3,7,0.7,closed,True,True
1670,100,15,17,2,0.25,closed,True,True
1669,7391,4393,2,0,0.0,closed,True,True
1667,19,5,1,0,0.0,closed,True,True
1664,131,117,3,2,0.4,closed,True,True
1660,22,2,3,0,0.0,closed,True,True
1659,441,49,1,0,0.0,closed,True,True
1654,20,0,7,7,7.0,closed,True,True
1653,20,27,2,0,0.0,closed,False,False
1650,152,47,5,0,0.0,closed,True,True
1649,1,1,1,0,0.0,closed,True,True
1648,968,90,19,4,0.21052631578947367,closed,True,True
1647,10,10,1,0,0.0,closed,True,True
1646,4,4,1,0,0.0,closed,True,True
1645,86,24,1,0,0.0,closed,True,True
1644,4,4,1,0,0.0,closed,True,True
1643,65004,11854,37,14,0.875,closed,False,False
1642,60,21,2,0,0.0,closed,False,False
1641,22,46,4,3,0.75,closed,True,True
1640,6,6,2,0,0.0,closed,True,True
1638,77,2,1,0,0.0,closed,True,True
1635,240,116,7,2,0.3333333333333333,closed,True,True
1632,89,34,8,0,0.0,closed,True,True
1631,8,3,2,6,2.0,closed,True,True
1630,1,1,3,0,0.0,closed,True,True
1628,22,3,9,0,0.0,closed,False,False
1627,5,5,6,0,0.0,closed,True,True
1626,3,1,1,0,0.0,closed,True,True
1625,1,1,2,0,0.0,closed,True,True
1622,885,2985,3,6,0.6666666666666666,closed,True,True
1620,12,11,2,0,0.0,closed,True,True
1619,1,1,2,0,0.0,closed,True,True
1617,228,58,1,0,0.0,closed,True,True
1616,1129,76,35,13,0.5,closed,True,True
1613,18,18,1,0,0.0,closed,True,True
1612,4,4,1,0,0.0,closed,True,True
1611,4,4,3,0,0.0,closed,False,False
1608,78,92,6,0,0.0,closed,True,True
1607,21,12,5,0,0.0,closed,True,True
1604,479,129,5,0,0.0,closed,False,False
1602,1,1,1,0,0.0,closed,True,True
1601,1,1,2,0,0.0,closed,True,True
1598,13,0,1,0,0.0,closed,True,True
1596,72,23,5,0,0.0,closed,True,True
1595,1,2,4,0,0.0,closed,True,True
1594,275,2,2,0,0.0,closed,True,True
1592,0,6,2,0,0.0,closed,True,True
1589,103,5,13,0,0.0,closed,False,False
1588,20,1,11,0,0.0,closed,True,True
1587,1,0,10,0,0.0,closed,True,True
1583,129,5,13,3,3.0,closed,False,False
1580,4,4,1,0,0.0,closed,True,True
1579,9,214,1,0,0.0,closed,True,True
1578,4,4,1,0,0.0,closed,True,True
1577,4,4,1,0,0.0,closed,True,True
1576,4,4,1,0,0.0,closed,True,True
1575,26,26,1,0,0.0,closed,True,True
1574,8,8,1,0,0.0,closed,True,True
1571,459,9,39,3,0.17647058823529413,closed,True,True
1570,344,49,32,4,0.2857142857142857,closed,True,True
1568,99,184,3,0,0.0,closed,True,True
1567,339,37,1,0,0.0,closed,True,True
1566,1,0,3,0,0.0,closed,True,True
1565,46,42,5,0,0.0,closed,True,True
1562,24,1,9,0,0.0,closed,True,True
1560,455,418,3,0,0.0,closed,True,True
1555,16,19,1,0,0.0,closed,True,True
1554,71,15,4,1,0.5,closed,True,True
1551,42,42,1,0,0.0,closed,True,True
1549,2,2,5,1,0.25,closed,True,True
1547,1,1,3,0,0.0,closed,True,True
1546,93,270,1,0,0.0,closed,True,True
1545,185,254,1,0,0.0,closed,True,True
1544,4,4,1,0,0.0,closed,True,True
1541,24,4,2,0,0.0,closed,False,False
1540,35,19,9,0,0.0,closed,True,True
1539,8,0,2,0,0.0,closed,False,False
1533,3,1,1,0,0.0,closed,True,True
1530,20,4,1,0,0.0,closed,True,True
1528,2,1,1,0,0.0,closed,True,True
1526,2,1,4,0,0.0,closed,True,True
1525,1,1,1,0,0.0,closed,True,True
1519,8,0,1,0,0.0,closed,True,True
1511,28,8,1,2,2.0,closed,True,True
1508,99,98,1,0,0.0,closed,True,True
1507,23,18,3,1,0.3333333333333333,closed,True,True
1504,33,19,1,0,0.0,closed,True,True
1503,59,8,4,2,2.0,closed,True,True
1502,22,6,1,0,0.0,closed,True,True
1501,7,7,1,0,0.0,closed,True,True
1500,4,4,1,0,0.0,closed,True,True
1499,18,21,1,0,0.0,closed,True,True
1498,31,31,1,0,0.0,closed,True,True
1497,32,32,1,0,0.0,closed,True,True
1496,4,4,1,0,0.0,closed,True,True
1495,4,4,1,0,0.0,closed,True,True
1494,74,74,1,0,0.0,closed,True,True
1493,601,566,28,11,0.7333333333333333,closed,False,False
1492,7,2,1,6,2.0,closed,True,True
1491,7,7,1,0,0.0,closed,True,True
1490,83,83,1,0,0.0,closed,True,True
1489,3,3,1,0,0.0,closed,True,True
1487,19,25,6,0,0.0,closed,True,True
1486,4,0,1,0,0.0,closed,True,True
1483,30,20,1,0,0.0,closed,True,True
1481,0,0,1,0,0.0,closed,True,True
1480,30,39,3,0,0.0,closed,True,True
1479,19,0,7,0,0.0,closed,True,True
1475,44,26,15,0,0.0,closed,True,True
1474,337,98,5,12,4.0,closed,False,False
1471,264,53,1,0,0.0,closed,True,True
1470,15,2,3,0,0.0,closed,True,True
1469,26,4,1,0,0.0,closed,True,True
1467,0,0,13,0,0.0,closed,False,False
1466,1,1,1,0,0.0,closed,True,True
1463,32,7,4,0,0.0,closed,True,True
1461,145,39,3,0,0.0,closed,True,True
1459,4,4,1,0,0.0,closed,True,True
1458,28,4,3,0,0.0,closed,False,False
1457,4,4,1,0,0.0,closed,True,True
1456,16,23,1,0,0.0,closed,True,True
1455,1154,119,5,2,0.2857142857142857,closed,False,False
1453,323,123,6,0,0.0,closed,False,False
1452,233,31,1,0,0.0,closed,True,True
1450,222,39,41,20,1.1764705882352942,closed,True,True
1449,115,35,1,0,0.0,closed,True,True
1448,4,4,1,0,0.0,closed,True,True
1446,5,0,1,0,0.0,closed,True,True
1445,7,3,1,2,1.0,closed,True,True
1440,6,2,8,0,0.0,closed,True,True
1439,4,1,1,0,0.0,closed,True,True
1438,1,1,3,0,0.0,closed,False,False
1437,4,0,1,0,0.0,closed,True,True
1436,6,2,2,0,0.0,closed,True,True
1435,3,1,4,0,0.0,closed,True,True
1434,221,199,8,4,1.3333333333333333,closed,True,True
1433,36,63,12,3,1.0,closed,True,True
1432,7,0,3,0,0.0,closed,True,True
1430,24,24,1,0,0.0,closed,True,True
1427,498,352,16,0,0.0,closed,True,True
1426,2,0,1,0,0.0,closed,True,True
1424,1,3,1,0,0.0,closed,True,True
1422,22,7,5,0,0.0,closed,True,True
1421,10,138,1,2,1.0,closed,True,True
1420,1,1,1,0,0.0,closed,True,True
1419,1,1,2,0,0.0,closed,False,False
1418,0,8,2,0,0.0,closed,True,True
1417,3,0,1,0,0.0,closed,True,True
1416,19,19,1,0,0.0,closed,True,True
1415,86,8,6,0,0.0,closed,False,False
1414,9,9,1,0,0.0,closed,True,True
1413,4,4,1,0,0.0,closed,True,True
1412,125,140,1,0,0.0,closed,True,True
1411,4,4,1,0,0.0,closed,True,True
1410,4,4,1,0,0.0,closed,True,True
1409,32,32,1,0,0.0,closed,True,True
1408,4,4,4,0,0.0,closed,False,False
1406,73,3,11,0,0.0,closed,True,True
1403,82,4,25,8,0.6153846153846154,closed,True,True
1402,38,0,7,4,4.0,closed,True,True
1401,1,1,13,0,0.0,closed,True,True
1398,78,61,2,0,0.0,closed,True,True
1397,5,1,1,0,0.0,closed,True,True
1396,3,0,3,4,4.0,closed,True,True
1395,74,5,3,10,3.3333333333333335,closed,True,True
1394,1,1,4,0,0.0,closed,True,True
1392,1,1,3,0,0.0,closed,True,True
1391,129,59,5,0,0.0,closed,True,True
1390,2,0,3,0,0.0,closed,True,True
1389,5,1,1,0,0.0,closed,True,True
1388,311,136,2,0,0.0,closed,True,True
1387,73,80,12,8,1.0,closed,True,True
1382,8,10,1,5,1.0,closed,True,True
1381,56,7,3,0,0.0,closed,True,True
1380,3,3,1,0,0.0,closed,True,True
1379,4,1,3,2,1.0,closed,True,True
1378,2,1,2,0,0.0,closed,True,True
1375,16,3,1,0,0.0,closed,True,True
1374,3,1,2,0,0.0,closed,True,True
1373,68,50,2,1,0.3333333333333333,closed,True,True
1371,3283,197,4,3,0.5,closed,True,True
1370,4,4,1,0,0.0,closed,True,True
1369,4,4,3,0,0.0,closed,False,False
1367,9,2,1,0,0.0,closed,True,True
1366,1,1,1,0,0.0,closed,True,True
1365,349,9,10,21,1.9090909090909092,closed,True,True
1363,12,6,1,0,0.0,closed,True,True
1362,3,2,1,5,5.0,closed,True,True
1358,1,1,1,0,0.0,closed,True,True
1356,134,11,4,19,1.4615384615384615,closed,True,True
1354,102,0,13,0,0.0,closed,True,True
1352,16,1,21,0,0.0,closed,False,False
1348,5,10,12,0,0.0,closed,True,True
1347,162,116,1,7,1.75,closed,True,True
1345,4,4,2,0,0.0,closed,True,True
1344,209,152,1,0,0.0,closed,True,True
1338,17,13,1,0,0.0,closed,True,True
1336,45,39,5,1,0.25,closed,True,True
1335,197,246,2,0,0.0,closed,False,False
1333,130,0,12,2,0.25,closed,True,True
1332,4,4,1,0,0.0,closed,True,True
1331,3,1,2,0,0.0,closed,True,True
1330,205,254,18,9,0.6923076923076923,closed,True,True
1329,2,0,2,3,1.5,closed,True,True
1324,2,7,1,0,0.0,closed,True,True
1323,286,63,1,0,0.0,closed,True,True
1319,36,36,1,0,0.0,closed,True,True
1315,240,32,36,3,0.23076923076923078,closed,True,True
1309,50,48,7,0,0.0,closed,True,True
1307,8,8,6,2,1.0,closed,True,True
1306,58,38,2,0,0.0,closed,True,True
1305,58,45,10,3,0.42857142857142855,closed,True,True
1302,9,9,3,0,0.0,closed,True,True
1301,0,0,6,0,0.0,closed,True,True
1300,265,264,4,1,0.3333333333333333,closed,True,True
1299,15,5,1,0,0.0,closed,True,True
1297,97,83,4,0,0.0,closed,True,True
1294,111,132,6,0,0.0,closed,False,False
1293,1,4,3,3,1.0,closed,True,True
1288,9,1,1,1,0.5,closed,True,True
1287,4,0,1,2,0.6666666666666666,closed,True,True
1286,308,31,18,6,0.5,closed,True,True
1283,40,56,1,1,1.0,closed,True,True
1282,1,2,2,0,0.0,closed,True,True
1279,17,17,7,0,0.0,closed,True,True
1278,5,2,1,1,1.0,closed,True,True
1277,335,245,3,1,0.007936507936507936,closed,True,True
1276,15,16,5,0,0.0,closed,False,False
1274,11,1,2,0,0.0,closed,True,True
1273,30,22,12,2,0.3333333333333333,closed,True,True
1272,10,10,4,0,0.0,closed,False,False
1270,4,0,1,0,0.0,closed,True,True
1269,7,7,1,0,0.0,closed,True,True
1268,4,4,1,0,0.0,closed,True,True
1267,25,25,1,0,0.0,closed,True,True
1266,4,4,1,0,0.0,closed,True,True
1265,128,43,1,0,0.0,closed,True,True
1264,4,4,1,0,0.0,closed,True,True
1263,183,159,1,0,0.0,closed,True,True
1255,1,1,1,0,0.0,closed,True,True
1253,70,4,17,1,0.2,closed,True,True
1250,55,7,5,0,0.0,closed,True,True
1248,6,0,2,0,0.0,closed,True,True
1243,17,0,8,0,0.0,closed,True,True
1242,1842,1,3,0,0.0,closed,True,True
1241,29,12,6,3,0.5,closed,True,True
1237,10,36,35,1,0.25,closed,True,True
1231,42,53,11,0,0.0,closed,False,False
1230,1,0,1,0,0.0,closed,True,True
1228,251,53,3,0,0.0,closed,True,True
1227,18,6,11,0,0.0,closed,False,False
1225,69,22,33,20,1.5384615384615385,closed,True,True
1224,317,5,10,5,0.45454545454545453,closed,True,True
1223,154,2,9,1,0.06666666666666667,closed,True,True
1222,11,0,2,1,0.5,closed,True,True
1221,30,28,3,0,0.0,closed,True,True
1220,2,45,2,0,0.0,closed,True,True
1217,41,13,5,2,1.0,closed,True,True
1216,62,6,2,2,1.0,closed,True,True
1215,3,1,3,13,13.0,closed,True,True
1214,137,85,9,4,1.3333333333333333,closed,False,False
1213,357,9,15,5,0.5,closed,True,True
1212,41,6,23,20,0.8333333333333334,closed,True,True
1210,785,848,2,7,0.21212121212121213,closed,True,True
1209,16,13,1,0,0.0,closed,True,True
1208,6,2,3,2,1.0,closed,True,True
1207,94,26,7,0,0.0,closed,True,True
1203,4,0,1,0,0.0,closed,True,True
1202,4,0,1,0,0.0,closed,True,True
1201,14,1,1,0,0.0,closed,True,True
1200,29,1,5,7,0.3888888888888889,closed,True,True
1199,19,0,4,0,0.0,closed,False,False
1198,12,0,2,4,1.3333333333333333,closed,True,True
1197,23,0,1,2,2.0,closed,True,True
1195,24,0,4,0,0.0,closed,False,False
1194,22,22,1,0,0.0,closed,True,True
1193,792,494,34,16,0.64,closed,True,True
1191,9,0,7,0,0.0,closed,True,True
1190,2,2,1,0,0.0,closed,True,True
1188,1,1,4,0,0.0,closed,True,True
1187,59,58,1,0,0.0,closed,True,True
1186,1,1,9,2,0.5,closed,True,True
1185,7,0,3,0,0.0,closed,True,True
1184,1,1,2,0,0.0,closed,True,True
1181,226,27,1,0,0.0,closed,True,True
1180,1,1,2,0,0.0,closed,True,True
1179,0,24,2,2,2.0,closed,True,True
1178,8,8,1,0,0.0,closed,True,True
1175,116,14,12,9,1.125,closed,True,True
1174,168,120,7,7,1.4,closed,True,True
1173,5,4,1,0,0.0,closed,True,True
1172,8,0,7,0,0.0,closed,False,False
1169,15,9,25,16,2.2857142857142856,closed,True,True
1165,65,48,1,0,0.0,closed,True,True
1163,3,3,1,0,0.0,closed,True,True
1162,12,0,15,0,0.0,closed,False,False
1161,1,5,3,2,1.0,closed,True,True
1160,15,15,1,0,0.0,closed,True,True
1159,108,7,16,6,0.6,closed,True,True
1157,1,0,5,0,0.0,closed,True,True
1156,15,8,1,0,0.0,closed,True,True
1155,24,0,1,0,0.0,closed,True,True
1154,158,95,8,0,0.0,closed,True,True
1152,22,32,11,0,0.0,closed,True,True
1151,199,56,1,0,0.0,closed,True,True
1147,0,41,1,0,0.0,closed,True,True
1146,49,7,15,2,0.2857142857142857,closed,True,True
1145,10,10,1,0,0.0,closed,True,True
1141,189,111,2,2,0.15384615384615385,closed,True,True
1140,6,0,4,2,2.0,closed,True,True
1139,1,0,1,0,0.0,closed,True,True
1137,8,8,1,0,0.0,closed,True,True
1136,8,8,1,0,0.0,closed,True,True
1135,4,4,1,0,0.0,closed,True,True
1134,52,38,1,0,0.0,closed,True,True
1133,4,4,1,0,0.0,closed,True,True
1132,7,7,1,0,0.0,closed,True,True
1131,4,4,2,0,0.0,closed,False,False
1130,1,1,1,0,0.0,closed,True,True
1123,3,3,8,0,0.0,closed,False,False
1120,1,0,1,0,0.0,closed,True,True
1118,341,90,1,2,0.06666666666666667,closed,True,True
1117,190,111,15,3,0.25,closed,False,False
1116,47,42,2,0,0.0,closed,True,True
1105,59,23,1,0,0.0,closed,True,True
1103,64,7,2,2,1.0,closed,True,True
1102,41,36,2,0,0.0,closed,True,True
1101,28,10,2,0,0.0,closed,True,True
1099,664,108,66,6,0.12244897959183673,closed,True,True
1098,5,4,1,0,0.0,closed,True,True
1097,1,1,3,0,0.0,closed,True,True
1095,103,86,2,1,1.0,closed,True,True
1094,11,0,8,2,1.0,closed,False,False
1089,126,0,1,0,0.0,closed,True,True
1086,1,1,1,0,0.0,closed,True,True
1085,15,15,1,0,0.0,closed,True,True
1084,64,21,2,0,0.0,closed,True,True
1083,14,24,1,0,0.0,closed,True,True
1081,1,1,3,8,2.6666666666666665,closed,True,True
1080,20,7,7,0,0.0,closed,True,True
1079,39,5,2,6,3.0,closed,True,True
1077,254,31,6,1,0.5,closed,True,True
1076,2,2,1,0,0.0,closed,True,True
1075,5,0,6,0,0.0,closed,True,True
1074,3,4,1,0,0.0,closed,True,True
1068,260,189,3,6,0.5,closed,True,True
1067,24,6,1,0,0.0,closed,True,True
1066,164,164,1,0,0.0,closed,False,False
1063,1,1,1,0,0.0,closed,True,True
1062,3,2,6,0,0.0,closed,True,True
1060,170,170,1,0,0.0,closed,True,True
1059,4,4,1,0,0.0,closed,True,True
1058,4,4,1,0,0.0,closed,True,True
1057,4,4,1,0,0.0,closed,True,True
1055,32,19,1,0,0.0,closed,True,True
1054,43,15,3,0,0.0,closed,True,True
1053,11901,24,5,0,0.0,closed,True,True
1052,327,0,5,0,0.0,closed,False,False
1050,2,1,1,0,0.0,closed,True,True
1049,20,20,1,0,0.0,closed,True,True
1048,13,5,7,0,0.0,closed,True,True
1047,472,466,1,0,0.0,closed,True,True
1046,13,11,1,0,0.0,closed,True,True
1045,5,0,1,0,0.0,closed,True,True
1043,127,2,1,0,0.0,closed,True,True
1041,329,264,1,3,0.5,closed,False,False
1040,24,24,2,0,0.0,closed,False,False
1037,95,95,1,0,0.0,closed,True,True
1036,4,3,11,2,0.4,closed,True,True
1034,5,0,6,0,0.0,closed,False,False
1033,69,67,2,0,0.0,closed,True,True
1032,695,540,3,0,0.0,closed,True,True
1031,62,62,2,0,0.0,closed,True,True
1029,3,1,1,0,0.0,closed,True,True
1028,0,2,1,0,0.0,closed,True,True
1027,214,85,19,8,2.0,closed,True,True
1025,1,1,1,0,0.0,closed,True,True
1023,55,54,2,0,0.0,closed,False,False
1021,9,9,5,0,0.0,closed,True,True
1020,83,82,2,0,0.0,closed,True,True
1018,28,28,4,0,0.0,closed,False,False
1017,1,1,2,0,0.0,closed,True,True
1016,9,12,2,0,0.0,closed,True,True
1015,30,0,9,1,1.0,closed,False,False
1014,37,13,2,5,1.6666666666666667,closed,True,True
1013,2,1,1,0,0.0,closed,True,True
1011,139,10,1,0,0.0,closed,True,True
1009,86,80,3,9,4.5,closed,True,True
1008,94,73,4,0,0.0,closed,True,True
1006,3,3,1,0,0.0,closed,True,True
1005,21,12,2,5,1.25,closed,True,True
1003,125,0,5,0,0.0,closed,False,False
1002,149,102,3,1,0.2,closed,True,True
1001,13,12,1,0,0.0,closed,True,True
1000,21,13,2,0,0.0,closed,True,True
999,12,1,7,0,0.0,closed,True,True
998,26,36,2,0,0.0,closed,True,True
996,3,0,3,3,3.0,closed,True,True
995,7,4,1,0,0.0,closed,True,True
991,430,272,8,28,4.0,closed,True,True
990,50,50,1,0,0.0,closed,True,True
987,88,57,3,0,0.0,closed,True,True
986,21,22,1,0,0.0,closed,True,True
985,358,317,3,0,0.0,closed,False,False
984,121,95,7,1,1.0,closed,True,True
983,22,11,2,0,0.0,closed,True,True
982,32,1,7,0,0.0,closed,True,True
980,4,19,1,0,0.0,closed,True,True
978,62,62,3,0,0.0,closed,True,True
976,5,449,1,0,0.0,closed,True,True
975,23,52,1,0,0.0,closed,True,True
974,15,52,1,0,0.0,closed,True,True
972,6,136,1,0,0.0,closed,True,True
971,136,6,3,0,0.0,closed,True,True
969,56,11,2,0,0.0,closed,True,True
964,31,13,1,1,1.0,closed,True,True
963,8,5,1,0,0.0,closed,True,True
959,149,95,1,1,1.0,closed,True,True
958,1640,778,23,12,1.5,closed,False,False
957,14,0,8,3,3.0,closed,True,True
956,23,7,4,0,0.0,closed,False,False
955,292,271,1,13,13.0,closed,True,True
954,3,0,2,2,2.0,closed,True,True
953,44,5,6,6,6.0,closed,False,False
952,176,100,1,9,4.5,closed,True,True
950,29,76,6,7,3.5,closed,True,True
949,95,16,12,0,0.0,closed,True,True
948,6,0,2,0,0.0,closed,True,True
947,1,10,7,0,0.0,closed,True,True
945,20,1,2,0,0.0,closed,True,True
944,74,58,3,0,0.0,closed,True,True
943,5,1,4,0,0.0,closed,True,True
942,1,1,12,0,0.0,closed,False,False
941,46,12,27,0,0.0,closed,True,True
936,128,68,5,12,2.4,closed,True,True
933,15,10,1,0,0.0,closed,True,True
930,1,1,2,0,0.0,closed,True,True
928,55,19,2,2,0.6666666666666666,closed,True,True
926,6,0,1,0,0.0,closed,True,True
925,2,7,1,0,0.0,closed,True,True
924,1,1,1,0,0.0,closed,True,True
920,202,147,8,2,0.16666666666666666,closed,True,True
918,0,2,3,0,0.0,closed,True,True
917,153,65,2,0,0.0,closed,False,False
915,41,25,6,0,0.0,closed,True,True
913,37,7,4,0,0.0,closed,True,True
912,324,51,4,0,0.0,closed,True,True
908,324,197,5,0,0.0,closed,True,True
905,341,40,21,22,1.6923076923076923,closed,True,True
904,11,763,3,0,0.0,closed,False,False
902,220,198,1,1,1.0,closed,True,True
901,5,1,1,1,0.5,closed,True,True
898,193,87,3,3,1.5,closed,True,True
897,39,35,11,0,0.0,closed,False,False
894,2,0,6,0,0.0,closed,True,True
893,141,1,6,0,0.0,closed,True,True
892,140,0,1,0,0.0,closed,False,False
890,140,0,1,0,0.0,closed,False,False
889,6,4,2,0,0.0,closed,True,True
888,5,5,1,0,0.0,closed,True,True
885,2,1,1,0,0.0,closed,True,True
884,3,6,1,0,0.0,closed,True,True
883,262,18,1,0,0.0,closed,True,True
882,7,7,1,0,0.0,closed,True,True
881,1,0,1,0,0.0,closed,True,True
880,3,1,1,0,0.0,closed,True,True
879,575,28,5,13,0.325,closed,True,True
878,17,2,7,0,0.0,closed,True,True
877,25,30,3,0,0.0,closed,True,True
876,1124,1191,4,0,0.0,closed,True,True
875,23,5,1,2,2.0,closed,True,True
874,416,306,15,11,1.8333333333333333,closed,True,True
873,4,6,3,0,0.0,closed,True,True
870,17,11,1,0,0.0,closed,True,True
868,96,0,4,4,1.3333333333333333,closed,False,False
867,4,4,1,0,0.0,closed,True,True
866,4,4,1,0,0.0,closed,True,True
865,4,4,1,0,0.0,closed,True,True
864,4,4,1,0,0.0,closed,True,True
863,8,8,1,0,0.0,closed,True,True
862,3500,3374,5,10,0.9090909090909091,closed,True,True
858,6,3,4,0,0.0,closed,True,True
857,2,2,1,0,0.0,closed,True,True
855,19,27,1,0,0.0,closed,True,True
854,91,3,7,4,0.5714285714285714,closed,True,True
852,3,3,1,0,0.0,closed,True,True
849,1,1,1,0,0.0,closed,True,True
846,3,3,1,0,0.0,closed,True,True
845,219,12,2,0,0.0,closed,True,True
844,2,2,1,0,0.0,closed,True,True
842,77,0,16,0,0.0,closed,True,True
841,3,3,1,0,0.0,closed,True,True
840,1,1,1,0,0.0,closed,True,True
838,40,40,2,0,0.0,closed,True,True
837,15,1,3,0,0.0,closed,True,True
836,1,15,5,0,0.0,closed,True,True
834,7,4,1,0,0.0,closed,True,True
833,1,1,1,3,3.0,closed,True,True
832,20,2,1,1,0.5,closed,True,True
831,190,185,2,0,0.0,closed,True,True
829,40,40,4,0,0.0,closed,True,True
828,4,4,1,0,0.0,closed,True,True
827,4,4,1,0,0.0,closed,True,True
826,4,4,1,0,0.0,closed,True,True
825,4,4,1,0,0.0,closed,True,True
824,11,11,1,0,0.0,closed,True,True
823,7,7,1,0,0.0,closed,True,True
815,0,2,1,0,0.0,closed,True,True
813,24,24,1,0,0.0,closed,True,True
812,46,20,20,7,0.875,closed,True,True
811,8,0,10,0,0.0,closed,True,True
810,2,0,11,0,0.0,closed,True,True
809,118,14,5,8,2.0,closed,True,True
808,4,1,3,0,0.0,closed,True,True
807,5,1,4,0,0.0,closed,True,True
806,4,4,1,0,0.0,closed,True,True
803,13,2,5,0,0.0,closed,True,True
800,1,1,7,0,0.0,closed,True,True
799,5,1,2,0,0.0,closed,True,True
796,186,74,2,3,0.3,closed,True,True
793,271,127,18,2,0.18181818181818182,closed,True,True
790,272,222,35,0,0.0,closed,True,True
789,91,0,1,0,0.0,closed,True,True
788,356,208,16,1,0.07692307692307693,closed,True,True
787,359,126,10,0,0.0,closed,True,True
786,8,4,1,0,0.0,closed,True,True
785,43,0,15,0,0.0,closed,True,True
784,65,29,24,22,2.0,closed,True,True
783,13,9,12,0,0.0,closed,True,True
780,131,6,10,0,0.0,closed,False,False
777,29,3,11,4,0.8,closed,True,True
775,3,0,2,0,0.0,closed,True,True
774,7,7,1,0,0.0,closed,True,True
773,159,178,1,0,0.0,closed,True,True
771,8,1,3,0,0.0,closed,True,True
770,34,0,5,0,0.0,closed,True,True
769,20,11,7,2,2.0,closed,True,True
768,122,5,27,0,0.0,closed,False,False
767,53,37,6,1,0.14285714285714285,closed,True,True
766,5,2,3,0,0.0,closed,True,True
764,0,0,2,0,0.0,closed,True,True
763,11,11,1,0,0.0,closed,True,True
762,9,2,1,0,0.0,closed,True,True
759,77,29,11,0,0.0,closed,False,False
757,19,12,4,0,0.0,closed,False,False
754,49,43,2,0,0.0,closed,True,True
753,118,11,7,5,0.625,closed,True,True
750,4,4,1,0,0.0,closed,True,True
746,46,15,2,7,1.4,closed,True,True
744,6,1,5,0,0.0,closed,True,True
742,4,1,4,0,0.0,closed,True,True
738,41,52,4,0,0.0,closed,True,True
737,42,6,2,0,0.0,closed,True,True
736,151,1,4,0,0.0,closed,True,True
735,73,81,1,2,2.0,closed,True,True
734,3,122,1,1,1.0,closed,True,True
733,1,5,1,0,0.0,closed,True,True
732,198,9,7,0,0.0,closed,False,False
731,9,24,3,0,0.0,closed,True,True
730,11,11,2,0,0.0,closed,True,True
729,163,178,4,0,0.0,closed,True,True
727,1,0,1,0,0.0,closed,True,True
726,4,1,1,0,0.0,closed,True,True
725,87,0,1,0,0.0,closed,True,True
723,119,82,6,0,0.0,closed,True,True
722,1,2,2,0,0.0,closed,True,True
720,0,0,22,0,0.0,closed,True,True
719,1180,5,5,8,0.4,closed,True,True
717,8,1,1,0,0.0,closed,True,True
716,602,262,18,0,0.0,closed,True,True
715,2,0,3,0,0.0,closed,True,True
709,8,1,1,0,0.0,closed,True,True
708,0,3,1,0,0.0,closed,True,True
702,0,0,2,0,0.0,closed,True,True
701,450,413,36,2,0.058823529411764705,closed,True,True
697,52,6,7,7,2.3333333333333335,closed,True,True
696,9,11,5,2,0.5,closed,True,True
694,10,3,5,0,0.0,closed,True,True
691,1597,6,12,6,0.1875,closed,False,False
689,263,103,4,0,0.0,closed,True,True
685,86,0,2,0,0.0,closed,True,True
684,3142,2630,1,0,0.0,closed,True,True
683,9,8,1,0,0.0,closed,True,True
682,7,7,1,0,0.0,closed,True,True
681,4,4,1,0,0.0,closed,True,True
678,9,0,1,1,0.5,closed,True,True
676,26,6,2,0,0.0,closed,True,True
670,1,0,1,0,0.0,closed,True,True
667,109,45,12,0,0.0,closed,True,True
666,78,0,11,2,0.2857142857142857,closed,True,True
665,0,0,1,0,0.0,closed,True,True
664,401,89,13,30,2.5,closed,False,False
663,4,446,4,0,0.0,closed,True,True
662,15,0,4,0,0.0,closed,True,True
660,102,178,10,0,0.0,closed,True,True
655,269,114,58,21,0.7777777777777778,closed,True,True
654,22,2,5,0,0.0,closed,False,False
653,4,6,1,0,0.0,closed,True,True
652,5,1,2,0,0.0,closed,True,True
651,1,9,1,0,0.0,closed,True,True
650,1,1,1,0,0.0,closed,True,True
649,16,16,1,0,0.0,closed,True,True
648,17,2,14,4,1.0,closed,True,True
647,76,12,7,0,0.0,closed,True,True
646,14,10,1,0,0.0,closed,True,True
645,1,2,1,0,0.0,closed,True,True
644,1,0,1,0,0.0,closed,True,True
643,44,8,4,0,0.0,closed,True,True
642,137,49,12,6,2.0,closed,True,True
641,1,1,1,0,0.0,closed,True,True
640,0,445,1,0,0.0,closed,True,True
638,100,166,3,0,0.0,closed,True,True
636,12,21,6,1,1.0,closed,True,True
635,1242,113,15,0,0.0,closed,True,True
634,111,770,8,0,0.0,closed,True,True
630,9,10,11,2,0.5,closed,True,True
629,6,18,1,0,0.0,closed,True,True
627,4,0,1,0,0.0,closed,True,True
626,201,77,3,6,0.5454545454545454,closed,True,True
617,4,19,1,0,0.0,closed,True,True
614,12,4,1,0,0.0,closed,True,True
613,46,41,6,0,0.0,closed,False,False
612,80,0,2,0,0.0,closed,True,True
609,1,278,6,0,0.0,closed,True,True
608,11,6,1,0,0.0,closed,True,True
607,2,1,2,0,0.0,closed,False,False
606,7,23,1,0,0.0,closed,True,True
605,7,1,2,0,0.0,closed,False,False
604,45,42,1,0,0.0,closed,True,True
603,2,1,1,0,0.0,closed,True,True
602,2,0,2,0,0.0,closed,True,True
601,4,1,2,2,1.0,closed,True,True
598,441,196,40,4,0.26666666666666666,closed,True,True
596,38,21,3,0,0.0,closed,True,True
594,1,12,2,0,0.0,closed,True,True
593,4,1,3,4,2.0,closed,True,True
587,19,4,14,3,0.375,closed,True,True
586,4,4,1,0,0.0,closed,True,True
585,1,1,1,0,0.0,closed,True,True
584,1,2,2,0,0.0,closed,True,True
583,1468,802,23,10,0.9090909090909091,closed,True,True
582,1,1,3,0,0.0,closed,True,True
581,42,77,2,1,0.5,closed,True,True
580,393,163,21,5,0.35714285714285715,closed,False,False
579,70,12,15,3,0.375,closed,True,True
578,13,7,2,0,0.0,closed,True,True
577,23,17,1,6,3.0,closed,True,True
576,1,1,1,0,0.0,closed,True,True
575,6,6,3,0,0.0,closed,True,True
574,33,18,5,1,1.0,closed,True,True
573,5,4,2,0,0.0,closed,True,True
572,6,1,1,0,0.0,closed,True,True
571,3,2,1,0,0.0,closed,True,True
570,10,37,7,0,0.0,closed,False,False
569,40,21,5,0,0.0,closed,True,True
568,2,0,2,0,0.0,closed,True,True
567,6,1,1,0,0.0,closed,True,True
566,0,1,2,0,0.0,closed,True,True
565,19,40,5,0,0.0,closed,True,True
564,751,691,4,0,0.0,closed,True,True
562,122,94,1,0,0.0,closed,True,True
560,207,58,3,2,0.2,closed,True,True
557,10,6,1,0,0.0,closed,True,True
556,2,2,1,0,0.0,closed,True,True
555,28,10,2,0,0.0,closed,True,True
554,37,2,4,0,0.0,closed,True,True
553,4,10,4,5,1.6666666666666667,closed,True,True
552,7,8,6,0,0.0,closed,True,True
551,3,1,5,3,1.5,closed,True,True
550,67,0,3,0,0.0,closed,True,True
549,11,4,2,0,0.0,closed,True,True
548,4,4,1,0,0.0,closed,True,True
547,4,4,1,0,0.0,closed,True,True
546,4,4,1,0,0.0,closed,True,True
545,27,4,1,0,0.0,closed,True,True
544,4,4,1,0,0.0,closed,True,True
543,4,4,1,0,0.0,closed,True,True
542,7,4,6,1,0.5,closed,True,True
540,11,11,2,0,0.0,closed,True,True
539,18,9,1,2,2.0,closed,False,False
538,45,46,2,0,0.0,closed,True,True
535,9,7,5,6,1.5,closed,True,True
534,177,107,6,0,0.0,closed,True,True
528,68,1,4,2,1.0,closed,True,True
527,141,39,15,4,2.0,closed,True,True
526,1,1,1,0,0.0,closed,True,True
525,352,350,6,0,0.0,closed,True,True
524,16,11,2,0,0.0,closed,False,False
523,5,13,1,0,0.0,closed,True,True
522,68,1,10,0,0.0,closed,True,True
520,41,8,2,0,0.0,closed,True,True
519,37,70,15,0,0.0,closed,False,False
516,4,4,2,0,0.0,closed,True,True
511,2,2,4,0,0.0,closed,True,True
510,123,144,1,2,2.0,closed,True,True
508,7,3,2,1,0.5,closed,True,True
506,9,3,1,0,0.0,closed,True,True
503,0,2,1,2,2.0,closed,True,True
502,374,35,1,14,2.3333333333333335,closed,True,True
501,1,0,2,0,0.0,closed,True,True
500,206,32,6,8,0.8888888888888888,closed,True,True
499,7,0,2,0,0.0,closed,True,True
496,1,1,3,0,0.0,closed,False,False
495,184,184,12,0,0.0,closed,False,False
494,31,0,5,0,0.0,closed,False,False
493,160,1,19,13,1.625,closed,True,True
492,7,6,1,0,0.0,closed,False,False
489,2,2,2,0,0.0,closed,True,True
487,0,10,1,0,0.0,closed,True,True
486,0,1,1,0,0.0,closed,True,True
484,37,36,2,0,0.0,closed,True,True
482,13,2,1,6,1.2,closed,True,True
480,86,9,22,0,0.0,closed,True,True
477,286,162,8,4,0.8,closed,True,True
475,12,7,6,0,0.0,closed,True,True
474,6,5,1,0,0.0,closed,True,True
473,15,1,1,0,0.0,closed,True,True
470,159,100,1,0,0.0,closed,True,True
466,115,161,1,0,0.0,closed,True,True
465,15,1,4,1,0.5,closed,True,True
464,29,42,1,0,0.0,closed,True,True
463,2,0,3,0,0.0,closed,True,True
462,3,3,2,0,0.0,closed,True,True
460,65,65,1,0,0.0,closed,True,True
455,96,58,3,0,0.0,closed,True,True
454,7,1,2,2,2.0,closed,True,True
452,1,1,2,0,0.0,closed,True,True
451,54,6,3,0,0.0,closed,True,True
450,21,4,12,5,1.25,closed,True,True
449,1,2,2,0,0.0,closed,True,True
448,19,10,2,0,0.0,closed,True,True
447,3,1,2,0,0.0,closed,True,True
446,3,0,2,0,0.0,closed,True,True
443,647,84,4,0,0.0,closed,True,True
442,1,0,2,0,0.0,closed,True,True
441,3,2,1,0,0.0,closed,True,True
440,30,0,2,0,0.0,closed,True,True
439,1,0,1,0,0.0,closed,True,True
438,22,23,1,0,0.0,closed,True,True
437,7,10,1,2,0.6666666666666666,closed,True,True
436,0,24,1,0,0.0,closed,True,True
435,9,9,6,0,0.0,closed,True,True
433,14,0,3,0,0.0,closed,False,False
430,129,42,6,0,0.0,closed,True,True
428,18,5,5,0,0.0,closed,True,True
427,1,1,2,0,0.0,closed,True,True
426,1,1,1,0,0.0,closed,True,True
423,2,0,3,0,0.0,closed,True,True
422,88,62,1,0,0.0,closed,True,True
421,21,9,20,0,0.0,closed,False,False
420,60,86,2,0,0.0,closed,True,True
416,86,60,1,0,0.0,closed,True,True
415,28,0,3,0,0.0,closed,True,True
410,1,1,1,0,0.0,closed,True,True
406,23,25,2,0,0.0,closed,True,True
405,17,3,2,0,0.0,closed,True,True
403,4,4,1,0,0.0,closed,True,True
402,202,128,1,2,0.25,closed,True,True
401,15,2,12,2,0.4,closed,True,True
400,29,7,14,5,0.5,closed,True,True
395,57,64,2,1,0.3333333333333333,closed,True,True
394,3,3,11,0,0.0,closed,True,True
390,21,3,4,0,0.0,closed,False,False
388,143,39,9,0,0.0,closed,True,True
387,15,0,6,0,0.0,closed,True,True
385,15,6,6,7,3.5,closed,False,False
384,12,8,11,1,0.5,closed,False,False
380,7,5,6,0,0.0,closed,True,True
378,49,33,15,0,0.0,closed,True,True
376,1,0,3,0,0.0,closed,True,True
375,28,0,4,0,0.0,closed,True,True
374,2,1,2,0,0.0,closed,False,False
373,6,5,2,0,0.0,closed,True,True
372,7,0,2,0,0.0,closed,True,True
371,61,5,9,0,0.0,closed,True,True
367,4,4,3,0,0.0,closed,True,True
364,35,4,1,4,4.0,closed,True,True
363,66,96,8,0,0.0,closed,True,True
358,20,11,2,1,0.5,closed,True,True
356,103,17,13,12,1.3333333333333333,closed,True,True
355,24,14,2,0,0.0,closed,True,True
353,12,19,2,0,0.0,closed,True,True
352,12,23,1,0,0.0,closed,True,True
350,23,12,4,0,0.0,closed,True,True
349,1,6,3,1,1.0,closed,True,True
343,1043,746,29,3,0.21428571428571427,closed,True,True
342,408,74,20,2,0.18181818181818182,closed,False,False
341,24,16,2,0,0.0,closed,True,True
340,53,2,2,3,3.0,closed,True,True
338,770,111,99,23,0.45098039215686275,closed,True,True
337,12,8,2,0,0.0,closed,True,True
336,3,1,1,0,0.0,closed,True,True
334,42,35,1,0,0.0,closed,True,True
333,1,0,1,0,0.0,closed,True,True
332,9,9,1,0,0.0,closed,True,True
331,3,0,1,0,0.0,closed,True,True
330,27,23,1,0,0.0,closed,True,True
329,25,6,4,0,0.0,closed,True,True
328,17,2,1,0,0.0,closed,True,True
327,7,1,1,0,0.0,closed,True,True
326,12,11,1,0,0.0,closed,True,True
325,166,50,1,0,0.0,closed,True,True
323,6,3,1,0,0.0,closed,True,True
322,1,5,1,0,0.0,closed,True,True
321,1,1,1,0,0.0,closed,True,True
320,12,10,1,0,0.0,closed,True,True
317,0,5,1,0,0.0,closed,True,True
316,106,68,7,2,0.5,closed,True,True
315,4,25,1,0,0.0,closed,True,True
314,49,46,2,0,0.0,closed,False,False
312,1,1,1,0,0.0,closed,True,True
309,34,9,17,10,2.0,closed,True,True
304,51,13,8,1,0.25,closed,True,True
302,3,0,11,0,0.0,closed,False,False
301,14,28,1,0,0.0,closed,True,True
300,36,15,4,5,1.25,closed,True,True
299,171,63,6,0,0.0,closed,False,False
298,967,430,12,0,0.0,closed,True,True
296,1,0,2,0,0.0,closed,True,True
295,312,252,3,0,0.0,closed,True,True
292,2,1,5,0,0.0,closed,True,True
291,4,4,2,0,0.0,closed,True,True
288,107,6,4,0,0.0,closed,False,False
286,9,3,3,2,1.0,closed,True,True
283,239,157,21,12,1.0909090909090908,closed,True,True
282,2,0,1,0,0.0,closed,True,True
281,2,0,1,0,0.0,closed,True,True
280,104,57,6,0,0.0,closed,True,True
279,29,0,1,0,0.0,closed,True,True
278,67,2,2,4,1.0,closed,True,True
277,1095,1092,5,0,0.0,closed,False,False
276,39,32,4,1,0.3333333333333333,closed,True,True
275,1,0,1,0,0.0,closed,True,True
274,32,18,3,1,0.5,closed,True,True
270,90,12,8,5,0.8333333333333334,closed,True,True
268,1,2,2,0,0.0,closed,True,True
266,52,23,2,1,0.3333333333333333,closed,True,True
265,4,46,1,0,0.0,closed,True,True
261,20,8,1,2,2.0,closed,True,True
258,8,14,6,5,5.0,closed,True,True
255,20,2,7,3,1.0,closed,True,True
248,75,29,12,2,0.4,closed,True,True
247,6,2,5,0,0.0,closed,False,False
246,33,26,4,0,0.0,closed,True,True
245,8,12,3,0,0.0,closed,True,True
241,2,0,1,0,0.0,closed,True,True
239,190,130,10,0,0.0,closed,True,True
238,149,26,8,0,0.0,closed,True,True
236,21,1,6,0,0.0,closed,True,True
234,3,40,1,0,0.0,closed,True,True
233,206,184,5,0,0.0,closed,True,True
232,89,11,9,2,2.0,closed,True,True
230,246,101,7,0,0.0,closed,True,True
227,28,19,1,0,0.0,closed,True,True
225,28,87,1,0,0.0,closed,True,True
222,1,1,1,0,0.0,closed,True,True
221,2,0,1,0,0.0,closed,True,True
220,40,3,3,0,0.0,closed,True,True
219,25,1,7,4,2.0,closed,True,True
217,250,25,2,0,0.0,closed,True,True
216,10,6,5,0,0.0,closed,True,True
215,1,0,1,0,0.0,closed,True,True
214,3,3,3,0,0.0,closed,True,True
213,92,90,1,0,0.0,closed,True,True
212,153,147,1,0,0.0,closed,True,True
210,19,5,1,0,0.0,closed,True,True
208,695,530,0,0,0.0,closed,True,True
207,547,474,5,0,0.0,closed,True,True
205,2,2,2,0,0.0,closed,True,True
204,1412,1183,5,0,0.0,closed,False,False
200,87,28,6,0,0.0,closed,True,True
198,65,59,4,0,0.0,closed,True,True
197,10,4,1,7,3.5,closed,True,True
195,78,204,1,0,0.0,closed,True,True
192,137,169,3,0,0.0,closed,True,True
191,22,7,6,0,0.0,closed,True,True
190,177,191,2,2,1.0,closed,True,True
189,71,146,6,0,0.0,closed,False,False
187,47,19,6,0,0.0,closed,False,False
184,79,30,2,9,2.25,closed,True,True
183,222,95,11,9,2.25,closed,False,False
181,323,69,21,1,1.0,closed,False,False
179,405,87,8,11,1.8333333333333333,closed,True,True
178,53,52,1,3,3.0,closed,True,True
177,113,35,0,2,1.0,closed,True,True
176,21,0,0,0,0.0,closed,True,True
174,205,20,4,0,0.0,closed,True,True
171,9,6,1,2,2.0,closed,True,True
170,6,1,0,0,0.0,closed,True,True
168,3,1,0,0,0.0,closed,True,True
162,3,1,0,0,0.0,closed,True,True
161,62,1,0,0,0.0,closed,True,True
160,23,23,0,0,0.0,closed,True,True
159,79,1,7,7,1.75,closed,True,True
158,7,2,0,0,0.0,closed,True,True
156,8,6,5,0,0.0,closed,True,True
155,1564,0,0,0,0.0,closed,True,True
154,0,1653,0,0,0.0,closed,True,True
151,1,1,0,0,0.0,closed,True,True
150,3,2,0,0,0.0,closed,True,True
149,2,2,0,0,0.0,closed,True,True
146,87,10,1,0,0.0,closed,True,True
145,115,7,12,18,3.0,closed,True,True
144,11,0,0,0,0.0,closed,True,True
142,8,2,3,2,0.6666666666666666,closed,True,True
141,51,0,1,0,0.0,closed,True,True
139,29,10,0,0,0.0,closed,True,True
137,10,11,0,0,0.0,closed,True,True
136,29,37,2,0,0.0,closed,True,True
135,13,33,0,0,0.0,closed,True,True
134,39,32,0,0,0.0,closed,True,True
133,92,130,1,0,0.0,closed,True,True
131,0,15,0,0,0.0,closed,True,True
130,24,8,1,1,0.5,closed,True,True
129,19,2,0,0,0.0,closed,True,True
126,3,1,0,0,0.0,closed,True,True
125,404,2,4,0,0.0,closed,False,False
122,6,4,3,0,0.0,closed,True,True
121,4,4,0,0,0.0,closed,True,True
119,8,3,0,0,0.0,closed,True,True
117,1064,118,5,0,0.0,closed,True,True
113,6,3,0,0,0.0,closed,True,True
112,19,1,0,0,0.0,closed,True,True
111,5,3,0,0,0.0,closed,True,True
108,25,0,10,0,0.0,closed,True,True
106,3,0,3,0,0.0,closed,True,True
103,234,25,11,8,2.0,closed,True,True
101,30,4,1,0,0.0,closed,True,True
100,148,2,0,0,0.0,closed,True,True
99,32,5,1,0,0.0,closed,True,True
98,180,1,1,0,0.0,closed,True,True
97,196,2,1,0,0.0,closed,False,False
96,64,4,3,1,1.0,closed,False,False
95,202,112,1,7,3.5,closed,True,True
94,6,0,0,0,0.0,closed,True,True
93,1,1,0,0,0.0,closed,True,True
92,36,6,0,0,0.0,closed,True,True
90,25,0,0,0,0.0,closed,True,True
89,41,21,0,1,1.0,closed,True,True
87,7,19,2,7,7.0,closed,True,True
85,64,28,1,20,2.857142857142857,closed,True,True
84,1,1,1,0,0.0,closed,True,True
83,40,0,1,4,4.0,closed,True,True
82,3,1,1,0,0.0,closed,True,True
75,14815,24,10,0,0.0,closed,True,True
74,154,34,4,1,0.25,closed,True,True
73,32,11,1,0,0.0,closed,True,True
71,19,19,0,2,2.0,closed,True,True
69,11,1,10,0,0.0,closed,True,True
67,3,0,6,0,0.0,closed,True,True
66,15804,11129,5,7,0.4117647058823529,closed,False,False
65,48,48,1,0,0.0,closed,True,True
64,13,0,0,0,0.0,closed,True,True
62,47,28,0,1,1.0,closed,True,True
60,469,286,0,0,0.0,closed,True,True
59,10,10,0,0,0.0,closed,False,False
58,250,257,1,3,3.0,closed,True,True
57,126,128,1,0,0.0,closed,True,True
56,33,13,2,4,2.0,closed,True,True
55,45,17,6,8,8.0,closed,False,False
54,77,10,1,0,0.0,closed,True,True
53,33,0,7,20,4.0,closed,True,True
52,185,155,5,21,3.0,closed,False,False
51,7,0,0,0,0.0,closed,True,True
50,18,13,0,0,0.0,closed,True,True
49,8,4,0,0,0.0,closed,True,True
48,104,20,0,0,0.0,closed,True,True
47,107,20,0,0,0.0,closed,False,False
46,106,25,0,0,0.0,closed,False,False
45,5,2,0,0,0.0,closed,True,True
44,61,14,0,4,2.0,closed,True,True
39,2300,1465,14,1,0.5,closed,True,True
37,10,3,0,0,0.0,closed,True,True
31,116,7,2,7,7.0,closed,True,True
30,10184,0,0,3,1.0,closed,True,True
29,33,19,3,6,1.2,closed,True,True
28,43,2,1,2,2.0,closed,True,True
1,20,2,0,0,0.0,closed,True,True
