31395,0,0,0,0,0.0,closed,False,False
31394,8,7,1,0,0.0,open,False,False
31393,36,12,0,0,0.0,open,False,False
31391,376,108,0,0,0.0,closed,False,False
31390,567,0,1,0,0.0,open,False,False
31387,60,13,0,1,0.25,closed,True,True
31386,1333,6,1,0,0.0,open,False,False
31385,4,2,1,0,0.0,closed,False,False
31384,95,8,0,2,0.6666666666666666,open,False,False
31383,6,4,0,0,0.0,closed,True,True
31382,10,0,0,0,0.0,closed,False,False
31381,57,52,8,2,0.3333333333333333,closed,True,True
31379,8271,402,2,0,0.0,open,False,False
31378,4185,21,1,0,0.0,open,False,False
31377,1,1,1,0,0.0,closed,False,False
31374,2,0,0,0,0.0,closed,True,True
31373,124,48,2,0,0.0,open,False,False
31369,3,3,0,0,0.0,open,False,False
31368,33,5,0,4,4.0,closed,True,True
31367,1,1,0,0,0.0,closed,False,False
31366,1,1,0,0,0.0,closed,False,False
31365,168,22,1,0,0.0,closed,True,True
31364,71,3,0,0,0.0,open,False,False
31362,257,150,0,6,0.5454545454545454,open,False,False
31361,112,32,1,1,0.07692307692307693,open,False,False
31360,12,5,0,0,0.0,closed,True,True
31359,7,2,1,0,0.0,closed,False,False
31357,2,2,1,3,3.0,open,False,False
31356,25,0,0,0,0.0,open,False,False
31355,85,29,9,4,0.3076923076923077,closed,True,True
31354,7752,705,0,0,0.0,open,False,False
31353,17,48,0,0,0.0,closed,True,True
31352,12,3,0,5,1.6666666666666667,open,False,False
31351,748,0,3,6,0.6666666666666666,closed,False,False
31350,7,2,1,0,0.0,closed,False,False
31348,56,11,2,0,0.0,open,False,False
31345,119,49,0,0,0.0,closed,False,False
31342,18,9,0,2,2.0,closed,True,True
31341,23,23,1,0,0.0,closed,True,True
31340,78,1,0,0,0.0,open,False,False
31337,19,14,0,0,0.0,closed,False,False
31336,23,12,1,0,0.0,open,False,False
31334,12,12,0,0,0.0,closed,True,True
31333,8338,48,0,0,0.0,closed,False,False
31332,1,1,0,0,0.0,closed,True,True
31331,6,4,1,2,2.0,open,False,False
31329,2,10,1,2,0.6666666666666666,closed,True,True
31328,27,3,8,19,3.1666666666666665,open,False,False
31325,141,2,1,0,0.0,closed,False,False
31324,1,3,1,0,0.0,closed,False,False
31319,28,0,2,2,0.6666666666666666,open,False,False
31318,6,0,0,0,0.0,closed,False,False
31317,3,1,0,2,2.0,closed,True,True
31316,10,6,8,4,0.6666666666666666,open,False,False
31314,1,1,0,0,0.0,closed,True,True
31313,100,100,0,0,0.0,closed,True,True
31312,30,0,1,0,0.0,closed,False,False
31311,2,2,1,0,0.0,closed,False,False
31309,138,39,2,2,1.0,open,False,False
31307,188,23,1,0,0.0,open,False,False
31306,125,68,2,0,0.0,open,False,False
31304,24,9,2,4,1.0,open,False,False
31302,59,16,1,0,0.0,closed,False,False
31301,46,46,0,0,0.0,open,False,False
31300,59,205,0,0,0.0,open,False,False
31299,20,36,0,0,0.0,open,False,False
31298,79,68,0,0,0.0,open,False,False
31295,9,4,0,4,1.3333333333333333,closed,True,True
31293,54,80,0,0,0.0,open,False,False
31292,55,3,1,0,0.0,closed,False,False
31291,324,14,0,0,0.0,open,False,False
31290,18,0,0,0,0.0,closed,True,True
31289,2,2,2,2,0.6666666666666666,closed,True,True
31288,521,120,0,1,0.16666666666666666,open,False,False
31283,2,1,0,0,0.0,closed,True,True
31282,7,3,1,0,0.0,closed,True,True
31274,7,4,5,0,0.0,closed,False,False
31273,14,0,0,0,0.0,open,False,False
31272,397,59,0,0,0.0,open,False,False
31271,336,366,1,0,0.0,closed,False,False
31270,10,0,0,0,0.0,closed,True,True
31269,6,2,1,0,0.0,closed,False,False
31267,69,1,1,6,1.5,open,False,False
31266,8,23,2,2,0.4,closed,True,True
31265,2,2,2,0,0.0,closed,True,True
31263,43,2,2,2,2.0,closed,False,False
31262,1,1,1,0,0.0,closed,False,False
31260,141,0,1,0,0.0,closed,False,False
31258,105,64,1,1,0.2,open,False,False
31252,5,2,3,0,0.0,closed,False,False
31251,2,1,2,0,0.0,closed,True,True
31249,58,5,3,2,0.6666666666666666,closed,True,True
31247,2,0,3,2,0.6666666666666666,closed,True,True
31246,2,2,0,0,0.0,closed,True,True
31243,899,49,2,0,0.0,closed,True,True
31242,57887,9764,2,4,0.8,closed,True,True
31241,3,0,0,0,0.0,closed,True,True
31240,21,30,0,0,0.0,closed,True,True
31239,6,6,1,0,0.0,closed,False,False
31238,116,2,0,0,0.0,closed,False,False
31237,87,2,1,0,0.0,closed,False,False
31236,15,0,1,0,0.0,closed,False,False
31235,47,6,3,0,0.0,closed,False,False
31234,91,6,5,2,0.6666666666666666,closed,True,True
31233,4,2,0,1,1.0,closed,True,True
31232,1,0,10,0,0.0,closed,False,False
31230,106,27,0,0,0.0,closed,False,False
31229,134,0,0,0,0.0,closed,False,False
31228,3,0,6,2,1.0,open,False,False
31227,4,0,1,0,0.0,closed,False,False
31226,248,2,0,3,1.0,open,False,False
31225,0,9,0,0,0.0,closed,True,True
31224,0,16,0,0,0.0,closed,True,True
31221,1,0,0,2,2.0,closed,False,False
31219,234,12,6,3,0.2,closed,True,True
31218,3,3,1,3,0.75,closed,True,True
31217,1,1,0,0,0.0,closed,True,True
31216,24,25,0,2,0.5,open,False,False
31211,1,1034,0,0,0.0,closed,True,True
31210,90,45,1,2,2.0,closed,False,False
31209,71,69,3,5,0.8333333333333334,closed,True,True
31207,0,0,4,0,0.0,closed,False,False
31206,63,0,0,0,0.0,closed,True,True
31205,8296,0,1,0,0.0,closed,False,False
31202,68,21,7,12,2.0,closed,True,True
31201,417,206,0,0,0.0,closed,False,False
31200,60,109,0,0,0.0,closed,False,False
31199,2,2,1,0,0.0,closed,False,False
31198,67,3,5,2,1.0,open,False,False
31197,1,3,1,0,0.0,closed,True,True
31195,1,1,2,0,0.0,open,False,False
31194,81,21,10,2,0.6666666666666666,open,False,False
31193,18,0,0,0,0.0,closed,False,False
31192,8,0,0,0,0.0,closed,True,True
31191,6,4,0,0,0.0,closed,True,True
31189,1504,48,0,0,0.0,closed,True,True
31187,11,9,2,0,0.0,closed,False,False
31186,3,3,0,1,0.5,closed,False,False
31185,3,2,0,0,0.0,closed,True,True
31182,143,157,0,0,0.0,open,False,False
31179,0,1,7,3,1.0,closed,True,True
31178,2,1,7,0,0.0,closed,False,False
31177,3,3,1,0,0.0,closed,False,False
31176,22,0,3,0,0.0,closed,True,True
31175,7,0,2,0,0.0,open,False,False
31174,28,0,2,2,0.6666666666666666,closed,True,True
31173,7,0,1,0,0.0,closed,True,True
31172,20,43,0,0,0.0,closed,True,True
31171,7,2,0,0,0.0,closed,True,True
31170,40,24,0,0,0.0,closed,True,True
31167,12,22,1,0,0.0,closed,False,False
31166,91,92,2,1,1.0,closed,False,False
31165,3,3,0,0,0.0,closed,True,True
31164,1,1,0,0,0.0,closed,True,True
31163,19,2,3,0,0.0,closed,False,False
31161,6943,320,1,1,0.16666666666666666,open,False,False
31160,62,0,5,0,0.0,closed,False,False
31159,112,85,10,3,0.42857142857142855,closed,True,True
31158,5,2,1,0,0.0,closed,True,True
31157,3,3,0,0,0.0,closed,True,True
31156,6725,280,0,0,0.0,open,False,False
31155,2,2,0,0,0.0,closed,True,True
31153,21,48,0,0,0.0,closed,True,True
31152,6,6,0,0,0.0,closed,False,False
31151,14,7,3,0,0.0,closed,False,False
31150,50,5,0,0,0.0,open,False,False
31149,215,101,1,0,0.0,closed,False,False
31148,72,18,1,0,0.0,open,False,False
31147,1,1,1,0,0.0,closed,False,False
31145,9,9,1,0,0.0,closed,False,False
31144,2,2,1,0,0.0,closed,False,False
31143,50,4,1,1,0.25,closed,False,False
31142,83,13,2,8,0.8,open,False,False
31141,8,2,1,1,1.0,closed,False,False
31139,12,4,0,0,0.0,closed,True,True
31138,156,0,2,0,0.0,closed,False,False
31137,0,3,2,0,0.0,closed,True,True
31134,55,27,2,4,1.3333333333333333,open,False,False
31133,697,157,0,0,0.0,closed,True,True
31132,100,75,2,0,0.0,open,False,False
31130,43,49,0,0,0.0,closed,True,True
31129,97,39,2,0,0.0,closed,True,True
31128,18,18,0,3,1.5,closed,True,True
31127,1,1,0,0,0.0,closed,True,True
31126,7,7,2,0,0.0,open,False,False
31125,75,2,0,3,1.5,closed,True,True
31124,116,8,9,0,0.0,closed,False,False
31123,28,21,3,0,0.0,closed,False,False
31122,116,8,2,11,0.9166666666666666,closed,True,True
31120,11,5,4,0,0.0,closed,False,False
31119,9,5,0,2,1.0,closed,True,True
31117,92,26,0,5,1.25,closed,True,True
31116,9,7,7,3,3.0,closed,False,False
31114,11,6,17,2,1.0,open,False,False
31113,1,1,2,0,0.0,closed,True,True
31111,48,12,0,0,0.0,open,False,False
31110,1,1,3,0,0.0,closed,False,False
31109,288,164,11,28,3.111111111111111,open,False,False
31108,10,8,2,0,0.0,closed,False,False
31104,13,2,4,2,2.0,closed,False,False
31103,60,4,2,0,0.0,closed,True,True
31102,3,3,0,0,0.0,closed,True,True
31101,16,12,2,4,1.3333333333333333,closed,True,True
31100,3,0,0,0,0.0,closed,True,True
31099,9,3,0,0,0.0,closed,True,True
31098,17,8,0,1,0.3333333333333333,closed,True,True
31097,25,20,2,6,1.0,closed,True,True
31096,1,1,1,0,0.0,closed,True,True
31095,2,2,0,0,0.0,closed,True,True
31091,2,12,1,0,0.0,closed,True,True
31090,54,16,0,2,1.0,closed,True,True
31089,0,59,0,0,0.0,closed,True,True
31088,122,62,4,5,0.45454545454545453,closed,True,True
31086,45,4,2,0,0.0,closed,False,False
31085,1,10,9,0,0.0,closed,False,False
31084,40,14,6,2,0.6666666666666666,closed,True,True
31083,1,1,0,0,0.0,closed,False,False
31082,6,6,1,1,0.2,closed,True,True
31081,1126,3177,0,0,0.0,open,False,False
31080,1166,660,0,1,0.0625,open,False,False
31079,4825,0,0,0,0.0,closed,True,True
31078,1,1,0,0,0.0,open,False,False
31076,1,1,0,1,0.5,closed,True,True
31075,16,12,2,2,2.0,open,False,False
31074,8,16,1,3,0.6,closed,True,True
31073,368,17,11,27,1.8,closed,True,True
31071,2,1,0,0,0.0,closed,True,True
31070,93,0,2,0,0.0,closed,False,False
31069,3715,26046,0,0,0.0,closed,False,False
31068,24,0,1,1,0.25,closed,True,True
31067,8,4,3,5,2.5,closed,True,True
31066,2,2,1,0,0.0,closed,False,False
31065,19,10,2,0,0.0,closed,True,True
31064,354,2,1,8,0.5333333333333333,closed,True,True
31063,1,1,2,0,0.0,closed,False,False
31062,3,3,0,0,0.0,closed,True,True
31061,109,225,1,9,4.5,closed,True,True
31060,62,44,0,3,1.0,closed,True,True
31059,3,3,1,0,0.0,closed,False,False
31057,0,2,0,0,0.0,closed,True,True
31056,5,1,0,0,0.0,closed,True,True
31055,76,0,0,0,0.0,closed,True,True
31054,4,1,1,0,0.0,closed,True,True
31053,76,73,0,0,0.0,closed,False,False
31051,22,4,7,2,0.6666666666666666,closed,False,False
31050,1,0,0,0,0.0,closed,False,False
31049,56,1,2,4,0.6666666666666666,closed,True,True
31047,430,316,4,0,0.0,closed,False,False
31046,4,4,0,0,0.0,closed,False,False
31045,3,0,0,2,0.6666666666666666,closed,True,True
31044,204,356,1,0,0.0,closed,False,False
31043,8821,75,0,0,0.0,closed,False,False
31042,1,1,1,0,0.0,closed,False,False
31041,342,123,0,11,2.2,closed,True,True
31040,1,1,3,0,0.0,closed,False,False
31038,8,6,0,4,2.0,closed,True,True
31037,49,49,0,0,0.0,closed,True,True
31036,103,54,2,10,2.0,closed,True,True
31035,5,7,1,0,0.0,closed,False,False
31033,22,0,3,0,0.0,closed,True,True
31032,2,2,3,0,0.0,closed,True,True
31031,158636,911107,1,0,0.0,closed,False,False
31030,4,1,0,4,2.0,closed,True,True
31029,13,4,0,4,1.0,closed,True,True
31027,2,1,1,0,0.0,closed,False,False
31026,17,9,0,0,0.0,closed,False,False
31025,16,9,0,0,0.0,closed,True,True
31024,12,6,0,0,0.0,closed,False,False
31023,79,52,0,0,0.0,closed,True,True
31020,152,2,0,2,0.4,closed,True,True
31019,35,35,0,0,0.0,closed,True,True
31018,1,1,2,0,0.0,closed,False,False
31017,1,1,0,0,0.0,closed,False,False
31016,7663,24,1,0,0.0,closed,False,False
31015,39,18,6,8,8.0,closed,False,False
31014,284,201,0,2,0.6666666666666666,open,False,False
31013,2,1,2,0,0.0,closed,True,True
31012,3,22,4,0,0.0,closed,True,True
31010,23,0,0,3,0.5,closed,True,True
31009,2,0,1,4,2.0,closed,False,False
31008,71,50,0,2,2.0,closed,True,True
31007,8,0,2,3,1.0,closed,True,True
31006,1363,0,3,19,4.75,open,False,False
31005,9,116,0,0,0.0,closed,True,True
31004,13,14,0,3,1.5,closed,True,True
31003,1,1,1,0,0.0,closed,False,False
31002,612,203,3,60,5.454545454545454,closed,True,True
31001,6,15,0,0,0.0,closed,True,True
31000,9,6,1,0,0.0,closed,False,False
30999,2,3,1,0,0.0,closed,False,False
30998,4,0,1,0,0.0,closed,False,False
30993,31,0,2,0,0.0,closed,False,False
30992,31,24,1,0,0.0,closed,False,False
30990,255,1,0,0,0.0,closed,False,False
30989,66,0,0,0,0.0,closed,False,False
30987,42,1,6,0,0.0,closed,False,False
30986,5,6,1,0,0.0,closed,False,False
30985,0,3,7,0,0.0,closed,False,False
30984,31,6,0,5,1.6666666666666667,closed,True,True
30982,44,38,2,3,3.0,closed,True,True
30981,9,9,0,0,0.0,closed,True,True
30980,3,3,3,0,0.0,closed,True,True
30978,1251,2329,4,1,0.07692307692307693,closed,True,True
30976,1,1,0,0,0.0,closed,True,True
30975,13,18,0,0,0.0,closed,True,True
30974,4,4,0,0,0.0,closed,True,True
30973,4,0,0,0,0.0,closed,True,True
30972,6,1,2,0,0.0,closed,True,True
30971,3930,267,1,0,0.0,open,False,False
30969,14,8,0,0,0.0,closed,True,True
30966,5,5,3,0,0.0,closed,False,False
30964,103,7,0,0,0.0,closed,False,False
30962,37,2,0,1,0.5,closed,False,False
30959,13,5,1,0,0.0,closed,False,False
30958,10,35,0,0,0.0,closed,True,True
30957,7,27,1,0,0.0,closed,False,False
30956,2,6,1,0,0.0,closed,False,False
30954,1,1,1,0,0.0,closed,False,False
30953,3,2,1,0,0.0,closed,False,False
30952,3,3,1,1,1.0,closed,False,False
30951,0,3,1,0,0.0,closed,False,False
30949,2,2,3,0,0.0,closed,False,False
30948,524,9,9,0,0.0,closed,False,False
30947,178,2,8,4,0.6666666666666666,closed,False,False
30946,125,56,6,11,3.6666666666666665,closed,True,True
30938,6,6,0,0,0.0,closed,True,True
30937,52,50,0,0,0.0,closed,False,False
30936,2,2,0,0,0.0,closed,True,True
30935,68,68,0,0,0.0,closed,True,True
30933,95,101,1,0,0.0,closed,True,True
30932,279,96,6,9,4.5,open,False,False
30931,16,3,4,0,0.0,closed,False,False
30930,2,3,1,0,0.0,closed,False,False
30928,4,4,2,0,0.0,closed,False,False
30927,10,5,0,0,0.0,closed,True,True
30926,15,12,2,0,0.0,closed,True,True
30925,2,2,0,0,0.0,closed,True,True
30924,46,19,1,0,0.0,closed,True,True
30923,52,12,8,0,0.0,closed,True,True
30921,6,6,1,0,0.0,closed,True,True
30919,1,1,0,0,0.0,closed,False,False
30918,3,1,2,0,0.0,closed,True,True
30917,74,0,1,0,0.0,closed,False,False
30915,3,3,2,0,0.0,closed,False,False
30914,709,47,1,7,0.4117647058823529,open,False,False
30912,61,56,1,4,0.6666666666666666,closed,True,True
30911,559,0,3,7,2.3333333333333335,open,False,False
30910,5,5,1,0,0.0,closed,True,True
30909,109,79,2,0,0.0,closed,False,False
30907,192,151,1,10,10.0,closed,True,True
30906,8,8,3,2,0.6666666666666666,closed,False,False
30905,1,1,1,0,0.0,closed,False,False
30904,18,0,0,0,0.0,closed,False,False
30903,1,1,0,0,0.0,closed,False,False
30902,4531,2371,0,0,0.0,closed,False,False
30899,4456,2370,2,0,0.0,closed,False,False
30898,1635,68,0,0,0.0,closed,False,False
30897,7,7,7,0,0.0,closed,False,False
30896,188,95,1,12,4.0,closed,False,False
30895,63,0,3,0,0.0,closed,False,False
30894,8,9,1,2,2.0,closed,False,False
30891,4,15,0,0,0.0,closed,True,True
30889,117,0,5,0,0.0,closed,False,False
30888,4,3,0,0,0.0,closed,False,False
30887,0,1,0,0,0.0,closed,True,True
30885,62,62,0,0,0.0,closed,False,False
30882,258,2,3,26,4.333333333333333,closed,False,False
30879,15,13,2,0,0.0,closed,False,False
30877,1,1,1,0,0.0,closed,False,False
30876,1,1,0,0,0.0,closed,False,False
30874,1,1,0,0,0.0,closed,False,False
30872,49,49,0,0,0.0,closed,True,True
30871,2,2,0,0,0.0,closed,True,True
30870,44,14,2,2,0.5,closed,False,False
30869,11,1,5,0,0.0,closed,False,False
30868,4,5,0,0,0.0,closed,True,True
30866,31,3,0,0,0.0,open,False,False
30861,18,5,2,0,0.0,closed,False,False
30858,13,3,3,0,0.0,closed,False,False
30856,50,57,1,1,0.3333333333333333,closed,True,True
30855,44,20,10,4,0.4444444444444444,closed,True,True
30854,260,118,1,0,0.0,closed,True,True
30851,25,14,0,0,0.0,closed,True,True
30849,2188,122,2,0,0.0,closed,True,True
30848,5,0,1,0,0.0,closed,False,False
30847,64,55,0,0,0.0,closed,True,True
30846,2,2,0,0,0.0,closed,True,True
30845,1,5,1,0,0.0,closed,True,True
30844,6,1,0,0,0.0,closed,False,False
30840,480,132,0,0,0.0,open,False,False
30839,3,3,1,0,0.0,closed,False,False
30837,1,1,5,0,0.0,closed,False,False
30836,180,3,2,0,0.0,closed,False,False
30831,233,10,3,0,0.0,open,False,False
30830,91,2,1,3,0.5,closed,True,True
30829,5,3,0,0,0.0,closed,True,True
30824,263,0,2,0,0.0,closed,False,False
30823,3,5,0,0,0.0,closed,True,True
30822,228,76,4,3,0.21428571428571427,closed,True,True
30821,1,1,1,0,0.0,closed,False,False
30820,5,5,1,0,0.0,closed,False,False
30816,176,120,3,5,0.7142857142857143,closed,True,True
30815,681,20,0,0,0.0,closed,False,False
30814,739,1396,2,2,0.07142857142857142,closed,True,True
30813,9,219,3,0,0.0,closed,True,True
30812,2,2,1,2,2.0,closed,False,False
30811,7,0,2,4,4.0,closed,True,True
30810,34,14,2,0,0.0,closed,True,True
30809,57,105,1,12,1.5,closed,True,True
30808,122,22,2,12,2.4,closed,False,False
30807,3,1,0,0,0.0,closed,True,True
30806,200,189,3,17,2.4285714285714284,closed,True,True
30805,23,14,0,0,0.0,closed,True,True
30804,1,8,0,0,0.0,closed,True,True
30803,2,3,0,0,0.0,closed,True,True
30802,43,6,0,4,2.0,closed,True,True
30796,2,2,0,0,0.0,closed,True,True
30791,194,135,1,1,1.0,closed,False,False
30788,4,5,0,0,0.0,closed,True,True
30787,108,4,1,0,0.0,closed,False,False
30786,25,17,5,0,0.0,closed,True,True
30785,19,2,1,0,0.0,closed,True,True
30784,1,0,2,0,0.0,closed,True,True
30783,0,40,2,0,0.0,closed,False,False
30782,142,101,10,4,0.6666666666666666,closed,False,False
30781,106,83,6,7,1.75,closed,False,False
30780,14,9,0,15,1.25,closed,True,True
30779,4,4,3,0,0.0,closed,True,True
30777,125,96,4,2,2.0,closed,False,False
30776,61,65,0,3,1.5,closed,True,True
30772,14,34,5,1,0.3333333333333333,closed,True,True
30771,6,9,0,0,0.0,closed,True,True
30770,67,12,2,0,0.0,open,False,False
30769,25340,7004,0,0,0.0,closed,True,True
30767,2,2,0,0,0.0,closed,True,True
30766,3,3,1,0,0.0,closed,False,False
30765,1,1,1,0,0.0,closed,False,False
30758,24,12,2,0,0.0,closed,False,False
30755,176,0,0,0,0.0,closed,False,False
30754,172,74,3,1,0.2,closed,True,True
30753,1,1,1,0,0.0,closed,False,False
30752,382,512,4,28,4.666666666666667,closed,True,True
30751,15,0,0,0,0.0,closed,False,False
30750,1,0,0,0,0.0,closed,False,False
30749,5,0,2,0,0.0,closed,False,False
30748,40,0,1,0,0.0,closed,False,False
30747,332,58,0,1,0.09090909090909091,open,False,False
30746,352,43,1,0,0.0,closed,False,False
30745,220,225,3,13,3.25,closed,True,True
30744,177,679,10,10,0.7692307692307693,closed,True,True
30743,238,39,14,42,3.8181818181818183,closed,True,True
30742,49,49,0,0,0.0,closed,True,True
30741,2,1,0,0,0.0,closed,True,True
30740,1,1,2,0,0.0,closed,True,True
30739,1,1,2,0,0.0,closed,True,True
30738,38,2,0,0,0.0,closed,True,True
30737,82,450,1,10,1.1111111111111112,closed,True,True
30732,1,1,0,0,0.0,closed,True,True
30730,252,209,2,0,0.0,closed,False,False
30729,1,1,3,0,0.0,closed,True,True
30728,3,3,0,0,0.0,closed,True,True
30725,840,195,5,16,1.7777777777777777,closed,True,True
30724,17,8,0,0,0.0,closed,True,True
30723,1,1,1,0,0.0,closed,False,False
30720,254,260,0,4,1.3333333333333333,closed,True,True
30719,5,3,1,0,0.0,closed,False,False
30716,2,2,0,0,0.0,closed,True,True
30715,2,2,0,5,2.5,closed,True,True
30713,12,18,1,0,0.0,closed,True,True
30712,50,26,0,3,1.5,closed,True,True
30711,10,1,3,0,0.0,closed,True,True
30710,4,4,1,1,1.0,closed,False,False
30707,6,122,0,0,0.0,closed,True,True
30706,54,58,2,0,0.0,closed,True,True
30705,0,18,1,0,0.0,closed,True,True
30704,20,774,0,3,0.75,closed,True,True
30699,41,2,1,0,0.0,closed,True,True
30698,6,19,5,0,0.0,closed,True,True
30696,156,112,0,0,0.0,closed,True,True
30695,545,375,1,13,2.1666666666666665,closed,True,True
30694,6,6,4,0,0.0,closed,False,False
30693,30,28,0,0,0.0,closed,True,True
30692,21,23,3,0,0.0,closed,False,False
30690,1,0,2,0,0.0,closed,False,False
30689,184,377,0,0,0.0,closed,True,True
30688,80,32,1,0,0.0,closed,False,False
30687,1,1,0,0,0.0,closed,True,True
30686,32,8,3,2,0.6666666666666666,closed,True,True
30685,2,0,0,0,0.0,closed,True,True
30683,0,1,0,2,2.0,closed,False,False
30673,2,2,1,0,0.0,closed,False,False
30672,1142,224,2,27,1.35,closed,True,True
30671,19,3,0,0,0.0,closed,True,True
30670,62,83,2,6,1.0,closed,True,True
30669,294,164,0,3,0.6,closed,True,True
30668,164,1,2,23,4.6,closed,True,True
30667,105,62,3,1,0.1111111111111111,closed,True,True
30666,6,6,0,0,0.0,closed,True,True
30665,0,2,0,0,0.0,closed,True,True
30662,98,8,2,3,0.6,closed,True,True
30661,2596,218,1,22,11.0,open,False,False
30660,1758,622,12,23,2.875,open,False,False
30659,11,8,8,0,0.0,closed,False,False
30656,415,2426,2,4,4.0,closed,False,False
30655,1,4,2,0,0.0,closed,False,False
30654,2634,63,1,22,11.0,closed,True,True
30653,18,2,17,0,0.0,closed,False,False
30652,5,0,1,12,6.0,closed,True,True
30650,9,0,1,0,0.0,closed,True,True
30648,811,19,0,1,0.3333333333333333,closed,True,True
30646,2,1,1,0,0.0,closed,False,False
30645,64,77,0,6,6.0,closed,True,True
30644,1,1,1,0,0.0,closed,False,False
30643,1149,50,0,85,12.142857142857142,closed,True,True
30642,3,78,0,0,0.0,closed,True,True
30640,13,4,5,0,0.0,closed,True,True
30639,0,117,1,0,0.0,closed,True,True
30638,110,114,0,0,0.0,closed,True,True
30637,38,12,0,0,0.0,closed,True,True
30636,36,122,0,0,0.0,closed,True,True
30635,88,61,1,0,0.0,closed,False,False
30633,523,490,26,9,3.0,closed,True,True
30631,41,27,3,0,0.0,closed,False,False
30629,115,77,2,0,0.0,closed,True,True
30628,126,294,0,0,0.0,closed,False,False
30627,592,13,4,0,0.0,closed,False,False
30626,1,7,0,0,0.0,closed,True,True
30624,34,0,0,0,0.0,closed,False,False
30623,0,16,0,0,0.0,closed,True,True
30622,0,7,0,0,0.0,closed,True,True
30621,1,1,0,0,0.0,closed,False,False
30620,6272,71,1,0,0.0,closed,True,True
30617,5,1,2,0,0.0,closed,False,False
30615,1,1,0,0,0.0,closed,True,True
30614,2,1,1,0,0.0,closed,False,False
30613,132,0,5,4,1.0,open,False,False
30612,341,405,0,0,0.0,closed,False,False
30611,819,2,7,4,0.4444444444444444,closed,False,False
30609,378,442,2,7,0.4375,closed,True,True
30606,63,141,0,0,0.0,closed,True,True
30603,23,9,4,0,0.0,closed,True,True
30602,6,6,0,0,0.0,closed,True,True
30601,48,173,4,0,0.0,closed,True,True
30600,139,97,6,10,1.4285714285714286,closed,True,True
30599,991,787,1,21,5.25,closed,True,True
30597,3,3,0,0,0.0,closed,True,True
30595,21,26,0,0,0.0,closed,True,True
30594,1,1,1,0,0.0,closed,False,False
30590,5,156,0,2,2.0,closed,False,False
30588,17,1,0,0,0.0,closed,False,False
30587,52,100,0,0,0.0,closed,True,True
30586,3,0,1,0,0.0,closed,False,False
30585,261,30,8,9,1.0,closed,True,True
30584,167,22,0,1,1.0,closed,True,True
30583,21,0,1,0,0.0,closed,False,False
30580,6,5,0,0,0.0,closed,True,True
30579,5,1,1,0,0.0,closed,False,False
30578,17,8,5,0,0.0,closed,False,False
30577,1704,150,0,0,0.0,closed,False,False
30576,54,30,1,4,2.0,closed,True,True
30575,10,11,0,0,0.0,closed,True,True
30574,149,75,2,0,0.0,closed,False,False
30573,6,16,0,0,0.0,closed,True,True
30572,5,1,1,0,0.0,closed,False,False
30571,216,41,0,0,0.0,closed,True,True
30570,138,19,1,2,0.4,open,False,False
30569,519,138,12,36,6.0,closed,True,True
30568,129124,877310,0,0,0.0,closed,False,False
30567,580,455,6,0,0.0,open,False,False
30565,75888,5483,0,0,0.0,closed,False,False
30563,7,10,0,0,0.0,closed,True,True
30562,2,8,4,0,0.0,closed,True,True
30561,5,5,3,0,0.0,closed,False,False
30560,390,43,0,0,0.0,closed,False,False
30559,493,927,7,36,2.1176470588235294,closed,True,True
30558,24,36,3,0,0.0,closed,True,True
30557,1274,45,4,0,0.0,closed,False,False
30554,63,19,3,0,0.0,closed,False,False
30553,222,0,0,0,0.0,closed,False,False
30545,168,15,4,4,0.26666666666666666,closed,True,True
30544,49,49,0,0,0.0,closed,True,True
30541,2,5,0,0,0.0,closed,True,True
30540,174,120,7,8,1.1428571428571428,closed,True,True
30539,28,6,13,0,0.0,closed,True,True
30538,13,5,7,5,0.8333333333333334,closed,True,True
30537,336,41,3,4,2.0,closed,True,True
30536,4,4,0,0,0.0,closed,True,True
30535,136,397,0,0,0.0,closed,True,True
30534,102,8,0,5,0.5,closed,True,True
30533,1,1,1,0,0.0,closed,False,False
30532,0,116,2,0,0.0,closed,True,True
30531,1,0,2,0,0.0,closed,True,True
30530,35,151,3,0,0.0,closed,True,True
30528,73,20,1,0,0.0,closed,False,False
30527,28,36,2,0,0.0,closed,True,True
30525,0,0,0,0,0.0,closed,False,False
30524,55,38,6,0,0.0,closed,False,False
30523,18,0,0,0,0.0,closed,False,False
30522,1366,436,0,0,0.0,closed,True,True
30521,61,86,0,0,0.0,closed,True,True
30520,11,9,3,0,0.0,closed,True,True
30518,77,35,5,0,0.0,closed,True,True
30512,11,8,0,0,0.0,closed,True,True
30511,1022,229,2,12,0.2033898305084746,open,False,False
30510,5,1,3,0,0.0,closed,False,False
30509,11,8,2,0,0.0,closed,False,False
30508,11,8,1,0,0.0,closed,False,False
30506,27,5,0,4,2.0,closed,True,True
30504,3,3,0,0,0.0,closed,True,True
30503,22,11,1,4,4.0,closed,False,False
30500,957,113,2,0,0.0,closed,False,False
30499,4,0,0,0,0.0,closed,True,True
30498,79,0,2,1,0.5,closed,False,False
30497,115,40,0,6,1.5,closed,True,True
30496,5,1,0,0,0.0,closed,True,True
30495,86,61,4,0,0.0,closed,True,True
30493,1,1,0,0,0.0,closed,True,True
30492,60,10,0,0,0.0,closed,False,False
30491,1,0,0,0,0.0,closed,True,True
30490,2,2,0,0,0.0,closed,True,True
30488,0,1,0,0,0.0,closed,True,True
30487,4,1,3,0,0.0,closed,False,False
30485,8,6,0,0,0.0,closed,True,True
30484,7,9,0,0,0.0,closed,True,True
30483,6,5,2,0,0.0,closed,False,False
30481,8,0,3,0,0.0,closed,False,False
30480,32,13,5,0,0.0,open,False,False
30479,1,1,0,0,0.0,closed,True,True
30478,29,108,4,0,0.0,closed,False,False
30477,26,10,1,2,0.6666666666666666,closed,False,False
30476,333,82,1,9,2.25,closed,True,True
30475,2,119,1,0,0.0,closed,False,False
30474,7,1,0,0,0.0,closed,True,True
30473,6,6,0,0,0.0,closed,True,True
30472,0,6,1,0,0.0,closed,True,True
30466,6,0,3,0,0.0,closed,True,True
30465,5,8,2,2,2.0,closed,True,True
30464,218,98,3,5,5.0,open,False,False
30462,1,1,1,0,0.0,closed,False,False
30461,170,58,12,4,0.8,closed,False,False
30460,1,1,0,0,0.0,closed,True,True
30459,520,2,7,0,0.0,closed,True,True
30458,1,0,0,0,0.0,closed,True,True
30457,4,4,0,0,0.0,closed,True,True
30456,6881,2960,0,0,0.0,closed,True,True
30455,4,4,1,0,0.0,closed,True,True
30454,21,21,2,0,0.0,closed,True,True
30453,1,1,1,0,0.0,closed,False,False
30452,2,2,2,0,0.0,closed,False,False
30451,1283,181,2,8,0.47058823529411764,open,False,False
30450,16,0,2,6,6.0,closed,True,True
30449,13,0,1,0,0.0,closed,True,True
30447,7,14,3,8,2.0,closed,False,False
30444,24,5,1,3,0.75,closed,True,True
30443,1,1,0,0,0.0,closed,True,True
30442,144,61,2,14,1.0769230769230769,closed,True,True
30441,709,32,8,37,0.6065573770491803,closed,True,True
30439,140,0,1,5,1.0,closed,True,True
30438,2,6,3,0,0.0,closed,False,False
30437,7,7,0,2,0.6666666666666666,closed,True,True
30436,1,1,1,0,0.0,closed,False,False
30435,1,1,0,0,0.0,closed,False,False
30433,0,13,1,0,0.0,closed,True,True
30432,3,3,0,0,0.0,closed,True,True
30431,5,5,0,0,0.0,closed,True,True
30430,1,1,2,2,0.6666666666666666,closed,True,True
30428,12,0,3,0,0.0,closed,False,False
30427,58,1,1,0,0.0,closed,False,False
30426,55,0,0,0,0.0,closed,False,False
30425,222,627,0,9,0.28125,closed,True,True
30424,1879,16,1,0,0.0,closed,False,False
30423,10,2,2,0,0.0,closed,False,False
30422,101,0,3,0,0.0,closed,False,False
30421,12,12,3,2,1.0,closed,True,True
30419,6,4,1,2,2.0,closed,False,False
30418,9972,251,6,19,2.7142857142857144,closed,True,True
30417,84,2,2,1,1.0,closed,True,True
30416,340,0,1,0,0.0,closed,False,False
30415,1,2,1,0,0.0,closed,True,True
30414,1,7,0,0,0.0,closed,True,True
30413,382,294,3,1,1.0,closed,False,False
30411,10,6,1,0,0.0,closed,False,False
30410,0,0,0,0,0,closed,False,False
30409,41,16,0,1,0.25,closed,True,True
30408,6,5,2,0,0.0,closed,False,False
30405,99,31,1,2,2.0,open,False,False
30404,49,48,0,0,0.0,closed,True,True
30402,26,46,9,0,0.0,closed,False,False
30401,2,0,0,0,0.0,closed,True,True
30399,39,0,0,0,0.0,closed,False,False
30398,1,1,0,0,0.0,closed,True,True
30397,82,0,0,0,0.0,closed,False,False
30395,241,0,2,0,0.0,closed,False,False
30394,1,1,0,0,0.0,closed,True,True
30393,5,7,0,0,0.0,closed,True,True
30392,654,250,2,0,0.0,closed,True,True
30391,0,5,0,0,0.0,closed,True,True
30390,814,458,0,3,1.0,open,False,False
30389,17,25,1,0,0.0,closed,False,False
30388,1,1,0,0,0.0,closed,True,True
30386,50,187,5,0,0.0,closed,True,True
30385,5,0,0,0,0.0,closed,True,True
30384,90,0,1,0,0.0,closed,True,True
30382,0,29,3,0,0.0,closed,False,False
30381,53,9,0,2,2.0,closed,True,True
30380,1,0,2,0,0.0,closed,False,False
30378,18,0,1,0,0.0,closed,False,False
30377,25021,681587,1,0,0.0,closed,False,False
30376,1,0,3,0,0.0,closed,False,False
30375,238,0,1,0,0.0,closed,False,False
30374,2,0,1,0,0.0,closed,False,False
30373,19,3,1,0,0.0,closed,False,False
30372,21,15,0,3,1.5,closed,True,True
30371,47,24,4,0,0.0,closed,False,False
30370,3863,2691,2,0,0.0,closed,False,False
30369,1,1,0,0,0.0,closed,True,True
30368,166,153,6,0,0.0,closed,True,True
30367,19,8,0,5,1.25,closed,True,True
30366,812,296,4,0,0.0,closed,False,False
30365,3,4,1,0,0.0,closed,False,False
30364,1,0,0,0,0.0,closed,True,True
30363,84111,7879,0,0,0.0,closed,False,False
30362,193,85,0,0,0.0,open,False,False
30361,38,40,1,0,0.0,closed,True,True
30358,2,2,4,0,0.0,closed,False,False
30357,140,228,1,3,0.75,closed,True,True
30355,15,6,0,0,0.0,closed,True,True
30354,92,20,2,1,0.3333333333333333,closed,True,True
30353,35,13,1,0,0.0,closed,True,True
30352,108,0,0,0,0.0,closed,False,False
30351,1,1,0,0,0.0,closed,True,True
30350,1,1,1,0,0.0,closed,False,False
30349,16,9,0,0,0.0,closed,True,True
30348,1,1,1,0,0.0,closed,True,True
30347,25020,681587,0,0,0.0,closed,False,False
30346,5,0,0,0,0.0,closed,True,True
30345,733,1,1,0,0.0,closed,False,False
30344,1,0,1,1,1.0,closed,True,True
30343,4,4,0,0,0.0,closed,True,True
30342,4,0,2,0,0.0,closed,True,True
30337,80,69,2,1,0.2,open,False,False
30336,4,1,0,0,0.0,closed,True,True
30335,1,1,0,0,0.0,closed,True,True
30334,1,1,2,0,0.0,closed,False,False
30332,17,9,6,0,0.0,closed,True,True
30331,0,234,2,0,0.0,closed,True,True
30329,1,1,1,0,0.0,closed,False,False
30328,5,0,0,0,0.0,closed,False,False
30327,5,3,0,2,2.0,closed,True,True
30326,2,1,0,0,0.0,closed,True,True
30325,3,0,0,0,0.0,closed,True,True
30323,65,64,0,0,0.0,closed,True,True
30322,0,2,0,0,0.0,closed,True,True
30321,5,1,0,0,0.0,closed,True,True
30320,1,0,0,0,0.0,closed,True,True
30319,8,8,5,0,0.0,closed,True,True
30318,69,1,0,2,1.0,closed,True,True
30317,43,0,0,0,0.0,closed,False,False
30316,3079,13,1,0,0.0,closed,False,False
30315,13,1,2,1,0.3333333333333333,closed,True,True
30313,74,55,1,0,0.0,closed,False,False
30312,381,205,2,0,0.0,closed,False,False
30311,8,2,2,0,0.0,closed,False,False
30310,1,2,1,0,0.0,closed,True,True
30308,138,60,3,14,0.5833333333333334,open,False,False
30307,177,0,0,0,0.0,closed,False,False
30306,24,3,4,0,0.0,closed,True,True
30305,3,0,0,2,1.0,closed,True,True
30302,60,35,5,6,1.0,closed,True,True
30300,28,6,12,0,0.0,closed,False,False
30299,25,21,0,3,1.5,closed,True,True
30298,23,78,3,0,0.0,closed,True,True
30297,3,3,1,0,0.0,closed,True,True
30296,209,119,7,15,3.75,closed,True,True
30293,3221,13,1,0,0.0,closed,False,False
30292,34,39,0,0,0.0,closed,True,True
30291,57,11,2,0,0.0,closed,True,True
30290,0,2,3,0,0.0,closed,True,True
30289,33,173,3,1,0.2,closed,True,True
30288,542,452,0,1,0.5,closed,True,True
30287,3076,13,1,0,0.0,closed,False,False
30286,0,6,1,0,0.0,closed,True,True
30285,1,1,1,1,0.5,closed,False,False
30284,1,0,3,0,0.0,closed,False,False
30283,91,5,4,4,1.0,closed,True,True
30281,1,0,0,0,0.0,closed,True,True
30280,3,5,0,0,0.0,closed,True,True
30278,59,0,0,0,0.0,closed,False,False
30277,22,26,0,0,0.0,closed,True,True
30276,8,0,0,3,1.0,closed,True,True
30273,48,48,0,0,0.0,closed,True,True
30272,17,16,0,0,0.0,closed,True,True
30271,2,3,0,0,0.0,closed,False,False
30270,29,0,0,0,0.0,closed,False,False
30269,28,0,0,0,0.0,closed,True,True
30268,0,31,0,0,0.0,closed,True,True
30267,1,1,0,0,0.0,closed,True,True
30265,19,10,4,0,0.0,open,False,False
30264,178,70,2,21,2.1,closed,True,True
30263,1,1,5,0,0.0,closed,True,True
30261,1,1,0,0,0.0,closed,True,True
30260,8365,1179,0,0,0.0,open,False,False
30259,0,1,0,0,0.0,closed,True,True
30258,198,9,2,0,0.0,closed,True,True
30257,3,8,0,0,0.0,closed,True,True
30255,1202,79,1,5,0.09615384615384616,open,False,False
30253,0,9,0,0,0.0,closed,True,True
30252,18,25,4,3,1.5,closed,True,True
30250,5,7013,0,3,1.5,closed,True,True
30249,173,29,6,0,0.0,closed,True,True
30248,1,2,0,0,0.0,closed,True,True
30247,3,3,1,0,0.0,closed,True,True
30246,1507,41,0,0,0.0,closed,False,False
30245,36,4,3,3,1.5,closed,False,False
30242,19,34,0,4,2.0,closed,True,True
30241,1,0,0,0,0.0,closed,True,True
30239,12,8,4,0,0.0,closed,True,True
30235,4,0,2,0,0.0,closed,False,False
30234,4,2,0,0,0.0,closed,True,True
30232,10,12,2,0,0.0,closed,True,True
30231,9,0,3,2,2.0,closed,True,True
30230,1,1,1,0,0.0,closed,False,False
30228,1,1,0,0,0.0,closed,True,True
30220,16,20,1,0,0.0,closed,True,True
30219,4,3,1,0,0.0,closed,True,True
30218,892,392,0,3,1.5,closed,False,False
30216,3,3,1,0,0.0,closed,False,False
30213,7724,24,0,0,0.0,closed,False,False
30211,3,2,0,0,0.0,closed,True,True
30210,114,12,2,1,0.25,closed,False,False
30209,1510,41,0,0,0.0,closed,False,False
30208,1,1,0,0,0.0,closed,True,True
30207,2762,5,1,0,0.0,closed,False,False
30203,14,0,2,0,0.0,closed,True,True
30202,2,0,1,0,0.0,closed,True,True
30201,81,52,0,5,5.0,open,False,False
30200,1,1,0,0,0.0,closed,True,True
30199,2770,5,1,0,0.0,closed,False,False
30198,4,7,0,0,0.0,closed,False,False
30197,26,21,2,0,0.0,closed,False,False
30195,16,14,0,0,0.0,closed,True,True
30194,80,49,0,2,0.5,closed,True,True
30193,2,6,0,4,4.0,closed,True,True
30191,18,2,10,0,0.0,closed,True,True
30189,0,270,1,0,0.0,closed,True,True
30187,7635,24,0,0,0.0,closed,False,False
30185,53,10,0,0,0.0,closed,True,True
30184,14,38,0,0,0.0,closed,True,True
30182,5,5,0,0,0.0,closed,True,True
30181,4,7,1,0,0.0,closed,True,True
30180,24,5,6,6,3.0,closed,True,True
30178,7244,0,0,0,0.0,closed,False,False
30177,7199,0,1,0,0.0,closed,False,False
30176,7159,0,0,0,0.0,closed,False,False
30175,50,3,0,0,0.0,closed,True,True
30174,0,34,1,0,0.0,closed,False,False
30172,23,54,0,1,0.5,closed,True,True
30171,4,0,0,0,0.0,closed,True,True
30169,7,12,1,0,0.0,closed,False,False
30168,71,50,1,1,0.5,closed,False,False
30167,14,34,0,0,0.0,closed,True,True
30166,1,1,1,0,0.0,closed,False,False
30162,46,0,1,0,0.0,closed,False,False
30161,26,18,5,0,0.0,closed,False,False
30159,6762,907,3,16,16.0,closed,False,False
30158,1,1,0,0,0.0,closed,True,True
30157,37,2,0,0,0.0,closed,True,True
30150,20,40,0,6,3.0,closed,True,True
30148,1,1,0,0,0.0,closed,True,True
30146,25,10,1,0,0.0,closed,False,False
30143,3,3,1,0,0.0,closed,True,True
30142,3,2,0,0,0.0,closed,True,True
30138,2,2,0,2,1.0,closed,True,True
30137,60,3,24,2,0.2,closed,True,True
30135,133,0,0,4,1.0,closed,True,True
30134,4,4,2,0,0.0,closed,True,True
30133,528,210,0,0,0.0,open,False,False
30131,1,1,0,0,0.0,closed,True,True
30130,9,5,0,1,1.0,closed,True,True
30129,201,80,1,12,1.0,closed,True,True
30127,1,1,0,0,0.0,closed,True,True
30126,1,1,0,0,0.0,closed,True,True
30125,193,83,5,14,2.8,closed,True,True
30123,1,1,0,0,0.0,closed,True,True
30118,71,20,6,1,1.0,closed,False,False
30113,8518,406,0,0,0.0,closed,False,False
30112,48,48,0,0,0.0,closed,True,True
30111,29,0,0,0,0.0,closed,False,False
30110,29,0,0,0,0.0,closed,False,False
30109,8,2,3,2,2.0,closed,False,False
30108,1,1,0,0,0.0,closed,False,False
30107,356,204,3,4,1.3333333333333333,closed,True,True
30106,1,1,1,0,0.0,closed,True,True
30105,84,20,0,0,0.0,closed,True,True
30104,73,38,3,1,0.16666666666666666,closed,False,False
30103,4,4,1,1,1.0,closed,False,False
30101,18,16,1,0,0.0,closed,True,True
30098,495,490,0,0,0.0,closed,True,True
30097,3,0,5,1,0.5,closed,False,False
30096,0,0,1,0,0.0,closed,False,False
30095,5,2,3,0,0.0,closed,True,True
30094,16,16,2,3,0.5,closed,True,True
30093,16,18,3,0,0.0,closed,False,False
30092,10,10,6,1,0.3333333333333333,closed,False,False
30091,5,10,0,2,2.0,closed,True,True
30089,1311,377,1,0,0.0,closed,False,False
30088,5,5,1,0,0.0,closed,False,False
30087,2,5,7,0,0.0,closed,False,False
30086,28,28,1,0,0.0,closed,False,False
30083,2,2,2,0,0.0,closed,False,False
30082,55,1,1,1,0.5,closed,True,True
30081,6,5,1,0,0.0,closed,True,True
30080,8,11,0,2,1.0,closed,True,True
30079,15,3,6,1,0.3333333333333333,closed,True,True
30078,1606,115,36,135,2.8125,closed,True,True
30076,8,0,3,0,0.0,closed,False,False
30075,791,8,1,0,0.0,closed,False,False
30074,20,8,7,0,0.0,closed,False,False
30073,683,10,2,0,0.0,closed,False,False
30072,0,0,1,0,0.0,closed,True,True
30071,13,19,0,0,0.0,closed,True,True
30070,1,1,1,0,0.0,closed,True,True
30069,669,353,5,17,8.5,closed,True,True
30067,72,0,0,0,0.0,closed,False,False
30066,5,6,1,0,0.0,closed,False,False
30065,12,30,0,0,0.0,closed,True,True
30063,1,1,0,2,1.0,closed,False,False
30062,5,1,0,0,0.0,closed,True,True
30059,6,8,3,2,1.0,closed,False,False
30058,4334,2502,1,0,0.0,closed,True,True
30057,74,0,2,5,1.25,closed,True,True
30056,79,0,0,0,0.0,closed,False,False
30055,0,64,1,0,0.0,closed,True,True
30054,3,4,3,0,0.0,closed,False,False
30053,13,12,9,3,1.0,open,False,False
30052,1,5,0,0,0.0,closed,True,True
30051,355,169,0,0,0.0,closed,False,False
30050,7,12,0,2,0.3333333333333333,closed,True,True
30049,4,1,0,0,0.0,closed,False,False
30048,14,14,0,0,0.0,closed,True,True
30047,7,9,0,0,0.0,closed,True,True
30045,4,2,6,0,0.0,closed,False,False
30044,2,2,0,0,0.0,closed,True,True
30043,5569,0,0,0,0.0,open,False,False
30042,24,5,2,0,0.0,closed,False,False
30040,34,36,0,0,0.0,closed,True,True
30039,16,3,0,0,0.0,closed,True,True
30038,3,1,0,2,1.0,closed,True,True
30037,259,54,3,30,6.0,closed,True,True
30035,8,8,0,0,0.0,closed,False,False
30034,8,8,0,0,0.0,closed,False,False
30031,1,5,1,0,0.0,closed,False,False
30029,5,0,0,2,0.13333333333333333,closed,True,True
30028,39,6,2,6,1.2,closed,True,True
30027,54,36,1,12,12.0,closed,False,False
30026,6,15,0,2,2.0,closed,False,False
30025,0,1,1,0,0.0,closed,False,False
30024,0,2,0,0,0.0,closed,True,True
30023,1,1,4,0,0.0,closed,True,True
30021,4,1,3,0,0.0,closed,False,False
30020,28,1,2,0,0.0,closed,True,True
30019,13,30,0,2,0.6666666666666666,closed,True,True
30017,0,5,3,0,0.0,closed,True,True
30016,1,1,1,0,0.0,closed,True,True
30014,2,2,0,1,0.3333333333333333,closed,True,True
30013,21,111,9,7,2.3333333333333335,closed,False,False
30012,2,2,0,2,2.0,closed,False,False
30011,7,4,0,3,1.5,closed,True,True
30010,18,15,0,0,0.0,closed,True,True
30009,293,323,0,2,1.0,closed,False,False
30008,17345,4441,0,0,0.0,closed,False,False
30001,3,1,0,5,2.5,closed,True,True
30000,83,90,1,8,2.6666666666666665,closed,False,False
29997,36,27,1,0,0.0,closed,False,False
29995,3,16,0,0,0.0,closed,True,True
29994,8193,0,0,0,0.0,closed,False,False
29993,2,2,1,0,0.0,closed,False,False
29991,223,6,8,2,0.6666666666666666,open,False,False
29990,1,1,1,0,0.0,closed,False,False
29989,4,4,1,0,0.0,closed,True,True
29988,7,8,0,0,0.0,closed,True,True
29986,10,8,0,3,1.0,closed,True,True
29985,5,11,2,0,0.0,closed,True,True
29983,6,2,1,0,0.0,closed,False,False
29982,53,0,0,0,0.0,closed,False,False
29981,2,2,1,0,0.0,closed,False,False
29980,36,0,0,0,0.0,closed,False,False
29979,1,1,1,0,0.0,closed,False,False
29978,19443,0,0,0,0.0,closed,False,False
29977,27,0,0,0,0.0,closed,False,False
29974,237,225,0,0,0.0,closed,True,True
29972,1,1,0,0,0.0,closed,True,True
29971,6,6,1,0,0.0,closed,False,False
29970,6,0,0,0,0.0,closed,True,True
29969,9,6,2,0,0.0,closed,False,False
29968,3,3,1,0,0.0,closed,False,False
29967,6,5,1,0,0.0,closed,False,False
29966,6,5,1,0,0.0,closed,False,False
29964,1,1,0,2,1.0,closed,True,True
29963,1,1,0,0,0.0,closed,True,True
29962,3,3,1,0,0.0,closed,False,False
29961,47,47,3,0,0.0,closed,False,False
29960,2,0,0,0,0.0,closed,True,True
29959,4,4,1,2,1.0,closed,False,False
29958,19,19,1,0,0.0,closed,False,False
29957,5,7,0,0,0.0,closed,True,True
29954,8,8,0,0,0.0,closed,True,True
29952,3,4,0,0,0.0,closed,True,True
29950,748,162,10,2,2.0,closed,False,False
29948,71,40,4,2,0.5,closed,True,True
29947,3,6,1,0,0.0,closed,False,False
29946,45,20,0,0,0.0,closed,True,True
29945,1,1,0,0,0.0,closed,True,True
29944,9,0,0,0,0.0,closed,True,True
29943,14,4,0,4,1.3333333333333333,closed,True,True
29942,2,2,0,0,0.0,closed,True,True
29941,1,1,0,0,0.0,closed,True,True
29938,48,41,0,0,0.0,closed,True,True
29936,16,14,0,0,0.0,closed,True,True
29935,2061,5,2,0,0.0,closed,False,False
29934,1,1,1,0,0.0,closed,False,False
29933,1,1,1,0,0.0,closed,False,False
29932,3,3,0,0,0.0,closed,True,True
29931,1,1,1,0,0.0,closed,False,False
29930,2,2,0,0,0.0,closed,True,True
29928,9239,5896,3,0,0.0,closed,False,False
29927,16,0,1,0,0.0,closed,False,False
29926,1,0,0,0,0.0,closed,True,True
29924,1,1,1,0,0.0,closed,True,True
29923,166,0,1,0,0.0,closed,True,True
29922,3,3,0,0,0.0,closed,False,False
29921,4,4,0,0,0.0,closed,True,True
29920,59,24,1,0,0.0,closed,True,True
29919,13,0,0,0,0.0,closed,True,True
29918,5,1,1,0,0.0,closed,False,False
29914,71,53,2,0,0.0,closed,False,False
29913,2,26,0,2,0.5,closed,True,True
29912,5,2,1,0,0.0,closed,False,False
29911,11,20,3,4,1.3333333333333333,closed,True,True
29909,0,1,0,0,0.0,closed,False,False
29907,13,5,0,3,0.3,closed,True,True
29906,0,1,2,0,0.0,closed,False,False
29904,0,52,1,0,0.0,closed,False,False
29903,1,1,2,0,0.0,closed,True,True
29902,2,2,0,0,0.0,closed,False,False
29901,1,1,6,0,0.0,closed,True,True
29899,1,0,0,0,0.0,closed,True,True
29897,6,6,0,0,0.0,closed,False,False
29896,1,0,2,2,2.0,closed,False,False
29895,1,1,1,0,0.0,closed,True,True
29894,19,14,0,0,0.0,closed,True,True
29893,3,3,3,4,4.0,closed,True,True
29892,2,1,0,0,0.0,closed,True,True
29891,392,313,0,9,0.8181818181818182,closed,True,True
29890,4,4,3,0,0.0,closed,True,True
29889,46,46,0,0,0.0,closed,True,True
29888,2,2,0,0,0.0,closed,True,True
29887,1,1,0,1,0.5,closed,True,True
29886,12,10,1,0,0.0,closed,False,False
29885,41,48,1,0,0.0,closed,False,False
29883,2,2,1,0,0.0,closed,True,True
29882,2,2,3,0,0.0,closed,False,False
29881,17,38,1,0,0.0,closed,False,False
29879,1,1,0,0,0.0,closed,True,True
29878,15,0,1,0,0.0,closed,True,True
29876,3,0,1,0,0.0,closed,True,True
29875,34,31,0,0,0.0,closed,True,True
29874,1,2,0,0,0.0,closed,True,True
29873,6,6,0,0,0.0,closed,True,True
29872,0,1430,0,0,0.0,closed,True,True
29871,776,123,6,0,0.0,closed,False,False
29870,22,15,4,0,0.0,closed,False,False
29869,72,98,2,10,1.6666666666666667,closed,True,True
29868,191,1,3,0,0.0,closed,False,False
29867,6,3,3,2,0.6666666666666666,closed,True,True
29865,2496,212,0,0,0.0,closed,False,False
29864,125,28,2,4,0.6666666666666666,closed,True,True
29861,259,445,0,2,2.0,closed,True,True
29858,853,7,0,0,0.0,closed,False,False
29853,1,1,0,0,0.0,closed,True,True
29852,192,197,1,0,0.0,closed,True,True
29851,5,5,1,1,1.0,closed,True,True
29850,98,2,1,0,0.0,closed,False,False
29844,429,428,1,9,0.8181818181818182,closed,True,True
29843,9,9,0,0,0.0,closed,True,True
29842,11,11,0,2,0.2222222222222222,closed,True,True
29841,5,5,0,0,0.0,closed,True,True
29839,2,2,0,0,0.0,closed,True,True
29836,187,59,10,3,0.25,closed,True,True
29835,11,11,1,0,0.0,closed,True,True
29834,9,7,1,4,4.0,closed,False,False
29833,137569,868288,0,0,0.0,closed,False,False
29832,3,3,0,0,0.0,closed,True,True
29831,6,3,0,0,0.0,closed,True,True
29828,2,2,0,0,0.0,closed,True,True
29827,2,2,0,0,0.0,closed,True,True
29826,4,12,1,0,0.0,closed,False,False
29825,11,0,3,1,1.0,closed,False,False
29824,7,1,0,0,0.0,closed,True,True
29823,13,8,0,0,0.0,closed,True,True
29821,2,2,0,0,0.0,closed,True,True
29820,292,101,0,0,0.0,closed,False,False
29818,98,60,1,5,1.6666666666666667,closed,False,False
29816,5,4,6,0,0.0,closed,False,False
29813,9,5,1,0,0.0,closed,False,False
29811,90,2,0,0,0.0,closed,True,True
29809,1,1,0,0,0.0,closed,True,True
29807,159,56,6,28,7.0,closed,True,True
29802,2,2,1,0,0.0,closed,False,False
29801,330,40,3,0,0.0,closed,True,True
29799,32,19,0,3,1.5,closed,True,True
29797,43,0,0,0,0.0,closed,False,False
29795,32,13,0,1,0.5,closed,True,True
29792,217,14,7,11,1.8333333333333333,closed,True,True
29791,2,4,2,1,0.5,closed,False,False
29787,1,2,1,0,0.0,closed,False,False
29785,1,1,1,0,0.0,closed,True,True
29784,2,2,0,0,0.0,closed,True,True
29780,6,6,4,0,0.0,closed,False,False
29777,16,8,0,4,4.0,closed,True,True
29776,2,2,0,1,0.5,closed,True,True
29775,155,246,0,0,0.0,open,False,False
29774,16,0,7,0,0.0,closed,False,False
29769,2,3,0,0,0.0,closed,True,True
29768,18,23,0,5,1.0,closed,True,True
29767,7,7,0,0,0.0,closed,True,True
29766,333,373,3,0,0.0,closed,False,False
29763,26,29,0,0,0.0,closed,True,True
29762,2,1,9,1,1.0,closed,True,True
29761,661,414,2,28,3.5,closed,True,True
29760,5,2,2,8,8.0,closed,True,True
29758,9,8,1,0,0.0,closed,False,False
29757,20,20,1,0,0.0,closed,False,False
29754,913,59,8,0,0.0,closed,False,False
29753,10,10,2,2,0.6666666666666666,closed,True,True
29752,24,31,4,0,0.0,closed,True,True
29750,272,249,3,0,0.0,closed,False,False
29749,1,1,0,0,0.0,closed,True,True
29748,4,4,0,2,1.0,closed,True,True
29746,5,1,0,0,0.0,closed,True,True
29745,56,46,1,0,0.0,closed,True,True
29742,4,14,0,0,0.0,closed,True,True
29741,3,2,0,0,0.0,closed,True,True
29740,13,0,2,0,0.0,closed,False,False
29739,285,111,4,0,0.0,closed,False,False
29738,6,0,0,3,0.6,closed,True,True
29737,2,2,2,0,0.0,closed,False,False
29736,10,1,3,0,0.0,closed,False,False
29735,6095,248,0,0,0.0,closed,False,False
29734,1,1,0,0,0.0,closed,True,True
29733,4,6,0,0,0.0,closed,True,True
29732,18,2,0,0,0.0,closed,False,False
29731,64,24,2,2,1.0,closed,True,True
29730,24,15,0,3,1.0,closed,True,True
29729,1,16,3,0,0.0,closed,False,False
29727,23,8,3,1,0.5,closed,False,False
29725,41,15,0,0,0.0,closed,True,True
29724,327,6,1,1,0.25,closed,False,False
29723,9,9,0,0,0.0,closed,True,True
29721,30,29,0,9,1.125,closed,True,True
29720,22,33,1,0,0.0,closed,True,True
29719,738,81,8,19,9.5,closed,True,True
29718,66612,4940,0,0,0.0,closed,False,False
29717,48,9,1,0,0.0,open,False,False
29716,12,0,2,0,0.0,closed,False,False
29715,21,5,1,0,0.0,closed,True,True
29714,32,0,1,0,0.0,closed,True,True
29712,2,2,1,4,2.0,closed,True,True
29711,46,90,1,7,1.75,closed,True,True
29710,40,1883,1,1,0.2,closed,False,False
29708,33,3,0,0,0.0,closed,True,True
29707,2,2,0,0,0.0,closed,True,True
29705,13,6,2,0,0.0,closed,False,False
29704,12,12,3,0,0.0,closed,False,False
29703,10,0,0,3,0.75,closed,True,True
29701,32,30,0,0,0.0,closed,True,True
29699,14,14,2,0,0.0,closed,True,True
29698,196,155,0,0,0.0,closed,False,False
29697,4,3,0,0,0.0,closed,True,True
29696,41,12,1,0,0.0,closed,False,False
29692,0,6,0,0,0.0,closed,True,True
29690,1,1,1,0,0.0,closed,True,True
29686,3,0,0,0,0.0,closed,True,True
29684,3,3,0,0,0.0,closed,True,True
29683,67,1,0,0,0.0,closed,True,True
29681,89,42,0,14,3.5,closed,True,True
29677,6,6,1,0,0.0,closed,False,False
29673,2,9,1,0,0.0,closed,False,False
29672,1,5,0,0,0.0,closed,True,True
29670,174,56,2,8,0.7272727272727273,open,False,False
29667,1,1,1,0,0.0,closed,False,False
29666,4,4,2,0,0.0,closed,True,True
29665,8,14,1,0,0.0,closed,True,True
29663,2,0,1,0,0.0,closed,False,False
29661,14,1,0,0,0.0,closed,True,True
29658,2132,361,0,0,0.0,closed,False,False
29657,117,28,7,3,0.5,closed,False,False
29655,7,2,1,0,0.0,closed,True,True
29654,13,15,1,0,0.0,closed,False,False
29653,258,0,1,0,0.0,closed,False,False
29652,1,1,3,0,0.0,closed,False,False
29651,21,34,0,0,0.0,closed,True,True
29650,3,4,0,0,0.0,closed,False,False
29649,1,0,0,0,0.0,closed,True,True
29648,0,1,0,0,0.0,closed,True,True
29647,35,25,0,0,0.0,closed,True,True
29645,214,186,0,2,2.0,closed,False,False
29644,4,0,4,0,0.0,closed,True,True
29643,3,3,0,0,0.0,closed,True,True
29641,37,16,5,0,0.0,closed,True,True
29640,2,2,0,0,0.0,closed,False,False
29639,1,1,0,0,0.0,closed,True,True
29638,1,1,0,0,0.0,closed,False,False
29637,24,0,0,5,2.5,closed,True,True
29636,1,1,1,0,0.0,closed,True,True
29635,7,1,5,0,0.0,closed,False,False
29634,115,1,0,0,0.0,closed,False,False
29633,1,1,1,0,0.0,closed,False,False
29632,9,1,1,0,0.0,closed,False,False
29631,1,1,2,0,0.0,closed,False,False
29630,1609,34,0,0,0.0,closed,False,False
29629,8,0,0,11,5.5,closed,True,True
29628,75813,5882,0,0,0.0,closed,False,False
29627,153,17,4,2,0.2857142857142857,closed,True,True
29626,3,9,0,3,3.0,closed,True,True
29625,1,1,1,0,0.0,closed,True,True
29624,0,377,0,0,0.0,closed,True,True
29623,80,2,1,4,0.8,closed,True,True
29621,2,10,4,0,0.0,closed,False,False
29620,2,2,0,0,0.0,closed,True,True
29619,3,3,1,0,0.0,closed,False,False
29618,1,1,1,0,0.0,closed,False,False
29617,0,1,1,0,0.0,closed,False,False
29616,11,30,0,0,0.0,closed,True,True
29615,28,37,1,5,5.0,closed,False,False
29614,2,2,0,1,1.0,closed,True,True
29613,1,1,4,0,0.0,closed,False,False
29612,10,0,0,0,0.0,closed,True,True
29610,3156,504,0,0,0.0,closed,False,False
29609,0,161,0,0,0.0,closed,True,True
29604,21,21,0,0,0.0,closed,True,True
29603,3,1,2,4,2.0,open,False,False
29602,7,9,0,0,0.0,closed,True,True
29600,15,15,1,2,0.2857142857142857,closed,True,True
29599,4,3,1,0,0.0,closed,False,False
29598,7,4,1,3,1.0,closed,True,True
29597,1,1,0,0,0.0,closed,False,False
29596,13,6,1,2,2.0,closed,False,False
29595,2,2,0,0,0.0,closed,True,True
29594,1,1,1,0,0.0,closed,False,False
29593,2,2,1,0,0.0,closed,False,False
29592,2,2,0,0,0.0,closed,True,True
29591,1,1,2,0,0.0,closed,False,False
29590,2,2,1,4,4.0,closed,True,True
29588,4,4,3,0,0.0,closed,False,False
29587,3,3,1,0,0.0,closed,False,False
29586,75816,5882,0,0,0.0,closed,False,False
29584,2,2,1,0,0.0,closed,False,False
29583,2,0,0,0,0.0,closed,True,True
29581,57,2,4,0,0.0,closed,False,False
29580,1,1,0,0,0.0,closed,True,True
29579,6,4,5,6,6.0,closed,True,True
29574,44,614,0,0,0.0,closed,True,True
29573,17,17,0,0,0.0,closed,True,True
29572,931,524,0,10,0.24390243902439024,closed,True,True
29571,8,7,2,0,0.0,closed,True,True
29569,15,23,0,0,0.0,closed,True,True
29568,3149,499,0,0,0.0,closed,False,False
29567,316,159,2,1,0.2,closed,True,True
29566,5,2,1,1,1.0,closed,False,False
29565,283,79,6,0,0.0,closed,False,False
29563,7,17,2,0,0.0,closed,True,True
29559,12,0,2,0,0.0,closed,True,True
29557,20,0,3,0,0.0,closed,True,True
29556,1309,375,0,0,0.0,closed,True,True
29554,1,1,1,0,0.0,closed,True,True
29553,1,1,0,0,0.0,closed,True,True
29552,85,55,0,2,0.6666666666666666,closed,True,True
29551,75718,5882,0,0,0.0,closed,False,False
29549,1,1,0,0,0.0,closed,True,True
29545,26,0,1,0,0.0,closed,False,False
29544,28,28,0,0,0.0,closed,True,True
29543,6,4,1,0,0.0,closed,False,False
29542,10,10,0,0,0.0,closed,True,True
29541,7,3,0,2,2.0,closed,False,False
29536,3,3,0,0,0.0,closed,True,True
29535,9,0,0,1,0.5,closed,True,True
29534,2,2,0,0,0.0,closed,True,True
29533,1,0,3,0,0.0,closed,False,False
29532,175,40,0,2,0.5,closed,True,True
29531,8,8,0,0,0.0,closed,True,True
29530,461,365,1,17,5.666666666666667,closed,True,True
29529,1,1,1,0,0.0,closed,False,False
29528,1,1,0,0,0.0,closed,True,True
29527,251,147,2,0,0.0,closed,False,False
29522,5,1,0,0,0.0,closed,True,True
29520,428,360,9,12,1.7142857142857142,closed,True,True
29519,271,297,4,17,1.8888888888888888,closed,True,True
29518,12828,450,2,18,0.2608695652173913,closed,False,False
29517,3,0,4,0,0.0,closed,False,False
29516,2,5,1,0,0.0,closed,False,False
29515,11,16,2,1,0.2,closed,True,True
29514,28,2,2,4,2.0,closed,True,True
29513,1,0,2,0,0.0,closed,False,False
29512,5,1,0,0,0.0,closed,True,True
29511,2,2,1,0,0.0,closed,False,False
29510,4,4,0,0,0.0,closed,False,False
29509,6,0,4,0,0.0,closed,False,False
29508,6,6,1,0,0.0,closed,False,False
29507,1,1,0,0,0.0,closed,True,True
29503,52,25,2,0,0.0,closed,False,False
29502,1,0,0,0,0.0,closed,False,False
29501,75,46,0,4,4.0,closed,False,False
29494,194,1,0,0,0.0,closed,False,False
29493,0,16,0,0,0.0,closed,False,False
29492,18,27,1,0,0.0,closed,False,False
29491,3,3,0,0,0.0,closed,False,False
29490,6,7,3,0,0.0,closed,True,True
29489,5,7,1,0,0.0,closed,True,True
29488,8,8,0,0,0.0,closed,True,True
29485,36,4,1,2,2.0,closed,True,True
29483,225,146,1,0,0.0,closed,False,False
29482,81,76,6,22,7.333333333333333,closed,True,True
29480,1,5,0,1,0.5,closed,True,True
29479,14,15,3,0,0.0,closed,True,True
29478,31,13,0,0,0.0,closed,True,True
29477,5,0,0,0,0.0,closed,False,False
29476,17,3,4,0,0.0,closed,False,False
29474,4,11,0,0,0.0,closed,True,True
29473,1409,355,0,0,0.0,closed,False,False
29472,6,7,0,0,0.0,closed,True,True
29471,28,2,0,0,0.0,closed,True,True
29470,5,5,0,0,0.0,closed,True,True
29469,1,1,2,0,0.0,closed,True,True
29467,2938,473,0,0,0.0,closed,False,False
29465,136,6,7,29,1.45,closed,True,True
29463,1,1,1,0,0.0,closed,False,False
29461,4,13,0,0,0.0,closed,True,True
29460,13,13,0,0,0.0,closed,True,True
29459,9,34,0,0,0.0,closed,True,True
29452,1164,1063,1,0,0.0,closed,False,False
29451,1,1,0,0,0.0,closed,True,True
29450,37,35,3,6,0.8571428571428571,closed,True,True
29449,22,5,0,3,0.75,closed,True,True
29448,15,15,1,0,0.0,closed,True,True
29446,0,16,1,0,0.0,closed,False,False
29445,18,18,1,0,0.0,closed,True,True
29444,1,0,0,0,0.0,closed,True,True
29443,4,0,0,0,0.0,closed,False,False
29441,910,9399,6,4,0.3076923076923077,closed,True,True
29439,2,2,5,0,0.0,closed,False,False
29438,1,1,0,3,1.5,closed,True,True
29437,11,2,1,0,0.0,closed,True,True
29435,2,2,0,0,0.0,closed,True,True
29434,2,4,1,0,0.0,closed,True,True
29433,3,1,3,0,0.0,closed,False,False
29431,974,102,7,32,8.0,closed,True,True
29428,92,38,1,8,0.7272727272727273,closed,True,True
29424,10,1,0,0,0.0,closed,True,True
29423,54,0,8,0,0.0,closed,False,False
29421,5,11,0,0,0.0,closed,False,False
29420,1,5,1,2,2.0,closed,True,True
29419,5,18,1,0,0.0,closed,True,True
29418,2,8,0,0,0.0,closed,True,True
29413,2,3,0,0,0.0,closed,True,True
29411,19,20,3,0,0.0,closed,True,True
29408,3,4,1,0,0.0,closed,False,False
29405,14,14,1,0,0.0,closed,True,True
29402,25,3,2,11,1.8333333333333333,closed,True,True
29401,9,9,2,0,0.0,closed,False,False
29399,1,3,0,0,0.0,closed,True,True
29398,2,4,0,0,0.0,closed,True,True
29397,4,6,1,0,0.0,closed,False,False
29396,2,6,2,0,0.0,closed,True,True
29395,3,11,0,0,0.0,closed,True,True
29392,2,4,3,0,0.0,closed,True,True
29391,3,4,0,0,0.0,closed,False,False
29390,2,2,1,0,0.0,closed,False,False
29388,69,0,0,3,1.5,closed,True,True
29387,30,18,2,0,0.0,closed,False,False
29386,3,4,1,0,0.0,closed,False,False
29385,5,3,1,0,0.0,closed,True,True
29384,3,9,0,0,0.0,closed,True,True
29383,8,17,1,0,0.0,closed,True,True
29382,8,9,0,0,0.0,closed,True,True
29381,0,11,0,0,0.0,closed,True,True
29380,27,9,0,4,1.3333333333333333,closed,True,True
29378,281,20,0,10,3.3333333333333335,closed,True,True
29377,2,3,0,0,0.0,closed,True,True
29376,137,64,0,2,0.3333333333333333,closed,True,True
29375,11,11,0,0,0.0,closed,True,True
29373,2,2,1,0,0.0,closed,True,True
29372,86,43,1,5,5.0,closed,False,False
29371,348,64,1,4,1.3333333333333333,closed,True,True
29370,1,1,0,0,0.0,closed,False,False
29369,2,2,2,0,0.0,closed,True,True
29366,2,3,0,0,0.0,closed,True,True
29365,10,19,3,0,0.0,closed,True,True
29364,76,60,3,0,0.0,closed,False,False
29362,141,180,0,0,0.0,closed,True,True
29360,0,0,1,0,0,closed,False,False
29358,91,0,6,1,0.125,closed,True,True
29356,1,2,1,0,0.0,closed,True,True
29355,50,7,17,0,0.0,closed,True,True
29354,20,6,0,0,0.0,closed,True,True
29353,270,3,0,0,0.0,closed,True,True
29351,1,1,0,0,0.0,closed,True,True
29349,8,0,0,0,0.0,closed,True,True
29348,61,61,0,0,0.0,closed,True,True
29347,1060,0,3,17,0.5666666666666667,closed,True,True
29346,2,2,5,0,0.0,closed,False,False
29345,13,11,1,0,0.0,closed,False,False
29344,1,1,0,0,0.0,closed,True,True
29343,17,7,0,1,1.0,closed,True,True
29341,1,1,0,0,0.0,closed,True,True
29340,8,8,2,0,0.0,closed,False,False
29339,0,6,0,0,0.0,closed,True,True
29338,1082,43,1,86,2.8666666666666667,closed,True,True
29336,2,2,1,0,0.0,closed,True,True
29335,24,11,0,3,1.5,closed,True,True
29333,0,9,1,0,0.0,closed,False,False
29332,166,4,0,0,0.0,closed,False,False
29330,70,36,7,0,0.0,open,False,False
29328,1,0,0,0,0.0,closed,False,False
29323,2,0,2,0,0.0,closed,False,False
29321,0,1,1,0,0.0,closed,False,False
29320,1,1,0,0,0.0,closed,True,True
29318,36,32,2,0,0.0,closed,False,False
29316,12,7,0,2,1.0,closed,True,True
29314,51,56,0,1,0.16666666666666666,closed,True,True
29313,965,354,0,16,2.2857142857142856,closed,True,True
29310,1825,117,0,0,0.0,closed,False,False
29309,0,1,1,0,0.0,closed,True,True
29308,74,32,0,2,1.0,closed,True,True
29307,8,51,0,0,0.0,closed,True,True
29304,30,11,1,3,3.0,closed,False,False
29302,15,18,0,0,0.0,closed,True,True
29301,16,8,0,0,0.0,closed,True,True
29300,5,5,0,0,0.0,closed,True,True
29298,2,2,0,0,0.0,closed,True,True
29297,237,19,10,3,1.0,closed,False,False
29296,1,2,0,0,0.0,closed,True,True
29295,1,1,1,0,0.0,closed,False,False
29293,1,1,3,2,1.0,closed,True,True
29292,2,2,6,0,0.0,closed,False,False
29290,4,6,0,0,0.0,closed,True,True
29288,6,6,1,5,1.0,closed,True,True
29287,3,9,0,0,0.0,closed,True,True
29286,48,1,1,0,0.0,closed,False,False
29284,1,0,0,0,0.0,closed,False,False
29283,28,28,3,4,1.0,closed,True,True
29282,620,219,1,0,0.0,closed,False,False
29281,182,1710,1,12,2.4,closed,True,True
29280,3,3,1,2,1.0,closed,False,False
29279,25,25,0,0,0.0,closed,True,True
29278,104,56,0,0,0.0,closed,True,True
29277,3,3,1,0,0.0,closed,False,False
29276,20,27,4,0,0.0,closed,False,False
29275,1,1,2,0,0.0,closed,True,True
29270,6,6,0,0,0.0,closed,True,True
29269,2,5,0,0,0.0,closed,True,True
29268,43,7,4,2,2.0,closed,False,False
29267,421,0,6,20,2.0,closed,True,True
29266,4,4,2,0,0.0,closed,False,False
29263,1,1,0,0,0.0,closed,True,True
29262,358,102,0,13,13.0,closed,True,True
29260,3,3,4,0,0.0,closed,False,False
29259,39,1,0,1,0.25,closed,True,True
29258,1,1,1,0,0.0,closed,True,True
29257,2,2,0,0,0.0,closed,True,True
29256,1,1,0,0,0.0,closed,True,True
29255,20,2,0,0,0.0,closed,False,False
29254,597,3,0,0,0.0,closed,False,False
29253,3,3,3,0,0.0,closed,False,False
29248,361,0,3,1,1.0,closed,False,False
29245,1,1,0,0,0.0,closed,True,True
29243,5,5,0,0,0.0,closed,True,True
29242,6,5,0,1,1.0,closed,True,True
29241,40,9,1,13,1.4444444444444444,closed,True,True
29240,2,2,1,0,0.0,closed,False,False
29238,6,1,0,0,0.0,closed,True,True
29236,319,7,0,3,0.5,closed,False,False
29235,30,18,0,3,1.5,closed,True,True
29234,874,194,2,10,10.0,closed,False,False
29233,4,3,0,0,0.0,closed,True,True
29232,75,0,1,0,0.0,closed,False,False
29231,1,1,0,0,0.0,closed,False,False
29230,3,4,3,0,0.0,closed,False,False
29229,1,1,1,0,0.0,closed,False,False
29228,9,9,2,1,0.5,closed,True,True
29227,32,31,0,0,0.0,closed,True,True
29224,0,3,3,0,0.0,closed,False,False
29223,5,3,1,0,0.0,closed,True,True
29222,1,1,0,0,0.0,closed,True,True
29221,1372,6,0,0,0.0,closed,False,False
29220,44,22,1,0,0.0,closed,True,True
29219,1,1,2,0,0.0,closed,False,False
29218,1,1,0,0,0.0,closed,True,True
29216,2,2,0,0,0.0,closed,True,True
29215,6,1,1,0,0.0,closed,False,False
29214,3,3,1,0,0.0,closed,False,False
29213,2,2,1,0,0.0,closed,False,False
29212,133,0,5,0,0.0,closed,False,False
29210,13,4,1,3,3.0,closed,True,True
29209,1,5,2,0,0.0,closed,False,False
29208,7,7,1,0,0.0,closed,False,False
29207,2,2,0,0,0.0,closed,True,True
29206,0,36,4,0,0.0,closed,False,False
29205,1,1,2,0,0.0,closed,False,False
29203,5,0,7,0,0.0,closed,False,False
29201,41,13,4,11,1.375,closed,True,True
29200,9,18,1,1,1.0,closed,False,False
29198,6,0,0,0,0.0,closed,True,True
29197,5,5,2,0,0.0,closed,False,False
29196,183,55,0,16,1.3333333333333333,closed,True,True
29195,12,12,2,0,0.0,closed,True,True
29193,2,0,0,5,1.6666666666666667,closed,True,True
29192,2,2,6,0,0.0,closed,False,False
29191,112,149,1,3,1.0,closed,True,True
29189,2782,1267,5,11,0.07051282051282051,closed,True,True
29188,7,7,1,0,0.0,closed,False,False
29186,16,16,0,0,0.0,closed,True,True
29185,13,17,1,0,0.0,closed,False,False
29184,1,1,0,0,0.0,closed,True,True
29183,5,3,0,0,0.0,closed,True,True
29181,85,23,0,0,0.0,closed,False,False
29180,5074,348,0,0,0.0,closed,True,True
29179,185,354,3,1,1.0,closed,True,True
29178,204,164,1,0,0.0,closed,False,False
29176,10,10,0,0,0.0,closed,True,True
29175,10,10,0,0,0.0,closed,True,True
29174,1,1,0,0,0.0,closed,False,False
29172,2,2,1,0,0.0,closed,False,False
29171,16,29,0,0,0.0,closed,True,True
29169,88,2990,2,0,0.0,closed,True,True
29168,76,0,0,0,0.0,closed,True,True
29167,5,0,0,0,0.0,closed,False,False
29166,18,3,0,0,0.0,closed,True,True
29165,2,2,1,0,0.0,closed,False,False
29163,0,1,1,0,0.0,closed,True,True
29162,3,24,3,1,1.0,closed,True,True
29160,85,44,3,0,0.0,closed,False,False
29159,0,15,0,2,1.0,closed,True,True
29158,669,218,5,39,4.875,open,False,False
29157,38,26,1,1,1.0,closed,False,False
29155,0,17,0,0,0.0,closed,False,False
29154,0,1,4,0,0.0,closed,True,True
29153,5,5,0,0,0.0,closed,False,False
29152,1,7,0,2,1.0,closed,True,True
29151,4,0,3,0,0.0,closed,False,False
29150,5,1,0,0,0.0,closed,True,True
29149,1,1,0,0,0.0,closed,True,True
29148,10,10,2,0,0.0,closed,False,False
29147,13,3,3,0,0.0,closed,False,False
29146,57,45,12,0,0.0,closed,False,False
29145,61,64,0,0,0.0,closed,False,False
29144,4,4,0,0,0.0,closed,True,True
29140,167,54,7,7,0.6363636363636364,closed,True,True
29137,14,10,0,0,0.0,closed,False,False
29136,0,3,0,0,0.0,closed,True,True
29135,1014,151,0,18,18.0,closed,True,True
29134,2,2,1,0,0.0,closed,True,True
29132,2,2,0,0,0.0,closed,True,True
29128,8,8,0,0,0.0,closed,True,True
29127,1,1,0,10,1.1111111111111112,closed,True,True
29126,45,35,0,0,0.0,closed,True,True
29124,1,0,0,0,0.0,closed,False,False
29123,1,1,0,0,0.0,closed,False,False
29122,1,1,0,0,0.0,closed,False,False
29121,1,0,0,0,0.0,closed,False,False
29116,1,1,1,0,0.0,closed,False,False
29115,7,11,0,0,0.0,closed,True,True
29113,1,1,2,0,0.0,closed,False,False
29108,8,6,0,0,0.0,closed,True,True
29107,9,3,3,4,1.0,closed,True,True
29106,29,16,0,3,1.5,closed,True,True
29105,843,31,0,0,0.0,closed,False,False
29104,46,26,1,0,0.0,closed,False,False
29102,36,0,1,0,0.0,closed,False,False
29100,16,13,1,0,0.0,closed,True,True
29099,149,0,1,2,2.0,closed,True,True
29098,27,2,2,0,0.0,closed,False,False
29097,1792,117,0,0,0.0,closed,False,False
29096,3,3,1,0,0.0,closed,True,True
29095,7,1,0,0,0.0,closed,True,True
29094,1,1,0,0,0.0,closed,True,True
29092,7,7,2,0,0.0,closed,False,False
29091,9,3,0,0,0.0,closed,True,True
29090,2,2,0,0,0.0,closed,True,True
29089,10,7,0,2,0.6666666666666666,closed,True,True
29087,44,13,2,1,0.2,closed,False,False
29086,123973,865749,0,0,0.0,closed,False,False
29085,2,0,1,1,1.0,closed,True,True
29084,327,346,4,5,1.6666666666666667,closed,False,False
29083,6,1,2,0,0.0,closed,True,True
29082,7,7,1,2,0.5,closed,False,False
29081,33,6,1,0,0.0,closed,True,True
29079,3,3,1,0,0.0,closed,False,False
29078,3,3,0,4,1.0,closed,True,True
29077,4,4,1,0,0.0,closed,True,True
29076,1,2,0,0,0.0,closed,True,True
29074,11,8,0,0,0.0,closed,True,True
29073,2,5,0,0,0.0,closed,True,True
29072,1,1,1,0,0.0,closed,False,False
29071,0,1,1,0,0.0,closed,False,False
29068,1,1,0,0,0.0,closed,True,True
29067,1,6,1,0,0.0,closed,True,True
29066,25,17,1,0,0.0,closed,False,False
29065,2,2,0,0,0.0,closed,True,True
29062,0,1,1,0,0.0,closed,True,True
29060,4,4,1,0,0.0,closed,False,False
29059,21,15,4,0,0.0,closed,False,False
29056,1122,0,12,0,0.0,open,False,False
29052,784,138,4,5,2.5,closed,False,False
29051,5,5,0,0,0.0,closed,True,True
29050,51,50,2,2,0.2857142857142857,closed,True,True
29049,4,4,0,3,0.75,closed,True,True
29048,20,19,1,2,2.0,closed,False,False
29047,9,0,7,0,0.0,closed,True,True
29046,18,8,2,0,0.0,closed,False,False
29043,6,6,4,0,0.0,closed,True,True
29042,1,1,0,0,0.0,closed,True,True
29040,114,26,4,0,0.0,closed,False,False
29039,650,2,14,2,0.25,closed,False,False
29038,21,144,3,0,0.0,closed,True,True
29037,35,39,0,12,3.0,closed,True,True
29036,8,8,0,2,1.0,closed,True,True
29035,68,192,9,17,2.125,closed,False,False
29034,47,11,10,2,0.5,closed,True,True
29033,2340,50,0,0,0.0,closed,False,False
29032,257,174,1,0,0.0,closed,False,False
29031,5,5,0,0,0.0,closed,True,True
29029,820,174,1,2,0.2857142857142857,closed,False,False
29028,2,2,2,0,0.0,closed,False,False
29026,125,50,1,5,1.6666666666666667,closed,True,True
29025,624,516,1,29,7.25,open,False,False
29024,8,8,0,0,0.0,closed,True,True
29023,13,6,0,2,2.0,closed,True,True
29022,4,2,2,2,2.0,closed,True,True
29021,34,35,2,0,0.0,closed,False,False
29020,10,0,0,0,0.0,closed,True,True
29014,17,1,0,1,1.0,closed,False,False
29012,678,471,1,1,1.0,closed,False,False
29011,789,761,1,0,0.0,closed,False,False
29010,17,16,2,2,0.5,closed,False,False
29008,105,37,1,2,0.4,closed,True,True
29006,25,15,1,0,0.0,closed,True,True
29005,79,25,0,0,0.0,closed,True,True
29003,328,287,2,0,0.0,closed,True,True
29001,4,4,1,0,0.0,closed,True,True
28999,1,1,0,0,0.0,closed,False,False
28997,357,10,2,4,0.15384615384615385,closed,False,False
28996,72,43,0,2,0.5,closed,True,True
28995,1,1,0,0,0.0,closed,True,True
28994,1,0,0,0,0.0,closed,True,True
28993,104,75,0,0,0.0,closed,True,True
28991,662,72,0,0,0.0,closed,False,False
28989,10,0,2,0,0.0,closed,True,True
28988,5,5,1,0,0.0,closed,True,True
28986,7118,375,0,2,0.014705882352941176,open,False,False
28985,2,1,0,0,0.0,closed,True,True
28984,150,134,18,0,0.0,closed,False,False
28981,2,2,1,0,0.0,closed,True,True
28979,3,3,0,0,0.0,closed,True,True
28978,36,16,1,0,0.0,closed,True,True
28976,302,28,7,14,1.5555555555555556,closed,True,True
28974,144,124,2,11,1.8333333333333333,closed,True,True
28970,1,1,2,0,0.0,closed,True,True
28966,1,1,0,0,0.0,closed,True,True
28963,15,15,1,0,0.0,closed,False,False
28962,1,2,0,0,0.0,closed,True,True
28961,3067,420,0,0,0.0,closed,True,True
28959,19,22,0,0,0.0,closed,True,True
28958,17,34,0,0,0.0,closed,True,True
28956,33,179,0,0,0.0,closed,True,True
28954,2,2,0,0,0.0,closed,True,True
28952,1,1,0,0,0.0,closed,True,True
28949,1,0,0,0,0.0,closed,False,False
28948,39,18,0,2,1.0,closed,True,True
28947,251,1,2,0,0.0,closed,False,False
28946,147,74,9,0,0.0,closed,True,True
28945,10,10,7,0,0.0,closed,True,True
28944,6,8,0,0,0.0,closed,True,True
28942,2,1,2,0,0.0,closed,False,False
28940,67,128,2,0,0.0,closed,True,True
28935,1258,117,0,0,0.0,closed,False,False
28934,1258,117,0,0,0.0,closed,False,False
28933,53,13,3,0,0.0,closed,True,True
28932,7,3,0,0,0.0,closed,True,True
28929,2,0,5,0,0.0,closed,True,True
28923,13,13,1,10,3.3333333333333335,closed,True,True
28922,1,1,0,0,0.0,closed,True,True
28921,18,0,0,0,0.0,closed,False,False
28919,0,0,0,0,0.0,closed,False,False
28917,9,3,0,0,0.0,closed,True,True
28916,3,6,0,0,0.0,closed,True,True
28915,60,0,3,3,1.0,closed,True,True
28914,158,18,0,0,0.0,closed,True,True
28912,31,3,1,1,0.3333333333333333,closed,True,True
28911,1,1,0,3,1.5,closed,True,True
28910,26,3,12,7,0.6363636363636364,closed,True,True
28908,9,10,6,0,0.0,closed,True,True
28906,1119,0,3,2,0.6666666666666666,closed,False,False
28905,0,1,3,0,0.0,closed,False,False
28903,4,2,4,0,0.0,closed,True,True
28902,1735,53,1,0,0.0,closed,False,False
28901,18,9,6,2,1.0,closed,False,False
28900,1,1,0,0,0.0,closed,True,True
28896,18,0,1,0,0.0,closed,False,False
28895,1,1,2,0,0.0,closed,False,False
28893,1,1,0,0,0.0,closed,True,True
28892,379,0,2,42,14.0,open,False,False
28889,1,1,1,0,0.0,closed,True,True
28886,0,2,1,0,0.0,closed,False,False
28884,14,4,1,0,0.0,closed,False,False
28882,17,9,0,0,0.0,closed,True,True
28881,45,45,3,1,1.0,closed,True,True
28880,173,129,6,27,3.0,closed,True,True
28879,64,2,1,0,0.0,closed,True,True
28878,144,0,2,0,0.0,closed,False,False
28876,1,1,0,0,0.0,closed,True,True
28874,6,3,2,0,0.0,closed,False,False
28873,9,9,1,0,0.0,closed,False,False
28872,0,1,1,0,0.0,closed,False,False
28868,2405,1625,0,66,1.6923076923076923,closed,True,True
28865,11,3,3,2,0.6666666666666666,closed,True,True
28864,40,29,0,0,0.0,closed,True,True
28863,11,7,3,0,0.0,closed,False,False
28860,1,1,0,0,0.0,closed,True,True
28859,7,2,0,0,0.0,closed,True,True
28858,2,2,2,0,0.0,closed,True,True
28857,477,498,2,0,0.0,closed,True,True
28856,10,5,0,0,0.0,closed,True,True
28851,1205,116,0,0,0.0,closed,False,False
28850,41,41,7,0,0.0,closed,False,False
28849,22,56,0,4,0.8,closed,True,True
28846,34,34,6,6,1.2,closed,True,True
28845,12,0,1,8,1.3333333333333333,closed,True,True
28844,118,118,3,0,0.0,closed,False,False
28843,1471,5,0,0,0.0,closed,False,False
28842,96,30,1,0,0.0,closed,False,False
28839,366,13,2,0,0.0,closed,True,True
28837,85,10,0,3,1.0,closed,True,True
28836,15,15,0,0,0.0,closed,True,True
28835,2,0,1,0,0.0,closed,False,False
28834,12,4,0,0,0.0,closed,True,True
28832,12,0,0,2,0.6666666666666666,closed,True,True
28831,144,100,1,0,0.0,closed,False,False
28830,1,0,0,0,0.0,closed,True,True
28829,19,3,3,4,0.4,closed,True,True
28827,31,39,0,2,1.0,closed,True,True
28826,5,5,2,0,0.0,closed,False,False
28825,5,5,0,0,0.0,closed,True,True
28824,597,425,1,0,0.0,closed,True,True
28823,2,2,1,0,0.0,closed,True,True
28822,4049,19,9,24,0.5853658536585366,closed,True,True
28821,3,0,3,0,0.0,closed,False,False
28820,1,1,2,0,0.0,closed,False,False
28819,11,15,4,0,0.0,closed,False,False
28818,2,2,0,0,0.0,closed,True,True
28817,4219,70,0,0,0.0,closed,False,False
28816,1324,4,0,0,0.0,closed,False,False
28815,1,1,0,0,0.0,closed,True,True
28814,2,0,0,0,0.0,closed,True,True
28804,27,27,1,0,0.0,closed,True,True
28802,2,2,1,0,0.0,closed,True,True
28801,3,17,7,6,6.0,closed,True,True
28800,1,1,0,0,0.0,closed,True,True
28799,158,51,0,0,0.0,closed,True,True
28798,2,2,1,0,0.0,closed,True,True
28796,1,1,0,1,0.5,closed,True,True
28795,4,4,1,1,0.25,closed,True,True
28794,6,2,3,4,0.6666666666666666,closed,True,True
28793,11,0,4,0,0.0,closed,True,True
28792,3,3,2,0,0.0,closed,True,True
28791,24360,681585,0,0,0.0,closed,False,False
28790,2,2,1,0,0.0,closed,True,True
28787,3,3,1,0,0.0,closed,True,True
28786,471,117,4,24,0.8888888888888888,closed,True,True
28785,56,10,0,0,0.0,closed,True,True
28784,4,4,0,0,0.0,closed,True,True
28782,1,1,0,0,0.0,closed,True,True
28781,9,9,0,0,0.0,closed,False,False
28780,2,2,0,0,0.0,closed,True,True
28779,13,2,1,3,1.0,closed,False,False
28778,12,9,0,0,0.0,closed,True,True
28777,5,5,2,0,0.0,closed,False,False
28776,1628,223,3,28,3.5,closed,False,False
28775,14,30,4,9,3.0,closed,True,True
28774,2,2,0,0,0.0,closed,True,True
28772,2,2,0,0,0.0,closed,True,True
28771,651,134,1,0,0.0,closed,False,False
28770,1239,116,0,0,0.0,closed,False,False
28769,1,1,1,0,0.0,closed,True,True
28767,14942,53,0,0,0.0,closed,False,False
28766,2,0,2,0,0.0,closed,False,False
28764,24,5,0,0,0.0,closed,True,True
28763,5,1,1,0,0.0,closed,False,False
28762,5,8,0,1,1.0,closed,True,True
28760,1,2,1,0,0.0,closed,True,True
28755,1,1,0,0,0.0,closed,True,True
28753,245,90,9,7,1.4,open,False,False
28749,7614,22904,1,0,0.0,closed,False,False
28748,2,4,6,1,0.14285714285714285,closed,True,True
28747,1,2,0,0,0.0,closed,True,True
28745,1,1,1,0,0.0,closed,False,False
28744,14,1,3,4,0.8,closed,True,True
28743,3,3,0,0,0.0,closed,True,True
28741,73,27,0,0,0.0,closed,False,False
28736,1,1,1,0,0.0,closed,False,False
28735,40,28,0,0,0.0,closed,True,True
28734,4,3,2,0,0.0,closed,True,True
28733,3,3,0,0,0.0,closed,True,True
28731,50,20,2,15,5.0,closed,False,False
28730,4,4,0,0,0.0,closed,True,True
28728,8,7,1,0,0.0,closed,True,True
28727,22886,2187,0,0,0.0,closed,True,True
28725,28,6,0,1,0.5,closed,True,True
28724,5,0,1,0,0.0,closed,True,True
28722,37,21,6,0,0.0,closed,False,False
28721,27,8,1,0,0.0,closed,False,False
28720,162,0,0,0,0.0,closed,False,False
28719,5,2,5,7,3.5,closed,True,True
28718,95,62,1,3,0.5,closed,True,True
28717,1487,116,0,0,0.0,closed,False,False
28716,1487,116,0,0,0.0,closed,False,False
28715,7,2,1,2,2.0,closed,False,False
28712,38,35,0,0,0.0,closed,True,True
28710,8,0,1,0,0.0,closed,True,True
28709,6,11,0,0,0.0,closed,True,True
28708,3403,17,2,2,0.2,closed,False,False
28707,135,39,0,0,0.0,closed,True,True
28706,0,12,0,0,0.0,closed,True,True
28705,1,1,0,0,0.0,closed,True,True
28704,20,1,0,0,0.0,closed,True,True
28703,446,365,2,20,1.8181818181818181,closed,True,True
28702,6,6,0,0,0.0,closed,True,True
28701,12,34,2,0,0.0,closed,False,False
28699,6603,30161,0,0,0.0,closed,True,True
28697,4031,73,0,0,0.0,closed,False,False
28696,5,29,0,0,0.0,closed,True,True
28695,1,1,1,0,0.0,closed,False,False
28692,10,1,0,2,2.0,closed,True,True
28691,1,1,1,0,0.0,closed,True,True
28689,1215,116,1,0,0.0,closed,False,False
28686,37,23,0,0,0.0,closed,True,True
28685,1,8,1,2,2.0,closed,False,False
28683,84,55,9,9,1.5,closed,True,True
28682,11,11,0,0,0.0,closed,True,True
28679,2,2,0,0,0.0,closed,False,False
28677,12,3,2,1,1.0,closed,True,True
28676,1174,113,0,0,0.0,closed,False,False
28675,3,3,0,0,0.0,closed,True,True
28674,3,3,1,0,0.0,closed,True,True
28670,1105,113,0,0,0.0,closed,False,False
28669,8,4,0,0,0.0,closed,True,True
28667,1236,113,0,0,0.0,closed,False,False
28666,459,373,30,12,2.0,closed,False,False
28664,1,1,1,0,0.0,closed,False,False
28662,7,7,0,0,0.0,closed,True,True
28657,12,2,0,0,0.0,closed,True,True
28656,477,0,5,3,3.0,closed,False,False
28655,1,0,4,0,0.0,closed,False,False
28654,3,5,1,0,0.0,closed,True,True
28653,6,0,0,0,0.0,closed,True,True
28652,3,3,0,2,1.0,closed,True,True
28650,10,8,0,2,2.0,closed,True,True
28649,5,7,0,0,0.0,closed,True,True
28648,15,15,0,0,0.0,closed,True,True
28642,1591,1895,1,5,0.5,closed,False,False
28640,489,114,3,25,0.6944444444444444,closed,False,False
28638,133,187,7,0,0.0,closed,False,False
28637,1,1,0,1,1.0,closed,True,True
28635,1,1,0,0,0.0,closed,True,True
28634,4,4,0,0,0.0,closed,True,True
28633,13,7,4,0,0.0,closed,False,False
28632,1,1,3,0,0.0,closed,False,False
28631,1079,113,0,0,0.0,closed,False,False
28630,3,3,0,0,0.0,closed,True,True
28628,118,4,3,0,0.0,closed,True,True
28627,2,9,5,0,0.0,closed,True,True
28626,19,6,2,0,0.0,closed,False,False
28624,2,2,1,0,0.0,closed,True,True
28623,598,2488,2,52,3.25,closed,True,True
28622,49,116,2,0,0.0,closed,True,True
28621,328,160,0,3,0.375,closed,True,True
28618,68,17,4,0,0.0,closed,True,True
28615,451,16,2,5,5.0,closed,False,False
28614,0,3354,0,0,0.0,closed,True,True
28612,3,9,0,0,0.0,closed,True,True
28609,0,2,4,0,0.0,closed,True,True
28607,1203,1193,1,2,2.0,closed,False,False
28606,91,65,2,15,2.5,closed,True,True
28605,44,0,0,0,0.0,closed,True,True
28604,4,4,2,0,0.0,closed,False,False
28602,3,0,0,4,4.0,closed,True,True
28601,0,6,1,0,0.0,closed,False,False
28600,222,129,1,0,0.0,closed,True,True
28599,53,0,2,0,0.0,closed,False,False
28598,353,337,6,15,7.5,closed,True,True
28597,10,11,0,0,0.0,closed,True,True
28596,4,0,5,0,0.0,closed,False,False
28595,270,84,1,14,2.0,closed,True,True
28590,4,1,0,0,0.0,closed,True,True
28589,17,3,12,0,0.0,closed,False,False
28588,1,1,0,0,0.0,closed,True,True
28586,81,23089,7,0,0.0,closed,True,True
28585,1,1,0,0,0.0,closed,True,True
28584,37,36,2,1,0.5,closed,True,True
28583,16,12,2,0,0.0,closed,False,False
28582,7,0,3,0,0.0,closed,False,False
28581,50,32,6,15,3.75,closed,True,True
28569,7,7,2,0,0.0,closed,True,True
28568,2,2,0,0,0.0,closed,False,False
28567,437,0,3,0,0.0,closed,False,False
28566,12,4,0,3,1.5,closed,True,True
28564,100,9,0,0,0.0,closed,True,True
28562,16,11,1,0,0.0,closed,True,True
28560,1,1,0,0,0.0,closed,True,True
28559,37,0,1,0,0.0,closed,False,False
28557,119,51,4,13,0.6842105263157895,closed,True,True
28555,1,1,0,0,0.0,closed,False,False
28553,1,0,0,0,0.0,closed,False,False
28552,1,0,1,0,0.0,closed,False,False
28551,1,0,0,0,0.0,closed,False,False
28549,23,0,2,0,0.0,closed,True,True
28546,63,3,0,0,0.0,closed,True,True
28545,8113,0,0,0,0.0,closed,False,False
28544,134,0,0,0,0.0,closed,True,True
28543,8055,0,0,0,0.0,closed,False,False
28542,23,57,3,0,0.0,closed,True,True
28539,1,7,1,0,0.0,closed,False,False
28538,1,1,1,0,0.0,closed,True,True
28537,9,8,1,0,0.0,closed,False,False
28536,48,3,1,2,1.0,closed,True,True
28535,1,1,1,0,0.0,closed,True,True
28533,2,2,1,0,0.0,closed,False,False
28532,20,19,0,0,0.0,closed,True,True
28531,77,17,1,0,0.0,closed,False,False
28530,8,10,0,0,0.0,closed,True,True
28529,2,3,0,6,1.0,closed,True,True
28527,27,10,0,0,0.0,closed,True,True
28526,10,10,1,6,0.6,closed,True,True
28525,62,10,0,2,1.0,closed,True,True
28524,129,7,1,2,2.0,closed,True,True
28523,22,0,1,0,0.0,closed,False,False
28522,7814,0,0,0,0.0,closed,False,False
28521,11,0,1,0,0.0,closed,True,True
28520,33,49,0,2,1.0,closed,True,True
28519,35,0,0,0,0.0,closed,False,False
28516,16,12,9,4,1.0,closed,False,False
28514,552,0,3,0,0.0,closed,False,False
28513,2917,109,0,0,0.0,closed,False,False
28512,4,1,0,0,0.0,closed,False,False
28511,1,1,0,0,0.0,closed,True,True
28509,38577,47033,0,0,0.0,closed,False,False
28508,8,109,1,0,0.0,closed,False,False
28507,4,5,0,0,0.0,closed,True,True
28506,20,0,1,0,0.0,closed,True,True
28505,15,15,0,0,0.0,closed,True,True
28504,92,99,6,8,0.7272727272727273,closed,True,True
28501,173,79,0,4,2.0,closed,True,True
28494,14,0,0,2,0.6666666666666666,closed,True,True
28492,0,0,0,0,0.0,closed,False,False
28491,3,0,1,0,0.0,closed,True,True
28488,46,12,6,0,0.0,closed,True,True
28487,1,1,2,0,0.0,closed,False,False
28486,8096,0,0,0,0.0,closed,False,False
28484,6,5,2,1,0.5,closed,True,True
28483,28,10,3,0,0.0,closed,True,True
28482,44,2,0,0,0.0,closed,True,True
28480,67446,5646,1,0,0.0,closed,False,False
28479,2,2,1,0,0.0,closed,True,True
28475,1,0,0,0,0.0,closed,True,True
28474,2,0,0,0,0.0,closed,True,True
28473,83,34,0,4,1.0,closed,True,True
28471,377,43,11,16,8.0,open,False,False
28470,82,26,7,14,1.75,closed,True,True
28469,5,1,1,3,1.0,closed,True,True
28468,18,9,3,4,0.6666666666666666,closed,True,True
28467,704,996,0,1,0.0625,closed,True,True
28463,19,9,2,1,0.2,closed,True,True
28462,6,0,1,0,0.0,closed,True,True
28461,15,11,0,12,1.7142857142857142,closed,True,True
28460,125,9,5,2,0.2857142857142857,closed,True,True
28459,5,4,1,2,2.0,closed,True,True
28458,78,0,0,0,0.0,closed,False,False
28456,3,3,2,0,0.0,closed,True,True
28455,10,0,0,0,0.0,closed,False,False
28453,4,7,0,0,0.0,closed,True,True
28451,17,24,1,0,0.0,closed,True,True
28448,0,0,1,0,0,closed,False,False
28446,20,22,0,3,3.0,closed,True,True
28445,85,8,1,2,1.0,closed,False,False
28444,9,2,0,0,0.0,closed,True,True
28443,6,0,2,4,4.0,closed,True,True
28442,41,0,2,3,0.23076923076923078,closed,False,False
28440,37,31,8,13,6.5,closed,False,False
28438,183,9,3,2,0.5,closed,False,False
28437,7724,0,0,0,0.0,closed,False,False
28436,18032,19264,2,0,0.0,closed,False,False
28435,47,0,9,7,0.875,closed,True,True
28432,28,17,3,0,0.0,closed,False,False
28430,44,6,0,0,0.0,closed,False,False
28429,495,172,2,1,0.07142857142857142,closed,False,False
28428,295,150,0,4,0.3076923076923077,closed,True,True
28427,33,142,1,0,0.0,closed,False,False
28426,93,42,0,9,3.0,closed,True,True
28425,802,0,2,0,0.0,closed,False,False
28424,88,18,4,0,0.0,closed,False,False
28423,3929,101,0,0,0.0,closed,False,False
28422,18,0,0,0,0.0,closed,False,False
28421,17,1,3,0,0.0,closed,True,True
28420,1,1,0,0,0.0,closed,False,False
28419,759,9,0,0,0.0,closed,False,False
28418,28,0,0,0,0.0,closed,False,False
28417,7,4,0,0,0.0,closed,True,True
28416,8,0,1,0,0.0,closed,True,True
28415,2,2,2,0,0.0,closed,False,False
28413,161,0,0,0,0.0,closed,False,False
28412,3,0,0,0,0.0,closed,True,True
28411,312,290,1,4,0.6666666666666666,closed,False,False
28410,39,7,3,0,0.0,closed,False,False
28407,15,3,0,7,2.3333333333333335,closed,True,True
28406,72,45,1,0,0.0,closed,True,True
28405,130,20,3,0,0.0,closed,False,False
28401,39,12,5,0,0.0,closed,False,False
28400,2,6,0,0,0.0,closed,True,True
28399,1,1,1,0,0.0,closed,False,False
28398,15,7,2,2,1.0,closed,True,True
28397,420,138,6,1,0.16666666666666666,closed,True,True
28393,3,2,0,0,0.0,closed,True,True
28389,200,98,25,5,0.8333333333333334,closed,True,True
28388,27,1,1,0,0.0,closed,False,False
28387,26,1,1,0,0.0,closed,True,True
28386,25,4,4,6,0.46153846153846156,closed,True,True
28383,4172,8270,6,1,0.14285714285714285,closed,True,True
28382,90,16,4,0,0.0,closed,True,True
28381,75,58,1,1,1.0,closed,True,True
28379,16,10,0,2,1.0,closed,True,True
28378,19,148,5,0,0.0,closed,False,False
28376,13,17,0,0,0.0,closed,True,True
28373,445,149,11,1,0.07142857142857142,closed,True,True
28372,7,8,1,0,0.0,closed,False,False
28371,1,1,2,0,0.0,closed,True,True
28370,6,7,0,0,0.0,closed,False,False
28368,8,7,0,0,0.0,closed,True,True
28366,1,0,2,0,0.0,closed,False,False
28364,1,1,0,0,0.0,closed,True,True
28362,1,1,0,0,0.0,closed,True,True
28361,31,4,2,5,1.0,closed,True,True
28360,81,2,0,0,0.0,closed,False,False
28359,25,1,2,6,1.5,closed,True,True
28358,22,2,3,5,2.5,closed,True,True
28357,72,70,1,0,0.0,closed,True,True
28356,4,2,0,5,5.0,closed,True,True
28354,4,13,1,2,2.0,closed,False,False
28353,33,31,4,0,0.0,closed,False,False
28352,641,562,3,0,0.0,closed,True,True
28351,33,31,0,0,0.0,closed,False,False
28350,119,118,0,6,3.0,closed,True,True
28349,2,0,0,0,0.0,closed,True,True
28348,2,2,0,0,0.0,closed,True,True
28342,1,1,0,0,0.0,closed,True,True
28341,2,2,1,0,0.0,closed,True,True
28340,22738,2083,5,0,0.0,closed,True,True
28337,18,10,9,1,0.25,closed,True,True
28336,53,30,0,0,0.0,closed,True,True
28335,26,98,4,0,0.0,closed,True,True
28334,4,5,0,0,0.0,closed,True,True
28333,13,10,0,0,0.0,closed,True,True
28332,43,27,0,0,0.0,closed,True,True
28331,13,10,2,0,0.0,closed,False,False
28330,21,0,2,0,0.0,closed,False,False
28329,43,46,0,0,0.0,closed,True,True
28328,82,16,10,7,0.7777777777777778,closed,True,True
28327,312,11,6,37,4.625,closed,True,True
28326,4,1,1,0,0.0,closed,False,False
28325,132,0,5,0,0.0,closed,False,False
28324,106,38,0,3,0.6,closed,True,True
28323,1,1,1,1,0.5,closed,True,True
28322,2,2,0,0,0.0,closed,True,True
28318,9,9,2,0,0.0,closed,False,False
28316,54,16,3,0,0.0,closed,False,False
28315,36,16,2,0,0.0,closed,False,False
28313,58,92,0,4,1.0,closed,True,True
28311,47,168,1,5,2.5,closed,True,True
28309,29,5,3,0,0.0,closed,False,False
28308,55,0,0,0,0.0,closed,False,False
28306,128,40,4,2,2.0,closed,True,True
28305,32,0,5,0,0.0,closed,False,False
28304,117,37,0,5,2.5,closed,True,True
28302,5,5,0,0,0.0,closed,True,True
28300,2,2,0,0,0.0,closed,True,True
28297,382,300,4,5,5.0,closed,False,False
28296,2,2,2,4,4.0,closed,False,False
28295,4,5,0,0,0.0,closed,True,True
28291,29,206,2,6,2.0,closed,True,True
28290,3,4,1,0,0.0,closed,False,False
28289,4,14,3,0,0.0,closed,True,True
28287,74,67,0,5,1.6666666666666667,closed,True,True
28286,3,3,0,0,0.0,closed,True,True
28284,192,28,0,0,0.0,closed,False,False
28283,20,15,0,1,0.25,closed,True,True
28280,3,4,0,0,0.0,closed,True,True
28279,38,0,0,0,0.0,open,False,False
28276,794,406,0,0,0.0,closed,False,False
28271,19,9,1,0,0.0,closed,True,True
28270,1120,54,1,30,3.0,closed,True,True
28269,151,120,1,0,0.0,closed,False,False
28268,54,16,0,0,0.0,closed,False,False
28264,1,1,0,0,0.0,closed,True,True
28261,531,65,2,17,3.4,closed,True,True
28258,2,2,0,0,0.0,closed,True,True
28257,2,0,2,1,1.0,closed,False,False
28256,154,34,6,10,0.9090909090909091,closed,True,True
28255,37,37,0,1,0.14285714285714285,closed,True,True
28254,3,1,0,0,0.0,closed,True,True
28252,34,3,0,2,2.0,closed,True,True
28250,13,8,1,1,0.3333333333333333,closed,True,True
28249,3,2,0,0,0.0,closed,True,True
28246,58,13,6,3,1.0,closed,True,True
28245,1,1,0,0,0.0,closed,True,True
28243,145,73,0,7,1.0,closed,True,True
28241,931,108,2,4,0.3076923076923077,closed,False,False
28239,401,683,0,0,0.0,closed,True,True
28238,31,31,0,0,0.0,closed,True,True
28235,56,0,0,0,0.0,closed,False,False
28233,241,232,3,21,5.25,closed,True,True
28231,289,27,0,0,0.0,closed,False,False
28230,128,48,3,19,1.7272727272727273,closed,True,True
28228,0,3,2,0,0.0,closed,True,True
28227,4,3,1,0,0.0,closed,True,True
28226,10,9,0,7,3.5,closed,True,True
28225,123,82,1,0,0.0,closed,False,False
28224,11,7,0,0,0.0,closed,True,True
28221,6,2,0,1,0.5,closed,True,True
28220,40,5,6,2,0.25,closed,True,True
28218,25,25,0,0,0.0,closed,True,True
28217,24,2,2,0,0.0,closed,False,False
28215,409,10,4,12,1.0,closed,False,False
28213,9,9,0,0,0.0,closed,True,True
28212,3,8,0,0,0.0,closed,True,True
28211,17,0,3,0,0.0,closed,False,False
28209,126,89,4,0,0.0,closed,True,True
28208,5,5,0,0,0.0,closed,True,True
28207,11,3,2,0,0.0,closed,True,True
28206,4,3,1,0,0.0,closed,False,False
28205,15,15,0,0,0.0,closed,True,True
28204,1,1,4,0,0.0,closed,False,False
28202,667,2514,7,44,1.375,closed,True,True
28201,10,12,0,2,1.0,closed,True,True
28200,1,1,7,0,0.0,closed,False,False
28199,2,0,0,0,0.0,closed,True,True
28198,82,7,0,0,0.0,closed,True,True
28197,77630,51114,0,0,0.0,closed,False,False
28196,1,1,0,0,0.0,closed,True,True
28195,114,89,0,0,0.0,closed,True,True
28194,5,6,1,0,0.0,closed,False,False
28193,10,0,0,1,1.0,closed,True,True
28192,1,1,0,0,0.0,closed,True,True
28191,2,4,8,0,0.0,closed,True,True
28190,3,2,0,0,0.0,closed,True,True
28189,38,42,1,0,0.0,closed,False,False
28187,932,1771,57,83,1.509090909090909,closed,True,True
28186,30,0,5,0,0.0,closed,False,False
28185,4,1,0,0,0.0,closed,False,False
28184,4,1,3,0,0.0,closed,True,True
28183,5,2,2,0,0.0,closed,True,True
28180,56,1,2,2,0.6666666666666666,closed,True,True
28179,9,0,0,0,0.0,closed,True,True
28178,4,0,0,0,0.0,closed,True,True
28177,10,5,0,0,0.0,closed,True,True
28171,244,148,1,16,1.4545454545454546,closed,True,True
28170,220,0,0,0,0.0,closed,False,False
28167,252,185,1,0,0.0,closed,True,True
28166,1,1,3,0,0.0,closed,True,True
28165,7,3,1,0,0.0,closed,True,True
28164,0,1,1,0,0.0,closed,True,True
28163,238,40,0,18,2.5714285714285716,closed,True,True
28162,21,12,1,0,0.0,closed,False,False
28161,43,3,0,8,2.0,open,False,False
28160,4,1,0,0,0.0,closed,True,True
28159,2,2,0,0,0.0,closed,True,True
28158,8,8,2,0,0.0,closed,False,False
28157,2,2,2,0,0.0,closed,True,True
28155,9,0,0,0,0.0,closed,True,True
28153,541,240,5,0,0.0,closed,False,False
28152,8,0,0,0,0.0,closed,False,False
28150,15,2,0,0,0.0,closed,True,True
28149,12,0,0,0,0.0,closed,False,False
28148,9,10,8,1,0.05263157894736842,closed,True,True
28147,2,133,3,0,0.0,closed,True,True
28146,1,1,0,0,0.0,closed,True,True
28145,6,0,1,0,0.0,closed,True,True
28142,47208,5624,0,0,0.0,closed,False,False
28141,236,22,5,5,0.7142857142857143,open,False,False
28140,1,1,0,1,0.5,closed,True,True
28139,40,21,0,0,0.0,closed,True,True
28138,25,3,4,0,0.0,closed,False,False
28135,5,5,0,4,4.0,closed,True,True
28133,1,1,0,0,0.0,closed,True,True
28130,2,2,0,0,0.0,closed,True,True
28129,1,1,1,0,0.0,closed,True,True
28127,3,3,0,0,0.0,closed,True,True
28126,26,11,0,0,0.0,closed,True,True
28124,63,43,1,5,2.5,closed,True,True
28123,2,1,2,0,0.0,closed,False,False
28122,2,2,0,0,0.0,closed,True,True
28119,41,1,0,4,4.0,closed,True,True
28118,24,0,0,0,0.0,closed,True,True
28117,30,0,0,0,0.0,closed,True,True
28116,2,2,1,0,0.0,closed,False,False
28115,80,7,2,0,0.0,closed,False,False
28114,3,3,1,0,0.0,closed,True,True
28113,15,15,1,0,0.0,closed,True,True
28109,295,270,3,4,1.0,closed,True,True
28108,3,0,0,0,0.0,closed,True,True
28107,33,45,1,0,0.0,closed,True,True
28106,2,17,0,0,0.0,closed,True,True
28104,11,2,0,0,0.0,closed,True,True
28103,76,15,3,6,3.0,closed,True,True
28102,4,4,0,0,0.0,closed,True,True
28101,114,71,1,0,0.0,closed,False,False
28100,13,57,1,0,0.0,closed,False,False
28098,78,42,0,12,1.7142857142857142,closed,True,True
28097,24,18,1,4,0.5714285714285714,closed,True,True
28096,2,0,1,0,0.0,closed,False,False
28095,26,16,0,2,0.6666666666666666,closed,True,True
28094,226,45,2,3,3.0,closed,False,False
28090,19,114,0,0,0.0,closed,True,True
28089,52,16,12,19,1.9,closed,False,False
28087,2,2,2,3,1.0,closed,True,True
28086,1,1,1,0,0.0,closed,True,True
28085,1,2,0,1,0.3333333333333333,closed,True,True
28084,253,1,3,0,0.0,closed,True,True
28082,5,2,0,0,0.0,closed,True,True
28081,3,3,0,0,0.0,closed,True,True
28080,1,1,1,0,0.0,closed,True,True
28078,2,2,9,0,0.0,closed,True,True
28076,11,0,9,9,3.0,open,False,False
28071,919,555,1,22,11.0,closed,False,False
28070,59,42,4,0,0.0,closed,True,True
28069,99,5,1,6,0.8571428571428571,closed,True,True
28068,15,0,2,1,0.5,closed,True,True
28067,19,3,1,0,0.0,closed,True,True
28066,27,14,0,0,0.0,closed,True,True
28065,19,3,2,0,0.0,closed,True,True
28062,20,26,2,0,0.0,closed,True,True
28056,32,0,1,0,0.0,closed,False,False
28053,3,4,0,0,0.0,closed,True,True
28043,328,233,0,1,1.0,closed,False,False
28037,404,123,0,0,0.0,closed,True,True
28035,1035,2032,4,28,1.0769230769230769,closed,True,True
28034,15,18,6,6,1.5,closed,True,True
28031,81,125,4,0,0.0,closed,False,False
28030,88,129,2,5,1.0,closed,True,True
28029,8,1,4,0,0.0,closed,True,True
28028,1,1,0,6,6.0,closed,False,False
28027,1,1,0,0,0.0,closed,True,True
28026,21,18,2,3,0.5,closed,True,True
28025,57,98,1,2,1.0,closed,False,False
28023,12,2,0,0,0.0,closed,True,True
28021,8,5,1,0,0.0,closed,False,False
28019,468,210,0,0,0.0,closed,False,False
28016,1,1,1,0,0.0,closed,True,True
28014,4,4,3,0,0.0,closed,True,True
28013,1,5,3,0,0.0,closed,False,False
28011,223,0,1,1,0.5,closed,False,False
28010,1,0,0,2,2.0,closed,True,True
28009,11,6,5,0,0.0,closed,False,False
28007,139,12,1,6,3.0,closed,True,True
28006,9,4,0,0,0.0,closed,True,True
28005,6,2,0,0,0.0,closed,True,True
28004,10,8,1,0,0.0,closed,False,False
28002,8,7,1,2,0.5,closed,False,False
28001,2,0,1,0,0.0,closed,True,True
28000,1,1,0,0,0.0,closed,True,True
27998,85,4,0,0,0.0,closed,False,False
27995,1,1,0,0,0.0,closed,True,True
27994,13,17,0,0,0.0,closed,True,True
27993,42,14,1,0,0.0,closed,True,True
27992,53,21,2,66,8.25,closed,True,True
27991,2,14,0,0,0.0,closed,True,True
27989,6,6,0,1,1.0,closed,True,True
27988,1,1,0,1,1.0,closed,False,False
27987,22,2,1,0,0.0,closed,True,True
27986,40,41,2,0,0.0,closed,True,True
27985,23,1,0,0,0.0,closed,False,False
27979,9,4,2,0,0.0,closed,True,True
27978,3,1,2,0,0.0,closed,True,True
27977,2,2,7,9,9.0,closed,True,True
27976,58,53,3,5,0.625,closed,True,True
27975,4,4,1,0,0.0,closed,True,True
27974,15,14,0,0,0.0,closed,True,True
27972,11,15,0,0,0.0,closed,True,True
27971,65,27,0,0,0.0,closed,True,True
27970,3,1,0,0,0.0,closed,True,True
27969,24,39,1,0,0.0,closed,False,False
27968,7,6,0,5,2.5,closed,True,True
27967,4,4,0,0,0.0,closed,True,True
27966,6,3,2,0,0.0,closed,False,False
27965,224,198,1,0,0.0,closed,False,False
27964,24,14,4,2,1.0,closed,False,False
27963,126,42,2,5,0.5555555555555556,closed,True,True
27961,1,1,0,0,0.0,closed,True,True
27958,29,28,1,0,0.0,closed,True,True
27956,4,0,0,0,0.0,closed,True,True
27955,182,29,6,4,0.5714285714285714,closed,True,True
27950,138,28,2,8,1.6,closed,False,False
27945,1,1,0,5,2.5,closed,True,True
27944,1,2,5,0,0.0,closed,True,True
27941,12,8,3,0,0.0,closed,False,False
27940,4,0,0,2,0.6666666666666666,closed,True,True
27939,7,7,0,0,0.0,closed,True,True
27933,2,2,0,0,0.0,closed,True,True
27932,32,0,0,0,0.0,closed,True,True
27930,1,1,0,0,0.0,closed,True,True
27929,3404,56,1,4,0.21052631578947367,closed,False,False
27928,63,25,1,0,0.0,closed,True,True
27927,20,5,2,0,0.0,closed,False,False
27925,34,16,2,2,0.3333333333333333,closed,False,False
27924,12,2,4,0,0.0,closed,True,True
27921,6,6,1,0,0.0,closed,True,True
27920,18,8,2,7,3.5,closed,False,False
27919,683,4,0,0,0.0,closed,False,False
27918,140,424,2,0,0.0,closed,False,False
27917,1,1,0,2,2.0,closed,True,True
27915,31,31,1,0,0.0,closed,True,True
27914,105,123,4,0,0.0,closed,False,False
27910,3,0,0,0,0.0,closed,True,True
27909,144,113,0,3,0.5,closed,True,True
27908,3,2,1,0,0.0,closed,False,False
27907,28,17,3,6,0.75,closed,True,True
27905,10,1,0,0,0.0,closed,True,True
27904,7,9,1,6,2.0,closed,True,True
27903,6,1,0,0,0.0,closed,True,True
27901,8,8,1,0,0.0,closed,True,True
27899,3,3,0,0,0.0,closed,True,True
27898,21,4,0,6,3.0,closed,True,True
27895,76,16,0,0,0.0,closed,True,True
27892,247,196,1,4,0.5,closed,True,True
27891,25,26,0,0,0.0,closed,True,True
27890,3,3,1,0,0.0,closed,True,True
27887,13,2,0,0,0.0,closed,True,True
27886,10,1,3,2,0.4,closed,True,True
27882,11,0,0,1,0.3333333333333333,closed,True,True
27880,15,6,1,4,2.0,closed,True,True
27878,1,1,1,0,0.0,closed,True,True
27877,0,2,1,0,0.0,closed,False,False
27876,3,0,2,2,1.0,closed,True,True
27875,115,73,2,4,0.5,closed,True,True
27874,51,49,0,0,0.0,closed,True,True
27873,4,1,5,1,0.25,closed,True,True
27872,299,124,4,3,0.2,closed,True,True
27869,12,9,0,0,0.0,closed,True,True
27868,56,12,0,3,1.0,closed,True,True
27867,24189,681585,2,0,0.0,closed,False,False
27863,103336,2,0,0,0.0,closed,False,False
27862,0,0,0,0,0,closed,False,False
27861,3,3,0,0,0.0,closed,True,True
27860,2,14,0,0,0.0,closed,True,True
27859,10,1,1,1,0.5,closed,False,False
27858,3,3,0,0,0.0,closed,True,True
27857,9,9,0,0,0.0,closed,True,True
27856,18,18,0,0,0.0,closed,True,True
27853,3,1,0,0,0.0,closed,True,True
27849,436,187,0,21,1.5,closed,True,True
27848,1,1,1,0,0.0,closed,True,True
27847,14,0,1,14,2.0,closed,True,True
27845,39,9,1,5,0.8333333333333334,closed,True,True
27844,63,41,0,0,0.0,closed,True,True
27843,4135,55,1,6,0.23076923076923078,closed,False,False
27842,4,0,1,0,0.0,closed,True,True
27841,626,373,2,11,0.5,closed,True,True
27840,102,2,5,10,1.0,open,False,False
27838,76,23,5,4,0.5714285714285714,closed,True,True
27836,22,10,5,0,0.0,closed,True,True
27835,15,15,0,0,0.0,closed,True,True
27834,46,9,3,9,0.5625,closed,True,True
27833,3,0,3,6,6.0,closed,False,False
27830,84,12,0,0,0.0,closed,False,False
27829,7,13,5,0,0.0,closed,False,False
27828,32,28,0,0,0.0,closed,True,True
27827,6,0,1,0,0.0,closed,False,False
27825,23,23,0,0,0.0,closed,True,True
27822,3,2,2,0,0.0,closed,True,True
27821,2,0,2,0,0.0,closed,True,True
27820,39,1,1,0,0.0,closed,False,False
27819,97,0,1,7,3.5,closed,False,False
27818,956,647,4,2,0.1,closed,True,True
27816,10,8,0,0,0.0,closed,True,True
27815,60,57,0,2,2.0,closed,True,True
27814,2,3,0,2,0.6666666666666666,closed,True,True
27803,1,2,0,0,0.0,closed,True,True
27801,85,8,2,8,1.1428571428571428,closed,True,True
27799,6,18,0,43,21.5,closed,True,True
27798,24,32,3,4,4.0,closed,False,False
27797,0,4,3,1,0.3333333333333333,closed,True,True
27796,219,72,1,0,0.0,closed,True,True
27793,10,8,0,0,0.0,closed,True,True
27792,16,16,0,0,0.0,closed,False,False
27791,16,16,0,0,0.0,closed,True,True
27790,5,3,0,0,0.0,closed,True,True
27789,224,225,1,0,0.0,closed,True,True
27787,1,0,1,0,0.0,closed,True,True
27781,139,0,3,0,0.0,closed,False,False
27780,17,0,0,0,0.0,closed,False,False
27772,10,2,0,4,2.0,closed,True,True
27770,14,10,3,1,0.5,closed,True,True
27768,7,0,6,0,0.0,closed,False,False
27767,8,0,0,0,0.0,closed,True,True
27766,1247,0,2,174,9.157894736842104,closed,True,True
27764,5,6,0,0,0.0,closed,True,True
27763,15,19,0,5,1.25,closed,True,True
27762,4,4,0,0,0.0,closed,True,True
27756,12,12,0,0,0.0,closed,True,True
27755,15,15,0,0,0.0,closed,True,True
27754,1,0,0,0,0.0,closed,True,True
27753,113,111,1,2,0.6666666666666666,closed,True,True
27752,2,2,0,0,0.0,closed,True,True
27745,999,35,2,3,3.0,closed,False,False
27744,961,58,0,8,1.0,closed,True,True
27743,69,14,0,2,0.5,closed,True,True
27742,4,4,0,0,0.0,closed,True,True
27741,28,28,0,0,0.0,closed,True,True
27740,1740,104,0,0,0.0,closed,False,False
27737,55,10896,1,0,0.0,closed,True,True
27736,146,38,2,2,1.0,closed,True,True
27735,14,0,0,0,0.0,closed,False,False
27734,1,1,1,0,0.0,closed,False,False
27733,26,17,0,0,0.0,closed,True,True
27732,14,20,1,1,1.0,closed,False,False
27729,3,6,0,0,0.0,closed,True,True
27726,1,1,5,0,0.0,closed,False,False
27724,1,1,1,0,0.0,closed,True,True
27723,1,1,0,0,0.0,closed,True,True
27722,15,15,0,0,0.0,closed,True,True
27721,268,185,19,2,0.13333333333333333,closed,True,True
27720,2427,148,11,51,0.3893129770992366,closed,True,True
27718,6,8,1,1,1.0,closed,False,False
27717,0,19,0,0,0.0,closed,True,True
27716,44,45,2,6,0.8571428571428571,closed,True,True
27713,10,10,0,0,0.0,closed,True,True
27712,1,1,0,0,0.0,closed,True,True
27710,65,57,8,21,21.0,closed,True,True
27708,15,15,0,0,0.0,closed,True,True
27706,7,5,0,0,0.0,closed,True,True
27705,1,0,0,5,1.25,closed,True,True
27704,4,0,1,2,0.6666666666666666,closed,True,True
27703,3,3,0,0,0.0,closed,True,True
27702,163,19,5,14,0.9333333333333333,closed,True,True
27701,7,1,0,1,0.5,closed,True,True
27700,196,39,2,0,0.0,closed,False,False
27698,12,1,0,0,0.0,closed,True,True
27696,1000,32,6,0,0.0,closed,False,False
27695,4,0,0,0,0.0,closed,True,True
27694,1200,254,3,0,0.0,closed,False,False
27691,67,39,2,2,1.0,closed,True,True
27687,86,23,0,0,0.0,closed,True,True
27686,2,2,5,0,0.0,closed,False,False
27683,1,0,2,0,0.0,closed,False,False
27682,1,0,2,0,0.0,closed,False,False
27681,1,0,2,0,0.0,closed,False,False
27680,280,4,4,0,0.0,closed,False,False
27679,19,3,6,0,0.0,closed,True,True
27677,42,19,1,0,0.0,closed,False,False
27676,42,19,1,0,0.0,closed,False,False
27671,4,3,0,0,0.0,closed,False,False
27669,5,3,2,0,0.0,closed,True,True
27665,58,14,4,17,2.4285714285714284,closed,True,True
27664,0,5,0,0,0.0,closed,True,True
27663,23,3,0,0,0.0,closed,True,True
27662,9,122,1,0,0.0,closed,True,True
27660,3,0,1,0,0.0,closed,True,True
27655,1,0,1,0,0.0,closed,False,False
27654,1,0,0,0,0.0,closed,False,False
27653,13,8,7,0,0.0,closed,False,False
27651,1,0,0,0,0.0,closed,False,False
27650,1,0,2,0,0.0,closed,False,False
27649,1,0,2,0,0.0,closed,False,False
27648,1,0,2,0,0.0,closed,False,False
27644,1,0,2,0,0.0,closed,False,False
27643,42,129,1,0,0.0,closed,True,True
27641,7,0,1,0,0.0,closed,False,False
27638,1,0,1,0,0.0,closed,False,False
27637,1,0,1,0,0.0,closed,False,False
27636,13,3,1,0,0.0,closed,False,False
27635,10,6,0,0,0.0,closed,True,True
27633,1,1,1,0,0.0,closed,False,False
27631,0,0,1,0,0.0,closed,False,False
27629,2082,871,7,155,1.3716814159292035,closed,False,False
27623,7,0,7,5,1.6666666666666667,closed,False,False
27621,277,51,5,13,0.9285714285714286,closed,True,True
27620,1,1,0,0,0.0,closed,True,True
27619,10,12,2,0,0.0,closed,False,False
27618,10,1,0,7,1.75,closed,True,True
27617,47,5,1,2,0.6666666666666666,closed,False,False
27616,41,0,5,0,0.0,closed,False,False
27615,1,1,0,0,0.0,closed,True,True
27614,95,30,2,1,0.1111111111111111,closed,False,False
27613,6,12,0,0,0.0,closed,True,True
27612,15,52,1,5,1.6666666666666667,closed,True,True
27611,1,0,1,0,0.0,closed,False,False
27610,1,0,1,0,0.0,closed,False,False
27609,1,0,1,0,0.0,closed,False,False
27608,1,0,1,0,0.0,closed,False,False
27605,1,0,1,0,0.0,closed,False,False
27604,1,0,2,0,0.0,closed,False,False
27602,1,0,1,0,0.0,closed,False,False
27601,1,0,2,0,0.0,closed,False,False
27600,1,0,2,0,0.0,closed,False,False
27599,1,0,1,0,0.0,closed,False,False
27597,6,3,1,0,0.0,closed,False,False
27594,1,0,1,0,0.0,closed,False,False
27593,1,0,1,0,0.0,closed,False,False
27592,1,0,1,0,0.0,closed,False,False
27590,1,0,1,0,0.0,closed,False,False
27589,1,0,1,0,0.0,closed,False,False
27588,1,0,1,0,0.0,closed,False,False
27587,1,0,1,0,0.0,closed,False,False
27586,1,0,1,0,0.0,closed,False,False
27577,1,0,1,0,0.0,closed,False,False
27576,1,0,1,0,0.0,closed,False,False
27575,1,0,1,0,0.0,closed,False,False
27574,1,0,1,0,0.0,closed,False,False
27563,1,0,2,0,0.0,closed,False,False
27561,1,1,0,0,0.0,closed,True,True
27560,151,0,1,0,0.0,closed,False,False
27559,14,0,0,0,0.0,closed,True,True
27555,5,0,2,1,0.5,closed,False,False
27554,1,3,6,0,0.0,closed,False,False
27552,2591,32,1,0,0.0,closed,False,False
27550,4,1,0,0,0.0,closed,True,True
27549,1,1,0,0,0.0,closed,True,True
27548,3,3,2,1,0.3333333333333333,closed,False,False
27545,7,0,4,0,0.0,closed,False,False
27544,78,59,3,1,0.5,closed,True,True
27543,14,15,0,0,0.0,closed,True,True
27541,156,6,0,4,4.0,open,False,False
27540,113,0,2,23,1.5333333333333334,closed,False,False
27538,2,0,0,5,1.0,closed,True,True
27537,1,1,0,0,0.0,closed,False,False
27536,211,3,4,3,1.5,closed,False,False
27535,179,5,0,0,0.0,closed,False,False
27534,6,15,0,0,0.0,closed,False,False
27532,3,3,0,0,0.0,closed,True,True
27531,20,2,1,0,0.0,closed,False,False
27530,3,1,0,0,0.0,closed,True,True
27527,159,9,3,7,0.5384615384615384,closed,True,True
27525,59,186,3,0,0.0,closed,True,True
27523,11,4,0,2,1.0,closed,True,True
27522,1,1,2,0,0.0,closed,True,True
27521,3,0,0,0,0.0,closed,True,True
27518,99,70,0,7,0.875,closed,True,True
27515,5,0,6,0,0.0,closed,False,False
27514,8,8,1,0,0.0,closed,False,False
27513,321,8,0,0,0.0,closed,False,False
27512,87,91,0,0,0.0,closed,True,True
27511,281,22,1,6,6.0,closed,False,False
27510,14,16,0,0,0.0,closed,True,True
27508,56,3,1,0,0.0,open,False,False
27506,7,2,5,0,0.0,closed,True,True
27505,21,11,2,0,0.0,closed,True,True
27504,916331,268622,3,0,0.0,closed,False,False
27503,1,1,0,0,0.0,closed,True,True
27502,9,1,6,0,0.0,closed,False,False
27501,6,6,0,0,0.0,closed,True,True
27500,7,7,1,0,0.0,closed,True,True
27498,156,16,3,0,0.0,closed,False,False
27496,52,67,0,0,0.0,closed,True,True
27495,4,4,1,0,0.0,closed,False,False
27494,26,34,0,4,1.0,closed,True,True
27493,18,34,0,0,0.0,closed,True,True
27492,22,56,0,0,0.0,closed,True,True
27491,2,1,0,0,0.0,closed,True,True
27490,61,104,0,0,0.0,closed,True,True
27489,39,94,0,3,0.5,closed,True,True
27488,9,11,0,0,0.0,closed,True,True
27487,10,10,0,0,0.0,closed,True,True
27486,5,9,1,0,0.0,closed,True,True
27485,11,11,0,0,0.0,closed,True,True
27484,2,2,0,0,0.0,closed,True,True
27481,7,3,4,0,0.0,closed,True,True
27480,10,5,1,0,0.0,closed,False,False
27479,8,0,1,0,0.0,closed,True,True
27478,2,2,0,0,0.0,closed,True,True
27477,1,1,7,0,0.0,closed,True,True
27476,13,0,1,0,0.0,closed,True,True
27475,2,3,0,1,1.0,closed,True,True
27474,292,446,3,3,0.075,closed,False,False
27473,3225,126,0,0,0.0,closed,False,False
27472,21,2,0,0,0.0,closed,True,True
27471,1,1,3,0,0.0,closed,True,True
27470,7,8,0,0,0.0,closed,True,True
27466,2,2,1,3,1.5,closed,True,True
27465,4,4,1,0,0.0,closed,True,True
27464,69,6,3,14,2.3333333333333335,closed,True,True
27463,2915,2089,1,18,4.5,closed,True,True
27462,39,0,2,0,0.0,closed,False,False
27459,230,38,1,0,0.0,closed,False,False
27458,20,20,1,0,0.0,closed,False,False
27457,2,2,0,0,0.0,closed,True,True
27455,28,14,2,0,0.0,closed,False,False
27452,3,0,1,6,1.2,closed,True,True
27451,20,26,1,0,0.0,closed,False,False
27450,10,29,0,0,0.0,closed,True,True
27449,6,16,0,0,0.0,closed,True,True
27448,90,43,0,0,0.0,closed,False,False
27447,8,62,9,1,0.3333333333333333,closed,True,True
27445,6,1,0,0,0.0,closed,False,False
27444,39,39,2,0,0.0,closed,False,False
27442,1,0,1,0,0.0,closed,False,False
27439,841,33,5,33,0.55,open,False,False
27438,1,10,0,0,0.0,closed,True,True
27436,759,16,0,0,0.0,closed,False,False
27435,2,1,1,0,0.0,closed,False,False
27432,5,2,0,0,0.0,closed,True,True
27430,16,16,0,0,0.0,closed,True,True
27429,336,180,1,3,0.75,closed,True,True
27428,384,151,7,10,2.5,closed,True,True
27412,43,0,0,0,0.0,closed,False,False
27411,1,1,1,0,0.0,closed,False,False
27410,3,3,4,0,0.0,closed,False,False
27409,107,0,0,0,0.0,closed,False,False
27407,67,10,4,1,0.2,closed,False,False
27406,23,1013,0,0,0.0,closed,True,True
27405,2,3,0,0,0.0,closed,True,True
27404,5,3,3,0,0.0,closed,True,True
27402,4,1,1,0,0.0,closed,False,False
27400,0,2,0,0,0.0,closed,True,True
27398,267,130,3,0,0.0,open,False,False
27397,25,7,3,0,0.0,closed,True,True
27396,19,6,1,2,1.0,closed,True,True
27395,2,2,8,0,0.0,closed,False,False
27393,8,13,1,0,0.0,closed,True,True
27392,33,0,0,0,0.0,closed,True,True
27391,37247,4969,0,0,0.0,closed,False,False
27389,43,0,0,0,0.0,closed,False,False
27387,72,85,0,0,0.0,closed,True,True
27384,20,20,1,0,0.0,closed,False,False
27383,0,6,0,0,0.0,closed,True,True
27382,208,65,1,5,5.0,closed,True,True
27381,5,1,2,0,0.0,closed,False,False
27376,69,1,1,4,1.3333333333333333,closed,True,True
27374,7086,9257,1,1,0.007692307692307693,closed,False,False
27373,78,0,0,0,0.0,closed,False,False
27370,0,366,0,0,0.0,closed,False,False
27369,4,4,6,0,0.0,closed,True,True
27367,1,0,0,0,0.0,closed,False,False
27362,29,12,3,0,0.0,closed,False,False
27361,49,1,5,0,0.0,closed,False,False
27360,16,6,1,0,0.0,closed,False,False
27356,199,13,0,19,6.333333333333333,closed,True,True
27355,86,0,1,0,0.0,closed,True,True
27350,2,1,1,0,0.0,closed,True,True
27349,908,228,0,11,2.2,closed,True,True
27347,0,1,7,0,0.0,closed,True,True
27346,93,6,0,0,0.0,closed,False,False
27345,6,0,0,0,0.0,closed,False,False
27340,291,123,1,7,1.1666666666666667,closed,False,False
27339,7,10,0,2,2.0,closed,True,True
27336,18,16,0,0,0.0,closed,True,True
27335,32,28,2,0,0.0,closed,True,True
27334,10,10,0,0,0.0,closed,True,True
27333,20,18,0,0,0.0,closed,True,True
27332,47,41,1,0,0.0,closed,True,True
27331,30,25,1,0,0.0,closed,True,True
27330,32,24,0,0,0.0,closed,True,True
27329,50,38,2,0,0.0,closed,True,True
27328,9,4,2,8,8.0,closed,True,True
27327,543,31,28,120,2.4489795918367347,closed,True,True
27325,408,102,7,3,0.2727272727272727,closed,True,True
27324,5,2,3,0,0.0,closed,False,False
27323,159,189,0,6,3.0,closed,True,True
27322,8,1,3,0,0.0,closed,False,False
27320,60,16,0,4,1.0,closed,True,True
27318,28,30,0,0,0.0,closed,True,True
27317,1,1,1,0,0.0,closed,True,True
27311,6,6,1,0,0.0,closed,False,False
27310,42,23,1,3,1.0,closed,True,True
27309,64,17,5,2,0.2222222222222222,closed,True,True
27305,114,75,4,18,0.9,closed,False,False
27304,103,1,0,0,0.0,closed,True,True
27303,17,0,1,7,2.3333333333333335,closed,True,True
27299,27,27,0,0,0.0,closed,True,True
27297,25,0,3,0,0.0,closed,False,False
27296,58,30,0,0,0.0,closed,True,True
27295,3,6,0,0,0.0,closed,True,True
27294,715,76,4,0,0.0,closed,True,True
27292,836,0,1,4,1.3333333333333333,closed,True,True
27290,90,0,6,2,2.0,closed,False,False
27289,236,37,5,41,2.2777777777777777,closed,False,False
27288,3,14,1,0,0.0,closed,True,True
27287,1,12,1,0,0.0,closed,True,True
27286,95,1,3,0,0.0,closed,False,False
27285,101,118,4,8,1.6,closed,True,True
27284,11,10,1,0,0.0,closed,True,True
27283,27,0,1,0,0.0,closed,False,False
27282,67,62,5,1,0.5,closed,False,False
27281,3,0,1,0,0.0,closed,True,True
27279,31,29,0,0,0.0,closed,True,True
27277,40,1,4,10,1.4285714285714286,closed,True,True
27273,3,5,0,0,0.0,closed,True,True
27272,1,2,0,0,0.0,closed,True,True
27271,10761,27,0,0,0.0,closed,False,False
27270,66,83,1,4,0.6666666666666666,closed,True,True
27268,107,19,1,0,0.0,closed,True,True
27265,321,272,2,0,0.0,closed,False,False
27264,1,0,3,0,0.0,closed,True,True
27263,630,559,3,2,0.2857142857142857,closed,True,True
27257,6,4,0,0,0.0,closed,True,True
27256,138,62,0,0,0.0,closed,True,True
27255,15,1,0,3,1.0,closed,True,True
27253,4837,20,3,4,0.19047619047619047,closed,False,False
27252,19,2,0,4,2.0,closed,True,True
27250,1,9,3,1,0.5,closed,False,False
27249,12,22,0,0,0.0,closed,True,True
27248,5,8,10,0,0.0,closed,False,False
27246,7,0,0,0,0.0,closed,True,True
27245,3,3,1,0,0.0,closed,False,False
27244,4,4,1,0,0.0,closed,False,False
27241,1,1,0,0,0.0,closed,True,True
27240,12,17,1,0,0.0,closed,True,True
27239,10,10,0,0,0.0,closed,True,True
27238,68,10,1,1,0.25,closed,True,True
27236,3,3,0,0,0.0,closed,True,True
27235,2,2,1,0,0.0,closed,False,False
27233,1,1,0,0,0.0,closed,True,True
27232,4,4,0,0,0.0,closed,False,False
27231,3,3,1,0,0.0,closed,False,False
27230,121,113,0,0,0.0,closed,True,True
27229,13,13,0,0,0.0,closed,True,True
27228,1,1,0,2,1.0,closed,True,True
27227,0,0,0,0,0.0,closed,False,False
27226,19,18,1,0,0.0,closed,True,True
27225,20,20,1,0,0.0,closed,False,False
27224,9,0,5,0,0.0,closed,False,False
27223,2,2,1,0,0.0,closed,True,True
27222,4,4,0,2,1.0,closed,True,True
27221,1,1,0,2,2.0,closed,True,True
27219,54,47,10,3,0.375,closed,True,True
27218,86,650,1,0,0.0,closed,True,True
27217,5,2,7,0,0.0,closed,True,True
27215,1,1,1,1,0.5,closed,True,True
27214,9,9,0,0,0.0,closed,True,True
27213,8,2,1,9,3.0,closed,True,True
27211,25,1,1,0,0.0,closed,True,True
27210,10,2,1,0,0.0,closed,True,True
27209,164,142,1,13,1.8571428571428572,closed,True,True
27206,1,1,0,0,0.0,closed,True,True
27202,1,1,0,0,0.0,closed,True,True
27201,0,237,7,0,0.0,closed,False,False
27200,0,237,0,0,0.0,closed,False,False
27199,97,0,3,0,0.0,closed,False,False
27196,19,2,0,0,0.0,closed,True,True
27194,1,1,1,0,0.0,closed,True,True
27193,1,1,0,0,0.0,closed,True,True
27189,50,0,7,20,5.0,closed,True,True
27186,0,6,2,0,0.0,closed,True,True
27184,13,13,2,8,2.0,closed,True,True
27183,19,15,6,3,0.6,closed,True,True
27182,6,5,0,0,0.0,closed,False,False
27178,210,5484,3,3,0.75,closed,True,True
27177,0,143,1,0,0.0,closed,False,False
27176,1049,548,3,37,5.285714285714286,closed,True,True
27174,1358,0,0,0,0.0,closed,False,False
27172,32,31,0,0,0.0,closed,False,False
27171,21,21,0,0,0.0,closed,True,True
27169,9,9,0,2,1.0,closed,True,True
27168,21,25,0,0,0.0,closed,True,True
27166,9,9,0,0,0.0,closed,False,False
27164,21,25,0,0,0.0,closed,False,False
27162,6,0,0,0,0.0,closed,True,True
27161,0,152,2,0,0.0,closed,True,True
27160,133,116,8,0,0.0,closed,True,True
27159,69,55,1,8,2.0,closed,True,True
27156,131,26,5,0,0.0,closed,False,False
27155,8890,39,12,14,1.0,closed,True,True
27154,90,40,1,0,0.0,closed,False,False
27153,47,30,2,0,0.0,closed,False,False
27151,19,19,1,2,1.0,closed,True,True
27150,15,2,1,0,0.0,closed,False,False
27147,65,3271,0,3,0.75,closed,True,True
27146,584186,607754,0,0,0.0,closed,False,False
27141,243,0,2,0,0.0,closed,False,False
27140,584186,607754,0,0,0.0,closed,False,False
27139,0,0,0,0,0.0,closed,False,False
27137,58,62,2,0,0.0,closed,True,True
27136,42,28,0,0,0.0,closed,True,True
27135,320,153,7,25,0.9615384615384616,closed,True,True
27132,63,12,2,0,0.0,closed,False,False
27130,98,196,2,2,0.6666666666666666,closed,True,True
27123,12,0,1,0,0.0,closed,False,False
27121,31,28,0,0,0.0,closed,True,True
27118,1,1,2,1,1.0,closed,False,False
27116,22,6,0,0,0.0,closed,True,True
27114,76,29,5,6,1.0,closed,True,True
27113,20,18,3,0,0.0,closed,True,True
27112,220,58,3,2,0.25,closed,True,True
27111,35904,4790,1,0,0.0,closed,False,False
27108,1,1,1,0,0.0,closed,True,True
27105,389,13,6,0,0.0,closed,False,False
27104,59,18,4,4,1.3333333333333333,closed,False,False
27103,1,1,1,0,0.0,closed,True,True
27100,1,1,1,0,0.0,closed,True,True
27099,6,4,1,0,0.0,closed,True,True
27089,1,1,4,0,0.0,closed,True,True
27087,2,68,0,0,0.0,closed,True,True
27085,4,1,2,0,0.0,closed,False,False
27084,53,33,9,4,0.2222222222222222,closed,True,True
27083,3,3,9,2,0.6666666666666666,closed,True,True
27082,2064,73,1,0,0.0,closed,False,False
27078,2,2,1,0,0.0,closed,True,True
27074,78,2,1,2,0.6666666666666666,closed,True,True
27072,152,5,0,0,0.0,closed,True,True
27071,16,1,0,0,0.0,closed,True,True
27070,2,2,2,0,0.0,closed,True,True
27068,14,14,0,0,0.0,closed,True,True
27063,0,0,1,0,0.0,closed,True,True
27057,262,180,3,2,0.3333333333333333,closed,False,False
27051,15,15,0,0,0.0,closed,True,True
27049,448,115,2,11,2.2,closed,True,True
27048,32,45,0,4,1.0,closed,True,True
27046,18,1,0,0,0.0,closed,True,True
27045,1,1,1,0,0.0,closed,True,True
27043,1024,1024,1,0,0.0,closed,False,False
27041,142,0,9,12,3.0,closed,True,True
27039,31,6,1,0,0.0,closed,True,True
27038,4,19,2,2,2.0,closed,True,True
27033,214,89,1,1,1.0,closed,False,False
27032,2,2,1,2,2.0,closed,True,True
27031,28,22,3,5,0.7142857142857143,closed,True,True
27030,54,54,0,2,0.6666666666666666,closed,True,True
27029,74,74,4,0,0.0,closed,True,True
27027,3,2,0,0,0.0,closed,True,True
27025,74,33,2,6,1.0,closed,True,True
27024,1,1,1,3,1.5,closed,True,True
27023,0,10,0,0,0.0,closed,True,True
27018,8,8,1,0,0.0,closed,False,False
27016,1,1,0,0,0.0,closed,False,False
27015,5,3,4,0,0.0,closed,False,False
27014,17,17,2,0,0.0,closed,True,True
27013,26,26,1,1,0.5,closed,True,True
27012,1,1,0,0,0.0,closed,True,True
27011,22,20,0,8,8.0,closed,True,True
27008,67,2,0,3,1.0,closed,True,True
27007,1,15,1,0,0.0,closed,True,True
27006,61,51,2,4,0.8,closed,True,True
27004,541,428,2,0,0.0,closed,False,False
27002,7,1,5,0,0.0,closed,False,False
27001,20,7,2,3,1.5,closed,True,True
27000,35,21,2,3,0.75,closed,True,True
26999,39,1,9,3,0.3333333333333333,closed,True,True
26998,27,2,1,0,0.0,closed,True,True
26997,460,11,0,0,0.0,closed,False,False
26996,36705,27791,0,0,0.0,closed,False,False
26995,256,229,4,5,1.25,closed,True,True
26993,12,12,0,0,0.0,closed,True,True
26992,5,6,0,0,0.0,closed,True,True
26991,302,3,2,0,0.0,closed,True,True
26990,239,17,0,0,0.0,closed,False,False
26989,246,297,4,0,0.0,closed,False,False
26988,246,297,0,0,0.0,closed,False,False
26986,19509,16117,2,0,0.0,closed,False,False
26985,191,88,3,5,0.5555555555555556,closed,True,True
26980,14,16,0,0,0.0,closed,False,False
26976,16,2,1,0,0.0,closed,True,True
26975,54,55,1,0,0.0,closed,True,True
26973,43,5,0,12,4.0,closed,True,True
26971,2,0,0,0,0.0,closed,False,False
26970,8,0,6,0,0.0,closed,True,True
26969,16,3,1,9,0.5625,closed,True,True
26968,1,1,3,1,1.0,closed,True,True
26967,1,1,4,0,0.0,closed,False,False
26965,211,171,0,9,0.36,closed,True,True
26964,164,39,3,0,0.0,closed,False,False
26963,254,636,3,0,0.0,closed,True,True
26962,27,63,4,0,0.0,closed,False,False
26961,6,2,8,0,0.0,closed,False,False
26960,15,19,0,0,0.0,closed,True,True
26959,2,5,1,0,0.0,closed,True,True
26957,14,14,1,1,0.5,closed,True,True
26955,8,3,0,0,0.0,closed,True,True
26951,5,8,1,2,1.0,closed,True,True
26950,27,9,1,5,1.6666666666666667,closed,True,True
26946,3,0,0,3,0.75,closed,True,True
26940,4665,363,11,54,3.857142857142857,closed,True,True
26938,0,4,0,0,0.0,closed,True,True
26937,108,366,4,2,2.0,closed,False,False
26936,66,2,3,2,2.0,closed,True,True
26935,90,100,0,0,0.0,closed,True,True
26934,47,41,3,3,1.0,closed,True,True
26932,1,1,0,1,0.5,closed,True,True
26930,1,1,0,0,0.0,closed,True,True
26929,0,1,1,0,0.0,closed,False,False
26928,424,160,3,0,0.0,closed,False,False
26926,3,1,2,0,0.0,closed,False,False
26925,14,3,1,0,0.0,closed,False,False
26924,542,3,0,0,0.0,closed,False,False
26922,17,17,0,0,0.0,closed,True,True
26921,0,0,0,0,0.0,closed,False,False
26920,32,2,9,0,0.0,closed,True,True
26919,133,3,9,0,0.0,closed,False,False
26918,23,9,5,0,0.0,closed,True,True
26917,13,0,2,0,0.0,closed,True,True
26914,10,3,1,0,0.0,closed,True,True
26913,39,37,1,4,1.3333333333333333,closed,True,True
26912,1,1,0,3,1.0,closed,True,True
26911,1,1,0,0,0.0,closed,True,True
26910,87,0,3,0,0.0,closed,False,False
26909,41,34,1,0,0.0,closed,True,True
26908,74,112,3,2,1.0,closed,True,True
26907,51,19,7,7,1.1666666666666667,closed,True,True
26898,316,2,9,8,0.47058823529411764,closed,True,True
26896,8,77,1,0,0.0,closed,True,True
26895,0,2,0,0,0.0,closed,True,True
26894,78,81,2,0,0.0,closed,True,True
26887,3844,631,0,0,0.0,closed,False,False
26885,1,1,1,1,0.5,closed,True,True
26883,1,1,0,0,0.0,closed,True,True
26882,11,11,1,0,0.0,closed,True,True
26880,77,3,2,11,2.75,closed,True,True
26879,4,6,0,2,2.0,closed,False,False
26878,9,1,1,0,0.0,closed,True,True
26877,4,1,2,3,1.5,closed,False,False
26874,7239,18,2,6,0.4,closed,False,False
26873,1,1,0,0,0.0,closed,True,True
26872,5,4,2,0,0.0,closed,False,False
26871,54,55,1,5,5.0,closed,True,True
26870,17,44,3,8,2.6666666666666665,closed,True,True
26865,4,4,0,0,0.0,closed,True,True
26864,4,4,0,1,1.0,closed,False,False
26863,1,2,0,2,1.0,closed,True,True
26862,12,0,0,3,0.5,closed,True,True
26859,5709,27,1,0,0.0,closed,False,False
26858,9,1,3,0,0.0,closed,False,False
26857,131,0,0,0,0.0,closed,False,False
26856,13,0,0,0,0.0,closed,True,True
26854,22,22,1,0,0.0,closed,False,False
26852,3,3,0,3,1.5,closed,True,True
26850,1,1,0,0,0.0,closed,True,True
26849,17,8,1,0,0.0,closed,True,True
26848,194,89,6,25,12.5,closed,True,True
26847,11,2,4,0,0.0,closed,False,False
26846,24,24,0,0,0.0,closed,True,True
26844,5,0,0,0,0.0,closed,True,True
26843,114,30,14,29,9.666666666666666,closed,True,True
26841,578,144,0,0,0.0,closed,True,True
26840,1,1,5,0,0.0,closed,True,True
26838,1,1,0,0,0.0,closed,True,True
26835,4,4,2,0,0.0,closed,False,False
26834,4,193,0,0,0.0,closed,True,True
26833,29,46,2,0,0.0,closed,True,True
26831,0,0,1,0,0.0,closed,False,False
26829,45,15,10,4,1.3333333333333333,closed,False,False
26828,4,8,0,0,0.0,closed,True,True
26824,15,15,0,0,0.0,closed,True,True
26822,3,3,0,0,0.0,closed,True,True
26820,628,622,3,0,0.0,closed,False,False
26817,7,3,0,0,0.0,closed,True,True
26815,11,4,5,0,0.0,closed,False,False
26813,152,387,2,23,11.5,closed,True,True
26804,2,10,1,1,1.0,closed,True,True
26803,2,39,0,0,0.0,closed,True,True
26802,1,1,0,0,0.0,closed,True,True
26801,4,4,0,0,0.0,closed,True,True
26799,17,4,3,0,0.0,closed,True,True
26796,312,13,31,19,2.111111111111111,closed,True,True
26795,11,8,0,2,1.0,closed,True,True
26793,24,14,5,5,0.5555555555555556,closed,True,True
26790,2,1,2,14,2.0,closed,True,True
26786,0,0,0,0,0,closed,False,False
26785,14,14,0,0,0.0,closed,False,False
26783,629,395,0,0,0.0,closed,False,False
26782,8270,401,29,156,0.7647058823529411,closed,False,False
26781,0,5,1,0,0.0,closed,False,False
26779,35,35,0,0,0.0,closed,True,True
26778,5,4,1,2,1.0,closed,True,True
26777,462,412,1,2,2.0,closed,True,True
26776,1,1,0,0,0.0,closed,True,True
26773,9,1,2,2,1.0,closed,True,True
26772,1,1,2,1,0.5,closed,False,False
26771,12,0,0,1,0.5,closed,True,True
26770,60,102,2,0,0.0,closed,True,True
26768,2,0,0,0,0.0,closed,False,False
26763,645,645,2,16,16.0,closed,True,True
26758,22,0,0,0,0.0,closed,True,True
26757,90,15,2,2,1.0,closed,True,True
26756,126,9,2,1,0.14285714285714285,closed,True,True
26755,721,37,23,7,0.5384615384615384,closed,False,False
26753,95,1,0,0,0.0,closed,True,True
26752,35461,26973,0,0,0.0,closed,False,False
26748,9,3,0,0,0.0,closed,True,True
26747,12,12,0,0,0.0,closed,True,True
26744,4,2,1,0,0.0,closed,False,False
26739,93,197,4,0,0.0,closed,False,False
26736,11,0,1,0,0.0,closed,True,True
26734,10,3,4,0,0.0,closed,False,False
26732,725,116,1,0,0.0,closed,True,True
26731,45,8,0,1,1.0,closed,True,True
26730,2,0,8,0,0.0,closed,False,False
26729,3,3,0,0,0.0,closed,True,True
26727,1,1,0,4,4.0,closed,False,False
26724,3,3,3,0,0.0,closed,False,False
26723,29,2,1,0,0.0,closed,True,True
26722,16,6,0,0,0.0,closed,True,True
26721,6,6,2,0,0.0,closed,True,True
26719,59,27,3,1,0.25,closed,True,True
26718,202,209,0,4,1.0,closed,True,True
26717,29,0,1,0,0.0,closed,False,False
26716,1,1,0,0,0.0,closed,True,True
26713,214,124,1,4,0.36363636363636365,closed,True,True
26711,87,83,2,0,0.0,closed,False,False
26710,75,75,0,0,0.0,closed,True,True
26709,15,5,1,0,0.0,closed,False,False
26708,3,0,0,0,0.0,closed,False,False
26707,2,0,0,0,0.0,closed,True,True
26705,287,273,3,3,1.0,closed,True,True
26704,14,8,0,0,0.0,closed,True,True
26703,1,1,0,0,0.0,closed,True,True
26701,38,1,1,0,0.0,closed,False,False
26699,26,2,0,0,0.0,closed,True,True
26698,77,33,5,2,0.25,closed,True,True
26697,78,36,0,0,0.0,closed,True,True
26696,3,5,0,3,1.5,closed,True,True
26692,4,1,1,4,1.3333333333333333,closed,True,True
26691,8,1,0,2,0.6666666666666666,closed,True,True
26690,74,48,0,0,0.0,closed,True,True
26689,2,2,1,0,0.0,closed,True,True
26688,21,2,3,0,0.0,closed,False,False
26686,97,283,4,0,0.0,closed,False,False
26685,104,55,0,6,6.0,closed,True,True
26684,2,2,1,0,0.0,closed,True,True
26683,22785,681590,1,0,0.0,closed,False,False
26682,1,1,4,0,0.0,closed,True,True
26681,554,226,9,11,0.34375,closed,True,True
26680,29,16,1,3,0.75,closed,True,True
26678,6,0,2,0,0.0,closed,False,False
26677,8,8,2,0,0.0,closed,True,True
26676,106,42,0,11,11.0,closed,True,True
26675,8,2,3,3,0.75,closed,True,True
26674,45,8,1,2,0.6666666666666666,closed,True,True
26672,3,2,0,0,0.0,closed,False,False
26671,142,82,4,5,5.0,closed,False,False
26670,3,2,4,3,1.5,closed,True,True
26667,159,0,3,0,0.0,closed,True,True
26665,116,725,4,6,3.0,closed,True,True
26664,3,3,1,1,0.3333333333333333,closed,True,True
26662,15,12,0,1,0.5,closed,True,True
26661,1,1,1,0,0.0,closed,True,True
26660,1,1,2,0,0.0,closed,False,False
26659,147,1,1,0,0.0,closed,True,True
26658,0,0,0,6,0,closed,False,False
26656,10,7,4,0,0.0,closed,False,False
26655,47,10,1,0,0.0,closed,True,True
26654,126,252,0,0,0.0,closed,True,True
26653,41,29,2,0,0.0,closed,True,True
26652,3,2,0,0,0.0,closed,True,True
26651,14,0,1,0,0.0,closed,True,True
26650,7,8,0,0,0.0,closed,True,True
26648,341,25,2,19,0.9047619047619048,closed,True,True
26645,7,2,2,0,0.0,closed,True,True
26644,55,179,3,0,0.0,closed,True,True
26642,168,1,1,0,0.0,closed,True,True
26641,72,131,0,0,0.0,closed,True,True
26637,127,120,0,2,1.0,closed,True,True
26635,5,5,1,0,0.0,closed,True,True
26633,33,33,6,0,0.0,closed,True,True
26632,23,10,6,0,0.0,closed,True,True
26631,6,6,0,0,0.0,closed,True,True
26630,2,2,0,0,0.0,closed,True,True
26629,1,22,0,0,0.0,closed,True,True
26627,1549,476,0,0,0.0,closed,False,False
26624,31,15,6,10,1.6666666666666667,closed,True,True
26622,10,4,1,0,0.0,closed,True,True
26621,2145,3,35,118,4.214285714285714,closed,True,True
26620,4281,1212,2,0,0.0,closed,False,False
26619,1,1,1,0,0.0,closed,True,True
26618,27,22,0,0,0.0,closed,True,True
26617,468,1,1,59,6.555555555555555,closed,True,True
26616,183,183,0,0,0.0,closed,True,True
26615,36,36,1,3,0.17647058823529413,closed,True,True
26614,3,2,0,0,0.0,closed,True,True
26612,1,1,0,0,0.0,closed,True,True
26610,34232,26515,0,0,0.0,closed,False,False
26609,1,5,3,2,0.6666666666666666,closed,True,True
26608,35,25,1,0,0.0,closed,False,False
26607,7,0,0,1,0.5,closed,True,True
26606,10,0,1,0,0.0,closed,False,False
26605,27,3,1,0,0.0,closed,True,True
26603,336,184,3,7,1.4,closed,True,True
26602,6,250,1,0,0.0,closed,True,True
26599,13,4406,2,0,0.0,closed,True,True
26595,1164,541,4,0,0.0,closed,False,False
26592,0,5,0,0,0.0,closed,False,False
26591,3,2,0,0,0.0,closed,True,True
26587,3,3,1,0,0.0,closed,False,False
26583,9,174,2,2,0.4,closed,True,True
26582,3,3,0,0,0.0,closed,True,True
26581,0,4627,6,0,0.0,closed,True,True
26580,2,2,0,0,0.0,closed,True,True
26577,2,2,1,0,0.0,closed,True,True
26576,1,1,0,0,0.0,closed,True,True
26575,6,4,1,0,0.0,closed,False,False
26574,51,51,2,0,0.0,closed,True,True
26572,0,0,0,0,0.0,closed,False,False
26570,32,11,4,0,0.0,closed,False,False
26569,1,1,0,0,0.0,closed,True,True
26568,222,22,1,13,2.6,closed,True,True
26566,5,6,1,0,0.0,closed,False,False
26565,3,3,0,0,0.0,closed,True,True
26563,15,7,0,0,0.0,closed,True,True
26562,60,0,1,20,10.0,closed,True,True
26560,1,1,1,0,0.0,closed,True,True
26556,78,6,0,1,1.0,closed,True,True
26555,16,0,0,0,0.0,closed,True,True
26554,81,0,2,2,0.4,closed,True,True
26553,3,3,0,0,0.0,closed,True,True
26552,4,0,2,0,0.0,closed,False,False
26550,7,0,0,0,0.0,closed,True,True
26549,124,0,2,1,0.16666666666666666,closed,True,True
26548,50,7,8,1,0.125,closed,True,True
26545,19,19,0,0,0.0,closed,True,True
26544,1,1,1,3,3.0,closed,True,True
26543,1,1,1,0,0.0,closed,True,True
26541,13,7,0,0,0.0,closed,True,True
26540,1,0,1,0,0.0,closed,False,False
26539,53,0,3,0,0.0,closed,False,False
26537,1,1,1,0,0.0,closed,True,True
26536,2,12,0,0,0.0,closed,True,True
26535,12,12,0,0,0.0,closed,True,True
26530,0,3,4,5,2.5,closed,True,True
26529,7,7,1,0,0.0,closed,False,False
26527,3,1,0,0,0.0,closed,True,True
26526,62,0,0,3,1.0,closed,True,True
26525,0,31,0,0,0.0,closed,True,True
26524,1,1,1,0,0.0,closed,True,True
26523,20,6,5,0,0.0,closed,True,True
26522,1,46,0,0,0.0,closed,True,True
26520,3,35,2,0,0.0,closed,False,False
26519,1,1,0,0,0.0,closed,False,False
26518,14,7,0,1,0.25,closed,True,True
26517,1312,46,8,33,1.5714285714285714,closed,True,True
26516,22,6,1,1,0.3333333333333333,closed,True,True
26515,1,1,0,0,0.0,closed,True,True
26514,1,0,0,0,0.0,closed,True,True
26510,505,287,0,0,0.0,closed,False,False
26509,1,2,1,1,1.0,closed,False,False
26507,6,0,0,1,1.0,closed,True,True
26506,1,1,0,0,0.0,closed,True,True
26504,5,0,0,2,1.0,closed,True,True
26503,955,274,0,0,0.0,closed,False,False
26501,2,2,0,0,0.0,closed,True,True
26500,1,1,0,0,0.0,closed,True,True
26498,34145,26506,0,1,0.011764705882352941,closed,False,False
26497,1,1,0,0,0.0,closed,True,True
26496,3,3,0,0,0.0,closed,True,True
26495,71,0,0,0,0.0,closed,False,False
26494,71,0,0,0,0.0,closed,False,False
26490,8,5,1,0,0.0,closed,True,True
26489,11,14,0,0,0.0,closed,True,True
26488,1265,461,1,0,0.0,closed,False,False
26487,4,1,1,0,0.0,closed,False,False
26485,62,30,0,5,0.625,closed,True,True
26484,1236,439,4,72,1.6744186046511629,closed,True,True
26482,281516,269780,0,0,0.0,closed,False,False
26481,148,31,2,3,1.0,closed,True,True
26480,3,1,4,0,0.0,open,False,False
26475,2,1,0,0,0.0,closed,True,True
26474,100,82,6,5,0.45454545454545453,closed,True,True
26472,15,15,0,0,0.0,closed,True,True
26471,38,38,1,0,0.0,closed,True,True
26470,1,0,0,0,0.0,closed,True,True
26469,1,1,1,0,0.0,closed,True,True
26468,1,1,1,0,0.0,closed,True,True
26465,6,9,0,0,0.0,closed,True,True
26463,2,2,1,0,0.0,closed,True,True
26462,160,21,2,0,0.0,closed,True,True
26460,3,2,3,0,0.0,closed,True,True
26459,32,30,5,0,0.0,closed,False,False
26458,18,0,0,0,0.0,closed,True,True
26456,0,0,0,0,0,closed,False,False
26455,81,66,0,0,0.0,closed,False,False
26453,44,5,2,3,1.0,closed,True,True
26452,293,0,0,0,0.0,closed,False,False
26451,128,41,1,0,0.0,closed,True,True
26450,20,9,0,1,1.0,closed,False,False
26448,152,0,0,3,0.6,closed,False,False
26447,4,2,0,0,0.0,closed,True,True
26443,10,46,4,8,2.0,closed,True,True
26442,16,10,0,0,0.0,closed,True,True
26441,8,5,1,0,0.0,closed,True,True
26440,15,15,1,0,0.0,closed,True,True
26439,3,3,1,0,0.0,closed,True,True
26438,1,1,1,0,0.0,closed,True,True
26437,780,0,0,0,0.0,closed,False,False
26436,6,0,1,5,1.6666666666666667,closed,True,True
26435,410,129,0,0,0.0,closed,False,False
26432,0,57,1,0,0.0,closed,True,True
26430,32,9,1,0,0.0,closed,True,True
26428,4,1,3,0,0.0,closed,False,False
26415,0,10,1,0,0.0,closed,True,True
26414,674,40,1,5,1.25,closed,True,True
26413,63,75,0,6,3.0,closed,True,True
26412,29,1,1,0,0.0,closed,True,True
26410,64,14,4,0,0.0,open,False,False
26409,5,0,1,0,0.0,closed,True,True
26407,5,1,5,0,0.0,closed,False,False
26404,34,10,2,3,0.75,closed,True,True
26400,4,2,0,0,0.0,closed,True,True
26396,2,2,0,0,0.0,closed,True,True
26392,9,5,1,0,0.0,closed,True,True
26391,7,0,0,0,0.0,closed,False,False
26390,35,8,3,8,1.1428571428571428,closed,True,True
26388,38,35,1,4,2.0,closed,True,True
26387,4,6,0,6,2.0,closed,True,True
26385,295,9,0,0,0.0,closed,True,True
26382,2,2,0,0,0.0,closed,True,True
26381,2,2,5,0,0.0,closed,True,True
26379,3,3,0,0,0.0,closed,True,True
26377,4870,15,13,18,0.3333333333333333,closed,True,True
26374,23123,681603,4,0,0.0,closed,True,True
26373,2,2,2,0,0.0,closed,False,False
26372,3,3,0,0,0.0,closed,False,False
26371,90,67,3,0,0.0,closed,True,True
26366,13,0,2,0,0.0,closed,True,True
26365,97,15,0,2,0.5,closed,True,True
26360,67,0,6,0,0.0,closed,False,False
26359,446,73,3,7,0.28,closed,True,True
26357,1,1,0,0,0.0,closed,True,True
26356,541,17,5,0,0.0,open,False,False
26352,11,23,4,1,1.0,closed,False,False
26351,1,1,0,0,0.0,closed,True,True
26350,96,40,0,8,4.0,closed,True,True
26349,1,1,1,0,0.0,closed,True,True
26345,11,8,1,4,1.0,closed,True,True
26341,69,69,5,5,1.0,closed,True,True
26336,37,15,5,0,0.0,closed,False,False
26335,7,11,1,6,1.5,closed,True,True
26333,244,35,1,0,0.0,closed,True,True
26330,25,39,0,0,0.0,closed,True,True
26324,340,0,3,7,2.3333333333333335,closed,True,True
26322,3,2,2,0,0.0,closed,False,False
26321,16,2,5,0,0.0,closed,True,True
26320,33,12,0,3,0.6,closed,True,True
26319,4,0,3,0,0.0,closed,True,True
26314,685,445,11,4,0.2857142857142857,closed,True,True
26312,61,17,0,0,0.0,closed,True,True
26311,156,0,5,0,0.0,closed,False,False
26310,449,0,1,0,0.0,closed,True,True
26309,43,0,3,0,0.0,closed,True,True
26308,1,1,1,0,0.0,closed,True,True
26307,105,112,1,2,1.0,closed,True,True
26299,9,3,4,0,0.0,closed,False,False
26298,56,5,0,0,0.0,closed,False,False
26297,13,8,2,0,0.0,closed,True,True
26296,3,0,0,6,6.0,closed,True,True
26291,19,34,2,0,0.0,closed,True,True
26290,277,264,1,0,0.0,closed,True,True
26289,1,1,1,0,0.0,closed,False,False
26286,194,194,2,3,1.5,closed,False,False
26283,13118,3225,4,6,0.02120141342756184,closed,False,False
26281,1,1,0,0,0.0,closed,True,True
26280,2486,230,0,0,0.0,closed,False,False
26275,1,1,0,0,0.0,closed,True,True
26274,2380,1029,6,111,6.9375,closed,True,True
26272,1,1,1,2,2.0,closed,False,False
26270,537,516,0,0,0.0,closed,True,True
26269,281,55,0,2,0.6666666666666666,closed,True,True
26268,1,1,0,0,0.0,closed,True,True
26267,12,2,2,2,1.0,closed,True,True
26266,1,0,0,0,0.0,closed,True,True
26265,5,0,0,0,0.0,closed,True,True
26257,18,13,3,0,0.0,closed,True,True
26255,1,1,0,0,0.0,closed,True,True
26253,1,1,0,0,0.0,closed,True,True
26252,1,8,0,0,0.0,closed,True,True
26251,15,10,0,2,1.0,closed,True,True
26250,28,8,4,17,4.25,closed,False,False
26248,7,5,0,0,0.0,closed,True,True
26246,194,12,0,0,0.0,closed,False,False
26245,13,6,1,0,0.0,closed,True,True
26241,89,54,0,1,0.3333333333333333,closed,True,True
26238,80,0,1,0,0.0,closed,False,False
26237,43,0,1,0,0.0,closed,False,False
26232,260,1,17,15,0.8823529411764706,closed,True,True
26231,29,0,12,6,3.0,closed,False,False
26225,8,476,2,13,2.1666666666666665,closed,True,True
26224,882,63,0,0,0.0,closed,False,False
26218,33984,26500,0,0,0.0,closed,False,False
26216,4879,622,0,0,0.0,closed,False,False
26212,2,2,4,0,0.0,closed,True,True
26211,15,7,1,13,2.1666666666666665,closed,True,True
26210,2,0,3,0,0.0,closed,False,False
26207,3,0,0,0,0.0,closed,True,True
26204,0,167,0,0,0.0,closed,True,True
26203,52,3,5,0,0.0,closed,True,True
26201,26,42,0,1,0.5,closed,True,True
26200,28,8,3,9,2.25,closed,True,True
26196,3,39,0,0,0.0,closed,True,True
26195,2,2,0,0,0.0,closed,True,True
26194,66,68,0,0,0.0,closed,True,True
26193,2,91,1,0,0.0,closed,True,True
26189,1,1,0,0,0.0,closed,True,True
26186,21,1,4,0,0.0,closed,False,False
26184,186,86,2,9,9.0,closed,False,False
26183,1,25,1,0,0.0,closed,False,False
26182,1899,1922,0,0,0.0,closed,False,False
26181,262,1,5,26,3.25,closed,True,True
26180,36,14,0,0,0.0,closed,True,True
26179,198,0,0,3,0.6,closed,True,True
26178,1,1,1,0,0.0,closed,True,True
26177,18,0,0,0,0.0,closed,False,False
26176,29,39,0,0,0.0,closed,True,True
26173,2,2,0,4,4.0,closed,True,True
26172,35,10,1,0,0.0,closed,False,False
26164,3,3,0,0,0.0,closed,True,True
26162,711,147,2,3,0.13043478260869565,closed,True,True
26160,2,2,3,0,0.0,closed,True,True
26159,71,42,5,4,2.0,closed,True,True
26158,26,26,2,0,0.0,closed,False,False
26157,7,9,3,0,0.0,closed,False,False
26156,1,1,1,0,0.0,closed,False,False
26153,45,31,0,0,0.0,closed,True,True
26152,25,7,3,0,0.0,closed,False,False
26151,2,2,3,0,0.0,closed,False,False
26149,32,8,1,0,0.0,closed,True,True
26146,178,15,0,0,0.0,closed,False,False
26144,6,1,0,0,0.0,closed,True,True
26142,1,1,1,1,0.5,closed,True,True
26141,36,20,1,0,0.0,closed,True,True
26140,379,165,0,2,0.4,closed,True,True
26139,2,2,1,0,0.0,closed,True,True
26137,51,3,2,11,1.375,closed,True,True
26133,1873,45,26,72,1.3584905660377358,closed,False,False
26132,3,0,0,0,0.0,closed,True,True
26129,65,8,0,0,0.0,closed,True,True
26128,6,1,1,3,0.6,closed,True,True
26126,40,11,4,0,0.0,closed,True,True
26124,318,20,1,0,0.0,closed,False,False
26122,5620,7751,0,0,0.0,closed,False,False
26121,2,2,0,0,0.0,closed,True,True
26119,57,0,11,3,1.0,closed,False,False
26118,19,12,21,0,0.0,closed,False,False
26116,6,1,11,0,0.0,closed,True,True
26115,53,21,7,9,3.0,closed,True,True
26111,323,17,5,8,4.0,closed,False,False
26110,1,1,2,6,3.0,closed,True,True
26109,56,15,5,0,0.0,closed,False,False
26106,79,1,0,2,1.0,closed,True,True
26105,1129,816,0,0,0.0,closed,True,True
26103,19,0,6,3,1.5,closed,False,False
26100,1,1,0,0,0.0,closed,False,False
26097,22,11,1,2,0.5,closed,True,True
26096,265,69,0,0,0.0,closed,True,True
26095,4,4,0,0,0.0,closed,True,True
26092,217,7,4,13,2.1666666666666665,closed,True,True
26089,28,405,1,0,0.0,closed,False,False
26087,40,3,0,2,0.5,closed,True,True
26086,150,13,1,0,0.0,closed,True,True
26085,20,4,1,0,0.0,closed,True,True
26082,27,7,6,20,1.8181818181818181,closed,True,True
26080,97,28,6,15,1.0714285714285714,closed,True,True
26079,4,1,0,3,3.0,closed,True,True
26078,73,15,1,0,0.0,closed,True,True
26077,38,0,7,1,1.0,closed,True,True
26076,197,0,0,3,1.0,closed,True,True
26075,10,0,1,0,0.0,closed,True,True
26074,80,6,3,7,1.4,closed,True,True
26072,2,2,0,0,0.0,closed,True,True
26071,17,1,7,1,0.5,closed,False,False
26070,96,83,4,3,1.5,closed,False,False
26067,35,10,4,0,0.0,closed,False,False
26066,1,1,5,0,0.0,closed,True,True
26064,52,0,2,7,3.5,closed,True,True
26063,55,40,3,0,0.0,closed,False,False
26060,87,144,1,1,0.16666666666666666,closed,True,True
26059,151,28,1,0,0.0,closed,False,False
26058,303,7,1,6,2.0,closed,True,True
26057,169,0,1,9,2.25,closed,True,True
26055,151,14,0,0,0.0,closed,True,True
26054,5,5,0,0,0.0,closed,True,True
26052,1,1,0,0,0.0,closed,True,True
26051,134,9,3,10,2.5,closed,True,True
26049,15,15,0,0,0.0,closed,True,True
26048,56,40,5,2,0.4,closed,True,True
26046,137,64,0,2,0.5,closed,True,True
26045,66,2,0,0,0.0,closed,False,False
26044,0,0,0,0,0.0,closed,True,True
26043,6,1,5,0,0.0,closed,False,False
26041,36,23,2,0,0.0,closed,True,True
26038,408,385,0,0,0.0,closed,True,True
26037,16,3,0,0,0.0,closed,True,True
26036,4,6,0,5,1.25,closed,True,True
26035,150,0,2,9,4.5,closed,True,True
26034,95,51,1,2,1.0,closed,False,False
26033,136,16,0,4,0.5714285714285714,closed,True,True
26029,89,14,0,0,0.0,closed,False,False
26028,4,4,0,0,0.0,closed,True,True
26027,19105,0,0,0,0.0,closed,False,False
26025,5576,1206,1,0,0.0,closed,False,False
26023,100,0,6,17,1.2142857142857142,closed,True,True
26021,5,8,0,2,2.0,closed,True,True
26019,58,6,4,0,0.0,closed,True,True
26016,1,1,0,0,0.0,closed,True,True
26014,22,3,0,0,0.0,closed,True,True
26012,2,2,0,0,0.0,closed,True,True
26010,24,5,5,0,0.0,closed,False,False
26009,2,10,0,0,0.0,closed,True,True
26006,110,92,0,1,0.5,closed,True,True
26003,450,67,1,19,2.375,closed,True,True
26002,263,55,2,3,0.25,closed,False,False
26001,94,91,0,0,0.0,closed,False,False
26000,34,30,0,0,0.0,closed,True,True
25999,1,1,1,0,0.0,closed,True,True
25998,1356,485,4,4,0.17391304347826086,closed,False,False
25996,101,7,4,4,0.5714285714285714,closed,True,True
25994,20,10,0,0,0.0,closed,True,True
25991,4226,1,23,5,0.29411764705882354,closed,True,True
25990,58,7,2,0,0.0,closed,True,True
25988,2,0,8,0,0.0,closed,True,True
25987,87,10,1,0,0.0,closed,False,False
25984,3,1,5,0,0.0,closed,False,False
25982,7,0,2,4,4.0,closed,False,False
25980,136,29,4,10,1.4285714285714286,closed,True,True
25978,1,1,1,0,0.0,closed,False,False
25977,265,281,10,3,0.375,closed,True,True
25975,6,12,1,0,0.0,closed,True,True
25974,9,5,0,0,0.0,closed,False,False
25973,150,82,3,2,0.5,closed,True,True
25972,8,5,0,0,0.0,closed,True,True
25971,132,36,13,6,2.0,closed,True,True
25969,1,1,0,0,0.0,closed,True,True
25968,3,3,2,0,0.0,closed,False,False
25963,4422,230,22,164,9.11111111111111,closed,True,True
25962,14,7,4,0,0.0,closed,True,True
25961,64,64,0,0,0.0,closed,True,True
25957,102,5,4,4,0.5,closed,True,True
25955,12,6,0,0,0.0,closed,True,True
25954,2,2,0,0,0.0,closed,True,True
25944,9,73,1,0,0.0,closed,True,True
25942,54,12,12,1,0.1111111111111111,closed,True,True
25941,15,44,0,1,0.16666666666666666,closed,True,True
25939,16,16,0,0,0.0,closed,True,True
25938,2,2,0,0,0.0,closed,True,True
25933,11,1,2,0,0.0,closed,True,True
25930,297,0,0,8,1.3333333333333333,closed,True,True
25929,1,1,2,0,0.0,closed,False,False
25927,1,1,1,0,0.0,closed,True,True
25924,110,95,0,0,0.0,closed,True,True
25923,1,1,0,0,0.0,closed,True,True
25922,120,59,2,8,4.0,closed,True,True
25919,5358,67,1,0,0.0,closed,False,False
25918,256,149,3,33,3.0,closed,True,True
25914,2,2,0,0,0.0,closed,True,True
25912,1,0,1,2,2.0,closed,False,False
25909,8,0,0,0,0.0,closed,True,True
25908,7,7,1,0,0.0,closed,False,False
25907,3146,65,1,0,0.0,closed,False,False
25906,52,36,4,0,0.0,closed,False,False
25904,89,51,0,3,1.5,closed,True,True
25902,1,2,1,0,0.0,closed,True,True
25901,5119,9,8,93,46.5,closed,False,False
25900,4461,188,1,4,0.10810810810810811,closed,False,False
25896,247,73,4,31,3.875,closed,True,True
25895,2,1,2,4,2.0,closed,False,False
25894,13,0,0,0,0.0,closed,False,False
25892,15,2,0,0,0.0,closed,False,False
25890,1610,160,0,0,0.0,closed,False,False
25889,25,5,2,0,0.0,closed,False,False
25886,602,431,1,0,0.0,closed,True,True
25885,8,5,3,3,0.75,closed,False,False
25884,1,1,1,2,0.6666666666666666,closed,True,True
25883,3,0,0,0,0.0,closed,True,True
25881,3,0,0,0,0.0,closed,False,False
25880,6,19,3,1,0.5,closed,True,True
25879,2,2,0,2,2.0,closed,True,True
25878,884,511,1,31,5.166666666666667,closed,True,True
25876,1,2,0,6,1.5,closed,True,True
25874,17,26,0,0,0.0,closed,True,True
25872,3,0,2,0,0.0,closed,True,True
25871,33,1,1,0,0.0,closed,False,False
25867,3,3,1,2,1.0,closed,True,True
25863,5,1,1,0,0.0,closed,False,False
25862,1,1,0,0,0.0,closed,True,True
25861,2,2,0,0,0.0,closed,True,True
25859,5,1,1,0,0.0,closed,True,True
25855,1,1,4,0,0.0,closed,False,False
25854,43,13,1,0,0.0,closed,False,False
25851,100,105,0,0,0.0,closed,True,True
25849,1,1,0,0,0.0,closed,True,True
25846,1,1,1,0,0.0,closed,False,False
25844,0,3,4,0,0.0,closed,True,True
25842,58,116,1,5,1.25,closed,True,True
25841,25,1,0,0,0.0,closed,False,False
25839,1,1,2,0,0.0,closed,False,False
25838,1131,410,3,37,2.8461538461538463,closed,False,False
25837,2,2,0,0,0.0,closed,True,True
25836,338,131,3,28,14.0,closed,True,True
25835,19,19,3,0,0.0,closed,False,False
25834,10,14,1,0,0.0,closed,False,False
25832,2,2,2,0,0.0,closed,True,True
25831,14,4,0,0,0.0,closed,True,True
25830,25,1,3,0,0.0,closed,True,True
25829,128,42,4,6,1.0,closed,True,True
25827,111,76,0,1,0.16666666666666666,closed,True,True
25822,45,14,7,0,0.0,closed,False,False
25821,1,6,0,7,1.75,closed,True,True
25819,128,14,3,9,1.5,closed,True,True
25818,5,4,0,0,0.0,closed,True,True
25817,27,0,0,10,3.3333333333333335,closed,True,True
25816,124,5,1,0,0.0,closed,True,True
25814,2,1,1,2,2.0,closed,True,True
25812,309,39,7,13,1.8571428571428572,closed,True,True
25806,123,72,0,3,3.0,closed,True,True
25804,110,110,1,0,0.0,closed,False,False
25801,10,6,4,0,0.0,closed,False,False
25798,913,11,4,0,0.0,closed,False,False
25797,48,12,1,0,0.0,closed,False,False
25796,256,4,0,0,0.0,closed,False,False
25795,3,6,1,0,0.0,closed,False,False
25794,1164,541,0,0,0.0,closed,False,False
25793,2,0,3,0,0.0,closed,False,False
25777,1164,541,0,0,0.0,closed,False,False
25776,4,1,0,0,0.0,closed,True,True
25774,2,2,0,0,0.0,closed,True,True
25769,20,19,3,3,1.5,closed,True,True
25768,1,1,4,0,0.0,closed,True,True
25767,1,1,1,0,0.0,closed,False,False
25762,31,6,0,4,0.8,closed,True,True
25761,5,1,3,0,0.0,closed,False,False
25760,5,1,2,0,0.0,closed,False,False
25757,862,283,11,3,0.3,closed,True,True
25755,3,1,0,4,2.0,closed,True,True
25752,29,0,4,0,0.0,closed,True,True
25749,4748,0,0,0,0.0,closed,False,False
25748,1959,2233,3,5,5.0,closed,False,False
25745,124,114,1,0,0.0,closed,True,True
25743,777,36,7,26,13.0,closed,False,False
25742,1,1,0,0,0.0,closed,True,True
25740,15,3,0,0,0.0,closed,True,True
25737,3,3,0,0,0.0,closed,True,True
25736,49,22,2,0,0.0,closed,False,False
25735,137,12,0,0,0.0,closed,False,False
25733,5,45,1,0,0.0,closed,False,False
25729,1,1,0,0,0.0,closed,True,True
25726,998,974,1,11,1.2222222222222223,closed,True,True
25725,1,1,3,0,0.0,closed,False,False
25724,9,0,0,0,0.0,closed,True,True
25723,280,121,5,4,1.0,closed,True,True
25721,137,12,2,0,0.0,closed,False,False
25718,222,0,0,4,0.8,closed,True,True
25715,8,5,0,0,0.0,closed,True,True
25714,162,22,5,7,2.3333333333333335,closed,True,True
25713,35,8,0,0,0.0,closed,False,False
25711,98,74,8,5,0.5555555555555556,closed,True,True
25710,56,22,0,8,1.1428571428571428,closed,True,True
25708,1592,9,1,0,0.0,closed,False,False
25707,20,20,0,0,0.0,closed,True,True
25706,20,20,0,0,0.0,closed,False,False
25705,1,1,2,0,0.0,closed,True,True
25702,38,17,0,0,0.0,closed,True,True
25701,37,13,1,0,0.0,closed,False,False
25700,29,3,2,6,1.2,closed,True,True
25698,15,15,2,0,0.0,closed,False,False
25694,39,18,2,0,0.0,closed,True,True
25692,1,1,0,0,0.0,closed,False,False
25691,4,3,0,5,2.5,closed,True,True
25690,32,24,1,2,2.0,closed,True,True
25689,42,6,6,8,2.0,closed,False,False
25686,2,0,0,0,0.0,closed,False,False
25684,19,9,5,0,0.0,closed,False,False
25681,29,17,2,6,3.0,closed,True,True
25678,52,11,6,8,0.42105263157894735,closed,True,True
25677,22,1,2,0,0.0,closed,False,False
25674,7,3,6,6,6.0,closed,True,True
25672,22,17,0,0,0.0,closed,True,True
25670,825,765,1,0,0.0,closed,False,False
25669,7,36,3,0,0.0,closed,False,False
25668,15,29,1,0,0.0,closed,True,True
25667,1,1,0,0,0.0,closed,True,True
25666,100,7,3,12,4.0,closed,True,True
25662,597,37,14,5,0.625,closed,False,False
25661,1,0,0,0,0.0,closed,True,True
25658,1,1,1,0,0.0,closed,True,True
25655,1,1,2,0,0.0,closed,False,False
25654,1,1,1,0,0.0,closed,True,True
25653,9,13,2,0,0.0,closed,True,True
25652,8,2,1,0,0.0,closed,False,False
25651,55,35,1,0,0.0,closed,True,True
25648,1,1,0,0,0.0,closed,True,True
25646,17,17,0,10,3.3333333333333335,closed,True,True
25645,8,11,0,6,3.0,closed,True,True
25644,52,15,2,7,2.3333333333333335,closed,True,True
25643,3,0,0,0,0.0,closed,True,True
25642,10,0,6,0,0.0,closed,True,True
25641,427,639,4,5,2.5,closed,True,True
25640,39,46,0,4,2.0,closed,True,True
25637,219,60,0,4,1.3333333333333333,closed,True,True
25635,3,1,1,0,0.0,closed,True,True
25634,133,0,2,27,2.4545454545454546,closed,True,True
25629,7,7,0,0,0.0,closed,True,True
25628,3,1,0,2,0.6666666666666666,closed,True,True
25618,5,5,0,0,0.0,closed,True,True
25617,65,73,0,0,0.0,closed,False,False
25616,97,32,0,6,0.5,closed,True,True
25612,7,3,0,7,2.3333333333333335,closed,True,True
25611,12,9,1,6,1.2,closed,True,True
25610,24,62,8,8,0.8,closed,True,True
25609,8,3,0,0,0.0,closed,True,True
25605,47,11,2,0,0.0,closed,False,False
25603,7,6,5,7,1.4,closed,True,True
25602,91,0,1,13,1.8571428571428572,closed,True,True
25601,74,77,1,4,1.0,closed,True,True
25595,6,6,3,1,1.0,closed,False,False
25592,1,1,3,0,0.0,closed,True,True
25591,8,2,0,0,0.0,closed,True,True
25588,8,5,2,1,1.0,closed,False,False
25582,9,3,0,0,0.0,closed,True,True
25581,56,3,1,0,0.0,closed,True,True
25580,16,0,0,0,0.0,closed,True,True
25578,10,6,1,0,0.0,closed,True,True
25576,7,158,2,0,0.0,closed,False,False
25575,3,0,0,2,2.0,closed,True,True
25574,3,2,2,0,0.0,closed,True,True
25573,68,42,2,0,0.0,closed,True,True
25570,27,4,3,0,0.0,closed,True,True
25569,28,11,0,0,0.0,closed,True,True
25568,4,3,0,0,0.0,closed,False,False
25567,42,72,0,0,0.0,closed,True,True
25566,1,1,0,0,0.0,closed,True,True
25565,6,6,1,0,0.0,closed,True,True
25564,2,2,2,0,0.0,closed,False,False
25561,6,4,1,0,0.0,closed,False,False
25560,2,2,1,0,0.0,closed,False,False
25559,5,1,1,0,0.0,closed,False,False
25558,1,1,0,0,0.0,closed,False,False
25556,3,3,1,0,0.0,closed,False,False
25555,5,5,2,0,0.0,closed,True,True
25552,9,1,0,0,0.0,closed,True,True
25551,200,200,2,4,0.8,closed,True,True
25549,1,1,0,0,0.0,closed,True,True
25548,1,1,0,0,0.0,closed,True,True
25547,1,1,1,0,0.0,closed,True,True
25546,2,0,0,0,0.0,closed,True,True
25545,3,3,0,0,0.0,closed,True,True
25542,1,1,1,0,0.0,closed,False,False
25541,5,5,1,0,0.0,closed,False,False
25539,1,1,0,0,0.0,closed,False,False
25538,1,1,0,0,0.0,closed,True,True
25535,10,1,3,0,0.0,closed,False,False
25533,17,0,0,0,0.0,closed,True,True
25532,613,353,3,8,2.6666666666666665,closed,True,True
25531,19,1,0,4,1.0,closed,True,True
25530,5,4,0,3,1.5,closed,True,True
25528,23,20,5,2,1.0,closed,True,True
25527,99,63,0,16,5.333333333333333,closed,True,True
25526,17,16,2,0,0.0,closed,False,False
25525,181,2,1,0,0.0,closed,True,True
25524,72,42,0,9,0.9,closed,True,True
25523,406,245,0,1,0.3333333333333333,closed,True,True
25520,4,4,2,2,2.0,closed,False,False
25519,17,16,0,0,0.0,closed,True,True
25518,19,18,3,1,0.5,closed,False,False
25516,0,1,0,0,0.0,closed,True,True
25515,1,1,1,0,0.0,closed,False,False
25512,1,1,0,0,0.0,closed,True,True
25509,19,19,0,2,1.0,closed,True,True
25508,58,149,3,9,3.0,closed,True,True
25506,3,3,0,0,0.0,closed,True,True
25504,3,1,3,15,2.5,closed,True,True
25503,312,119,0,0,0.0,closed,False,False
25502,1,1,2,0,0.0,closed,False,False
25500,26,6,6,1,1.0,closed,False,False
25499,1,1,0,0,0.0,closed,True,True
25497,0,22,2,0,0.0,closed,False,False
25496,1,1,0,0,0.0,closed,True,True
25494,4,4,1,2,2.0,closed,True,True
25493,7,0,10,0,0.0,closed,False,False
25492,41,15,7,2,0.3333333333333333,closed,True,True
25489,22,7,3,3,0.42857142857142855,closed,False,False
25488,2913,483,0,0,0.0,closed,False,False
25487,191,113,0,7,1.0,closed,True,True
25486,11,2,0,2,0.6666666666666666,closed,True,True
25485,6,3,0,0,0.0,closed,False,False
25483,1,1,0,0,0.0,closed,True,True
25478,82,88,0,0,0.0,closed,True,True
25477,6,1,2,0,0.0,closed,True,True
25476,3,3,3,0,0.0,closed,True,True
25475,2,2,1,0,0.0,closed,True,True
25474,212,212,1,0,0.0,closed,False,False
25473,133,108,1,3,1.0,closed,True,True
25472,10,50,2,0,0.0,closed,False,False
25468,66,70,0,0,0.0,closed,True,True
25467,5,12,0,0,0.0,closed,True,True
25465,6,4,2,0,0.0,closed,False,False
25463,2,2,0,0,0.0,closed,False,False
25461,15,15,0,0,0.0,closed,True,True
25460,2,2,0,0,0.0,closed,True,True
25459,310,200,6,6,0.46153846153846156,closed,True,True
25458,142,88,4,12,1.5,closed,True,True
25457,606,80,20,14,0.30434782608695654,closed,True,True
25455,1,0,0,0,0.0,closed,True,True
25450,5,6,0,0,0.0,closed,False,False
25449,7,4,0,0,0.0,closed,True,True
25448,6,2,0,0,0.0,closed,False,False
25442,74,27,1,0,0.0,closed,True,True
25435,9,2,0,0,0.0,closed,False,False
25433,18,0,3,2,2.0,closed,False,False
25431,56,23,1,0,0.0,closed,False,False
25430,174,41,1,1,0.14285714285714285,closed,True,True
25428,11,1,0,0,0.0,closed,True,True
25426,9,2,1,2,2.0,closed,False,False
25425,12,5,3,0,0.0,closed,False,False
25423,6,1,0,2,0.6666666666666666,closed,True,True
25422,1245,114,26,28,0.7567567567567568,closed,True,True
25419,109,109,8,0,0.0,closed,False,False
25418,1,1,0,0,0.0,closed,True,True
25417,11,11,0,0,0.0,closed,True,True
25416,6,4,0,0,0.0,closed,True,True
25415,51,20,2,3,3.0,closed,False,False
25414,3,3,2,0,0.0,closed,True,True
25413,7,1,5,0,0.0,closed,True,True
25411,1,1,0,0,0.0,closed,True,True
25408,449,1,0,0,0.0,closed,False,False
25407,112,55,2,3,0.6,closed,True,True
25406,317,352,2,2,0.13333333333333333,closed,False,False
25405,12,3,0,0,0.0,closed,True,True
25403,65,0,0,7,1.4,closed,True,True
25401,2,1,4,4,4.0,closed,False,False
25397,5,5,0,0,0.0,closed,True,True
25395,833,258,0,2,2.0,closed,True,True
25394,1,1,0,0,0.0,closed,True,True
25392,40,45,0,0,0.0,closed,True,True
25391,1,1,0,0,0.0,closed,True,True
25389,1,2,0,1,0.5,closed,True,True
25387,7,1,4,2,2.0,closed,False,False
25381,5,2,0,0,0.0,closed,True,True
25380,1,0,3,0,0.0,closed,False,False
25379,9,1,0,0,0.0,closed,True,True
25373,41,41,1,0,0.0,closed,False,False
25372,11,0,0,2,2.0,closed,True,True
25371,1,1,0,0,0.0,closed,True,True
25368,113,1,0,3,1.5,closed,True,True
25367,11,9,1,2,0.5,closed,True,True
25365,0,1,0,0,0.0,closed,True,True
25364,8,8,0,0,0.0,closed,True,True
25363,1,1,0,2,2.0,closed,False,False
25360,1,0,2,2,2.0,closed,False,False
25359,1,1,0,0,0.0,closed,True,True
25358,1,1,0,0,0.0,closed,True,True
25357,158,7,1,0,0.0,closed,True,True
25356,1,1,0,2,2.0,closed,False,False
25355,0,158,8,0,0.0,closed,False,False
25353,48,2,1,2,2.0,closed,False,False
25345,0,0,0,0,0.0,closed,False,False
25344,0,0,0,0,0.0,closed,False,False
25338,22,7,0,0,0.0,closed,True,True
25335,190,94,0,12,2.0,closed,True,True
25331,2,2,6,0,0.0,closed,True,True
25329,2,781,1,0,0.0,closed,True,True
25328,5,6,7,0,0.0,closed,False,False
25327,1,1,0,0,0.0,closed,True,True
25325,1613,5,3,5,0.7142857142857143,closed,False,False
25324,16,15,3,2,2.0,closed,True,True
25323,9,9,2,0,0.0,closed,False,False
25320,587,432,5,20,1.5384615384615385,closed,True,True
25316,88,1,3,7,7.0,closed,False,False
25315,2,2,0,0,0.0,closed,True,True
25312,12,164,0,0,0.0,closed,True,True
25311,63,0,0,0,0.0,closed,False,False
25310,6,0,0,0,0.0,closed,True,True
25309,5,6,0,0,0.0,closed,True,True
25307,77,3,0,4,1.3333333333333333,closed,True,True
25306,327,753,0,0,0.0,closed,True,True
25305,32,4,1,2,0.6666666666666666,closed,True,True
25304,3,0,4,0,0.0,closed,True,True
25303,1486,11,0,0,0.0,closed,False,False
25296,8,0,10,1,1.0,closed,False,False
25293,15,15,1,0,0.0,closed,True,True
25292,132,39,0,15,3.0,closed,True,True
25290,2,0,0,0,0.0,closed,True,True
25289,1,1,1,0,0.0,closed,True,True
25288,2,0,0,0,0.0,closed,True,True
25287,127,84,3,5,2.5,closed,True,True
25283,21,8,0,3,3.0,closed,True,True
25282,42,7,5,3,3.0,closed,False,False
25280,690,148,1,0,0.0,closed,True,True
25279,2,2,0,0,0.0,closed,True,True
25274,2,1,0,2,2.0,closed,False,False
25273,1,1,1,0,0.0,closed,True,True
25272,14,14,0,0,0.0,closed,True,True
25271,1,1,0,0,0.0,closed,True,True
25269,5,0,1,0,0.0,closed,False,False
25268,163,59,2,0,0.0,closed,False,False
25267,39,48,1,0,0.0,closed,False,False
25266,28,59,3,0,0.0,closed,False,False
25265,108,0,4,2,0.6666666666666666,closed,True,True
25259,1,1,5,0,0.0,closed,False,False
25258,12,1,2,2,0.5,closed,True,True
25256,65,16,4,0,0.0,closed,False,False
25254,9,6,3,2,0.4,closed,True,True
25253,3538,80,1,0,0.0,closed,False,False
25249,1,1,0,0,0.0,closed,True,True
25248,29273,106,0,0,0.0,closed,False,False
25247,15,15,0,0,0.0,closed,True,True
25244,1,1,0,0,0.0,closed,True,True
25242,596,448,1,0,0.0,closed,True,True
25241,1,1,0,0,0.0,closed,True,True
25239,2,1,2,0,0.0,closed,True,True
25237,94084,108,0,0,0.0,closed,False,False
25236,6,1,0,1,1.0,closed,True,True
25234,34,5,0,3,0.6,closed,True,True
25233,3,2,0,0,0.0,closed,True,True
25232,29,11,1,0,0.0,closed,False,False
25231,2,0,0,0,0.0,closed,True,True
25230,1,0,0,0,0.0,closed,True,True
25225,26,1,3,1,1.0,closed,True,True
25223,40,24,0,0,0.0,closed,False,False
25221,39,39,0,0,0.0,closed,True,True
25219,4,0,0,0,0.0,closed,True,True
25217,1,0,0,0,0.0,closed,False,False
25214,10,1,8,3,0.75,closed,True,True
25213,42,13,4,1,0.3333333333333333,closed,True,True
25212,347,37,3,6,1.0,closed,False,False
25211,4,0,2,1,1.0,closed,False,False
25210,35,19,0,1,0.25,closed,True,True
25206,1,1,0,0,0.0,closed,True,True
25204,2,2,0,0,0.0,closed,True,True
25202,24,43,0,0,0.0,closed,True,True
25201,2,2,1,0,0.0,closed,False,False
25199,283,97,12,5,0.7142857142857143,closed,True,True
25197,410,50,2,0,0.0,closed,True,True
25195,8,11,2,2,1.0,closed,True,True
25194,233,2,1,14,1.4,closed,True,True
25193,1,1,0,0,0.0,closed,False,False
25192,1,2,0,0,0.0,closed,True,True
25191,1,1,0,0,0.0,closed,True,True
25190,154,17,2,18,3.0,closed,True,True
25189,121,150,0,4,1.3333333333333333,closed,True,True
25188,21,0,0,0,0.0,closed,True,True
25187,182,2,1,2,0.4,closed,True,True
25186,91,43,6,10,1.6666666666666667,closed,True,True
25185,2,0,4,3,3.0,closed,False,False
25183,1,5,0,1,0.5,closed,True,True
25182,1,6,0,0,0.0,closed,True,True
25181,5,4,0,0,0.0,closed,True,True
25179,16,15,0,2,1.0,closed,True,True
25177,435,260,0,0,0.0,closed,True,True
25176,54,13,1,0,0.0,closed,True,True
25175,1,1,1,0,0.0,closed,True,True
25174,5,2,0,0,0.0,closed,True,True
25168,5,0,0,0,0.0,closed,True,True
25167,1,1,0,0,0.0,closed,False,False
25166,2,6,1,0,0.0,closed,True,True
25165,73,5,2,4,2.0,closed,True,True
25164,237,130,1,12,2.0,closed,False,False
25163,44,1,0,0,0.0,closed,True,True
25161,1,1,1,0,0.0,closed,True,True
25159,9,9,1,0,0.0,closed,False,False
25158,5,8,1,0,0.0,closed,False,False
25157,9,3,3,0,0.0,closed,True,True
25156,4,10,1,0,0.0,closed,True,True
25155,5,0,0,0,0.0,closed,True,True
25154,27,122,1,0,0.0,closed,False,False
25152,13,17,1,2,0.6666666666666666,closed,True,True
25151,1,1,4,0,0.0,closed,False,False
25150,1,1,0,0,0.0,closed,False,False
25149,1,1,0,0,0.0,closed,True,True
25148,49,9,4,0,0.0,closed,False,False
25146,12,12,2,4,4.0,closed,False,False
25143,308,155,4,12,2.0,closed,True,True
25142,23,5,1,1,0.3333333333333333,closed,False,False
25139,11,18,3,4,2.0,closed,True,True
25138,1,1,0,0,0.0,closed,True,True
25137,2,2,0,0,0.0,closed,True,True
25136,16,12,3,0,0.0,closed,True,True
25135,80,11,3,5,0.8333333333333334,closed,True,True
25134,36,0,3,0,0.0,closed,False,False
25131,5,2,5,0,0.0,closed,True,True
25130,14,0,3,4,1.3333333333333333,closed,False,False
25129,1,1,0,0,0.0,closed,True,True
25128,7,3,1,0,0.0,closed,True,True
25127,34,11,1,5,1.6666666666666667,closed,False,False
25124,44,5,8,0,0.0,closed,False,False
25121,396,3,1,0,0.0,closed,True,True
25120,76,31,0,0,0.0,closed,True,True
25119,7,0,0,4,0.5714285714285714,closed,True,True
25114,10,1,2,0,0.0,closed,False,False
25113,98,50,0,0,0.0,closed,True,True
25112,219,36,2,6,1.0,closed,True,True
25111,0,6,0,0,0.0,closed,True,True
25109,3,0,0,0,0.0,closed,True,True
25106,1,1,3,0,0.0,closed,False,False
25105,4,0,0,0,0.0,closed,True,True
25103,1010,30,0,0,0.0,closed,False,False
25102,1,1,0,0,0.0,closed,True,True
25101,7,6,0,0,0.0,closed,True,True
25099,215,77,0,25,2.7777777777777777,closed,True,True
25097,2,0,0,2,0.5,closed,True,True
25096,2,38,2,0,0.0,closed,True,True
25095,2,1,0,3,0.75,closed,True,True
25094,1,1,0,0,0.0,closed,True,True
25090,1,1,0,1,0.25,closed,False,False
25089,1,2,0,0,0.0,closed,False,False
25088,100,35,0,5,1.25,closed,True,True
25087,22,24,0,0,0.0,closed,True,True
25086,3,17,0,0,0.0,closed,True,True
25085,7352,3633,7,12,4.0,closed,False,False
25083,1,1,0,0,0.0,closed,True,True
25078,1,1,0,0,0.0,closed,True,True
25077,161,24,1,0,0.0,closed,False,False
25076,21,6,0,0,0.0,closed,True,True
25075,314,449,0,3,0.75,closed,True,True
25074,2,1,1,1,1.0,closed,False,False
25073,2,2,1,0,0.0,closed,True,True
25072,237,13,14,1,0.16666666666666666,closed,False,False
25069,7,19,0,0,0.0,closed,True,True
25067,51,29,0,0,0.0,closed,True,True
25064,13,2,3,0,0.0,closed,False,False
25060,27,0,10,0,0.0,closed,False,False
25059,6,39,1,1,1.0,closed,True,True
25058,7,7,0,0,0.0,closed,True,True
25057,5,5,1,0,0.0,closed,True,True
25056,2,2,0,0,0.0,closed,True,True
25055,148,10,3,2,2.0,closed,False,False
25054,1,1,2,0,0.0,closed,True,True
25053,301,366,2,13,0.52,closed,True,True
25052,3,3,1,0,0.0,closed,True,True
25051,1,2,2,1,0.5,closed,False,False
25048,33,20,0,8,1.6,closed,True,True
25047,1,1,1,0,0.0,closed,False,False
25045,225,73,3,0,0.0,closed,False,False
25044,19,8,0,0,0.0,closed,True,True
25040,1,1,0,1,0.5,closed,True,True
25038,1,0,0,0,0.0,closed,True,True
25037,28,7,0,0,0.0,closed,True,True
25036,9,9,0,0,0.0,closed,True,True
25035,151,134,1,14,2.0,closed,True,True
25034,101,5,0,0,0.0,closed,False,False
25033,4,3,6,0,0.0,closed,True,True
25032,4,4,0,0,0.0,closed,True,True
25030,3,4,0,0,0.0,closed,True,True
25029,1,1,0,0,0.0,closed,True,True
25024,1,1,0,0,0.0,closed,True,True
25023,1,1,0,0,0.0,closed,True,True
25022,90,61,4,4,1.3333333333333333,closed,False,False
25021,9,2,1,0,0.0,closed,False,False
25020,1,1,0,0,0.0,closed,True,True
25019,39,0,5,0,0.0,closed,False,False
25018,1,1,1,0,0.0,closed,True,True
25017,1,5,0,0,0.0,closed,True,True
25016,13,13,0,0,0.0,closed,True,True
25014,36,0,0,0,0.0,closed,True,True
25013,104,257,2,4,1.0,closed,False,False
25012,5,0,0,0,0.0,closed,False,False
25010,1,5,0,0,0.0,closed,True,True
25009,23,19,4,0,0.0,closed,False,False
25008,19,20,3,2,0.5,closed,True,True
25007,1,1,3,0,0.0,closed,True,True
25006,8,2,0,0,0.0,closed,True,True
25005,35,8,0,0,0.0,closed,False,False
25002,84,78,0,0,0.0,closed,True,True
25000,30,99,12,3,0.42857142857142855,closed,True,True
24997,0,7,0,0,0.0,closed,True,True
24996,117,2,0,11,3.6666666666666665,closed,True,True
24992,220,47,2,0,0.0,closed,False,False
24991,13,5,0,0,0.0,closed,False,False
24988,1,1,6,1,1.0,closed,False,False
24984,443,4,1,0,0.0,closed,False,False
24983,2,5,4,0,0.0,closed,False,False
24982,122,14,4,0,0.0,closed,False,False
24980,3,0,3,0,0.0,closed,False,False
24979,25,3,0,0,0.0,closed,True,True
24978,14,13,0,1,1.0,closed,True,True
24977,209,169,0,0,0.0,closed,False,False
24975,1,1,0,0,0.0,closed,True,True
24974,115,51,2,3,0.42857142857142855,closed,True,True
24973,67,33,0,0,0.0,closed,False,False
24972,35,25,1,0,0.0,closed,True,True
24963,1,1,0,0,0.0,closed,True,True
24961,3,3,3,0,0.0,closed,False,False
24960,12,3,0,0,0.0,closed,True,True
24958,21,21,0,0,0.0,closed,True,True
24957,12,6,3,0,0.0,closed,True,True
24956,3,6,0,0,0.0,closed,True,True
24955,62,13,0,4,1.0,closed,True,True
24954,24,6,1,0,0.0,closed,True,True
24953,2,3,0,0,0.0,closed,False,False
24952,2,3,0,0,0.0,closed,False,False
24950,5,2,0,0,0.0,closed,True,True
24949,59,17,0,2,0.6666666666666666,closed,True,True
24948,83,0,1,0,0.0,closed,True,True
24947,980,311,0,0,0.0,closed,True,True
24946,31,0,0,2,0.4,closed,True,True
24945,16,16,0,0,0.0,closed,True,True
24944,2,1,2,0,0.0,closed,True,True
24943,9,2,3,3,1.0,closed,True,True
24942,64,65,3,0,0.0,closed,False,False
24941,5,7,2,1,0.5,closed,True,True
24940,1,1,1,0,0.0,closed,True,True
24939,20,14,1,0,0.0,closed,True,True
24937,8,0,1,0,0.0,closed,True,True
24936,3,485,4,0,0.0,closed,True,True
24935,30,725,1,4,4.0,closed,False,False
24934,189,1051,0,0,0.0,closed,True,True
24932,40,0,0,0,0.0,closed,True,True
24931,10,1,3,0,0.0,closed,False,False
24929,4,4,1,0,0.0,closed,True,True
24928,1,1,0,0,0.0,closed,True,True
24926,37,8,2,0,0.0,closed,True,True
24925,41,28,6,0,0.0,closed,False,False
24924,136,44,3,0,0.0,closed,True,True
24923,1,1,0,0,0.0,closed,True,True
24922,1,0,0,0,0.0,closed,True,True
24921,4,2,0,0,0.0,closed,True,True
24919,14,0,0,0,0.0,closed,True,True
24918,4,4,0,0,0.0,closed,True,True
24917,22,0,0,0,0.0,closed,True,True
24916,181,35,10,8,1.3333333333333333,closed,True,True
24915,47,26,1,0,0.0,closed,True,True
24913,310,257,5,0,0.0,closed,False,False
24912,135,229,0,3,0.5,closed,True,True
24911,573,48,9,9,0.8181818181818182,closed,True,True
24908,1,1,1,0,0.0,closed,True,True
24906,887,45,13,10,2.5,closed,False,False
24905,4,4,0,0,0.0,closed,True,True
24904,89,33,5,4,0.8,closed,True,True
24901,1,1,0,0,0.0,closed,True,True
24900,2,3,1,0,0.0,closed,True,True
24899,3,4,0,4,1.3333333333333333,closed,True,True
24898,864,509,6,15,15.0,closed,True,True
24896,1,0,0,0,0.0,closed,False,False
24895,107,1,0,2,2.0,closed,False,False
24893,61,80,0,6,0.75,closed,True,True
24890,5,5,1,0,0.0,closed,True,True
24887,12,0,4,0,0.0,closed,True,True
24886,19,24,0,2,1.0,closed,True,True
24885,19,10,1,0,0.0,closed,True,True
24884,10,0,9,0,0.0,closed,True,True
24882,24,13,2,0,0.0,closed,True,True
24881,1,1,0,0,0.0,closed,True,True
24877,750,143,3,33,11.0,closed,True,True
24876,18,17,1,0,0.0,closed,True,True
24875,320,265,2,7,0.5,closed,True,True
24874,100,0,1,0,0.0,closed,False,False
24871,120,42,4,4,1.0,closed,True,True
24869,203,257,0,2,2.0,closed,True,True
24867,6,2,3,0,0.0,closed,True,True
24866,187,54,2,7,1.0,closed,True,True
24865,455,4,4,1,0.2,closed,False,False
24864,2,0,0,0,0.0,closed,True,True
24861,15,15,2,0,0.0,closed,True,True
24860,14,7,1,2,0.5,closed,True,True
24859,124,121,7,0,0.0,closed,False,False
24858,2,2,0,0,0.0,closed,True,True
24857,21,4,0,0,0.0,closed,True,True
24856,52,1,0,0,0.0,closed,True,True
24855,39,36,3,3,1.0,closed,True,True
24851,3,34,2,0,0.0,closed,True,True
24850,3,0,0,0,0.0,closed,True,True
24849,7,0,0,0,0.0,closed,True,True
24848,1,1,8,0,0.0,closed,False,False
24847,2,3,10,0,0.0,closed,True,True
24845,1,1,0,0,0.0,closed,True,True
24844,1,8,1,4,4.0,closed,False,False
24843,6,6,0,0,0.0,closed,True,True
24842,1,3,1,0,0.0,closed,True,True
24840,66,0,4,4,1.0,closed,True,True
24839,329,27,0,17,2.4285714285714284,closed,True,True
24838,5,5,1,0,0.0,closed,False,False
24837,0,46,0,0,0.0,closed,True,True
24836,240,15,4,1,0.16666666666666666,closed,True,True
24835,13,13,0,0,0.0,closed,True,True
24831,1,1,0,0,0.0,closed,True,True
24828,174,47,1,16,5.333333333333333,closed,True,True
24827,163,69,4,2,1.0,closed,True,True
24824,2,2,0,0,0.0,closed,True,True
24823,14,15,4,0,0.0,closed,False,False
24822,2,1,0,0,0.0,closed,True,True
24820,22,3,0,0,0.0,closed,False,False
24818,4,4,0,0,0.0,closed,True,True
24817,55,58,0,0,0.0,closed,True,True
24816,35,2,4,0,0.0,closed,True,True
24815,433,1,2,0,0.0,closed,False,False
24814,176,135,0,2,0.2,closed,True,True
24813,7,6,0,0,0.0,closed,True,True
24812,37,31,3,2,0.3333333333333333,closed,True,True
24811,965,509,1,35,1.1666666666666667,closed,True,True
24810,13,13,0,2,1.0,closed,True,True
24807,2,2,0,0,0.0,closed,True,True
24805,2,3,1,0,0.0,closed,True,True
24804,83,5,1,0,0.0,closed,False,False
24803,2801,80,1,0,0.0,closed,False,False
24802,283,85,1,8,1.6,closed,True,True
24799,1,1,0,0,0.0,closed,True,True
24798,2373,194,1,0,0.0,closed,False,False
24796,10,0,6,0,0.0,closed,True,True
24795,1,1,2,0,0.0,closed,True,True
24792,21,4,4,0,0.0,closed,True,True
24789,4849,26000,0,0,0.0,closed,False,False
24786,8,1,3,0,0.0,closed,False,False
24785,78,52,17,9,1.8,closed,True,True
24783,156,423,6,34,4.857142857142857,closed,True,True
24782,0,3,0,0,0.0,closed,True,True
24781,5,4,0,0,0.0,closed,True,True
24780,120,4,5,0,0.0,closed,False,False
24779,187,4,7,13,1.625,closed,True,True
24777,150,113,2,9,1.0,closed,True,True
24776,7,4,2,4,4.0,closed,False,False
24773,32,0,7,12,12.0,closed,True,True
24766,373,122,2,0,0.0,closed,False,False
24765,205,151,1,1,0.2,closed,True,True
24764,2,2,0,0,0.0,closed,False,False
24763,2,2,1,0,0.0,closed,False,False
24762,1,0,0,0,0.0,closed,False,False
24761,87,59,0,0,0.0,closed,True,True
24760,156,0,1,0,0.0,closed,False,False
24759,15,0,4,1,0.5,closed,True,True
24758,14,0,1,2,2.0,closed,False,False
24757,23,23,1,0,0.0,closed,False,False
24754,6,5,1,0,0.0,closed,False,False
24752,74,65,6,0,0.0,closed,False,False
24751,2478,2445,31,15,0.9375,closed,True,True
24750,563,533,3,8,2.0,closed,True,True
24748,8,7,0,0,0.0,closed,True,True
24747,1,1,0,0,0.0,closed,True,True
24745,6,6,0,0,0.0,closed,True,True
24744,49,148163,0,0,0.0,closed,True,True
24743,3,2,0,1,1.0,closed,True,True
24742,2,2,0,0,0.0,closed,False,False
24741,24,1,3,0,0.0,closed,False,False
24740,5,5,0,0,0.0,closed,True,True
24739,29,13,3,6,1.0,closed,True,True
24738,12,1,2,2,0.4,closed,True,True
24736,28,0,1,0,0.0,closed,False,False
24735,18,16,0,0,0.0,closed,True,True
24734,1,1,0,0,0.0,closed,True,True
24731,3,3,0,0,0.0,closed,True,True
24726,24,1,3,0,0.0,closed,False,False
24725,51,0,1,0,0.0,closed,False,False
24723,389,18,7,5,0.7142857142857143,closed,False,False
24722,2,2,0,0,0.0,closed,True,True
24721,6,1,0,1,0.5,closed,True,True
24715,0,0,1,0,0.0,closed,False,False
24714,1,1,0,0,0.0,closed,True,True
24713,1,1,0,0,0.0,closed,True,True
24707,4798,25978,0,0,0.0,closed,False,False
24704,1,1,0,0,0.0,closed,True,True
24702,1,15,0,0,0.0,closed,True,True
24701,1,1,0,0,0.0,closed,True,True
24700,6,4,0,0,0.0,closed,True,True
24698,113,219,7,6,1.5,closed,True,True
24697,18,2,0,0,0.0,closed,True,True
24696,15,15,1,0,0.0,closed,False,False
24694,81,20,2,0,0.0,closed,False,False
24693,1,2,0,4,2.0,closed,True,True
24692,6,2,0,1,1.0,closed,True,True
24691,56,6,2,10,2.0,closed,True,True
24689,16,16,3,0,0.0,closed,True,True
24686,1,1,0,0,0.0,closed,True,True
24685,26,14,8,5,0.8333333333333334,closed,True,True
24684,401,310,5,8,1.6,closed,True,True
24682,77,30,3,2,0.5,closed,True,True
24680,1,1,1,0,0.0,closed,True,True
24679,12,9,0,0,0.0,closed,True,True
24677,102,32,5,0,0.0,closed,True,True
24676,1,1,0,0,0.0,closed,True,True
24674,0,4,5,0,0.0,closed,False,False
24672,2,6,1,0,0.0,closed,False,False
24671,38,14,4,0,0.0,closed,False,False
24670,147,16,0,14,3.5,closed,True,True
24667,2,1,0,0,0.0,closed,True,True
24666,5,6,0,0,0.0,closed,True,True
24665,319,83,7,9,1.125,closed,False,False
24663,5,10,4,0,0.0,closed,True,True
24659,0,1,0,0,0.0,closed,True,True
24657,1,1,0,0,0.0,closed,True,True
24656,2,2,0,0,0.0,closed,True,True
24652,31,8,0,0,0.0,closed,True,True
24649,162,12,0,0,0.0,closed,True,True
24648,8,10,1,0,0.0,closed,False,False
24647,57,317,0,0,0.0,closed,True,True
24646,5,4,1,3,0.75,closed,True,True
24643,92,0,5,0,0.0,closed,True,True
24642,2,2,0,0,0.0,closed,True,True
24641,47,9,1,0,0.0,closed,True,True
24639,61,33,0,0,0.0,closed,False,False
24638,24,19,6,17,2.8333333333333335,closed,True,True
24637,1,5,3,0,0.0,closed,False,False
24636,2,2,0,0,0.0,closed,True,True
24635,8,0,3,0,0.0,closed,False,False
24633,140,372,0,11,5.5,closed,True,True
24631,1,1,0,0,0.0,closed,False,False
24629,162,114,2,0,0.0,closed,False,False
24621,1,1,0,0,0.0,closed,True,True
24620,6,18,8,2,0.6666666666666666,closed,True,True
24617,3,2,0,4,1.3333333333333333,closed,True,True
24616,43,13,1,5,1.25,closed,True,True
24615,917,58,19,10,2.5,closed,False,False
24614,4,3,2,0,0.0,closed,False,False
24613,102,14,3,2,0.4,closed,True,True
24610,77,3,0,6,1.2,closed,True,True
24608,12,6,1,0,0.0,closed,True,True
24605,15,8,0,0,0.0,closed,True,True
24603,2,3,2,1,0.3333333333333333,closed,True,True
24599,52,6,0,0,0.0,closed,False,False
24598,8,0,0,4,1.3333333333333333,closed,True,True
24597,8405,4023,1,0,0.0,closed,False,False
24595,1,1,0,0,0.0,closed,True,True
24593,28,14,0,0,0.0,closed,True,True
24591,23,4,3,1,1.0,closed,False,False
24590,1,0,0,0,0.0,closed,True,True
24589,17,0,0,0,0.0,closed,True,True
24588,1,1,1,0,0.0,closed,True,True
24587,18,1,1,0,0.0,closed,True,True
24586,42,21,1,0,0.0,closed,True,True
24583,1,1,0,0,0.0,closed,True,True
24579,3,12,0,0,0.0,closed,True,True
24576,50,28,0,0,0.0,closed,True,True
24574,2,2,0,0,0.0,closed,True,True
24573,3,3,0,0,0.0,closed,True,True
24570,27,5,7,9,1.5,closed,False,False
24569,23,15,1,0,0.0,closed,True,True
24567,17,15,3,2,1.0,closed,True,True
24566,1,1,4,0,0.0,closed,True,True
24561,2648,79,2,19,19.0,closed,False,False
24560,272,36,1,0,0.0,closed,False,False
24558,2,2,1,0,0.0,closed,True,True
24556,27,1,6,0,0.0,closed,False,False
24555,37,10,5,5,5.0,closed,False,False
24554,3,1,10,0,0.0,closed,False,False
24553,1999,834,1,0,0.0,closed,False,False
24552,61,33,1,9,2.25,closed,False,False
24550,102,49,0,0,0.0,closed,True,True
24548,906,1,3,0,0.0,closed,True,True
24547,42,9,0,9,2.25,closed,True,True
24546,162,6,5,2,0.6666666666666666,closed,True,True
24545,2,2,0,0,0.0,closed,True,True
24544,33,33,0,0,0.0,closed,True,True
24543,1,0,6,3,3.0,closed,False,False
24542,117,99,2,0,0.0,closed,False,False
24541,28,8,1,2,1.0,closed,True,True
24540,9,2,0,3,3.0,closed,True,True
24539,22,5,0,0,0.0,closed,True,True
24538,332,160,0,0,0.0,closed,True,True
24537,3,5,0,0,0.0,closed,True,True
24536,4,7,1,0,0.0,closed,True,True
24535,120,14,1,6,6.0,closed,True,True
24534,14,12,2,0,0.0,closed,False,False
24533,62,37,2,3,3.0,closed,True,True
24530,1,1,0,0,0.0,closed,True,True
24529,4,1,1,0,0.0,closed,True,True
24523,9,4,0,0,0.0,closed,True,True
24522,25,8,0,0,0.0,closed,True,True
24521,92,91,2,8,1.3333333333333333,closed,False,False
24517,1,1,0,0,0.0,closed,True,True
24515,3,1,1,0,0.0,closed,True,True
24512,1904,93,1,0,0.0,closed,False,False
24511,1989,93,0,0,0.0,closed,False,False
24510,83,40,2,5,0.2777777777777778,closed,True,True
24509,1,1,0,0,0.0,closed,True,True
24507,4,4,2,1,1.0,closed,True,True
24506,307,168,0,36,2.5714285714285716,closed,True,True
24505,68,52,6,0,0.0,closed,True,True
24504,1,1,0,0,0.0,closed,True,True
24498,2,1,0,0,0.0,closed,True,True
24494,1,1,1,0,0.0,closed,True,True
24493,27,14,4,0,0.0,closed,False,False
24492,3,1,3,2,0.6666666666666666,closed,False,False
24491,35,8,1,2,2.0,closed,False,False
24490,3,1,5,2,0.6666666666666666,closed,True,True
24488,3,3,0,0,0.0,closed,True,True
24486,223,2,0,0,0.0,closed,True,True
24481,236,107,1,7,7.0,closed,False,False
24479,137,98,5,0,0.0,closed,True,True
24477,22,3,5,5,1.25,closed,True,True
24476,16,16,4,0,0.0,closed,True,True
24475,1,1,1,1,0.5,closed,True,True
24474,25,0,0,0,0.0,closed,False,False
24473,61,91,3,0,0.0,closed,True,True
24470,1,1,0,3,0.75,closed,True,True
24468,200,5,9,5,5.0,closed,False,False
24467,71,20,1,0,0.0,closed,False,False
24465,248,7,5,0,0.0,closed,False,False
24464,1,1,2,1,1.0,closed,False,False
24463,194,2,5,0,0.0,closed,False,False
24462,248,7,1,0,0.0,closed,False,False
24460,145,15,0,3,1.5,closed,True,True
24458,5,2,0,3,1.0,closed,True,True
24455,43,7,0,1,1.0,closed,False,False
24454,50,41,2,2,0.6666666666666666,closed,True,True
24452,61,12,4,11,1.5714285714285714,closed,True,True
24451,1,1,0,0,0.0,closed,True,True
24450,215,170,0,0,0.0,closed,False,False
24449,8,4,0,0,0.0,closed,True,True
24446,102,40,0,1,0.5,closed,False,False
24445,252,107,3,0,0.0,closed,False,False
24443,8,0,0,0,0.0,closed,True,True
24440,231,92,3,0,0.0,closed,True,True
24433,344,1,0,0,0.0,closed,False,False
24432,2,2,0,0,0.0,closed,True,True
24428,344,1,0,0,0.0,closed,False,False
24427,861,30,1,0,0.0,closed,False,False
24426,7,1,1,0,0.0,closed,False,False
24425,9,0,3,0,0.0,closed,True,True
24423,1,1,1,0,0.0,closed,False,False
24420,163,55,1,0,0.0,closed,True,True
24419,5,1,1,0,0.0,closed,False,False
24418,6,4,0,0,0.0,closed,True,True
24417,74,74,4,0,0.0,closed,False,False
24415,2,2,1,0,0.0,closed,True,True
24414,1,0,0,0,0.0,closed,False,False
24408,1,2,0,0,0.0,closed,True,True
24407,210,32,5,0,0.0,closed,True,True
24405,224,137,2,4,1.0,closed,False,False
24403,413,35,1,10,10.0,closed,True,True
24402,12,6,0,0,0.0,closed,False,False
24401,2,2,2,0,0.0,closed,False,False
24400,16508,9254,0,0,0.0,closed,False,False
24398,69,3,3,4,0.6666666666666666,closed,True,True
24395,16,0,0,0,0.0,closed,True,True
24394,38,0,0,0,0.0,closed,True,True
24393,50,9,1,0,0.0,closed,False,False
24392,30,0,0,0,0.0,closed,True,True
24391,93,0,0,2,2.0,closed,True,True
24389,32,1,3,2,2.0,closed,False,False
24387,15,0,6,0,0.0,closed,False,False
24385,1,2,0,0,0.0,closed,True,True
24384,0,11,0,0,0.0,closed,False,False
24383,3,1,3,0,0.0,closed,False,False
24382,3,2,2,4,2.0,closed,False,False
24379,17,1,1,4,4.0,closed,False,False
24377,104,20,3,0,0.0,closed,False,False
24376,104,20,0,0,0.0,closed,False,False
24375,16,16,0,0,0.0,closed,False,False
24373,0,0,0,0,0,closed,False,False
24372,2,2,0,4,2.0,closed,True,True
24370,3,27,7,0,0.0,closed,True,True
24369,0,8,0,0,0.0,closed,True,True
24364,417,57,3,14,1.5555555555555556,closed,True,True
24363,3,3,4,0,0.0,closed,True,True
24358,199,21,1,1,0.25,closed,False,False
24357,665,112,1,21,1.2352941176470589,closed,True,True
24356,3,3,0,0,0.0,closed,True,True
24355,41,0,1,0,0.0,closed,True,True
24354,44,21,2,0,0.0,closed,False,False
24353,2,2,0,0,0.0,closed,False,False
24349,3,0,0,4,4.0,closed,True,True
24348,193,45,2,0,0.0,closed,False,False
24343,1,1,1,0,0.0,closed,True,True
24342,12,9,0,0,0.0,closed,True,True
24337,1,1,1,0,0.0,closed,False,False
24335,5,5,0,0,0.0,closed,True,True
24333,17,4,4,0,0.0,closed,False,False
24328,4,11,0,0,0.0,closed,True,True
24326,164,136,5,18,3.6,closed,True,True
24325,5,3,1,0,0.0,closed,False,False
24324,3,3,0,0,0.0,closed,True,True
24323,1,1,0,0,0.0,closed,True,True
24321,10,4,0,0,0.0,closed,True,True
24320,36,175,0,0,0.0,closed,True,True
24318,140,32,1,0,0.0,closed,False,False
24314,1,1,1,0,0.0,closed,True,True
24313,1,0,2,0,0.0,closed,True,True
24311,6,2,3,0,0.0,closed,True,True
24310,5,1,0,0,0.0,closed,False,False
24304,19,35,0,0,0.0,closed,True,True
24301,2,0,1,0,0.0,closed,False,False
24300,0,3,0,0,0.0,closed,True,True
24298,7,1,0,0,0.0,closed,True,True
24297,5,0,0,0,0.0,closed,True,True
24296,2126,87,1,0,0.0,closed,False,False
24292,1,0,1,0,0.0,closed,True,True
24290,1,1,0,0,0.0,closed,False,False
24289,1,1,0,0,0.0,closed,True,True
24288,5,7,0,0,0.0,closed,True,True
24286,2,1,0,0,0.0,closed,True,True
24285,7,9,1,0,0.0,closed,False,False
24283,121,129,7,6,1.2,closed,True,True
24282,96,15,5,12,1.5,closed,True,True
24281,1,1,0,0,0.0,closed,True,True
24280,701,320,2,6,1.0,closed,True,True
24277,1,7,0,0,0.0,closed,True,True
24276,864,18,1,0,0.0,closed,True,True
24275,216,16,0,0,0.0,closed,False,False
24271,2,4,0,0,0.0,closed,True,True
24270,1,1,0,0,0.0,closed,True,True
24269,121,43,5,0,0.0,closed,False,False
24268,198,6,5,5,0.38461538461538464,closed,True,True
24266,3,3,2,2,2.0,closed,True,True
24263,2,2,1,0,0.0,closed,True,True
24262,1,1,2,0,0.0,closed,False,False
24261,4,5,0,0,0.0,closed,False,False
24259,126,276,2,0,0.0,closed,False,False
24257,33,0,2,0,0.0,closed,True,True
24256,16,32,4,0,0.0,closed,True,True
24255,183,64,0,0,0.0,closed,True,True
24254,2,3,1,0,0.0,closed,False,False
24253,15,5,3,0,0.0,closed,False,False
24252,8,8,4,0,0.0,closed,True,True
24251,2693,466,5,4,0.8,closed,True,True
24250,66,1,1,0,0.0,closed,True,True
24249,58,13,4,0,0.0,closed,True,True
24247,1,1,0,0,0.0,closed,False,False
24244,1,1,1,0,0.0,closed,True,True
24242,3,4,2,0,0.0,closed,True,True
24239,18,7,0,0,0.0,closed,False,False
24236,170,77,4,18,2.5714285714285716,closed,True,True
24235,1,1,1,6,6.0,closed,False,False
24231,139,1,2,0,0.0,closed,True,True
24228,1,1,0,0,0.0,closed,False,False
24224,1,1,0,0,0.0,closed,True,True
24222,112,0,3,0,0.0,closed,False,False
24221,5,5,0,0,0.0,closed,True,True
24220,152,1,2,0,0.0,closed,True,True
24219,1751,88,1,0,0.0,closed,False,False
24211,50,26,1,5,2.5,closed,True,True
24210,1,1,5,0,0.0,closed,True,True
24207,2,2,0,0,0.0,closed,True,True
24205,1,1,1,0,0.0,closed,True,True
24200,4,1,1,0,0.0,closed,True,True
24199,57,4,1,2,2.0,closed,True,True
24198,1,1,0,0,0.0,closed,True,True
24197,11,12,1,0,0.0,closed,True,True
24196,1,1,0,0,0.0,closed,True,True
24194,4,4,0,0,0.0,closed,True,True
24191,10,13,1,0,0.0,closed,True,True
24190,13,2,0,0,0.0,closed,True,True
24189,5,2,0,0,0.0,closed,True,True
24188,3,0,0,0,0.0,closed,True,True
24186,2,2,0,0,0.0,closed,True,True
24185,1,1,0,0,0.0,closed,True,True
24181,114,109,1,0,0.0,closed,False,False
24171,3,3,1,0,0.0,closed,True,True
24169,38,0,1,0,0.0,closed,True,True
24165,3,3,1,0,0.0,closed,True,True
24163,6,0,0,0,0.0,closed,False,False
24153,2,2,3,0,0.0,closed,True,True
24147,8,1,0,0,0.0,closed,True,True
24144,15,15,0,0,0.0,closed,True,True
24143,2,2,0,0,0.0,closed,True,True
24142,193,182,5,0,0.0,closed,False,False
24141,124,29,5,14,1.1666666666666667,closed,True,True
24140,17,8,1,7,7.0,closed,False,False
24139,10,2,1,0,0.0,closed,True,True
24135,19,0,2,0,0.0,closed,False,False
24128,1,1,0,0,0.0,closed,True,True
24126,286,181,10,5,0.2,closed,True,True
24123,3,3,1,0,0.0,closed,True,True
24122,2,2,1,0,0.0,closed,True,True
24120,35,37,7,0,0.0,closed,True,True
24119,227,47,4,10,0.625,closed,True,True
24118,39,5,3,0,0.0,closed,False,False
24117,20,8,1,0,0.0,closed,True,True
24114,8,0,3,0,0.0,closed,False,False
24113,203,224,7,3,0.6,closed,False,False
24112,3,3,0,0,0.0,closed,True,True
24105,16,1,0,0,0.0,closed,False,False
24104,1,1,0,0,0.0,closed,True,True
24103,3,5,5,0,0.0,closed,False,False
24102,152,1,1,5,1.25,closed,False,False
24093,102,16,3,1,0.3333333333333333,closed,True,True
24092,11,12,4,0,0.0,closed,True,True
24091,22529,5578,1,0,0.0,closed,False,False
24090,737,63,1,2,0.13333333333333333,closed,False,False
24087,6894,3597,1,0,0.0,closed,False,False
24086,1,1,2,0,0.0,closed,True,True
24085,0,5,1,0,0.0,closed,True,True
24084,874,280,0,0,0.0,closed,False,False
24081,3,3,1,0,0.0,closed,False,False
24080,2,3,0,4,4.0,closed,True,True
24077,145,39,4,1,0.14285714285714285,closed,True,True
24076,50,15,2,1,1.0,closed,False,False
24075,5,7,0,0,0.0,closed,True,True
24074,18,18,9,0,0.0,closed,False,False
24072,0,3,0,0,0.0,closed,True,True
24071,275,373,9,7,1.75,closed,False,False
24069,142,87,0,0,0.0,closed,True,True
24068,125,23,1,1,0.3333333333333333,closed,False,False
24067,97,59,3,5,1.0,closed,True,True
24066,0,17,0,0,0.0,closed,True,True
24062,24,0,1,0,0.0,closed,False,False
24058,42,6,2,3,3.0,closed,True,True
