37930,152,81,0,0,0.0,open,False,False
37924,7,6,5,0,0.0,closed,True,True
37908,66300,283,5,21,0.04007633587786259,open,False,False
37902,7,1,0,0,0.0,closed,True,True
37900,4233,1,0,0,0.0,open,False,False
37896,6,6,0,0,0.0,closed,True,True
37895,8,16,0,0,0.0,open,False,False
37887,42,42,0,0,0.0,closed,True,True
37879,15,15,2,10,5.0,closed,True,True
37877,5,0,2,0,0.0,closed,True,True
37862,21,1,6,0,0.0,open,False,False
37852,52,1,10,7,0.875,open,False,False
37830,3,0,0,0,0.0,closed,False,False
37825,1,41,0,2,1.0,closed,True,True
37823,0,19,2,0,0.0,open,False,False
37822,1,1,0,0,0.0,open,False,False
37811,82,2,0,1,0.14285714285714285,open,False,False
37809,5,5,0,0,0.0,closed,True,True
37806,11,2,1,1,1.0,open,False,False
37804,57,15,6,2,1.0,open,False,False
37791,1,1,0,0,0.0,open,False,False
37789,4,0,0,0,0.0,open,False,False
37788,159,22,0,2,0.18181818181818182,closed,True,True
37787,247,24,0,0,0.0,closed,True,True
37778,670,76,21,10,1.6666666666666667,open,False,False
37769,5688,65,2,2,0.05714285714285714,closed,True,True
37763,1,1,0,0,0.0,closed,True,True
37762,1077,4,1,0,0.0,closed,True,True
37757,12,1,0,0,0.0,open,False,False
37747,2135,149,0,0,0.0,closed,True,True
37744,4,0,4,0,0.0,open,False,False
37743,572,65,10,1,0.041666666666666664,open,False,False
37736,66,104,3,21,5.25,closed,True,True
37730,183,10,0,0,0.0,closed,True,True
37718,3,0,9,0,0.0,closed,True,True
37700,1,0,0,0,0.0,closed,False,False
37690,11,4,0,0,0.0,open,False,False
37689,377,8,13,10,0.2777777777777778,open,False,False
37685,6,0,2,0,0.0,closed,True,True
37680,44,0,0,0,0.0,closed,True,True
37678,157,0,0,0,0.0,closed,True,True
37673,7,7,11,0,0.0,closed,True,True
37670,4120,1,1,1,0.1,closed,False,False
37657,838,154,1,6,0.375,closed,True,True
37654,14,2,10,2,0.5,closed,True,True
37652,4301,99,7,3,0.15789473684210525,open,False,False
37651,108,54,7,2,0.08333333333333333,open,False,False
37648,92,0,1,0,0.0,open,False,False
37642,93,0,2,0,0.0,closed,False,False
37639,14,4,1,0,0.0,closed,False,False
37637,5,1,3,0,0.0,closed,False,False
37635,5,1,7,0,0.0,closed,False,False
37628,181,53,9,3,0.14285714285714285,open,False,False
37626,92,0,4,1,0.16666666666666666,open,False,False
37625,1,1,3,0,0.0,closed,True,True
37620,2,1,0,0,0.0,open,False,False
37619,145,7,0,0,0.0,closed,True,True
37617,13,4,3,0,0.0,closed,True,True
37611,1,1,4,0,0.0,closed,True,True
37610,12,3,1,0,0.0,closed,False,False
37607,465,62,1,12,0.5454545454545454,closed,True,True
37606,7,145,2,0,0.0,closed,True,True
37604,43,150,1,0,0.0,closed,False,False
37601,69,0,7,0,0.0,closed,True,True
37600,145,7,0,2,0.6666666666666666,closed,True,True
37599,2,2,3,0,0.0,closed,True,True
37598,34,11,3,0,0.0,open,False,False
37597,190,71,2,2,0.2857142857142857,closed,True,True
37581,15,8,0,0,0.0,open,False,False
37579,1474,1450,5,4,0.5714285714285714,open,False,False
37577,75,6,0,2,2.0,open,False,False
37574,2,7,13,0,0.0,open,False,False
37563,1,1,0,0,0.0,open,False,False
37550,2,0,3,0,0.0,closed,True,True
37547,2,10,12,1,0.25,closed,True,True
37546,346,86,3,16,1.6,closed,False,False
37542,73,6,0,0,0.0,closed,True,True
37516,387,607,1,10,0.12987012987012986,closed,True,True
37515,22,9,2,5,5.0,closed,True,True
37505,81,62,2,2,0.2222222222222222,open,False,False
37491,17,2,4,3,1.0,open,False,False
37475,135,4,2,0,0.0,closed,True,True
37466,52,0,3,0,0.0,closed,True,True
37461,889,0,6,46,1.2432432432432432,closed,True,True
37455,41,27,4,5,0.15151515151515152,closed,True,True
37452,1,0,7,1,0.5,closed,False,False
37441,135,4,3,0,0.0,closed,False,False
37432,0,6,6,0,0.0,closed,False,False
37427,708,1,4,6,0.5,closed,True,True
37417,1,9,1,0,0.0,closed,True,True
37414,1,0,3,0,0.0,closed,True,True
37407,147,13,1,0,0.0,closed,True,True
37403,23,7,0,0,0.0,closed,True,True
37400,51,43,1,1,0.16666666666666666,closed,True,True
37385,93,7,2,3,1.0,closed,True,True
37375,1,1,4,2,1.0,closed,True,True
37373,309,27,17,1,0.3333333333333333,closed,True,True
37369,3,3,6,0,0.0,closed,True,True
37366,109,12,6,7,1.1666666666666667,closed,True,True
37328,4,0,1,0,0.0,closed,True,True
37324,426,104,6,4,0.8,closed,True,True
37321,23,0,3,0,0.0,closed,True,True
37309,16,0,2,0,0.0,closed,True,True
37289,7,1,2,0,0.0,closed,True,True
37286,5,2,3,0,0.0,closed,True,True
37283,1,1,4,0,0.0,closed,True,True
37188,843,92,4,7,0.07216494845360824,closed,True,True
37157,1,1,1,0,0.0,closed,True,True
37149,500,245,15,13,0.7647058823529411,closed,True,True
37130,14,0,0,0,0.0,closed,True,True
37122,57,2,0,0,0.0,closed,True,True
37098,0,12,0,0,0.0,closed,True,True
37074,593,97,13,5,0.22727272727272727,open,False,False
37062,25,5,19,0,0.0,closed,True,True
37056,97,75,0,10,1.6666666666666667,closed,True,True
37053,89755,13293,0,0,0.0,closed,False,False
37052,8,0,0,0,0.0,closed,True,True
37047,86,13,1,2,1.0,closed,True,True
37042,14,18,0,0,0.0,closed,True,True
37033,13,2,0,0,0.0,closed,True,True
37015,7,8,0,0,0.0,closed,True,True
37014,1,0,0,0,0.0,closed,True,True
37009,6,18,0,0,0.0,closed,True,True
37007,165,11,1,0,0.0,closed,True,True
37005,12,5,5,0,0.0,closed,True,True
37001,100,48,35,4,0.18181818181818182,open,False,False
36997,50,8,1,0,0.0,closed,True,True
36994,5,5,0,0,0.0,closed,True,True
36975,6,6,0,2,2.0,closed,True,True
36965,5,5,3,0,0.0,closed,True,True
36951,1,1,0,0,0.0,closed,True,True
36950,1889,1845,6,0,0.0,closed,True,True
36939,68,11,4,6,0.46153846153846156,closed,True,True
36934,0,149,0,0,0.0,closed,True,True
36909,11,6916,3,0,0.0,closed,True,True
36905,13,4,1,0,0.0,closed,True,True
36903,519,619,1,13,2.6,closed,True,True
36900,60,19,0,1,0.3333333333333333,closed,False,False
36892,40,0,6,0,0.0,closed,True,True
36890,4,0,4,0,0.0,closed,True,True
36887,15,9,0,0,0.0,closed,True,True
36879,42,42,8,0,0.0,closed,True,True
36873,121,141,0,0,0.0,closed,True,True
36869,8,1,4,0,0.0,closed,True,True
36867,4,3,1,0,0.0,closed,True,True
36858,325,173,0,0,0.0,closed,True,True
36857,10,5,0,0,0.0,closed,True,True
36813,1793,104,5,0,0.0,open,False,False
36789,2,2,0,0,0.0,closed,True,True
36778,133,64,0,0,0.0,closed,True,True
36777,1,7,2,0,0.0,closed,True,True
36772,69,8684,3,13,1.1818181818181819,closed,True,True
36769,18,3,1,1,0.5,closed,True,True
36766,3,3,0,0,0.0,closed,True,True
36761,5,0,2,0,0.0,closed,True,True
36753,66,15,1,0,0.0,open,False,False
36751,107,26,0,7,0.875,closed,True,True
36735,2,1,8,2,2.0,closed,True,True
36721,11,0,0,0,0.0,closed,True,True
36720,113,46,2,2,0.6666666666666666,closed,True,True
36717,250,106,5,1,0.2,closed,True,True
36714,2,1,0,0,0.0,closed,True,True
36705,5,0,3,0,0.0,closed,False,False
36700,9,4,1,0,0.0,closed,True,True
36681,2,1,2,0,0.0,open,False,False
36665,34,24,3,4,0.6666666666666666,open,False,False
36635,2,1,0,0,0.0,closed,True,True
36631,184,19,2,3,0.6,closed,True,True
36590,2,0,0,0,0.0,closed,True,True
36580,95,25,11,26,1.0833333333333333,closed,True,True
36569,1,0,1,0,0.0,closed,True,True
36565,2,2,0,0,0.0,closed,True,True
36560,9,3,2,0,0.0,closed,True,True
36559,203,98,5,2,0.3333333333333333,closed,True,True
36534,9,9,0,0,0.0,closed,True,True
36529,5,0,0,0,0.0,closed,True,True
36517,164,25,4,17,2.8333333333333335,closed,True,True
36506,1,0,1,0,0.0,closed,True,True
36499,2,2,1,0,0.0,closed,True,True
36484,2,6,0,0,0.0,closed,True,True
36467,10,3,4,5,1.0,closed,True,True
36463,1,2,1,0,0.0,closed,True,True
36438,23,0,2,4,0.8,closed,True,True
36430,75,0,2,0,0.0,closed,False,False
36429,68,25,0,5,0.45454545454545453,closed,True,True
36428,3,3,0,0,0.0,closed,True,True
36417,4,1,2,0,0.0,closed,True,True
36413,66363,3109,0,0,0.0,closed,False,False
36408,26,0,3,8,2.0,closed,True,True
36404,20,0,1,3,1.0,closed,True,True
36392,100,93,1,7,1.1666666666666667,closed,True,True
36390,2,2,3,0,0.0,closed,True,True
36376,7,6,16,7,1.4,closed,True,True
36359,52,50,0,0,0.0,closed,True,True
36356,40,10,0,0,0.0,closed,True,True
36338,1,1,0,0,0.0,closed,True,True
36335,82,69,0,7,2.3333333333333335,closed,True,True
36329,330,2,2,13,1.8571428571428572,closed,True,True
36327,54,61,14,14,0.875,closed,True,True
36320,4,2,0,0,0.0,closed,True,True
36317,73,0,8,3,0.5,closed,True,True
36311,1,0,0,0,0.0,closed,False,False
36310,7,7,0,0,0.0,closed,True,True
36308,8,7,1,5,2.5,closed,True,True
36299,1,0,0,0,0.0,closed,True,True
36297,71,18,7,16,1.0,closed,True,True
36290,0,0,2,0,0.0,closed,True,True
36282,298,19,4,11,0.6470588235294118,closed,True,True
36280,10,0,2,0,0.0,closed,True,True
36264,19,9,5,9,1.8,closed,True,True
36244,1,1,2,0,0.0,closed,True,True
36242,1,1,0,0,0.0,closed,True,True
36235,777,509,0,23,0.34328358208955223,closed,True,True
36232,1,0,0,0,0.0,closed,True,True
36228,30,4,0,0,0.0,closed,True,True
36222,327,33,6,6,0.375,closed,False,False
36217,528,340,2,0,0.0,closed,True,True
36215,7094,138,23,6,0.20689655172413793,closed,True,True
36207,25,11,12,5,0.7142857142857143,closed,True,True
36204,26,3,5,16,2.2857142857142856,closed,True,True
36202,2,2,8,0,0.0,closed,True,True
36194,10,2,18,0,0.0,closed,True,True
36187,4,4,3,0,0.0,closed,True,True
36176,10,0,2,0,0.0,closed,True,True
36174,6,0,3,0,0.0,closed,True,True
36172,11,1,1,5,2.5,closed,True,True
36159,4,0,6,0,0.0,closed,False,False
36143,9,8,1,0,0.0,closed,True,True
36138,5,0,3,1,0.3333333333333333,closed,True,True
36136,3,2,10,10,2.0,closed,True,True
36133,18,0,2,0,0.0,closed,True,True
36115,3,134,7,0,0.0,closed,True,True
36111,50,46,1,0,0.0,closed,True,True
36100,8,1,0,0,0.0,closed,True,True
36096,19,11,2,0,0.0,closed,True,True
36095,316,50,4,18,1.3846153846153846,closed,True,True
36093,15,12,1,0,0.0,closed,True,True
36086,151,14,0,0,0.0,closed,True,True
36055,2,0,5,0,0.0,closed,True,True
36049,502,220,15,15,0.23809523809523808,closed,True,True
36036,1,0,0,0,0.0,closed,True,True
36000,96,32,3,0,0.0,closed,True,True
35952,48,4,0,0,0.0,closed,True,True
35950,288,64,7,0,0.0,closed,False,False
35943,34,34,3,0,0.0,closed,True,True
35942,83,57,0,0,0.0,closed,False,False
35926,4,0,2,0,0.0,closed,True,True
35925,16,22,0,0,0.0,closed,True,True
35922,8,0,0,0,0.0,closed,True,True
35921,1017,2,0,0,0.0,closed,False,False
35913,967,538,7,19,0.6333333333333333,closed,True,True
35907,0,3,1,0,0.0,closed,True,True
35905,33,0,0,0,0.0,closed,True,True
35902,2562,910,8,4,0.05405405405405406,closed,True,True
35890,90,0,6,6,0.42857142857142855,closed,True,True
35889,69,1,1,0,0.0,closed,False,False
35887,332,100,5,3,0.2727272727272727,closed,True,True
35885,3,3,0,0,0.0,closed,True,True
35882,17246,2697,4,0,0.0,closed,False,False
35880,17201,20,20,53,0.5463917525773195,closed,True,True
35871,1,1,5,0,0.0,closed,False,False
35832,1246,109,9,0,0.0,closed,True,True
35801,5,1,0,1,0.5,closed,True,True
35778,2,2,7,0,0.0,closed,True,True
35767,2,2,0,0,0.0,closed,True,True
35757,98,62,6,0,0.0,closed,True,True
35749,5,5,1,2,0.6666666666666666,closed,True,True
35739,4,4,2,0,0.0,closed,False,False
35726,698,661,2,0,0.0,closed,True,True
35716,185,105,1,0,0.0,closed,True,True
35711,10,0,1,7,1.0,closed,True,True
35694,26,6,1,0,0.0,closed,False,False
35693,69,79,0,2,0.25,closed,True,True
35691,1,0,1,0,0.0,closed,True,True
35689,3,19,2,0,0.0,closed,False,False
35687,132,455,0,0,0.0,closed,False,False
35681,2,2,2,0,0.0,closed,True,True
35678,2,2,0,0,0.0,closed,True,True
35663,7,0,0,0,0.0,closed,True,True
35658,0,0,3,0,0.0,closed,True,True
35656,67,50,12,2,0.3333333333333333,closed,True,True
35652,40,25,3,0,0.0,closed,True,True
35651,52,21,17,7,1.4,closed,True,True
35637,16,7,0,2,1.0,closed,True,True
35635,18,10,0,0,0.0,closed,True,True
35626,4,4,1,0,0.0,closed,False,False
35622,11,90,2,2,0.5,closed,True,True
35607,419,0,2,0,0.0,closed,False,False
35603,3,3,2,0,0.0,closed,True,True
35601,1013,2,7,7,1.1666666666666667,closed,True,True
35600,7,2,2,0,0.0,closed,True,True
35599,2,2,0,0,0.0,closed,True,True
35597,488,4,0,1,1.0,closed,True,True
35582,38,6,1,0,0.0,closed,True,True
35559,199,139,10,10,0.625,closed,True,True
35539,400,199,24,2,0.5,closed,True,True
35538,5,4,6,0,0.0,closed,True,True
35535,5,0,0,0,0.0,closed,True,True
35532,24141,9,2,0,0.0,closed,False,False
35528,17,3,3,0,0.0,closed,True,True
35524,24118,8,0,0,0.0,closed,False,False
35521,1680,962,7,1,0.041666666666666664,closed,True,True
35520,10,2,0,0,0.0,closed,True,True
35518,4,1,8,0,0.0,closed,False,False
35500,23,2,3,5,5.0,closed,True,True
35480,668,556,2,9,0.19148936170212766,closed,True,True
35465,4,4,1,0,0.0,closed,True,True
35464,13,3,0,0,0.0,closed,True,True
35462,31,7,2,0,0.0,closed,True,True
35459,27,9,2,4,0.6666666666666666,closed,True,True
35455,26,5,2,0,0.0,closed,True,True
35453,6,0,3,0,0.0,closed,True,True
35447,2,2,0,0,0.0,closed,True,True
35433,287,0,6,10,1.4285714285714286,open,False,False
35429,27,7,2,0,0.0,closed,True,True
35427,47,33,0,0,0.0,closed,True,True
35426,18,11,2,0,0.0,closed,True,True
35418,790,88,28,34,1.7894736842105263,open,False,False
35381,16,16,0,0,0.0,closed,True,True
35380,10,10,0,0,0.0,closed,True,True
35379,0,1,0,0,0.0,closed,True,True
35367,8,3,4,0,0.0,closed,True,True
35353,15,303,1,0,0.0,closed,True,True
35352,3,0,0,0,0.0,closed,True,True
35321,1,1,1,0,0.0,closed,True,True
35297,399,138,4,0,0.0,closed,True,True
35296,9,9,0,0,0.0,closed,True,True
35275,1,0,0,0,0.0,closed,True,True
35256,10,2,0,0,0.0,closed,True,True
35248,199,1,4,0,0.0,closed,True,True
35237,14,5,0,0,0.0,closed,True,True
35236,15,2,0,0,0.0,closed,True,True
35235,3,3,3,0,0.0,closed,True,True
35233,13,0,0,0,0.0,closed,True,True
35221,3,1,2,1,0.3333333333333333,closed,True,True
35201,209,37,2,0,0.0,open,False,False
35183,1,0,0,0,0.0,closed,True,True
35176,1,1,0,0,0.0,closed,True,True
35168,52,0,2,0,0.0,closed,False,False
35167,1414,603,0,0,0.0,closed,True,True
35163,52,24,0,0,0.0,closed,True,True
35156,1965,839,4,0,0.0,closed,True,True
35146,3,3,0,0,0.0,closed,True,True
35145,93,80,0,0,0.0,closed,True,True
35140,10,1,2,4,1.0,closed,True,True
35139,16,16,0,0,0.0,closed,True,True
35122,455,132,11,3,0.375,closed,True,True
35113,0,7,0,0,0.0,closed,True,True
35109,100,61,0,0,0.0,closed,False,False
35107,24,0,1,0,0.0,open,False,False
35105,9,18,0,4,4.0,closed,False,False
35101,80,126,2,2,0.6666666666666666,closed,True,True
35100,5,5,0,0,0.0,closed,True,True
35095,79,61,7,4,0.5,closed,True,True
35087,4,1,0,0,0.0,closed,True,True
35085,3,3,1,0,0.0,closed,True,True
35084,23,8,0,0,0.0,closed,True,True
35080,9,0,0,0,0.0,closed,True,True
35076,81,147,9,12,1.3333333333333333,closed,True,True
35073,28,66,1,0,0.0,closed,True,True
35072,2,0,1,0,0.0,closed,True,True
35070,5,5,2,0,0.0,closed,True,True
35067,67,27,0,0,0.0,closed,True,True
35066,6,0,7,0,0.0,closed,True,True
35064,69,64,0,0,0.0,closed,True,True
35060,2,3,0,0,0.0,closed,True,True
35059,56,13,1,0,0.0,closed,False,False
35047,49,34,1,0,0.0,closed,True,True
35036,1,1,0,0,0.0,closed,True,True
35026,54,11,12,0,0.0,closed,True,True
35023,1,1,0,0,0.0,closed,True,True
35018,31,0,0,0,0.0,closed,True,True
35006,1,0,1,0,0.0,closed,True,True
35002,34,23,6,0,0.0,closed,True,True
35000,87,5,3,1,0.1,closed,True,True
34999,3,3,2,0,0.0,closed,True,True
34991,19,3,0,0,0.0,closed,True,True
34985,246,240,0,0,0.0,closed,True,True
34984,1268,1261,16,21,0.25,closed,True,True
34971,754,25,7,13,1.0833333333333333,closed,True,True
34965,2513,873,3,0,0.0,closed,True,True
34948,84,11,4,3,0.15789473684210525,closed,True,True
34936,21341,4,0,0,0.0,closed,False,False
34931,20861,4,1,0,0.0,closed,False,False
34912,4,2,0,0,0.0,closed,True,True
34905,40,33,0,0,0.0,closed,True,True
34853,690,1,1,0,0.0,closed,True,True
34848,2,8,4,0,0.0,closed,False,False
34845,14,31,0,0,0.0,closed,True,True
34844,1,1,0,2,1.0,closed,True,True
34824,58,5,15,0,0.0,closed,False,False
34821,9,41,0,0,0.0,closed,True,True
34819,11,0,1,4,0.6666666666666666,closed,True,True
34802,4,1,3,0,0.0,closed,True,True
34753,8,8,0,0,0.0,closed,True,True
34747,3,3,1,0,0.0,closed,True,True
34718,30,6,4,0,0.0,closed,True,True
34717,259,230,8,0,0.0,closed,True,True
34697,2,0,5,0,0.0,closed,True,True
34691,19244,1,0,0,0.0,closed,False,False
34689,10,1,1,0,0.0,closed,True,True
34640,3,1,0,0,0.0,closed,True,True
34627,43,3,0,0,0.0,closed,True,True
34622,87,60,7,8,1.0,closed,True,True
34602,17,0,0,2,1.0,closed,True,True
34600,1,1,0,0,0.0,closed,True,True
34596,1,1,1,0,0.0,closed,True,True
34564,34,7,6,1,0.3333333333333333,closed,True,True
34563,17720,1,0,0,0.0,closed,False,False
34561,4,4,2,0,0.0,closed,True,True
34553,10,1,3,0,0.0,closed,True,True
34551,15,6,2,0,0.0,closed,False,False
34544,135,330,2,0,0.0,closed,True,True
34539,4,0,0,0,0.0,closed,True,True
34536,31,22,3,0,0.0,closed,False,False
34534,7,6,0,0,0.0,closed,True,True
34533,1,0,4,0,0.0,closed,True,True
34505,8,0,6,1,0.3333333333333333,closed,False,False
34504,1,1,0,0,0.0,closed,True,True
34497,84,38,0,0,0.0,closed,True,True
34485,17447,1,0,0,0.0,closed,False,False
34484,3,6,5,2,2.0,closed,True,True
34477,17,3,0,0,0.0,closed,True,True
34476,0,1,0,0,0.0,closed,True,True
34475,3,3,1,0,0.0,closed,True,True
34468,3,3,0,0,0.0,closed,True,True
34466,2,1,0,0,0.0,closed,True,True
34465,1,1,0,0,0.0,closed,True,True
34461,7,0,1,1,0.5,closed,True,True
34451,3,3,0,0,0.0,closed,True,True
34450,2,2,0,0,0.0,closed,True,True
34449,20,23,2,0,0.0,closed,True,True
34447,3,1,1,0,0.0,closed,True,True
34442,21,7,3,2,0.3333333333333333,closed,True,True
34439,2,3,3,0,0.0,closed,True,True
34437,71,61,2,2,0.5,closed,False,False
34435,41,39,0,0,0.0,closed,True,True
34428,63,32,0,11,3.6666666666666665,open,False,False
34424,2,1,3,0,0.0,open,False,False
34422,1,8,0,0,0.0,closed,True,True
34420,4,3,3,0,0.0,closed,False,False
34419,54,70,4,1,0.16666666666666666,closed,True,True
34415,14,51,0,0,0.0,closed,False,False
34414,31,1,0,0,0.0,closed,True,True
34412,57,75,3,12,1.3333333333333333,closed,True,True
34404,18,24,0,0,0.0,closed,True,True
34399,1,1,4,0,0.0,closed,True,True
34398,1,1,0,1,1.0,closed,False,False
34395,1575,485,0,1,0.06666666666666667,closed,True,True
34385,3,1,0,1,0.5,closed,False,False
34384,10,18,2,0,0.0,closed,True,True
34367,2,2,0,0,0.0,closed,True,True
34337,1,0,0,0,0.0,closed,True,True
34336,22,13,0,0,0.0,closed,True,True
34333,281,308,12,0,0.0,closed,True,True
34324,12805,12,4,19,0.06209150326797386,closed,True,True
34316,153,50,4,0,0.0,closed,True,True
34315,16,32,6,0,0.0,closed,False,False
34314,1,0,2,0,0.0,closed,True,True
34308,50,11,4,7,3.5,closed,True,True
34297,15,7,0,0,0.0,closed,True,True
34289,32,4,5,3,1.5,closed,True,True
34274,382,167,1,0,0.0,closed,False,False
34271,2,0,6,0,0.0,closed,True,True
34225,315,1150,0,3,0.15789473684210525,closed,True,True
34223,1,3,0,0,0.0,closed,True,True
34204,35,101,0,0,0.0,closed,True,True
34198,1486,1094,1,6,0.16216216216216217,closed,True,True
34192,2,2,3,5,1.25,closed,True,True
34177,190,510,5,7,0.7,closed,False,False
34173,74,118,1,0,0.0,closed,False,False
34172,336,515,0,0,0.0,closed,False,False
34166,2,2,3,0,0.0,closed,False,False
34151,61,3,21,12,2.4,closed,False,False
34134,168,341,7,6,0.5454545454545454,closed,True,True
34132,24,10,0,0,0.0,closed,True,True
34083,23,11,0,0,0.0,closed,True,True
34078,2619,1253,44,45,1.0227272727272727,closed,True,True
34055,139,177,4,0,0.0,closed,True,True
34054,246,104,0,0,0.0,closed,True,True
34052,127,187,1,0,0.0,closed,False,False
34048,75,94,0,3,0.42857142857142855,closed,True,True
34038,613,131,5,0,0.0,closed,False,False
34035,154,40,1,0,0.0,closed,True,True
34029,1483,797,0,0,0.0,closed,False,False
34025,54,3,2,0,0.0,closed,True,True
34019,34,103,0,0,0.0,closed,True,True
34011,80,54,9,3,3.0,closed,True,True
34009,17,19,3,1,0.3333333333333333,closed,True,True
34001,160,190,6,9,0.47368421052631576,closed,False,False
33988,3,3,0,0,0.0,closed,True,True
33986,30,3,5,0,0.0,closed,True,True
33979,1,1,0,0,0.0,closed,True,True
33964,6,6,1,0,0.0,closed,True,True
33963,2,2,0,0,0.0,closed,True,True
33962,40,0,10,11,1.375,closed,True,True
33938,17,1,2,0,0.0,closed,True,True
33929,2,2,5,0,0.0,closed,True,True
33921,1,0,2,0,0.0,closed,False,False
33920,1,0,0,0,0.0,closed,False,False
33919,2,2,0,0,0.0,closed,True,True
33918,6,6,0,0,0.0,closed,True,True
33917,1,41,1,1,1.0,closed,False,False
33916,1,0,0,0,0.0,closed,False,False
33915,2,0,0,0,0.0,closed,False,False
33909,0,33,0,0,0.0,closed,True,True
33874,13,8,8,12,1.5,closed,True,True
33872,11,4,0,0,0.0,closed,True,True
33867,21,2,2,0,0.0,closed,True,True
33862,147,4,3,0,0.0,closed,True,True
33851,3,3,0,0,0.0,closed,True,True
33849,4,4,0,0,0.0,closed,True,True
33845,195,34,5,0,0.0,closed,True,True
33830,4,0,2,0,0.0,closed,True,True
33827,1,0,0,0,0.0,closed,True,True
33822,15,3,1,0,0.0,closed,True,True
33813,33,33,6,0,0.0,open,False,False
33810,1,1,2,0,0.0,closed,True,True
33809,8,8,1,3,1.5,closed,True,True
33804,41,16,5,0,0.0,closed,True,True
33802,837,35,12,15,0.4411764705882353,open,False,False
33789,1,1,0,0,0.0,closed,True,True
33784,41,45,0,0,0.0,closed,True,True
33783,6,1,0,0,0.0,closed,True,True
33782,6,6,0,0,0.0,closed,True,True
33747,1,1,5,0,0.0,closed,True,True
33746,9,3,2,0,0.0,closed,True,True
33742,143,33,8,5,1.6666666666666667,closed,True,True
33740,1,1,9,0,0.0,closed,True,True
33703,305,100,11,5,0.1282051282051282,closed,True,True
33693,2,2,0,0,0.0,closed,True,True
33687,9,2,12,0,0.0,closed,True,True
33594,20,0,7,0,0.0,closed,True,True
33586,2,2,0,1,0.3333333333333333,closed,True,True
33571,784,27,22,10,0.3225806451612903,closed,True,True
33564,13,0,1,2,0.4,closed,True,True
33563,20,3,2,0,0.0,open,False,False
33562,29,8,0,0,0.0,closed,True,True
33551,56,0,27,0,0.0,closed,True,True
33550,20,2,1,0,0.0,closed,True,True
33547,12,6,3,0,0.0,closed,False,False
33529,14,9,1,0,0.0,closed,True,True
33520,42,6,1,5,1.25,closed,True,True
33505,21,18,0,3,1.5,closed,True,True
33500,86,107,0,10,1.6666666666666667,closed,True,True
33494,305,113,4,0,0.0,closed,True,True
33490,477,6,19,32,1.4545454545454546,closed,True,True
33486,2374,1476,31,5,0.13513513513513514,closed,False,False
33475,247,67,35,36,1.0909090909090908,open,False,False
33458,60,33,0,11,2.2,closed,True,True
33457,8,0,0,0,0.0,closed,True,True
33452,9,6,1,3,0.75,closed,True,True
33451,6,4,1,0,0.0,closed,False,False
33438,6,0,0,1,0.3333333333333333,closed,True,True
33430,68,35,3,5,0.25,closed,True,True
33429,9,9,0,0,0.0,closed,True,True
33427,2,6,0,0,0.0,closed,True,True
33422,2,61,0,2,0.5,closed,False,False
33420,2,2,0,0,0.0,closed,True,True
33419,1,1,1,2,0.6666666666666666,closed,False,False
33406,483,43,4,3,0.12,closed,True,True
33384,0,1,0,0,0.0,closed,True,True
33374,13,7,0,0,0.0,closed,True,True
33373,7,1,2,0,0.0,closed,True,True
33352,86,0,0,0,0.0,closed,True,True
33339,55,0,3,6,0.6666666666666666,open,False,False
33321,47,1,5,0,0.0,open,False,False
33310,597,52,13,3,0.375,closed,True,True
33309,30,3,24,2,0.2222222222222222,closed,True,True
33299,27,2,0,0,0.0,closed,True,True
33290,2,2,0,0,0.0,closed,True,True
33275,90,5,3,0,0.0,open,False,False
33273,3,3,1,3,0.75,closed,True,True
33268,2,2,3,0,0.0,closed,True,True
33264,1,1,0,0,0.0,closed,True,True
33263,46,22,7,3,0.2,closed,True,True
33239,79,37,0,0,0.0,closed,True,True
33229,3,0,2,0,0.0,closed,True,True
33227,1,1,0,0,0.0,closed,True,True
33201,74,0,19,1,0.07692307692307693,closed,True,True
33199,100,2,2,0,0.0,closed,True,True
33198,1,0,13,0,0.0,closed,True,True
33167,57,2,3,12,1.2,closed,True,True
33162,2,2,0,0,0.0,closed,True,True
33153,120,101,0,0,0.0,open,False,False
33143,10,0,4,3,1.0,closed,True,True
33140,4,1,7,0,0.0,closed,True,True
33136,3116,59,28,26,0.32098765432098764,closed,True,True
33127,2,2,5,0,0.0,closed,True,True
33126,3,2,2,0,0.0,closed,False,False
33125,2,2,0,0,0.0,closed,True,True
33124,12,3,2,2,0.2857142857142857,closed,True,True
33104,37,0,3,0,0.0,closed,True,True
33056,2,2,1,0,0.0,closed,True,True
33053,5,2,0,0,0.0,closed,True,True
33046,5,0,1,0,0.0,closed,True,True
33045,126,38,5,14,1.75,closed,True,True
33033,1,1,0,0,0.0,closed,True,True
33032,5,0,2,0,0.0,closed,False,False
33031,36,1,1,0,0.0,closed,False,False
33027,4,2,0,0,0.0,closed,True,True
33015,21,18,0,0,0.0,closed,False,False
33012,11,12,0,0,0.0,closed,False,False
32980,11,10,0,0,0.0,closed,False,False
32977,36,1,3,3,0.75,closed,True,True
32976,5,0,15,0,0.0,closed,True,True
32936,127,65,1,3,0.5,open,False,False
32928,61,8,6,0,0.0,closed,True,True
32927,0,1,0,0,0.0,closed,True,True
32925,30,56,0,0,0.0,closed,True,True
32906,1,1,7,0,0.0,closed,False,False
32904,110,88,0,4,1.3333333333333333,closed,True,True
32892,3,0,0,0,0.0,closed,True,True
32882,3,3,2,0,0.0,closed,True,True
32875,0,0,1,0,0.0,closed,False,False
32866,2,2,0,0,0.0,closed,True,True
32862,29,0,9,1,0.08333333333333333,closed,True,True
32838,2968,954,1,6,0.75,closed,True,True
32836,584,26,9,7,0.3684210526315789,closed,True,True
32832,9,1,5,0,0.0,closed,True,True
32826,12,12,12,0,0.0,closed,True,True
32822,4,0,0,0,0.0,closed,True,True
32817,2,2,0,0,0.0,closed,True,True
32816,2,2,0,0,0.0,closed,True,True
32810,2,0,3,0,0.0,closed,True,True
32809,12,12,2,0,0.0,closed,True,True
32805,200,121,0,2,1.0,closed,True,True
32802,69,11,3,0,0.0,closed,True,True
32799,211,52,2,3,0.42857142857142855,closed,True,True
32797,1,1,6,0,0.0,open,False,False
32794,0,5,1,0,0.0,closed,True,True
32790,4,1,1,0,0.0,closed,True,True
32788,7,7,5,8,2.6666666666666665,closed,True,True
32775,34,18,8,1,0.3333333333333333,closed,True,True
32774,2,1,0,0,0.0,closed,True,True
32766,188,540,16,5,0.3333333333333333,closed,True,True
32747,3,3,7,0,0.0,closed,False,False
32732,2,2,1,0,0.0,closed,True,True
32725,32,10,6,11,1.0,closed,True,True
32724,2,0,4,0,0.0,closed,True,True
32721,6,6,0,0,0.0,closed,True,True
32716,13,1,1,0,0.0,closed,True,True
32697,187,46,2,0,0.0,closed,True,True
32691,3,1,4,0,0.0,closed,True,True
32677,18,0,4,3,3.0,closed,True,True
32676,4,2,0,0,0.0,closed,True,True
32675,0,2,1,0,0.0,closed,False,False
32674,9,0,0,0,0.0,closed,False,False
32673,8,0,1,0,0.0,closed,False,False
32669,1,1,6,0,0.0,closed,True,True
32666,6,15,0,0,0.0,closed,False,False
32665,6,15,0,0,0.0,closed,False,False
32664,12,9090,0,0,0.0,closed,True,True
32662,14,16,1,0,0.0,closed,False,False
32659,3,3,4,3,0.75,closed,False,False
32657,301,33,8,0,0.0,closed,True,True
32643,359,264,3,4,2.0,closed,True,True
32637,12,9,2,0,0.0,closed,True,True
32613,44,44,3,1,1.0,closed,True,True
32608,6,1,0,0,0.0,closed,True,True
32606,6,1,6,0,0.0,closed,False,False
32605,24,0,6,1,0.2,closed,True,True
32604,2097,1212,15,0,0.0,closed,True,True
32592,11,1,1,0,0.0,closed,False,False
32588,2,3,0,0,0.0,closed,True,True
32582,21,6,0,0,0.0,closed,True,True
32579,8,1,0,0,0.0,closed,True,True
32578,97,76,6,6,1.2,closed,True,True
32577,3,0,0,0,0.0,closed,True,True
32573,2,5,5,5,1.25,closed,True,True
32572,5,5,16,0,0.0,closed,True,True
32567,1,1,17,0,0.0,closed,True,True
32563,3,0,5,0,0.0,closed,True,True
32562,21,0,4,2,0.25,closed,False,False
32561,50,1,1,0,0.0,closed,False,False
32559,109,4,3,3,0.5,closed,True,True
32555,1,1,0,0,0.0,closed,True,True
32545,87,81,1,0,0.0,closed,True,True
32534,116,83,0,0,0.0,open,False,False
32519,48,47,5,47,4.7,closed,False,False
32516,78,78,1,18,2.5714285714285716,closed,False,False
32514,61,60,1,4,0.8,closed,False,False
32494,61,12,1,0,0.0,closed,True,True
32488,8,8,3,0,0.0,closed,False,False
32487,34,16,0,0,0.0,closed,True,True
32481,13,1,0,0,0.0,closed,True,True
32478,1,13,4,2,0.5,open,False,False
32477,267,409,3,4,1.0,open,False,False
32468,7,1,8,5,1.25,closed,True,True
32450,263,157,1,20,5.0,closed,False,False
32428,54,28,2,0,0.0,closed,True,True
32427,8,5,0,0,0.0,closed,True,True
32410,835,877,4,1,0.25,closed,True,True
32404,8,8,0,0,0.0,closed,True,True
32400,2,2,0,0,0.0,closed,True,True
32396,4,4,3,0,0.0,closed,True,True
32382,12,3,3,0,0.0,closed,True,True
32380,6,0,2,2,1.0,closed,True,True
32378,1040,626,35,0,0.0,closed,True,True
32371,148,59,0,0,0.0,closed,True,True
32366,2,2,1,0,0.0,closed,True,True
32362,89,129,8,0,0.0,closed,True,True
32359,2,2,0,0,0.0,closed,True,True
32357,2997,291,9,0,0.0,closed,False,False
32356,6,4,1,0,0.0,closed,True,True
32355,3,3,2,0,0.0,closed,True,True
32351,321,334,5,2,0.15384615384615385,closed,False,False
32337,77,22,2,0,0.0,closed,False,False
32336,5,0,6,0,0.0,closed,True,True
32311,54,5,0,0,0.0,closed,True,True
32309,2,1,4,0,0.0,closed,True,True
32227,20,20,1,0,0.0,closed,True,True
32217,1,0,0,3,3.0,closed,True,True
32209,4,6,0,0,0.0,closed,True,True
32208,0,0,5,0,0.0,closed,True,True
32196,156,102,0,2,0.6666666666666666,closed,True,True
32193,1,1,0,0,0.0,closed,True,True
32192,14,0,0,0,0.0,closed,True,True
32191,1,1,0,0,0.0,closed,True,True
32184,80,88,2,12,0.8571428571428571,closed,True,True
32166,39,48,1,5,5.0,closed,True,True
32139,7,15,1,0,0.0,closed,True,True
32137,15,8,3,0,0.0,closed,True,True
32125,396,80,15,0,0.0,open,False,False
32118,3,3,5,4,1.3333333333333333,closed,True,True
32116,119,29,1,0,0.0,closed,True,True
32108,33,0,0,0,0.0,closed,True,True
32095,2,2,0,0,0.0,closed,True,True
32094,14,0,0,0,0.0,closed,True,True
32088,21,5,0,0,0.0,closed,True,True
32087,153,333,11,21,2.625,closed,True,True
32085,60,45,0,0,0.0,closed,True,True
32082,6,6,0,0,0.0,closed,True,True
32068,5464,257,1,2,0.02531645569620253,open,False,False
32064,1,0,0,0,0.0,closed,True,True
32052,857,1361,5,0,0.0,closed,True,True
32034,49,4,0,2,0.6666666666666666,closed,True,True
32028,2,2,0,6,3.0,closed,True,True
32026,35,0,1,0,0.0,closed,True,True
32025,10,2,0,0,0.0,closed,True,True
32011,12,12,2,0,0.0,closed,True,True
32006,2,0,4,0,0.0,closed,True,True
32004,17,1,0,0,0.0,closed,True,True
32003,317,317,2,0,0.0,closed,True,True
31967,80,13,3,1,0.2,closed,True,True
31923,83,26,6,4,0.3076923076923077,closed,True,True
31921,58,11,0,2,1.0,closed,True,True
31905,48,1,16,3,0.23076923076923078,closed,True,True
31903,2,2,0,0,0.0,closed,True,True
31876,1,1,0,0,0.0,closed,True,True
31863,19,10,1,3,1.0,closed,True,True
31860,3,3,0,0,0.0,closed,True,True
31853,26,26,0,0,0.0,closed,True,True
31851,1,1,0,0,0.0,closed,True,True
31849,1,1,0,0,0.0,closed,True,True
31828,338,217,1,20,10.0,closed,False,False
31824,1,0,1,0,0.0,closed,True,True
31809,0,3,3,0,0.0,closed,True,True
31805,6,4,1,0,0.0,closed,True,True
31802,84,14,1,0,0.0,closed,True,True
31767,0,0,7,0,0.0,closed,False,False
31754,25,7,0,2,2.0,closed,True,True
31750,1,0,0,0,0.0,closed,True,True
31715,5,5,2,0,0.0,closed,True,True
31683,6,2,5,0,0.0,closed,False,False
31679,2,2,2,0,0.0,closed,True,True
31678,23,23,8,2,1.0,closed,True,True
31673,2,0,1,0,0.0,closed,True,True
31668,482,0,5,19,4.75,open,False,False
31659,6,6,0,0,0.0,closed,True,True
31656,19,12,5,0,0.0,closed,True,True
31655,3,1,5,5,1.25,closed,True,True
31654,0,2,1,0,0.0,closed,False,False
31648,95,100,0,27,2.4545454545454546,closed,True,True
31646,73,62,8,1,0.16666666666666666,closed,True,True
31644,4,3,4,8,2.6666666666666665,closed,True,True
31636,46,7,2,0,0.0,closed,True,True
31633,17,16,0,1,0.5,closed,True,True
31621,2,3,3,0,0.0,closed,True,True
31619,459,7,10,0,0.0,closed,True,True
31614,18,1,2,0,0.0,closed,True,True
31613,7,10,0,2,1.0,closed,True,True
31593,148,0,0,1,0.5,closed,True,True
31563,203,1,7,3,1.5,closed,True,True
31561,86,34,0,2,0.6666666666666666,closed,True,True
31558,38,0,0,0,0.0,closed,True,True
31557,17,0,0,0,0.0,closed,True,True
31556,265,218,4,0,0.0,open,False,False
31552,13,1,9,0,0.0,closed,True,True
31518,24,21,2,1,0.07142857142857142,closed,False,False
31505,19,18,0,0,0.0,closed,True,True
31504,105,42,0,0,0.0,closed,True,True
31503,26,8,0,2,0.3333333333333333,closed,True,True
31495,11,5,0,0,0.0,closed,True,True
31491,205,5,0,0,0.0,closed,False,False
31486,1,2,0,0,0.0,closed,True,True
31484,7,0,2,0,0.0,closed,True,True
31476,430,3,3,1,0.3333333333333333,closed,True,True
31474,21,0,1,0,0.0,closed,True,True
31470,40,0,4,0,0.0,closed,False,False
31459,130,6,5,3,0.3333333333333333,closed,True,True
31427,13,0,0,0,0.0,closed,True,True
31424,16,3,0,0,0.0,closed,True,True
31422,2,2,0,0,0.0,closed,True,True
31418,46,5,1,2,0.5,closed,True,True
31416,1,1,0,0,0.0,closed,True,True
31413,228,12,15,14,2.0,open,False,False
31407,56,3,1,5,0.8333333333333334,closed,True,True
31406,16,2,0,0,0.0,closed,True,True
31402,25,15,0,3,0.75,closed,True,True
31396,458,370,0,0,0.0,closed,True,True
31391,121,37,6,3,0.5,closed,True,True
31388,906,195,5,1,0.07692307692307693,closed,True,True
31380,7,2,1,0,0.0,closed,True,True
31379,11,7,0,0,0.0,closed,True,True
31361,16,12,0,0,0.0,closed,True,True
31359,45,38,2,0,0.0,open,False,False
31357,105,209,5,2,0.2,closed,True,True
31353,203,120,0,0,0.0,closed,True,True
31351,4,11,0,0,0.0,closed,True,True
31338,6,6,0,0,0.0,closed,True,True
31337,8,1,1,5,2.5,closed,True,True
31332,31,4,4,0,0.0,closed,True,True
31325,70,2,1,0,0.0,closed,True,True
31303,99,0,2,4,2.0,open,False,False
31263,22,21,0,0,0.0,closed,True,True
31256,353,437,3,9,1.125,open,False,False
31241,16,10,5,2,0.6666666666666666,closed,True,True
31232,2,2,0,2,1.0,closed,True,True
31220,9072,101,100,85,0.4271356783919598,open,False,False
31213,1,1,0,0,0.0,closed,False,False
31212,2,2,0,1,0.25,closed,True,True
31211,13,11,0,0,0.0,closed,True,True
31188,46,36,2,0,0.0,closed,True,True
31183,44,0,23,0,0.0,closed,False,False
31174,102,73,4,12,0.9230769230769231,closed,True,True
31172,25,4,0,0,0.0,closed,True,True
31170,7,2,0,0,0.0,closed,True,True
31143,4,4,0,0,0.0,closed,True,True
31142,3,4,0,0,0.0,closed,True,True
31141,140,151,1,0,0.0,closed,True,True
31140,32,23,5,5,0.8333333333333334,closed,True,True
31137,32,4,2,0,0.0,closed,True,True
31136,22,3,0,0,0.0,closed,True,True
31135,59,3,2,1,0.3333333333333333,closed,True,True
31134,1,1,2,0,0.0,closed,True,True
31130,29,23,0,0,0.0,closed,True,True
31123,16,8,2,2,2.0,closed,True,True
31116,7,1,0,2,2.0,closed,True,True
31111,9,18,4,1,0.3333333333333333,closed,True,True
31104,11,2,0,0,0.0,closed,True,True
31103,7,2,4,0,0.0,closed,True,True
31087,10011,4056,2,0,0.0,closed,False,False
31078,61,69,10,3,0.3333333333333333,closed,True,True
31075,38,6,0,4,2.0,closed,True,True
31073,364,173,0,0,0.0,closed,True,True
31071,2,2,0,0,0.0,closed,True,True
31066,2,0,0,0,0.0,closed,True,True
31064,0,35,3,0,0.0,closed,True,True
31055,95,250,9,5,1.6666666666666667,closed,True,True
31040,2,0,0,0,0.0,closed,True,True
31036,41,22,3,18,2.0,closed,True,True
31034,3,1,0,0,0.0,closed,True,True
31031,3,44,4,5,1.25,closed,True,True
31029,92,157,7,13,0.65,closed,False,False
31022,4,0,0,0,0.0,closed,True,True
31013,3,1,1,0,0.0,closed,True,True
31006,0,6,0,0,0.0,closed,True,True
31003,1,1,0,0,0.0,closed,True,True
31000,194,50,7,7,0.5384615384615384,closed,True,True
30993,30,26,7,11,1.5714285714285714,open,False,False
30983,70,3,1,1,0.2,closed,True,True
30968,5,1,1,0,0.0,closed,True,True
30967,1,1,0,0,0.0,closed,True,True
30960,3,1,0,0,0.0,closed,True,True
30953,16,0,0,0,0.0,closed,True,True
30938,5,4,1,0,0.0,closed,True,True
30935,16,16,2,4,0.5,closed,True,True
30927,1,1,2,0,0.0,closed,True,True
30920,10,6,1,0,0.0,closed,True,True
30918,2596,253,8,64,2.206896551724138,closed,True,True
30895,1,1,2,0,0.0,closed,False,False
30892,330,4,0,0,0.0,closed,True,True
30874,12,12,1,0,0.0,closed,True,True
30868,5,0,2,0,0.0,closed,True,True
30865,0,118,1,0,0.0,closed,True,True
30859,12,3,4,0,0.0,closed,True,True
30840,1,1,2,0,0.0,closed,True,True
30838,23,0,10,2,0.5,closed,True,True
30829,134,6,3,0,0.0,closed,True,True
30827,51,44,6,4,4.0,closed,True,True
30821,23,0,2,0,0.0,closed,True,True
30819,178,175,4,2,0.25,closed,True,True
30811,2705,2027,0,0,0.0,closed,False,False
30808,2,2,0,0,0.0,closed,True,True
30797,23,0,6,0,0.0,closed,True,True
30794,100,5,3,0,0.0,closed,True,True
30793,16,7,4,9,2.25,closed,False,False
30788,2,2,0,0,0.0,closed,True,True
30786,2,2,4,0,0.0,closed,True,True
30785,3,2,1,0,0.0,closed,True,True
30784,4,4,2,0,0.0,closed,True,True
30783,1,29,0,0,0.0,closed,True,True
30776,30,5,3,0,0.0,closed,True,True
30762,3,0,5,0,0.0,closed,True,True
30759,48,28,0,1,0.25,closed,True,True
30758,69,111,2,17,2.4285714285714284,closed,True,True
30750,34,0,2,0,0.0,closed,False,False
30745,35,26,8,1,0.5,closed,True,True
30741,1,2,0,0,0.0,closed,True,True
30740,134,84,1,10,2.0,closed,True,True
30735,9,2,0,0,0.0,closed,True,True
30728,1564,1606,1,0,0.0,closed,True,True
30727,456,45,11,27,1.0,closed,True,True
30726,7,9,1,0,0.0,closed,False,False
30723,3,3,0,1,0.5,closed,True,True
30718,3,3,0,0,0.0,closed,True,True
30699,117,119,2,0,0.0,closed,True,True
30689,6,11,15,0,0.0,closed,True,True
30684,129,199,3,1,0.2,closed,True,True
30675,447,448,6,45,3.4615384615384617,closed,True,True
30668,11,21,0,2,0.4,closed,True,True
30666,1550,1573,14,9,0.15254237288135594,closed,False,False
30648,475,13,9,0,0.0,closed,True,True
30628,47,1,0,2,0.5,closed,True,True
30609,100,7,7,1,0.08333333333333333,closed,True,True
30607,300,73,3,0,0.0,closed,True,True
30606,126,15,16,23,2.3,closed,False,False
30605,40,17,11,7,0.6363636363636364,closed,False,False
30557,22,10,1,2,0.6666666666666666,closed,True,True
30546,7,23,3,0,0.0,closed,True,True
30541,115,40,7,8,0.7272727272727273,closed,True,True
30531,216,65,1,0,0.0,closed,True,True
30526,1721,91,0,0,0.0,closed,True,True
30520,153,123,3,9,1.125,closed,True,True
30513,71,2,8,0,0.0,closed,True,True
30506,1,0,3,0,0.0,closed,True,True
30505,8,5,7,1,0.25,closed,True,True
30504,30,30,2,0,0.0,closed,True,True
30503,10,10,0,0,0.0,closed,True,True
30493,2,0,2,0,0.0,closed,True,True
30481,46,5,12,9,0.8181818181818182,open,False,False
30476,1,0,0,0,0.0,closed,True,True
30469,429,291,4,13,0.8666666666666667,closed,True,True
30449,2,2,1,0,0.0,closed,True,True
30422,8,8,0,0,0.0,closed,True,True
30412,8,5,0,0,0.0,closed,True,True
30411,2,2,0,0,0.0,closed,True,True
30387,12,13,0,0,0.0,closed,True,True
30328,4,4,8,0,0.0,open,False,False
30326,0,14,0,0,0.0,closed,True,True
30307,9,10,3,0,0.0,closed,True,True
30274,286,9,3,2,0.6666666666666666,open,False,False
30264,9,9,0,0,0.0,closed,True,True
30258,205,77,13,14,0.9333333333333333,closed,True,True
30251,1,1,0,0,0.0,closed,True,True
30237,35,0,2,0,0.0,closed,True,True
30235,8,2,5,2,2.0,closed,False,False
30228,2,9,0,0,0.0,closed,True,True
30226,6,4,3,1,0.25,closed,True,True
30225,45,6,4,0,0.0,closed,True,True
30224,3,2,0,0,0.0,closed,True,True
30211,39,6,11,0,0.0,closed,False,False
30187,174,28,6,35,2.0588235294117645,closed,True,True
30185,12,3,0,0,0.0,closed,True,True
30138,15,13,0,0,0.0,closed,True,True
30121,4331,1529,213,32,0.24615384615384617,closed,True,True
30100,161,12,8,11,5.5,closed,True,True
30091,29,96,0,2,2.0,closed,True,True
30087,26,6,18,2,0.2222222222222222,closed,True,True
30085,113,95,1,8,1.3333333333333333,closed,True,True
30083,11,13,0,0,0.0,closed,True,True
30066,1,1,0,0,0.0,closed,True,True
30042,25,8,6,0,0.0,closed,False,False
30039,10,18,1,2,0.6666666666666666,closed,True,True
30015,3,3,5,0,0.0,closed,True,True
30011,3,164,3,0,0.0,closed,True,True
29995,3,1,0,0,0.0,closed,True,True
29993,12,12,0,0,0.0,closed,True,True
29990,6,2,0,0,0.0,closed,True,True
29988,1,0,0,0,0.0,closed,False,False
29987,1,0,0,0,0.0,closed,False,False
29986,2,2,0,0,0.0,closed,True,True
29976,18,0,0,0,0.0,closed,True,True
29973,5,2,0,1,0.25,closed,True,True
29972,2,1,3,0,0.0,closed,True,True
29958,4,0,0,0,0.0,closed,False,False
29955,2,2,0,0,0.0,closed,True,True
29944,52,78,1,0,0.0,closed,True,True
29943,2,3,1,0,0.0,closed,False,False
29940,1,0,2,0,0.0,closed,True,True
29919,294,205,10,0,0.0,closed,True,True
29900,30,13,4,0,0.0,closed,True,True
29895,6,2,2,1,0.125,closed,True,True
29894,6,0,2,0,0.0,closed,False,False
29890,52,59,4,3,1.0,closed,True,True
29884,36,12,0,3,1.5,closed,True,True
29878,6,12,0,0,0.0,closed,True,True
29872,0,6,5,0,0.0,closed,True,True
29869,39,0,12,0,0.0,closed,False,False
29863,91,292,0,0,0.0,closed,True,True
29862,758,862,1,0,0.0,closed,False,False
29861,338,755,0,6,0.6,closed,True,True
29860,1,1,0,0,0.0,closed,True,True
29858,2,2,0,0,0.0,closed,True,True
29849,1,1,2,0,0.0,closed,True,True
29848,11,4,15,0,0.0,closed,True,True
29846,17,6,0,0,0.0,closed,True,True
29839,23,0,9,2,0.4,closed,True,True
29837,54,1,1,0,0.0,closed,True,True
29832,324,609,31,40,2.857142857142857,closed,True,True
29823,2760,94,6,0,0.0,closed,False,False
29805,8,8,0,0,0.0,closed,True,True
29802,17,3,1,0,0.0,closed,True,True
29792,3,3,0,0,0.0,closed,True,True
29785,1696,1941,20,45,1.1842105263157894,closed,False,False
29770,4,45,0,0,0.0,closed,True,True
29765,13,18,0,2,1.0,closed,True,True
29762,1,1,0,0,0.0,closed,True,True
29761,28,0,3,4,0.8,closed,True,True
29760,2,4,3,0,0.0,closed,True,True
29751,364,12,5,4,0.5,closed,True,True
29749,3,0,4,0,0.0,closed,True,True
29748,0,0,1,0,0.0,closed,True,True
29746,0,24,4,0,0.0,closed,True,True
29745,19,27,0,7,1.75,closed,True,True
29735,2970,8,18,28,1.6470588235294117,closed,True,True
29734,15,12,0,2,0.2857142857142857,closed,True,True
29731,263,65,0,0,0.0,closed,True,True
29729,23,12,0,0,0.0,closed,True,True
29726,7,0,6,2,2.0,closed,True,True
29709,57,19,5,4,0.6666666666666666,closed,True,True
29708,73,5,2,4,1.0,closed,True,True
29688,20,0,1,0,0.0,closed,True,True
29676,7,0,0,0,0.0,closed,True,True
29665,54,43,0,0,0.0,closed,True,True
29663,36,9,0,2,0.6666666666666666,closed,True,True
29640,1,1,0,0,0.0,closed,True,True
29625,2,0,1,0,0.0,closed,False,False
29624,14,3,4,1,0.5,closed,True,True
29597,4,1,7,0,0.0,closed,True,True
29573,97,94,0,0,0.0,closed,False,False
29562,106,21,5,1,0.5,closed,True,True
29555,336,700,2,0,0.0,closed,True,True
29554,225,150,4,2,0.2857142857142857,closed,True,True
29551,2,2,2,2,2.0,closed,True,True
29547,82,69,2,2,2.0,closed,True,True
29542,8,8,0,0,0.0,closed,True,True
29540,73,10,9,0,0.0,closed,True,True
29532,11,3,0,0,0.0,closed,True,True
29499,333,183,15,2,0.06896551724137931,closed,True,True
29496,5,4,2,0,0.0,closed,False,False
29487,25,0,0,0,0.0,closed,True,True
29483,20,0,3,0,0.0,closed,True,True
29480,3,0,3,0,0.0,closed,True,True
29453,1689,4169,31,23,0.184,closed,True,True
29451,34,3,0,0,0.0,closed,True,True
29431,10,10,0,0,0.0,closed,True,True
29418,36,13,1,2,0.2857142857142857,closed,True,True
29416,4,4,2,0,0.0,closed,True,True
29402,84,91,0,19,1.1875,closed,True,True
29399,698,173,12,1,0.07142857142857142,closed,True,True
29396,1,1,2,0,0.0,closed,True,True
29392,1,1,0,0,0.0,closed,True,True
29378,313,24,8,1,0.5,closed,True,True
29370,2,48,0,4,2.0,closed,True,True
29352,11,2,14,5,0.8333333333333334,closed,True,True
29333,4,1,2,0,0.0,closed,True,True
29332,5,2,3,2,0.6666666666666666,closed,True,True
29325,120,140,6,8,1.0,closed,True,True
29324,9,7,0,0,0.0,closed,True,True
29311,13,1,0,0,0.0,closed,True,True
29303,17,27,3,0,0.0,closed,True,True
29292,1911,305,7,0,0.0,closed,False,False
29287,2031,1239,5,0,0.0,closed,False,False
29284,2010,1218,0,0,0.0,closed,False,False
29282,2,13,0,0,0.0,closed,True,True
29278,7,0,2,0,0.0,closed,True,True
29243,1,0,4,0,0.0,closed,True,True
29237,32,8,8,0,0.0,closed,True,True
29236,21,9,1,0,0.0,open,False,False
29232,20,2,9,0,0.0,closed,True,True
29229,1,1,9,0,0.0,closed,True,True
29216,15,11,6,0,0.0,closed,True,True
29190,3,125,6,3,0.42857142857142855,closed,True,True
29183,16,17,0,0,0.0,closed,True,True
29175,1977,1239,2,0,0.0,closed,False,False
29172,42,37,1,0,0.0,closed,True,True
29171,1977,1239,1,0,0.0,closed,False,False
29169,1977,1239,2,0,0.0,closed,False,False
29149,94,29,4,0,0.0,closed,True,True
29136,5,1,2,0,0.0,closed,False,False
29135,12,19,1,2,0.6666666666666666,closed,True,True
29132,12,12,0,0,0.0,closed,True,True
29131,0,22,3,0,0.0,closed,True,True
29126,1312,1249,2,0,0.0,closed,True,True
29119,531,221,5,30,7.5,closed,True,True
29114,720,1162,3,0,0.0,closed,True,True
29105,29,28,0,0,0.0,closed,True,True
29104,3,3,5,0,0.0,closed,False,False
29075,58,0,11,2,0.2,closed,True,True
29070,4,5,2,0,0.0,closed,True,True
29069,1,0,0,0,0.0,closed,True,True
29059,25,166,0,0,0.0,closed,True,True
29051,204,0,6,16,1.4545454545454546,closed,True,True
29045,0,213,0,0,0.0,closed,False,False
29028,55,0,9,8,0.8888888888888888,closed,True,True
29023,1735,60,29,26,0.7647058823529411,closed,True,True
29016,3,3,3,0,0.0,closed,True,True
29014,7889,432,6,4,0.21052631578947367,closed,True,True
29013,6,6,2,0,0.0,closed,True,True
28997,0,1,7,0,0.0,closed,True,True
28995,6,35,4,2,2.0,open,False,False
28992,26,26,1,0,0.0,closed,True,True
28991,4,4,1,0,0.0,closed,True,True
28990,1,1,1,0,0.0,closed,True,True
28989,1,1,1,0,0.0,closed,True,True
28987,1,1,1,0,0.0,closed,True,True
28986,13,13,1,0,0.0,closed,True,True
28985,6,6,2,0,0.0,closed,True,True
28984,1,1,1,2,2.0,closed,True,True
28980,2,2,1,0,0.0,closed,True,True
28975,3,11,2,2,0.5,closed,True,True
28972,173,47,8,13,0.8125,closed,True,True
28966,2,0,1,0,0.0,closed,True,True
28965,6,28,7,3,1.5,closed,False,False
28956,17,0,2,0,0.0,closed,True,True
28953,3,3,0,0,0.0,closed,True,True
28927,1,1,0,0,0.0,closed,True,True
28910,7,1,1,0,0.0,closed,True,True
28899,60,60,2,0,0.0,closed,False,False
28898,3,3,1,0,0.0,closed,False,False
28892,2,2,2,0,0.0,closed,False,False
28884,94,22,27,22,1.375,closed,True,True
28869,1,0,0,0,0.0,closed,False,False
28867,1,0,5,0,0.0,closed,True,True
28863,47,12,1,0,0.0,closed,True,True
28861,142,64,4,0,0.0,closed,True,True
28859,0,0,1,0,0.0,closed,False,False
28858,1,1,2,0,0.0,closed,False,False
28822,0,1,0,0,0.0,closed,True,True
28803,1,1,1,0,0.0,closed,True,True
28802,43,0,3,0,0.0,closed,True,True
28786,33,2,4,5,1.6666666666666667,closed,True,True
28778,3,3,1,0,0.0,closed,False,False
28775,106,90,3,27,1.5,closed,True,True
28772,1,0,2,0,0.0,closed,False,False
28763,4,1,0,0,0.0,closed,True,True
28762,1,1,0,0,0.0,closed,True,True
28742,143,106,1,6,3.0,closed,True,True
28735,9,1,0,0,0.0,closed,True,True
28734,29,5,0,0,0.0,closed,True,True
28731,99,39,1,6,0.6,closed,True,True
28722,4978,37,42,14,0.09333333333333334,closed,True,True
28713,19,18,0,0,0.0,closed,True,True
28712,2,0,2,0,0.0,closed,True,True
28690,657,2,2,11,1.2222222222222223,closed,True,True
28688,16,3,2,2,2.0,closed,True,True
28676,12,12,0,0,0.0,closed,True,True
28670,17,255,1,0,0.0,closed,False,False
28669,17,249,1,0,0.0,closed,False,False
28668,3,3,1,0,0.0,closed,False,False
28667,318,318,0,0,0.0,closed,False,False
28666,8,8,1,0,0.0,closed,False,False
28665,13,72,2,0,0.0,closed,False,False
28664,12,13,1,0,0.0,closed,False,False
28663,0,0,0,0,0.0,closed,False,False
28658,148,12,4,0,0.0,closed,True,True
28657,11,3,0,5,5.0,closed,True,True
28655,473,841,14,12,0.12,closed,True,True
28646,91,88,0,0,0.0,closed,True,True
28643,588,405,2,0,0.0,closed,True,True
28619,38,18,8,0,0.0,closed,True,True
28615,2,2,0,0,0.0,closed,True,True
28612,65,9,0,0,0.0,closed,True,True
28611,0,5,0,0,0.0,closed,True,True
28609,13,1,0,0,0.0,closed,True,True
28601,296,21,21,3,0.2,closed,True,True
28581,12,0,0,0,0.0,closed,True,True
28560,1459,1066,26,20,0.5405405405405406,closed,True,True
28557,16,1,5,2,0.6666666666666666,closed,True,True
28556,847,482,3,0,0.0,closed,True,True
28553,61,56,3,0,0.0,closed,True,True
28547,86,0,0,0,0.0,closed,True,True
28543,246,5,15,8,1.1428571428571428,open,False,False
28538,770,743,28,17,0.5,closed,True,True
28534,37,20,0,2,1.0,closed,True,True
28532,95,109,2,2,0.5,closed,True,True
28516,12,5,0,0,0.0,closed,True,True
28511,38,0,10,0,0.0,closed,False,False
28506,78,70,3,0,0.0,closed,True,True
28503,6,6,1,0,0.0,closed,True,True
28488,131,6,5,12,2.0,closed,True,True
28473,386,193,36,6,0.23076923076923078,closed,True,True
28466,65,6,0,0,0.0,closed,True,True
28452,46,45,6,2,1.0,closed,True,True
28451,43,7,4,5,2.5,closed,True,True
28427,2,0,2,0,0.0,closed,True,True
28425,75,24,3,0,0.0,closed,True,True
28412,1,1,0,0,0.0,closed,True,True
28380,359,73,8,0,0.0,closed,True,True
28372,42,2,1,0,0.0,closed,False,False
28370,110,0,4,5,1.0,open,False,False
28367,78,149,1,0,0.0,closed,True,True
28366,38,63,2,0,0.0,closed,False,False
28358,1984,157,8,4,0.16666666666666666,closed,True,True
28345,2,1,0,0,0.0,closed,True,True
28310,393,387,2,3,0.5,closed,True,True
28291,28,1,1,0,0.0,closed,True,True
28289,7,7,1,1,1.0,closed,True,True
28286,274,77,2,3,1.5,closed,True,True
28271,1,0,0,0,0.0,closed,True,True
28265,24,21,8,0,0.0,closed,True,True
28249,10,1,6,0,0.0,closed,True,True
28232,1,1,0,0,0.0,closed,True,True
28225,2,1,2,0,0.0,closed,True,True
28221,10,1,9,1,0.3333333333333333,closed,True,True
28220,7,9,1,0,0.0,closed,True,True
28219,39,10,0,0,0.0,closed,True,True
28216,3,0,2,5,2.5,closed,True,True
28215,81,28,2,3,3.0,closed,True,True
28207,34,26,2,4,1.3333333333333333,closed,True,True
28206,30,0,2,0,0.0,closed,True,True
28205,1767,2492,5,3,0.125,closed,True,True
28201,101,134,4,2,0.2857142857142857,closed,True,True
28198,1,0,0,0,0.0,closed,True,True
28194,0,0,0,0,0.0,closed,True,True
28191,1,1,0,0,0.0,closed,True,True
28190,4,1,2,0,0.0,closed,True,True
28189,2,0,1,0,0.0,closed,True,True
28171,89,84,6,0,0.0,closed,True,True
28170,113,22,0,0,0.0,closed,True,True
28164,31,46,4,0,0.0,closed,True,True
28163,16,1,1,0,0.0,closed,True,True
28151,0,0,0,0,0.0,closed,True,True
28131,22,113,3,0,0.0,closed,True,True
28128,68,5,2,4,0.4,closed,True,True
28127,66,18,0,0,0.0,closed,True,True
28121,134,7,5,20,1.6666666666666667,closed,True,True
28104,18,18,3,4,1.3333333333333333,closed,True,True
28097,145,136,1,0,0.0,closed,True,True
28096,222,36,0,2,1.0,closed,True,True
28089,75,29,30,9,0.6,closed,True,True
28075,1,0,0,0,0.0,closed,True,True
28074,4,0,2,0,0.0,closed,True,True
28068,2,2,0,1,0.5,closed,True,True
28051,9,3,3,0,0.0,closed,True,True
28042,98,75,0,0,0.0,closed,True,True
28041,66,4,0,5,1.0,closed,True,True
28034,2658,1228,1,1,0.02127659574468085,closed,True,True
28017,2212,320,5,0,0.0,closed,False,False
28011,11,0,0,0,0.0,closed,True,True
27979,41,14,3,0,0.0,closed,True,True
27978,53,3,1,0,0.0,closed,True,True
27975,1,1,0,0,0.0,closed,True,True
27972,72,281,0,0,0.0,closed,True,True
27950,12,5,0,0,0.0,closed,True,True
27947,103394,55303,23,0,0.0,closed,True,True
27937,359,617,17,20,1.8181818181818181,closed,False,False
27934,3,2,2,0,0.0,closed,True,True
27931,2,0,0,0,0.0,closed,True,True
27928,5,4,0,0,0.0,closed,True,True
27927,197,101,3,1,1.0,closed,True,True
27908,58,52,0,0,0.0,closed,True,True
27895,818,716,8,2,0.4,closed,True,True
27882,19,15,0,0,0.0,closed,True,True
27881,6,4,2,5,1.6666666666666667,closed,True,True
27879,178,74,1,2,0.2857142857142857,closed,True,True
27844,2,2,8,0,0.0,closed,False,False
27835,66,1,1,0,0.0,closed,True,True
27832,3006,13,9,9,0.16363636363636364,closed,True,True
27829,0,0,3,0,0.0,closed,True,True
27826,112,9,0,0,0.0,closed,True,True
27823,102,4,2,0,0.0,closed,True,True
27819,66,323,0,2,0.5,closed,True,True
27797,8,1,0,1,0.5,closed,True,True
27794,10,3,1,2,0.6666666666666666,closed,True,True
27793,176,189,1,7,1.4,closed,True,True
27774,77,7,12,0,0.0,closed,True,True
27770,17,5,1,9,4.5,closed,True,True
27732,7,8,1,0,0.0,closed,True,True
27728,5,5,0,0,0.0,closed,True,True
27716,1,1,0,0,0.0,closed,True,True
27709,2,1,3,0,0.0,closed,True,True
27708,12,18,0,0,0.0,closed,True,True
27682,19,7,0,0,0.0,closed,True,True
27671,12,3,0,0,0.0,closed,True,True
27669,4,8,0,0,0.0,closed,True,True
27668,1,1,2,0,0.0,closed,True,True
27664,0,0,9,0,0.0,closed,True,True
27662,86,113,1,10,1.1111111111111112,closed,True,True
27642,0,1,0,0,0.0,closed,True,True
27639,15,3,1,0,0.0,closed,True,True
27621,3,4,0,0,0.0,closed,True,True
27607,9,0,5,0,0.0,closed,True,True
27604,28,2,0,2,1.0,closed,True,True
27603,42,3,2,0,0.0,closed,True,True
27570,8,4,1,0,0.0,closed,True,True
27566,72,7,5,24,2.0,closed,True,True
27565,3,0,0,0,0.0,closed,True,True
27558,4681,242,8,0,0.0,closed,False,False
27550,6,9,0,3,1.0,closed,True,True
27513,53,30,7,4,1.3333333333333333,closed,True,True
27509,457,762,0,2,1.0,closed,True,True
27499,0,0,8,0,0.0,closed,True,True
27490,64,16,3,2,2.0,closed,True,True
27471,152,20,2,0,0.0,closed,True,True
27468,377,15,42,49,0.7903225806451613,closed,True,True
27453,6,3,0,0,0.0,closed,True,True
27451,2005,3118,12,46,0.36220472440944884,closed,True,True
27444,10,4,0,0,0.0,closed,True,True
27442,353,414,2,0,0.0,closed,True,True
27440,0,0,4,0,0.0,closed,True,True
27418,665,598,1,0,0.0,closed,False,False
27416,10,18,2,3,1.5,closed,True,True
27409,57,12,0,0,0.0,closed,True,True
27405,8,1,0,3,1.0,closed,True,True
27381,143,18,2,0,0.0,closed,True,True
27361,61,40,0,0,0.0,closed,True,True
27335,6,26,0,0,0.0,closed,True,True
27310,1,1,0,0,0.0,closed,True,True
27303,2,2,1,0,0.0,closed,True,True
27302,3,3,1,0,0.0,closed,True,True
27288,4,1,1,0,0.0,closed,True,True
27268,110,107,12,31,4.428571428571429,closed,True,True
27266,125,146,6,21,2.625,closed,True,True
27265,31,23,0,0,0.0,closed,True,True
27264,0,0,17,4,0,closed,False,False
27263,60,52,2,13,1.4444444444444444,closed,True,True
27258,90,25,1,0,0.0,closed,True,True
27235,2,0,0,0,0.0,closed,True,True
27229,57,10,0,0,0.0,closed,True,True
27186,331,74,11,5,1.0,closed,True,True
27175,23,0,3,2,1.0,closed,True,True
27173,43,43,4,2,0.6666666666666666,closed,True,True
27122,101,13,2,0,0.0,closed,True,True
27113,1,1,2,0,0.0,closed,True,True
27110,10,3,0,0,0.0,closed,True,True
27105,2,2,0,0,0.0,closed,True,True
27094,116,80,5,5,0.625,closed,True,True
27093,13,101,0,0,0.0,closed,True,True
27089,3,2,1,0,0.0,closed,True,True
27082,1,0,0,0,0.0,closed,True,True
27073,74,0,2,1,1.0,closed,False,False
27062,43,4,2,3,0.375,closed,True,True
27058,4,0,4,0,0.0,closed,True,True
27034,12,2,5,2,0.2222222222222222,closed,True,True
27028,15,87,8,1,0.0625,closed,True,True
27011,0,76,2,0,0.0,closed,True,True
27005,24,11,0,6,1.2,closed,True,True
26987,2,3,0,0,0.0,closed,True,True
26956,63,69,0,0,0.0,closed,True,True
26955,991,2,14,2,0.125,closed,True,True
26953,1,0,0,0,0.0,closed,True,True
26950,2,2,0,0,0.0,closed,True,True
26943,1,6,3,2,1.0,closed,True,True
26940,3,3,0,0,0.0,closed,True,True
26924,18,4,3,2,0.4,closed,True,True
26877,1,1,3,0,0.0,closed,False,False
26870,1,0,0,0,0.0,closed,True,True
26865,3,2,0,0,0.0,closed,True,True
26863,217,929,6,1,0.2,closed,True,True
26862,197,30,9,3,0.75,closed,True,True
26858,424,412,11,5,0.25,closed,True,True
26843,3,21,5,0,0.0,closed,True,True
26842,29,25,3,0,0.0,closed,True,True
26839,735,3,23,0,0.0,closed,True,True
26828,64,15,0,2,0.4,closed,True,True
26808,47,11,2,7,1.1666666666666667,closed,True,True
26763,7,0,1,1,0.5,closed,True,True
26762,22,15,0,1,0.3333333333333333,closed,True,True
26761,1123,537,5,25,2.272727272727273,closed,True,True
26751,1,1,0,0,0.0,closed,True,True
26746,51,2,10,0,0.0,closed,False,False
26742,28,82,2,0,0.0,closed,True,True
26711,271,9,1,1,0.2,closed,True,True
26697,1085,0,22,4,1.3333333333333333,closed,False,False
26680,8,1,5,0,0.0,closed,True,True
26671,245,179,0,1,0.5,closed,True,True
26668,2,2,0,0,0.0,closed,True,True
26660,97,10,5,1,0.1111111111111111,closed,True,True
26648,1,85,4,0,0.0,closed,True,True
26644,10,8,1,0,0.0,closed,True,True
26604,1,1,0,0,0.0,closed,True,True
26577,8,8,1,0,0.0,closed,True,True
26564,35,3,3,3,1.5,closed,True,True
26544,111,111,1,0,0.0,closed,True,True
26525,2,0,0,0,0.0,closed,True,True
26524,8,3,2,0,0.0,closed,True,True
26522,10,8,3,0,0.0,closed,True,True
26521,36,2,0,0,0.0,closed,True,True
26517,1,1,0,0,0.0,closed,True,True
26504,5,2,12,2,0.10526315789473684,closed,False,False
26495,68,13,1,0,0.0,closed,True,True
26488,2,2,3,1,1.0,closed,False,False
26484,8,67,0,0,0.0,closed,True,True
26482,8,67,5,0,0.0,closed,False,False
26480,17,3,0,0,0.0,closed,True,True
26478,21,2,0,0,0.0,closed,True,True
26476,0,24,0,0,0.0,closed,True,True
26473,12,13,3,0,0.0,closed,True,True
26470,36,21,2,0,0.0,closed,True,True
26449,128,79,16,2,0.3333333333333333,closed,True,True
26447,3,5,0,0,0.0,closed,True,True
26446,1,1,3,0,0.0,closed,True,True
26440,30,8,1,0,0.0,closed,True,True
26439,2,1,0,0,0.0,closed,True,True
26438,1,1,3,0,0.0,closed,True,True
26431,2,2,0,0,0.0,closed,True,True
26415,6,11,1,0,0.0,closed,True,True
26375,39520,2246,29,2,0.125,closed,True,True
26373,5,1,0,3,1.0,closed,True,True
26364,162,0,6,0,0.0,closed,True,True
26361,3,0,0,0,0.0,closed,True,True
26349,50,17,0,0,0.0,closed,True,True
26345,72,41,6,0,0.0,closed,True,True
26342,4,0,1,0,0.0,closed,True,True
26331,20,2,0,0,0.0,closed,True,True
26328,2,2,0,0,0.0,closed,True,True
26325,269,269,1,0,0.0,closed,True,True
26319,1633,63,34,46,0.7931034482758621,closed,True,True
26318,4,2,0,0,0.0,closed,True,True
26310,1,0,0,3,1.0,closed,True,True
26308,105,23,0,0,0.0,closed,True,True
26292,85,1,1,2,0.6666666666666666,closed,True,True
26290,57,0,1,3,0.75,closed,True,True
26287,1,1,0,0,0.0,closed,True,True
26259,35,0,6,0,0.0,closed,True,True
26250,6,1,0,0,0.0,closed,True,True
26235,7,7,0,0,0.0,closed,True,True
26230,1,1,0,0,0.0,closed,True,True
26222,116,9,1,0,0.0,closed,True,True
26157,15,1,2,0,0.0,closed,True,True
26156,4,2,2,0,0.0,closed,False,False
26153,6,2,5,0,0.0,closed,True,True
26142,367,397,3,9,2.25,closed,True,True
26124,85,73,0,0,0.0,closed,True,True
26104,36,22,0,0,0.0,closed,True,True
26097,1458,2,33,9,0.34615384615384615,closed,True,True
26079,108,86,6,13,4.333333333333333,closed,True,True
26077,3,3,12,6,0.5,closed,True,True
26033,245,92,14,2,0.25,closed,True,True
26021,417,102,0,2,0.2222222222222222,closed,True,True
26019,124,14,2,0,0.0,closed,True,True
26012,12,8,0,0,0.0,closed,True,True
26000,16,21,6,0,0.0,closed,True,True
25992,46,67,2,0,0.0,closed,True,True
25983,222,32,12,2,0.11764705882352941,closed,True,True
25978,31,11,1,4,1.0,closed,True,True
25968,152,3574,4,0,0.0,closed,True,True
25963,62,18,0,0,0.0,closed,True,True
25958,12,12,0,0,0.0,closed,True,True
25949,406,151,0,1,0.007407407407407408,closed,True,True
25948,1,1,0,0,0.0,closed,True,True
25945,98,70,0,4,0.3333333333333333,closed,True,True
25944,182,17,0,0,0.0,closed,False,False
25936,272,74,16,2,0.15384615384615385,closed,True,True
25922,10709,182,4,0,0.0,closed,True,True
25918,94,18,0,6,0.5454545454545454,closed,True,True
25907,6,6,0,0,0.0,closed,False,False
25906,27,27,3,0,0.0,closed,False,False
25901,2,1,2,0,0.0,closed,True,True
25897,62,15,0,0,0.0,closed,True,True
25895,124,2,1,1,0.3333333333333333,closed,True,True
25882,14,2,0,2,1.0,closed,True,True
25876,16,13,1,0,0.0,closed,True,True
25853,28275,19782,9,4,0.017777777777777778,closed,True,True
25838,3,3,2,0,0.0,closed,True,True
25827,64,0,3,1,0.3333333333333333,closed,True,True
25816,1,0,0,0,0.0,closed,True,True
25799,9,3,0,0,0.0,closed,True,True
25790,12,3,1,0,0.0,closed,True,True
25786,13,12,0,0,0.0,closed,True,True
25774,35,30,9,5,1.25,closed,True,True
25759,3,2,0,0,0.0,closed,True,True
25758,1,0,0,0,0.0,closed,True,True
25753,1,1,13,1,1.0,closed,True,True
25751,18,0,0,0,0.0,closed,True,True
25749,165,7,1,0,0.0,closed,False,False
25748,5,5,3,0,0.0,closed,True,True
25718,3,0,0,0,0.0,closed,True,True
25690,4,19,4,0,0.0,closed,True,True
25680,5,0,1,0,0.0,closed,True,True
25661,15,0,1,0,0.0,closed,True,True
25647,0,6,5,0,0.0,closed,True,True
25645,130,1,0,3,1.0,closed,True,True
25579,9,4,1,0,0.0,closed,True,True
25576,19,0,0,0,0.0,closed,True,True
25559,24,1,1,0,0.0,closed,True,True
25554,71,2,1,0,0.0,closed,True,True
25537,146,7,9,0,0.0,closed,True,True
25535,336,298,2,0,0.0,closed,True,True
25529,5,0,1,1,0.3333333333333333,closed,True,True
25487,2332,584,7,0,0.0,closed,True,True
25486,740,671,37,1,0.030303030303030304,closed,True,True
25483,1,1,4,0,0.0,closed,False,False
25478,1,1,2,0,0.0,closed,True,True
25477,1,1,0,0,0.0,closed,False,False
25425,30,0,0,0,0.0,closed,True,True
25418,6,1,0,0,0.0,closed,True,True
25412,1,1,0,0,0.0,closed,True,True
25411,567,1,37,11,2.2,closed,False,False
25405,51,33,0,0,0.0,closed,True,True
25398,23,6,0,2,1.0,closed,True,True
25397,328,6,10,9,1.125,closed,True,True
25393,4,2,1,0,0.0,closed,True,True
25392,1,1,2,0,0.0,closed,False,False
25358,128,138,6,34,2.6153846153846154,closed,True,True
25326,13,0,13,0,0.0,closed,False,False
25280,10,9,0,0,0.0,closed,True,True
25270,28,19,0,0,0.0,closed,True,True
25267,12,2,0,0,0.0,closed,True,True
25266,28,10,3,2,0.5,closed,True,True
25260,146,30,4,1,0.25,closed,True,True
25257,2,2,3,0,0.0,closed,True,True
25231,232,19,1,0,0.0,closed,True,True
25226,1,1,0,0,0.0,closed,True,True
25221,8,28,7,0,0.0,closed,False,False
25210,2,1,0,0,0.0,closed,True,True
25184,85,68,4,21,1.4,closed,True,True
25162,3,2,0,0,0.0,closed,True,True
25152,3,62,0,0,0.0,closed,True,True
25145,79,50,0,0,0.0,closed,True,True
25141,79,14,2,14,0.4827586206896552,closed,True,True
25130,31,17,1,0,0.0,closed,False,False
25128,6,4,0,0,0.0,closed,True,True
25105,2,0,7,0,0.0,closed,True,True
25102,0,0,2,0,0.0,closed,True,True
25099,0,0,0,0,0.0,closed,True,True
25098,18,0,0,0,0.0,closed,True,True
25095,21,7,0,5,2.5,closed,True,True
25094,275,172,6,1,0.5,closed,True,True
25072,10,1,0,0,0.0,closed,True,True
25064,34,59,8,0,0.0,closed,True,True
25060,31,33,9,0,0.0,closed,True,True
25030,10,11,10,6,0.8571428571428571,closed,False,False
25021,3,2,0,0,0.0,closed,True,True
25020,76,41,1,6,0.6666666666666666,closed,True,True
24998,1,1,0,5,1.6666666666666667,closed,True,True
24986,32,28,5,4,1.0,closed,True,True
24977,26,13,1,0,0.0,closed,True,True
24943,315,261,7,0,0.0,closed,True,True
24934,1096,41,14,27,1.9285714285714286,closed,True,True
24927,54,3,6,0,0.0,closed,True,True
24925,8,0,2,0,0.0,closed,True,True
24906,98,24,27,85,2.9310344827586206,closed,True,True
24903,156,7,2,9,0.6,closed,True,True
24901,102,78,3,2,0.4,closed,True,True
24892,130,1,7,7,0.7,closed,True,True
24875,23,21,6,0,0.0,closed,True,True
24874,125,138,4,0,0.0,closed,True,True
24852,157,130,12,10,0.8333333333333334,closed,False,False
24818,29,29,3,0,0.0,closed,True,True
24793,12,11,1,5,5.0,closed,True,True
24792,124,107,5,0,0.0,closed,True,True
24736,120,81,2,5,2.5,closed,True,True
24735,11,8,4,12,1.7142857142857142,closed,True,True
24655,250,5,2,3,1.0,closed,True,True
24630,2102,932,9,0,0.0,closed,True,True
24600,80,22,0,1,0.5,closed,True,True
24599,2,2,0,0,0.0,closed,True,True
24598,9,1,1,9,4.5,closed,True,True
24585,12,0,1,0,0.0,closed,False,False
24527,141,0,2,0,0.0,closed,True,True
24522,37,26,1,0,0.0,closed,True,True
24515,1,0,0,0,0.0,closed,True,True
24493,4,2,2,0,0.0,closed,True,True
24462,21,0,2,0,0.0,closed,True,True
24448,14,0,0,0,0.0,closed,True,True
24418,42,4,21,6,0.16666666666666666,closed,True,True
24413,99,139,7,1,0.14285714285714285,closed,True,True
24411,89,40,1,0,0.0,closed,True,True
24408,15,1,9,0,0.0,closed,False,False
24381,9,9,0,0,0.0,closed,True,True
24376,23,25,7,14,1.0769230769230769,closed,True,True
24366,1,1,2,2,2.0,closed,False,False
24355,70,40,4,30,1.5,closed,True,True
24346,140,328,0,0,0.0,closed,False,False
24327,21,23,1,0,0.0,closed,True,True
24310,3,5,1,3,1.0,closed,True,True
24307,5,0,0,0,0.0,closed,True,True
24306,1,12446,5,0,0.0,closed,True,True
24294,290,83,4,0,0.0,closed,True,True
24293,41,0,14,2,0.2222222222222222,closed,True,True
24290,147,146,1,0,0.0,closed,True,True
24289,3,3,0,0,0.0,closed,True,True
24288,2,2,2,0,0.0,closed,True,True
24278,1,1,6,0,0.0,closed,True,True
24277,1,1,0,0,0.0,closed,True,True
24254,1458,1517,0,0,0.0,closed,True,True
24252,0,0,0,0,0.0,closed,False,False
24249,1,1,2,0,0.0,closed,False,False
24247,68,18,2,8,0.8888888888888888,closed,True,True
24238,6,6,1,0,0.0,closed,True,True
24237,124,23,3,6,0.5454545454545454,closed,True,True
24221,201,15,38,9,0.3,closed,True,True
24205,58,67,10,0,0.0,closed,True,True
24194,2,8,8,0,0.0,closed,True,True
24183,653,312,34,11,0.3055555555555556,closed,True,True
24169,221,27,30,13,13.0,open,False,False
24164,78,5,3,0,0.0,closed,True,True
24137,7,1,2,0,0.0,closed,True,True
24131,79,13,1,11,1.2222222222222223,closed,True,True
24091,22,3,0,0,0.0,closed,True,True
24087,3244,1109,9,19,0.9047619047619048,closed,True,True
24083,13,18,7,0,0.0,closed,False,False
24059,0,0,1,0,0.0,closed,True,True
24057,104,12,3,0,0.0,closed,True,True
24045,42,52,0,0,0.0,closed,True,True
24030,20,1,0,0,0.0,closed,True,True
24004,24,27,1,0,0.0,closed,True,True
24002,39,145,1,0,0.0,closed,True,True
23995,1,1,8,0,0.0,closed,False,False
23991,42,1,1,0,0.0,closed,True,True
23990,7,7,0,0,0.0,closed,True,True
23989,1,1,0,0,0.0,closed,True,True
23970,32,30,0,0,0.0,closed,True,True
23955,456,488,6,0,0.0,closed,True,True
23947,104,73,2,0,0.0,closed,True,True
23927,33,8,0,1,0.5,closed,True,True
23926,6,5,0,0,0.0,closed,True,True
23911,1,1,0,0,0.0,closed,True,True
23855,1,1,0,1,1.0,closed,True,True
23830,1,1,0,0,0.0,closed,True,True
23829,66,43,1,0,0.0,closed,True,True
23825,45,3,1,0,0.0,closed,True,True
23822,1,1,2,0,0.0,closed,True,True
23819,1,1,2,0,0.0,closed,True,True
23818,11,2,2,0,0.0,closed,True,True
23798,1,1,0,0,0.0,closed,True,True
23793,23,0,1,0,0.0,closed,True,True
23789,105,2,21,12,0.631578947368421,closed,True,True
23772,153,48,2,0,0.0,closed,True,True
23757,1,1,0,0,0.0,closed,True,True
23754,40,47,0,0,0.0,closed,True,True
23750,13,0,1,0,0.0,closed,False,False
23735,105,90,1,0,0.0,closed,True,True
23727,310,237,1,0,0.0,closed,True,True
23709,3376,21,57,63,0.7,closed,True,True
23703,2,2,3,0,0.0,closed,True,True
23700,564,85,19,6,0.3333333333333333,open,False,False
23695,1015,5,4,9,0.8181818181818182,closed,True,True
23689,63,4,0,7,2.3333333333333335,closed,True,True
23688,44,71,3,17,1.7,closed,True,True
23685,5,1,4,2,1.0,closed,True,True
23674,17,14,0,0,0.0,closed,True,True
23672,24,25,0,0,0.0,closed,True,True
23671,469,627,0,0,0.0,closed,True,True
23668,29,3,4,0,0.0,closed,True,True
23665,100,16,22,0,0.0,closed,False,False
23645,1576,19,41,15,0.5172413793103449,closed,True,True
23638,423,647,0,0,0.0,closed,True,True
23626,56,38,1,0,0.0,closed,True,True
23625,88,72,0,0,0.0,closed,True,True
23619,1,1,0,0,0.0,closed,True,True
23604,29,23,0,0,0.0,closed,True,True
23575,5,2,0,0,0.0,closed,True,True
23566,2455,5,34,4,0.1,closed,True,True
23554,70,6,2,4,0.4444444444444444,closed,True,True
23509,6,4,1,0,0.0,closed,True,True
23492,15,6,0,0,0.0,closed,True,True
23489,966,762,1,0,0.0,closed,True,True
23487,20,0,3,0,0.0,closed,True,True
23486,175,64,0,0,0.0,closed,True,True
23484,88,88,0,3,1.5,closed,True,True
23482,30,30,0,0,0.0,closed,True,True
23467,66,69,1,2,1.0,closed,True,True
23439,63,4,6,6,1.5,closed,True,True
23433,4,4,0,0,0.0,closed,True,True
23378,2093,1847,1,3,1.0,closed,True,True
23367,4,4,0,0,0.0,closed,True,True
23324,106,2,2,0,0.0,closed,False,False
23307,40,15,2,5,5.0,closed,True,True
23305,13,13,0,0,0.0,closed,True,True
23304,14,5,0,0,0.0,closed,True,True
23280,44,18,0,10,1.0,closed,True,True
23267,38,2,0,0,0.0,closed,True,True
23255,4,1,2,0,0.0,closed,True,True
23252,43,42,1,3,1.5,closed,True,True
23248,84,6,2,0,0.0,closed,True,True
23220,198,5,48,34,3.090909090909091,open,False,False
23208,29,31,7,5,5.0,closed,True,True
23146,25,11,1,0,0.0,closed,True,True
23121,283,283,2,0,0.0,closed,True,True
23119,48,42,3,7,1.75,closed,True,True
23103,24,9,0,0,0.0,closed,True,True
23102,101,491,8,13,0.5909090909090909,closed,True,True
23095,1,0,0,0,0.0,closed,True,True
23094,56,100,0,16,1.7777777777777777,closed,True,True
23092,1,1,0,0,0.0,closed,True,True
23083,26,26,0,0,0.0,closed,True,True
23082,4,3,0,0,0.0,closed,True,True
23062,0,0,1,3,0,closed,False,False
23054,6,1,0,0,0.0,closed,True,True
23045,253,51,13,0,0.0,closed,True,True
23044,3,0,7,0,0.0,closed,True,True
23040,156,106,0,0,0.0,closed,True,True
23035,161,169,2,0,0.0,closed,False,False
23032,0,28,1,0,0.0,closed,False,False
23030,201,162,0,0,0.0,closed,True,True
23028,94,83,3,1,0.16666666666666666,closed,True,True
23014,325,27,3,0,0.0,closed,True,True
23000,140,8,3,4,0.2,closed,True,True
22965,76,8,1,6,3.0,closed,True,True
22952,89,89,1,0,0.0,closed,True,True
22944,22,22,1,0,0.0,closed,True,True
22923,23,1,1,0,0.0,closed,True,True
22908,5,5,0,0,0.0,closed,True,True
22907,6,0,0,0,0.0,closed,True,True
22906,1,1,0,0,0.0,closed,True,True
22901,129,3,4,2,0.5,closed,True,True
22900,27,27,0,2,2.0,closed,True,True
22899,10893,3308,1,1,0.2,closed,True,True
22889,2,1,0,0,0.0,closed,True,True
22884,5,0,0,0,0.0,closed,True,True
22873,1,1,0,0,0.0,closed,True,True
22847,178,3,14,0,0.0,closed,True,True
22837,1517,637,1,1,0.16666666666666666,closed,True,True
22824,10,10,0,0,0.0,closed,True,True
22815,16,11,0,2,1.0,closed,True,True
22813,4,7,1,0,0.0,closed,True,True
22812,4,90,4,0,0.0,closed,True,True
22808,6,9,1,0,0.0,closed,True,True
22806,110,57,4,0,0.0,closed,True,True
22796,3,1,0,0,0.0,closed,True,True
22795,13,10,2,4,4.0,closed,True,True
22792,3,1,1,0,0.0,closed,True,True
22790,390,304,5,0,0.0,closed,True,True
22779,3,5,1,0,0.0,closed,True,True
22777,59,15,4,0,0.0,closed,True,True
22771,22,13,1,0,0.0,closed,True,True
22760,150,749,35,13,0.2708333333333333,closed,True,True
22757,14,7,0,0,0.0,closed,True,True
22755,1,1,0,0,0.0,closed,True,True
22744,14,20,0,0,0.0,closed,True,True
22743,9,6,1,0,0.0,closed,True,True
22740,63,0,0,2,1.0,closed,True,True
22736,19,0,6,0,0.0,closed,True,True
22733,57,89,15,0,0.0,closed,True,True
22721,22,4,7,2,0.6666666666666666,closed,True,True
22712,22,0,8,6,1.0,closed,True,True
22707,336,369,5,6,1.2,closed,True,True
22704,1,0,1,2,2.0,closed,True,True
22703,0,52,0,0,0.0,closed,True,True
22690,338,11,1,1,0.25,closed,False,False
22687,4,3,0,0,0.0,closed,True,True
22685,65,29,5,0,0.0,closed,True,True
22684,65,38,3,2,0.6666666666666666,closed,True,True
22683,33,16,1,0,0.0,closed,True,True
22680,5,4,7,0,0.0,closed,True,True
22669,2,2,0,0,0.0,closed,True,True
22661,71,2,1,0,0.0,closed,False,False
22657,81,140,1,0,0.0,closed,True,True
22654,56,12,1,0,0.0,closed,True,True
22650,6,5,3,0,0.0,closed,True,True
22649,2,1,8,0,0.0,closed,False,False
22647,100,9,3,4,1.0,closed,True,True
22645,122,10,3,0,0.0,closed,True,True
22644,2,2,1,0,0.0,closed,True,True
22643,113,96,7,9,0.9,closed,True,True
22642,28,31,2,2,1.0,closed,True,True
22641,22,8,2,6,3.0,closed,True,True
22640,77,2,4,5,1.25,closed,True,True
22639,76,5,2,2,1.0,closed,True,True
22637,285,114,3,3,0.3,closed,True,True
22636,29,7,5,0,0.0,closed,True,True
22633,156,7,2,0,0.0,closed,True,True
22631,9,4,2,0,0.0,closed,True,True
22622,1,0,0,0,0.0,closed,True,True
22613,153,3,4,5,0.8333333333333334,closed,True,True
22609,105,57,2,1,0.3333333333333333,closed,True,True
22606,134,59,7,1,0.3333333333333333,closed,True,True
22602,83,17,1,0,0.0,closed,True,True
22600,342,19,10,9,0.28125,closed,True,True
22598,406,7,1,5,1.0,closed,True,True
22596,8,1,0,0,0.0,closed,True,True
22589,286,43,4,13,0.5909090909090909,closed,True,True
22567,1,3,1,0,0.0,closed,True,True
22565,11,3,1,0,0.0,closed,True,True
22555,7,7,5,3,1.5,closed,True,True
22552,11,20,0,0,0.0,closed,True,True
22545,12,0,3,0,0.0,closed,True,True
22541,26,7,1,1,1.0,closed,True,True
22540,109,148,1,2,0.2,closed,True,True
22538,80,17,2,5,1.6666666666666667,closed,True,True
22530,690,2,3,4,1.0,closed,True,True
22506,243,6,16,35,1.6666666666666667,closed,True,True
22504,102,30,1,0,0.0,closed,True,True
22503,13,2,0,0,0.0,closed,True,True
22501,95,70,3,7,1.4,closed,True,True
22500,7778,4,0,0,0.0,closed,False,False
22498,7777,4,1,0,0.0,closed,True,True
22497,3,1,1,1,0.5,closed,True,True
22496,6,0,0,0,0.0,closed,True,True
22493,15,7,0,0,0.0,closed,True,True
22450,1,6,0,3,1.5,closed,True,True
22446,312,176,10,5,0.45454545454545453,closed,True,True
22443,5,1,7,1,0.2,closed,True,True
22435,12,9,2,0,0.0,closed,True,True
22429,2321,1089,1,0,0.0,closed,False,False
22411,1,1,0,0,0.0,closed,True,True
22409,184,16,15,0,0.0,closed,True,True
22408,2881,426,37,7,0.12727272727272726,closed,True,True
22378,5,5,2,0,0.0,closed,True,True
22373,30,5,2,0,0.0,closed,True,True
22365,1181,12,73,51,0.3090909090909091,closed,True,True
22364,2,2,1,0,0.0,closed,True,True
22363,10,7,4,0,0.0,closed,True,True
22359,1,0,1,0,0.0,closed,False,False
22357,2,1,0,0,0.0,closed,True,True
22353,12,12,1,0,0.0,closed,True,True
22351,6,6,0,0,0.0,closed,True,True
22350,58,0,1,0,0.0,closed,True,True
22335,861,513,7,0,0.0,closed,True,True
22331,0,0,0,0,0.0,closed,False,False
22301,7,2,0,0,0.0,closed,True,True
22297,35,0,0,0,0.0,closed,True,True
22295,2,1,0,0,0.0,closed,True,True
22294,792,442,11,0,0.0,closed,True,True
22288,25,0,1,3,1.0,closed,True,True
22285,40,30,4,8,1.3333333333333333,closed,True,True
22284,176,148,9,0,0.0,closed,False,False
22276,26,35,0,12,2.0,closed,True,True
22270,6,0,0,0,0.0,closed,True,True
22265,75,52,0,0,0.0,closed,True,True
22256,1,1,4,0,0.0,closed,True,True
22253,4,10,0,0,0.0,closed,True,True
22248,0,0,0,0,0.0,closed,True,True
22240,1,1,0,0,0.0,closed,True,True
22237,0,0,1,0,0.0,closed,False,False
22234,10,10,0,0,0.0,closed,True,True
22233,38,1,10,1,0.2,closed,True,True
22232,19,7,0,0,0.0,closed,True,True
22228,35,0,3,0,0.0,closed,True,True
22227,33,16,0,0,0.0,closed,True,True
22226,1,18,0,0,0.0,closed,True,True
22220,6401,5312,4,15,0.18518518518518517,closed,False,False
22217,9064,2332,9,8,0.1568627450980392,closed,True,True
22214,53,0,0,2,1.0,closed,True,True
22209,3,3,0,0,0.0,closed,True,True
22191,0,0,0,0,0.0,closed,False,False
22182,245,262,2,0,0.0,closed,False,False
22181,2,2,0,0,0.0,closed,True,True
22166,1,1,2,0,0.0,closed,True,True
22157,2,0,0,0,0.0,closed,True,True
22154,286,24,14,0,0.0,closed,False,False
22151,3,3,0,0,0.0,closed,True,True
22149,4,4,0,0,0.0,closed,True,True
22146,1,1,9,0,0.0,closed,True,True
22141,2321,1089,36,9,0.36,closed,True,True
22107,1,0,2,0,0.0,closed,True,True
22100,1,1,1,0,0.0,closed,True,True
22097,18,2,0,0,0.0,closed,True,True
22087,24,28,0,0,0.0,closed,True,True
22082,7,7,0,0,0.0,closed,True,True
22080,2,2,0,0,0.0,closed,True,True
22077,12,0,2,0,0.0,closed,True,True
22072,15,14,1,0,0.0,closed,True,True
22037,17,17,2,7,7.0,closed,False,False
22024,79,0,0,3,1.5,closed,True,True
22019,11,10,0,5,1.0,closed,True,True
22011,18,20,9,13,3.25,closed,True,True
22004,145,14,1,0,0.0,closed,True,True
21983,36,6,1,0,0.0,closed,True,True
21970,29,1,0,0,0.0,closed,True,True
21957,5,3,1,0,0.0,closed,True,True
21930,2,2,0,0,0.0,closed,True,True
21926,2,2,0,0,0.0,closed,True,True
21924,84,0,1,0,0.0,closed,True,True
21922,6,6,2,0,0.0,closed,True,True
21909,3,0,2,0,0.0,closed,True,True
21889,106,0,5,6,1.2,closed,True,True
21870,7,2,1,0,0.0,closed,True,True
21848,45,100,3,0,0.0,closed,False,False
21842,4,4,0,0,0.0,closed,True,True
21833,16,10,0,0,0.0,closed,True,True
21817,54,16,9,5,1.25,closed,True,True
21815,5,5,0,0,0.0,closed,True,True
21813,1,2,4,0,0.0,closed,True,True
21812,7,4,13,3,0.75,closed,True,True
21786,7,2,4,3,0.5,closed,True,True
21762,424,275,15,9,0.8181818181818182,closed,True,True
21747,3,1,1,4,1.0,closed,True,True
21732,112,83,13,6,1.2,closed,True,True
21730,488,456,2,0,0.0,closed,False,False
21725,1,1,0,0,0.0,closed,True,True
21704,4,1,0,0,0.0,closed,True,True
21688,169,100,8,7,1.0,closed,True,True
21658,9,7,0,0,0.0,closed,True,True
21625,1,1,0,0,0.0,closed,True,True
21618,262,245,2,2,0.125,closed,True,True
21615,4,4,1,0,0.0,closed,True,True
21602,30,16,1,0,0.0,closed,True,True
21595,378,4,1,0,0.0,closed,False,False
21588,6,7,0,4,1.3333333333333333,closed,True,True
21586,9,9,0,0,0.0,closed,True,True
21568,2,0,2,0,0.0,closed,True,True
21566,2,0,3,0,0.0,closed,True,True
21565,16,9,4,1,0.16666666666666666,closed,True,True
21555,78,76,2,19,1.9,closed,True,True
21553,47,8,4,0,0.0,closed,True,True
21522,24,32,0,9,4.5,closed,True,True
21521,0,0,9,0,0.0,closed,True,True
21516,4,4,2,0,0.0,closed,True,True
21500,80,0,0,0,0.0,closed,True,True
21489,4,4,0,0,0.0,closed,True,True
21487,12,12,0,0,0.0,closed,True,True
21486,49,0,0,0,0.0,closed,True,True
21474,21,0,2,6,1.5,closed,True,True
21465,267,4,6,1,0.3333333333333333,closed,True,True
21449,128,127,0,6,1.0,closed,True,True
21434,6,3,0,0,0.0,closed,True,True
21431,2,8,0,0,0.0,closed,True,True
21426,2190,2238,2,0,0.0,closed,True,True
21411,3257,449,30,30,1.0,closed,True,True
21382,188,81,2,0,0.0,closed,True,True
21372,1,1,0,0,0.0,closed,True,True
21371,16,98,7,0,0.0,closed,True,True
21362,3,3,14,0,0.0,closed,True,True
21354,32,1,3,0,0.0,closed,True,True
21348,91,47,0,0,0.0,closed,True,True
21347,1,1,3,0,0.0,closed,False,False
21327,6,1,0,0,0.0,closed,True,True
21320,12,5,1,0,0.0,closed,False,False
21317,4595,4658,12,50,1.1627906976744187,closed,True,True
21312,2,2,1,0,0.0,closed,True,True
21311,5,2,6,0,0.0,closed,True,True
21310,25,23,0,0,0.0,closed,True,True
21307,4,4,0,0,0.0,closed,True,True
21297,19,4,2,1,0.25,closed,True,True
21291,111,32,1,4,1.3333333333333333,closed,True,True
21284,94,1,6,2,1.0,closed,True,True
21259,9,3,4,0,0.0,closed,True,True
21254,21,0,0,0,0.0,closed,True,True
21245,27,63,16,1,1.0,closed,False,False
21230,21,17,0,0,0.0,closed,True,True
21229,4,3,8,0,0.0,closed,True,True
21227,108,103,0,0,0.0,closed,True,True
21225,71,611,5,5,2.5,closed,True,True
21224,2,2,0,0,0.0,closed,True,True
21220,10,12,0,0,0.0,closed,True,True
21206,176,225,2,0,0.0,closed,False,False
21202,1,1,0,0,0.0,closed,True,True
21200,6,4,5,0,0.0,closed,True,True
21198,1,1,0,0,0.0,closed,True,True
21197,0,36,0,0,0.0,closed,True,True
21196,243,226,1,3,3.0,closed,False,False
21183,260,0,0,0,0.0,closed,False,False
21175,79,39,3,2,1.0,closed,True,True
21171,57,76,3,20,0.9523809523809523,closed,True,True
21163,47,43,1,0,0.0,closed,True,True
21160,16,0,4,5,1.25,closed,True,True
21157,393,507,3,0,0.0,closed,True,True
21156,1133,110,3,0,0.0,closed,True,True
21148,12,11,6,4,4.0,closed,False,False
21145,0,13,2,0,0.0,closed,False,False
21132,1,37,4,0,0.0,closed,False,False
21131,652,742,6,0,0.0,closed,False,False
21129,24,3,7,0,0.0,closed,False,False
21127,94,167,6,1,0.14285714285714285,closed,True,True
21115,7,7,3,0,0.0,closed,True,True
21098,36,30,0,0,0.0,closed,True,True
21085,260,0,0,0,0.0,closed,True,True
21083,2,2,0,0,0.0,closed,True,True
21073,2,2,7,0,0.0,closed,True,True
21061,72,84,2,0,0.0,closed,True,True
20992,9,9,6,0,0.0,closed,True,True
20985,18,4,0,0,0.0,closed,True,True
20979,183,134,14,9,0.16666666666666666,closed,True,True
20964,20,5,2,0,0.0,closed,True,True
20960,70,0,2,1,0.5,closed,False,False
20956,69,62,1,32,3.5555555555555554,closed,True,True
20934,16,0,0,0,0.0,closed,True,True
20930,4550,100,53,6,0.0392156862745098,closed,True,True
20926,15,0,4,3,1.5,closed,True,True
20905,60,0,0,0,0.0,closed,False,False
20898,19,15,0,1,0.5,closed,True,True
20894,12,12,0,0,0.0,closed,True,True
20881,25,7,4,5,1.25,closed,True,True
20876,17,2,1,0,0.0,closed,True,True
20865,1,1,0,0,0.0,closed,True,True
20863,3564,5,29,0,0.0,closed,False,False
20843,2,1,1,0,0.0,closed,False,False
20798,817,40,10,26,1.3,closed,True,True
20756,10,7,0,0,0.0,closed,True,True
20748,4,4,0,0,0.0,closed,True,True
20743,3,5,1,0,0.0,closed,True,True
20662,119,119,5,11,0.5238095238095238,closed,True,True
20659,5,0,11,1,0.5,closed,True,True
20626,1052,1038,2,0,0.0,closed,False,False
20587,635,662,41,9,0.3333333333333333,closed,True,True
20584,100,351,1,0,0.0,closed,True,True
20579,6,0,9,4,2.0,closed,True,True
20551,1981,53,160,86,1.0617283950617284,closed,True,True
20532,255,477,0,17,1.7,closed,True,True
20510,51,1,5,0,0.0,closed,False,False
20505,1,1,0,0,0.0,closed,True,True
20469,5,2,13,13,2.1666666666666665,closed,True,True
20462,3858,13,65,8,0.13333333333333333,closed,True,True
20450,31,26,0,0,0.0,closed,True,True
20430,25,4,0,0,0.0,closed,True,True
20415,17,2,0,0,0.0,closed,True,True
20400,256,72,0,5,0.625,closed,True,True
20385,24,24,0,3,1.5,closed,True,True
20358,421,0,1,3,0.75,closed,True,True
20356,8,1,5,0,0.0,closed,True,True
20352,85,19,15,5,0.8333333333333334,closed,True,True
20350,12,0,0,4,4.0,closed,True,True
20320,21,5,6,2,0.25,closed,True,True
20311,0,2,1,0,0.0,closed,True,True
20291,21,4,10,2,0.6666666666666666,closed,True,True
20290,3,0,0,0,0.0,closed,True,True
20285,0,5,0,0,0.0,closed,True,True
20275,1,1,0,0,0.0,closed,True,True
20271,2,1,1,0,0.0,closed,True,True
20240,77,54,2,37,7.4,closed,True,True
20237,8,0,0,0,0.0,closed,True,True
20226,2,2,2,0,0.0,closed,True,True
20223,958,429,1,4,0.4,closed,True,True
20221,52,2,1,2,2.0,closed,True,True
20218,0,92,0,0,0.0,closed,True,True
20215,0,0,2,0,0.0,closed,True,True
20214,313,137,4,0,0.0,closed,False,False
20208,42,48,0,0,0.0,closed,True,True
20206,1,2,0,2,2.0,closed,True,True
20203,0,0,2,0,0.0,closed,False,False
20201,0,7,0,0,0.0,closed,True,True
20199,85,1,0,0,0.0,closed,True,True
20198,207,103,1,0,0.0,closed,True,True
20195,44,52,14,0,0.0,closed,True,True
20193,39,20,0,2,0.6666666666666666,closed,True,True
20190,751,539,7,2,0.2857142857142857,closed,True,True
20188,3,3,0,0,0.0,closed,True,True
20184,17,4,1,2,0.6666666666666666,closed,True,True
20180,2,2,1,0,0.0,closed,True,True
20178,73,71,15,1,0.16666666666666666,closed,True,True
20176,97,97,5,0,0.0,closed,True,True
20174,6,6,1,0,0.0,closed,True,True
20170,1,1,0,0,0.0,closed,True,True
20169,45,57,22,0,0.0,closed,False,False
20168,31,9,0,0,0.0,closed,True,True
20166,16,14,0,1,0.5,closed,True,True
20165,38,2,3,0,0.0,closed,True,True
20164,249,271,7,0,0.0,closed,True,True
20163,21,24,1,0,0.0,closed,True,True
20162,6,0,4,1,0.25,closed,True,True
20151,29,12,0,14,2.0,closed,True,True
20147,12,12,0,0,0.0,closed,True,True
20142,1,0,0,0,0.0,closed,True,True
20138,112,104,0,0,0.0,closed,True,True
20135,1,1,0,0,0.0,closed,True,True
20126,2,0,0,0,0.0,closed,True,True
20104,1,1,1,0,0.0,closed,True,True
20101,3,0,0,0,0.0,closed,True,True
20099,4,3,0,0,0.0,closed,True,True
20067,85,4,2,1,0.2,closed,True,True
20064,30,4,4,0,0.0,closed,True,True
20063,25,18,0,3,1.5,closed,True,True
20047,1,1,0,2,2.0,closed,True,True
20034,2,1,2,0,0.0,closed,True,True
20024,176,93,16,0,0.0,closed,True,True
20006,13,13,2,0,0.0,closed,True,True
20005,30,7,0,0,0.0,closed,True,True
20002,2,2,0,0,0.0,closed,True,True
20001,6,0,1,0,0.0,closed,True,True
19994,0,4,1,0,0.0,closed,True,True
19992,337,43,10,4,0.3076923076923077,closed,True,True
19981,14,4,0,0,0.0,closed,True,True
19980,198,11,5,13,4.333333333333333,closed,True,True
19970,39,167,3,0,0.0,closed,False,False
19963,3,5,3,0,0.0,closed,True,True
19961,54,43,0,0,0.0,closed,True,True
19960,65,10,8,19,6.333333333333333,closed,True,True
19941,62,8,6,5,1.6666666666666667,closed,True,True
19937,6,9,0,0,0.0,closed,True,True
19934,688,228,6,24,2.1818181818181817,closed,True,True
19933,686,228,0,0,0.0,closed,False,False
19928,78,8,0,0,0.0,closed,True,True
19919,1,0,7,0,0.0,closed,False,False
19917,103,0,5,2,0.5,closed,False,False
19914,3,2,2,0,0.0,closed,True,True
19905,3,16,4,0,0.0,closed,True,True
19878,99,0,1,0,0.0,closed,True,True
19875,53,29,10,5,2.5,closed,True,True
19869,1,1,0,0,0.0,closed,True,True
19849,52,152,0,0,0.0,closed,True,True
19840,172,15,1,0,0.0,closed,True,True
19829,7,1,0,2,1.0,closed,True,True
19810,7,8,3,11,2.75,closed,False,False
19809,245,118,6,36,1.565217391304348,closed,True,True
19792,545,1,1,1,0.07692307692307693,closed,True,True
19791,36,1,2,0,0.0,closed,True,True
19776,1,1,0,0,0.0,closed,True,True
19772,8,32,2,0,0.0,closed,True,True
19757,2,2,3,4,2.0,closed,True,True
19723,47,62,0,0,0.0,closed,True,True
19715,0,1,0,0,0.0,closed,True,True
19701,5316,334,70,9,0.07692307692307693,closed,True,True
19691,56,153,0,0,0.0,closed,True,True
19668,57,78,1,11,2.2,closed,True,True
19653,9,3,3,1,1.0,closed,True,True
19647,2,2,0,0,0.0,closed,True,True
19634,53,1,1,1,0.5,closed,True,True
19632,3,3,0,0,0.0,closed,True,True
19626,0,2,0,0,0.0,closed,True,True
19620,12,0,0,0,0.0,closed,True,True
19618,1,0,2,0,0.0,closed,True,True
19615,3,0,2,0,0.0,closed,True,True
19610,2,2,5,0,0.0,closed,True,True
19593,35,24,48,11,0.5789473684210527,closed,True,True
19592,186,198,28,74,2.8461538461538463,closed,True,True
19574,34,24,0,0,0.0,closed,True,True
19571,8,2,0,0,0.0,closed,True,True
19569,940,64,45,21,1.1666666666666667,closed,True,True
19562,5,0,0,0,0.0,closed,True,True
19554,2,2,0,0,0.0,closed,True,True
19545,2,2,0,0,0.0,closed,False,False
19522,12,12,0,0,0.0,closed,True,True
19506,4,2,0,4,1.0,closed,True,True
19491,2,0,1,2,0.6666666666666666,closed,True,True
19489,8,6,3,0,0.0,closed,True,True
19488,2,2,3,2,1.0,closed,True,True
19485,2,2,0,0,0.0,closed,False,False
19476,24,1164,3,0,0.0,closed,True,True
19442,5,2,4,6,3.0,closed,True,True
19438,4,2,2,0,0.0,closed,True,True
19412,7,0,4,0,0.0,closed,True,True
19400,1,1,0,0,0.0,closed,True,True
19384,66,1,1,2,0.5,closed,True,True
19381,4,0,0,0,0.0,closed,True,True
19380,49,18,0,0,0.0,closed,True,True
19378,26,19,2,0,0.0,closed,True,True
19362,2,1,0,0,0.0,closed,True,True
19357,1,1,0,0,0.0,closed,True,True
19347,1,1,0,0,0.0,closed,True,True
19346,120,44,2,3,0.6,closed,False,False
19321,6,60,2,0,0.0,closed,True,True
19320,3,272,2,0,0.0,closed,True,True
19312,130,40,4,0,0.0,closed,True,True
19311,38,38,5,8,2.6666666666666665,closed,True,True
19301,11,1,0,0,0.0,closed,True,True
19253,3,3,0,0,0.0,closed,True,True
19249,0,8,0,0,0.0,closed,True,True
19236,4,4,0,0,0.0,closed,True,True
19215,285,61,22,10,1.25,closed,True,True
19212,2836,7,80,40,0.7272727272727273,closed,True,True
19209,13,21,4,0,0.0,closed,True,True
19206,53,35,8,0,0.0,closed,True,True
19197,16,0,8,0,0.0,closed,False,False
19195,18,30,2,0,0.0,closed,True,True
19184,93,96,2,12,1.0909090909090908,closed,True,True
19176,32,18,0,0,0.0,closed,True,True
19175,134,32,13,18,1.8,closed,True,True
19174,7,3,0,0,0.0,closed,True,True
19172,3040,16,77,29,0.35802469135802467,closed,True,True
19167,18,14,1,0,0.0,closed,True,True
19165,12,12,0,0,0.0,closed,True,True
19164,0,18,2,0,0.0,closed,True,True
19149,106,3,12,15,1.3636363636363635,closed,True,True
19148,15,12,0,0,0.0,closed,True,True
19135,288,23,23,2,0.25,closed,False,False
19134,8,6,0,0,0.0,closed,True,True
19127,189,143,0,5,0.29411764705882354,closed,True,True
19118,1,1,1,0,0.0,closed,False,False
19117,3,3,1,0,0.0,closed,False,False
19116,2,2,7,0,0.0,closed,False,False
19115,1,1,5,0,0.0,closed,False,False
19112,831,2,14,16,1.0666666666666667,closed,False,False
19110,786,2,3,0,0.0,closed,False,False
19109,174,27,5,0,0.0,closed,True,True
19107,11,10,2,2,1.0,closed,True,True
19100,6,0,2,0,0.0,closed,True,True
19097,787,0,0,0,0.0,closed,True,True
19094,125,121,14,0,0.0,closed,False,False
19093,26,0,0,0,0.0,closed,True,True
19087,25,4,2,0,0.0,closed,True,True
19078,5,4,1,0,0.0,closed,True,True
19077,1071,395,6,0,0.0,closed,True,True
19072,1663,402,12,0,0.0,closed,False,False
19069,0,14,14,0,0.0,closed,False,False
19063,59,60,0,0,0.0,closed,True,True
19061,2,2,0,1,0.5,closed,True,True
19060,7,0,1,0,0.0,closed,True,True
19059,30,30,2,0,0.0,closed,True,True
19057,1,1,3,0,0.0,closed,True,True
19056,6,2,4,0,0.0,closed,True,True
19038,0,160,2,0,0.0,closed,True,True
19037,54,12,8,0,0.0,closed,True,True
19036,36,247,7,0,0.0,closed,True,True
19035,43,3,1,0,0.0,closed,True,True
19030,14,0,4,3,1.5,closed,True,True
19027,28,10,3,0,0.0,closed,False,False
19013,0,44,0,0,0.0,closed,True,True
19000,3162,383,19,8,0.25,closed,True,True
18992,32,7,0,3,0.75,closed,True,True
18978,379,31,16,21,1.6153846153846154,closed,True,True
18966,297,509,9,2,0.18181818181818182,closed,True,True
18960,18,7,3,0,0.0,closed,False,False
18957,4,1,4,0,0.0,closed,False,False
18955,4,1,1,0,0.0,closed,False,False
18948,13,1,3,0,0.0,closed,False,False
18919,156,19,6,9,0.45,closed,True,True
18906,3,1,0,0,0.0,closed,True,True
18904,2,0,1,0,0.0,closed,True,True
18842,6,6,0,0,0.0,closed,True,True
18840,17,15,3,0,0.0,closed,True,True
18835,9,2,0,0,0.0,closed,True,True
18831,14,5,3,0,0.0,closed,True,True
18825,30,0,0,3,0.5,closed,True,True
18805,320,510,0,0,0.0,closed,True,True
18796,1,1,0,0,0.0,closed,True,True
18749,4,4,3,4,2.0,closed,True,True
18739,11,0,9,2,1.0,closed,False,False
18731,1,1,2,0,0.0,closed,True,True
18727,0,1,4,0,0.0,closed,True,True
18724,185,7,12,6,2.0,closed,True,True
18706,0,143,2,0,0.0,closed,True,True
18695,64,20,2,0,0.0,closed,True,True
18685,9,4,0,1,0.5,closed,True,True
18684,30,23,0,0,0.0,closed,True,True
18675,10,6,0,0,0.0,closed,True,True
18670,1,1,0,0,0.0,closed,False,False
18655,9,1,3,2,1.0,closed,True,True
18644,382,31,6,0,0.0,closed,True,True
18643,221,6,12,6,1.2,closed,True,True
18632,249,61,2,1,0.25,closed,True,True
18603,118,83,13,7,1.75,closed,True,True
18601,5,1,2,0,0.0,closed,True,True
18589,779,0,4,0,0.0,closed,True,True
18575,86,73,6,26,1.0833333333333333,closed,True,True
18558,2046,1465,14,22,2.2,closed,True,True
18543,1,1,0,0,0.0,closed,True,True
18542,8,1,0,0,0.0,closed,True,True
18538,2,2,0,0,0.0,closed,True,True
18534,5,6,0,0,0.0,closed,True,True
18520,5,2,3,2,2.0,closed,True,True
18509,2,2,9,0,0.0,closed,True,True
18500,132,130,8,2,0.16666666666666666,closed,True,True
18499,17,3,0,0,0.0,closed,True,True
18480,5,1,3,0,0.0,closed,True,True
18479,1406,1237,7,13,1.1818181818181819,closed,False,False
18456,52,0,0,0,0.0,closed,True,True
18437,327,119,42,8,1.1428571428571428,closed,False,False
18436,3,0,0,0,0.0,closed,True,True
18434,13,0,0,0,0.0,closed,True,True
18382,56,14,3,0,0.0,closed,True,True
18374,13,3,8,0,0.0,closed,True,True
18365,86,71,1,0,0.0,closed,True,True
18337,69,34,4,6,0.8571428571428571,closed,True,True
18320,1,1,1,1,1.0,closed,True,True
18315,393,78,38,23,0.6216216216216216,closed,True,True
18313,1,1,2,0,0.0,closed,True,True
18311,28,6,2,0,0.0,closed,True,True
18308,4,1,1,0,0.0,closed,True,True
18290,19,6,15,9,3.0,closed,True,True
18270,54,19,0,0,0.0,closed,True,True
18261,4,16,0,0,0.0,closed,True,True
18259,272,41,22,27,1.5,closed,True,True
18241,225,268,17,15,1.25,closed,True,True
18240,111,68,2,9,1.2857142857142858,closed,False,False
18227,5,4,4,6,1.5,closed,True,True
18222,244,104,1,0,0.0,closed,True,True
18216,1,1,3,0,0.0,closed,True,True
18193,255,248,1,0,0.0,closed,True,True
18186,93,19,3,1,0.3333333333333333,closed,True,True
18171,2619,3729,8,0,0.0,closed,True,True
18159,363,56,3,10,0.43478260869565216,closed,True,True
18157,18,13,14,4,0.4,closed,True,True
18151,23,11,3,3,1.5,closed,True,True
18146,4,3,0,0,0.0,closed,True,True
18124,54,94,3,0,0.0,closed,True,True
18106,3,2,0,0,0.0,closed,True,True
18002,17,43,3,3,0.375,closed,True,True
17997,77,74,8,7,1.0,closed,True,True
17985,84,44,10,12,1.3333333333333333,closed,True,True
17972,1006,1318,8,29,2.6363636363636362,closed,True,True
17967,38,10,1,0,0.0,closed,True,True
17962,45,8,5,0,0.0,closed,True,True
17960,38,4,2,0,0.0,closed,True,True
17957,1,1,0,0,0.0,closed,True,True
17953,5,2,0,1,1.0,closed,True,True
17950,28,28,0,0,0.0,closed,True,True
17940,1,1,2,0,0.0,closed,True,True
17939,1,0,2,0,0.0,closed,True,True
17937,1,1,7,0,0.0,closed,True,True
17936,9,9,11,0,0.0,closed,True,True
17926,3,3,0,0,0.0,closed,True,True
17910,157,544,6,2,0.07407407407407407,closed,True,True
17893,23,3,5,8,2.0,closed,True,True
17891,18,17,2,15,5.0,closed,True,True
17886,72,43,32,12,1.0,closed,True,True
17881,2,0,2,0,0.0,closed,False,False
17880,25,16,4,3,1.5,closed,True,True
17879,18,0,15,0,0.0,closed,False,False
17864,18,2,4,4,2.0,closed,True,True
17861,339,206,1,1,1.0,closed,True,True
17860,5,7,0,0,0.0,closed,True,True
17859,10,0,0,0,0.0,closed,True,True
17858,8,2,0,0,0.0,closed,True,True
17857,7,30,0,5,5.0,closed,True,True
17853,4,5,0,0,0.0,closed,True,True
17847,23,54,0,3,1.5,closed,True,True
17846,24,29,0,0,0.0,closed,True,True
17844,23,38,1,0,0.0,closed,True,True
17841,212,278,3,3,0.10344827586206896,closed,True,True
17839,3,19,0,0,0.0,closed,True,True
17825,0,27,0,1,1.0,closed,True,True
17824,694,0,15,17,0.7727272727272727,closed,True,True
17823,7,1,0,0,0.0,closed,True,True
17822,70,0,1,4,0.6666666666666666,closed,True,True
17820,41,29,32,0,0.0,closed,True,True
17817,12,29,2,0,0.0,closed,True,True
17814,24,3,7,6,0.42857142857142855,closed,False,False
17813,125,194,0,0,0.0,closed,True,True
17809,23,2,1,0,0.0,closed,True,True
17797,1179,2120,12,15,0.1875,closed,True,True
17791,135,88,2,2,2.0,closed,True,True
17777,15,9,1,0,0.0,closed,True,True
17771,4,4,0,0,0.0,closed,True,True
17763,267,12,7,5,0.7142857142857143,closed,False,False
17758,103,4,2,4,1.0,closed,True,True
17749,4,1,2,0,0.0,closed,True,True
17735,9,2,1,3,0.75,closed,True,True
17732,9,1,0,0,0.0,closed,True,True
17708,4,4,0,0,0.0,closed,True,True
17707,117,10,0,0,0.0,closed,True,True
17681,6,7,0,0,0.0,closed,True,True
17668,28,0,3,2,1.0,closed,True,True
17655,50,49,0,0,0.0,closed,True,True
17588,451,556,14,8,0.6666666666666666,closed,True,True
17587,43,19,5,1,0.3333333333333333,closed,True,True
17570,7,0,2,0,0.0,closed,True,True
17563,473,2,0,0,0.0,closed,True,True
17560,21,6,0,0,0.0,closed,True,True
17557,111,80,0,2,1.0,closed,True,True
17553,2,2,4,0,0.0,closed,True,True
17541,13,1,2,0,0.0,closed,True,True
17537,10,10,2,0,0.0,closed,True,True
17532,70,2,5,6,1.5,closed,True,True
17517,7,6,2,0,0.0,closed,True,True
17512,4,11,0,0,0.0,closed,True,True
17490,151,87,6,0,0.0,closed,True,True
17471,5,5,1,0,0.0,closed,True,True
17446,15,7,4,0,0.0,closed,True,True
17425,155,10,4,2,0.3333333333333333,closed,True,True
17414,31,7,8,1,0.2,closed,True,True
17412,969,928,2,2,0.25,closed,True,True
17392,2,0,0,0,0.0,closed,True,True
17342,77,65,6,52,2.6,closed,True,True
17318,1,1,0,0,0.0,closed,True,True
17304,81,147,7,9,1.8,closed,True,True
17283,205,45,3,4,0.8,closed,True,True
17279,11,5,1,0,0.0,closed,True,True
17274,15,3,0,0,0.0,closed,True,True
17273,20,0,3,2,2.0,closed,True,True
17270,4,2,0,0,0.0,closed,True,True
17265,156,28,1,0,0.0,closed,True,True
17255,1,1,0,0,0.0,closed,True,True
17254,2,17,2,0,0.0,closed,True,True
17248,17,1,0,0,0.0,closed,True,True
17214,116,432,0,2,0.6666666666666666,closed,True,True
17212,45,189,0,0,0.0,closed,True,True
17195,15,4,0,0,0.0,closed,True,True
17193,2,32,0,0,0.0,closed,True,True
17192,0,19,0,0,0.0,closed,True,True
17191,0,11,0,0,0.0,closed,True,True
17190,3,21,0,0,0.0,closed,True,True
17189,0,7,0,0,0.0,closed,True,True
17188,2,24,0,0,0.0,closed,True,True
17186,646,718,4,2,0.25,closed,True,True
17184,23,11,19,4,0.6666666666666666,closed,True,True
17183,179,1023,30,25,1.6666666666666667,closed,True,True
17170,123,2,4,0,0.0,closed,True,True
17167,1,0,7,0,0.0,closed,False,False
17131,45,74,0,0,0.0,closed,True,True
17128,4,0,2,0,0.0,closed,True,True
17108,121,22,11,9,1.5,closed,True,True
17099,47,69,0,5,0.3333333333333333,closed,True,True
17095,41,0,3,7,1.75,closed,False,False
17091,12,12,2,0,0.0,closed,True,True
17085,9,4,0,0,0.0,closed,True,True
17084,33,29,0,4,4.0,closed,True,True
17080,17,7,1,0,0.0,closed,True,True
17067,24,34,0,0,0.0,closed,True,True
17062,29,5,0,0,0.0,closed,True,True
17061,1,1,1,0,0.0,closed,True,True
17051,10,10,0,0,0.0,closed,True,True
17041,81,60,20,2,0.2857142857142857,closed,True,True
17023,1186,161,38,27,1.4210526315789473,closed,True,True
17002,16,13,0,0,0.0,closed,True,True
17000,7,3,0,0,0.0,closed,True,True
16998,8,8,0,0,0.0,closed,True,True
16997,14,14,0,0,0.0,closed,True,True
16996,15,10,0,0,0.0,closed,True,True
16995,109,102,0,0,0.0,closed,True,True
16984,17,0,0,5,5.0,closed,True,True
16980,8,1,0,0,0.0,closed,True,True
16960,6,0,0,0,0.0,closed,True,True
16959,105,62,12,2,0.2857142857142857,closed,True,True
16942,10,7,0,0,0.0,closed,True,True
16941,4,2,0,0,0.0,closed,True,True
16940,5,3,0,0,0.0,closed,True,True
16938,3,1,0,0,0.0,closed,True,True
16933,22,7,1,0,0.0,closed,True,True
16927,98,36,1,0,0.0,closed,True,True
16907,1,0,0,2,2.0,closed,True,True
16906,3,142,0,0,0.0,closed,True,True
16903,498,256,15,16,0.64,closed,True,True
16900,12,7,1,0,0.0,closed,True,True
16899,9,3,2,0,0.0,closed,True,True
16897,12,8,1,0,0.0,closed,True,True
16894,6,0,0,0,0.0,closed,True,True
16887,5,5,3,0,0.0,closed,True,True
16869,223,118,3,0,0.0,closed,False,False
16867,15,7,7,6,0.6666666666666666,closed,True,True
16865,1,1,2,0,0.0,closed,True,True
16823,8,7,12,12,1.3333333333333333,closed,False,False
16788,1,1,0,0,0.0,closed,True,True
16777,7,8,0,0,0.0,closed,True,True
16756,122,12,10,0,0.0,closed,True,True
16748,13,2,1,0,0.0,closed,True,True
16733,1,1,0,0,0.0,closed,False,False
16732,1,1,0,0,0.0,closed,False,False
16731,1,1,0,0,0.0,closed,False,False
16728,2,2,1,0,0.0,closed,True,True
16691,7,6,5,0,0.0,closed,True,True
16673,1906,1344,19,13,13.0,closed,False,False
16662,3028,4,67,57,0.9344262295081968,closed,True,True
16629,1,1,0,0,0.0,closed,True,True
16628,74,90,1,0,0.0,closed,True,True
16618,51,1,2,5,1.6666666666666667,closed,True,True
16616,2,1,0,0,0.0,closed,False,False
16594,9,0,2,0,0.0,closed,True,True
16592,3,3,0,0,0.0,closed,False,False
16591,89,58,4,26,1.2380952380952381,closed,True,True
16590,3,7,0,0,0.0,closed,True,True
16578,343,346,16,2,0.4,closed,True,True
16576,759,0,15,13,6.5,closed,False,False
16572,45,3,2,0,0.0,closed,True,True
16569,155,20,13,9,0.8181818181818182,closed,False,False
16561,1,4,0,0,0.0,closed,True,True
16559,2,2,0,0,0.0,closed,True,True
16555,3,1,2,0,0.0,closed,True,True
16547,7,5,7,0,0.0,closed,True,True
16545,2,2,0,0,0.0,closed,True,True
16544,3,1,0,0,0.0,closed,True,True
16543,30,16,5,4,1.0,closed,True,True
16542,29,0,9,2,0.3333333333333333,closed,True,True
16533,28,25,1,0,0.0,closed,True,True
16532,16,5,0,0,0.0,closed,True,True
16530,5,5,0,0,0.0,closed,True,True
16515,3,1,0,0,0.0,closed,True,True
16514,16,3,0,0,0.0,closed,True,True
16512,8,5,0,0,0.0,closed,True,True
16510,2,2,3,0,0.0,closed,True,True
16507,1186,1459,2,7,0.3333333333333333,closed,True,True
16503,13,0,0,0,0.0,closed,True,True
16492,3,3,4,0,0.0,closed,True,True
16486,124,21,35,17,2.125,closed,True,True
16478,322,25,20,13,1.1818181818181819,closed,True,True
16475,331,28,10,12,6.0,closed,True,True
16472,9,9,0,0,0.0,closed,True,True
16471,4,9,1,0,0.0,closed,True,True
16442,60,61,3,14,1.75,closed,True,True
16427,209,0,0,0,0.0,closed,True,True
16425,427,395,9,0,0.0,closed,True,True
16382,1,1,4,0,0.0,closed,True,True
16380,7,2,5,2,2.0,closed,True,True
16379,95,93,5,0,0.0,closed,True,True
16363,773,16,4,0,0.0,closed,True,True
16356,12,6,0,0,0.0,closed,True,True
16325,1765,104,24,47,1.119047619047619,closed,True,True
16308,131,31,1,3,1.0,closed,True,True
16291,2,2,0,0,0.0,closed,True,True
16290,9,9,3,3,0.6,closed,True,True
16285,32,0,1,0,0.0,closed,True,True
16284,3,3,0,0,0.0,closed,True,True
16279,53,53,6,0,0.0,closed,True,True
16268,20,12,3,0,0.0,closed,True,True
16265,36,12,0,0,0.0,closed,True,True
16262,44,1,29,2,2.0,closed,False,False
16244,205,22,7,7,1.1666666666666667,closed,True,True
16229,11,9,1,0,0.0,closed,True,True
16228,3,1,0,0,0.0,closed,True,True
16225,11,9,3,0,0.0,closed,False,False
16214,3,3,2,0,0.0,closed,True,True
16213,17,11,1,0,0.0,closed,True,True
16210,90,181,7,0,0.0,closed,True,True
16206,15,15,0,0,0.0,closed,True,True
16202,5,3,0,0,0.0,closed,True,True
16199,224,33,5,0,0.0,closed,True,True
16196,6,2,0,0,0.0,closed,True,True
16185,1,1,0,0,0.0,closed,True,True
16184,6,4,0,2,2.0,closed,True,True
16180,121,17,20,31,1.3478260869565217,closed,True,True
16154,8,28,2,0,0.0,closed,True,True
16151,1,1,5,0,0.0,closed,True,True
16145,4,4,2,0,0.0,closed,True,True
16111,1,1,1,0,0.0,closed,True,True
16108,43,28,21,14,1.0,closed,True,True
16089,11,12,0,7,1.4,closed,True,True
16085,5,1,0,0,0.0,closed,True,True
16077,1,1,1,0,0.0,closed,True,True
16044,17,3,1,2,0.6666666666666666,closed,True,True
16041,22,22,1,0,0.0,closed,True,True
16033,372,1510,3,0,0.0,closed,False,False
16029,2,0,0,0,0.0,closed,True,True
15993,149,113,0,3,3.0,closed,True,True
15976,263,75,0,0,0.0,closed,True,True
15967,4,2,10,0,0.0,closed,False,False
15948,12,0,2,0,0.0,closed,True,True
15944,9,4,0,0,0.0,closed,True,True
15943,6,4,6,0,0.0,closed,True,True
15926,4,4,0,0,0.0,closed,True,True
15924,1,1,2,0,0.0,closed,False,False
15920,8,2,3,0,0.0,closed,True,True
15875,174,38,15,3,0.375,closed,True,True
15869,1,251,0,0,0.0,closed,True,True
15865,4,4,0,0,0.0,closed,True,True
15852,135,88,1,0,0.0,closed,True,True
15848,10,9,0,0,0.0,closed,True,True
15847,447,0,0,0,0.0,closed,True,True
15836,12,18,12,0,0.0,closed,True,True
15832,87,29,1,0,0.0,closed,True,True
15825,63,71,2,15,0.7894736842105263,closed,True,True
15819,2,2,0,0,0.0,closed,True,True
15818,2,2,1,0,0.0,closed,True,True
15814,5,10,1,0,0.0,closed,True,True
15807,1198,1182,24,19,1.7272727272727273,closed,True,True
15801,14,1,0,2,1.0,closed,True,True
15779,1458,1359,13,0,0.0,closed,True,True
15763,3,0,3,0,0.0,closed,True,True
15761,765,765,3,0,0.0,closed,True,True
15756,3,3,0,0,0.0,closed,True,True
15754,6,7,0,0,0.0,closed,False,False
15750,4,5,4,0,0.0,closed,True,True
15741,446,194,29,0,0.0,closed,True,True
15735,5,5,2,0,0.0,closed,True,True
15733,79,62,2,0,0.0,closed,True,True
15715,1,0,1,0,0.0,closed,True,True
15709,118,27,9,3,3.0,closed,True,True
15708,3,4,0,0,0.0,closed,True,True
15707,6,3,9,0,0.0,closed,True,True
15706,25,22,3,1,0.5,closed,False,False
15704,4,4,4,0,0.0,closed,True,True
15691,22,0,3,11,1.5714285714285714,closed,True,True
15690,583,526,0,0,0.0,closed,True,True
15679,11,11,1,2,1.0,closed,False,False
15673,14,42,0,0,0.0,closed,True,True
15645,4,0,0,1,0.5,closed,True,True
15642,851,446,2,2,0.2857142857142857,closed,True,True
15633,1622,4,22,22,0.7096774193548387,closed,True,True
15629,99,2,25,2,0.16666666666666666,closed,True,True
15624,5,2,1,0,0.0,closed,True,True
15617,0,1368,0,0,0.0,closed,True,True
15599,18,11,2,0,0.0,closed,True,True
15591,291,267,11,6,0.46153846153846156,closed,True,True
15588,380,141,0,0,0.0,closed,True,True
15575,5,12,3,0,0.0,closed,True,True
15574,18,2,8,0,0.0,closed,False,False
15568,530,2,14,5,0.5,closed,True,True
15548,2,2,0,2,2.0,closed,True,True
15540,16,6,1,0,0.0,closed,True,True
15514,524,153,1,6,0.4,closed,True,True
15480,8,2,1,0,0.0,closed,True,True
15472,396,408,39,28,1.3333333333333333,closed,True,True
15456,24,9,0,0,0.0,closed,True,True
15441,422,149,27,5,0.1388888888888889,closed,True,True
15432,76,6,0,0,0.0,closed,True,True
15420,0,1,6,0,0.0,closed,True,True
15414,0,1,11,0,0.0,closed,True,True
15368,7,2,1,0,0.0,closed,True,True
15332,5,5,0,0,0.0,closed,False,False
15330,6,7,10,0,0.0,closed,False,False
15329,347,193,15,0,0.0,closed,False,False
15324,6,1,1,0,0.0,closed,True,True
15278,3,0,0,0,0.0,closed,True,True
15273,6266,64,2,0,0.0,closed,False,False
15269,25,5,0,0,0.0,closed,True,True
15259,179,107,10,5,1.25,closed,True,True
15254,13,7,1,0,0.0,closed,True,True
15252,2,328,2,0,0.0,closed,True,True
15246,3,49,0,0,0.0,closed,True,True
15242,3,264640,6,0,0.0,closed,True,True
15222,4,4,0,0,0.0,closed,True,True
15207,1,2,0,1,0.5,closed,True,True
15204,6,5,3,3,1.0,closed,True,True
15198,34,1,0,0,0.0,closed,True,True
15187,22,11,5,0,0.0,closed,True,True
15186,21,9,14,0,0.0,closed,True,True
15185,24,16,0,0,0.0,closed,True,True
15181,129,108,7,13,0.3939393939393939,closed,True,True
15178,5,28,0,1,0.5,closed,True,True
15176,13,3,0,0,0.0,closed,True,True
15166,34,8,0,0,0.0,closed,True,True
15164,0,0,0,0,0.0,closed,True,True
15160,5,1,2,0,0.0,closed,True,True
15157,1,0,2,0,0.0,closed,True,True
15153,4,4,4,0,0.0,closed,False,False
15144,25,7,5,0,0.0,closed,True,True
15138,3713,35,152,60,0.5084745762711864,closed,True,True
15136,70,62,6,8,0.8888888888888888,closed,True,True
15135,14,0,7,0,0.0,closed,False,False
15133,1,0,0,0,0.0,closed,True,True
15132,52,28,14,9,0.8181818181818182,closed,True,True
15131,2,1,0,0,0.0,closed,True,True
15129,11,6,4,5,1.25,closed,True,True
15121,1,1,0,0,0.0,closed,True,True
15119,54,5,1,2,1.0,closed,True,True
15108,101,51,5,0,0.0,closed,True,True
15107,2,2,0,0,0.0,closed,True,True
15102,2,13,0,0,0.0,closed,True,True
15097,5,4,6,0,0.0,closed,True,True
15085,226,7098,0,0,0.0,closed,False,False
15074,39,7,5,3,0.2727272727272727,closed,True,True
15072,62,48,2,0,0.0,closed,True,True
15062,4,4,0,0,0.0,closed,True,True
15054,97,33,1,0,0.0,closed,True,True
15050,1708,2670,76,26,0.896551724137931,closed,True,True
15046,1,0,0,0,0.0,closed,True,True
15043,19,19,1,0,0.0,closed,True,True
15039,947,167,5,10,0.11904761904761904,closed,True,True
15035,1,1,0,0,0.0,closed,True,True
15033,1,0,0,0,0.0,closed,True,True
15026,263,257,5,0,0.0,closed,True,True
15023,0,4,0,0,0.0,closed,True,True
15013,1,0,2,0,0.0,closed,False,False
15009,2,2,1,0,0.0,closed,False,False
15005,89,89,8,0,0.0,closed,True,True
14985,5,108,2,0,0.0,closed,True,True
14982,2772,161,68,11,0.6111111111111112,closed,False,False
14966,25,5,4,11,1.8333333333333333,closed,False,False
14960,1,1,4,0,0.0,closed,True,True
14959,1,1,0,0,0.0,closed,True,True
14955,1,1,1,0,0.0,closed,True,True
14948,1,1,0,0,0.0,closed,True,True
14946,1082,8,14,0,0.0,closed,False,False
14933,1,1,0,0,0.0,closed,True,True
14927,1,4,2,2,2.0,closed,True,True
14922,0,1,4,0,0.0,closed,True,True
14921,2,2,2,0,0.0,closed,True,True
14920,333,0,2,0,0.0,closed,False,False
14914,35,11,12,0,0.0,closed,True,True
14910,209,74,3,3,1.5,closed,True,True
14908,112,65,4,2,0.5,closed,True,True
14907,4,4,1,0,0.0,closed,True,True
14903,256,196,1,0,0.0,closed,True,True
14892,2,3,2,0,0.0,closed,True,True
14888,21,5,1,0,0.0,closed,True,True
14887,2,0,2,0,0.0,closed,True,True
14885,3,2,3,5,1.6666666666666667,closed,False,False
14882,894,1,63,31,1.0333333333333334,closed,True,True
14879,624,0,3,0,0.0,closed,False,False
14873,112,227,12,16,4.0,closed,True,True
14870,11,0,3,0,0.0,closed,False,False
14868,25,2,3,0,0.0,closed,True,True
14867,1,1,0,0,0.0,closed,True,True
14858,103,103,1,0,0.0,closed,False,False
14846,1,1,0,0,0.0,closed,True,True
14828,5,2,1,0,0.0,closed,True,True
14827,56826,3,49,16,1.3333333333333333,closed,True,True
14810,1,1,0,0,0.0,closed,True,True
14807,44,42,1,0,0.0,closed,True,True
14797,5,9,0,0,0.0,closed,True,True
14795,26,26,8,0,0.0,closed,True,True
14793,16,29,2,0,0.0,closed,True,True
14786,8,1,0,0,0.0,closed,True,True
14785,4,1,1,1,0.5,closed,True,True
14776,20,1,0,0,0.0,closed,True,True
14774,20,1,0,0,0.0,closed,True,True
14751,62,7,12,0,0.0,closed,False,False
14746,68,23,0,0,0.0,closed,True,True
14736,2,1,0,0,0.0,closed,True,True
14723,20,1,0,0,0.0,closed,True,True
14709,2,1090,1,0,0.0,closed,True,True
14707,2,2,2,0,0.0,closed,True,True
14706,1,1,0,0,0.0,closed,True,True
14694,26,9,1,5,1.25,closed,True,True
14686,43,21,11,2,0.3333333333333333,closed,True,True
14676,7,1,3,0,0.0,closed,True,True
14667,20,8,0,0,0.0,closed,True,True
14658,90,24,2,1,0.16666666666666666,closed,True,True
14649,16,2,0,0,0.0,closed,True,True
14646,18,18,2,0,0.0,closed,True,True
14645,1,1,0,0,0.0,closed,True,True
14635,83,57,6,15,0.6818181818181818,closed,True,True
14631,1,92,0,2,0.2,closed,True,True
14628,1,0,1,0,0.0,closed,True,True
14624,1,0,0,0,0.0,closed,True,True
14611,20,6,2,0,0.0,closed,True,True
14609,76,51,0,2,0.6666666666666666,closed,True,True
14605,42,459,5,4,1.0,closed,True,True
14602,1,1,2,0,0.0,closed,True,True
14600,11,6,4,0,0.0,closed,False,False
14595,4,0,6,1,0.25,closed,True,True
14591,85,68,12,0,0.0,closed,False,False
14590,482,79,23,10,0.625,closed,True,True
14584,19,1,0,0,0.0,closed,True,True
14575,1118,5,4,0,0.0,closed,False,False
14548,63,0,4,6,1.0,closed,True,True
14544,59,32,3,0,0.0,closed,True,True
14537,1,1,2,0,0.0,closed,True,True
14529,115,24,3,0,0.0,closed,True,True
14510,11,1,2,0,0.0,closed,True,True
14504,1,1,0,0,0.0,closed,True,True
14502,22,12,2,0,0.0,closed,True,True
14499,218,23,12,0,0.0,closed,True,True
14496,1726,50,31,24,0.6666666666666666,closed,True,True
14480,5,5,0,0,0.0,closed,True,True
14475,214,5,23,7,0.7777777777777778,closed,True,True
14465,0,0,2,0,0.0,closed,True,True
14464,75,70,3,19,9.5,closed,True,True
14462,58,58,0,0,0.0,closed,True,True
14445,1,1,0,0,0.0,closed,True,True
14444,125,88,0,0,0.0,closed,False,False
14426,2,2,1,0,0.0,closed,True,True
14392,1,1,2,0,0.0,closed,False,False
14391,140,71,9,0,0.0,closed,True,True
14383,22,6,7,0,0.0,closed,True,True
14365,245,349,2,0,0.0,closed,True,True
14360,2859,10,54,21,0.3442622950819672,closed,True,True
14348,188,41,2,5,2.5,closed,True,True
14313,29,7,5,0,0.0,closed,True,True
14309,1,1,1,0,0.0,closed,True,True
14304,125,88,29,0,0.0,closed,True,True
14291,4,2,3,0,0.0,closed,True,True
14274,272,281,8,16,2.2857142857142856,closed,True,True
14269,28,28,4,0,0.0,closed,True,True
14249,176,52,11,0,0.0,closed,True,True
14243,1,1,0,0,0.0,closed,True,True
14230,3,6,0,0,0.0,closed,True,True
14215,606,674,6,0,0.0,closed,True,True
14209,9,3,0,0,0.0,closed,True,True
14199,4,4,0,0,0.0,closed,True,True
14183,4,0,6,0,0.0,closed,True,True
14176,166,4,12,0,0.0,closed,True,True
14171,49,39,2,0,0.0,closed,True,True
14158,172,57,18,13,2.1666666666666665,closed,True,True
14157,8,3,0,0,0.0,closed,True,True
14083,1,1,4,0,0.0,closed,True,True
14078,6,7,4,0,0.0,closed,True,True
14075,3,3,2,0,0.0,closed,True,True
14065,2,2,1,0,0.0,closed,False,False
14062,1,1,0,0,0.0,closed,True,True
14060,2,2,0,0,0.0,closed,True,True
14059,1,3,0,0,0.0,closed,True,True
14057,35,3,19,8,2.0,closed,True,True
14051,0,0,7,0,0.0,closed,True,True
14049,4,3,0,0,0.0,closed,True,True
14046,1,0,0,0,0.0,closed,True,True
14045,23,4,0,3,1.5,closed,True,True
14040,67,1,5,0,0.0,closed,True,True
14033,5,1,1,0,0.0,closed,True,True
14025,62,88,1,38,3.1666666666666665,closed,True,True
14009,2,2,0,0,0.0,closed,True,True
14006,6,0,0,0,0.0,closed,True,True
14004,10,5,2,0,0.0,closed,True,True
13995,3,8,0,0,0.0,closed,True,True
13994,14,0,0,0,0.0,closed,True,True
13990,248,12,8,6,1.0,closed,True,True
13989,8,5,15,0,0.0,closed,True,True
13973,507,46,18,23,23.0,closed,True,True
13963,16,3,0,0,0.0,closed,True,True
13961,122,54,0,0,0.0,closed,True,True
13959,699,1450,5,4,1.3333333333333333,closed,True,True
13946,1,1,0,0,0.0,closed,True,True
13933,0,0,0,0,0.0,closed,True,True
13930,39,30,2,0,0.0,closed,True,True
13928,193,206,0,3,1.0,closed,True,True
13926,2,1,2,0,0.0,closed,True,True
13916,1665,5,25,9,0.3103448275862069,closed,True,True
13914,1,1,1,1,0.5,closed,True,True
13912,185,2,1,0,0.0,closed,True,True
13904,37,3,0,1,1.0,closed,True,True
13895,1,1,0,0,0.0,closed,True,True
13882,77,48,5,3,0.6,closed,True,True
13866,194,128,3,0,0.0,closed,True,True
13825,2,2,2,0,0.0,closed,False,False
13811,296,0,5,9,3.0,closed,True,True
13799,4,4,4,3,1.0,closed,True,True
13795,1,0,0,0,0.0,closed,True,True
13774,4,1,0,0,0.0,closed,True,True
13773,44,10,0,0,0.0,closed,True,True
13752,40,9,5,0,0.0,closed,False,False
13749,79,22,3,12,3.0,closed,True,True
13747,31,4,0,8,4.0,closed,True,True
13746,2080,1825,24,0,0.0,closed,True,True
13739,1373,1847,0,0,0.0,closed,True,True
13727,46,3,3,9,2.25,closed,True,True
13703,272,8,0,0,0.0,closed,True,True
13702,0,1,6,0,0.0,closed,True,True
13685,11,0,2,0,0.0,closed,True,True
13678,5756,8193,39,18,0.9,closed,True,True
13662,24,32,0,0,0.0,closed,True,True
13635,88,11,2,0,0.0,closed,True,True
13632,1,1,0,2,1.0,closed,True,True
13630,5,2,2,0,0.0,closed,True,True
13621,6,0,0,0,0.0,closed,True,True
13616,33,24,0,0,0.0,closed,True,True
13610,390,12,0,0,0.0,closed,True,True
13606,17,3,2,0,0.0,closed,True,True
13598,46,0,1,0,0.0,closed,True,True
13597,3,1,0,2,2.0,closed,True,True
13558,16,2,0,0,0.0,closed,True,True
13557,123,28,0,3,1.5,closed,True,True
13553,41,0,1,6,1.5,closed,True,True
13551,11,0,2,0,0.0,closed,True,True
13550,1,1,2,0,0.0,closed,False,False
13534,144,252,7,14,2.0,closed,True,True
13533,54,6,0,0,0.0,closed,True,True
13510,292,42,6,12,1.3333333333333333,closed,True,True
13496,56,71,2,9,1.125,closed,True,True
13492,1,1,0,0,0.0,closed,True,True
13490,54,16,12,0,0.0,closed,True,True
13489,30,0,2,1,1.0,closed,True,True
13476,195,26,9,7,1.75,closed,True,True
13463,1,1,2,0,0.0,closed,True,True
13461,2280,297,0,0,0.0,closed,True,True
13455,4,0,0,0,0.0,closed,True,True
13450,3,2,4,0,0.0,closed,True,True
13443,108,109,3,0,0.0,closed,False,False
13426,9,3,2,0,0.0,closed,True,True
13420,9,21,3,0,0.0,closed,True,True
13401,36,22,0,0,0.0,closed,True,True
13400,2,1,1,0,0.0,closed,True,True
13397,31,23,2,0,0.0,closed,True,True
13394,5,0,0,0,0.0,closed,True,True
13367,1118,5,14,0,0.0,closed,True,True
13363,184,49,15,37,1.0277777777777777,closed,True,True
13352,5,3,1,0,0.0,closed,True,True
13342,308,20,14,13,1.4444444444444444,closed,True,True
13337,3,4,5,0,0.0,closed,True,True
13322,770,477,6,0,0.0,closed,True,True
13321,143,153,6,0,0.0,closed,True,True
13317,21505,16728,0,0,0.0,closed,True,True
13285,80,7,10,6,0.5454545454545454,closed,True,True
13284,15,11,0,0,0.0,closed,True,True
13267,12,5,0,2,0.25,closed,True,True
13263,263,78,2,0,0.0,closed,True,True
13260,219,160,7,6,0.375,closed,True,True
13251,5,0,3,0,0.0,closed,True,True
13248,17,10,0,0,0.0,closed,True,True
13244,2,1,0,0,0.0,closed,True,True
13241,2,2,2,0,0.0,closed,True,True
13235,47,47,3,4,1.3333333333333333,closed,True,True
13226,1,1,5,0,0.0,closed,True,True
13218,5,1,1,0,0.0,closed,True,True
13210,1,1,0,1,0.5,closed,True,True
13205,23,1,8,2,0.3333333333333333,closed,True,True
13201,6,0,0,0,0.0,closed,True,True
13193,61217,0,0,0,0.0,closed,True,True
13192,61217,0,0,0,0.0,closed,True,True
13191,61217,0,0,0,0.0,closed,True,True
13190,61217,0,0,0,0.0,closed,True,True
13189,61217,0,0,0,0.0,closed,True,True
13188,61217,0,3,0,0.0,closed,True,True
13183,2294,815,0,0,0.0,closed,True,True
13174,308333,122523,6,0,0.0,closed,False,False
13151,92,21,11,1,0.125,closed,True,True
13145,1,0,0,0,0.0,closed,True,True
13138,146,0,2,6,1.5,closed,True,True
