pr_id,pr_author,title,state,created_at,merged_at,closed_at,labels,base_branch,head_branch,files_changed,lines_added,lines_deleted,commits,comments,review_comments,reviewers,review_states,draft_status,linked_issues,repository_id,"repository_size_(stars,_forks,_contributors,_commits)","repository_activity_(commits,_prs,_issues)","project_phase_(before_major_release,_after_major_release,_active_phase)",source_project,avg_review_comments
2338299702,vladboisa,docs: add serve section to Service-worker guide,open,2025-02-16 16:23:55+00:00,,,"area: docs, adev: preview",main,fix_service-worker,,0.0,0.0,,0.0,0.0,MarkTechson,,False,,24195339.0,"96964, 25867, None, None",,,Angular,0.0
2338298498,Simon-Hayden-Dev,feat(core): add new utility function `bindToInjectionContext`,open,2025-02-16 16:20:56+00:00,,,"action: discuss, area: core, detected: feature",main,bind-to-injection-context,,0.0,0.0,,0.0,0.0,AndrewKushnir,,False,,24195339.0,"96964, 25867, None, None",,,Angular,0.0
2338189047,aldillek,fix(compiler-cli): enhance signal checks to handle negat…,open,2025-02-16 11:58:29+00:00,,,area: compiler,main,fix-check-not-invoked-signal,,0.0,0.0,,0.0,0.0,JoostK,,False,,24195339.0,"96964, 25867, None, None",,,Angular,0.0
2338148988,krishpranav,Allow EnvironmentProviders in HttpFeature for Custom HTTP Client Features,open,2025-02-16 10:09:22+00:00,,,,main,main,,0.0,0.0,,0.0,0.0,thePunderWoman,,False,,24195339.0,"96964, 25867, None, None",,,Angular,0.0
2337761800,Den-dp,refactor(devtools): eliminate unnecessary scrollbars on injector tree,open,2025-02-15 14:50:17+00:00,,,area: devtools,main,refactor/eliminate-unnecessary-scrollbars,,0.0,0.0,,0.0,0.0,MarkTechson,,False,,24195339.0,"96964, 25867, None, None",,,Angular,0.0
2337638674,hawkgs,docs(docs-infra): fix card highlighting in the API reference details page,open,2025-02-15 09:27:58+00:00,,,"action: merge, target: patch, area: docs-infra, area: docs, adev: preview",main,docs/fix-card-highlighting,,0.0,0.0,,0.0,0.0,,,False,,24195339.0,"96964, 25867, None, None",,,Angular,0.0
2337060085,atscott,refactor(zone.js): fix incompatiblity with JSCompiler checks,open,2025-02-14 21:15:00+00:00,,,"area: zones, target: patch",main,globalthis,,0.0,0.0,,0.0,0.0,JiaLiPassion,,False,,24195339.0,"96964, 25867, None, None",,,Angular,0.0
2336833923,thePunderWoman,[PATCH] build: update babel dependencies to v7.26.9,closed,2025-02-14 18:26:41+00:00,,2025-02-14 19:14:24+00:00,"action: merge, area: build & ci, target: patch",19.1.x,pr-19-1-x-59743,,0.0,0.0,,0.0,0.0,"crisbeto, josephperrott",,False,,24195339.0,"96964, 25867, None, None",,,Angular,0.0
2336809462,atscott,refactor(benchpress): move initializer to constructor,closed,2025-02-14 18:10:44+00:00,,2025-02-14 18:40:00+00:00,"action: merge, area: benchpress, target: patch",main,consolereporter,,0.0,0.0,,0.0,0.0,,,False,,24195339.0,"96964, 25867, None, None",,,Angular,0.0
2336801638,thePunderWoman,build: update dependency undici to v7,closed,2025-02-14 18:06:35+00:00,,2025-02-14 18:08:50+00:00,area: build & ci,main,pr-takeover-58939,,0.0,0.0,,0.0,0.0,josephperrott,,False,,24195339.0,"96964, 25867, None, None",,,Angular,0.0
2336743416,thePunderWoman,[PATCH] build: update dependency jsdom to v26,closed,2025-02-14 17:28:48+00:00,,2025-02-14 18:01:31+00:00,"action: merge, area: build & ci, target: patch",19.1.x,pr-19-1-x-59444,,0.0,0.0,,0.0,0.0,,,False,,24195339.0,"96964, 25867, None, None",,,Angular,0.0
2336710198,alan-agius4,ci: update nvm node.js verson to `18.20.5`,closed,2025-02-14 17:11:41+00:00,,2025-02-14 17:24:58+00:00,"action: merge, area: build & ci, target: patch",main,nvm-update,,0.0,0.0,,0.0,0.0,,,False,,24195339.0,"96964, 25867, None, None",,,Angular,0.0
2336694390,angular-robot,build: update cross-repo angular dependencies,open,2025-02-14 17:04:39+00:00,,,"action: cleanup, area: build & ci, state: blocked, target: patch",main,ng-renovate/cross-repo-angular-dependencies,,0.0,0.0,,0.0,0.0,devversion,,False,,24195339.0,"96964, 25867, None, None",,,Angular,0.0
2336497878,kirjs,docs: Update guide link in http package md file,open,2025-02-14 15:52:24+00:00,,,area: docs,main,kirjs-docs-fix-http-link,,0.0,0.0,,0.0,0.0,,,False,,24195339.0,"96964, 25867, None, None",,,Angular,0.0
2336339211,JeanMeche,refactor(core): Drop `EventEmitter` from the main bundle,open,2025-02-14 14:47:03+00:00,,,"area: core, detected: breaking change",main,drop-eventemitter,,0.0,0.0,,0.0,0.0,,,True,,24195339.0,"96964, 25867, None, None",,,Angular,0.0
2335567916,crisbeto,build: update to TypeScript 5.8 RC,closed,2025-02-14 08:56:29+00:00,,2025-02-14 16:32:54+00:00,"action: merge, area: build & ci, target: minor",main,ts-5.8-rc,,0.0,0.0,,0.0,0.0,,,False,,24195339.0,"96964, 25867, None, None",,,Angular,0.0
2335037119,angular-robot,build: update io_bazel_rules_sass digest to c01e884,closed,2025-02-14 01:37:53+00:00,,2025-02-14 16:34:26+00:00,"action: merge, area: build & ci, target: patch",main,ng-renovate/io-bazel-rules-sass-digest,,0.0,0.0,,0.0,0.0,,,False,,24195339.0,"96964, 25867, None, None",,,Angular,0.0
2334889479,mmalerba,WIP: feat(compiler): support tagged template literals in expressions,open,2025-02-13 23:01:27+00:00,,,area: compiler,main,tag-temp,,0.0,0.0,,0.0,0.0,,,True,,24195339.0,"96964, 25867, None, None",,,Angular,0.0
2334866278,josephperrott,build: update cross-repo angular dependencies ,closed,2025-02-13 22:40:17+00:00,,2025-02-14 16:30:20+00:00,"action: merge, area: build & ci, target: minor",main,pr-takeover-59785,,0.0,0.0,,0.0,0.0,,,False,,24195339.0,"96964, 25867, None, None",,,Angular,0.0
2334791511,thePunderWoman,ci: fix flakey incremental hydration test,closed,2025-02-13 21:40:55+00:00,,2025-02-13 22:35:06+00:00,"action: merge, area: build & ci, target: patch",main,timer-flake,,0.0,0.0,,0.0,0.0,,,False,,24195339.0,"96964, 25867, None, None",,,Angular,0.0
2334698597,thePunderWoman,build: update cross-repo angular dependencies,closed,2025-02-13 20:39:31+00:00,,2025-02-13 20:43:49+00:00,"action: merge, area: build & ci, target: patch",main,pr-takeover-59785,,0.0,0.0,,0.0,0.0,devversion,,False,,24195339.0,"96964, 25867, None, None",,,Angular,0.0
2334648421,alan-agius4,build: update bazel node.js version to 18.20.5,closed,2025-02-13 20:09:37+00:00,,2025-02-14 16:31:07+00:00,"action: merge, area: build & ci, target: patch",main,node-.js-version,,0.0,0.0,,0.0,0.0,,,False,,24195339.0,"96964, 25867, None, None",,,Angular,0.0
2334646509,thePunderWoman,build: update zone.js pullapprove rule,closed,2025-02-13 20:08:31+00:00,,2025-02-13 20:16:52+00:00,"action: merge, area: build & ci, target: patch, PullApprove: disable",main,pa-fix,,0.0,0.0,,0.0,0.0,,,False,,24195339.0,"96964, 25867, None, None",,,Angular,0.0
2334394734,thePunderWoman,build: update zone.js pullapprove rule,closed,2025-02-13 17:42:10+00:00,,2025-02-13 19:17:16+00:00,"action: merge, area: build & ci, target: patch",main,zone-pullapprove,,0.0,0.0,,0.0,0.0,,,False,,24195339.0,"96964, 25867, None, None",,,Angular,0.0
2334239360,thePunderWoman,"Bump version to ""v19.2.0-next.3"" with changelog.",closed,2025-02-13 16:27:27+00:00,2025-02-13 16:30:30+00:00,2025-02-13 16:30:30+00:00,"action: merge, PullApprove: disable",main,release-stage-19.2.0-next.3,,0.0,0.0,,0.0,0.0,,,False,,24195339.0,"96964, 25867, None, None",,,Angular,0.0
2333546439,rysavy-dudrtools,docs(localize): added link to add-package.md,closed,2025-02-13 11:27:36+00:00,,2025-02-13 14:59:40+00:00,"action: merge, area: i18n, target: patch, area: docs",main,patch-2,,0.0,0.0,,0.0,0.0,,,False,,24195339.0,"96964, 25867, None, None",,,Angular,0.0
2333414454,rysavy-dudrtools,docs(localize): added link to add-package.md,closed,2025-02-13 10:25:28+00:00,,2025-02-13 11:27:54+00:00,cla: no,main,patch-1,,0.0,0.0,,0.0,0.0,,,False,,24195339.0,"96964, 25867, None, None",,,Angular,0.0
2332486052,dgp1130,release: bump Angular DevTools version to 1.0.23,closed,2025-02-12 23:17:21+00:00,,2025-02-14 16:31:40+00:00,"action: merge, target: patch, area: devtools",main,devtools-release-2,,0.0,0.0,,0.0,0.0,,,False,,24195339.0,"96964, 25867, None, None",,,Angular,0.0
2332222719,atscott,docs: release notes for the v19.1.6 release,closed,2025-02-12 20:16:10+00:00,,2025-02-12 20:19:16+00:00,"action: merge, target: minor, PullApprove: disable, area: docs",main,changelog-cherry-pick-19.1.6,,0.0,0.0,,0.0,0.0,,,False,,24195339.0,"96964, 25867, None, None",,,Angular,0.0
2332193138,atscott,"Bump version to ""v19.1.6"" with changelog.",closed,2025-02-12 19:58:12+00:00,2025-02-12 20:02:25+00:00,2025-02-12 20:02:26+00:00,"action: merge, PullApprove: disable",19.1.x,release-stage-19.1.6,,0.0,0.0,,0.0,0.0,,,False,,24195339.0,"96964, 25867, None, None",,,Angular,0.0
2332166659,vladboisa,refactor(http): handle angular#24571 todos,open,2025-02-12 19:43:32+00:00,,,area: common/http,main,patch-5,,0.0,0.0,,0.0,0.0,"pkozlowski-opensource, JeanMeche",,False,,24195339.0,"96964, 25867, None, None",,,Angular,0.0
2331413401,crisbeto,fix(compiler-cli): handle deferred blocks with shared dependencies correctly,closed,2025-02-12 14:14:24+00:00,,2025-02-12 17:15:59+00:00,"action: merge, target: patch, area: compiler",main,59922/dedupe-per-component-deps,,0.0,0.0,,0.0,0.0,,,False,,24195339.0,"96964, 25867, None, None",,,Angular,0.0
2331105077,angular-robot,docs: update Angular CLI help [main],closed,2025-02-12 12:01:38+00:00,,2025-02-12 17:19:40+00:00,"action: merge, target: minor, area: docs",main,update-cli-help-angular-angular-main-bd0828abb045ac1fffa2db7c753f7f4a37d1802e59651adb27c46eaf717f474a,,0.0,0.0,,0.0,0.0,,,False,,24195339.0,"96964, 25867, None, None",,,Angular,0.0
2331019590,barakiva,Fixed a typo in components-basics documentation,open,2025-02-12 11:19:02+00:00,,,"action: cleanup, cla: no, area: docs",main,patch-1,,0.0,0.0,,0.0,0.0,bencodezen,,False,,24195339.0,"96964, 25867, None, None",,,Angular,0.0
2330004940,iteriani,refactor(core): Check in some interfaces for the DI package,closed,2025-02-11 23:35:09+00:00,,2025-02-13 20:19:31+00:00,"action: merge, area: core, target: patch, requires: TGP",main,di,,0.0,0.0,,0.0,0.0,,,False,,24195339.0,"96964, 25867, None, None",,,Angular,0.0
2329065690,moebarox,docs: remove trailing parentheses in example code in linked signal,closed,2025-02-11 15:40:41+00:00,,2025-02-12 17:20:36+00:00,"action: merge, cla: yes, target: patch, area: docs",main,fix/remove-trailing-parentheses,,0.0,0.0,,0.0,0.0,,,False,,24195339.0,"96964, 25867, None, None",,,Angular,0.0
2329035594,hawkgs,refactor(devtools): introduce tree-visualizer-host,open,2025-02-11 15:27:11+00:00,,,area: devtools,main,devtools/create-tree-visualizer-host,,0.0,0.0,,0.0,0.0,AleksanderBodurri,,False,,24195339.0,"96964, 25867, None, None",,,Angular,0.0
2328991527,AlirezaEbrahimkhani,docs: change xss doc url to angular new documentation,open,2025-02-11 15:08:29+00:00,,,area: docs,main,update-xss-doc-url,,0.0,0.0,,0.0,0.0,,,False,,24195339.0,"96964, 25867, None, None",,,Angular,0.0
2328454980,angular-robot,build: update github/codeql-action action to v3.28.9,closed,2025-02-11 11:14:21+00:00,,2025-02-13 14:56:48+00:00,"action: merge, area: build & ci, target: patch",main,ng-renovate/scorecard-action,,0.0,0.0,,0.0,0.0,,,False,,24195339.0,"96964, 25867, None, None",,,Angular,0.0
2327813547,angular-robot,build: update dependency typescript to v5.8.0-dev.20250211,closed,2025-02-11 06:13:18+00:00,,2025-02-11 08:36:09+00:00,"action: merge, area: build & ci, target: patch",main,ng-renovate/typescript-dependencies,,0.0,0.0,,0.0,0.0,atscott,,False,,24195339.0,"96964, 25867, None, None",,,Angular,0.0
2327701183,Bobokhuja,docs: fix tabs in example code in creating injectable services,closed,2025-02-11 04:25:14+00:00,,2025-02-12 17:46:55+00:00,"action: merge, target: patch, area: docs",main,fix/tabs-in-example-code,,0.0,0.0,,0.0,0.0,,,False,,24195339.0,"96964, 25867, None, None",,,Angular,0.0
2327369933,cexbrayat,refactor(core): use stream in rxResource instead of loader,open,2025-02-10 22:32:05+00:00,,,area: core,main,refactor/rx-resource-with-stream,,0.0,0.0,,0.0,0.0,atscott,,False,,24195339.0,"96964, 25867, None, None",,,Angular,0.0
2326921177,JeanMeche,docs(docs-infra): Don't truncate types in symbol extraction,open,2025-02-10 19:06:37+00:00,,,"area: docs-infra, area: docs, adev: preview",main,docs/type-truncation,,0.0,0.0,,0.0,0.0,"josephperrott, alxhub",,False,,24195339.0,"96964, 25867, None, None",,,Angular,0.0
2326877440,JeanMeche,docs(docs-infra): inline example in description,closed,2025-02-10 18:45:25+00:00,,2025-02-12 17:21:54+00:00,"action: merge, target: patch, area: docs-infra, area: docs, adev: preview",main,docs/59905,,0.0,0.0,,0.0,0.0,,,False,,24195339.0,"96964, 25867, None, None",,,Angular,0.0
2325353906,crisbeto,fix(common): make types for HttpClient more readable,open,2025-02-10 08:01:49+00:00,,,"action: review, area: common, target: patch, adev: preview",main,simplify-http-client-types,,0.0,0.0,,0.0,0.0,"atscott, pkozlowski-opensource, alxhub",,False,,24195339.0,"96964, 25867, None, None",,,Angular,0.0
2325176108,salhi04321,Update README.md,closed,2025-02-10 06:08:51+00:00,,2025-02-10 06:43:21+00:00,,main,patch-1,,0.0,0.0,,0.0,0.0,kirjs,,False,,24195339.0,"96964, 25867, None, None",,,Angular,0.0
2324231181,HaasStefan,feat(compiler-cli): support ts project references,open,2025-02-08 23:50:58+00:00,,,"area: compiler, detected: feature",main,feat/compiler-cli/project-references,,0.0,0.0,,0.0,0.0,kirjs,,True,,24195339.0,"96964, 25867, None, None",,,Angular,0.0
2324197031,sinansonmez,Convert gulpfile.js to TS,closed,2025-02-08 21:38:47+00:00,,2025-02-10 15:45:44+00:00,,main,patch-3,,0.0,0.0,,0.0,0.0,josephperrott,,False,,24195339.0,"96964, 25867, None, None",,,Angular,0.0
2324129255,mmalerba,feat(compiler): support void and exponentiation operators in templates,open,2025-02-08 18:50:22+00:00,,,"area: compiler, detected: feature",main,void-op,,0.0,0.0,,0.0,0.0,crisbeto,,False,,24195339.0,"96964, 25867, None, None",,,Angular,0.0
2322597853,cexbrayat,refactor(core): use RefactorStreamItem type in rxResource,open,2025-02-07 15:59:22+00:00,,,area: core,main,refactor/resource-stream-item,,0.0,0.0,,0.0,0.0,alxhub,,False,,24195339.0,"96964, 25867, None, None",,,Angular,0.0
2322543086,bampakoa,docs: update security guide,open,2025-02-07 15:30:28+00:00,,,area: docs,main,patch-1,,0.0,0.0,,0.0,0.0,"alxhub, jelbourn, pkozlowski-opensource, JeanMeche, josephperrott",,False,,24195339.0,"96964, 25867, None, None",,,Angular,0.0
2322366593,chintankavathia,feat(core): signal utils for input and model,open,2025-02-07 14:07:10+00:00,,,"area: core, detected: feature",main,feat-signal-utils,,0.0,0.0,,0.0,0.0,crisbeto,,False,,24195339.0,"96964, 25867, None, None",,,Angular,0.0
2322087373,naaajii,docs: update license year,open,2025-02-07 11:38:01+00:00,,,area: docs,main,docs/license-date,,0.0,0.0,,0.0,0.0,"atscott, JiaLiPassion",,False,,24195339.0,"96964, 25867, None, None",,,Angular,0.0
2321171754,alxhub,feat(common): introduce experimental `httpResource`,closed,2025-02-07 00:13:22+00:00,,2025-02-14 18:40:39+00:00,"action: merge, area: build & ci, area: common, target: minor, detected: feature, adev: preview",main,experimental/resource/http,,0.0,0.0,,0.0,0.0,,,False,,24195339.0,"96964, 25867, None, None",,,Angular,0.0
2321169844,alxhub,feat(common): introduce experimental `httpResource`,closed,2025-02-07 00:12:32+00:00,,2025-02-07 00:12:53+00:00,"area: common, detected: feature",main,experimental/resource/http,,0.0,0.0,,0.0,0.0,"AndrewKushnir, atscott, thePunderWoman",,False,,24195339.0,"96964, 25867, None, None",,,Angular,0.0
2320988363,AleksanderBodurri,fix(devtools): regressions in component tree,closed,2025-02-06 21:58:06+00:00,,2025-02-12 17:22:41+00:00,"action: merge, target: patch, area: devtools",main,devtools-component-tree-fixes,,0.0,0.0,,0.0,0.0,,,False,,24195339.0,"96964, 25867, None, None",,,Angular,0.0
2320830143,alxhub,"Bump version to ""v19.2.0-next.2"" with changelog.",closed,2025-02-06 20:39:22+00:00,2025-02-06 20:50:20+00:00,2025-02-06 20:50:20+00:00,"action: merge, PullApprove: disable",main,release-stage-19.2.0-next.2,,0.0,0.0,,0.0,0.0,,,False,,24195339.0,"96964, 25867, None, None",,,Angular,0.0
2320819637,alxhub,docs: release notes for the v19.1.5 release,closed,2025-02-06 20:33:55+00:00,2025-02-06 20:34:56+00:00,2025-02-06 20:34:56+00:00,"action: merge, PullApprove: disable, area: docs",main,changelog-cherry-pick-19.1.5,,0.0,0.0,,0.0,0.0,,,False,,24195339.0,"96964, 25867, None, None",,,Angular,0.0
2320815795,alxhub,"Bump version to ""v19.1.5"" with changelog.",closed,2025-02-06 20:31:24+00:00,2025-02-06 20:32:17+00:00,2025-02-06 20:32:17+00:00,"action: merge, PullApprove: disable",19.1.x,release-stage-19.1.5,,0.0,0.0,,0.0,0.0,,,False,,24195339.0,"96964, 25867, None, None",,,Angular,0.0
2320733521,JoostK,fix(compiler-cli): avoid crash in isolated transform operations,closed,2025-02-06 19:47:15+00:00,,2025-02-13 16:39:21+00:00,"action: merge, target: patch, area: compiler",main,compiler/fix-isolated-transforms,,0.0,0.0,,0.0,0.0,,,False,,24195339.0,"96964, 25867, None, None",,,Angular,0.0
2320372959,iurynogueira,fix: add missing import to input behavior,closed,2025-02-06 16:35:57+00:00,,2025-02-06 19:53:59+00:00,cla: no,main,fix-form-doc-missing-import,,0.0,0.0,,0.0,0.0,josephperrott,,False,,24195339.0,"96964, 25867, None, None",,,Angular,0.0
2319958938,hawkgs,docs(docs-infra): replace the WebGL home page animation with a CSS+JS version of it,closed,2025-02-06 13:43:28+00:00,,2025-02-13 15:03:39+00:00,"action: merge, target: minor, area: docs-infra, area: docs, adev: preview",main,docs/rework-home-page-animation,,0.0,0.0,,0.0,0.0,,,False,,24195339.0,"96964, 25867, None, None",,,Angular,0.0
2318836179,angular-robot,build: update io_bazel_rules_sass digest to d829b6a,closed,2025-02-06 01:39:45+00:00,,2025-02-12 17:47:57+00:00,"action: merge, area: build & ci, target: patch",main,ng-renovate/io-bazel-rules-sass-digest,,0.0,0.0,,0.0,0.0,,,False,,24195339.0,"96964, 25867, None, None",,,Angular,0.0
2318665094,crisbeto,Control flow migration fixes,closed,2025-02-05 22:46:33+00:00,,2025-02-12 17:45:18+00:00,"action: merge, target: patch, area: migrations",main,59846/control-flow-dep-detection,,0.0,0.0,,0.0,0.0,,,False,,24195339.0,"96964, 25867, None, None",,,Angular,0.0
2318468863,atscott,feat(router): Allow resolvers to read resolved data from ancestors,open,2025-02-05 20:24:31+00:00,,,"area: router, target: major, detected: feature",main,resolveWithParentData,,0.0,0.0,,0.0,0.0,,,False,,24195339.0,"96964, 25867, None, None",,,Angular,0.0
2318399419,atscott,build: remove self from unavailable list,closed,2025-02-05 19:42:57+00:00,,2025-02-05 20:19:00+00:00,"action: merge, area: build & ci, target: patch",main,yaml,,0.0,0.0,,0.0,0.0,,,False,,24195339.0,"96964, 25867, None, None",,,Angular,0.0
2318396701,atscott,refactor(core): Add fake navigation to primitives for code sharing,open,2025-02-05 19:41:18+00:00,,,"area: core, target: patch, requires: TGP",main,primitives_dom_navigation,,0.0,0.0,,0.0,0.0,,,False,,24195339.0,"96964, 25867, None, None",,,Angular,0.0
2318155509,pkozlowski-opensource,refactor(core): move LContainer manipulation logic to its own file,open,2025-02-05 17:26:37+00:00,,,"action: cleanup, area: core, target: patch",main,runtime_refactoring_lcontainer,,0.0,0.0,,0.0,0.0,,,False,,24195339.0,"96964, 25867, None, None",,,Angular,0.0
2317577789,crisbeto,Invalidate HMR data on errors,closed,2025-02-05 13:03:56+00:00,,2025-02-12 17:05:35+00:00,"action: merge, area: core, target: patch, area: compiler",main,hmr-try-catch,,0.0,0.0,,0.0,0.0,,,False,,24195339.0,"96964, 25867, None, None",,,Angular,0.0
2316158383,arturovt,refactor(docs-infra): lazy-load `EmbeddedTutorialManager` in `adev-tutorial`,open,2025-02-04 21:13:22+00:00,,,area: docs-infra,main,refactor/docs-infra-tutorial-injectEmbeddedTutorialManager,,0.0,0.0,,0.0,0.0,alxhub,,False,,24195339.0,"96964, 25867, None, None",,,Angular,0.0
2315789439,alxhub,fix(core): fix race condition in resource(),closed,2025-02-04 17:41:50+00:00,,2025-02-05 23:01:05+00:00,"action: merge, area: core, target: minor",main,fix-resource-race,,0.0,0.0,,0.0,0.0,,,False,,24195339.0,"96964, 25867, None, None",,,Angular,0.0
2314733961,muhammadali1658,docs: fix broken link of FID in Incremental Hydration,closed,2025-02-04 10:30:46+00:00,,2025-02-05 17:01:34+00:00,"action: merge, target: patch, area: docs",main,patch-1,,0.0,0.0,,0.0,0.0,,,False,,24195339.0,"96964, 25867, None, None",,,Angular,0.0
2314277391,angular-robot,build: update dependency typescript to v5.8.0-dev.20250204,closed,2025-02-04 06:12:50+00:00,,2025-02-04 14:05:08+00:00,"action: merge, area: build & ci, target: patch",main,ng-renovate/typescript-dependencies,,0.0,0.0,,0.0,0.0,devversion,,False,,24195339.0,"96964, 25867, None, None",,,Angular,0.0
2313808497,wadie,fix(docs-infra): reset sandbox runtime on template change,closed,2025-02-03 22:34:19+00:00,,2025-02-05 23:01:36+00:00,"action: merge, target: patch, area: docs-infra",main,fix-template-switch,,0.0,0.0,,0.0,0.0,,,False,,24195339.0,"96964, 25867, None, None",,,Angular,0.0
2313763369,pkozlowski-opensource,refactor(core): move directive matching logic to a separate file,closed,2025-02-03 22:13:59+00:00,,2025-02-05 16:56:34+00:00,"action: merge, area: core, target: patch",main,runtime_refactor_element_first_pass,,0.0,0.0,,0.0,0.0,,,False,,24195339.0,"96964, 25867, None, None",,,Angular,0.0
2312763212,X3TSr,docs: correcting a typo,closed,2025-02-03 13:38:34+00:00,,2025-02-11 15:43:31+00:00,"action: cleanup, cla: no, target: patch",main,patch-1,,0.0,0.0,,0.0,0.0,,,False,,24195339.0,"96964, 25867, None, None",,,Angular,0.0
2312500716,lmartorella,Flag to adhere to standard HTML Shadow Dom style encapsulation,open,2025-02-03 11:34:18+00:00,,,area: elements,main,fix/shared-style-in-shadow-dom,,0.0,0.0,,0.0,0.0,thePunderWoman,,False,,24195339.0,"96964, 25867, None, None",,,Angular,0.0
2312020721,angular-robot,build: lock file maintenance,open,2025-02-03 08:22:30+00:00,,,"action: merge, area: build & ci, merge: caretaker note, target: minor, PullApprove: disable",main,ng-renovate/lock-file-maintenance,,0.0,0.0,,0.0,0.0,,,False,,24195339.0,"96964, 25867, None, None",,,Angular,0.0
2311278769,JeanMeche,docs: Use `inject` for DI,open,2025-02-02 14:57:45+00:00,,,area: docs,main,docs/inject,,0.0,0.0,,0.0,0.0,,,True,,24195339.0,"96964, 25867, None, None",,,Angular,0.0
2310900165,bampakoa,feat(core): add function based error handler,open,2025-02-01 19:13:47+00:00,,,"action: discuss, area: core, detected: feature",main,error-handling,,0.0,0.0,,0.0,0.0,"alxhub, JeanMeche",,False,,24195339.0,"96964, 25867, None, None",,,Angular,0.0
2310761602,JeevanMahesha,"docs: extend Angular CLI installation instructions for pnpm, yarn, an…",open,2025-02-01 13:22:34+00:00,,,"area: docs, adev: preview",main,feat/add-pnpm-yarn-bun-cli-support,,0.0,0.0,,0.0,0.0,crisbeto,,False,,24195339.0,"96964, 25867, None, None",,,Angular,0.0
2310729596,crisbeto,feat(core): support TypeScript 5.8,closed,2025-02-01 12:03:33+00:00,,2025-02-03 22:00:44+00:00,"action: merge, area: core, target: minor, detected: feature",main,ts-5.8,,0.0,0.0,,0.0,0.0,,,False,,24195339.0,"96964, 25867, None, None",,,Angular,0.0
2310713932,Anxhul10,refactor: Replace static content with dynamic data in Footer component,open,2025-02-01 11:21:29+00:00,,,"area: docs, adev: preview",main,main,,0.0,0.0,,0.0,0.0,,,False,,24195339.0,"96964, 25867, None, None",,,Angular,0.0
2310686403,angular-robot,build: update dependency angular-split to v19,closed,2025-02-01 10:11:16+00:00,,2025-02-03 22:00:14+00:00,"action: merge, area: build & ci, target: patch, adev: preview",main,ng-renovate/angular-split-19-x,,0.0,0.0,,0.0,0.0,,,False,,24195339.0,"96964, 25867, None, None",,,Angular,0.0
2310089042,arturovt,refactor(core): inline `isFactory` within `getNodeInjectable`,open,2025-01-31 21:56:33+00:00,,,area: core,main,refactor/core-NodeInjectorFactory,,0.0,0.0,,0.0,0.0,crisbeto,,False,,24195339.0,"96964, 25867, None, None",,,Angular,0.0
2309259181,arturovt,refactor(core): simplify `concatStringsWithSpace`,closed,2025-01-31 13:41:10+00:00,,2025-02-13 15:10:48+00:00,"action: merge, area: core, target: patch",main,refactor/core-concatStringsWithSpace,,0.0,0.0,,0.0,0.0,,,False,,24195339.0,"96964, 25867, None, None",,,Angular,0.0
2309253678,arturovt,refactor(common): remove redundant `transferCacheInterceptorFn` dependencies,closed,2025-01-31 13:39:30+00:00,,2025-02-13 15:11:21+00:00,"action: merge, area: common, target: patch",main,refactor/common-transferCacheInterceptorFn-deps,,0.0,0.0,,0.0,0.0,,,False,,24195339.0,"96964, 25867, None, None",,,Angular,0.0
2309207997,Humberd,refactor(core): remove legacy microtask effect,open,2025-01-31 13:23:58+00:00,,,"area: core, target: patch, area: docs-infra, area: docs, adev: preview",main,remove-microtask-effect,,0.0,0.0,,0.0,0.0,,,False,,24195339.0,"96964, 25867, None, None",,,Angular,0.0
2308773057,olemartinsorli,docs: fix misspelled link text in overview.md,closed,2025-01-31 10:34:35+00:00,,2025-02-03 21:59:19+00:00,"action: merge, target: patch, area: migrations, area: docs",main,patch-2,,0.0,0.0,,0.0,0.0,,,False,,24195339.0,"96964, 25867, None, None",,,Angular,0.0
2308595488,crisbeto,Handle const enums in HMR replacement function,closed,2025-01-31 08:52:10+00:00,,2025-02-03 21:58:35+00:00,"action: merge, target: patch, area: compiler",main,hmr-const-enum,,0.0,0.0,,0.0,0.0,,,False,,24195339.0,"96964, 25867, None, None",,,Angular,0.0
2308043725,pkozlowski-opensource,Runtime refactor element start end,closed,2025-01-31 00:45:13+00:00,,2025-02-04 06:09:37+00:00,area: core,main,runtime_refactor_element_start_end,,0.0,0.0,,0.0,0.0,,,True,,24195339.0,"96964, 25867, None, None",,,Angular,0.0
2307812410,arturovt,refactor(platform-browser): remove redundant `DomEventsPlugin` dependencies,closed,2025-01-30 21:54:53+00:00,,2025-02-03 21:57:48+00:00,"action: merge, area: core, target: patch",main,refactor/platform-browser-DomEventsPlugin-deps,,0.0,0.0,,0.0,0.0,,,False,,24195339.0,"96964, 25867, None, None",,,Angular,0.0
2307808869,arturovt,refactor(common): drop platform checks in `HttpXsrfCookieExtractor`,open,2025-01-30 21:52:05+00:00,,,area: common,main,refactor/common-HttpXsrfCookieExtractor,,0.0,0.0,,0.0,0.0,pkozlowski-opensource,,False,,24195339.0,"96964, 25867, None, None",,,Angular,0.0
2307805009,arturovt,refactor(core): drop platform check in `ImagePerformanceWarning`,open,2025-01-30 21:49:00+00:00,,,"area: core, target: patch, action: presubmit",main,refactor/core-ImagePerformanceWarning,,0.0,0.0,,0.0,0.0,,,False,,24195339.0,"96964, 25867, None, None",,,Angular,0.0
2307501750,luangong,docs: Fix wording for Angular CLI end-to-end testing,closed,2025-01-30 18:30:10+00:00,,2025-02-03 21:56:42+00:00,"action: merge, target: patch, area: docs",main,patch-2,,0.0,0.0,,0.0,0.0,,,False,,24195339.0,"96964, 25867, None, None",,,Angular,0.0
2307399024,pkozlowski-opensource,refactor(core): reuse existing logic in ComponentRef impl,closed,2025-01-30 17:33:21+00:00,,2025-02-03 21:57:13+00:00,"action: merge, area: core, target: patch",main,runtime_refactor_component_ref_flags_and_hydration,,0.0,0.0,,0.0,0.0,,,False,,24195339.0,"96964, 25867, None, None",,,Angular,0.0
2306611995,angular-robot,build: update dependency saucelabs to v9,closed,2025-01-30 11:12:52+00:00,,2025-02-12 17:39:33+00:00,"action: merge, area: build & ci, target: patch",main,ng-renovate/saucelabs-9-x,,0.0,0.0,,0.0,0.0,,,False,,24195339.0,"96964, 25867, None, None",,,Angular,0.0
2306020382,giddyiddy,Update README.md,closed,2025-01-30 04:31:33+00:00,,2025-01-30 04:32:56+00:00,,main,patch-1,,0.0,0.0,,0.0,0.0,kirjs,,False,,24195339.0,"96964, 25867, None, None",,,Angular,0.0
2305758132,shicks,feat(common): throw error for suspicious date patterns,open,2025-01-29 23:39:23+00:00,,,"area: common, breaking changes, target: major, detected: feature, detected: breaking change",main,patch-1,,0.0,0.0,,0.0,0.0,"pkozlowski-opensource, atscott, kirjs",,False,,24195339.0,"96964, 25867, None, None",,,Angular,0.0
2305737049,alxhub,"Bump version to ""v19.2.0-next.1"" with changelog.",closed,2025-01-29 23:17:21+00:00,2025-01-29 23:17:56+00:00,2025-01-29 23:17:56+00:00,"action: merge, PullApprove: disable",main,release-stage-19.2.0-next.1,,0.0,0.0,,0.0,0.0,,,False,,24195339.0,"96964, 25867, None, None",,,Angular,0.0
2305731974,mmalerba,fix(core): preserve tracing snapshot until tick finishes,closed,2025-01-29 23:12:23+00:00,,2025-02-05 17:00:51+00:00,"action: merge, area: core, target: minor",main,tracing,,0.0,0.0,,0.0,0.0,,,False,,24195339.0,"96964, 25867, None, None",,,Angular,0.0
2305729537,alxhub,docs: release notes for the v19.1.4 release,closed,2025-01-29 23:10:10+00:00,2025-01-29 23:11:56+00:00,2025-01-29 23:11:56+00:00,"action: merge, PullApprove: disable, area: docs",main,changelog-cherry-pick-19.1.4,,0.0,0.0,,0.0,0.0,,,False,,24195339.0,"96964, 25867, None, None",,,Angular,0.0
2305727544,alxhub,"Bump version to ""v19.1.4"" with changelog.",closed,2025-01-29 23:08:12+00:00,2025-01-29 23:08:33+00:00,2025-01-29 23:08:33+00:00,"action: merge, PullApprove: disable",19.1.x,release-stage-19.1.4,,0.0,0.0,,0.0,0.0,,,False,,24195339.0,"96964, 25867, None, None",,,Angular,0.0
2305710923,atscott,refactor(core): move callAndReportToErrorHandler to bootstrap file,closed,2025-01-29 22:56:10+00:00,,2025-02-03 21:54:46+00:00,"action: merge, area: core, target: patch",main,movecallandreport,,0.0,0.0,,0.0,0.0,,,False,,24195339.0,"96964, 25867, None, None",,,Angular,0.0
2305632222,dgp1130,docs: update `zip` command and link to recent DevTools commits,closed,2025-01-29 21:57:06+00:00,,2025-02-14 19:32:04+00:00,"action: merge, target: patch, area: docs",main,devtools-docs,,0.0,0.0,,0.0,0.0,,,False,,24195339.0,"96964, 25867, None, None",,,Angular,0.0
2305630544,dgp1130,release: bump Angular DevTools version to 1.0.22,closed,2025-01-29 21:56:17+00:00,,2025-02-13 14:50:42+00:00,"action: merge, target: patch",main,devtools-release,,0.0,0.0,,0.0,0.0,,,False,,24195339.0,"96964, 25867, None, None",,,Angular,0.0
2305386996,arturovt,fix(core): check whether application is destroyed before initializing event replay,open,2025-01-29 20:00:28+00:00,,,area: core,main,fix/core-event-replay-check-appRef-destroyed,,0.0,0.0,,0.0,0.0,crisbeto,,False,,24195339.0,"96964, 25867, None, None",,,Angular,0.0
2305099664,angular-robot,build: update github/codeql-action action to v3.28.8,closed,2025-01-29 17:31:23+00:00,,2025-02-03 21:54:11+00:00,"action: merge, area: build & ci, target: patch",main,ng-renovate/scorecard-action,,0.0,0.0,,0.0,0.0,,,False,,24195339.0,"96964, 25867, None, None",,,Angular,0.0
2305092596,angular-robot,build: update cross-repo angular dependencies,closed,2025-01-29 17:27:50+00:00,,2025-02-14 16:41:37+00:00,"action: merge, area: build & ci, state: blocked, target: patch",main,ng-renovate/cross-repo-angular-dependencies,,0.0,0.0,,0.0,0.0,,,False,,24195339.0,"96964, 25867, None, None",,,Angular,0.0
2304926355,GerardEst,docs: add clarification for sourceLocale location in angular.json,closed,2025-01-29 16:04:55+00:00,,2025-02-03 21:53:37+00:00,"action: merge, target: patch, area: docs",main,patch-1,,0.0,0.0,,0.0,0.0,,,False,,24195339.0,"96964, 25867, None, None",,,Angular,0.0
2304687727,muhammadali1658,docs: fix spelling of 'static-site',closed,2025-01-29 14:22:03+00:00,,2025-01-29 16:45:23+00:00,"action: merge, cla: yes, target: patch, area: docs",main,patch-1,,0.0,0.0,,0.0,0.0,,,False,,24195339.0,"96964, 25867, None, None",,,Angular,0.0
2304347670,alan-agius4,docs: replace `provideServerRoutesConfig` with `provideServerRouting`,closed,2025-01-29 11:50:39+00:00,,2025-02-03 21:53:07+00:00,"action: merge, target: patch, area: docs, adev: preview",main,provideServerRouting-name,,0.0,0.0,,0.0,0.0,,,False,,24195339.0,"96964, 25867, None, None",,,Angular,0.0
2304173856,alan-agius4,ci: update to latest version of dev-infra actions,closed,2025-01-29 10:26:43+00:00,2025-01-29 12:29:59+00:00,2025-01-29 12:30:00+00:00,"action: merge, area: build & ci, target: lts",18.2.x,dev-infra-actions,,0.0,0.0,,0.0,0.0,,,False,,24195339.0,"96964, 25867, None, None",,,Angular,0.0
2304146733,GerardEst,docs: add clarification for sourceLocale location in angular.json,closed,2025-01-29 10:13:58+00:00,,2025-01-29 11:08:16+00:00,"area: docs, adev: preview",main,patch-1,,0.0,0.0,,0.0,0.0,pkozlowski-opensource,,False,,24195339.0,"96964, 25867, None, None",,,Angular,0.0
2304124615,gerard-acc,docs: add clarification for sourceLocale location in angular.json,closed,2025-01-29 10:03:31+00:00,,2025-01-29 10:07:49+00:00,,main,patch-1,,0.0,0.0,,0.0,0.0,devversion,,False,,24195339.0,"96964, 25867, None, None",,,Angular,0.0
2303987188,crisbeto,fix(elements): not setting initial value on signal-based input,closed,2025-01-29 08:50:07+00:00,,2025-01-29 16:50:30+00:00,"action: merge, target: patch, area: elements",main,59757/elements-signal-inputs,,0.0,0.0,,0.0,0.0,,,False,,24195339.0,"96964, 25867, None, None",,,Angular,0.0
2303299354,physicx237,docs: fix programmatic-rendering example,closed,2025-01-28 22:04:06+00:00,,2025-01-29 18:54:13+00:00,"action: merge, target: patch, area: docs",main,docs-fix-programmatic-rendering,,0.0,0.0,,0.0,0.0,,,False,,24195339.0,"96964, 25867, None, None",,,Angular,0.0
2303173650,angular-robot,docs: update Angular CLI help [18.2.x],closed,2025-01-28 20:35:31+00:00,,2025-01-29 18:53:23+00:00,"action: merge, target: lts, merge: caretaker note, area: docs",18.2.x,update-cli-help-angular-angular-18.2.x-78a50b793a08b143bd3c44d36c1c69d4b596703c428ebc38fd3469f1704ae415,,0.0,0.0,,0.0,0.0,,,False,,24195339.0,"96964, 25867, None, None",,,Angular,0.0
2303115847,dgp1130,docs: updates versioning docs to recommend that fixes in an RC period be released as a `-next` release prior to hitting stable,closed,2025-01-28 19:58:54+00:00,,2025-01-29 18:52:49+00:00,"action: merge, target: patch, area: docs",main,caretaking-rc,,0.0,0.0,,0.0,0.0,,,False,,24195339.0,"96964, 25867, None, None",,,Angular,0.0
2303104324,dgp1130,docs: link to Tailwind docs about Angular CLI integration,closed,2025-01-28 19:51:54+00:00,,2025-02-13 15:00:59+00:00,"action: merge, target: patch, area: docs",main,tailwind-doc,,0.0,0.0,,0.0,0.0,,,False,,24195339.0,"96964, 25867, None, None",,,Angular,0.0
2303007413,josephperrott,build: lock file maintenance ,closed,2025-01-28 18:51:12+00:00,,2025-01-29 16:49:49+00:00,"action: merge, area: build & ci, merge: caretaker note, target: minor, PullApprove: disable",main,pr-takeover-59621,,0.0,0.0,,0.0,0.0,,,False,,24195339.0,"96964, 25867, None, None",,,Angular,0.0
2302829631,crisbeto,Decouple platform-server from animations,closed,2025-01-28 17:12:44+00:00,,2025-01-29 18:52:21+00:00,"action: merge, area: core, area: server, target: minor",main,server-noop-animations,,0.0,0.0,,0.0,0.0,,,False,,24195339.0,"96964, 25867, None, None",,,Angular,0.0
2302766579,josephperrott,ci: prevent renovate from updating @bazel/ibazel,closed,2025-01-28 16:41:50+00:00,,2025-01-28 18:17:37+00:00,"action: merge, area: build & ci, target: patch",main,dont-update-ibazel,,0.0,0.0,,0.0,0.0,,,False,,24195339.0,"96964, 25867, None, None",,,Angular,0.0
2302670364,JeevanMahesha,docs: update template syntax to new control flow,open,2025-01-28 16:01:30+00:00,,,area: docs,main,feat/keyvalue-control-flow,,0.0,0.0,,0.0,0.0,"pkozlowski-opensource, JeanMeche",,False,,24195339.0,"96964, 25867, None, None",,,Angular,0.0
2302457976,LuckyT89,docs(docs-infra): fix gammatical error in two way binding with plain …,closed,2025-01-28 14:37:38+00:00,,2025-01-28 17:48:12+00:00,"action: merge, target: patch, area: docs-infra, area: docs",main,documentation-grammer-fix,,0.0,0.0,,0.0,0.0,,,False,,24195339.0,"96964, 25867, None, None",,,Angular,0.0
2302394662,crisbeto,fix(compiler): report unterminated quotes in interpolations,open,2025-01-28 14:12:58+00:00,,,"target: patch, area: compiler",main,59507/interpolation-unterminated-quote,,0.0,0.0,,0.0,0.0,,,True,,24195339.0,"96964, 25867, None, None",,,Angular,0.0
2302394374,luangong,docs(core): Fix typo in documentation of linkedSignal,closed,2025-01-28 14:12:49+00:00,,2025-01-28 18:14:23+00:00,"action: merge, area: core, target: patch, merge: caretaker note, area: docs",main,patch-1,,0.0,0.0,,0.0,0.0,,,False,,24195339.0,"96964, 25867, None, None",,,Angular,0.0
2302107278,angular-robot,build: update dependency @bazel/ibazel to ^0.25.0 - autoclosed,closed,2025-01-28 12:15:09+00:00,,2025-01-28 19:30:32+00:00,"area: build & ci, state: blocked, target: patch",main,ng-renovate/bazel-setup,,0.0,0.0,,0.0,0.0,devversion,,False,,24195339.0,"96964, 25867, None, None",,,Angular,0.0
2301979331,devversion,ci: configure merge tool to enforce mandatory PR statuses,closed,2025-01-28 11:20:19+00:00,,2025-01-28 11:53:37+00:00,"action: merge, area: build & ci, target: patch",main,enforce-checks,,0.0,0.0,,0.0,0.0,,,False,,24195339.0,"96964, 25867, None, None",,,Angular,0.0
2301709846,hawkgs,build: revert back to @bazel/ibazel v0.16,closed,2025-01-28 09:10:35+00:00,,2025-01-28 11:42:41+00:00,"action: merge, area: build & ci, target: patch",main,build/rollback-ibazel,,0.0,0.0,,0.0,0.0,,,False,,24195339.0,"96964, 25867, None, None",,,Angular,0.0
2301593074,alan-agius4,build: remove `@angular/common` from Service Worker dependencies,closed,2025-01-28 08:13:28+00:00,,2025-01-28 12:09:52+00:00,"action: merge, area: build & ci, target: patch, area: service-worker",main,sw-common-angular,,0.0,0.0,,0.0,0.0,,,False,,24195339.0,"96964, 25867, None, None",,,Angular,0.0
2301585492,arturovt,refactor(common): simplify `stripTrailingSlash`,open,2025-01-28 08:10:14+00:00,,,area: common,main,refactor/common-stripTrailingSlash,,0.0,0.0,,0.0,0.0,,,False,,24195339.0,"96964, 25867, None, None",,,Angular,0.0
2301580853,arturovt,refactor(core): improve `stringify`,open,2025-01-28 08:07:25+00:00,,,area: core,main,refactor/core-stringify-improve-speed,,0.0,0.0,,0.0,0.0,pkozlowski-opensource,,False,,24195339.0,"96964, 25867, None, None",,,Angular,0.0
2301423558,angular-robot,build: update github/codeql-action action to v3.28.6,closed,2025-01-28 06:12:40+00:00,,2025-01-28 08:08:49+00:00,"action: merge, area: build & ci, target: patch",main,ng-renovate/scorecard-action,,0.0,0.0,,0.0,0.0,,,False,,24195339.0,"96964, 25867, None, None",,,Angular,0.0
2301421882,angular-robot,build: update babel dependencies to v7.26.9,closed,2025-01-28 06:11:05+00:00,,2025-02-14 19:15:18+00:00,"action: merge, area: build & ci, target: minor",main,ng-renovate/babel-dependencies,,0.0,0.0,,0.0,0.0,,,False,,24195339.0,"96964, 25867, None, None",,,Angular,0.0
2300809883,arturovt,refactor(common): drop platform check in `LCPImageObserver`,open,2025-01-27 20:49:23+00:00,,,area: common,main,refactor/common-LCPImageObserver,,0.0,0.0,,0.0,0.0,pkozlowski-opensource,,False,,24195339.0,"96964, 25867, None, None",,,Angular,0.0
2300804520,arturovt,refactor(forms): remove `_checkFormPresent` and move directly to `ngOnChanges`,open,2025-01-27 20:45:51+00:00,,,area: forms,main,refactor/forms-formGroup-checkFormPresent,,0.0,0.0,,0.0,0.0,crisbeto,,False,,24195339.0,"96964, 25867, None, None",,,Angular,0.0
2300775817,thePunderWoman,refactor(core): clean up when blocks fail to fetch or hydrate,open,2025-01-27 20:29:38+00:00,,,"action: review, area: core, target: patch",main,hydration-cleanup,,0.0,0.0,,0.0,0.0,,,False,,24195339.0,"96964, 25867, None, None",,,Angular,0.0
2300645435,tamimbost,Update NG0500.md,closed,2025-01-27 19:11:34+00:00,,2025-01-27 19:22:55+00:00,,main,patch-1,,0.0,0.0,,0.0,0.0,,,False,,24195339.0,"96964, 25867, None, None",,,Angular,0.0
2300540312,JeanMeche,refactor(core): `stream` & `loader` are mutually exclusive for `resource`,closed,2025-01-27 18:16:05+00:00,,2025-02-04 17:46:16+00:00,area: core,main,resource/exclusive-stream-loader,,0.0,0.0,,0.0,0.0,alxhub,,False,,24195339.0,"96964, 25867, None, None",,,Angular,0.0
2300425391,andrewseguin,docs: add drag and drop guide,open,2025-01-27 17:19:26+00:00,,,"area: docs, adev: preview",main,dnd-docs,,0.0,0.0,,0.0,0.0,pkozlowski-opensource,,False,,24195339.0,"96964, 25867, None, None",,,Angular,0.0
2300172058,pkozlowski-opensource,PR 59678 for 19.1.x,closed,2025-01-27 15:24:23+00:00,,2025-01-27 15:49:53+00:00,"action: merge, area: core, target: patch",19.1.x,pr_59678_19_1,,0.0,0.0,,0.0,0.0,,,False,,24195339.0,"96964, 25867, None, None",,,Angular,0.0
2300137747,hawkgs,docs(docs-infra): fix header layout for tablets,closed,2025-01-27 15:08:53+00:00,,2025-01-27 16:07:58+00:00,"action: merge, target: patch, area: docs-infra, area: docs",main,docs/fix-header-for-tablet,,0.0,0.0,,0.0,0.0,,,False,,24195339.0,"96964, 25867, None, None",,,Angular,0.0
2299945827,hawkgs,docs: fix AnimationGroupMetadata description,open,2025-01-27 13:42:03+00:00,,,"merge: caretaker note, area: docs",main,docs/anim-group-metadata-description-fix,,0.0,0.0,,0.0,0.0,alxhub,,False,,24195339.0,"96964, 25867, None, None",,,Angular,0.0
2299748168,arturovt,refactor(docs-infra): allow home animation to be cleaned up properly,closed,2025-01-27 12:07:45+00:00,,2025-02-03 21:52:20+00:00,"action: merge, target: patch, area: docs-infra, adev: preview",main,refactor/docs-homeAnimationDispose,,0.0,0.0,,0.0,0.0,,,False,,24195339.0,"96964, 25867, None, None",,,Angular,0.0
2299420483,alan-agius4,fix(platform-browser): prepend `baseHref` to `sourceMappingURL` in CSS content,closed,2025-01-27 09:23:01+00:00,,2025-01-29 16:44:23+00:00,"action: merge, area: core, target: patch, core: stylesheets",main,css-sourcemap-external,,0.0,0.0,,0.0,0.0,,,False,,24195339.0,"96964, 25867, None, None",,,Angular,0.0
2299138805,JeanMeche,docs(docs-infra): remove non-necessary files from playground zip.,closed,2025-01-27 06:12:09+00:00,,2025-01-28 19:34:26+00:00,"action: merge, target: patch, area: docs-infra, area: docs, adev: preview",main,docs/zip-files,,0.0,0.0,,0.0,0.0,,,False,,24195339.0,"96964, 25867, None, None",,,Angular,0.0
2298770728,JeanMeche,docs(docs-infra): Remove leading path from zipped files.,closed,2025-01-26 19:15:38+00:00,,2025-01-28 19:33:25+00:00,"action: merge, target: patch, area: docs-infra, area: docs, adev: preview",main,docs/zip-path,,0.0,0.0,,0.0,0.0,,,False,,24195339.0,"96964, 25867, None, None",,,Angular,0.0
2298705453,wi-phy,docs: fix typo in signals-interop.md,closed,2025-01-26 16:42:55+00:00,,2025-01-27 08:55:48+00:00,"action: merge, target: patch, area: docs",main,patch-1,,0.0,0.0,,0.0,0.0,,,False,,24195339.0,"96964, 25867, None, None",,,Angular,0.0
2298705048,arturovt,fix(core): release `hasPendingTasks` observers,open,2025-01-26 16:41:52+00:00,,,area: core,main,fix/core-hasPendingTasks-unsubscribe,,0.0,0.0,,0.0,0.0,alxhub,,False,,24195339.0,"96964, 25867, None, None",,,Angular,0.0
2298432403,shaymolcho,Added missing periods and colons for consistency,closed,2025-01-26 05:55:34+00:00,,2025-01-27 13:28:46+00:00,area: docs,main,main,,0.0,0.0,,0.0,0.0,devversion,,False,,24195339.0,"96964, 25867, None, None",,,Angular,0.0
2298291419,arturovt,fix(core): check whether application is destroyed before printing hydration stats,closed,2025-01-25 20:28:09+00:00,,2025-01-29 16:43:37+00:00,"action: merge, area: core, target: patch",main,fix/core-check-appRef-destroyed-before-hydration-stats,,0.0,0.0,,0.0,0.0,,,False,,24195339.0,"96964, 25867, None, None",,,Angular,0.0
2298214000,arturovt,refactor(common): drop platform check in `PreconnectLinkChecker`,closed,2025-01-25 16:33:45+00:00,,2025-01-27 16:22:46+00:00,"action: merge, area: common, target: patch",main,refactor/common-PreconnectLinkChecker,,0.0,0.0,,0.0,0.0,,,False,,24195339.0,"96964, 25867, None, None",,,Angular,0.0
2298063347,json-derulo,fix(core): use custom data attribute as identifyer for test components,open,2025-01-25 09:19:47+00:00,,,area: core,main,test-element-id,,0.0,0.0,,0.0,0.0,thePunderWoman,,False,,24195339.0,"96964, 25867, None, None",,,Angular,0.0
2298027390,crisbeto,docs: add template string to supported literals,closed,2025-01-25 08:03:00+00:00,,2025-01-27 08:26:16+00:00,"action: merge, target: minor, area: docs, adev: preview",main,template-literal-doc,,0.0,0.0,,0.0,0.0,,,False,,24195339.0,"96964, 25867, None, None",,,Angular,0.0
2297559705,andrewseguin,docs: fix broken material.angular.io test harness links,closed,2025-01-24 20:19:42+00:00,,2025-01-27 09:22:52+00:00,"action: merge, target: patch, area: docs",main,harness-docs-links,,0.0,0.0,,0.0,0.0,,,False,,24195339.0,"96964, 25867, None, None",,,Angular,0.0
2297328407,alxhub,Resource fixes,closed,2025-01-24 18:00:46+00:00,,2025-01-28 08:40:31+00:00,"action: merge, area: core, target: minor",main,experimental/resource/fix-initial-state,,0.0,0.0,,0.0,0.0,,,False,,24195339.0,"96964, 25867, None, None",,,Angular,0.0
2297116473,angular-robot,docs: update Angular CLI help [19.1.x],closed,2025-01-24 16:16:09+00:00,,2025-01-24 19:42:33+00:00,"action: merge, target: patch, merge: caretaker note, area: docs",19.1.x,update-cli-help-angular-angular-19.1.x-c2a0131ae73cac70fea46dac4279cac334e6bb2276f807a54e333a40ef701d34,,0.0,0.0,,0.0,0.0,"kirjs, kirjs",,False,,24195339.0,"96964, 25867, None, None",,,Angular,0.0
2297026214,arturovt,refactor(common): drop `ngIf` assert template error in production,open,2025-01-24 15:27:02+00:00,,,"action: review, area: common, target: patch, action: presubmit",main,refactor/common-drop-ngif-error-message,,0.0,0.0,,0.0,0.0,"alxhub, pkozlowski-opensource, atscott",,False,,24195339.0,"96964, 25867, None, None",,,Angular,0.0
2296943341,arturovt,refactor(router): remove unused code,closed,2025-01-24 14:44:28+00:00,,2025-01-28 08:38:36+00:00,"action: merge, area: router, target: patch",main,refactor/router-testing-module-drop-unused-code,,0.0,0.0,,0.0,0.0,,,False,,24195339.0,"96964, 25867, None, None",,,Angular,0.0
2296936996,arturovt,fix(common): clean up `urlChanges` subscribers when root scope is destroyed,open,2025-01-24 14:41:04+00:00,,,"action: cleanup, area: common, target: patch",main,fix/common-upgrade-location-shim-complete-urlChanges,,0.0,0.0,,0.0,0.0,,,False,,24195339.0,"96964, 25867, None, None",,,Angular,0.0
2296776401,arturovt,refactor(service-worker): drop error messages in production,open,2025-01-24 13:18:20+00:00,,,area: service-worker,main,refactor/service-worker-drop-error-messages,,0.0,0.0,,0.0,0.0,pkozlowski-opensource,,False,,24195339.0,"96964, 25867, None, None",,,Angular,0.0
2296586832,crisbeto,fix(core): ensure type is preserved during HMR,closed,2025-01-24 11:40:01+00:00,,2025-01-24 16:17:01+00:00,"action: merge, area: core, target: patch",main,hmr-type,,0.0,0.0,,0.0,0.0,,,False,,24195339.0,"96964, 25867, None, None",,,Angular,0.0
2296465947,angular-robot,docs: update Angular CLI help [main],closed,2025-01-24 10:30:05+00:00,,2025-01-24 11:31:38+00:00,"action: merge, target: minor, area: docs",main,update-cli-help-angular-angular-main-a1f8e3fe19f99028d6d6ef80681e7efd069adcf9d8cba3f456f1e92b5a0b533c,,0.0,0.0,,0.0,0.0,,,False,,24195339.0,"96964, 25867, None, None",,,Angular,0.0
2296443538,arturovt,refactor(common): simplify null/undefined check in `keyvalue` pipe,closed,2025-01-24 10:18:05+00:00,,2025-01-24 11:45:09+00:00,"action: merge, area: common, target: patch",main,refactor/common-keyvalue-null-undefined,,0.0,0.0,,0.0,0.0,,,False,,24195339.0,"96964, 25867, None, None",,,Angular,0.0
2296309384,pkozlowski-opensource,refactor(core): reuse directive instantiate logic (#59633),closed,2025-01-24 09:09:31+00:00,,2025-01-24 10:00:55+00:00,"action: merge, area: core, target: patch",19.1.x,runtime_refactors_patch,,0.0,0.0,,0.0,0.0,,,False,,24195339.0,"96964, 25867, None, None",,,Angular,0.0
2296267597,crisbeto,fix(core): avoid confusion between let value and internal data structures,open,2025-01-24 08:44:12+00:00,,,"action: review, area: core, target: patch",main,59504/let-container,,0.0,0.0,,0.0,0.0,pkozlowski-opensource,,False,,24195339.0,"96964, 25867, None, None",,,Angular,0.0
2296211202,pkozlowski-opensource,test: update golden files,closed,2025-01-24 08:08:55+00:00,,2025-01-24 08:28:01+00:00,"action: merge, target: patch",19.1.x,19_1_build_symbols,,0.0,0.0,,0.0,0.0,,,False,,24195339.0,"96964, 25867, None, None",,,Angular,0.0
2295635559,seabasso,fix(platform-browser): Update pseudoevent created by createMouseSpecialEvent to populate `_originalEvent` property,closed,2025-01-23 23:45:46+00:00,,2025-01-27 09:29:04+00:00,"action: merge, area: core, target: patch, merge: squash commits, requires: TGP",main,events,,0.0,0.0,,0.0,0.0,,,False,,24195339.0,"96964, 25867, None, None",,,Angular,0.0
2295523109,atscott,Add some notes to zoneless docs to address some issues,open,2025-01-23 22:24:19+00:00,,,"target: patch, area: docs, core: zoneless",main,zonelessdocs2,,0.0,0.0,,0.0,0.0,alxhub,,False,,24195339.0,"96964, 25867, None, None",,,Angular,0.0
2295502062,seabasso,fix(platform-browser): Update pseudoevent created by createMouseSpecialEvent to populate `_originalEvent` property,closed,2025-01-23 22:10:37+00:00,,2025-01-23 23:38:16+00:00,requires: TGP,main,main,,0.0,0.0,,0.0,0.0,alxhub,,False,,24195339.0,"96964, 25867, None, None",,,Angular,0.0
2295369190,LuxDie,docs: replace word in using-component-harnesses.md,closed,2025-01-23 20:52:06+00:00,,2025-01-24 10:29:22+00:00,"action: merge, target: patch, area: docs",main,patch-3,,0.0,0.0,,0.0,0.0,,,False,,24195339.0,"96964, 25867, None, None",,,Angular,0.0
2295246709,dgp1130,docs: sort `application` and `browser-esbuild` builders first,closed,2025-01-23 19:31:39+00:00,,2025-01-23 22:27:55+00:00,"action: merge, target: patch, area: docs",main,builder-reorder,,0.0,0.0,,0.0,0.0,,,False,,24195339.0,"96964, 25867, None, None",,,Angular,0.0
2295202824,pkozlowski-opensource,refactor(core): reuse host directive resolution logic,closed,2025-01-23 19:03:35+00:00,,2025-01-28 10:31:33+00:00,"action: merge, area: core, target: patch",main,runtime_refactor_directives_matching,,0.0,0.0,,0.0,0.0,,,False,,24195339.0,"96964, 25867, None, None",,,Angular,0.0
2295076362,arturovt,refactor(common): inline supports check in `slice` pipe,open,2025-01-23 17:54:10+00:00,,,area: common,main,refactor/common-slice-pipe-supports,,0.0,0.0,,0.0,0.0,crisbeto,,False,,24195339.0,"96964, 25867, None, None",,,Angular,0.0
2294802053,arturovt,refactor(docs-infra): allow home to be cleaned up,closed,2025-01-23 15:41:30+00:00,,2025-01-27 09:27:23+00:00,"action: merge, target: patch, area: docs-infra, adev: preview",main,refactor/docs-infra-home-component,,0.0,0.0,,0.0,0.0,,,False,,24195339.0,"96964, 25867, None, None",,,Angular,0.0
2294351988,LuxDie,docs: add missing word on components-scenarios.md,closed,2025-01-23 12:12:38+00:00,,2025-01-23 22:26:27+00:00,"action: merge, target: patch, area: docs",main,patch-1,,0.0,0.0,,0.0,0.0,,,False,,24195339.0,"96964, 25867, None, None",,,Angular,0.0
2294347952,LuxDie,Add missing word in components-scenarios.md,closed,2025-01-23 12:10:32+00:00,,2025-01-23 22:25:53+00:00,"action: merge, target: patch, area: docs",main,patch-2,,0.0,0.0,,0.0,0.0,,,False,,24195339.0,"96964, 25867, None, None",,,Angular,0.0
2294278185,cexbrayat,refactor(core): remove unused `APP_EFFECT_SCHEDULER` in effect code,open,2025-01-23 11:33:03+00:00,,,area: core,main,refactor/unused-effect-code,,0.0,0.0,,0.0,0.0,alxhub,,False,,24195339.0,"96964, 25867, None, None",,,Angular,0.0
2294269883,pkozlowski-opensource,refactor(core): simplify attributes extraction logic for ComponentRef,closed,2025-01-23 11:28:29+00:00,,2025-01-27 12:15:24+00:00,"action: merge, area: core, target: minor",main,runtime_refactor_component_ref_selectors_and_lifecycle,,0.0,0.0,,0.0,0.0,,,False,,24195339.0,"96964, 25867, None, None",,,Angular,0.0
2293078931,arturovt,refactor(docs-infra): prevent leak in tutorial component,closed,2025-01-22 20:52:33+00:00,,2025-01-27 09:26:39+00:00,"action: merge, target: patch, area: docs-infra, adev: preview",main,refactor/docs-infra-tutorial-load-editor,,0.0,0.0,,0.0,0.0,,,False,,24195339.0,"96964, 25867, None, None",,,Angular,0.0
2293077644,thePunderWoman,fix(core): fixes test timer-based test flakiness in CI,closed,2025-01-22 20:51:36+00:00,,2025-01-22 21:27:09+00:00,"action: merge, area: core, target: patch",main,flakey-test,,0.0,0.0,,0.0,0.0,,,False,,24195339.0,"96964, 25867, None, None",,,Angular,0.0
2292985432,AndrewKushnir,"Bump version to ""v19.2.0-next.0"" with changelog.",closed,2025-01-22 19:48:56+00:00,2025-01-22 19:49:18+00:00,2025-01-22 19:49:18+00:00,"action: merge, PullApprove: disable",main,release-stage-19.2.0-next.0,,0.0,0.0,,0.0,0.0,,,False,,24195339.0,"96964, 25867, None, None",,,Angular,0.0
2292977296,AndrewKushnir,docs: release notes for the v19.1.3 release,closed,2025-01-22 19:43:18+00:00,2025-01-22 19:43:44+00:00,2025-01-22 19:43:44+00:00,"action: merge, PullApprove: disable, area: docs",main,changelog-cherry-pick-19.1.3,,0.0,0.0,,0.0,0.0,,,False,,24195339.0,"96964, 25867, None, None",,,Angular,0.0
2292973480,AndrewKushnir,"Bump version to ""v19.1.3"" with changelog.",closed,2025-01-22 19:40:37+00:00,2025-01-22 19:41:17+00:00,2025-01-22 19:41:17+00:00,"action: merge, PullApprove: disable",19.1.x,release-stage-19.1.3,,0.0,0.0,,0.0,0.0,,,False,,24195339.0,"96964, 25867, None, None",,,Angular,0.0
2292845554,angular-robot,build: update cross-repo angular dependencies,closed,2025-01-22 18:22:13+00:00,,2025-01-28 17:51:03+00:00,"action: merge, area: build & ci, target: patch, merge: caretaker note",main,ng-renovate/cross-repo-angular-dependencies,,0.0,0.0,,0.0,0.0,,,False,,24195339.0,"96964, 25867, None, None",,,Angular,0.0
2292767567,arturovt,refactor(core): re-use `isDetachedByI18n`,closed,2025-01-22 17:34:48+00:00,,2025-01-24 16:15:21+00:00,"action: merge, area: core, target: patch",main,refactor/core-reuse-isDetachedByI18n,,0.0,0.0,,0.0,0.0,,,False,,24195339.0,"96964, 25867, None, None",,,Angular,0.0
2292161890,thesmiler,docs: add Bluesky links,closed,2025-01-22 12:43:12+00:00,,2025-01-22 15:58:18+00:00,"action: merge, target: patch, area: docs, adev: preview",main,bluesky-links,,0.0,0.0,,0.0,0.0,,,False,,24195339.0,"96964, 25867, None, None",,,Angular,0.0
2291933983,pkozlowski-opensource,"Revert ""refactor(core): reuse directive instantiate logic (#59633)""",closed,2025-01-22 10:46:36+00:00,,2025-01-22 11:19:19+00:00,"action: merge, merge: caretaker note, target: minor",main,runtime_refactor_revert,,0.0,0.0,,0.0,0.0,,,False,,24195339.0,"96964, 25867, None, None",,,Angular,0.0
2291923783,crisbeto,fix(core): refresh the page if there's an error during HMR,closed,2025-01-22 10:42:24+00:00,,2025-02-04 22:00:53+00:00,"action: review, area: core, target: patch",main,hmr-refresh-on-error,,0.0,0.0,,0.0,0.0,clydin,,False,,24195339.0,"96964, 25867, None, None",,,Angular,0.0
2291828228,crisbeto,fix(migrations): avoid applying the same replacements twice when cleaning up unused imports,closed,2025-01-22 09:56:10+00:00,,2025-01-22 15:57:42+00:00,"action: merge, target: patch, area: migrations",main,dedupe-unused-diags,,0.0,0.0,,0.0,0.0,,,False,,24195339.0,"96964, 25867, None, None",,,Angular,0.0
2290881414,alxhub,feat(core): support default value in `resource()`,closed,2025-01-21 21:29:51+00:00,,2025-01-24 12:39:05+00:00,"action: merge, area: core, target: minor, detected: feature",main,experimental/resource/default-value,,0.0,0.0,,0.0,0.0,,,False,,24195339.0,"96964, 25867, None, None",,,Angular,0.0
2290826280,aaditree,docs: Add link to Language Service page from the Installation page,closed,2025-01-21 20:52:57+00:00,,2025-01-27 09:25:24+00:00,"action: merge, cla: yes, target: patch, area: docs, adev: preview",main,ajaisswal/docs/add_language_service_to_installation_page,,0.0,0.0,,0.0,0.0,,,False,,24195339.0,"96964, 25867, None, None",,,Angular,0.0
2290801221,AndrewKushnir,test(zone.js): reduce flakiness of a timer-related test,closed,2025-01-21 20:36:28+00:00,,2025-01-21 21:20:27+00:00,"action: merge, area: zones, target: patch, PullApprove: disable",main,fix_zonejs_test_flakes,,0.0,0.0,,0.0,0.0,,,False,,24195339.0,"96964, 25867, None, None",,,Angular,0.0
2290189273,angelaki,Default type `T` for InputFunction's `TransformT`,closed,2025-01-21 14:52:26+00:00,,2025-01-22 16:23:52+00:00,,main,DefaultTransform,,0.0,0.0,,0.0,0.0,"JoostK, crisbeto",,False,,24195339.0,"96964, 25867, None, None",,,Angular,0.0
2289617959,alan-agius4,refactor(compiler-cli): eliminate `new URL` from HMR initializer,closed,2025-01-21 10:49:20+00:00,,2025-01-21 10:54:14+00:00,"action: review, target: patch, area: compiler, core: hot module replacement (HMR)",main,hmr-init,,0.0,0.0,,0.0,0.0,crisbeto,,False,,24195339.0,"96964, 25867, None, None",,,Angular,0.0
2289497251,crisbeto,HMR-related fixes,closed,2025-01-21 10:02:21+00:00,,2025-01-21 17:50:30+00:00,"action: merge, area: core, target: patch, merge: caretaker note, area: compiler",main,more-hmr-fixes,,0.0,0.0,,0.0,0.0,,,False,,24195339.0,"96964, 25867, None, None",,,Angular,0.0
2289160623,JeanMeche,docs(docs-infra): bump tutorials to 19.1,closed,2025-01-21 07:38:05+00:00,,2025-01-24 19:43:17+00:00,"action: merge, target: minor, area: docs-infra, area: docs, adev: preview",main,docs/tutorial-191,,0.0,0.0,,0.0,0.0,,,False,,24195339.0,"96964, 25867, None, None",,,Angular,0.0
2289050583,angular-robot,build: update all non-major dependencies,closed,2025-01-21 06:21:28+00:00,,2025-02-14 18:39:12+00:00,"action: merge, area: build & ci, target: patch",main,ng-renovate/all-non-major-dependencies,,0.0,0.0,,0.0,0.0,,,False,,24195339.0,"96964, 25867, None, None",,,Angular,0.0
2288469513,clydin,fix(compiler-cli): handle conditional expressions when extracting dependencies,closed,2025-01-20 19:27:58+00:00,,2025-01-21 18:47:47+00:00,"action: merge, target: patch, area: compiler",main,hmr/capture-conditional-expressions,,0.0,0.0,,0.0,0.0,,,False,,24195339.0,"96964, 25867, None, None",,,Angular,0.0
2288446103,contesa737,Update README.md,closed,2025-01-20 19:06:59+00:00,,2025-01-20 19:08:13+00:00,,main,contesa737-patch-1,,0.0,0.0,,0.0,0.0,devversion,,False,,24195339.0,"96964, 25867, None, None",,,Angular,0.0
2288444948,arturovt,fix(core): prevent stash listener conflicts,open,2025-01-20 19:06:00+00:00,,,area: core,main,fix/core-stash-conflicts,,0.0,0.0,,0.0,0.0,,,False,,24195339.0,"96964, 25867, None, None",,,Angular,0.0
2288337051,pkozlowski-opensource,Runtime refactor component ref directives,closed,2025-01-20 17:43:35+00:00,,2025-01-22 21:27:51+00:00,"action: merge, area: core, target: minor",main,runtime_refactor_component_ref_directives,,0.0,0.0,,0.0,0.0,,,False,,24195339.0,"96964, 25867, None, None",,,Angular,0.0
2287907435,pkozlowski-opensource,Runtime refactor component ref component view,closed,2025-01-20 15:16:28+00:00,,2025-01-21 09:53:40+00:00,area: core,main,runtime_refactor_component_ref_component_view,,0.0,0.0,,0.0,0.0,,,True,,24195339.0,"96964, 25867, None, None",,,Angular,0.0
2287758941,pkozlowski-opensource,docs: release notes for the v19.1.2 release,closed,2025-01-20 14:12:40+00:00,2025-01-20 14:14:49+00:00,2025-01-20 14:14:49+00:00,"action: merge, PullApprove: disable, area: docs",main,changelog-cherry-pick-19.1.2,,0.0,0.0,,0.0,0.0,,,False,,24195339.0,"96964, 25867, None, None",,,Angular,0.0
2287753502,pkozlowski-opensource,"Bump version to ""v19.1.2"" with changelog.",closed,2025-01-20 14:10:04+00:00,2025-01-20 14:10:32+00:00,2025-01-20 14:10:32+00:00,"action: merge, PullApprove: disable",19.1.x,release-stage-19.1.2,,0.0,0.0,,0.0,0.0,,,False,,24195339.0,"96964, 25867, None, None",,,Angular,0.0
2287692604,hawkgs,fix(devtools): increase font size and fix search border color in dark mode,open,2025-01-20 13:40:54+00:00,,,area: devtools,main,devtools/search-improvements,,0.0,0.0,,0.0,0.0,AleksanderBodurri,,False,,24195339.0,"96964, 25867, None, None",,,Angular,0.0
2287481712,hawkgs,refactor(devtools): select the root element by default,closed,2025-01-20 11:58:24+00:00,,2025-01-22 21:34:43+00:00,"action: merge, target: patch, area: devtools",main,devtools/select-root-by-default,,0.0,0.0,,0.0,0.0,,,False,,24195339.0,"96964, 25867, None, None",,,Angular,0.0
2287433563,crisbeto,fix(core): skip component ID collision warning during SSR,closed,2025-01-20 11:33:30+00:00,,2025-01-21 17:56:55+00:00,"action: merge, area: core, target: patch",main,ssr-warning,,0.0,0.0,,0.0,0.0,,,False,,24195339.0,"96964, 25867, None, None",,,Angular,0.0
2287110794,angular-robot,build: update dependency shiki to v2,closed,2025-01-20 09:11:53+00:00,,2025-01-21 17:12:05+00:00,"action: merge, area: build & ci, target: patch, adev: preview",main,ng-renovate/shiki-2-x,,0.0,0.0,,0.0,0.0,,,False,,24195339.0,"96964, 25867, None, None",,,Angular,0.0
2286989481,angular-robot,build: lock file maintenance,closed,2025-01-20 08:13:53+00:00,,2025-01-29 16:49:50+00:00,"area: build & ci, action: review, target: patch, PullApprove: disable",main,ng-renovate/lock-file-maintenance,,0.0,0.0,,0.0,0.0,josephperrott,,False,,24195339.0,"96964, 25867, None, None",,,Angular,0.0
2286909013,alan-agius4,fix(compiler): update `@ng/component` URL to be relative,closed,2025-01-20 07:36:05+00:00,,2025-01-20 08:10:16+00:00,"action: merge, target: patch, area: compiler, core: hot module replacement (HMR)",main,hmr-url,,0.0,0.0,,0.0,0.0,,,False,,24195339.0,"96964, 25867, None, None",,,Angular,0.0
2286646262,vladboisa,docs(docs-infra): add comparing section of for control-flow,open,2025-01-20 04:25:02+00:00,,,"PullApprove: disable, area: docs-infra, area: docs, adev: preview",main,fix_for,,0.0,0.0,,0.0,0.0,"thePunderWoman, JeanMeche",,False,,24195339.0,"96964, 25867, None, None",,,Angular,0.0
2286308763,arturovt,refactor(core): prevent duplicating `isRootView` checks,closed,2025-01-19 17:54:59+00:00,,2025-01-22 20:30:29+00:00,"action: merge, area: core, target: patch",main,refactor/core-root-view-checks,,0.0,0.0,,0.0,0.0,,,False,,24195339.0,"96964, 25867, None, None",,,Angular,0.0
2286191210,ChristopherPHolder,docs: reduce cost of reflow,closed,2025-01-19 12:45:51+00:00,,2025-02-02 21:13:52+00:00,"area: docs, adev: preview",main,reduce-example-viewer-reflow-cost,,0.0,0.0,,0.0,0.0,pkozlowski-opensource,,False,,24195339.0,"96964, 25867, None, None",,,Angular,0.0
2286139672,arturovt,refactor(core): prevent duplicating `componentOffset` checks,closed,2025-01-19 10:12:07+00:00,,2025-01-23 22:23:32+00:00,"action: merge, area: core, target: patch",main,refactor/core-componentOffset-duplicate,,0.0,0.0,,0.0,0.0,,,False,,24195339.0,"96964, 25867, None, None",,,Angular,0.0
2285723683,arturovt,refactor(core): access `firstChild` through constant,closed,2025-01-18 16:03:37+00:00,,2025-01-19 10:05:51+00:00,area: core,main,refactor/core-access-firstchild,,0.0,0.0,,0.0,0.0,"alxhub, jelbourn, josephperrott, pkozlowski-opensource",,False,,24195339.0,"96964, 25867, None, None",,,Angular,0.0
2284780249,pkozlowski-opensource,Runtime refactor component ref followup,closed,2025-01-17 17:41:35+00:00,,2025-01-21 18:48:47+00:00,"action: merge, area: core, target: patch",main,runtime_refactor_component_ref_followup,,0.0,0.0,,0.0,0.0,,,False,,24195339.0,"96964, 25867, None, None",,,Angular,0.0
2284723810,mturco,feat(core): pass signal node to throwInvalidWriteToSignalErrorFn,closed,2025-01-17 17:05:57+00:00,,2025-02-13 17:56:16+00:00,"action: merge, area: core, merge: caretaker note, target: minor, detected: feature, requires: TGP",main,pass-node-to-write-errors,,0.0,0.0,,0.0,0.0,,,False,,24195339.0,"96964, 25867, None, None",,,Angular,0.0
2284516161,pkozlowski-opensource,Linked signal shared with refactor,closed,2025-01-17 15:05:20+00:00,,2025-01-22 20:29:41+00:00,"action: merge, area: core, target: patch",main,linked_signal_shared_with_refactor,,0.0,0.0,,0.0,0.0,,,False,,24195339.0,"96964, 25867, None, None",,,Angular,0.0
2284483855,arturovt,fix(core): cleanup stash listener when app is destroyed,closed,2025-01-17 14:50:26+00:00,,2025-01-17 18:00:59+00:00,"action: merge, area: core, target: patch",main,fix/core-cleanup-stashfn,,0.0,0.0,,0.0,0.0,,,False,,24195339.0,"96964, 25867, None, None",,,Angular,0.0
2284430908,crisbeto,fix(core): handle shadow DOM encapsulated component with HMR,closed,2025-01-17 14:22:10+00:00,,2025-01-20 08:54:02+00:00,"action: merge, area: core, target: patch",main,59588/hmr-shadow-dom,,0.0,0.0,,0.0,0.0,,,False,,24195339.0,"96964, 25867, None, None",,,Angular,0.0
2284291542,crisbeto,fix(core): HMR not matching component that injects ViewContainerRef,closed,2025-01-17 13:08:16+00:00,,2025-01-20 07:57:20+00:00,"action: merge, area: core, target: patch",main,59592/vcr-hmr,,0.0,0.0,,0.0,0.0,,,False,,24195339.0,"96964, 25867, None, None",,,Angular,0.0
2284240246,crisbeto,fix(compiler-cli): disable tree shaking during HMR,closed,2025-01-17 12:38:14+00:00,,2025-01-20 07:59:32+00:00,"action: merge, target: patch, area: compiler",main,59581/hmr-tree-shaking,,0.0,0.0,,0.0,0.0,,,False,,24195339.0,"96964, 25867, None, None",,,Angular,0.0
2284051198,crisbeto,fix(core): preserve dependencies when replacing metadata,closed,2025-01-17 10:59:54+00:00,,2025-01-17 11:47:11+00:00,"action: review, area: core, target: patch",main,59581/copy-deps,,0.0,0.0,,0.0,0.0,,,False,,24195339.0,"96964, 25867, None, None",,,Angular,0.0
2283960758,crisbeto,fix(compiler-cli): preserve all HMR dependencies,closed,2025-01-17 10:19:57+00:00,,2025-01-17 10:51:51+00:00,"action: review, target: patch, area: compiler",main,59581/hmr-deps,,0.0,0.0,,0.0,0.0,,,True,,24195339.0,"96964, 25867, None, None",,,Angular,0.0
2283919884,hawkgs,refactor(devtools): styles management,closed,2025-01-17 09:58:27+00:00,,2025-02-12 18:47:06+00:00,"action: merge, target: minor, area: devtools",main,devtools/refactor-styles,,0.0,0.0,,0.0,0.0,,,False,,24195339.0,"96964, 25867, None, None",,,Angular,0.0
2283537579,AndrewKushnir,test(platform-server): fix flaky incremental hydration test,closed,2025-01-17 05:27:41+00:00,,2025-01-17 09:45:40+00:00,"action: merge, area: testing, area: server, target: patch",main,fix_flaky_inc_hydration_test,,0.0,0.0,,0.0,0.0,,,False,,24195339.0,"96964, 25867, None, None",,,Angular,0.0
2283532762,Mukhammadullo,Update installation.md,closed,2025-01-17 05:22:36+00:00,,2025-01-17 15:21:52+00:00,,main,patch-1,,0.0,0.0,,0.0,0.0,kirjs,,False,,24195339.0,"96964, 25867, None, None",,,Angular,0.0
2283244887,AndrewKushnir,test(platform-server): fix flaky hydration test,closed,2025-01-17 02:15:01+00:00,,2025-01-17 09:30:54+00:00,"action: merge, area: testing, area: server, target: patch",main,fix_flaky_hydration_test,,0.0,0.0,,0.0,0.0,,,False,,24195339.0,"96964, 25867, None, None",,,Angular,0.0
2283030067,atscott,fix(zone.js): `discardPeriodicTasks` should remove periodic tasks fro…,closed,2025-01-16 23:59:25+00:00,,2025-01-22 00:16:48+00:00,"area: zones, target: patch",main,discardperiodicfix,,0.0,0.0,,0.0,0.0,JiaLiPassion,,False,,24195339.0,"96964, 25867, None, None",,,Angular,0.0
2282870158,JeanMeche,feat(compiler): Add Skip Hydration diagnostic.,open,2025-01-16 22:07:54+00:00,,,"action: merge, area: compiler, target: minor, detected: feature",main,skip-hydration-diagnostic,,0.0,0.0,,0.0,0.0,,,False,,24195339.0,"96964, 25867, None, None",,,Angular,0.0
2282733389,arturovt,fix(common): abort HTTP requests once application is destroyed,open,2025-01-16 20:44:58+00:00,,,area: common,main,fix/common-fetch-abort-requests-after-destroy,,0.0,0.0,,0.0,0.0,"pkozlowski-opensource, alxhub, kirjs",,False,,24195339.0,"96964, 25867, None, None",,,Angular,0.0
2282510834,crisbeto,fix(core): animation sometimes renderer not being destroyed during HMR,closed,2025-01-16 18:42:12+00:00,,2025-01-16 19:36:45+00:00,"action: merge, area: core, target: patch",main,hmr-animations-again,,0.0,0.0,,0.0,0.0,,,False,,24195339.0,"96964, 25867, None, None",,,Angular,0.0
2282497629,alxhub,feat(core): support multiple responses in resource(),closed,2025-01-16 18:36:10+00:00,,2025-01-21 17:55:34+00:00,"action: merge, area: core, target: minor, detected: feature, adev: preview",main,experimental/resource/set-error-streaming,,0.0,0.0,,0.0,0.0,,,False,,24195339.0,"96964, 25867, None, None",,,Angular,0.0
2282344548,pkozlowski-opensource,refactor(core): reuse setupStaticAttributes in ComponentRef,closed,2025-01-16 17:04:07+00:00,,2025-01-17 18:00:02+00:00,"action: merge, area: core, target: patch, merge: caretaker note",main,runtime_refactor_component_ref_attrs,,0.0,0.0,,0.0,0.0,,,False,,24195339.0,"96964, 25867, None, None",,,Angular,0.0
2282241359,angular-robot,build: update cross-repo angular dependencies to v19.2.0-next.0,closed,2025-01-16 16:13:08+00:00,,2025-01-16 18:40:04+00:00,"action: merge, area: build & ci, target: patch",main,ng-renovate/cross-repo-angular-dependencies,,0.0,0.0,,0.0,0.0,kirjs,,False,,24195339.0,"96964, 25867, None, None",,,Angular,0.0
2281940417,mattjanssen,docs(router): Fix small grammatical errors,closed,2025-01-16 13:57:42+00:00,,2025-01-17 21:21:29+00:00,"action: merge, area: router, target: patch, merge: caretaker note, area: docs",main,patch-1,,0.0,0.0,,0.0,0.0,,,False,,24195339.0,"96964, 25867, None, None",,,Angular,0.0
2281885812,jeripeierSBB,feat(router): support custom elements for RouterLink,open,2025-01-16 13:32:48+00:00,,,"area: router, detected: feature",main,routerlink-for-custom-elements,,0.0,0.0,,0.0,0.0,crisbeto,,False,,24195339.0,"96964, 25867, None, None",,,Angular,0.0
2281684383,pkozlowski-opensource,docs: release notes for the v19.1.1 release,closed,2025-01-16 12:18:53+00:00,2025-01-16 12:19:36+00:00,2025-01-16 12:19:36+00:00,"action: merge, PullApprove: disable, area: docs",main,changelog-cherry-pick-19.1.1,,0.0,0.0,,0.0,0.0,,,False,,24195339.0,"96964, 25867, None, None",,,Angular,0.0
2281673066,pkozlowski-opensource,"Bump version to ""v19.1.1"" with changelog.",closed,2025-01-16 12:14:18+00:00,2025-01-16 12:16:48+00:00,2025-01-16 12:16:48+00:00,"action: merge, PullApprove: disable",19.1.x,release-stage-19.1.1,,0.0,0.0,,0.0,0.0,,,False,,24195339.0,"96964, 25867, None, None",,,Angular,0.0
2281536838,wartab,refactor(core): Make unsupported styling type error message clearer,open,2025-01-16 11:07:29+00:00,,,area: core,main,unsupported-styling-type-error,,0.0,0.0,,0.0,0.0,alxhub,,False,,24195339.0,"96964, 25867, None, None",,,Angular,0.0
2281477526,crisbeto,fix(core): run HMR replacement in the zone,closed,2025-01-16 10:40:50+00:00,,2025-01-16 11:37:00+00:00,"action: merge, area: core, target: patch",main,59559/hmr-zone,,0.0,0.0,,0.0,0.0,,,False,,24195339.0,"96964, 25867, None, None",,,Angular,0.0
2281380191,pkozlowski-opensource,test(devtools): disable flaky highlighter test,closed,2025-01-16 09:58:47+00:00,,2025-01-16 11:19:47+00:00,"action: merge, target: patch, area: devtools",main,devtools_flaky_highlighter,,0.0,0.0,,0.0,0.0,,,False,,24195339.0,"96964, 25867, None, None",,,Angular,0.0
2281278198,crisbeto,fix(platform-browser): roll back HMR fix,closed,2025-01-16 09:13:53+00:00,,2025-01-16 11:27:54+00:00,"action: merge, area: core, target: patch",main,hmr-regression,,0.0,0.0,,0.0,0.0,,,False,,24195339.0,"96964, 25867, None, None",,,Angular,0.0
2280807696,sheikalthaf,refactor(devtools): mark devtools components onpush,open,2025-01-16 03:26:29+00:00,,,area: devtools,main,devtools-onpush,,0.0,0.0,,0.0,0.0,AleksanderBodurri,,False,,24195339.0,"96964, 25867, None, None",,,Angular,0.0
2280798651,mmalerba,"Reapply ""fix(core): Defer afterRender until after first CD (#58250)…",closed,2025-01-16 03:15:18+00:00,,2025-02-12 20:20:07+00:00,"action: merge, area: core, merge: caretaker note, target: minor",main,ar-detached,,0.0,0.0,,0.0,0.0,,,False,,24195339.0,"96964, 25867, None, None",,,Angular,0.0
2280479316,JeanMeche,docs: add search page,closed,2025-01-15 23:41:34+00:00,,2025-02-02 21:34:38+00:00,"area: docs, adev: preview",main,docs/search,,0.0,0.0,,0.0,0.0,,,True,,24195339.0,"96964, 25867, None, None",,,Angular,0.0
2280305822,dgp1130,release: bump Angular DevTools version to 1.0.21,closed,2025-01-15 22:14:59+00:00,,2025-01-16 00:48:03+00:00,"action: merge, target: patch",main,devtools-release,,0.0,0.0,,0.0,0.0,,,False,,24195339.0,"96964, 25867, None, None",,,Angular,0.0
2280215597,arturovt,refactor(common): prevent duplicating `Accept` header name,closed,2025-01-15 21:34:34+00:00,,2025-01-23 22:21:53+00:00,"action: merge, area: common, target: patch",main,refactor/common-prevent-accept-duplicate,,0.0,0.0,,0.0,0.0,,,False,,24195339.0,"96964, 25867, None, None",,,Angular,0.0
2280205869,arturovt,refactor(common): drop error messages in production,closed,2025-01-15 21:30:29+00:00,,2025-01-28 08:39:44+00:00,"action: merge, area: common, target: patch, merge: caretaker note",main,refactor/common-client-errors,,0.0,0.0,,0.0,0.0,,,False,,24195339.0,"96964, 25867, None, None",,,Angular,0.0
2280169077,AndrewKushnir,"Revert ""feat(compiler-cli): detect missing structural directive imports (#59443)""",closed,2025-01-15 21:14:01+00:00,,2025-01-15 21:38:39+00:00,"action: merge, target: minor, PullApprove: disable",main,revert_59443,,0.0,0.0,,0.0,0.0,"alxhub, pkozlowski-opensource, alxhub, pkozlowski-opensource, thePunderWoman",,False,,24195339.0,"96964, 25867, None, None",,,Angular,0.0
2279993291,kirjs,docs: release notes for the v19.1.0 release,closed,2025-01-15 19:59:04+00:00,2025-01-15 19:59:28+00:00,2025-01-15 19:59:28+00:00,"action: merge, PullApprove: disable, area: docs",main,changelog-cherry-pick-19.1.0,,0.0,0.0,,0.0,0.0,,,False,,24195339.0,"96964, 25867, None, None",,,Angular,0.0
2279988470,kirjs,"Bump version to ""v19.1.0"" with changelog.",closed,2025-01-15 19:56:59+00:00,2025-01-15 19:57:41+00:00,2025-01-15 19:57:41+00:00,"action: merge, PullApprove: disable",19.1.x,release-stage-19.1.0,,0.0,0.0,,0.0,0.0,,,False,,24195339.0,"96964, 25867, None, None",,,Angular,0.0
2279964151,kirjs,docs: release notes for the v19.0.7 release,closed,2025-01-15 19:46:45+00:00,2025-01-15 19:47:20+00:00,2025-01-15 19:47:20+00:00,"action: merge, PullApprove: disable, area: docs",main,changelog-cherry-pick-19.0.7,,0.0,0.0,,0.0,0.0,,,False,,24195339.0,"96964, 25867, None, None",,,Angular,0.0
2279955199,kirjs,"Bump version to ""v19.0.7"" with changelog.",closed,2025-01-15 19:41:44+00:00,2025-01-15 19:45:21+00:00,2025-01-15 19:45:21+00:00,"action: merge, PullApprove: disable",19.0.x,release-stage-19.0.7,,0.0,0.0,,0.0,0.0,,,False,,24195339.0,"96964, 25867, None, None",,,Angular,0.0
2279938314,JeanMeche,docs: update examples to the application builder,closed,2025-01-15 19:29:48+00:00,,2025-01-16 16:08:39+00:00,"action: merge, target: patch, area: docs, adev: preview",main,docs/app-builder,,0.0,0.0,,0.0,0.0,,,False,,24195339.0,"96964, 25867, None, None",,,Angular,0.0
2279669300,angular-robot,docs: update Angular CLI help [19.1.x],closed,2025-01-15 16:59:38+00:00,,2025-01-15 17:17:56+00:00,"action: merge, target: rc, area: docs, adev: preview",19.1.x,update-cli-help-angular-angular-19.1.x-300d6150b264f61bf3864ad3cb5336e9d8621269e1702b0cc0e6064e08c3651b,,0.0,0.0,,0.0,0.0,,,False,,24195339.0,"96964, 25867, None, None",,,Angular,0.0
2279668642,angular-robot,docs: update Angular CLI help [main],closed,2025-01-15 16:59:27+00:00,,2025-01-15 17:25:34+00:00,"action: merge, target: minor, area: docs, adev: preview",main,update-cli-help-angular-angular-main-e169edc1ef60285965e5098fe390814478e859802fdc023a7d4555e88b6157d5,,0.0,0.0,,0.0,0.0,,,False,,24195339.0,"96964, 25867, None, None",,,Angular,0.0
2279599621,jelbourn,docs: clarify that `@for` doesn't support break/continue,closed,2025-01-15 16:25:20+00:00,,2025-01-15 17:00:24+00:00,"action: merge, target: patch, area: docs",main,for-flow,,0.0,0.0,,0.0,0.0,,,False,,24195339.0,"96964, 25867, None, None",,,Angular,0.0
2279455484,pkozlowski-opensource,docs: update linkedSignal documentation,closed,2025-01-15 15:17:40+00:00,,2025-01-16 16:09:26+00:00,"action: merge, target: patch, area: docs",main,linked_signal_docs_update,,0.0,0.0,,0.0,0.0,,,False,,24195339.0,"96964, 25867, None, None",,,Angular,0.0
2279446870,hawkgs,fix(devtools): minor UI/UX improvements of the Injector Providers panel,open,2025-01-15 15:13:37+00:00,,,area: devtools,main,devtools/injector-providers-h-scroll,,0.0,0.0,,0.0,0.0,,,False,,24195339.0,"96964, 25867, None, None",,,Angular,0.0
2278133268,sandeepsalwan1,docs: fix typos in let.md,closed,2025-01-15 01:52:40+00:00,,2025-01-15 14:44:31+00:00,"action: merge, target: patch, area: docs",main,patch-2,,0.0,0.0,,0.0,0.0,,,False,,24195339.0,"96964, 25867, None, None",,,Angular,0.0
2277980808,atscott,fix(language-service): Forward the tags for quick info from the type definition,open,2025-01-14 23:47:58+00:00,,,"area: language-service, target: patch",main,quickinfotags,,0.0,0.0,,0.0,0.0,,,False,,24195339.0,"96964, 25867, None, None",,,Angular,0.0
2277877816,AndrewKushnir,"Revert ""refactor: initialize headers map directly in HttpHeaders class (#59268)""",closed,2025-01-14 22:16:27+00:00,,2025-01-14 22:48:38+00:00,"action: merge, area: common/http, target: patch",main,revert_59268,,0.0,0.0,,0.0,0.0,,,False,,24195339.0,"96964, 25867, None, None",,,Angular,0.0
2277724041,wahabakram,docs: fix property wrong usage inside afterNextRender in lifecycle.md,closed,2025-01-14 20:21:47+00:00,,2025-01-14 21:27:43+00:00,"action: merge, target: patch, area: docs",main,fix-docs-lifecycle-md,,0.0,0.0,,0.0,0.0,,,False,,24195339.0,"96964, 25867, None, None",,,Angular,0.0
2277616980,angular-robot,build: update cross-repo angular dependencies,closed,2025-01-14 19:12:28+00:00,,2025-01-14 21:05:17+00:00,"action: merge, area: build & ci, target: rc",main,ng-renovate/cross-repo-angular-dependencies,,0.0,0.0,,0.0,0.0,,,False,,24195339.0,"96964, 25867, None, None",,,Angular,0.0
2277490442,josephperrott,build: lock file maintenance ,closed,2025-01-14 18:04:02+00:00,,2025-01-14 19:44:33+00:00,"action: merge, area: build & ci, target: rc, PullApprove: disable",main,pr-takeover-59494,,0.0,0.0,,0.0,0.0,,,False,,24195339.0,"96964, 25867, None, None",,,Angular,0.0
2277261888,arturovt,refactor(common): prevent duplicating `Content-Type` header,closed,2025-01-14 16:34:28+00:00,,2025-01-15 20:22:32+00:00,"action: merge, area: common, target: patch",main,refactor/common-content-type-duplicate,,0.0,0.0,,0.0,0.0,,,False,,24195339.0,"96964, 25867, None, None",,,Angular,0.0
2277084645,carimatics,docs(forms): escape inequality signs of input tags in flowchart,closed,2025-01-14 15:32:52+00:00,,2025-01-15 15:17:28+00:00,"action: merge, area: forms, target: patch, area: docs, adev: preview",main,fix-doc-forms-overview,,0.0,0.0,,0.0,0.0,,,False,,24195339.0,"96964, 25867, None, None",,,Angular,0.0
2277046846,pkozlowski-opensource,ci: update Ethan Cline GitHub user name,closed,2025-01-14 15:18:46+00:00,,2025-01-14 15:52:08+00:00,"action: merge, area: build & ci, target: patch",main,gh_pullapprove_enaml,,0.0,0.0,,0.0,0.0,,,False,,24195339.0,"96964, 25867, None, None",,,Angular,0.0
2276258287,crisbeto,fix(core): destroy renderer when replacing styles during HMR,closed,2025-01-14 08:54:49+00:00,,2025-01-14 16:22:10+00:00,"action: merge, area: core, target: patch",main,hmr-renderer-destroy,,0.0,0.0,,0.0,0.0,,,False,,24195339.0,"96964, 25867, None, None",,,Angular,0.0
2276114461,angular-robot,build: update scorecard action dependencies,closed,2025-01-14 07:14:50+00:00,,2025-01-14 15:53:26+00:00,"action: merge, area: build & ci, target: patch",main,ng-renovate/scorecard-action,,0.0,0.0,,0.0,0.0,,,False,,24195339.0,"96964, 25867, None, None",,,Angular,0.0
2276053848,angular-robot,build: update dependency typescript to v5.7.3,closed,2025-01-14 06:21:12+00:00,,2025-01-14 16:03:58+00:00,"action: merge, area: build & ci, target: minor",main,ng-renovate/typescript-dependencies,,0.0,0.0,,0.0,0.0,,,False,,24195339.0,"96964, 25867, None, None",,,Angular,0.0
2276047216,angular-robot,build: update dependency @babel/generator to v7.26.5,closed,2025-01-14 06:15:02+00:00,,2025-01-14 15:55:33+00:00,"action: merge, area: build & ci, target: patch",main,ng-renovate/babel-dependencies,,0.0,0.0,,0.0,0.0,,,False,,24195339.0,"96964, 25867, None, None",,,Angular,0.0
2276045409,angular-robot,build: update all non-major dependencies,closed,2025-01-14 06:13:17+00:00,,2025-01-14 15:57:29+00:00,"action: merge, area: build & ci, target: patch",main,ng-renovate/all-non-major-dependencies,,0.0,0.0,,0.0,0.0,,,False,,24195339.0,"96964, 25867, None, None",,,Angular,0.0
2275956430,arturovt,refactor(docs-infra): lazy-load `EmbeddedTutorialManager` in editor UI state,closed,2025-01-14 04:54:07+00:00,,2025-01-14 15:15:16+00:00,"action: merge, target: patch, area: docs-infra, adev: preview",main,refactor/docs-infra-editor-ui-state,,0.0,0.0,,0.0,0.0,,,False,,24195339.0,"96964, 25867, None, None",,,Angular,0.0
2275664048,angular-robot,build: update io_bazel_rules_sass digest to adeaf81,closed,2025-01-14 01:38:05+00:00,,2025-01-14 16:03:24+00:00,"action: merge, area: build & ci, target: patch",main,ng-renovate/io-bazel-rules-sass-digest,,0.0,0.0,,0.0,0.0,,,False,,24195339.0,"96964, 25867, None, None",,,Angular,0.0
2275254593,AndrewKushnir,"Revert PR #59233 ""Devtools profiler calls""",closed,2025-01-13 21:41:51+00:00,,2025-01-13 22:03:38+00:00,"action: merge, merge: caretaker note, target: minor, PullApprove: disable",main,revert_59233,,0.0,0.0,,0.0,0.0,"AleksanderBodurri, AleksanderBodurri",,False,,24195339.0,"96964, 25867, None, None",,,Angular,0.0
2274901233,arturovt,refactor(docs-infra): lazy-load `EmbeddedTutorialManager` in code editor,closed,2025-01-13 19:27:40+00:00,,2025-01-13 20:00:30+00:00,"action: merge, target: patch, area: docs-infra",main,refactor/docs-infra-code-editor-lazy-load,,0.0,0.0,,0.0,0.0,,,False,,24195339.0,"96964, 25867, None, None",,,Angular,0.0
2274376748,clydin,docs: update component HMR to fully stable,closed,2025-01-13 16:36:10+00:00,,2025-01-14 14:49:18+00:00,"action: merge, target: rc, area: docs, adev: preview",main,docs/stable-component-hmr,,0.0,0.0,,0.0,0.0,,,False,,24195339.0,"96964, 25867, None, None",,,Angular,0.0
2274129705,pkozlowski-opensource,refactor(core): move linkedSignal implementation to primitives,closed,2025-01-13 15:13:00+00:00,,2025-01-21 15:58:12+00:00,"action: merge, area: core, target: patch, requires: TGP",main,linked_signal_shared,,0.0,0.0,,0.0,0.0,,,False,,24195339.0,"96964, 25867, None, None",,,Angular,0.0
2273881451,hawkgs,feat(devtools): tone down large and obtrusive elements in the Injector Tree tab,closed,2025-01-13 13:48:35+00:00,,2025-01-13 20:06:26+00:00,"action: merge, target: minor, area: devtools, detected: feature",main,devtools/tone-down-vis-elements-injector-tree,,0.0,0.0,,0.0,0.0,,,False,,24195339.0,"96964, 25867, None, None",,,Angular,0.0
2273868212,ivanwonder,feat(language-service): support importing the component from `node_modules`,open,2025-01-13 13:42:52+00:00,,,"action: discuss, area: language-service, detected: feature",main,import-directive-from-package,,0.0,0.0,,0.0,0.0,,,False,,24195339.0,"96964, 25867, None, None",,,Angular,0.0
2273739905,crisbeto,test(migrations): add test for earlier fix,closed,2025-01-13 12:40:11+00:00,,2025-01-13 16:10:27+00:00,"action: merge, area: migrations, target: rc",main,unused-migrations-fix-test,,0.0,0.0,,0.0,0.0,,,False,,24195339.0,"96964, 25867, None, None",,,Angular,0.0
2273599046,arturovt,refactor(platform-browser): replace `isPlatformServer` with `ngServerMode`,open,2025-01-13 11:28:41+00:00,,,area: core,main,refactor/platform-browser-renderer-ngservermode,,0.0,0.0,,0.0,0.0,alxhub,,False,,24195339.0,"96964, 25867, None, None",,,Angular,0.0
2273243666,angular-robot,build: lock file maintenance,closed,2025-01-13 08:21:54+00:00,,2025-01-14 19:44:34+00:00,"area: build & ci, state: blocked, target: rc",main,ng-renovate/lock-file-maintenance,,0.0,0.0,,0.0,0.0,"JiaLiPassion, josephperrott, thePunderWoman",,False,,24195339.0,"96964, 25867, None, None",,,Angular,0.0
2273123029,AleksanderBodurri,fix(devtools): remove property tab css that is hiding directive metadata,closed,2025-01-13 06:58:49+00:00,,2025-01-13 19:48:05+00:00,"action: merge, target: patch, area: devtools",main,devtools-fix-property-tab-css,,0.0,0.0,,0.0,0.0,,,False,,24195339.0,"96964, 25867, None, None",,,Angular,0.0
2272650554,arturovt,fix(core): cleanup `_ejsa` when app is destroyed,closed,2025-01-12 18:53:26+00:00,,2025-01-16 21:56:31+00:00,"action: merge, area: core, target: patch",main,fix/core-add-remove-event-info-method,,0.0,0.0,,0.0,0.0,,,False,,24195339.0,"96964, 25867, None, None",,,Angular,0.0
2272635948,arturovt,refactor(docs-infra): lazy-load `EmbeddedTutorialManager` in home editor,closed,2025-01-12 18:23:21+00:00,,2025-01-13 15:45:47+00:00,"action: merge, target: patch, area: docs-infra, adev: preview",main,refactor/docs-infra-home-editor-tutorial-manager,,0.0,0.0,,0.0,0.0,,,False,,24195339.0,"96964, 25867, None, None",,,Angular,0.0
2272608239,PhilippMDoerner,docs: Adjust lines of server.ts example in server-side-rendering docs,closed,2025-01-12 17:01:35+00:00,,2025-01-13 15:32:19+00:00,"action: merge, target: patch, area: docs, adev: preview",main,patch-1,,0.0,0.0,,0.0,0.0,,,False,,24195339.0,"96964, 25867, None, None",,,Angular,0.0
2272603786,arturovt,refactor(forms): wrap `_checkParentType` with `ngDevMode`,closed,2025-01-12 16:49:56+00:00,,2025-01-24 10:51:39+00:00,"action: merge, area: forms, target: patch",main,refactor/forms-check-parent-type,,0.0,0.0,,0.0,0.0,,,False,,24195339.0,"96964, 25867, None, None",,,Angular,0.0
2272271154,vivekmore,docs(docs-infra): Update hierarchical-dependency-injection.md,closed,2025-01-11 21:32:27+00:00,,2025-01-11 22:07:05+00:00,cla: no,main,patch-1,,0.0,0.0,,0.0,0.0,alxhub,,False,,24195339.0,"96964, 25867, None, None",,,Angular,0.0
2272159512,arturovt,refactor(common): simplify `joinWithSlash`,closed,2025-01-11 17:04:20+00:00,,2025-01-24 16:16:14+00:00,"action: merge, area: common, target: patch",main,refactor/common-simplify-join-with-slash,,0.0,0.0,,0.0,0.0,,,False,,24195339.0,"96964, 25867, None, None",,,Angular,0.0
2272060573,wahabakram,docs: fix property wrong usage inside afterNextRender in lifecycle.md,closed,2025-01-11 14:25:25+00:00,,2025-01-14 20:24:03+00:00,"action: cleanup, cla: no, target: patch, area: docs",main,fix-in-lifecycle-md,,0.0,0.0,,0.0,0.0,JeanMeche,,False,,24195339.0,"96964, 25867, None, None",,,Angular,0.0
2271973705,arturovt,refactor(common): tree-shake `lcpObserver` in `NgOptimizedImage`,closed,2025-01-11 12:22:05+00:00,,2025-01-14 19:54:22+00:00,"action: merge, area: common, target: patch, merge: caretaker note",main,refactor/ngimage-tree-shake-ngondestroy,,0.0,0.0,,0.0,0.0,"pkozlowski-opensource, alxhub, thePunderWoman",,False,,24195339.0,"96964, 25867, None, None",,,Angular,0.0
2271899557,arturovt,feat(platform-browser): add Hammer provider functions,open,2025-01-11 09:24:39+00:00,,,"area: core, detected: feature",main,feat/provide-hammer,,0.0,0.0,,0.0,0.0,pkozlowski-opensource,,False,,24195339.0,"96964, 25867, None, None",,,Angular,0.0
2271875982,crisbeto,refactor(compiler): fix typo in method name,closed,2025-01-11 08:19:20+00:00,,2025-01-13 15:57:56+00:00,"action: merge, target: patch, area: compiler",main,typeof-typo,,0.0,0.0,,0.0,0.0,,,False,,24195339.0,"96964, 25867, None, None",,,Angular,0.0
2271642338,sandeepsalwan1,docs: fix typos in .vscode/README.md,closed,2025-01-10 23:45:15+00:00,,2025-01-14 17:48:58+00:00,"cla: yes, area: docs",main,patch-1,,0.0,0.0,,0.0,0.0,josephperrott,,False,,24195339.0,"96964, 25867, None, None",,,Angular,0.0
2271539887,arturovt,refactor(core): change defer loading state to plain const,closed,2025-01-10 22:33:07+00:00,,2025-01-27 21:28:27+00:00,area: core,main,refactor/core-defer-loading-state-enum-drop,,0.0,0.0,,0.0,0.0,AndrewKushnir,,False,,24195339.0,"96964, 25867, None, None",,,Angular,0.0
2271510178,arturovt,refactor(service-worker): drop platform checks,closed,2025-01-10 22:14:29+00:00,,2025-01-27 15:41:14+00:00,"action: merge, target: patch, area: service-worker",main,refactor/service-worker-drop-platform-calls,,0.0,0.0,,0.0,0.0,,,False,,24195339.0,"96964, 25867, None, None",,,Angular,0.0
2271283830,angular-robot,build: update cross-repo angular dependencies,closed,2025-01-10 20:12:59+00:00,,2025-01-13 17:52:14+00:00,"action: merge, area: build & ci, target: rc",main,ng-renovate/cross-repo-angular-dependencies,,0.0,0.0,,0.0,0.0,,,False,,24195339.0,"96964, 25867, None, None",,,Angular,0.0
2271042084,angular-robot,build: update cross-repo angular dependencies,closed,2025-01-10 18:12:54+00:00,,2025-01-10 18:36:53+00:00,"action: merge, area: build & ci, merge: caretaker note, target: rc",main,ng-renovate/cross-repo-angular-dependencies,,0.0,0.0,,0.0,0.0,"crisbeto, crisbeto",,False,,24195339.0,"96964, 25867, None, None",,,Angular,0.0
2271020531,thePunderWoman,fix(dev-infra): remove no longer necessary scope,closed,2025-01-10 18:01:51+00:00,,2025-01-10 18:28:31+00:00,"action: merge, merge: caretaker note, area: dev-infra, target: rc",main,scope-fix,,0.0,0.0,,0.0,0.0,"devversion, devversion, devversion",,False,,24195339.0,"96964, 25867, None, None",,,Angular,0.0
2271015975,arturovt,refactor(common): drop error message in production,closed,2025-01-10 17:59:31+00:00,,2025-01-15 17:28:35+00:00,"action: merge, area: common, target: patch",main,refactor/common-httpparams-runtime-error,,0.0,0.0,,0.0,0.0,,,False,,24195339.0,"96964, 25867, None, None",,,Angular,0.0
2270913692,angular-robot,build: update cross-repo angular dependencies,closed,2025-01-10 16:54:12+00:00,,2025-01-10 17:27:25+00:00,"action: merge, area: build & ci, target: rc",main,ng-renovate/cross-repo-angular-dependencies,,0.0,0.0,,0.0,0.0,,,False,,24195339.0,"96964, 25867, None, None",,,Angular,0.0
2270891077,arturovt,refactor(core): change node navigation step to plain const,closed,2025-01-10 16:42:14+00:00,,2025-01-13 16:12:49+00:00,"action: merge, area: core, target: rc",main,refactor/core-node-navigation-step-enum,,0.0,0.0,,0.0,0.0,,,False,,24195339.0,"96964, 25867, None, None",,,Angular,0.0
2270870145,arturovt,refactor(common): drop enums by changing to `const enum`,closed,2025-01-10 16:33:23+00:00,,2025-01-13 16:14:32+00:00,"action: merge, area: common, target: patch",main,refactor/common-i18n-enums,,0.0,0.0,,0.0,0.0,,,False,,24195339.0,"96964, 25867, None, None",,,Angular,0.0
2270825875,arturovt,refactor(common): prevent duplicating `Accept` header,closed,2025-01-10 16:14:55+00:00,,2025-01-13 17:38:52+00:00,"action: merge, area: common, target: patch",main,refactor/common-duplicate-accept-header,,0.0,0.0,,0.0,0.0,,,False,,24195339.0,"96964, 25867, None, None",,,Angular,0.0
2270482023,angular-robot,build: update cross-repo angular dependencies,closed,2025-01-10 13:17:01+00:00,,2025-01-10 15:38:13+00:00,"action: merge, area: build & ci, target: rc",main,ng-renovate/cross-repo-angular-dependencies,,0.0,0.0,,0.0,0.0,,,False,,24195339.0,"96964, 25867, None, None",,,Angular,0.0
2270475009,devversion,Signal migration follow-ups,closed,2025-01-10 13:12:58+00:00,,2025-01-10 16:52:17+00:00,"action: merge, target: patch, area: migrations",main,signal-input-migration-followups,,0.0,0.0,,0.0,0.0,,,False,,24195339.0,"96964, 25867, None, None",,,Angular,0.0
2270236875,pkozlowski-opensource,refactor(core): move DOM manipulation logic to its own file,closed,2025-01-10 10:58:50+00:00,,2025-01-16 18:38:48+00:00,"action: merge, area: core, target: patch",main,runtime_refactor_node_manipulation,,0.0,0.0,,0.0,0.0,,,False,,24195339.0,"96964, 25867, None, None",,,Angular,0.0
2270038468,bampakoa,docs: update component scenarios guide,closed,2025-01-10 09:13:29+00:00,,2025-01-10 15:55:44+00:00,"action: merge, target: patch, area: docs",main,patch-1,,0.0,0.0,,0.0,0.0,,,False,,24195339.0,"96964, 25867, None, None",,,Angular,0.0
2269685697,JeanMeche,docs(docs-infra): prevent the host class from being replaced,closed,2025-01-10 04:41:53+00:00,,2025-01-10 19:03:42+00:00,"action: merge, target: patch, area: docs-infra, area: docs, adev: preview",main,docs/icons,,0.0,0.0,,0.0,0.0,,,False,,24195339.0,"96964, 25867, None, None",,,Angular,0.0
2269254310,clydin,fix(compiler): use chunk origin in template HMR request URL,closed,2025-01-09 21:29:24+00:00,,2025-01-09 23:21:50+00:00,"action: merge, area: compiler, target: rc",main,hmr/full-url,,0.0,0.0,,0.0,0.0,,,False,,24195339.0,"96964, 25867, None, None",,,Angular,0.0
2269156447,arturovt,refactor(router): drop forRoot guard in production,closed,2025-01-09 20:12:27+00:00,,2025-01-16 21:55:51+00:00,"action: merge, area: router, target: patch",main,refactor/router-drop-forroot-guard,,0.0,0.0,,0.0,0.0,,,False,,24195339.0,"96964, 25867, None, None",,,Angular,0.0
2269146743,arturovt,fix(router): prevent error handling when injector is destroyed,closed,2025-01-09 20:05:04+00:00,,2025-01-23 22:21:10+00:00,"action: merge, area: router, target: patch, PullApprove: disable, requires: TGP",main,fix/router-prevent-injector-on-destroyed-transitions,,0.0,0.0,,0.0,0.0,,,False,,24195339.0,"96964, 25867, None, None",,,Angular,0.0
2269045858,kirjs,"Revert ""fix(core): Ensure that a destroyed `effect` never run. (#59415)""",closed,2025-01-09 18:54:16+00:00,,2025-01-09 19:11:47+00:00,,main,rollback-59415,,0.0,0.0,,0.0,0.0,"alxhub, thePunderWoman",,False,,24195339.0,"96964, 25867, None, None",,,Angular,0.0
2269045604,AndrewKushnir,"Revert of ""fix(core): Defer afterRender until after first CD""",closed,2025-01-09 18:54:05+00:00,,2025-01-09 19:30:05+00:00,"action: merge, area: core, merge: caretaker note, target: rc",main,revert_58250,,0.0,0.0,,0.0,0.0,,,False,,24195339.0,"96964, 25867, None, None",,,Angular,0.0
2269032474,dgp1130,release: bump Angular DevTools version to 1.0.20,closed,2025-01-09 18:44:50+00:00,,2025-01-09 20:41:57+00:00,"action: merge, target: patch, area: devtools",main,devtools-release,,0.0,0.0,,0.0,0.0,,,False,,24195339.0,"96964, 25867, None, None",,,Angular,0.0
2268901699,pkozlowski-opensource,refactor(core): move logic out of shared instructions code,closed,2025-01-09 17:31:44+00:00,,2025-01-15 20:20:30+00:00,"action: merge, area: core, merge: caretaker note, target: minor",main,runtime_refactor_shared_queries,,0.0,0.0,,0.0,0.0,,,False,,24195339.0,"96964, 25867, None, None",,,Angular,0.0
2268573411,crisbeto,fix(migrations): resolve text replacement issue,closed,2025-01-09 14:42:51+00:00,,2025-01-10 15:47:57+00:00,"action: merge, area: migrations, target: rc",main,migration-insert-left,,0.0,0.0,,0.0,0.0,,,False,,24195339.0,"96964, 25867, None, None",,,Angular,0.0
2268386948,crisbeto,build: clean up pipeline-specific tests,closed,2025-01-09 13:16:40+00:00,,2025-01-09 14:56:10+00:00,"action: merge, area: build & ci, target: patch",main,cleanup-pipeline,,0.0,0.0,,0.0,0.0,,,False,,24195339.0,"96964, 25867, None, None",,,Angular,0.0
2268302067,crisbeto,docs: add doc page about unused imports schematic,closed,2025-01-09 12:39:30+00:00,,2025-01-09 15:28:45+00:00,"action: merge, target: rc, area: docs",main,unused-imports-docs,,0.0,0.0,,0.0,0.0,,,False,,24195339.0,"96964, 25867, None, None",,,Angular,0.0
2268129818,angular-robot,build: update dependency @bazel/buildifier to v8,closed,2025-01-09 11:16:25+00:00,,2025-01-09 15:30:54+00:00,"action: merge, area: build & ci, target: patch",main,ng-renovate/bazel-setup,,0.0,0.0,,0.0,0.0,,,False,,24195339.0,"96964, 25867, None, None",,,Angular,0.0
2267991999,crisbeto,fix(compiler-cli): handle more node types when extracting dependencies,closed,2025-01-09 10:07:52+00:00,,2025-01-09 17:22:50+00:00,"action: merge, target: patch, area: compiler",main,more-hmr-deps,,0.0,0.0,,0.0,0.0,,,False,,24195339.0,"96964, 25867, None, None",,,Angular,0.0
2267773604,angular-robot,build: update dependency jsdom to v26,closed,2025-01-09 08:22:20+00:00,,2025-02-14 17:59:59+00:00,"action: merge, area: build & ci, target: minor",main,ng-renovate/jsdom-26-x,,0.0,0.0,,0.0,0.0,,,False,,24195339.0,"96964, 25867, None, None",,,Angular,0.0
2267630523,manbearwiz,feat(compiler-cli): detect missing structural directive imports,open,2025-01-09 07:02:33+00:00,,,"state: blocked, area: compiler, target: minor, PullApprove: disable, action: global presubmit, detected: feature, requires: TGP",main,check-missing-structural-directives,,0.0,0.0,,0.0,0.0,thePunderWoman,,False,,24195339.0,"96964, 25867, None, None",,,Angular,0.0
2267180812,arturovt,refactor(common): drop `NullViewportScroller` for client bundles,closed,2025-01-08 22:39:14+00:00,,2025-01-09 17:33:08+00:00,"action: merge, area: common, target: patch",main,refactor/common-drop-null-scroller,,0.0,0.0,,0.0,0.0,,,False,,24195339.0,"96964, 25867, None, None",,,Angular,0.0
2267175057,arturovt,refactor(common): tree-shake transfer cache interceptor stuff,closed,2025-01-08 22:34:02+00:00,,2025-01-14 19:40:09+00:00,"action: merge, area: common, target: patch",main,refactor/tree-shake-transfer-cache,,0.0,0.0,,0.0,0.0,,,False,,24195339.0,"96964, 25867, None, None",,,Angular,0.0
2267142017,arturovt,refactor(platform-browser): drop Hammer token names in production,closed,2025-01-08 22:05:17+00:00,,2025-01-09 17:38:10+00:00,"action: merge, area: core, target: patch",main,refactor/hammer-drop-names,,0.0,0.0,,0.0,0.0,,,False,,24195339.0,"96964, 25867, None, None",,,Angular,0.0
2266853896,ENAML,ci: Add self (Ethan Cline) as primitives-shared reviewer.,closed,2025-01-08 19:08:23+00:00,,2025-01-09 15:31:33+00:00,"action: merge, area: build & ci, target: patch",main,add-enaml-reviewer,,0.0,0.0,,0.0,0.0,,,False,,24195339.0,"96964, 25867, None, None",,,Angular,0.0
2266783047,thePunderWoman,"Update next branch to reflect new release-train ""v19.2.0-next.0"".",closed,2025-01-08 18:25:55+00:00,2025-01-08 18:26:08+00:00,2025-01-08 18:26:08+00:00,"action: merge, PullApprove: disable, area: docs",main,next-release-train-19.2.0-next.0,,0.0,0.0,,0.0,0.0,,,False,,24195339.0,"96964, 25867, None, None",,,Angular,0.0
2266779755,thePunderWoman,"Bump version to ""v19.1.0-rc.0"" with changelog.",closed,2025-01-08 18:23:37+00:00,2025-01-08 18:24:19+00:00,2025-01-08 18:24:19+00:00,"action: merge, PullApprove: disable",19.1.x,release-stage-19.1.0-rc.0,,0.0,0.0,,0.0,0.0,,,False,,24195339.0,"96964, 25867, None, None",,,Angular,0.0
2266751523,thePunderWoman,docs: release notes for the v19.0.6 release,closed,2025-01-08 18:06:21+00:00,2025-01-08 18:07:43+00:00,2025-01-08 18:07:43+00:00,"action: merge, PullApprove: disable, area: docs",main,changelog-cherry-pick-19.0.6,,0.0,0.0,,0.0,0.0,,,False,,24195339.0,"96964, 25867, None, None",,,Angular,0.0
2266746747,thePunderWoman,"Bump version to ""v19.0.6"" with changelog.",closed,2025-01-08 18:03:07+00:00,2025-01-08 18:04:46+00:00,2025-01-08 18:04:46+00:00,"action: merge, PullApprove: disable",19.0.x,release-stage-19.0.6,,0.0,0.0,,0.0,0.0,,,False,,24195339.0,"96964, 25867, None, None",,,Angular,0.0
2266737099,arturovt,refactor(common): tree-shake `PreloadLinkCreator` for client bundles,closed,2025-01-08 17:57:04+00:00,,2025-01-24 16:18:01+00:00,"action: merge, area: common, target: patch",main,refactor/ngimage-tree-shake-link-creator,,0.0,0.0,,0.0,0.0,,,False,,24195339.0,"96964, 25867, None, None",,,Angular,0.0
2266718656,arturovt,refactor(forms): drop `CALL_SET_DISABLED_STATE` name in production,closed,2025-01-08 17:46:35+00:00,,2025-01-09 14:21:10+00:00,"action: merge, area: forms, target: patch",main,refactor/forms-call-set-token-name,,0.0,0.0,,0.0,0.0,,,False,,24195339.0,"96964, 25867, None, None",,,Angular,0.0
2266472289,JeanMeche,docs(docs-infra): remove sorting from API manager,closed,2025-01-08 15:33:12+00:00,,2025-01-13 15:33:42+00:00,"action: merge, target: patch, area: docs-infra, area: docs, adev: preview",main,docs/api-manager-sort,,0.0,0.0,,0.0,0.0,,,False,,24195339.0,"96964, 25867, None, None",,,Angular,0.0
2266307117,arturovt,refactor(common): drop `PRELOADED_IMAGES` name in production,closed,2025-01-08 14:15:12+00:00,,2025-01-08 16:12:05+00:00,"action: merge, area: common, target: patch",main,refactor/ngimage-preloaded-images-token,,0.0,0.0,,0.0,0.0,,,False,,24195339.0,"96964, 25867, None, None",,,Angular,0.0
2265357992,RafaelJCamara,docs: update README to reflect correct Angular repository branch in rendering regions,closed,2025-01-08 07:06:19+00:00,,2025-01-08 15:22:10+00:00,"action: merge, target: patch, area: docs",main,RafaelJCamara/59411-fix-rendering-region-link,,0.0,0.0,,0.0,0.0,,,False,,24195339.0,"96964, 25867, None, None",,,Angular,0.0
2265328070,arturovt,refactor(common): prevent duplicating `X-Request-URL`,closed,2025-01-08 06:44:40+00:00,,2025-01-09 23:18:28+00:00,"action: merge, area: common, target: patch",main,refactor/common-x-request,,0.0,0.0,,0.0,0.0,,,False,,24195339.0,"96964, 25867, None, None",,,Angular,0.0
2264835693,arturovt,refactor(common): tree-shake fetch backend,closed,2025-01-07 22:52:07+00:00,,2025-01-09 18:06:00+00:00,"action: merge, area: common, target: patch",main,refactor/http-fetch-backend,,0.0,0.0,,0.0,0.0,,,False,,24195339.0,"96964, 25867, None, None",,,Angular,0.0
2264757775,arturovt,refactor(router): change `NavigationResult` to `const enum`,closed,2025-01-07 21:48:54+00:00,,2025-01-08 23:06:35+00:00,area: router,main,refactor/router-navigation-result-enum,,0.0,0.0,,0.0,0.0,AndrewKushnir,,False,,24195339.0,"96964, 25867, None, None",,,Angular,0.0
2264743311,arturovt,refactor(core): change `LContainerFlags` to `const enum`,closed,2025-01-07 21:40:28+00:00,,2025-01-09 15:38:31+00:00,"action: merge, area: core, target: rc",main,refactor/core-lcontainer-enum,,0.0,0.0,,0.0,0.0,,,False,,24195339.0,"96964, 25867, None, None",,,Angular,0.0
2264663549,JeanMeche,fix(core): Ensure that a destroyed `effect` never runs,closed,2025-01-07 20:46:26+00:00,,2025-01-08 16:40:47+00:00,"action: merge, area: core, target: patch, merge: caretaker note",main,fix/destroyed-effect,,0.0,0.0,,0.0,0.0,,,False,,24195339.0,"96964, 25867, None, None",,,Angular,0.0
2264405573,arturovt,refactor(core): change `Restriction` to plain const,open,2025-01-07 17:47:58+00:00,,,"action: review, area: core, target: patch, requires: TGP",main,refactor/core-restriction-enum,,0.0,0.0,,0.0,0.0,"alxhub, csmick",,False,,24195339.0,"96964, 25867, None, None",,,Angular,0.0
2264364460,arturovt,refactor(platform-browser): drop `BROWSER_MODULE_PROVIDERS_MARKER` in production,closed,2025-01-07 17:21:02+00:00,,2025-01-10 16:47:35+00:00,"action: merge, area: core, target: rc",main,refactor/platform-browser-module-deps,,0.0,0.0,,0.0,0.0,,,False,,24195339.0,"96964, 25867, None, None",,,Angular,0.0
2264276450,arturovt,refactor(platform-browser): remove `Console` from Hammer gestures,closed,2025-01-07 16:31:29+00:00,,2025-01-09 18:09:56+00:00,"action: merge, area: core, target: patch",main,refactor/hammer-gestures-console,,0.0,0.0,,0.0,0.0,,,False,,24195339.0,"96964, 25867, None, None",,,Angular,0.0
2264240613,arturovt,refactor(animations): drop warning functions in production,closed,2025-01-07 16:15:42+00:00,,2025-01-09 18:15:10+00:00,"action: merge, area: animations, target: patch",main,refactor/animations-tree-shake,,0.0,0.0,,0.0,0.0,,,False,,24195339.0,"96964, 25867, None, None",,,Angular,0.0
2264220918,RafaelJCamara,docs: update license URL from angular.io to angular.dev and year of license to 2025,closed,2025-01-07 16:07:58+00:00,,2025-01-09 15:27:57+00:00,"action: merge, target: rc, area: docs",main,RafaelJCamara/adjust-license-url,,0.0,0.0,,0.0,0.0,,,False,,24195339.0,"96964, 25867, None, None",,,Angular,0.0
2264207393,devversion,fix(bazel): support setting `type: module` in source `package.json`,closed,2025-01-07 16:00:34+00:00,,2025-01-08 15:24:08+00:00,"action: merge, target: patch, area: bazel",main,support-checking-in-type,,0.0,0.0,,0.0,0.0,,,False,,24195339.0,"96964, 25867, None, None",,,Angular,0.0
2264160526,pkozlowski-opensource,IFrame flicker,closed,2025-01-07 15:36:31+00:00,,2025-01-08 17:19:11+00:00,"action: merge, target: patch, area: docs-infra, adev: preview",main,adev_simplifications_discovery,,0.0,0.0,,0.0,0.0,,,False,,24195339.0,"96964, 25867, None, None",,,Angular,0.0
2264096062,angular-robot,build: update dependency @types/diff to v7,closed,2025-01-07 15:05:23+00:00,,2025-01-07 15:45:31+00:00,"action: merge, area: build & ci, target: patch",main,ng-renovate/diff-7-x,,0.0,0.0,,0.0,0.0,,,False,,24195339.0,"96964, 25867, None, None",,,Angular,0.0
2264009908,JeanMeche,refactor(core): remove outdated comment.,closed,2025-01-07 14:22:54+00:00,,2025-01-07 17:05:15+00:00,"action: merge, area: core, target: patch",main,core/isStandalone,,0.0,0.0,,0.0,0.0,,,False,,24195339.0,"96964, 25867, None, None",,,Angular,0.0
2263910608,arturovt,refactor(core): drop platform injection token names in production,closed,2025-01-07 13:30:12+00:00,,2025-01-09 17:28:22+00:00,"action: merge, area: core, target: patch",main,refactor/tree-shake-platform-tokens,,0.0,0.0,,0.0,0.0,,,False,,24195339.0,"96964, 25867, None, None",,,Angular,0.0
2263794887,crisbeto,fix(core): override inherited function properties,closed,2025-01-07 12:30:23+00:00,,2025-01-07 16:04:04+00:00,"action: review, area: core, target: patch, requires: TGP",main,59394/signal-inherited,,0.0,0.0,,0.0,0.0,"pkozlowski-opensource, eduhmc, thePunderWoman",,False,,24195339.0,"96964, 25867, None, None",,,Angular,0.0
2263598242,pkozlowski-opensource,refactor(docs-infra): code cleanups,closed,2025-01-07 10:46:09+00:00,,2025-01-07 15:51:14+00:00,"action: merge, target: patch, area: docs-infra, adev: preview",main,adev_code_cleanups,,0.0,0.0,,0.0,0.0,,,False,,24195339.0,"96964, 25867, None, None",,,Angular,0.0
2263585514,crisbeto,fix(platform-browser): styles not replaced during HMR when using animations renderer,closed,2025-01-07 10:39:27+00:00,,2025-01-07 15:55:45+00:00,"action: merge, area: core, target: patch",main,animations-hmr,,0.0,0.0,,0.0,0.0,,,False,,24195339.0,"96964, 25867, None, None",,,Angular,0.0
2263384260,devversion,ci: remove `devversion` from unavailable pullapprove list,closed,2025-01-07 09:00:40+00:00,,2025-01-07 15:31:52+00:00,"action: merge, area: build & ci, target: patch",main,remove-unav,,0.0,0.0,,0.0,0.0,,,False,,24195339.0,"96964, 25867, None, None",,,Angular,0.0
2263125911,angular-robot,build: update dependency @types/selenium-webdriver4 to v4.1.28,closed,2025-01-07 06:12:56+00:00,,2025-01-07 15:51:53+00:00,"action: merge, area: build & ci, target: patch",main,ng-renovate/all-non-major-dependencies,,0.0,0.0,,0.0,0.0,,,False,,24195339.0,"96964, 25867, None, None",,,Angular,0.0
2262970368,zhangenming,docs: fix expire link.,closed,2025-01-07 03:19:33+00:00,,2025-01-09 15:29:55+00:00,"action: merge, area: router, target: patch, area: docs",main,patch-1,,0.0,0.0,,0.0,0.0,,,False,,24195339.0,"96964, 25867, None, None",,,Angular,0.0
2262736531,arturovt,refactor(core): prevent duplicating LView destroyed checks,closed,2025-01-06 22:16:14+00:00,,2025-01-07 17:05:50+00:00,"action: merge, area: core, target: minor",main,refactor/is-destroyed,,0.0,0.0,,0.0,0.0,,,False,,24195339.0,"96964, 25867, None, None",,,Angular,0.0
2262677580,thePunderWoman,"Revert ""refactor(core): remove unused injection props (#59209)""",closed,2025-01-06 21:25:08+00:00,,2025-01-06 21:36:01+00:00,"action: merge, area: core, merge: caretaker note, target: minor",main,revert-59209,,0.0,0.0,,0.0,0.0,,,False,,24195339.0,"96964, 25867, None, None",,,Angular,0.0
2262665861,thePunderWoman,[patch] build: lock file maintenance,closed,2025-01-06 21:15:35+00:00,,2025-01-06 22:24:10+00:00,"action: merge, area: build & ci, target: patch, merge: caretaker note",19.0.x,pr-patch-59291,,0.0,0.0,,0.0,0.0,JiaLiPassion,,False,,24195339.0,"96964, 25867, None, None",,,Angular,0.0
2262624432,JeanMeche,docs(docs-infra): fix entry labels.,closed,2025-01-06 20:42:40+00:00,,2025-01-08 15:22:46+00:00,"action: merge, target: patch, area: docs-infra, area: docs, adev: preview",main,docs/api-labels,,0.0,0.0,,0.0,0.0,,,False,,24195339.0,"96964, 25867, None, None",,,Angular,0.0
2262505781,RafaelJCamara,docs: add $default to path,closed,2025-01-06 19:15:55+00:00,,2025-01-13 15:36:21+00:00,"action: merge, target: patch, area: docs",main,RafaelJCamara/59378-add-default-to-path,,0.0,0.0,,0.0,0.0,,,False,,24195339.0,"96964, 25867, None, None",,,Angular,0.0
2262392690,arturovt,refactor(core): drop `DEFER_BLOCK_DEPENDENCY_INTERCEPTOR` in production,closed,2025-01-06 17:53:14+00:00,,2025-01-07 20:14:59+00:00,"action: merge, area: core, target: patch",main,refactor/drop-defer-interceptor-token,,0.0,0.0,,0.0,0.0,,,False,,24195339.0,"96964, 25867, None, None",,,Angular,0.0
2262332398,AndrewKushnir,"Revert ""refactor(platform-server): reduce timeout used in tests (#59275)""",closed,2025-01-06 17:13:29+00:00,,2025-01-06 17:24:28+00:00,"action: merge, area: server, target: patch",main,revert_59275,,0.0,0.0,,0.0,0.0,,,False,,24195339.0,"96964, 25867, None, None",,,Angular,0.0
2261757102,hardikpatel043,docs(changelog): removed repetitive point from CHANGELOG.md of 18.0.0,closed,2025-01-06 11:21:29+00:00,,2025-01-06 22:30:47+00:00,"action: merge, target: minor, area: docs",main,update-changelogmd,,0.0,0.0,,0.0,0.0,,,False,,24195339.0,"96964, 25867, None, None",,,Angular,0.0
2261672431,hardikpatel043,aborted,closed,2025-01-06 10:28:09+00:00,,2025-01-06 11:15:42+00:00,,main,update-changelog,,0.0,0.0,,0.0,0.0,josephperrott,,False,,24195339.0,"96964, 25867, None, None",,,Angular,0.0
2261647038,hardikpatel043,aborted,closed,2025-01-06 10:12:19+00:00,,2025-01-06 10:17:14+00:00,,main,update-changelog,,0.0,0.0,,0.0,0.0,josephperrott,,False,,24195339.0,"96964, 25867, None, None",,,Angular,0.0
2260840174,JeanMeche,docs: fix link to API entry `AngularAppEngine`,closed,2025-01-05 18:14:15+00:00,,2025-01-06 16:11:04+00:00,"action: merge, target: patch, area: docs, adev: preview",main,docs/fix-AngularAppEngine,,0.0,0.0,,0.0,0.0,,,False,,24195339.0,"96964, 25867, None, None",,,Angular,0.0
2260701437,johnsoncodehk,refactor: remove unnecessary TSLint rule flags,closed,2025-01-05 11:02:08+00:00,,2025-01-07 16:06:24+00:00,"action: merge, area: core, target: patch, requires: TGP",main,remove-unneeded-rule-flags,,0.0,0.0,,0.0,0.0,,,False,,24195339.0,"96964, 25867, None, None",,,Angular,0.0
2260522736,johnsoncodehk,dev-infra: run TSLint rules on top of TSSLint,closed,2025-01-04 20:55:22+00:00,,2025-01-04 22:51:53+00:00,,main,tsslint,,0.0,0.0,,0.0,0.0,josephperrott,,False,,24195339.0,"96964, 25867, None, None",,,Angular,0.0
2260236895,crisbeto,fix(compiler): allow $any in two-way bindings,closed,2025-01-04 08:53:38+00:00,,2025-01-06 17:25:27+00:00,"action: merge, area: compiler, target: minor",main,51165/two-way-any,,0.0,0.0,,0.0,0.0,,,False,,24195339.0,"96964, 25867, None, None",,,Angular,0.0
2259948849,angular-robot,build: update dependency ngx-progressbar to v14,closed,2025-01-04 01:39:43+00:00,,2025-01-06 16:14:28+00:00,"action: merge, area: build & ci, target: patch, adev: preview",main,ng-renovate/ngx-progressbar-14-x,,0.0,0.0,,0.0,0.0,,,False,,24195339.0,"96964, 25867, None, None",,,Angular,0.0
2259948308,angular-robot,build: update io_bazel_rules_sass digest to aff53ca,closed,2025-01-04 01:38:00+00:00,,2025-01-06 16:14:59+00:00,"action: merge, area: build & ci, target: patch",main,ng-renovate/io-bazel-rules-sass-digest,,0.0,0.0,,0.0,0.0,,,False,,24195339.0,"96964, 25867, None, None",,,Angular,0.0
2259814143,maxktz,docs: update copyright year,closed,2025-01-03 21:32:12+00:00,,2025-01-06 19:58:32+00:00,"action: merge, target: patch, area: docs",main,patch-2,,0.0,0.0,,0.0,0.0,,,False,,24195339.0,"96964, 25867, None, None",,,Angular,0.0
2259216939,aceArt-GmbH,Backport: feat(compiler): add support for the typeof keyword in template expressions #58183 ,closed,2025-01-03 12:55:50+00:00,,2025-01-03 14:28:49+00:00,"area: compiler, detected: feature",18.2.x,backport-typeof,,0.0,0.0,,0.0,0.0,"alxhub, JoostK",,False,,24195339.0,"96964, 25867, None, None",,,Angular,0.0
2259019941,hawkgs,docs(docs-infra): generate errors and extended-diagnostics route NavigationItem-s,closed,2025-01-03 10:14:01+00:00,,2025-01-14 16:00:17+00:00,"action: merge, target: patch, area: docs-infra, area: docs, adev: preview",main,docs/route-nav-items-gen,,0.0,0.0,,0.0,0.0,,,False,,24195339.0,"96964, 25867, None, None",,,Angular,0.0
2258872604,crisbeto,feat(migrations): add schematic to clean up unused imports,closed,2025-01-03 08:08:05+00:00,,2025-01-06 16:21:28+00:00,"action: merge, area: migrations, target: minor, detected: feature",main,unused-cleanup-script,,0.0,0.0,,0.0,0.0,,,False,,24195339.0,"96964, 25867, None, None",,,Angular,0.0
2257058048,arturovt,refactor(docs-infra):  extract `NodeRuntimeSandbox` lazy-loading into separate function,closed,2025-01-01 13:32:49+00:00,,2025-02-03 21:51:54+00:00,"action: merge, target: patch, area: docs-infra, adev: preview",main,refactor/docs-runtime-sandbox-lazy,,0.0,0.0,,0.0,0.0,,,False,,24195339.0,"96964, 25867, None, None",,,Angular,0.0
2256356033,walid385,Update README.md,closed,2024-12-31 11:17:23+00:00,,2024-12-31 11:53:16+00:00,,main,add-zone,,0.0,0.0,,0.0,0.0,josephperrott,,False,,24195339.0,"96964, 25867, None, None",,,Angular,0.0
2256324033,maran-t,docs(common): fix syntax error in MyCustomTransformationPipe document…,closed,2024-12-31 10:38:25+00:00,,2024-12-31 10:54:47+00:00,"area: common, area: docs",main,pipe-syntax-error,,0.0,0.0,,0.0,0.0,AndrewKushnir,,False,,24195339.0,"96964, 25867, None, None",,,Angular,0.0
2255691801,arturovt,refactor(router): replace `mapTo` since deprecated,closed,2024-12-30 17:33:39+00:00,,2025-01-06 19:18:24+00:00,"action: merge, area: router, target: patch, merge: caretaker note",main,refactor/router-mapto,,0.0,0.0,,0.0,0.0,,,False,,24195339.0,"96964, 25867, None, None",,,Angular,0.0
2254824307,sumitarora,fix(devtools): fixing dark mode colors for devtools and router tree,closed,2024-12-30 01:07:37+00:00,,2025-01-09 15:32:51+00:00,"action: merge, target: rc, area: devtools",main,fix-dark-mode,,0.0,0.0,,0.0,0.0,,,False,,24195339.0,"96964, 25867, None, None",,,Angular,0.0
2254224994,arturovt,fix(router): complete router `events` on dispose,closed,2024-12-28 18:04:14+00:00,,2025-01-07 17:06:29+00:00,"action: merge, area: router, target: minor",main,fix/router-events,,0.0,0.0,,0.0,0.0,,,False,,24195339.0,"96964, 25867, None, None",,,Angular,0.0
2254167113,JeanMeche,docs: add TS support for 19.1,closed,2024-12-28 14:50:21+00:00,,2025-01-06 16:10:32+00:00,"action: merge, target: minor, area: docs",main,docs/ts57,,0.0,0.0,,0.0,0.0,,,False,,24195339.0,"96964, 25867, None, None",,,Angular,0.0
2254119395,devversion,fix(bazel): handle module names and ES output in hybrid `ts_project` mode,closed,2024-12-28 12:01:40+00:00,,2025-01-06 17:29:22+00:00,"action: merge, target: patch, area: bazel",main,ng_package_interop,,0.0,0.0,,0.0,0.0,,,False,,24195339.0,"96964, 25867, None, None",,,Angular,0.0
2254079376,fracuci,Update home.component.ts,closed,2024-12-28 09:20:46+00:00,,2024-12-28 14:29:45+00:00,,main,patch-1,,0.0,0.0,,0.0,0.0,thePunderWoman,,False,,24195339.0,"96964, 25867, None, None",,,Angular,0.0
2254059525,crisbeto,fix(compiler-cli): account for more expression types when determining HMR dependencies,closed,2024-12-28 08:02:57+00:00,,2025-01-06 17:26:00+00:00,"action: merge, target: patch, area: compiler, core: hot module replacement (HMR)",main,59310/expression-checks,,0.0,0.0,,0.0,0.0,,,False,,24195339.0,"96964, 25867, None, None",,,Angular,0.0
2253818134,juanitourquiza,docs: changed name class.,closed,2024-12-27 23:51:00+00:00,,2025-01-06 16:07:57+00:00,"action: merge, cla: yes, target: patch, area: docs",main,patch-1,,0.0,0.0,,0.0,0.0,,,False,,24195339.0,"96964, 25867, None, None",,,Angular,0.0
2253693944,AndrewKushnir,docs: add a note about Incremental Hydration to the `@defer` docs,closed,2024-12-27 19:34:09+00:00,,2025-01-06 16:06:38+00:00,"action: merge, target: patch, area: docs, adev: preview",main,defer_docs_ssr,,0.0,0.0,,0.0,0.0,,,False,,24195339.0,"96964, 25867, None, None",,,Angular,0.0
2253473392,devversion,fix(bazel): allow `ng_package` to work with `rules_js` dependencies,closed,2024-12-27 14:41:29+00:00,,2024-12-27 14:56:34+00:00,"action: merge, target: patch, area: bazel",main,compat-rules-js-ng-package,,0.0,0.0,,0.0,0.0,,,False,,24195339.0,"96964, 25867, None, None",,,Angular,0.0
2253222664,angelomarzocchi,added npm init instructions,closed,2024-12-27 10:12:03+00:00,,2024-12-28 02:44:57+00:00,,main,patch-1,,0.0,0.0,,0.0,0.0,alxhub,,False,,24195339.0,"96964, 25867, None, None",,,Angular,0.0
2253108067,crisbeto,fix(compiler-cli): preserve defer block dependencies during HMR when class metadata is disabled,closed,2024-12-27 08:05:29+00:00,,2025-01-06 17:26:33+00:00,"action: merge, target: patch, area: compiler",main,59310/hmr-defer-block,,0.0,0.0,,0.0,0.0,,,False,,24195339.0,"96964, 25867, None, None",,,Angular,0.0
2252967445,Bobokhuja,docs: fix typo example code in pipes documentation,closed,2024-12-27 04:57:27+00:00,,2025-01-13 15:38:11+00:00,"action: merge, target: patch, area: docs",main,fix/typo-in-pipes-docs,,0.0,0.0,,0.0,0.0,,,False,,24195339.0,"96964, 25867, None, None",,,Angular,0.0
2250777441,Avcharov,"docs: Rework ""Programmatically rendering components"" section with @defer mention",open,2024-12-24 10:12:13+00:00,,,"action: review, target: patch, area: docs, adev: preview",main,refactor-programmatically-rendering-components-section,,0.0,0.0,,0.0,0.0,,,False,,24195339.0,"96964, 25867, None, None",,,Angular,0.0
2250630012,crisbeto,fix(router): avoid component ID collisions with user code,closed,2024-12-24 08:01:48+00:00,,2025-01-06 19:18:55+00:00,"action: merge, area: router, target: patch",main,empty-outlet-warning,,0.0,0.0,,0.0,0.0,,,False,,24195339.0,"96964, 25867, None, None",,,Angular,0.0
2250522820,angular-robot,build: update scorecard action dependencies,closed,2024-12-24 06:13:09+00:00,,2025-01-06 16:16:01+00:00,"action: merge, area: build & ci, target: patch",main,ng-renovate/scorecard-action,,0.0,0.0,,0.0,0.0,,,False,,24195339.0,"96964, 25867, None, None",,,Angular,0.0
2250521861,angular-robot,build: update all non-major dependencies,closed,2024-12-24 06:12:01+00:00,,2025-01-06 16:15:31+00:00,"action: merge, area: build & ci, target: patch",main,ng-renovate/all-non-major-dependencies,,0.0,0.0,,0.0,0.0,,,False,,24195339.0,"96964, 25867, None, None",,,Angular,0.0
2250415997,JeanMeche,refactor(compiler): remove unused AstVisitors,closed,2024-12-24 03:58:16+00:00,,2025-01-14 16:08:29+00:00,"action: merge, target: patch, area: compiler",main,compiler/remove-ast-transformer,,0.0,0.0,,0.0,0.0,,,False,,24195339.0,"96964, 25867, None, None",,,Angular,0.0
2250396756,JeanMeche,test,closed,2024-12-24 03:28:58+00:00,,2025-02-02 21:34:52+00:00,"area: compiler, detected: feature",main,feat/for-range,,0.0,0.0,,0.0,0.0,,,True,,24195339.0,"96964, 25867, None, None",,,Angular,0.0
2249026533,angular-robot,build: lock file maintenance,closed,2024-12-23 08:13:09+00:00,,2025-01-06 22:23:11+00:00,"action: merge, area: build & ci, merge: caretaker note, target: minor",main,ng-renovate/lock-file-maintenance,,0.0,0.0,,0.0,0.0,JiaLiPassion,,False,,24195339.0,"96964, 25867, None, None",,,Angular,0.0
2248573251,sandord,refactor(compiler): incorrect spelling in for loop parse error message,closed,2024-12-22 23:46:09+00:00,,2025-01-06 16:18:19+00:00,"action: merge, target: patch, merge: caretaker note, area: compiler",main,spelling,,0.0,0.0,,0.0,0.0,,,False,,24195339.0,"96964, 25867, None, None",,,Angular,0.0
2248550604,JeanMeche,docs: update reactive form docs to use standalone,open,2024-12-22 22:35:34+00:00,,,area: docs,main,docs/reactive-forms-standalone,,0.0,0.0,,0.0,0.0,,,False,,24195339.0,"96964, 25867, None, None",,,Angular,0.0
2248442927,jossephus,docs: fix missing code annotation in routing-with-urlmatcher page,open,2024-12-22 16:13:56+00:00,,,"target: patch, detected: feature, area: docs, adev: preview",main,docs-fix-missing-code-annotations,,0.0,0.0,,0.0,0.0,alan-agius4,,False,,24195339.0,"96964, 25867, None, None",,,Angular,0.0
2248438704,Meehdi,docs: fix mermaid polygon node text visibility in dark mode,closed,2024-12-22 16:01:38+00:00,,2025-01-06 16:12:54+00:00,"action: merge, target: patch, area: docs, adev: preview",main,docs-dark-mode-diagrams,,0.0,0.0,,0.0,0.0,,,False,,24195339.0,"96964, 25867, None, None",,,Angular,0.0
2248298532,RafaelJCamara,docs: update contributing guidelines to reference TypeScript style guide,closed,2024-12-22 08:46:41+00:00,,2025-01-06 17:27:30+00:00,"action: merge, target: patch, area: docs",main,RafaelJCamara/update-style-guide,,0.0,0.0,,0.0,0.0,,,False,,24195339.0,"96964, 25867, None, None",,,Angular,0.0
2248293218,RafaelJCamara,refactor(core): handle angular#24571 todos,open,2024-12-22 08:27:17+00:00,,,area: core,main,RafaelJCamara/24571-todos,,0.0,0.0,,0.0,0.0,pkozlowski-opensource,,False,,24195339.0,"96964, 25867, None, None",,,Angular,0.0
2248285491,crisbeto,fix(core): cancel in-progress request when same value is assigned,closed,2024-12-22 08:01:44+00:00,,2025-01-29 16:40:14+00:00,"action: merge, area: core, target: minor",main,59272/resource-same-value,,0.0,0.0,,0.0,0.0,,,False,,24195339.0,"96964, 25867, None, None",,,Angular,0.0
2247905651,shairez,docs: fix wrong link to `whenStable`,closed,2024-12-21 14:26:24+00:00,,2025-01-06 16:04:26+00:00,"action: merge, target: patch, area: docs",main,patch-2,,0.0,0.0,,0.0,0.0,,,False,,24195339.0,"96964, 25867, None, None",,,Angular,0.0
2247891290,crisbeto,fix(compiler): handle :host-context with comma-separated child selector,closed,2024-12-21 14:10:15+00:00,,2025-01-21 17:11:19+00:00,"action: merge, target: patch, area: compiler",main,host-context-comma-separated,,0.0,0.0,,0.0,0.0,,,False,,24195339.0,"96964, 25867, None, None",,,Angular,0.0
2247560932,AndrewKushnir,refactor(platform-server): reduce timeout used in tests,closed,2024-12-21 01:26:22+00:00,,2025-01-06 16:19:01+00:00,"action: merge, area: server, target: patch",main,test_delay_decrease,,0.0,0.0,,0.0,0.0,,,False,,24195339.0,"96964, 25867, None, None",,,Angular,0.0
2247555630,AndrewKushnir,refactor(core): store hydrate trigger info only on the server,open,2024-12-21 01:11:09+00:00,,,"action: review, area: core, target: patch, core: incremental hydration",main,defer_hydrate_triggers_refactor,,0.0,0.0,,0.0,0.0,thePunderWoman,,False,,24195339.0,"96964, 25867, None, None",,,Angular,0.0
2247527164,JeanMeche,docs: remove data attributes from api-item-label,closed,2024-12-21 00:03:12+00:00,,2025-01-06 16:03:51+00:00,"action: merge, target: patch, area: docs, adev: preview",main,docs/api-item-data,,0.0,0.0,,0.0,0.0,,,False,,24195339.0,"96964, 25867, None, None",,,Angular,0.0
2247516375,josephperrott,fix(platform-browser): avoid circular DI error in async renderer,closed,2024-12-20 23:40:14+00:00,,2024-12-21 15:36:02+00:00,"action: merge, area: animations, target: patch",19.0.x,patch-for-59256,,0.0,0.0,,0.0,0.0,"pkozlowski-opensource, pkozlowski-opensource, pkozlowski-opensource",,False,,24195339.0,"96964, 25867, None, None",,,Angular,0.0
2247418945,arturovt,refactor(core): tree-shake `ApplicationRef.warnIfDestroyed`,closed,2024-12-20 21:51:03+00:00,,2025-01-06 17:28:12+00:00,"action: merge, area: core, target: patch",main,refactor/drop-app-ref-warn-method,,0.0,0.0,,0.0,0.0,,,False,,24195339.0,"96964, 25867, None, None",,,Angular,0.0
2247401800,RafaelJCamara,refactor: initialize headers map directly in HttpHeaders class,open,2024-12-20 21:30:29+00:00,,,"action: cleanup, area: common, target: patch",main,RafaelJCamara/24571-http-headers-cleanup,,0.0,0.0,,0.0,0.0,,,False,,24195339.0,"96964, 25867, None, None",,,Angular,0.0
2247297288,Ahmed-Hakeem,docs: add a note about styles collision resolution,open,2024-12-20 19:46:44+00:00,,,"area: docs, adev: preview",main,patch-8,,0.0,0.0,,0.0,0.0,alxhub,,False,,24195339.0,"96964, 25867, None, None",,,Angular,0.0
2247094545,Gitrhyme,docs: Add NG0750 to errors list,closed,2024-12-20 17:31:46+00:00,,2025-01-06 16:13:39+00:00,"action: merge, target: patch, merge: caretaker note, area: docs",main,add-error-NG0750,,0.0,0.0,,0.0,0.0,,,False,,24195339.0,"96964, 25867, None, None",,,Angular,0.0
2247044697,Shrinivassab,"i created a fix for the note, what can ia dd itn the cmmt message Whe…",closed,2024-12-20 17:00:06+00:00,,2024-12-20 17:01:39+00:00,,main,docs/styling/add-styleurl-note,,0.0,0.0,,0.0,0.0,kirjs,,False,,24195339.0,"96964, 25867, None, None",,,Angular,0.0
2246364292,crisbeto,fix(platform-browser): avoid circular DI error in async renderer,closed,2024-12-20 09:53:57+00:00,,2024-12-20 23:36:48+00:00,"action: merge, area: animations, target: minor, animations: async",main,59255/async-renderer,,0.0,0.0,,0.0,0.0,,,False,,24195339.0,"96964, 25867, None, None",,,Angular,0.0
2245700825,JeanMeche,docs(docs-infra): remove unused examples,open,2024-12-19 23:41:19+00:00,,,"area: docs-infra, area: docs",main,docs/remove-docs-examples,,0.0,0.0,,0.0,0.0,,,False,,24195339.0,"96964, 25867, None, None",,,Angular,0.0
2245691890,JeanMeche,refactor(animations): deprecate `BrowserAnimationsModule`,open,2024-12-19 23:29:43+00:00,,,area: animations,main,deprecate/animation-module,,0.0,0.0,,0.0,0.0,,,True,,24195339.0,"96964, 25867, None, None",,,Angular,0.0
2245114460,angular-robot,build: update cross-repo angular dependencies,closed,2024-12-19 17:11:55+00:00,,2025-01-09 17:18:48+00:00,"action: merge, area: build & ci, merge: caretaker note, target: rc",main,ng-renovate/cross-repo-angular-dependencies,,0.0,0.0,,0.0,0.0,,,False,,24195339.0,"96964, 25867, None, None",,,Angular,0.0
2244949178,angular-robot,build: update cross-repo angular dependencies - autoclosed,closed,2024-12-19 16:05:13+00:00,,2024-12-19 16:17:52+00:00,"action: merge, area: build & ci, merge: caretaker note, target: minor",main,ng-renovate/cross-repo-angular-dependencies,,0.0,0.0,,0.0,0.0,,,False,,24195339.0,"96964, 25867, None, None",,,Angular,0.0
2244177743,eneajaho,feat(animations): add ability to set the animations type dynamically,closed,2024-12-19 11:04:23+00:00,,2025-01-09 18:01:50+00:00,"area: animations, needs: discussion, detected: feature",main,feat/allow-factoryfn-on-provide-animations,,0.0,0.0,,0.0,0.0,,,True,,24195339.0,"96964, 25867, None, None",,,Angular,0.0
2243503981,ktcd,docs: update example code formatting,closed,2024-12-19 04:25:28+00:00,,2024-12-19 16:00:21+00:00,"action: merge, target: patch, area: docs",main,patch-9,,0.0,0.0,,0.0,0.0,,,False,,24195339.0,"96964, 25867, None, None",,,Angular,0.0
2243331585,JeanMeche,docs: update class & style binding recommendation,closed,2024-12-19 00:46:50+00:00,,2025-01-15 17:27:15+00:00,"action: merge, target: patch, area: docs, adev: preview",main,docs/update-class-style-bindings-recommendation,,0.0,0.0,,0.0,0.0,,,False,,24195339.0,"96964, 25867, None, None",,,Angular,0.0
2242916444,AndrewKushnir,"Bump version to ""v19.1.0-next.4"" with changelog.",closed,2024-12-18 19:04:59+00:00,2024-12-18 19:05:36+00:00,2024-12-18 19:05:36+00:00,"action: merge, PullApprove: disable",main,release-stage-19.1.0-next.4,,0.0,0.0,,0.0,0.0,,,False,,24195339.0,"96964, 25867, None, None",,,Angular,0.0
2242907714,AndrewKushnir,docs: release notes for the v19.0.5 release,closed,2024-12-18 18:59:26+00:00,2024-12-18 18:59:42+00:00,2024-12-18 18:59:42+00:00,"action: merge, PullApprove: disable, area: docs",main,changelog-cherry-pick-19.0.5,,0.0,0.0,,0.0,0.0,,,False,,24195339.0,"96964, 25867, None, None",,,Angular,0.0
2242900162,AndrewKushnir,"Bump version to ""v19.0.5"" with changelog.",closed,2024-12-18 18:54:23+00:00,2024-12-18 18:57:22+00:00,2024-12-18 18:57:22+00:00,"action: merge, PullApprove: disable",19.0.x,release-stage-19.0.5,,0.0,0.0,,0.0,0.0,,,False,,24195339.0,"96964, 25867, None, None",,,Angular,0.0
2242266257,m-housni,docs: fix typo in code example,closed,2024-12-18 13:31:18+00:00,,2024-12-18 17:37:25+00:00,"action: merge, cla: yes, target: patch, area: docs",main,master,,0.0,0.0,,0.0,0.0,,,False,,24195339.0,"96964, 25867, None, None",,,Angular,0.0
2242029594,JeanMeche,docs: fix dynamic template tutorial,closed,2024-12-18 11:35:22+00:00,,2024-12-18 21:39:28+00:00,"action: merge, target: patch, area: docs, adev: preview",main,docs/fix-59228,,0.0,0.0,,0.0,0.0,,,False,,24195339.0,"96964, 25867, None, None",,,Angular,0.0
2241971523,pkozlowski-opensource,Devtools profiler calls,closed,2024-12-18 11:05:02+00:00,,2025-01-14 17:35:22+00:00,"action: merge, area: core, merge: caretaker note, target: minor",main,devtools_profiler_calls,,0.0,0.0,,0.0,0.0,,,False,,24195339.0,"96964, 25867, None, None",,,Angular,0.0
2241668726,sandythesand,Update defer.md,closed,2024-12-18 08:43:20+00:00,,2024-12-18 17:36:24+00:00,"action: merge, target: patch",main,patch-1,,0.0,0.0,,0.0,0.0,,,False,,24195339.0,"96964, 25867, None, None",,,Angular,0.0
2241650851,crisbeto,Support untagged template literals in expressions,closed,2024-12-18 08:33:38+00:00,,2025-01-21 20:04:56+00:00,"action: merge, area: compiler, target: minor, detected: feature",main,template-literals,,0.0,0.0,,0.0,0.0,,,False,,24195339.0,"96964, 25867, None, None",,,Angular,0.0
2240643376,gicao,Update templates.md to actually use isAccountDisabled(),closed,2024-12-17 20:48:10+00:00,,2024-12-18 16:30:58+00:00,cla: no,main,patch-1,,0.0,0.0,,0.0,0.0,AndrewKushnir,,False,,24195339.0,"96964, 25867, None, None",,,Angular,0.0
2240493665,dgp1130,release: bump Angular DevTools version to 1.0.19,closed,2024-12-17 19:33:01+00:00,,2024-12-17 20:46:42+00:00,"action: merge, target: patch, area: devtools",main,devtools-release,,0.0,0.0,,0.0,0.0,,,False,,24195339.0,"96964, 25867, None, None",,,Angular,0.0
2240139884,JeanMeche,docs: update `linkedSignal`.,closed,2024-12-17 16:49:38+00:00,,2025-01-10 15:41:21+00:00,"action: merge, target: patch, merge: caretaker note, area: docs",main,docs/linked-signal,,0.0,0.0,,0.0,0.0,,,False,,24195339.0,"96964, 25867, None, None",,,Angular,0.0
2239788034,alan-agius4,refactor(core): reduce generated code,closed,2024-12-17 14:25:26+00:00,,2024-12-17 22:53:52+00:00,"action: merge, area: core, target: patch",main,defer-promises,,0.0,0.0,,0.0,0.0,,,False,,24195339.0,"96964, 25867, None, None",,,Angular,0.0
2239768536,devversion,refactor(compiler-cli): fix instanceof for error not working,closed,2024-12-17 14:16:25+00:00,,2024-12-17 17:36:55+00:00,"action: merge, target: patch, area: compiler",main,fix-error-instanceof,,0.0,0.0,,0.0,0.0,,,False,,24195339.0,"96964, 25867, None, None",,,Angular,0.0
2239662971,Avcharov,docs: Fix Code of Conduct Readme link,closed,2024-12-17 13:27:03+00:00,,2024-12-17 20:54:22+00:00,"action: merge, target: patch, area: docs",main,fix-code-of-conduct-readme-link,,0.0,0.0,,0.0,0.0,,,False,,24195339.0,"96964, 25867, None, None",,,Angular,0.0
2238831192,angular-robot,build: update github/codeql-action action to v3.27.9,closed,2024-12-17 06:12:10+00:00,,2024-12-17 17:31:21+00:00,"action: merge, area: build & ci, target: patch, merge: caretaker note",main,ng-renovate/scorecard-action,,0.0,0.0,,0.0,0.0,"JeanMeche, JeanMeche",,False,,24195339.0,"96964, 25867, None, None",,,Angular,0.0
2238192362,thePunderWoman,docs: add anti-patterns and notes about 3rd party scripts,closed,2024-12-16 20:13:42+00:00,,2024-12-17 17:29:35+00:00,"action: merge, target: patch, area: docs, adev: preview",main,hydration-docs,,0.0,0.0,,0.0,0.0,,,False,,24195339.0,"96964, 25867, None, None",,,Angular,0.0
2237924986,JeanMeche,refactor(core): remove unused injection props,open,2024-12-16 17:47:12+00:00,,,"action: cleanup, area: core, target: minor",main,inj-props,,0.0,0.0,,0.0,0.0,,,False,,24195339.0,"96964, 25867, None, None",,,Angular,0.0
2237917352,JeanMeche,refactor(core): remove module bootstrap code when using standalone.,open,2024-12-16 17:42:46+00:00,,,"action: review, area: core",main,module-boostrap,,0.0,0.0,,0.0,0.0,pkozlowski-opensource,,False,,24195339.0,"96964, 25867, None, None",,,Angular,0.0
2237858764,hawkgs,docs(docs-infra): fix scrolling issues in the API reference,closed,2024-12-16 17:11:20+00:00,,2025-01-14 19:56:48+00:00,"action: merge, target: patch, area: docs-infra, area: docs, adev: preview",main,docs/api-ref-scrolling-bug-fixes,,0.0,0.0,,0.0,0.0,MarkTechson,,False,,24195339.0,"96964, 25867, None, None",,,Angular,0.0
2237656261,alan-agius4,Pr takeover 59053,closed,2024-12-16 15:36:49+00:00,,2024-12-16 15:54:57+00:00,"area: build & ci, adev: preview",main,pr-takeover-59053,,0.0,0.0,,0.0,0.0,,,True,,24195339.0,"96964, 25867, None, None",,,Angular,0.0
2237581069,alan-agius4,[PATCH] refactor(core): add `ENABLE_ROOT_COMPONENT_BOOTSTRAP` token,closed,2024-12-16 15:06:12+00:00,,2024-12-16 19:32:49+00:00,"action: merge, area: core, target: patch",19.0.x,DISABLE_COMPONENTS_BOOTSTRAP_TOKEN_patch,,0.0,0.0,,0.0,0.0,,,False,,24195339.0,"96964, 25867, None, None",,,Angular,0.0
2236687184,angular-robot,build: lock file maintenance,closed,2024-12-16 08:14:45+00:00,,2024-12-16 23:22:42+00:00,"action: merge, area: build & ci, target: patch, merge: caretaker note",main,ng-renovate/lock-file-maintenance,,0.0,0.0,,0.0,0.0,JiaLiPassion,,False,,24195339.0,"96964, 25867, None, None",,,Angular,0.0
2235882848,ktcd,docs: remove unused import from example,closed,2024-12-15 16:41:14+00:00,,2024-12-16 23:21:27+00:00,"action: merge, target: patch, area: docs",main,patch-8,,0.0,0.0,,0.0,0.0,,,False,,24195339.0,"96964, 25867, None, None",,,Angular,0.0
2235367116,ktcd,docs: use arrays in the impure pipe example,closed,2024-12-14 21:08:55+00:00,,2024-12-16 23:19:50+00:00,"action: merge, target: patch, area: docs",main,patch-6,,0.0,0.0,,0.0,0.0,,,False,,24195339.0,"96964, 25867, None, None",,,Angular,0.0
2235211567,ktcd,docs: use model API in two-way binding example,open,2024-12-14 16:03:22+00:00,,,"target: patch, area: docs, adev: preview",main,patch-5,,0.0,0.0,,0.0,0.0,eneajaho,,False,,24195339.0,"96964, 25867, None, None",,,Angular,0.0
2235199395,joshbenner851,docs: Fix Dependency Injection Readme guide link,closed,2024-12-14 15:36:23+00:00,,2024-12-16 19:34:49+00:00,"action: merge, target: patch, area: docs",main,fix-dependency-injection-readme-link,,0.0,0.0,,0.0,0.0,,,False,,24195339.0,"96964, 25867, None, None",,,Angular,0.0
2235036746,RafaelJCamara,feat(compiler-cli): add diagnostic for uninvoked functions in text interpolation,open,2024-12-14 10:31:53+00:00,,,"detected: feature, area: docs, adev: preview",main,RafaelJCamara/59157-func-text-interpolation,,0.0,0.0,,0.0,0.0,"alxhub, JeanMeche",,False,,24195339.0,"96964, 25867, None, None",,,Angular,0.0
2234578211,AndrewKushnir,refactor(core): do not serialize parent block id for top level blocks,closed,2024-12-13 21:28:47+00:00,,2025-01-14 16:07:01+00:00,"action: merge, area: core, target: patch, core: incremental hydration",main,defer_min_serialization_info,,0.0,0.0,,0.0,0.0,,,False,,24195339.0,"96964, 25867, None, None",,,Angular,0.0
2234344259,thePunderWoman,refactor(core): add skipped defer blocks count to ngDevMode,closed,2024-12-13 18:38:12+00:00,,2024-12-16 18:25:48+00:00,"action: merge, area: core, target: patch",main,hydration-info,,0.0,0.0,,0.0,0.0,,,False,,24195339.0,"96964, 25867, None, None",,,Angular,0.0
2234048994,crisbeto,feat(core): add utility for resolving defer block information to ng global,closed,2024-12-13 15:24:31+00:00,,2024-12-16 18:26:45+00:00,"action: merge, area: core, target: minor, detected: feature",main,defer-debug,,0.0,0.0,,0.0,0.0,,,False,,24195339.0,"96964, 25867, None, None",,,Angular,0.0
2233855122,pkozlowski-opensource,feat(core): extend the set of profiler events,closed,2024-12-13 13:37:50+00:00,,2024-12-18 17:34:08+00:00,"action: merge, area: core, target: minor, detected: feature",main,devtools_profiler_events,,0.0,0.0,,0.0,0.0,,,False,,24195339.0,"96964, 25867, None, None",,,Angular,0.0
2233615505,ZiaKhan-Coder,Update end-to-end.md,closed,2024-12-13 11:18:42+00:00,,2024-12-16 19:35:08+00:00,cla: no,main,patch-1,,0.0,0.0,,0.0,0.0,alxhub,,False,,24195339.0,"96964, 25867, None, None",,,Angular,0.0
2232824323,AndrewKushnir,fix(core): avoid triggering `on timer` and `on idle` on the server,closed,2024-12-13 01:28:02+00:00,,2024-12-13 18:10:30+00:00,"action: merge, area: core, target: patch, core: defer",main,defer_ssr_on_timer,,0.0,0.0,,0.0,0.0,,,False,,24195339.0,"96964, 25867, None, None",,,Angular,0.0
2232679154,AndrewKushnir,"Bump version to ""v19.1.0-next.3"" with changelog.",closed,2024-12-12 22:42:08+00:00,2024-12-12 22:42:24+00:00,2024-12-12 22:42:24+00:00,"action: merge, PullApprove: disable",main,release-stage-19.1.0-next.3,,0.0,0.0,,0.0,0.0,,,False,,24195339.0,"96964, 25867, None, None",,,Angular,0.0
2232293703,thePunderWoman,fix(core): Fix nested timer serialization,closed,2024-12-12 18:10:30+00:00,,2024-12-12 22:55:34+00:00,"action: merge, area: core, target: patch",main,hydrate-delay,,0.0,0.0,,0.0,0.0,,,False,,24195339.0,"96964, 25867, None, None",,,Angular,0.0
2231391945,alan-agius4,perf(docs-infra): improve app configuration,closed,2024-12-12 11:07:16+00:00,,2024-12-12 22:54:53+00:00,"action: merge, area: performance, target: patch, area: docs-infra",main,docs-infra-firebase,,0.0,0.0,,0.0,0.0,,,False,,24195339.0,"96964, 25867, None, None",,,Angular,0.0
2231295243,hawkgs,docs(core): remove redundant reference-manifests handwritten entries,closed,2024-12-12 10:21:47+00:00,,2024-12-13 01:29:25+00:00,"action: merge, area: core, target: patch, area: docs, adev: preview",main,docs/drop-core-reference-manifests,,0.0,0.0,,0.0,0.0,,,False,,24195339.0,"96964, 25867, None, None",,,Angular,0.0
2231273588,alxhub,docs: release notes for the v19.0.4 release,closed,2024-12-12 10:11:06+00:00,,2024-12-12 22:33:09+00:00,"action: merge, target: minor, PullApprove: disable, area: docs",main,changelog-cherry-pick-19.0.4,,0.0,0.0,,0.0,0.0,,,False,,24195339.0,"96964, 25867, None, None",,,Angular,0.0
2231267657,alxhub,"Bump version to ""v19.0.4"" with changelog.",closed,2024-12-12 10:08:31+00:00,2024-12-12 10:08:53+00:00,2024-12-12 10:08:53+00:00,"action: merge, PullApprove: disable",19.0.x,release-stage-19.0.4,,0.0,0.0,,0.0,0.0,,,False,,24195339.0,"96964, 25867, None, None",,,Angular,0.0
2231135251,alan-agius4,docs: update i18n deployment docs to use subPath option,closed,2024-12-12 09:05:07+00:00,,2024-12-13 00:20:21+00:00,"action: merge, target: minor, area: docs, adev: preview",main,i18n-sub-path,,0.0,0.0,,0.0,0.0,,,False,,24195339.0,"96964, 25867, None, None",,,Angular,0.0
2230896269,htaebi,Update anatomy-of-components.md,closed,2024-12-12 06:59:32+00:00,,2024-12-16 19:36:37+00:00,,main,patch-1,,0.0,0.0,,0.0,0.0,pkozlowski-opensource,,False,,24195339.0,"96964, 25867, None, None",,,Angular,0.0
2230891846,Gitrhyme,docs: fix all brokens links on the API pages,open,2024-12-12 06:56:25+00:00,,,"action: review, target: patch, area: docs, adev: preview",main,broken-links-fix,,0.0,0.0,,0.0,0.0,"alxhub, AndrewKushnir, JeanMeche",,False,,24195339.0,"96964, 25867, None, None",,,Angular,0.0
2230047667,ktcd,docs: replace NgIf with new template syntax @if,open,2024-12-11 21:54:26+00:00,,,area: docs,main,patch-4,,0.0,0.0,,0.0,0.0,bencodezen,,False,,24195339.0,"96964, 25867, None, None",,,Angular,0.0
2230010152,thePunderWoman,refactor(core): replace regexp in incremental hydration,closed,2024-12-11 21:28:51+00:00,,2024-12-12 22:54:03+00:00,"action: merge, area: core, target: patch",main,hydration-regexp,,0.0,0.0,,0.0,0.0,,,False,,24195339.0,"96964, 25867, None, None",,,Angular,0.0
2229720741,vladboisa,docs(docs-infra): replace newline with <br>,closed,2024-12-11 19:02:04+00:00,,2024-12-17 00:31:10+00:00,"action: merge, target: patch, area: docs-infra, area: docs",main,patch-4,,0.0,0.0,,0.0,0.0,,,False,,24195339.0,"96964, 25867, None, None",,,Angular,0.0
2229000219,RafaelJCamara,docs: correct link to Dependency Injection guide in NgModule overview,closed,2024-12-11 13:17:10+00:00,,2024-12-15 02:46:50+00:00,area: docs,main,RafaelJCamara-docs/59139,,0.0,0.0,,0.0,0.0,pkozlowski-opensource,,False,,24195339.0,"96964, 25867, None, None",,,Angular,0.0
2228890722,crisbeto,build: simplify symbol tests format,closed,2024-12-11 12:24:12+00:00,,2024-12-12 22:59:15+00:00,"action: merge, area: build & ci, target: minor",main,simplify-symbols,,0.0,0.0,,0.0,0.0,,,False,,24195339.0,"96964, 25867, None, None",,,Angular,0.0
2228622908,alan-agius4,refactor(core): avoid unnecessary `Promise.all` in `ApplicationInitStatus`,closed,2024-12-11 10:43:07+00:00,,2024-12-16 15:08:23+00:00,"action: review, area: core, target: patch",main,async-init,,0.0,0.0,,0.0,0.0,,,False,,24195339.0,"96964, 25867, None, None",,,Angular,0.0
2227409367,kirjs,refactor: standardize the way we detect ngDevMode,open,2024-12-10 21:06:15+00:00,,,"action: cleanup, action: review, area: core, target: patch",main,refactor-stadardize-ng-dev-mode,,0.0,0.0,,0.0,0.0,"alxhub, AndrewKushnir, jelbourn, pkozlowski-opensource",,True,,24195339.0,"96964, 25867, None, None",,,Angular,0.0
2226812865,alan-agius4,refactor: replace `ɵPendingTasks` with `ɵPendingTasksInternal`,closed,2024-12-10 16:02:42+00:00,,2024-12-10 21:45:10+00:00,"action: merge, area: core, target: patch",main,ɵPendingTasks-remove,,0.0,0.0,,0.0,0.0,,,False,,24195339.0,"96964, 25867, None, None",,,Angular,0.0
2226468427,crisbeto,refactor(core): allow tracing service to wrap event listeners,closed,2024-12-10 13:38:51+00:00,,2024-12-12 22:52:44+00:00,"action: merge, area: core, target: minor",main,tracing-wrap-event,,0.0,0.0,,0.0,0.0,,,False,,24195339.0,"96964, 25867, None, None",,,Angular,0.0
2226343853,alan-agius4,refactor(core): add `ENABLE_ROOT_COMPONENT_BOOTSTRAP` token,closed,2024-12-10 12:39:50+00:00,,2024-12-16 18:28:21+00:00,"action: merge, area: core, area: server, target: minor",main,DISABLE_COMPONENTS_BOOTSTRAP_TOKEN,,0.0,0.0,,0.0,0.0,,,False,,24195339.0,"96964, 25867, None, None",,,Angular,0.0
2226340843,crisbeto,fix(compiler-cli): incorrectly checking event side of two-way bindings when narrowed,open,2024-12-10 12:38:16+00:00,,,"action: review, area: compiler, target: minor",main,alternate-two-way-binding-check,,0.0,0.0,,0.0,0.0,JoostK,,False,,24195339.0,"96964, 25867, None, None",,,Angular,0.0
2226236880,tidusjar,refactor(common): update the NgOptimizedImage message to use `@if` instead of `*ngIf`,closed,2024-12-10 11:49:46+00:00,,2024-12-12 22:51:48+00:00,"action: merge, area: common, target: patch",main,tidusjar/refactor-NgOptimizedImage-docs,,0.0,0.0,,0.0,0.0,,,False,,24195339.0,"96964, 25867, None, None",,,Angular,0.0
2226020576,thesmiler,docs: add approximate v19.x and v20 release dates,closed,2024-12-10 10:13:50+00:00,,2024-12-10 21:46:21+00:00,"action: merge, target: patch, area: docs, adev: preview",main,v20-dates,,0.0,0.0,,0.0,0.0,,,False,,24195339.0,"96964, 25867, None, None",,,Angular,0.0
2225536918,angular-robot,build: update babel dependencies,closed,2024-12-10 06:16:09+00:00,,2024-12-12 22:58:37+00:00,"action: merge, area: build & ci, target: patch",main,ng-renovate/babel-dependencies,,0.0,0.0,,0.0,0.0,,,False,,24195339.0,"96964, 25867, None, None",,,Angular,0.0
2225534828,angular-robot,build: update github/codeql-action action to v3.27.7,closed,2024-12-10 06:14:26+00:00,,2024-12-10 21:45:37+00:00,"action: merge, area: build & ci, target: patch",main,ng-renovate/scorecard-action,,0.0,0.0,,0.0,0.0,,,False,,24195339.0,"96964, 25867, None, None",,,Angular,0.0
2225532810,angular-robot,build: update dependency https-proxy-agent to v7.0.6,closed,2024-12-10 06:12:45+00:00,,2024-12-12 22:57:17+00:00,"action: merge, area: build & ci, target: patch",main,ng-renovate/all-non-major-dependencies,,0.0,0.0,,0.0,0.0,,,False,,24195339.0,"96964, 25867, None, None",,,Angular,0.0
2225250990,alxhub,perf(core): optimize multiple sequential reads of the same signal,open,2024-12-10 02:54:56+00:00,,,"area: performance, area: core",main,signal-opt/same-producer,,0.0,0.0,,0.0,0.0,,,True,,24195339.0,"96964, 25867, None, None",,,Angular,0.0
2225210240,JeanMeche,refactor(core): remove duplicate check.,open,2024-12-10 02:26:11+00:00,,,area: core,main,docs/hasOnDestroy,,0.0,0.0,,0.0,0.0,crisbeto,,False,,24195339.0,"96964, 25867, None, None",,,Angular,0.0
2225076507,JeanMeche,refactor(core): extract `dirty` and `markForRefresh` from the private ViewRef.,open,2024-12-10 00:35:13+00:00,,,"area: core, target: patch, action: presubmit",main,core/viewref,,0.0,0.0,,0.0,0.0,,,False,,24195339.0,"96964, 25867, None, None",,,Angular,0.0
2224689876,shayan-ghzl,docs: correct typo in description of runTask method,closed,2024-12-09 20:36:56+00:00,,2024-12-13 18:09:44+00:00,"action: merge, target: patch, area: docs",main,main,,0.0,0.0,,0.0,0.0,,,False,,24195339.0,"96964, 25867, None, None",,,Angular,0.0
2224678360,danielsogl,docs: update example to use inject function and self closing…,closed,2024-12-09 20:29:38+00:00,,2025-01-06 16:03:00+00:00,"action: merge, target: patch, area: docs",main,patch-2,,0.0,0.0,,0.0,0.0,,,False,,24195339.0,"96964, 25867, None, None",,,Angular,0.0
2224635514,JeanMeche,refactor(core): remove dependency on rxjs' `BehaviorSubject`.,closed,2024-12-09 20:04:12+00:00,,2024-12-09 23:09:52+00:00,area: core,main,core/behavior,,0.0,0.0,,0.0,0.0,alxhub,,False,,24195339.0,"96964, 25867, None, None",,,Angular,0.0
2223789237,hawkgs,docs(docs-infra): fix SCSS build-time warnings,closed,2024-12-09 14:31:30+00:00,,2025-01-14 16:09:38+00:00,"action: merge, target: patch, area: docs-infra, area: docs",main,docs/fix-build-warnings,,0.0,0.0,,0.0,0.0,,,False,,24195339.0,"96964, 25867, None, None",,,Angular,0.0
2222971433,RafaelJCamara,docs: improve docs on NgModule providers,closed,2024-12-09 08:18:47+00:00,,2024-12-10 21:44:13+00:00,"action: merge, target: patch, area: docs",main,RafaelJCamara-docs/59096,,0.0,0.0,,0.0,0.0,,,False,,24195339.0,"96964, 25867, None, None",,,Angular,0.0
2222961630,angular-robot,build: lock file maintenance,closed,2024-12-09 08:13:49+00:00,,2024-12-10 21:43:31+00:00,"action: merge, area: build & ci, target: patch, merge: caretaker note",main,ng-renovate/lock-file-maintenance,,0.0,0.0,,0.0,0.0,JiaLiPassion,,False,,24195339.0,"96964, 25867, None, None",,,Angular,0.0
2221686207,JeanMeche,docs(docs-infra): remove costly `localeCompare`,closed,2024-12-08 01:29:01+00:00,,2024-12-16 23:18:42+00:00,"action: merge, target: patch, area: docs-infra, area: docs, adev: preview",main,docs/59069,,0.0,0.0,,0.0,0.0,,,False,,24195339.0,"96964, 25867, None, None",,,Angular,0.0
2221681184,JeanMeche,docs: fix mermaid DI diagram.,closed,2024-12-08 01:07:38+00:00,,2024-12-10 21:42:06+00:00,"action: merge, target: patch, adev: preview",main,docs/mermaid-di,,0.0,0.0,,0.0,0.0,,,False,,24195339.0,"96964, 25867, None, None",,,Angular,0.0
2221607983,sanskaarz,docs: correct grammar and improve clarity,closed,2024-12-07 20:02:56+00:00,,2024-12-09 17:37:02+00:00,area: docs,main,main,,0.0,0.0,,0.0,0.0,josephperrott,,False,,24195339.0,"96964, 25867, None, None",,,Angular,0.0
2221492879,Ask-786,docs(docs-infra): removed confusing extra single quote,closed,2024-12-07 14:28:14+00:00,,2024-12-10 21:40:41+00:00,"action: merge, target: patch, area: docs-infra, area: docs",main,doc-fix,,0.0,0.0,,0.0,0.0,,,False,,24195339.0,"96964, 25867, None, None",,,Angular,0.0
2221339307,crisbeto,refactor(docs-infra): fix build-time warnings,closed,2024-12-07 08:10:45+00:00,,2024-12-10 21:40:14+00:00,"action: merge, target: patch, area: docs-infra, adev: preview",main,adev-warnings,,0.0,0.0,,0.0,0.0,,,False,,24195339.0,"96964, 25867, None, None",,,Angular,0.0
2221282101,Ask-786,docs(docs-infra): removed confusing extra single quote,closed,2024-12-07 06:03:44+00:00,,2024-12-07 14:15:07+00:00,"cla: yes, target: patch, area: docs-infra, area: docs",main,doc-fix,,0.0,0.0,,0.0,0.0,,,False,,24195339.0,"96964, 25867, None, None",,,Angular,0.0
2220794068,thePunderWoman,ci: Update caretaker config for merge queue,closed,2024-12-06 20:19:38+00:00,,2024-12-10 21:48:09+00:00,"action: merge, area: build & ci, target: patch",main,merge-queue,,0.0,0.0,,0.0,0.0,,,False,,24195339.0,"96964, 25867, None, None",,,Angular,0.0
2220525499,crisbeto,feat(core): add event listener options to renderer,closed,2024-12-06 17:14:30+00:00,,2024-12-10 21:39:49+00:00,"action: merge, area: core, target: minor, detected: feature",main,listener-options,,0.0,0.0,,0.0,0.0,,,False,,24195339.0,"96964, 25867, None, None",,,Angular,0.0
2220053212,hawkgs,docs: set syntax highlighting to the remaining Markdown code examples blocks,closed,2024-12-06 13:08:47+00:00,,2025-01-14 20:14:07+00:00,"action: merge, target: patch, merge: caretaker note, area: docs",main,docs/syntax-highlighting-remaining-blocks,,0.0,0.0,,0.0,0.0,"AndrewKushnir, JiaLiPassion",,False,,24195339.0,"96964, 25867, None, None",,,Angular,0.0
2219980963,crisbeto,fix(compiler-cli): preserve non-null assertions in event side of two-way bindings,closed,2024-12-06 12:28:19+00:00,,2024-12-09 18:25:35+00:00,"action: review, target: patch",main,two-way-non-null-assertions,,0.0,0.0,,0.0,0.0,,,False,,24195339.0,"96964, 25867, None, None",,,Angular,0.0
2219551113,ColinJolivet,Refactor/dont show expand button when there is no hidden line,open,2024-12-06 09:07:17+00:00,,,"action: cleanup, area: docs-infra, adev: preview",main,refactor/dont-show-expand-button-when-there-is-no-hidden-line,,0.0,0.0,,0.0,0.0,,,False,,24195339.0,"96964, 25867, None, None",,,Angular,0.0
2218628164,alxhub,Empty the circular dependencies golden,closed,2024-12-05 21:26:17+00:00,,2024-12-06 00:01:18+00:00,"action: merge, area: router, area: core, target: patch, area: compiler",main,refactor/remove-circular-deps,,0.0,0.0,,0.0,0.0,,,False,,24195339.0,"96964, 25867, None, None",,,Angular,0.0
2218306327,thePunderWoman,ci: consolidate pullapprove groups,closed,2024-12-05 18:26:19+00:00,,2024-12-19 21:38:46+00:00,"action: merge, area: build & ci, target: patch",main,consolidate-pullapprove,,0.0,0.0,,0.0,0.0,,,False,,24195339.0,"96964, 25867, None, None",,,Angular,0.0
2218272258,BreadInvasion,Update Dependency Injection Guide Preferring inject(),closed,2024-12-05 18:04:25+00:00,,2025-02-03 21:51:26+00:00,"action: merge, target: patch, area: docs, adev: preview",main,injection-docs,,0.0,0.0,,0.0,0.0,,,False,,24195339.0,"96964, 25867, None, None",,,Angular,0.0
2218223901,amysorto,docs: add component harnesses guides,closed,2024-12-05 17:35:59+00:00,,2025-01-13 15:46:47+00:00,"action: merge, target: patch, area: docs, adev: preview",main,test-harnesses,,0.0,0.0,,0.0,0.0,,,False,,24195339.0,"96964, 25867, None, None",,,Angular,0.0
2218181968,angular-robot,build: update actions/cache digest to 1bd1e32,closed,2024-12-05 17:12:39+00:00,,2024-12-06 22:38:31+00:00,"action: merge, area: build & ci, target: patch",main,ng-renovate/actions-cache-digest,,0.0,0.0,,0.0,0.0,,,False,,24195339.0,"96964, 25867, None, None",,,Angular,0.0
2217929579,arielbackenroth,fix(core): Snapshots can return nullish values; don't run the snapsho…,closed,2024-12-05 15:20:55+00:00,,2024-12-06 00:16:52+00:00,"action: merge, area: core, target: patch",main,main,,0.0,0.0,,0.0,0.0,,,False,,24195339.0,"96964, 25867, None, None",,,Angular,0.0
2217893417,hawkgs,docs(docs-infra): make font styles consistent in the API code ToC,closed,2024-12-05 15:05:14+00:00,,2024-12-13 00:19:48+00:00,"action: merge, target: patch, area: docs-infra, area: docs",main,docs/fix-api-code-font-size-safari,,0.0,0.0,,0.0,0.0,,,False,,24195339.0,"96964, 25867, None, None",,,Angular,0.0
2217893039,josephperrott,ci: update to latest version of dev-infra actions,closed,2024-12-05 15:05:03+00:00,,2024-12-05 15:18:29+00:00,"action: merge, area: build & ci, target: patch",19.0.x,update-actions-patch,,0.0,0.0,,0.0,0.0,,,False,,24195339.0,"96964, 25867, None, None",,,Angular,0.0
2217883814,josephperrott,ci: update to latest version of dev-infra actions,closed,2024-12-05 15:00:47+00:00,,2024-12-05 15:17:32+00:00,"action: merge, area: build & ci, target: patch",main,update-actions,,0.0,0.0,,0.0,0.0,,,False,,24195339.0,"96964, 25867, None, None",,,Angular,0.0
2217782297,hawkgs,docs(docs-infra): drop tabs layout from the API reference details page,closed,2024-12-05 14:15:45+00:00,,2025-02-13 14:58:35+00:00,"action: merge, target: patch, area: docs-infra, area: docs, adev: preview",main,docs/api-ref-drop-tabs,,0.0,0.0,,0.0,0.0,,,False,,24195339.0,"96964, 25867, None, None",,,Angular,0.0
2217211310,crisbeto,fix(compiler-cli): error in unused standalone imports diagnostic,closed,2024-12-05 09:49:45+00:00,,2024-12-06 00:14:04+00:00,"action: merge, target: patch",main,58872/standalone-diag-error,,0.0,0.0,,0.0,0.0,,,False,,24195339.0,"96964, 25867, None, None",,,Angular,0.0
2217010351,crisbeto,fix(compiler-cli): consider pre-release versions when detecting feature support,closed,2024-12-05 08:07:38+00:00,,2024-12-06 00:15:16+00:00,"action: merge, target: patch, merge: caretaker note",main,feature-detection-pre-release,,0.0,0.0,,0.0,0.0,,,False,,24195339.0,"96964, 25867, None, None",,,Angular,0.0
2216412414,tbondwilkinson,refactor(core): Remove event_contract_multi_container,closed,2024-12-04 23:48:45+00:00,,2024-12-05 23:24:46+00:00,"action: merge, area: core, target: patch, merge: caretaker note, requires: TGP, core: event dispatch",main,jsaction-cleanup,,0.0,0.0,,0.0,0.0,,,False,,24195339.0,"96964, 25867, None, None",,,Angular,0.0
2216060426,pkozlowski-opensource,"Bump version to ""v19.1.0-next.2"" with changelog.",closed,2024-12-04 19:29:20+00:00,2024-12-04 19:30:03+00:00,2024-12-04 19:30:03+00:00,"action: merge, PullApprove: disable",main,release-stage-19.1.0-next.2,,0.0,0.0,,0.0,0.0,,,False,,24195339.0,"96964, 25867, None, None",,,Angular,0.0
2216048924,pkozlowski-opensource,docs: release notes for the v19.0.3 release,closed,2024-12-04 19:22:33+00:00,2024-12-04 19:23:03+00:00,2024-12-04 19:23:03+00:00,"action: merge, PullApprove: disable, area: docs",main,changelog-cherry-pick-19.0.3,,0.0,0.0,,0.0,0.0,,,False,,24195339.0,"96964, 25867, None, None",,,Angular,0.0
2216044758,pkozlowski-opensource,"Bump version to ""v19.0.3"" with changelog.",closed,2024-12-04 19:20:00+00:00,2024-12-04 19:20:18+00:00,2024-12-04 19:20:18+00:00,"action: merge, PullApprove: disable",19.0.x,release-stage-19.0.3,,0.0,0.0,,0.0,0.0,,,False,,24195339.0,"96964, 25867, None, None",,,Angular,0.0
2215924417,angular-robot,build: update cross-repo angular dependencies,closed,2024-12-04 18:13:31+00:00,,2024-12-19 16:01:41+00:00,"action: merge, area: build & ci, merge: caretaker note, target: minor",main,ng-renovate/cross-repo-angular-dependencies,,0.0,0.0,,0.0,0.0,,,False,,24195339.0,"96964, 25867, None, None",,,Angular,0.0
2215876847,JeanMeche,refactor(platform-browser): animation module is not optional.,closed,2024-12-04 17:47:13+00:00,,2024-12-04 18:00:24+00:00,,main,fix/platform-browser-deps,,0.0,0.0,,0.0,0.0,,,True,,24195339.0,"96964, 25867, None, None",,,Angular,0.0
2215838383,JeanMeche,"Revert ""fix(platform-server): remove peer dependency on animations (#…",closed,2024-12-04 17:26:26+00:00,,2024-12-04 18:11:18+00:00,"action: merge, area: server, target: patch, merge: caretaker note",main,revert/server-animations,,0.0,0.0,,0.0,0.0,,,False,,24195339.0,"96964, 25867, None, None",,,Angular,0.0
2215781844,JeanMeche,refactor(http): Don't log fetch warning in tests.,closed,2024-12-04 16:56:49+00:00,,2024-12-06 00:12:58+00:00,"action: merge, area: common/http, target: patch",main,refactor/http-testing-warning,,0.0,0.0,,0.0,0.0,,,False,,24195339.0,"96964, 25867, None, None",,,Angular,0.0
2215752532,alan-agius4,build: update cross-repo angular dependencies,closed,2024-12-04 16:41:33+00:00,,2024-12-04 17:22:02+00:00,"action: merge, area: build & ci, target: patch",19.0.x,cross-repo-angular-dependencies-cherry-pick,,0.0,0.0,,0.0,0.0,,,False,,24195339.0,"96964, 25867, None, None",,,Angular,0.0
2215723633,minddust,docs: fix dynamic property example,closed,2024-12-04 16:26:57+00:00,,2024-12-04 16:54:28+00:00,"cla: no, area: docs",main,patch-1,,0.0,0.0,,0.0,0.0,,,False,,24195339.0,"96964, 25867, None, None",,,Angular,0.0
2215597944,JeanMeche,fix(animations): `provideAnimations()` & `provideNoopAnimations()` re…,open,2024-12-04 15:30:22+00:00,,,"area: animations, state: blocked, target: major, action: global presubmit",main,animations-envproviders,,0.0,0.0,,0.0,0.0,"alxhub, AndrewKushnir",,False,,24195339.0,"96964, 25867, None, None",,,Angular,0.0
2215574962,pkozlowski-opensource,"Bump version to ""v19.1.0-next.1"" with changelog.",closed,2024-12-04 15:20:36+00:00,2024-12-04 15:21:16+00:00,2024-12-04 15:21:16+00:00,"action: merge, PullApprove: disable",main,release-stage-19.1.0-next.1,,0.0,0.0,,0.0,0.0,,,False,,24195339.0,"96964, 25867, None, None",,,Angular,0.0
2215558748,pkozlowski-opensource,docs: release notes for the v19.0.2 release,closed,2024-12-04 15:15:24+00:00,2024-12-04 15:16:03+00:00,2024-12-04 15:16:03+00:00,"action: merge, PullApprove: disable, area: docs",main,changelog-cherry-pick-19.0.2,,0.0,0.0,,0.0,0.0,,,False,,24195339.0,"96964, 25867, None, None",,,Angular,0.0
2215548398,pkozlowski-opensource,"Bump version to ""v19.0.2"" with changelog.",closed,2024-12-04 15:12:18+00:00,2024-12-04 15:13:08+00:00,2024-12-04 15:13:08+00:00,"action: merge, PullApprove: disable",19.0.x,release-stage-19.0.2,,0.0,0.0,,0.0,0.0,,,False,,24195339.0,"96964, 25867, None, None",,,Angular,0.0
2215135092,Ahmed-Hakeem,docs(docs-infra): handle long names in the sub nav,open,2024-12-04 12:33:01+00:00,,,"area: docs-infra, area: docs, adev: preview",main,fix/subNav-overflow,,0.0,0.0,,0.0,0.0,bencodezen,,False,,24195339.0,"96964, 25867, None, None",,,Angular,0.0
2213919507,angular-robot,build: update io_bazel_rules_sass digest to df7d2a9,closed,2024-12-04 00:13:38+00:00,,2024-12-04 09:59:40+00:00,"action: merge, area: build & ci, target: patch",main,ng-renovate/io-bazel-rules-sass-digest,,0.0,0.0,,0.0,0.0,"thePunderWoman, thePunderWoman",,False,,24195339.0,"96964, 25867, None, None",,,Angular,0.0
2213724386,thePunderWoman,refactor(core): incremental hydration TODO cleanup,closed,2024-12-03 21:54:31+00:00,,2024-12-12 22:48:28+00:00,"action: merge, area: core, target: patch",main,hydration-todos,,0.0,0.0,,0.0,0.0,,,False,,24195339.0,"96964, 25867, None, None",,,Angular,0.0
2213711267,clydin,fix(platform-browser): collect external component styles from server rendering,closed,2024-12-03 21:44:38+00:00,,2024-12-06 00:12:25+00:00,"action: merge, area: core, target: patch, core: hot module replacement (HMR)",main,styles/ssr-external-styles,,0.0,0.0,,0.0,0.0,,,False,,24195339.0,"96964, 25867, None, None",,,Angular,0.0
2213381644,JeanMeche,docs(core): update `effect` doc,open,2024-12-03 17:55:57+00:00,,,"area: core, area: docs",main,docs/effect,,0.0,0.0,,0.0,0.0,alxhub,,False,,24195339.0,"96964, 25867, None, None",,,Angular,0.0
2213091357,hawkgs,docs: set syntax highlighting of code examples MD code blocks,closed,2024-12-03 15:32:05+00:00,,2024-12-04 16:30:31+00:00,"action: merge, target: patch, area: docs, adev: preview",main,docs/ts-code-examples-syntax-highlighing,,0.0,0.0,,0.0,0.0,,,False,,24195339.0,"96964, 25867, None, None",,,Angular,0.0
2213047771,thePunderWoman,ci: add kirjs to pullapprove groups,closed,2024-12-03 15:12:36+00:00,,2024-12-03 17:31:41+00:00,"action: merge, area: build & ci, target: patch",main,kirjs-pullapprove,,0.0,0.0,,0.0,0.0,,,False,,24195339.0,"96964, 25867, None, None",,,Angular,0.0
2212975555,alxhub,Several commits for resource(),closed,2024-12-03 14:41:30+00:00,,2025-01-16 17:22:49+00:00,"action: merge, area: core, target: patch, merge: caretaker note",main,experimental/resource/fixes,,0.0,0.0,,0.0,0.0,,,False,,24195339.0,"96964, 25867, None, None",,,Angular,0.0
2212826829,alan-agius4,docs: remove extra spacing from DI token note,closed,2024-12-03 13:35:50+00:00,,2024-12-03 15:14:20+00:00,"action: merge, target: patch, area: docs, adev: preview",main,remove-extra-spacing,,0.0,0.0,,0.0,0.0,,,False,,24195339.0,"96964, 25867, None, None",,,Angular,0.0
2212442181,hawkgs,docs: fix missing alert block styles in the API reference,closed,2024-12-03 10:35:25+00:00,,2024-12-04 10:02:46+00:00,"action: merge, target: patch, merge: caretaker note, area: docs, adev: preview",main,docs/fix-api-reference-alert-content,,0.0,0.0,,0.0,0.0,"alxhub, thePunderWoman",,False,,24195339.0,"96964, 25867, None, None",,,Angular,0.0
2212219656,Sepandard,feat(http): add checker for required interceptor registration,open,2024-12-03 08:55:26+00:00,,,"action: review, area: common/http, detected: feature",main,add-check-interceptor-provided,,0.0,0.0,,0.0,0.0,"AndrewKushnir, JeanMeche",,False,,24195339.0,"96964, 25867, None, None",,,Angular,0.0
2211962315,angular-robot,build: update all non-major dependencies to ~5.5.0,closed,2024-12-03 06:12:19+00:00,,2024-12-03 09:32:42+00:00,"action: merge, area: build & ci, target: patch",main,ng-renovate/all-non-major-dependencies,,0.0,0.0,,0.0,0.0,,,False,,24195339.0,"96964, 25867, None, None",,,Angular,0.0
2211668513,angular-robot,build: update io_bazel_rules_sass digest to fe48516,closed,2024-12-03 01:38:58+00:00,,2024-12-03 09:23:47+00:00,"action: merge, area: build & ci, target: patch",main,ng-renovate/io-bazel-rules-sass-digest,,0.0,0.0,,0.0,0.0,,,False,,24195339.0,"96964, 25867, None, None",,,Angular,0.0
2210740089,angular-robot,build: update dependency mocha to v11,closed,2024-12-02 16:14:35+00:00,,2024-12-03 11:21:55+00:00,"action: merge, area: build & ci, target: patch, merge: caretaker note, PullApprove: disable",main,ng-renovate/mocha-11-x,,0.0,0.0,,0.0,0.0,,,False,,24195339.0,"96964, 25867, None, None",,,Angular,0.0
2210733280,angular-robot,build: update cross-repo angular dependencies,closed,2024-12-02 16:12:21+00:00,,2024-12-04 17:07:52+00:00,"action: merge, area: build & ci, merge: caretaker note, target: minor, PullApprove: disable",main,ng-renovate/cross-repo-angular-dependencies,,0.0,0.0,,0.0,0.0,,,False,,24195339.0,"96964, 25867, None, None",,,Angular,0.0
2210622880,angular-robot,build: update cross-repo angular dependencies,closed,2024-12-02 15:22:05+00:00,,2024-12-02 15:42:40+00:00,"action: merge, area: build & ci, target: patch",main,ng-renovate/cross-repo-angular-dependencies,,0.0,0.0,,0.0,0.0,,,False,,24195339.0,"96964, 25867, None, None",,,Angular,0.0
2210249373,devversion,ci: mark devversion as unavailable,closed,2024-12-02 12:32:01+00:00,,2024-12-02 14:13:27+00:00,"action: merge, area: build & ci, target: patch",main,mark-ooo,,0.0,0.0,,0.0,0.0,,,False,,24195339.0,"96964, 25867, None, None",,,Angular,0.0
2210016406,Elie-Soued,fix(docs-infra) : fixing typo in Essentials/ Dynamic interfaces with Templates,closed,2024-12-02 10:37:38+00:00,,2024-12-02 10:40:10+00:00,,main,fixingTypoInDocs,,0.0,0.0,,0.0,0.0,AndrewKushnir,,False,,24195339.0,"96964, 25867, None, None",,,Angular,0.0
2210011646,hawkgs,docs(docs-infra): fix missing code examples in the API reference,closed,2024-12-02 10:35:03+00:00,,2024-12-04 17:06:15+00:00,"action: merge, target: patch, detected: feature, area: docs-infra, adev: preview",main,docs/fix-code-examples,,0.0,0.0,,0.0,0.0,,,False,,24195339.0,"96964, 25867, None, None",,,Angular,0.0
2209934739,crisbeto,fix(compiler-cli): check event side of two-way bindings,closed,2024-12-02 09:58:41+00:00,,2024-12-06 00:11:04+00:00,"action: merge, target: minor",main,58971/two-way-binding-checking,,0.0,0.0,,0.0,0.0,,,False,,24195339.0,"96964, 25867, None, None",,,Angular,0.0
2209825970,pkozlowski-opensource,refactor(devtools): add missing imports,closed,2024-12-02 09:04:01+00:00,,2024-12-02 09:30:31+00:00,"action: merge, target: patch, area: devtools",19.0.x,devtools_v19_fixes,,0.0,0.0,,0.0,0.0,,,False,,24195339.0,"96964, 25867, None, None",,,Angular,0.0
2209731759,angular-robot,build: lock file maintenance,closed,2024-12-02 08:13:28+00:00,,2024-12-02 15:29:08+00:00,"action: merge, area: build & ci, target: patch, merge: caretaker note, PullApprove: disable",main,ng-renovate/lock-file-maintenance,,0.0,0.0,,0.0,0.0,,,False,,24195339.0,"96964, 25867, None, None",,,Angular,0.0
2209713622,crisbeto,fix(platform-server): remove peer dependency on animations,closed,2024-12-02 08:02:42+00:00,,2024-12-02 10:33:08+00:00,"action: merge, area: server, target: patch",main,unused-peer-deps,,0.0,0.0,,0.0,0.0,,,False,,24195339.0,"96964, 25867, None, None",,,Angular,0.0
2209336266,JeanMeche,docs(docs-infra): read jsdoctags from function overloads,closed,2024-12-02 02:41:19+00:00,,2024-12-02 15:17:05+00:00,"action: merge, target: patch, area: docs-infra, area: docs, adev: preview",main,docs/overload-devpreview,,0.0,0.0,,0.0,0.0,,,False,,24195339.0,"96964, 25867, None, None",,,Angular,0.0
2209229619,gy-mate,docs(docs-infra): add missing dot to `essentials/dependency-injection`,closed,2024-12-02 00:32:15+00:00,,2024-12-02 09:44:44+00:00,"action: merge, target: patch, area: docs-infra, area: docs",main,dot-2,,0.0,0.0,,0.0,0.0,,,False,,24195339.0,"96964, 25867, None, None",,,Angular,0.0
2209207160,JeanMeche,docs: remove inline `docs-code` in table,closed,2024-12-01 23:54:05+00:00,,2024-12-06 00:10:31+00:00,"action: merge, target: patch, area: docs, adev: preview",main,docs/escape-typecheck,,0.0,0.0,,0.0,0.0,,,False,,24195339.0,"96964, 25867, None, None",,,Angular,0.0
2209109319,EmmanuelDemey,doc: add import for toObservable,closed,2024-12-01 19:51:36+00:00,,2024-12-02 15:39:05+00:00,"action: merge, target: patch, area: docs",main,main,,0.0,0.0,,0.0,0.0,,,False,,24195339.0,"96964, 25867, None, None",,,Angular,0.0
2208922982,Sylar-3,feat(forms): add phoneNumber validator,closed,2024-12-01 13:18:09+00:00,,2024-12-01 15:14:48+00:00,"area: forms, detected: feature, area: docs",main,main,,0.0,0.0,,0.0,0.0,"alxhub, josephperrott",,False,,24195339.0,"96964, 25867, None, None",,,Angular,0.0
2208789833,crisbeto,refactor(compiler): remove allowInvalidAssignmentEvents flag,closed,2024-12-01 08:12:25+00:00,,2024-12-02 07:55:44+00:00,"action: merge, target: patch, area: compiler",main,unused-compiler-flag,,0.0,0.0,,0.0,0.0,,,False,,24195339.0,"96964, 25867, None, None",,,Angular,0.0
2208653310,Ahmed-Hakeem,docs(docs-infra): handle the long API names in the API cards,closed,2024-12-01 01:23:59+00:00,,2024-12-02 07:54:41+00:00,"action: merge, target: patch, area: docs-infra, area: docs",main,fix/API-cards,,0.0,0.0,,0.0,0.0,,,False,,24195339.0,"96964, 25867, None, None",,,Angular,0.0
2208480321,kauanmn,docs(fix): fix a typo in an example in Templates page,closed,2024-11-30 18:11:43+00:00,,2024-12-02 15:32:38+00:00,"action: merge, target: patch, area: docs",main,docs/fix-template-essentials-typo,,0.0,0.0,,0.0,0.0,,,False,,24195339.0,"96964, 25867, None, None",,,Angular,0.0
2208412734,JeanMeche,refactor(core): Instantiate the ErrorHandler lazily.,open,2024-11-30 15:42:46+00:00,,,"state: blocked, area: core, action: presubmit",main,fix/instantiate-error-handler,,0.0,0.0,,0.0,0.0,,,False,,24195339.0,"96964, 25867, None, None",,,Angular,0.0
2208343798,DMezhenskyi,refactor(platform-browser) improve error message for UNEXPECTED_SYNTHETIC_PROPERTY,closed,2024-11-30 12:41:41+00:00,,2025-01-08 15:56:21+00:00,"action: merge, area: animations, target: patch",main,renderer2-error-message-improvement,,0.0,0.0,,0.0,0.0,,,False,,24195339.0,"96964, 25867, None, None",,,Angular,0.0
2208251911,crisbeto,Add internal-only debugging attributes,closed,2024-11-30 08:40:41+00:00,,2024-12-06 00:09:58+00:00,"action: merge, area: core, area: compiler, target: minor",main,debug-attr,,0.0,0.0,,0.0,0.0,,,False,,24195339.0,"96964, 25867, None, None",,,Angular,0.0
2207911447,PrajaktaB27,fix(router): update error code for NG04008 and add documentation,closed,2024-11-29 20:20:32+00:00,,2025-02-07 12:41:20+00:00,"area: build & ci, area: animations, area: common, area: router, area: core, area: forms, area: zones, area: server, area: bazel, area: service-worker, area: elements, area: compiler, area: dev-infra, area: migrations, area: devtools, detected: feature, area: docs-infra, area: docs, requires: TGP",main,fix/NG04008-router-error-documentation,,0.0,0.0,,0.0,0.0,"alxhub, jelbourn, JiaLiPassion, josephperrott, lannka, pkozlowski-opensource",,False,,24195339.0,"96964, 25867, None, None",,,Angular,0.0
2207870282,PrajaktaB27,fix(router): resolve NG04008 error for invalid route configurations,closed,2024-11-29 19:25:29+00:00,,2024-11-29 19:54:19+00:00,area: router,main,fix/NG04008-router-error,,0.0,0.0,,0.0,0.0,AndrewKushnir,,False,,24195339.0,"96964, 25867, None, None",,,Angular,0.0
2207088996,alan-agius4,docs: correctly display note about DI tokens  ,closed,2024-11-29 10:21:00+00:00,,2024-11-29 13:52:34+00:00,"action: merge, target: patch, area: docs, adev: preview",main,docs-note,,0.0,0.0,,0.0,0.0,,,False,,24195339.0,"96964, 25867, None, None",,,Angular,0.0
2207059388,thesmiler,docs: update state of JS banner expiry,closed,2024-11-29 10:03:42+00:00,,2024-11-29 13:53:52+00:00,"action: merge, target: patch, area: docs, adev: preview",main,update-js-date,,0.0,0.0,,0.0,0.0,,,False,,24195339.0,"96964, 25867, None, None",,,Angular,0.0
2206880224,danymarques,docs(core): improve computation example,open,2024-11-29 08:13:54+00:00,,,"area: core, area: docs",main,main,,0.0,0.0,,0.0,0.0,"alxhub, pkozlowski-opensource",,False,,24195339.0,"96964, 25867, None, None",,,Angular,0.0
2206578662,PrajaktaB27,docs: update two-way binding example in documentation,closed,2024-11-29 02:50:20+00:00,,2024-11-29 13:56:41+00:00,"action: merge, target: patch, area: docs",main,two-way-binding-description-fix,,0.0,0.0,,0.0,0.0,,,False,,24195339.0,"96964, 25867, None, None",,,Angular,0.0
2206436259,BobobUnicorn,fix(core): fix type inference for Resource#hasValue.,open,2024-11-28 23:37:24+00:00,,,"area: core, cross-cutting: signals",main,fix/resource-type-narrowing,,0.0,0.0,,0.0,0.0,pkozlowski-opensource,,False,,24195339.0,"96964, 25867, None, None",,,Angular,0.0
2206429863,JeanMeche,docs(docs-infra): enable tslint,closed,2024-11-28 23:22:53+00:00,,2024-12-06 00:03:38+00:00,"action: merge, target: patch, area: docs-infra, area: docs",main,docs/tslint,,0.0,0.0,,0.0,0.0,,,False,,24195339.0,"96964, 25867, None, None",,,Angular,0.0
2206414677,JeanMeche,docs(docs-infra): refactor progressbar test,closed,2024-11-28 22:51:37+00:00,,2025-02-02 21:30:54+00:00,"area: docs-infra, area: docs",main,docs/progressbar-tests,,0.0,0.0,,0.0,0.0,pkozlowski-opensource,,False,,24195339.0,"96964, 25867, None, None",,,Angular,0.0
2206241078,crisbeto,Fixes for edge cases in inject migration,closed,2024-11-28 18:44:43+00:00,,2024-12-02 07:56:26+00:00,"action: merge, target: patch, area: migrations",main,more-inject-edge-cases,,0.0,0.0,,0.0,0.0,,,False,,24195339.0,"96964, 25867, None, None",,,Angular,0.0
2206126914,PrajaktaB27,#58953 docs: update two-way binding example in documentation,closed,2024-11-28 17:00:30+00:00,,2024-11-29 02:50:12+00:00,"action: cleanup, target: patch, area: docs",main,fix/two-way-binding-description,,0.0,0.0,,0.0,0.0,thePunderWoman,,False,,24195339.0,"96964, 25867, None, None",,,Angular,0.0
2205940227,JeanMeche,docs(docs-infra): don't use `URL` to check for external links,closed,2024-11-28 14:58:38+00:00,,2024-11-28 15:43:31+00:00,"action: merge, target: patch, area: docs-infra, area: docs, adev: preview",main,docs/external-links,,0.0,0.0,,0.0,0.0,,,False,,24195339.0,"96964, 25867, None, None",,,Angular,0.0
2205379195,alvaro-junqueira-axa,docs: indenting internal code for easier understanding,closed,2024-11-28 10:10:59+00:00,,2024-12-07 11:49:35+00:00,"cla: no, area: docs",main,patch-1,,0.0,0.0,,0.0,0.0,,,False,,24195339.0,"96964, 25867, None, None",,,Angular,0.0
2205240504,sheikalthaf,refactor(router): remove standalone true,closed,2024-11-28 09:00:49+00:00,,2024-12-06 00:02:40+00:00,"action: merge, area: router, target: patch",main,standalone-router,,0.0,0.0,,0.0,0.0,,,False,,24195339.0,"96964, 25867, None, None",,,Angular,0.0
2205218607,sheikalthaf,refactor(common): remove standalone: true,closed,2024-11-28 08:48:25+00:00,,2024-12-04 11:41:54+00:00,"action: merge, area: common, target: patch, merge: caretaker note",main,standalone-common,,0.0,0.0,,0.0,0.0,,,False,,24195339.0,"96964, 25867, None, None",,,Angular,0.0
2204661077,Ahmed-Hakeem,docs(docs-infra): fix the overscroll behavior of the search dialogue,closed,2024-11-28 01:50:41+00:00,,2024-11-28 16:37:23+00:00,"action: merge, target: patch, area: docs-infra, area: docs, adev: preview",main,fix/search-dialogue-scroll,,0.0,0.0,,0.0,0.0,,,False,,24195339.0,"96964, 25867, None, None",,,Angular,0.0
2204413023,physicx237,fix(compiler): fix object literal parsing,open,2024-11-27 22:40:48+00:00,,,"action: review, area: compiler",main,first,,0.0,0.0,,0.0,0.0,,,False,,24195339.0,"96964, 25867, None, None",,,Angular,0.0
2204410933,JeanMeche,fix(core): correctly infer the `request` type.,open,2024-11-27 22:39:19+00:00,,,area: core,main,fix/resource-types,,0.0,0.0,,0.0,0.0,pkozlowski-opensource,,False,,24195339.0,"96964, 25867, None, None",,,Angular,0.0
2204249357,aboudard,docs: add outputs migration page,closed,2024-11-27 20:53:06+00:00,,2024-11-28 16:46:41+00:00,"action: merge, target: patch, area: docs, adev: preview",main,docs-outputs-migration,,0.0,0.0,,0.0,0.0,,,False,,24195339.0,"96964, 25867, None, None",,,Angular,0.0
2203959387,angular-robot,build: update dependency undici to v7,open,2024-11-27 17:21:02+00:00,,,"area: build & ci, state: blocked, target: patch",main,ng-renovate/undici-7-x,,0.0,0.0,,0.0,0.0,AndrewKushnir,,False,,24195339.0,"96964, 25867, None, None",,,Angular,0.0
2203934925,msmallest,"docs: fix `IMPORTANT` for ""Animating the items of a reordering list""",closed,2024-11-27 17:05:43+00:00,,2024-11-28 16:53:58+00:00,"action: merge, target: patch, area: docs",main,docs/fix-IMPORTANT-for-animating-reordering,,0.0,0.0,,0.0,0.0,,,False,,24195339.0,"96964, 25867, None, None",,,Angular,0.0
2203887740,msmallest,docs: remove dev preview warning for rxjs-interop in output page,closed,2024-11-27 16:39:10+00:00,,2024-11-27 17:04:17+00:00,"action: merge, target: patch, area: docs",main,docs/remove-outdated-output-rxjs-interop-warning,,0.0,0.0,,0.0,0.0,,,False,,24195339.0,"96964, 25867, None, None",,,Angular,0.0
2203876395,kirjs,fix(platform-server): Warn user when transfer state happens more than…,closed,2024-11-27 16:32:40+00:00,,2024-12-12 22:47:34+00:00,"action: merge, area: server, target: patch, area: docs-infra",main,platform-server-warn-double-state,,0.0,0.0,,0.0,0.0,,,False,,24195339.0,"96964, 25867, None, None",,,Angular,0.0
2203855549,hawkgs,docs(docs-infra): don't render visually hidden nav menu items in the NavigationList,closed,2024-11-27 16:21:31+00:00,,2024-11-28 09:14:55+00:00,"action: merge, target: patch, area: docs-infra, area: docs, adev: preview",main,docs/reference-navigation-dom-clutter,,0.0,0.0,,0.0,0.0,,,False,,24195339.0,"96964, 25867, None, None",,,Angular,0.0
2203851048,JeevanMahesha,docs: Add v18 Angular version link to versions configuration,closed,2024-11-27 16:19:05+00:00,,2025-02-05 17:02:05+00:00,"action: merge, target: patch, area: docs",main,docs/58918,,0.0,0.0,,0.0,0.0,,,False,,24195339.0,"96964, 25867, None, None",,,Angular,0.0
2203838779,angular-robot,build: update cross-repo angular dependencies,closed,2024-11-27 16:12:29+00:00,,2024-11-27 17:07:18+00:00,"action: merge, area: build & ci, target: patch",main,ng-renovate/cross-repo-angular-dependencies,,0.0,0.0,,0.0,0.0,,,False,,24195339.0,"96964, 25867, None, None",,,Angular,0.0
2203426871,arielbackenroth,fix(core): Explicitly manage TracingSnapshot lifecycle and dispose of it once it's been used.,closed,2024-11-27 12:54:17+00:00,,2024-11-27 17:11:16+00:00,"action: merge, area: core, target: patch",main,dispose,,0.0,0.0,,0.0,0.0,,,False,,24195339.0,"96964, 25867, None, None",,,Angular,0.0
2203369605,arielbackenroth,fix(core): Explicitly manage TracingSnapshot lifecycle and dispose of it once it's been used.,closed,2024-11-27 12:25:40+00:00,,2024-11-27 12:42:48+00:00,"area: build & ci, area: router, area: core, area: docs-infra, area: docs",main,main,,0.0,0.0,,0.0,0.0,AndrewKushnir,,False,,24195339.0,"96964, 25867, None, None",,,Angular,0.0
2203344174,angular-robot,build: update cross-repo angular dependencies to v19.1.0-next.0,closed,2024-11-27 12:12:30+00:00,,2024-11-27 15:23:00+00:00,"action: merge, area: build & ci, target: patch",main,ng-renovate/cross-repo-angular-dependencies,,0.0,0.0,,0.0,0.0,,,False,,24195339.0,"96964, 25867, None, None",,,Angular,0.0
2203251189,eneajaho,docs(docs-infra): remove unused code,closed,2024-11-27 11:23:35+00:00,,2024-11-27 15:57:49+00:00,"action: merge, target: patch, area: docs-infra, area: docs, adev: preview",main,fix/docs-remove-unused-code,,0.0,0.0,,0.0,0.0,,,False,,24195339.0,"96964, 25867, None, None",,,Angular,0.0
2203182398,crisbeto,fix(compiler-cli): account for multiple generated namespace imports in HMR,closed,2024-11-27 10:49:18+00:00,,2024-11-28 09:01:15+00:00,"action: merge, target: patch, area: compiler",main,58915/hmr-multiple-namespaces,,0.0,0.0,,0.0,0.0,,,False,,24195339.0,"96964, 25867, None, None",,,Angular,0.0
2203047564,sheikalthaf,refactor(devtools): removed standalone: true,closed,2024-11-27 09:47:00+00:00,,2024-11-27 17:09:03+00:00,"action: merge, target: patch, area: devtools",main,remove-standalone-flag,,0.0,0.0,,0.0,0.0,,,False,,24195339.0,"96964, 25867, None, None",,,Angular,0.0
2202002467,eneajaho,feat(core): add change detection tracing service,closed,2024-11-26 22:27:01+00:00,,2024-11-27 11:15:02+00:00,"area: core, detected: feature, adev: preview",main,feat/cd-tracing,,0.0,0.0,,0.0,0.0,crisbeto,,False,,24195339.0,"96964, 25867, None, None",,,Angular,0.0
2201840136,kirjs,docs(docs-infra): Drop standalone: true,closed,2024-11-26 20:21:41+00:00,,2024-11-28 08:43:32+00:00,"action: merge, target: patch, area: docs-infra, area: docs",main,adev-drop-standalone-true,,0.0,0.0,,0.0,0.0,,,False,,24195339.0,"96964, 25867, None, None",,,Angular,0.0
2201812006,eneajaho,refactor(docs-infra): use interpolation instead of innerHTML for better perf,closed,2024-11-26 20:02:23+00:00,,2024-11-27 09:59:21+00:00,"action: merge, target: patch, area: docs-infra, adev: preview",main,feat/api-reference-page-no-innerhtml,,0.0,0.0,,0.0,0.0,,,False,,24195339.0,"96964, 25867, None, None",,,Angular,0.0
2201659796,eneajaho,refactor(docs-infra): improve API reference page loading time and drop blocking time,closed,2024-11-26 18:20:15+00:00,,2024-12-12 22:45:49+00:00,"action: merge, target: patch, area: docs-infra, adev: preview",main,feat/api-reference-page-schedule-focus,,0.0,0.0,,0.0,0.0,,,False,,24195339.0,"96964, 25867, None, None",,,Angular,0.0
2201650442,angular-robot,build: update cross-repo angular dependencies to ^19.1.0-next,closed,2024-11-26 18:14:16+00:00,,2024-11-26 20:08:17+00:00,"action: merge, area: build & ci, target: patch",main,ng-renovate/cross-repo-angular-dependencies,,0.0,0.0,,0.0,0.0,,,False,,24195339.0,"96964, 25867, None, None",,,Angular,0.0
2201638890,thePunderWoman,docs: release notes for the v18.2.13 release,closed,2024-11-26 18:06:47+00:00,2024-11-26 18:08:46+00:00,2024-11-26 18:08:46+00:00,"action: merge, PullApprove: disable, area: docs",main,changelog-cherry-pick-18.2.13,,0.0,0.0,,0.0,0.0,,,False,,24195339.0,"96964, 25867, None, None",,,Angular,0.0
2201634664,thePunderWoman,"Bump version to ""v18.2.13"" with changelog.",closed,2024-11-26 18:03:57+00:00,2024-11-26 18:04:48+00:00,2024-11-26 18:04:48+00:00,"action: merge, PullApprove: disable",18.2.x,release-stage-18.2.13,,0.0,0.0,,0.0,0.0,,,False,,24195339.0,"96964, 25867, None, None",,,Angular,0.0
2201626137,thePunderWoman,"Bump version to ""v19.1.0-next.0"" with changelog.",closed,2024-11-26 17:58:15+00:00,2024-11-26 17:58:50+00:00,2024-11-26 17:58:50+00:00,"action: merge, PullApprove: disable",main,release-stage-19.1.0-next.0,,0.0,0.0,,0.0,0.0,,,False,,24195339.0,"96964, 25867, None, None",,,Angular,0.0
2201596253,thePunderWoman,docs: release notes for the v19.0.1 release,closed,2024-11-26 17:41:49+00:00,2024-11-26 17:42:28+00:00,2024-11-26 17:42:28+00:00,"action: merge, PullApprove: disable, area: docs",main,changelog-cherry-pick-19.0.1,,0.0,0.0,,0.0,0.0,,,False,,24195339.0,"96964, 25867, None, None",,,Angular,0.0
2201595083,eneajaho,docs: use modern api for environment initializer,closed,2024-11-26 17:41:06+00:00,,2024-11-26 18:10:23+00:00,"action: merge, target: patch, area: docs",main,fix/use-modern-config-api,,0.0,0.0,,0.0,0.0,,,False,,24195339.0,"96964, 25867, None, None",,,Angular,0.0
2201591703,thePunderWoman,"Bump version to ""v19.0.1"" with changelog.",closed,2024-11-26 17:38:58+00:00,2024-11-26 17:40:13+00:00,2024-11-26 17:40:13+00:00,"action: merge, PullApprove: disable",19.0.x,release-stage-19.0.1,,0.0,0.0,,0.0,0.0,,,False,,24195339.0,"96964, 25867, None, None",,,Angular,0.0
2201246664,angular-robot,build: update cross-repo angular dependencies,closed,2024-11-26 15:12:02+00:00,,2024-11-26 15:28:24+00:00,"action: merge, area: build & ci, target: patch",main,ng-renovate/cross-repo-angular-dependencies,,0.0,0.0,,0.0,0.0,,,False,,24195339.0,"96964, 25867, None, None",,,Angular,0.0
2201163185,pkozlowski-opensource,refactor(docs-infra): AppComponent cleanups,open,2024-11-26 14:40:34+00:00,,,"area: docs-infra, adev: preview",main,adev_app_component_refactorings,,0.0,0.0,,0.0,0.0,,,False,,24195339.0,"96964, 25867, None, None",,,Angular,0.0
2200266091,alan-agius4,refactor(core): remove private `whenStable`,closed,2024-11-26 07:56:14+00:00,,2024-11-26 18:10:54+00:00,"action: merge, area: build & ci, area: core, target: patch",main,when-stable,,0.0,0.0,,0.0,0.0,,,False,,24195339.0,"96964, 25867, None, None",,,Angular,0.0
2200091133,angular-robot,build: update dependency typescript to ~5.7.0,closed,2024-11-26 06:13:37+00:00,,2024-11-26 07:17:41+00:00,"action: merge, area: build & ci, target: patch",main,ng-renovate/typescript-dependencies,,0.0,0.0,,0.0,0.0,"AndrewKushnir, MarkTechson",,False,,24195339.0,"96964, 25867, None, None",,,Angular,0.0
2200088963,angular-robot,build: update all non-major dependencies,closed,2024-11-26 06:11:50+00:00,,2024-11-26 14:48:18+00:00,"action: merge, area: build & ci, target: patch",main,ng-renovate/all-non-major-dependencies,,0.0,0.0,,0.0,0.0,,,False,,24195339.0,"96964, 25867, None, None",,,Angular,0.0
2199474369,JeanMeche,docs: fix @let roadmap tile.,closed,2024-11-25 21:28:09+00:00,,2024-11-26 14:45:53+00:00,"action: merge, target: patch, area: docs",main,docs/let-roadmap,,0.0,0.0,,0.0,0.0,,,False,,24195339.0,"96964, 25867, None, None",,,Angular,0.0
2199303227,JeanMeche,docs(docs-infra): remove unused `api-examples`,closed,2024-11-25 19:49:44+00:00,,2024-11-27 17:05:11+00:00,"action: merge, target: patch, area: docs-infra, area: docs, adev: preview",main,docs/remove-api-examples,,0.0,0.0,,0.0,0.0,,,False,,24195339.0,"96964, 25867, None, None",,,Angular,0.0
2199065396,Ahmed-Hakeem,fix(docs-infra): fix cards not shown if we hit the API page without API tab active,closed,2024-11-25 17:43:28+00:00,,2024-11-26 14:47:37+00:00,"action: merge, target: patch, area: docs-infra, adev: preview",main,fix/Cards-visibility,,0.0,0.0,,0.0,0.0,,,False,,24195339.0,"96964, 25867, None, None",,,Angular,0.0
2199023143,arielbackenroth,fix(core): Ensure _tick is always run within the TracingSnapshot.,closed,2024-11-25 17:31:51+00:00,,2024-11-25 21:19:54+00:00,"action: merge, area: core, target: patch",main,main,,0.0,0.0,,0.0,0.0,,,False,,24195339.0,"96964, 25867, None, None",,,Angular,0.0
2198878010,thePunderWoman,refactor(compiler): Update ingest to include hydrate when in create block,closed,2024-11-25 16:32:01+00:00,,2024-11-26 21:01:34+00:00,area: compiler,main,hydrate-when-ingest,,0.0,0.0,,0.0,0.0,,,True,,24195339.0,"96964, 25867, None, None",,,Angular,0.0
2198834101,angular-robot,build: pin google-github-actions/auth action to 6fc4af4,closed,2024-11-25 16:11:30+00:00,,2024-11-25 17:12:52+00:00,"action: merge, area: build & ci, target: patch",main,ng-renovate/pin-dependencies,,0.0,0.0,,0.0,0.0,,,False,,24195339.0,"96964, 25867, None, None",,,Angular,0.0
2198699221,angular-robot,build: update cross-repo angular dependencies,closed,2024-11-25 15:12:35+00:00,,2024-11-25 18:00:50+00:00,"action: merge, area: build & ci, target: patch",main,ng-renovate/cross-repo-angular-dependencies,,0.0,0.0,,0.0,0.0,,,False,,24195339.0,"96964, 25867, None, None",,,Angular,0.0
2198628064,josephperrott,ci: update perf workflow to the latest version,closed,2024-11-25 14:43:10+00:00,,2024-11-25 15:20:28+00:00,"action: merge, area: build & ci, target: patch",main,update-actions,,0.0,0.0,,0.0,0.0,,,False,,24195339.0,"96964, 25867, None, None",,,Angular,0.0
2198057099,crisbeto,fix(compiler-cli): more accurate diagnostics for host binding parser errors,closed,2024-11-25 10:30:34+00:00,,2024-11-25 15:25:51+00:00,"action: merge, target: patch",main,better-host-binding-errors,,0.0,0.0,,0.0,0.0,,,False,,24195339.0,"96964, 25867, None, None",,,Angular,0.0
2198036325,JeanMeche,docs: fix formating for NG0913,closed,2024-11-25 10:22:06+00:00,,2024-12-06 00:01:58+00:00,"action: merge, target: patch, area: docs, adev: preview",main,docs/fix-913,,0.0,0.0,,0.0,0.0,,,False,,24195339.0,"96964, 25867, None, None",,,Angular,0.0
2197734242,angular-robot,build: lock file maintenance,closed,2024-11-25 08:13:19+00:00,,2024-11-25 15:21:05+00:00,"action: merge, area: build & ci, target: patch",main,ng-renovate/lock-file-maintenance,,0.0,0.0,,0.0,0.0,,,False,,24195339.0,"96964, 25867, None, None",,,Angular,0.0
2197720563,crisbeto,refactor(migrations): skip TS version check in tsurge,closed,2024-11-25 08:08:35+00:00,,2024-11-25 15:26:21+00:00,"action: merge, target: patch, area: migrations",main,tsurge-version-check,,0.0,0.0,,0.0,0.0,,,False,,24195339.0,"96964, 25867, None, None",,,Angular,0.0
2197553235,AleksanderBodurri,"Add ""kind"" field to non-primitive package signal nodes",closed,2024-11-25 06:48:37+00:00,,2024-12-04 11:30:14+00:00,"action: merge, area: core, target: minor, detected: feature",main,export-computed-node-core,,0.0,0.0,,0.0,0.0,,,False,,24195339.0,"96964, 25867, None, None",,,Angular,0.0
2197503384,AndrewKushnir,refactor(core): remove an unused field and invoke `setActiveConsumer` at the right time,closed,2024-11-25 06:21:17+00:00,,2024-11-25 16:12:40+00:00,"action: merge, area: core, target: patch",main,core_misc_cleanup,,0.0,0.0,,0.0,0.0,,,False,,24195339.0,"96964, 25867, None, None",,,Angular,0.0
2197013204,JeanMeche,refactor(common): deprecate `ngStyle` and `ngClass`,closed,2024-11-24 22:35:01+00:00,,2024-12-19 00:49:48+00:00,"area: common, detected: deprecation",main,deprecate-ngclass,,0.0,0.0,,0.0,0.0,alxhub,,False,,24195339.0,"96964, 25867, None, None",,,Angular,0.0
2197003620,JeanMeche,docs: add standalone example for `ErrorHandler`,closed,2024-11-24 22:14:10+00:00,,2024-11-25 15:26:52+00:00,"action: merge, target: patch, merge: caretaker note, area: docs, adev: preview",main,docs/Errorhandler,,0.0,0.0,,0.0,0.0,,,False,,24195339.0,"96964, 25867, None, None",,,Angular,0.0
2196967834,consman,Update versions.md as  RxJS ^6.5.3 || ^7.4. is not correct for v19.,closed,2024-11-24 20:54:08+00:00,,2024-11-24 21:17:49+00:00,,main,patch-1,,0.0,0.0,,0.0,0.0,thePunderWoman,,False,,24195339.0,"96964, 25867, None, None",,,Angular,0.0
2196931802,JeanMeche,fix(core): Ensure resource sets an error,closed,2024-11-24 19:19:16+00:00,,2024-11-25 15:28:20+00:00,"action: merge, area: core, target: patch, cross-cutting: signals",main,fix/resource-error,,0.0,0.0,,0.0,0.0,,,False,,24195339.0,"96964, 25867, None, None",,,Angular,0.0
2196714363,hamzeen,fix(core): allowSignalWrites: true warning message typo,closed,2024-11-24 10:38:11+00:00,,2024-11-24 10:54:48+00:00,area: core,main,issue-58792-fix,,0.0,0.0,,0.0,0.0,crisbeto,,False,,24195339.0,"96964, 25867, None, None",,,Angular,0.0
2196625465,prasantht96,docs: angular dev v18 page issue fix,closed,2024-11-24 05:57:29+00:00,,2024-11-26 14:48:59+00:00,"action: merge, target: lts, area: docs, adev: preview",18.2.x,issue-58839-fix,,0.0,0.0,,0.0,0.0,,,False,,24195339.0,"96964, 25867, None, None",,,Angular,0.0
2196602787,sheikalthaf,refactor(docs-infra): remove deprecated modules from testing and use …,closed,2024-11-24 04:35:27+00:00,,2024-11-25 15:23:12+00:00,"action: merge, target: patch, area: docs-infra",main,adev-testing,,0.0,0.0,,0.0,0.0,,,False,,24195339.0,"96964, 25867, None, None",,,Angular,0.0
2196419295,JeanMeche,docs: add link to `rxResource` in resource,closed,2024-11-23 21:58:22+00:00,,2024-11-25 10:32:47+00:00,"area: docs, adev: preview",main,see-also-resource,,0.0,0.0,,0.0,0.0,pkozlowski-opensource,,False,,24195339.0,"96964, 25867, None, None",,,Angular,0.0
2196243289,prasantht96,docs: angular dev v18 page issue fix,closed,2024-11-23 13:29:59+00:00,,2024-11-24 05:57:49+00:00,"area: docs, adev: preview",18.2.x,issue-58838-fix,,0.0,0.0,,0.0,0.0,"josephperrott, alan-agius4, clydin, crisbeto, dgp1130, pkozlowski-opensource, thePunderWoman",,False,,24195339.0,"96964, 25867, None, None",,,Angular,0.0
2196151727,crisbeto,build: update g3 sync config,closed,2024-11-23 08:36:43+00:00,,2024-11-25 15:21:35+00:00,"action: merge, area: build & ci, target: patch",main,bazel-sync-config,,0.0,0.0,,0.0,0.0,,,False,,24195339.0,"96964, 25867, None, None",,,Angular,0.0
2195893492,AndrewKushnir,refactor(core): use `ApplicationRef.whenStable` instead of a custom util function,closed,2024-11-23 00:45:38+00:00,,2024-11-25 15:25:14+00:00,"action: merge, area: core, target: patch",main,app_ref_zoneless_ssr,,0.0,0.0,,0.0,0.0,,,False,,24195339.0,"96964, 25867, None, None",,,Angular,0.0
2195644185,thePunderWoman,refactor(core): Consolidates shouldTrigger* methods down to one,closed,2024-11-22 21:27:36+00:00,,2024-11-27 16:00:09+00:00,"action: merge, area: core, target: patch, area: compiler",main,hydrate-when,,0.0,0.0,,0.0,0.0,,,False,,24195339.0,"96964, 25867, None, None",,,Angular,0.0
2195591405,Ahmed-Hakeem,docs(docs-infra): fix the global layout of the site,open,2024-11-22 20:58:54+00:00,,,"area: docs-infra, area: docs, adev: preview",main,fix/global-layout,,0.0,0.0,,0.0,0.0,alxhub,,False,,24195339.0,"96964, 25867, None, None",,,Angular,0.0
2195299173,pkozlowski-opensource,refactor(docs-infra): use input bindings in docs component,closed,2024-11-22 17:47:29+00:00,,2024-11-25 15:23:56+00:00,"action: merge, target: patch, area: docs-infra, adev: preview",main,adev_toc_infra_refactor,,0.0,0.0,,0.0,0.0,,,False,,24195339.0,"96964, 25867, None, None",,,Angular,0.0
2195112081,JeanMeche,Patch package 8,closed,2024-11-22 16:30:21+00:00,,2024-11-22 16:54:39+00:00,area: build & ci,main,patch-package-8,,0.0,0.0,,0.0,0.0,,,True,,24195339.0,"96964, 25867, None, None",,,Angular,0.0
2194982869,ricardojbertolin,docs: fix RxJS interop typo,closed,2024-11-22 15:32:52+00:00,,2024-11-22 16:14:31+00:00,"action: merge, target: patch, area: docs",main,patch-1,,0.0,0.0,,0.0,0.0,,,False,,24195339.0,"96964, 25867, None, None",,,Angular,0.0
2194908248,thePunderWoman,build: update dependency ngx-progressbar to v13,closed,2024-11-22 15:05:35+00:00,,2024-11-22 15:32:13+00:00,"action: merge, area: build & ci, target: patch",main,pr-takeover-58696,,0.0,0.0,,0.0,0.0,,,False,,24195339.0,"96964, 25867, None, None",,,Angular,0.0
2194824320,alan-agius4,build: fix path of @angular/ssr package,closed,2024-11-22 14:21:23+00:00,,2024-11-22 14:56:26+00:00,"action: merge, area: build & ci, target: patch, merge: caretaker note",main,ssr-benchmark-lock,,0.0,0.0,,0.0,0.0,,,False,,24195339.0,"96964, 25867, None, None",,,Angular,0.0
2194421438,JelleBruisten,refactor(router): remove unused default error handler function,closed,2024-11-22 10:45:42+00:00,,2024-11-26 14:49:40+00:00,"action: merge, area: router, target: patch",main,JelleBruisten-patch-1,,0.0,0.0,,0.0,0.0,,,False,,24195339.0,"96964, 25867, None, None",,,Angular,0.0
2194175297,sheikalthaf,refactor(devtools): use signals for template properties in frame manager,closed,2024-11-22 08:50:38+00:00,,2025-01-06 16:22:04+00:00,"action: merge, target: patch, area: devtools",main,frame-manager-signal,,0.0,0.0,,0.0,0.0,,,False,,24195339.0,"96964, 25867, None, None",,,Angular,0.0
2194085283,danymarques,docs(core): signal has to be called,closed,2024-11-22 08:18:45+00:00,,2024-11-22 14:43:41+00:00,"action: merge, cla: yes, target: patch, area: docs",main,main,,0.0,0.0,,0.0,0.0,,,False,,24195339.0,"96964, 25867, None, None",,,Angular,0.0
2193660720,AndrewKushnir,fix(core): make component id generation more stable between client and server builds,closed,2024-11-22 02:43:27+00:00,,2024-11-22 19:36:52+00:00,"action: merge, area: i18n, area: core, target: patch, core: hydration",main,i18n_hydration_comp_ids,,0.0,0.0,,0.0,0.0,,,False,,24195339.0,"96964, 25867, None, None",,,Angular,0.0
2193567092,Ahmed-Hakeem,docs(docs-infra): fix visually-hidden elements style,closed,2024-11-22 01:13:36+00:00,,2024-11-22 14:44:13+00:00,"action: merge, target: patch, area: docs-infra, area: docs, adev: preview",main,fix/visually-hidden-elements,,0.0,0.0,,0.0,0.0,,,False,,24195339.0,"96964, 25867, None, None",,,Angular,0.0
2193365693,melroy89,docs: Fix more typos in the guide,closed,2024-11-21 22:21:05+00:00,,2024-11-22 14:44:46+00:00,"action: merge, target: patch, area: docs",main,fix_more_typos,,0.0,0.0,,0.0,0.0,,,False,,24195339.0,"96964, 25867, None, None",,,Angular,0.0
2193352439,melroy89,docs: Fix automatically typo,closed,2024-11-21 22:11:05+00:00,,2024-11-22 14:45:51+00:00,"action: merge, target: patch, area: docs",main,fix_automatially_typo,,0.0,0.0,,0.0,0.0,,,False,,24195339.0,"96964, 25867, None, None",,,Angular,0.0
2193324206,melroy89,docs: Fix typo in Anatomy of a component,closed,2024-11-21 21:48:44+00:00,,2024-11-22 14:43:11+00:00,"action: merge, target: patch, area: docs",main,patch-1,,0.0,0.0,,0.0,0.0,,,False,,24195339.0,"96964, 25867, None, None",,,Angular,0.0
2193311782,JeanMeche,docs(docs-infra): bump cli version,closed,2024-11-21 21:40:50+00:00,,2024-11-22 14:06:40+00:00,"area: docs-infra, area: docs, adev: preview",main,docs/cli-1901,,0.0,0.0,,0.0,0.0,,,False,,24195339.0,"96964, 25867, None, None",,,Angular,0.0
2193299486,kirjs,refactor: make LView[Injector] non nullable,closed,2024-11-21 21:33:20+00:00,,2024-11-25 15:24:42+00:00,"action: merge, area: core, target: patch",main,refactor-make-lview-injector-nonnullable,,0.0,0.0,,0.0,0.0,,,False,,24195339.0,"96964, 25867, None, None",,,Angular,0.0
2193025997,RussellSprouts,fix(migrations): Mark hoisted properties as removed in inject migration,closed,2024-11-21 19:24:41+00:00,,2024-11-21 20:58:28+00:00,"action: merge, target: patch, area: migrations",main,inject,,0.0,0.0,,0.0,0.0,,,False,,24195339.0,"96964, 25867, None, None",,,Angular,0.0
2192958636,mgechev,docs: update front page banner to link to the blog,closed,2024-11-21 18:43:05+00:00,,2024-11-22 14:41:56+00:00,"action: merge, target: patch, area: docs, adev: preview",main,update-adev-banner,,0.0,0.0,,0.0,0.0,,,False,,24195339.0,"96964, 25867, None, None",,,Angular,0.0
2192507525,josephperrott,ci: update to latest actions from angular/dev-infra,closed,2024-11-21 14:58:49+00:00,,2024-11-21 15:01:47+00:00,"action: merge, area: build & ci, target: patch",main,update-actions,,0.0,0.0,,0.0,0.0,,,False,,24195339.0,"96964, 25867, None, None",,,Angular,0.0
2192449306,alan-agius4,docs: minor updates to hybrid rendering docs,closed,2024-11-21 14:39:59+00:00,,2024-11-21 16:31:43+00:00,"action: merge, target: patch, area: docs, adev: preview",main,typo-hybrid-rendering,,0.0,0.0,,0.0,0.0,,,False,,24195339.0,"96964, 25867, None, None",,,Angular,0.0
2192340622,JoostK,fix(core): correctly perform lazy routes migration for components wit…,closed,2024-11-21 13:56:56+00:00,,2024-11-21 16:43:33+00:00,"action: merge, area: core, target: patch, area: migrations",main,fix-lazy-routes-migration,,0.0,0.0,,0.0,0.0,,,False,,24195339.0,"96964, 25867, None, None",,,Angular,0.0
2192329269,jesusreal,docs: update resource.md,closed,2024-11-21 13:52:53+00:00,,2024-11-22 14:42:32+00:00,"action: merge, target: patch, area: docs",main,patch-2,,0.0,0.0,,0.0,0.0,,,False,,24195339.0,"96964, 25867, None, None",,,Angular,0.0
2192001330,wartab,refactor(core): Make wording of effect-allowSignalWrites deprecation warning more accurate,closed,2024-11-21 11:25:47+00:00,,2024-11-27 15:59:07+00:00,"action: merge, area: core, target: patch",main,allow-signal-writes,,0.0,0.0,,0.0,0.0,,,False,,24195339.0,"96964, 25867, None, None",,,Angular,0.0
2191749651,P4,docs: fix 404 link in roadmap,closed,2024-11-21 09:36:54+00:00,,2024-11-21 16:44:13+00:00,"action: merge, target: patch, area: docs",main,patch-2,,0.0,0.0,,0.0,0.0,,,False,,24195339.0,"96964, 25867, None, None",,,Angular,0.0
2190861321,kirjs,docs: move commit message guidelies to a separate file,open,2024-11-20 21:50:25+00:00,,,"target: patch, area: docs",main,docs-commit-message-guidelines,,0.0,0.0,,0.0,0.0,jelbourn,,False,,24195339.0,"96964, 25867, None, None",,,Angular,0.0
2190849045,voi99,docs: add strictStandalone to angular compiler options,closed,2024-11-20 21:41:14+00:00,,2024-11-20 22:07:38+00:00,"action: merge, target: patch, area: compiler, area: docs",main,docs/angular-complier-options-add-strict-standalone,,0.0,0.0,,0.0,0.0,,,False,,24195339.0,"96964, 25867, None, None",,,Angular,0.0
2190601421,crisbeto,refactor(forms): work around another TypeScript 5.7 issue,closed,2024-11-20 18:51:59+00:00,,2024-11-21 16:36:18+00:00,"action: merge, area: forms, target: patch",main,ts-5.7-workaround-again,,0.0,0.0,,0.0,0.0,,,False,,24195339.0,"96964, 25867, None, None",,,Angular,0.0
2190585812,josephperrott,ci: update to latest actions from angular/dev-infra,closed,2024-11-20 18:41:08+00:00,,2024-11-20 19:58:17+00:00,"action: merge, area: build & ci, target: patch",main,update-actions,,0.0,0.0,,0.0,0.0,,,False,,24195339.0,"96964, 25867, None, None",,,Angular,0.0
2190287997,josephperrott,ci: set up perf tracking CI job,closed,2024-11-20 15:54:04+00:00,,2024-11-20 21:16:25+00:00,"action: merge, area: build & ci, target: patch, area: docs-infra",main,setup-perf-tests,,0.0,0.0,,0.0,0.0,,,False,,24195339.0,"96964, 25867, None, None",,,Angular,0.0
2190188069,angular-robot,build: update cross-repo angular dependencies,closed,2024-11-20 15:11:38+00:00,,2024-11-21 16:33:46+00:00,"action: merge, area: build & ci, target: patch",main,ng-renovate/cross-repo-angular-dependencies,,0.0,0.0,,0.0,0.0,,,False,,24195339.0,"96964, 25867, None, None",,,Angular,0.0
2190183092,JeanMeche,fix(migrations): take care of tests that import both `HttpClientModule` & `HttpClientTestingModule`.,closed,2024-11-20 15:09:13+00:00,,2024-11-22 14:47:17+00:00,"action: merge, target: lts, area: migrations",18.2.x,fix/htttp-provider-migrations,,0.0,0.0,,0.0,0.0,,,False,,24195339.0,"96964, 25867, None, None",,,Angular,0.0
2189846720,Ahmed-Hakeem,docs(docs-infra): fix top-level banner styles and make it responsive,closed,2024-11-20 12:30:45+00:00,,2024-11-21 20:55:48+00:00,"action: merge, target: patch, area: docs-infra, area: docs, adev: preview",main,fix/top-level-banner,,0.0,0.0,,0.0,0.0,,,False,,24195339.0,"96964, 25867, None, None",,,Angular,0.0
2189580671,crisbeto,Add internal tracing API,closed,2024-11-20 10:21:00+00:00,,2024-11-21 16:34:56+00:00,"action: merge, area: core, target: patch",main,tracing-api-pick,,0.0,0.0,,0.0,0.0,,,False,,24195339.0,"96964, 25867, None, None",,,Angular,0.0
2189474829,sp90,docs: add missing ng update material command to v19 update guide,closed,2024-11-20 09:33:25+00:00,,2024-11-22 19:32:31+00:00,"action: merge, target: patch, area: docs, adev: preview",main,main,,0.0,0.0,,0.0,0.0,,,False,,24195339.0,"96964, 25867, None, None",,,Angular,0.0
2189425195,crisbeto,fix(migrations): handle parameters with initializers in inject migration,closed,2024-11-20 09:15:57+00:00,,2024-11-20 16:07:42+00:00,"action: merge, target: patch, area: migrations",main,inject-migration-initializers,,0.0,0.0,,0.0,0.0,,,False,,24195339.0,"96964, 25867, None, None",,,Angular,0.0
2189371480,kimcys,Remove Unused ..v,closed,2024-11-20 08:53:37+00:00,,2024-11-21 14:45:01+00:00,"cla: no, area: docs",main,patch-1,,0.0,0.0,,0.0,0.0,,,False,,24195339.0,"96964, 25867, None, None",,,Angular,0.0
2189179189,sheikalthaf,refactor(devtools): migrate devtools to prettier formatting,closed,2024-11-20 07:19:11+00:00,,2024-11-21 16:35:44+00:00,"action: merge, target: patch, area: devtools",19.0.x,19-devtools-code,,0.0,0.0,,0.0,0.0,,,False,,24195339.0,"96964, 25867, None, None",,,Angular,0.0
2188672631,jelbourn,docs: add details on how `@defer` loads deps,closed,2024-11-19 23:59:42+00:00,,2024-11-20 00:34:40+00:00,"action: merge, target: patch, area: docs",main,defer-details,,0.0,0.0,,0.0,0.0,,,False,,24195339.0,"96964, 25867, None, None",,,Angular,0.0
2188658128,aboudard,docs: add missing ng update command to v19 update guide,closed,2024-11-19 23:42:17+00:00,,2024-11-20 01:36:28+00:00,"action: merge, target: patch, area: docs, adev: preview",main,docs-ng-update-19,,0.0,0.0,,0.0,0.0,,,False,,24195339.0,"96964, 25867, None, None",,,Angular,0.0
2188617423,jelbourn,docs: update titles for resource and linkedSignal,closed,2024-11-19 23:14:07+00:00,,2024-11-20 00:33:55+00:00,"action: merge, target: patch, area: docs",main,resource-fixes,,0.0,0.0,,0.0,0.0,,,False,,24195339.0,"96964, 25867, None, None",,,Angular,0.0
2188577722,AdnaneKhan,ci: Remove unused benchmark workflow.,open,2024-11-19 22:39:56+00:00,,,area: build & ci,main,remove-benchmark,,0.0,0.0,,0.0,0.0,,,False,,24195339.0,"96964, 25867, None, None",,,Angular,0.0
2188549793,clydin,refactor(language-service): reuse code fixes map for has fix check,closed,2024-11-19 22:16:35+00:00,,2024-11-20 16:10:18+00:00,"action: merge, area: language-service, target: patch",main,ls/improve-has-code-fixes,,0.0,0.0,,0.0,0.0,,,False,,24195339.0,"96964, 25867, None, None",,,Angular,0.0
2188522360,NothingEverHappens,docs: update prettier link to the correct one,closed,2024-11-19 21:54:36+00:00,,2024-11-22 19:33:24+00:00,"action: merge, target: patch, area: docs",main,docs/fix-prettier-url,,0.0,0.0,,0.0,0.0,,,False,,24195339.0,"96964, 25867, None, None",,,Angular,0.0
2188498095,robertIsaac,docs(core): Update linked-signal.md,closed,2024-11-19 21:36:17+00:00,,2024-11-28 16:39:23+00:00,"action: merge, area: core, target: patch, area: docs",main,patch-1,,0.0,0.0,,0.0,0.0,,,False,,24195339.0,"96964, 25867, None, None",,,Angular,0.0
2188370627,Goliworks,refactor(core): control flows and types in event-dispatch,open,2024-11-19 20:07:47+00:00,,,"area: core, requires: TGP",main,refactor/event-dispatch,,0.0,0.0,,0.0,0.0,"tbondwilkinson, iteriani, thePunderWoman",,False,,24195339.0,"96964, 25867, None, None",,,Angular,0.0
2188315853,clydin,docs: add note about dev-server startup and styles,closed,2024-11-19 19:32:58+00:00,,2024-11-20 00:33:21+00:00,"action: merge, target: patch, area: docs, adev: preview",main,docs/app-dev-styles,,0.0,0.0,,0.0,0.0,,,False,,24195339.0,"96964, 25867, None, None",,,Angular,0.0
2188252557,JeanMeche,docs(docs-infra): have a redirect for `guide/components/anatomy-of-co…,closed,2024-11-19 18:57:15+00:00,,2024-11-20 00:52:31+00:00,"action: merge, target: patch, area: docs-infra, area: docs",main,docs/anatomy-redirect,,0.0,0.0,,0.0,0.0,,,False,,24195339.0,"96964, 25867, None, None",,,Angular,0.0
2188245469,GeorgySerga,docs: add a notice on compiler parsing changes,closed,2024-11-19 18:52:44+00:00,,2024-12-02 15:35:29+00:00,"action: merge, target: patch, area: docs",main,compiler-release-notes-19,,0.0,0.0,,0.0,0.0,,,False,,24195339.0,"96964, 25867, None, None",,,Angular,0.0
2188116032,devversion,docs: add link to v19 blog post,closed,2024-11-19 17:34:14+00:00,,2024-11-19 17:38:55+00:00,"action: merge, target: patch, area: docs",main,blog-post-link,,0.0,0.0,,0.0,0.0,,,False,,24195339.0,"96964, 25867, None, None",,,Angular,0.0
2187983963,devversion,docs: update tutorials and playground to v19.0.0,closed,2024-11-19 16:24:52+00:00,,2024-11-19 17:26:50+00:00,"action: merge, target: patch, area: docs, adev: preview",main,adev-update,,0.0,0.0,,0.0,0.0,,,False,,24195339.0,"96964, 25867, None, None",,,Angular,0.0
2187907380,devversion,build: publish `angular-in-memory-web-api@0.19.0` for v19 compatibility,closed,2024-11-19 15:49:19+00:00,,2024-11-19 16:56:02+00:00,"action: merge, area: build & ci, target: patch",main,bump-in-memory-api,,0.0,0.0,,0.0,0.0,,,False,,24195339.0,"96964, 25867, None, None",,,Angular,0.0
2187846652,JeanMeche,docs(docs-infra): fix ngmodule guide navigation.,closed,2024-11-19 15:22:01+00:00,,2024-11-19 17:53:29+00:00,"action: merge, target: patch, area: docs-infra, area: docs, adev: preview",main,docs/ngmodules-routes,,0.0,0.0,,0.0,0.0,,,False,,24195339.0,"96964, 25867, None, None",,,Angular,0.0
2187732382,devversion,docs: improve changelog for v19,closed,2024-11-19 14:32:56+00:00,2024-11-19 14:36:38+00:00,2024-11-19 14:36:38+00:00,"action: review, target: minor, area: docs",main,improve-changelog,,0.0,0.0,,0.0,0.0,,,False,,24195339.0,"96964, 25867, None, None",,,Angular,0.0
2187715146,devversion,docs: release notes for the v19.0.0 release,closed,2024-11-19 14:25:14+00:00,2024-11-19 14:28:14+00:00,2024-11-19 14:28:14+00:00,"action: merge, PullApprove: disable, area: docs",main,changelog-cherry-pick-19.0.0,,0.0,0.0,,0.0,0.0,,,False,,24195339.0,"96964, 25867, None, None",,,Angular,0.0
2187704316,devversion,"Bump version to ""v19.0.0"" with changelog.",closed,2024-11-19 14:20:20+00:00,2024-11-19 14:21:41+00:00,2024-11-19 14:21:42+00:00,"action: merge, PullApprove: disable",19.0.x,release-stage-19.0.0,,0.0,0.0,,0.0,0.0,,,False,,24195339.0,"96964, 25867, None, None",,,Angular,0.0
2187354917,thesmiler,docs: Change actively supported versions for v19,closed,2024-11-19 11:34:46+00:00,,2024-11-19 17:52:48+00:00,"action: merge, target: patch, area: docs, adev: preview",main,v19-supported-versions,,0.0,0.0,,0.0,0.0,,,False,,24195339.0,"96964, 25867, None, None",,,Angular,0.0
2187037543,crisbeto,fix(forms): work around TypeScript 5.7 issue,closed,2024-11-19 09:08:20+00:00,,2024-11-19 20:18:05+00:00,"action: merge, area: forms, target: patch",main,forms-ts-5.7-workaround,,0.0,0.0,,0.0,0.0,,,False,,24195339.0,"96964, 25867, None, None",,,Angular,0.0
2186730903,angular-robot,build: update github/codeql-action action to v3.27.5,closed,2024-11-19 06:14:35+00:00,,2024-11-20 21:15:34+00:00,"action: merge, area: build & ci, target: patch",main,ng-renovate/scorecard-action,,0.0,0.0,,0.0,0.0,,,False,,24195339.0,"96964, 25867, None, None",,,Angular,0.0
2186728256,angular-robot,build: update all non-major dependencies,closed,2024-11-19 06:12:28+00:00,,2024-11-20 21:11:35+00:00,"action: merge, area: build & ci, target: patch",main,ng-renovate/all-non-major-dependencies,,0.0,0.0,,0.0,0.0,,,False,,24195339.0,"96964, 25867, None, None",,,Angular,0.0
2186381414,mgechev,docs: update links in the roadmap,closed,2024-11-19 00:12:57+00:00,,2024-11-19 02:25:38+00:00,"action: merge, target: rc, area: docs, adev: preview",main,roadmap-q4-2024-2,,0.0,0.0,,0.0,0.0,,,False,,24195339.0,"96964, 25867, None, None",,,Angular,0.0
2186275717,MarkAxisa,docs(core): add descriptive usage line for projectableNodes param in …,closed,2024-11-18 22:56:04+00:00,,2024-11-20 16:12:36+00:00,"action: merge, area: core, target: patch, merge: caretaker note, area: docs",main,docs-create-component-projectable-nodes,,0.0,0.0,,0.0,0.0,,,False,,24195339.0,"96964, 25867, None, None",,,Angular,0.0
2186259013,MarkAxisa,docs(core): add descriptive usage line for projectableNodes param in …,closed,2024-11-18 22:44:44+00:00,,2024-11-18 22:50:40+00:00,"area: docs-infra, area: docs",main,docs-create-component-api-projectable-nodes,,0.0,0.0,,0.0,0.0,AndrewKushnir,,False,,24195339.0,"96964, 25867, None, None",,,Angular,0.0
2185950882,clydin,fix(core): correctly clear template HMR internal renderer cache,closed,2024-11-18 19:46:11+00:00,,2024-11-19 20:18:42+00:00,"action: merge, area: core, target: patch",main,hmr/fix-clear-render-cache,,0.0,0.0,,0.0,0.0,,,False,,24195339.0,"96964, 25867, None, None",,,Angular,0.0
2185929258,thePunderWoman,fix(core): Prevents race condition of cleanup for incremental hydration,closed,2024-11-18 19:32:27+00:00,,2024-11-21 21:39:39+00:00,"action: merge, area: core, target: patch",main,hydration-router,,0.0,0.0,,0.0,0.0,,,False,,24195339.0,"96964, 25867, None, None",,,Angular,0.0
2185917146,MarkTechson,docs: add v19 developer event banner,closed,2024-11-18 19:24:34+00:00,,2024-11-18 20:49:09+00:00,"action: merge, target: patch, area: docs, adev: preview",main,feat/v19-banner,,0.0,0.0,,0.0,0.0,,,False,,24195339.0,"96964, 25867, None, None",,,Angular,0.0
2185884451,JeanMeche,docs: update version compatibility.,closed,2024-11-18 19:05:20+00:00,,2024-11-18 21:34:37+00:00,"action: merge, target: rc, area: docs, adev: preview",main,versions-19,,0.0,0.0,,0.0,0.0,,,False,,24195339.0,"96964, 25867, None, None",,,Angular,0.0
2185583943,crisbeto,Language service fixes,closed,2024-11-18 16:21:10+00:00,,2024-11-19 20:19:18+00:00,"action: merge, area: language-service, target: patch",main,language-service-fixes,,0.0,0.0,,0.0,0.0,,,False,,24195339.0,"96964, 25867, None, None",,,Angular,0.0
2184525781,angular-robot,build: lock file maintenance,closed,2024-11-18 08:13:46+00:00,,2024-11-22 14:46:23+00:00,"action: merge, area: build & ci, target: patch, merge: caretaker note, PullApprove: disable",main,ng-renovate/lock-file-maintenance,,0.0,0.0,,0.0,0.0,,,False,,24195339.0,"96964, 25867, None, None",,,Angular,0.0
2183684725,JeanMeche,refactor(compiler): remove compatibility mode,closed,2024-11-17 13:25:23+00:00,,2024-12-05 00:37:02+00:00,area: compiler,main,compiler/compat-mode,,0.0,0.0,,0.0,0.0,,,True,,24195339.0,"96964, 25867, None, None",,,Angular,0.0
2183610473,Ahmed-Hakeem,docs(docs-infra): Fix Card's Styles in focus and overflow states,closed,2024-11-17 10:44:18+00:00,,2024-11-18 21:35:18+00:00,"action: merge, target: rc, area: docs-infra, area: docs, adev: preview",main,fix/api-cards-header,,0.0,0.0,,0.0,0.0,,,False,,24195339.0,"96964, 25867, None, None",,,Angular,0.0
2183591422,crisbeto,docs: update standalone migration guide,closed,2024-11-17 10:08:43+00:00,,2024-11-19 17:54:57+00:00,"action: merge, target: patch, area: docs",main,standalone-guide-update,,0.0,0.0,,0.0,0.0,,,False,,24195339.0,"96964, 25867, None, None",,,Angular,0.0
2183514595,crutchcorn,fix: typing of QueryList.changes is now more strict,closed,2024-11-17 07:07:05+00:00,,2024-11-17 15:03:48+00:00,area: core,main,fix-changes-type,,0.0,0.0,,0.0,0.0,pkozlowski-opensource,,False,,24195339.0,"96964, 25867, None, None",,,Angular,0.0
2183291283,JeanMeche,docs(docs-infra): redirect to the root of the app.,closed,2024-11-16 16:47:17+00:00,,2024-11-18 21:36:00+00:00,"action: merge, target: rc, area: docs-infra, area: docs, adev: preview",main,docs/root-redirect,,0.0,0.0,,0.0,0.0,,,False,,24195339.0,"96964, 25867, None, None",,,Angular,0.0
2183041530,crisbeto,feat(common): expose component instance in NgComponentOutlet,closed,2024-11-16 08:33:21+00:00,,2024-11-20 16:08:24+00:00,"action: merge, area: common, target: minor, detected: feature",main,component-outlet-instance,,0.0,0.0,,0.0,0.0,,,False,,24195339.0,"96964, 25867, None, None",,,Angular,0.0
2182923000,angular-robot,build: update dependency ngx-progressbar to v13,closed,2024-11-16 02:35:49+00:00,,2024-11-22 15:32:14+00:00,"action: cleanup, area: build & ci, target: patch",main,ng-renovate/ngx-progressbar-13-x,,0.0,0.0,,0.0,0.0,"thePunderWoman, thePunderWoman",,False,,24195339.0,"96964, 25867, None, None",,,Angular,0.0
2182506042,jelbourn,docs: reorganize NgModule and Animations guides,closed,2024-11-15 20:14:57+00:00,,2024-11-15 22:36:41+00:00,"action: merge, target: rc, area: docs, adev: preview",main,ngmodules-place,,0.0,0.0,,0.0,0.0,,,False,,24195339.0,"96964, 25867, None, None",,,Angular,0.0
2182337096,AndrewKushnir,docs: update location of `REQUEST`-related tokens in docs content,closed,2024-11-15 18:02:55+00:00,,2024-11-15 18:30:14+00:00,"action: merge, target: rc, area: docs",main,update_tokens_location_in_docs,,0.0,0.0,,0.0,0.0,,,False,,24195339.0,"96964, 25867, None, None",,,Angular,0.0
2182301779,AndrewKushnir,docs: release notes for the v19.0.0-rc.3 release,closed,2024-11-15 17:39:38+00:00,2024-11-15 17:39:56+00:00,2024-11-15 17:39:56+00:00,"action: merge, PullApprove: disable, area: docs",main,changelog-cherry-pick-19.0.0-rc.3,,0.0,0.0,,0.0,0.0,,,False,,24195339.0,"96964, 25867, None, None",,,Angular,0.0
2182299219,AndrewKushnir,"Bump version to ""v19.0.0-rc.3"" with changelog.",closed,2024-11-15 17:37:35+00:00,2024-11-15 17:37:59+00:00,2024-11-15 17:37:59+00:00,"action: merge, PullApprove: disable",19.0.x,release-stage-19.0.0-rc.3,,0.0,0.0,,0.0,0.0,,,False,,24195339.0,"96964, 25867, None, None",,,Angular,0.0
2182070378,josephperrott,build: update angular versions used in angular dev examples,closed,2024-11-15 15:32:21+00:00,,2024-11-19 17:37:29+00:00,"action: merge, area: build & ci, action: review, target: rc, area: docs-infra, adev: preview",main,update-adev-ng-versions,,0.0,0.0,,0.0,0.0,MarkTechson,,False,,24195339.0,"96964, 25867, None, None",,,Angular,0.0
2181841002,alxhub,docs: initial `resource` docs,closed,2024-11-15 13:37:11+00:00,,2024-11-15 17:48:17+00:00,"action: merge, target: rc, area: docs, adev: preview",main,resource-docs,,0.0,0.0,,0.0,0.0,,,False,,24195339.0,"96964, 25867, None, None",,,Angular,0.0
2181522696,pkozlowski-opensource,refactor(core): mark linkedSignal as developer preview,closed,2024-11-15 10:21:38+00:00,,2024-11-15 13:15:24+00:00,"action: merge, area: core, target: rc",main,linked_signal_docs,,0.0,0.0,,0.0,0.0,"AndrewKushnir, thePunderWoman",,False,,24195339.0,"96964, 25867, None, None",,,Angular,0.0
2181520677,crisbeto,fix(bazel): allow strictStandalone to be passed through tsconfig,closed,2024-11-15 10:20:25+00:00,,2024-11-15 11:53:12+00:00,"action: merge, area: bazel, merge: caretaker note, target: rc",main,bazel-strict-standalone,,0.0,0.0,,0.0,0.0,,,False,,24195339.0,"96964, 25867, None, None",,,Angular,0.0
2181471426,pkozlowski-opensource,Css fixes main,closed,2024-11-15 09:52:39+00:00,,2024-11-15 10:30:31+00:00,"action: merge, area: compiler, target: rc",main,css_fixes_main,,0.0,0.0,,0.0,0.0,,,False,,24195339.0,"96964, 25867, None, None",,,Angular,0.0
2181358628,yjaaidi,fix(compiler-cli): support nested component declaration,open,2024-11-15 08:49:48+00:00,,,"state: blocked, area: compiler, target: minor",main,fix/nested-component-declaration,,0.0,0.0,,0.0,0.0,,,False,,24195339.0,"96964, 25867, None, None",,,Angular,0.0
2180991904,jelbourn,docs: `resource` topic first draft,closed,2024-11-15 04:28:26+00:00,,2024-11-15 14:15:39+00:00,"action: merge, target: rc, area: docs",main,resource-docs,,0.0,0.0,,0.0,0.0,,,False,,24195339.0,"96964, 25867, None, None",,,Angular,0.0
2180904333,angular-robot,build: update io_bazel_rules_sass digest to 35b1c32,closed,2024-11-15 02:36:20+00:00,,2024-11-20 21:19:34+00:00,"action: merge, area: build & ci, target: patch",main,ng-renovate/io-bazel-rules-sass-digest,,0.0,0.0,,0.0,0.0,,,False,,24195339.0,"96964, 25867, None, None",,,Angular,0.0
2180805613,clydin,fix(compiler-cli): avoid fatal diagnostics for missing template files,open,2024-11-15 00:30:37+00:00,,,"target: patch, area: compiler",main,compiler/no-fatal-template-diags,,0.0,0.0,,0.0,0.0,,,False,,24195339.0,"96964, 25867, None, None",,,Angular,0.0
2180665094,JeanMeche,Revert fix(compiler): transform pseudo selectors correctly for the en…,closed,2024-11-14 22:05:21+00:00,,2024-11-15 10:51:33+00:00,"area: compiler, target: rc",main,revert-57796-main,,0.0,0.0,,0.0,0.0,AndrewKushnir,,False,,24195339.0,"96964, 25867, None, None",,,Angular,0.0
2180536277,thePunderWoman,docs: add incremental hydration guide,closed,2024-11-14 20:26:37+00:00,,2024-11-15 17:50:16+00:00,"action: merge, target: rc, area: docs, adev: preview",main,incremental-guide,,0.0,0.0,,0.0,0.0,,,False,,24195339.0,"96964, 25867, None, None",,,Angular,0.0
2180510361,AndrewKushnir,"refactor(core): add `REQUEST`, `RESPONSE_INIT` and `REQUEST_CONTEXT` tokens",closed,2024-11-14 20:08:44+00:00,,2024-11-14 22:21:24+00:00,"action: merge, area: core, area: server, merge: caretaker note, target: rc",main,request_tokens_2,,0.0,0.0,,0.0,0.0,"dgp1130, alxhub, pkozlowski-opensource, josephperrott",,False,,24195339.0,"96964, 25867, None, None",,,Angular,0.0
2180492764,guillaume-moreau,docs: fix typo in build system migration doc,closed,2024-11-14 19:56:48+00:00,,2024-11-14 22:18:19+00:00,"action: merge, target: patch, area: docs",main,fix-build-system-migration-doc,,0.0,0.0,,0.0,0.0,,,False,,24195339.0,"96964, 25867, None, None",,,Angular,0.0
2180309380,jelbourn,docs: correct SSR guide landing page,closed,2024-11-14 18:05:16+00:00,,2024-11-14 22:17:18+00:00,"action: merge, target: rc, area: docs, adev: preview",main,ssr-overview,,0.0,0.0,,0.0,0.0,,,False,,24195339.0,"96964, 25867, None, None",,,Angular,0.0
2180220163,angular-robot,build: update cross-repo angular dependencies,closed,2024-11-14 17:12:54+00:00,,2024-11-20 00:51:42+00:00,"action: merge, area: build & ci, target: patch",main,ng-renovate/cross-repo-angular-dependencies,,0.0,0.0,,0.0,0.0,pkozlowski-opensource,,False,,24195339.0,"96964, 25867, None, None",,,Angular,0.0
2180151960,thePunderWoman,docs: release notes for the v19.0.0-rc.2 release,closed,2024-11-14 16:36:54+00:00,2024-11-14 16:37:30+00:00,2024-11-14 16:37:30+00:00,"action: merge, PullApprove: disable, area: docs",main,changelog-cherry-pick-19.0.0-rc.2,,0.0,0.0,,0.0,0.0,,,False,,24195339.0,"96964, 25867, None, None",,,Angular,0.0
2180146937,thePunderWoman,"Bump version to ""v19.0.0-rc.2"" with changelog.",closed,2024-11-14 16:34:46+00:00,2024-11-14 16:35:17+00:00,2024-11-14 16:35:17+00:00,"action: merge, PullApprove: disable",19.0.x,release-stage-19.0.0-rc.2,,0.0,0.0,,0.0,0.0,,,False,,24195339.0,"96964, 25867, None, None",,,Angular,0.0
2180106773,aberonni,feat(forms): add markAllAsDirty to AbstractControl,open,2024-11-14 16:17:47+00:00,,,"area: forms, detected: feature, adev: preview",main,aberonni/add-markAllAsDirty,,0.0,0.0,,0.0,0.0,"AndrewKushnir, JeanMeche, alxhub, pkozlowski-opensource",,False,,24195339.0,"96964, 25867, None, None",,,Angular,0.0
2180096781,thePunderWoman,docs: release notes for the v18.2.12 release,closed,2024-11-14 16:13:42+00:00,2024-11-14 16:13:48+00:00,2024-11-14 16:13:48+00:00,"action: merge, PullApprove: disable, area: docs",main,changelog-cherry-pick-18.2.12,,0.0,0.0,,0.0,0.0,,,False,,24195339.0,"96964, 25867, None, None",,,Angular,0.0
2180089826,thePunderWoman,"Bump version to ""v18.2.12"" with changelog.",closed,2024-11-14 16:11:39+00:00,2024-11-14 16:11:59+00:00,2024-11-14 16:11:59+00:00,"action: merge, PullApprove: disable",18.2.x,release-stage-18.2.12,,0.0,0.0,,0.0,0.0,,,False,,24195339.0,"96964, 25867, None, None",,,Angular,0.0
2180072799,jelbourn,docs: remove `standalone: true` across content,closed,2024-11-14 16:06:00+00:00,,2024-11-14 16:40:16+00:00,"action: merge, target: rc, area: docs, adev: preview",main,standalones,,0.0,0.0,,0.0,0.0,,,False,,24195339.0,"96964, 25867, None, None",,,Angular,0.0
2179963509,hawkgs,docs(docs-infra): remove Featured/Most Common section from the API reference list page,closed,2024-11-14 15:15:46+00:00,,2024-11-15 18:32:24+00:00,"action: merge, target: rc, area: docs-infra, area: docs, adev: preview",main,docs/remove-api-list-most-common,,0.0,0.0,,0.0,0.0,,,False,,24195339.0,"96964, 25867, None, None",,,Angular,0.0
2179879930,thePunderWoman,refactor(core): add performance feature flag for incremental hydration,closed,2024-11-14 14:38:42+00:00,,2024-11-14 15:07:41+00:00,"action: merge, area: core, target: rc",main,feature-flag,,0.0,0.0,,0.0,0.0,,,False,,24195339.0,"96964, 25867, None, None",,,Angular,0.0
2179720177,hawkgs,docs(docs-infra): change API reference list items order to top-down,closed,2024-11-14 13:22:58+00:00,,2025-01-14 16:11:03+00:00,"action: merge, target: patch, area: docs-infra, area: docs, adev: preview",main,docs/reorder-api-reference-list-items,,0.0,0.0,,0.0,0.0,,,False,,24195339.0,"96964, 25867, None, None",,,Angular,0.0
2179709042,angular-robot,build: update cross-repo angular dependencies,closed,2024-11-14 13:17:28+00:00,,2024-11-14 16:39:39+00:00,"action: merge, area: build & ci, target: rc",main,ng-renovate/cross-repo-angular-dependencies,,0.0,0.0,,0.0,0.0,,,False,,24195339.0,"96964, 25867, None, None",,,Angular,0.0
2179618891,devversion,build: update ng-dev to fix release tool,closed,2024-11-14 12:31:24+00:00,,2024-11-14 14:54:09+00:00,"action: merge, area: build & ci, target: rc",main,update-ng-dev-fix-release,,0.0,0.0,,0.0,0.0,,,False,,24195339.0,"96964, 25867, None, None",,,Angular,0.0
2179257705,thesmiler,docs: add State of JS 2024 banner,closed,2024-11-14 09:32:32+00:00,,2024-11-14 14:53:23+00:00,"action: merge, target: patch, area: docs, adev: preview",main,stateofjs-banner,,0.0,0.0,,0.0,0.0,,,False,,24195339.0,"96964, 25867, None, None",,,Angular,0.0
2178929571,jelbourn,docs: add topic for `linkedSignal`,closed,2024-11-14 06:01:57+00:00,,2024-11-14 14:52:36+00:00,"action: merge, target: rc, area: docs, adev: preview",main,signals-guide,,0.0,0.0,,0.0,0.0,,,False,,24195339.0,"96964, 25867, None, None",,,Angular,0.0
2178838079,sheikalthaf,refactor(docs-infra): migrate adev to signal-based queries,open,2024-11-14 04:34:55+00:00,,,"action: cleanup, area: docs-infra, adev: preview",main,adev-query-migration,,0.0,0.0,,0.0,0.0,crisbeto,,False,,24195339.0,"96964, 25867, None, None",,,Angular,0.0
2178540034,thePunderWoman,fix(core): fixes issues with control flow and incremental hydration,closed,2024-11-13 23:30:50+00:00,,2024-11-14 14:59:56+00:00,"action: merge, area: core, merge: caretaker note, target: rc",main,controlflow,,0.0,0.0,,0.0,0.0,,,False,,24195339.0,"96964, 25867, None, None",,,Angular,0.0
2178246108,angular-robot,build: update cross-repo angular dependencies,closed,2024-11-13 20:12:35+00:00,,2024-11-13 20:45:14+00:00,"action: merge, area: build & ci, target: rc",main,ng-renovate/cross-repo-angular-dependencies,,0.0,0.0,,0.0,0.0,,,False,,24195339.0,"96964, 25867, None, None",,,Angular,0.0
2178086015,arturovt,refactor(docs-infra): cleanup after render sequence in `ReferenceScrollHandler`,closed,2024-11-13 18:33:00+00:00,,2025-01-07 15:50:32+00:00,"action: merge, target: patch, area: docs-infra, adev: preview",main,refactor/docs-analytics,,0.0,0.0,,0.0,0.0,,,False,,24195339.0,"96964, 25867, None, None",,,Angular,0.0
2178052757,angular-robot,build: update cross-repo angular dependencies,closed,2024-11-13 18:12:59+00:00,,2024-11-13 18:37:49+00:00,"action: merge, area: build & ci, target: rc",main,ng-renovate/cross-repo-angular-dependencies,,0.0,0.0,,0.0,0.0,,,False,,24195339.0,"96964, 25867, None, None",,,Angular,0.0
2178016611,jelbourn,"docs: rename ""Performance"" guide to ""Server-side & Hybrid rendering""",closed,2024-11-13 17:51:14+00:00,,2024-11-14 14:51:54+00:00,"action: merge, target: rc, area: docs, adev: preview",main,ssr-and-hybrid,,0.0,0.0,,0.0,0.0,,,False,,24195339.0,"96964, 25867, None, None",,,Angular,0.0
2178016448,devversion,refactor(compiler-cli): parse `angularCompilerOptions` from bazel options as a fallback,closed,2024-11-13 17:51:08+00:00,,2024-11-14 14:55:57+00:00,"action: merge, area: compiler, target: rc",main,tsurge-g3,,0.0,0.0,,0.0,0.0,,,False,,24195339.0,"96964, 25867, None, None",,,Angular,0.0
2177894393,cexbrayat,refactor(migrations): typos in signal migration incompatibility reasons,closed,2024-11-13 16:53:41+00:00,,2024-11-14 14:55:07+00:00,"action: merge, area: migrations, target: rc",main,fix/incompatibility-dots,,0.0,0.0,,0.0,0.0,,,False,,24195339.0,"96964, 25867, None, None",,,Angular,0.0
2177853547,cexbrayat,fix(migrations): include the output migration in the defaults of the signal migration,closed,2024-11-13 16:36:00+00:00,,2024-11-13 18:04:01+00:00,"action: merge, area: core, target: rc",main,fix/output-migration-default,,0.0,0.0,,0.0,0.0,,,False,,24195339.0,"96964, 25867, None, None",,,Angular,0.0
2177801882,angular-robot,build: update cross-repo angular dependencies,closed,2024-11-13 16:13:18+00:00,,2024-11-13 18:03:12+00:00,"action: merge, area: build & ci, target: rc",main,ng-renovate/cross-repo-angular-dependencies,,0.0,0.0,,0.0,0.0,,,False,,24195339.0,"96964, 25867, None, None",,,Angular,0.0
2177789188,tidusjar,refactor(NgOptimizedImage): Update the InputChanged error,closed,2024-11-13 16:07:42+00:00,,2024-12-10 11:45:48+00:00,area: common,main,patch-1,,0.0,0.0,,0.0,0.0,AndrewKushnir,,False,,24195339.0,"96964, 25867, None, None",,,Angular,0.0
2177761212,cexbrayat,fix(migrations): do not migrate next calls in template if not an EventEmitter,closed,2024-11-13 15:54:54+00:00,,2024-11-15 13:13:55+00:00,"action: merge, area: migrations, target: rc",main,fix/output-migration-next,,0.0,0.0,,0.0,0.0,,,False,,24195339.0,"96964, 25867, None, None",,,Angular,0.0
2177381323,crisbeto,Replace leftover modules with exports in tests,closed,2024-11-13 13:16:04+00:00,,2024-11-13 18:04:35+00:00,"action: merge, area: migrations, target: rc",main,testing-imports-standalone-copy,,0.0,0.0,,0.0,0.0,,,False,,24195339.0,"96964, 25867, None, None",,,Angular,0.0
2177113116,amiteshhh,removed null check due to optional chaining lightweight-injection-tok…,closed,2024-11-13 11:20:47+00:00,,2024-11-22 08:26:26+00:00,"cla: no, area: core",main,patch-1,,0.0,0.0,,0.0,0.0,alxhub,,False,,24195339.0,"96964, 25867, None, None",,,Angular,0.0
2176879367,sheikalthaf,refactor(devtools): migrate devtools to prettier formatting,closed,2024-11-13 09:40:33+00:00,,2024-11-20 00:31:26+00:00,"action: merge, target: minor, area: devtools",main,devtools-prettier,,0.0,0.0,,0.0,0.0,,,False,,24195339.0,"96964, 25867, None, None",,,Angular,0.0
2176261656,jessy006,fastfood.md,closed,2024-11-13 03:10:32+00:00,,2024-11-13 04:26:05+00:00,,main,patch-4,,0.0,0.0,,0.0,0.0,crisbeto,,False,,24195339.0,"96964, 25867, None, None",,,Angular,0.0
2176208223,clydin,refactor(language-service): suppress inline TCB required diagnostic for syncs,closed,2024-11-13 02:18:46+00:00,,2024-11-13 18:36:25+00:00,"action: merge, area: language-service, merge: caretaker note, target: rc",main,ls/suppress-inline-tcb,,0.0,0.0,,0.0,0.0,,,False,,24195339.0,"96964, 25867, None, None",,,Angular,0.0
2176119866,arturovt,refactor(core): preventing resolving renderer factory every tick,closed,2024-11-13 01:20:10+00:00,,2024-11-28 14:17:31+00:00,"action: merge, area: core, target: patch",main,refactor/core-renderer-factory,,0.0,0.0,,0.0,0.0,,,False,,24195339.0,"96964, 25867, None, None",,,Angular,0.0
2176023050,angular-robot,build: update io_bazel_rules_sass digest to b442a44,closed,2024-11-13 00:12:40+00:00,,2024-11-13 18:49:30+00:00,"action: merge, area: build & ci, target: rc",main,ng-renovate/io-bazel-rules-sass-digest,,0.0,0.0,,0.0,0.0,,,False,,24195339.0,"96964, 25867, None, None",,,Angular,0.0
2175499578,thePunderWoman,refactor(core): moves incremental hydration codebase to better locations,closed,2024-11-12 18:24:11+00:00,,2024-11-12 22:25:30+00:00,"action: merge, area: core, target: rc",main,more-cleanup,,0.0,0.0,,0.0,0.0,,,False,,24195339.0,"96964, 25867, None, None",,,Angular,0.0
2175366278,josephperrott,ci: remove circleci as we no longer rely on it,closed,2024-11-12 17:03:18+00:00,,2024-11-12 18:39:27+00:00,"action: merge, area: build & ci, target: rc, PullApprove: disable",main,remove-circleci,,0.0,0.0,,0.0,0.0,,,False,,24195339.0,"96964, 25867, None, None",,,Angular,0.0
2175355636,thePunderWoman,fix(core): prevent errors on contract cleanup,closed,2024-11-12 16:58:12+00:00,,2024-11-12 17:25:52+00:00,"action: merge, area: core, target: rc, requires: TGP",main,safe-cleanup,,0.0,0.0,,0.0,0.0,,,False,,24195339.0,"96964, 25867, None, None",,,Angular,0.0
2175321432,alxhub,refactor(core): introduce `TracingService` for snapshot-based tracing,closed,2024-11-12 16:43:26+00:00,,2024-11-21 21:02:00+00:00,area: core,main,tracing-api,,0.0,0.0,,0.0,0.0,,,True,,24195339.0,"96964, 25867, None, None",,,Angular,0.0
2174721297,ashish-koshy,docs(docs-infra): Fixed grammatical error,closed,2024-11-12 11:55:38+00:00,,2024-11-12 14:48:29+00:00,"action: merge, target: patch, area: docs-infra, area: docs",main,adev-release-doc-fix,,0.0,0.0,,0.0,0.0,,,False,,24195339.0,"96964, 25867, None, None",,,Angular,0.0
2174621092,hawkgs,docs(docs-infra): move API members cards to the center of the page,closed,2024-11-12 11:03:13+00:00,,2024-12-04 14:26:19+00:00,"action: merge, target: patch, detected: feature, area: docs-infra, adev: preview",main,docs/api-reference-details-move-params,,0.0,0.0,,0.0,0.0,,,False,,24195339.0,"96964, 25867, None, None",,,Angular,0.0
2174564147,crisbeto,feat(core): support TypeScript 5.7,closed,2024-11-12 10:34:08+00:00,,2024-11-25 17:12:13+00:00,"action: merge, area: core, merge: caretaker note, target: minor, PullApprove: disable, detected: feature",main,ts-5.7,,0.0,0.0,,0.0,0.0,,,False,,24195339.0,"96964, 25867, None, None",,,Angular,0.0
2174433407,crisbeto,refactor(migrations): handle fake async catalyst,closed,2024-11-12 09:30:54+00:00,,2024-11-12 14:45:43+00:00,"action: merge, area: migrations, target: rc",main,fake-async-catalyst,,0.0,0.0,,0.0,0.0,,,False,,24195339.0,"96964, 25867, None, None",,,Angular,0.0
2174389688,crisbeto,fix(compiler): control flow nodes with root at the end projected incorrectly,closed,2024-11-12 09:10:49+00:00,,2024-11-12 18:05:03+00:00,"action: merge, area: compiler, target: rc",main,control-flow-projection-edge-case,,0.0,0.0,,0.0,0.0,,,False,,24195339.0,"96964, 25867, None, None",,,Angular,0.0
2174131136,jelbourn,docs: update NgModule overview for standalone default,closed,2024-11-12 06:22:48+00:00,,2024-11-13 20:04:33+00:00,"action: merge, target: rc, area: docs, adev: preview",main,ngmodule-standalone,,0.0,0.0,,0.0,0.0,,,False,,24195339.0,"96964, 25867, None, None",,,Angular,0.0
2174119751,jelbourn,docs: update components guide for default standalone,closed,2024-11-12 06:13:26+00:00,,2024-11-13 15:40:24+00:00,"action: merge, target: rc, area: docs, adev: preview",main,standalonely,,0.0,0.0,,0.0,0.0,,,False,,24195339.0,"96964, 25867, None, None",,,Angular,0.0
2174116857,angular-robot,build: update github/codeql-action action to v3.27.2,closed,2024-11-12 06:11:12+00:00,,2024-11-12 14:47:29+00:00,"action: merge, area: build & ci, target: patch",main,ng-renovate/scorecard-action,,0.0,0.0,,0.0,0.0,,,False,,24195339.0,"96964, 25867, None, None",,,Angular,0.0
2173833132,jelbourn,docs: update essentials guide to include signals,closed,2024-11-12 00:48:12+00:00,,2024-11-14 14:51:23+00:00,"action: merge, target: rc, area: docs, adev: preview",main,essentials-update,,0.0,0.0,,0.0,0.0,,,False,,24195339.0,"96964, 25867, None, None",,,Angular,0.0
2173661580,thePunderWoman,test(core): add incremental hydration tests,closed,2024-11-11 21:49:55+00:00,,2024-11-12 14:49:23+00:00,"action: merge, area: core, target: rc",main,ic-tests,,0.0,0.0,,0.0,0.0,,,False,,24195339.0,"96964, 25867, None, None",,,Angular,0.0
2173639056,wartab,feat(compiler): Add support for multiple conditions for cases in switch control flow,open,2024-11-11 21:30:30+00:00,,,"area: compiler, detected: feature",main,multiple-switch-cases,,0.0,0.0,,0.0,0.0,"alxhub, JoostK",,False,,24195339.0,"96964, 25867, None, None",,,Angular,0.0
2173426362,angular-robot,build: update cross-repo angular dependencies - autoclosed,closed,2024-11-11 19:03:21+00:00,,2024-11-11 20:03:26+00:00,"action: merge, area: build & ci, target: rc",main,ng-renovate/cross-repo-angular-dependencies,,0.0,0.0,,0.0,0.0,"AndrewKushnir, AndrewKushnir",,False,,24195339.0,"96964, 25867, None, None",,,Angular,0.0
2173374760,thePunderWoman,refactor(core): reorganize defer codebase,closed,2024-11-11 18:26:41+00:00,,2024-11-11 19:11:04+00:00,"action: merge, area: core, merge: caretaker note, target: rc",main,hydration-stuff,,0.0,0.0,,0.0,0.0,,,False,,24195339.0,"96964, 25867, None, None",,,Angular,0.0
2173353416,angular-robot,build: update cross-repo angular dependencies,closed,2024-11-11 18:12:26+00:00,,2024-11-11 19:02:10+00:00,"action: merge, area: build & ci, target: rc",main,ng-renovate/cross-repo-angular-dependencies,,0.0,0.0,,0.0,0.0,,,False,,24195339.0,"96964, 25867, None, None",,,Angular,0.0
2173323484,sheikalthaf,refactor(devtools): use reactive APIs for queries and linkedSignal,closed,2024-11-11 17:51:45+00:00,,2024-11-11 17:55:49+00:00,area: devtools,19.0.x,linkedsignal-19,,0.0,0.0,,0.0,0.0,devversion,,False,,24195339.0,"96964, 25867, None, None",,,Angular,0.0
2173273486,josephperrott,"docs: remove ""getting started"" from headers on API ref page",closed,2024-11-11 17:18:28+00:00,,2024-11-11 17:53:22+00:00,"action: merge, target: rc, area: docs, adev: preview",main,remove-unneeded-header,,0.0,0.0,,0.0,0.0,,,False,,24195339.0,"96964, 25868, None, None",,,Angular,0.0
2173073992,JeanMeche,docs: fix link in 6-property-binding tutorial,closed,2024-11-11 15:24:58+00:00,,2024-11-12 14:45:05+00:00,"action: merge, target: patch, area: docs",main,fix/58588,,0.0,0.0,,0.0,0.0,,,False,,24195339.0,"96964, 25868, None, None",,,Angular,0.0
2173049679,angular-robot,build: update cross-repo angular dependencies,closed,2024-11-11 15:12:02+00:00,,2024-11-11 17:24:51+00:00,"action: merge, area: build & ci, merge: caretaker note, target: rc",main,ng-renovate/cross-repo-angular-dependencies,,0.0,0.0,,0.0,0.0,"AndrewKushnir, AndrewKushnir",,False,,24195339.0,"96964, 25868, None, None",,,Angular,0.0
2173041453,thePunderWoman,"Revert ""ci: re-enable adev tests (#58574)""",closed,2024-11-11 15:07:42+00:00,,2024-11-11 15:28:40+00:00,"action: merge, target: rc, PullApprove: disable",main,revert-58574,,0.0,0.0,,0.0,0.0,,,False,,24195339.0,"96964, 25868, None, None",,,Angular,0.0
2172344191,crisbeto,fix(compiler-cli): report individual diagnostics for unused imports,closed,2024-11-11 09:29:49+00:00,,2024-11-11 15:31:03+00:00,"action: merge, area: compiler, target: rc",main,unused-imports-related-info,,0.0,0.0,,0.0,0.0,,,False,,24195339.0,"96964, 25868, None, None",,,Angular,0.0
2172200644,angular-robot,build: lock file maintenance,closed,2024-11-11 08:13:01+00:00,,2024-11-11 15:48:54+00:00,"action: cleanup, area: build & ci, target: patch",main,ng-renovate/lock-file-maintenance,,0.0,0.0,,0.0,0.0,"crisbeto, crisbeto, JiaLiPassion, JiaLiPassion, crisbeto, JiaLiPassion",,False,,24195339.0,"96964, 25868, None, None",,,Angular,0.0
2172195989,lmartorella,fix(elements): allow custom elements to be detached and reattached,open,2024-11-11 08:09:58+00:00,,,area: elements,main,fix/element-detach,,0.0,0.0,,0.0,0.0,pkozlowski-opensource,,False,,24195339.0,"96964, 25868, None, None",,,Angular,0.0
2171378234,devversion,refactor(migrations): improve control flow analysis for loops in signal migration,closed,2024-11-10 09:51:10+00:00,,2024-11-11 15:29:23+00:00,"action: merge, area: migrations, target: rc",main,tsurge-cond,,0.0,0.0,,0.0,0.0,,,False,,24195339.0,"96964, 25868, None, None",,,Angular,0.0
2171338049,soc221b,feat(router): support for object in queryParams,open,2024-11-10 07:46:03+00:00,,,"cla: yes, area: router, action: global presubmit, detected: feature",main,feat/support-object-query-params,,0.0,0.0,,0.0,0.0,AndrewKushnir,,False,,24195339.0,"96964, 25868, None, None",,,Angular,0.0
2170871575,Neutrino-Sunset,Update bootstrapping.md,closed,2024-11-09 10:26:02+00:00,,2024-11-12 13:03:08+00:00,"cla: no, area: docs",main,patch-1,,0.0,0.0,,0.0,0.0,jelbourn,,False,,24195339.0,"96964, 25868, None, None",,,Angular,0.0
2170845895,JeanMeche,ci: re-enable adev tests,closed,2024-11-09 09:02:03+00:00,,2024-11-11 16:52:12+00:00,"action: merge, area: build & ci, target: rc",main,enable-adev-test,,0.0,0.0,,0.0,0.0,,,False,,24195339.0,"96964, 25868, None, None",,,Angular,0.0
2170722928,angular-robot,build: update dependency marked to v15,closed,2024-11-09 03:13:32+00:00,,2024-11-11 17:11:31+00:00,"action: merge, area: build & ci, target: rc, adev: preview",main,ng-renovate/marked-15-x,,0.0,0.0,,0.0,0.0,,,False,,24195339.0,"96964, 25868, None, None",,,Angular,0.0
2170626884,jelbourn,docs: show component signal APIs as the standard approach,closed,2024-11-08 23:59:19+00:00,,2024-11-13 15:39:53+00:00,"action: merge, target: rc, area: docs, adev: preview",main,components-with-signals,,0.0,0.0,,0.0,0.0,,,False,,24195339.0,"96964, 25868, None, None",,,Angular,0.0
2170225968,angular-robot,build: update cross-repo angular dependencies,closed,2024-11-08 18:12:35+00:00,,2024-11-08 18:54:28+00:00,"action: merge, area: build & ci, merge: caretaker note, target: rc, PullApprove: disable",main,ng-renovate/cross-repo-angular-dependencies,,0.0,0.0,,0.0,0.0,"devversion, devversion",,False,,24195339.0,"96964, 25868, None, None",,,Angular,0.0
2170135825,clydin,docs: add more option info for application builder,closed,2024-11-08 17:25:27+00:00,,2024-11-11 14:36:44+00:00,"action: merge, target: rc, area: docs, adev: preview",main,docs/application-builder-2,,0.0,0.0,,0.0,0.0,,,False,,24195339.0,"96964, 25868, None, None",,,Angular,0.0
2169536124,JeanMeche,Add support for `globalThis` to access global scope in templates,open,2024-11-08 12:19:39+00:00,,,"area: compiler, detected: feature",main,globalthis,,0.0,0.0,,0.0,0.0,crisbeto,,False,,24195339.0,"96964, 25868, None, None",,,Angular,0.0
2169351305,teunw,docs: change foreach loop in testing.md to for as it's not valid JS,closed,2024-11-08 10:51:33+00:00,,2024-11-08 17:16:48+00:00,"action: merge, target: patch, area: docs",main,patch-1,,0.0,0.0,,0.0,0.0,,,False,,24195339.0,"96964, 25868, None, None",,,Angular,0.0
2169344128,alan-agius4,docs: update hybrid rendering docs to remove `RenderMode.AppShell`,closed,2024-11-08 10:47:12+00:00,,2024-11-08 18:56:38+00:00,"action: merge, target: rc, PullApprove: disable, area: docs",main,remove-app-shell-rendermode,,0.0,0.0,,0.0,0.0,,,False,,24195339.0,"96964, 25868, None, None",,,Angular,0.0
2169326870,crisbeto,fix(forms): keep inputs bound to same form control in sync,closed,2024-11-08 10:38:00+00:00,,2024-11-08 11:25:47+00:00,"action: review, area: forms, target: rc, action: global presubmit",main,58300/form-control-in-sync,,0.0,0.0,,0.0,0.0,,,True,,24195339.0,"96964, 25868, None, None",,,Angular,0.0
2169148356,alan-agius4,fix(docs-infra): retain `function` keyword in API definitions,closed,2024-11-08 09:09:26+00:00,,2024-11-08 17:16:09+00:00,"action: merge, target: patch, area: docs-infra",main,retain-fn-keyword,,0.0,0.0,,0.0,0.0,,,False,,24195339.0,"96964, 25868, None, None",,,Angular,0.0
2169138203,annervisser,"docs: Fix menu label for ng cache clean, clear -> clean",closed,2024-11-08 09:04:07+00:00,,2024-11-08 17:28:06+00:00,"action: merge, target: patch, area: docs",main,patch-2,,0.0,0.0,,0.0,0.0,,,False,,24195339.0,"96964, 25868, None, None",,,Angular,0.0
2168496792,GeorgySerga,fix(compiler): fix pseudo-selector parsing issues,closed,2024-11-08 00:05:34+00:00,,2024-11-15 10:36:46+00:00,"action: review, area: compiler, target: rc",19.0.x,compiler-complex-pseudo-selectors,,0.0,0.0,,0.0,0.0,"JoostK, mattrberry",,False,,24195339.0,"96964, 25868, None, None",,,Angular,0.0
2168387282,alan-agius4,build: remove redundant file,closed,2024-11-07 22:11:50+00:00,,2024-11-07 22:43:26+00:00,"action: merge, area: build & ci, target: rc",main,Remove-build,,0.0,0.0,,0.0,0.0,,,False,,24195339.0,"96964, 25868, None, None",,,Angular,0.0
2168294290,GeorgySerga,fix(compiler): fix `:host` parsing in pseudo-selectors,closed,2024-11-07 21:00:45+00:00,,2024-11-09 03:29:55+00:00,area: compiler,19.0.x,compiler-shadow-css,,0.0,0.0,,0.0,0.0,JoostK,,False,,24195339.0,"96964, 25868, None, None",,,Angular,0.0
2168251795,thePunderWoman,refactor(core): Ensure registry and map are empty on view destroy,closed,2024-11-07 20:31:15+00:00,,2024-11-11 14:35:40+00:00,"action: merge, area: core, target: rc",main,hydration-tests,,0.0,0.0,,0.0,0.0,,,False,,24195339.0,"96964, 25868, None, None",,,Angular,0.0
2168045798,josephperrott,"Revert ""docs(docs-infra): add support for `@remarks` (#58523)""",closed,2024-11-07 18:27:44+00:00,,2024-11-07 18:28:02+00:00,"action: merge, target: rc, PullApprove: disable",main,revert-pr,,0.0,0.0,,0.0,0.0,thePunderWoman,,True,,24195339.0,"96964, 25868, None, None",,,Angular,0.0
2168010820,angular-robot,build: update cross-repo angular dependencies,closed,2024-11-07 18:05:12+00:00,,2024-11-08 17:18:19+00:00,"action: merge, area: build & ci, target: rc",main,ng-renovate/cross-repo-angular-dependencies,,0.0,0.0,,0.0,0.0,,,False,,24195339.0,"96964, 25868, None, None",,,Angular,0.0
2167951948,mgechev,docs: update the angular roadmap for v19,closed,2024-11-07 17:29:52+00:00,,2024-11-19 00:03:03+00:00,"action: merge, merge: caretaker note, target: rc, area: docs, adev: preview",main,roadmap-q4-2024,,0.0,0.0,,0.0,0.0,jelbourn,,False,,24195339.0,"96964, 25868, None, None",,,Angular,0.0
2167931573,alan-agius4,docs(docs-infra): update default generic values and add constraints for type parameters in functions,closed,2024-11-07 17:17:56+00:00,,2024-11-08 17:15:12+00:00,"action: merge, target: patch, area: docs-infra, area: docs",main,docs-genererics,,0.0,0.0,,0.0,0.0,,,False,,24195339.0,"96964, 25868, None, None",,,Angular,0.0
2167839223,clydin,docs: add initial new feature info for application builder,closed,2024-11-07 16:35:29+00:00,,2024-11-08 17:17:39+00:00,"action: merge, target: rc, area: docs, adev: preview",main,docs/application-builder-2,,0.0,0.0,,0.0,0.0,,,False,,24195339.0,"96964, 25868, None, None",,,Angular,0.0
2167519927,angular-robot,build: update cross-repo angular dependencies,closed,2024-11-07 14:12:29+00:00,,2024-11-07 14:26:30+00:00,"action: merge, area: build & ci, target: rc",main,ng-renovate/cross-repo-angular-dependencies,,0.0,0.0,,0.0,0.0,,,False,,24195339.0,"96964, 25868, None, None",,,Angular,0.0
2167473591,josephperrott,fix(docs-infra): update search provider link,closed,2024-11-07 13:51:02+00:00,,2024-11-07 14:27:15+00:00,"action: merge, target: rc, area: docs-infra",main,update-algolia-origin,,0.0,0.0,,0.0,0.0,,,False,,24195339.0,"96964, 25868, None, None",,,Angular,0.0
2167388723,devversion,refactor(migrations): conditionally create plain TS programs for Tsurge analyzers,closed,2024-11-07 13:11:33+00:00,,2024-11-08 17:22:10+00:00,"action: merge, area: migrations, target: rc",main,tsurge-cond,,0.0,0.0,,0.0,0.0,,,False,,24195339.0,"96964, 25868, None, None",,,Angular,0.0
2166750267,alan-agius4,test(platform-server): fix issue with `ngServerMode` when focusing `fit` tests,closed,2024-11-07 07:46:20+00:00,,2024-11-07 14:30:02+00:00,"action: merge, area: server, target: rc",main,ng-server-mode-fit,,0.0,0.0,,0.0,0.0,,,False,,24195339.0,"96964, 25868, None, None",,,Angular,0.0
2166694065,alan-agius4,ci: add myself to the `renovate-changes` PullApprove group,closed,2024-11-07 07:08:57+00:00,,2024-11-07 18:51:51+00:00,"action: merge, area: build & ci, target: rc",main,renovate-group,,0.0,0.0,,0.0,0.0,,,False,,24195339.0,"96964, 25868, None, None",,,Angular,0.0
2165822475,thePunderWoman,docs: release notes for the v19.0.0-rc.1 release,closed,2024-11-06 18:20:17+00:00,2024-11-06 18:20:28+00:00,2024-11-06 18:20:28+00:00,"action: merge, PullApprove: disable, area: docs",main,changelog-cherry-pick-19.0.0-rc.1,,0.0,0.0,,0.0,0.0,,,False,,24195339.0,"96964, 25868, None, None",,,Angular,0.0
2165819031,thePunderWoman,"Bump version to ""v19.0.0-rc.1"" with changelog.",closed,2024-11-06 18:18:21+00:00,2024-11-06 18:18:43+00:00,2024-11-06 18:18:43+00:00,"action: merge, PullApprove: disable",19.0.x,release-stage-19.0.0-rc.1,,0.0,0.0,,0.0,0.0,,,False,,24195339.0,"96964, 25868, None, None",,,Angular,0.0
2165782186,thePunderWoman,docs: release notes for the v18.2.11 release,closed,2024-11-06 17:55:23+00:00,2024-11-06 17:56:13+00:00,2024-11-06 17:56:13+00:00,"action: merge, PullApprove: disable, area: docs",main,changelog-cherry-pick-18.2.11,,0.0,0.0,,0.0,0.0,,,False,,24195339.0,"96964, 25868, None, None",,,Angular,0.0
2165775651,thePunderWoman,"Bump version to ""v18.2.11"" with changelog.",closed,2024-11-06 17:51:52+00:00,2024-11-06 17:53:34+00:00,2024-11-06 17:53:34+00:00,"action: merge, PullApprove: disable",18.2.x,release-stage-18.2.11,,0.0,0.0,,0.0,0.0,,,False,,24195339.0,"96964, 25868, None, None",,,Angular,0.0
2165627115,josephperrott,fix(core): this is a test,closed,2024-11-06 16:30:06+00:00,,2024-11-06 16:46:40+00:00,area: core,main,test,,0.0,0.0,,0.0,0.0,,,False,,24195339.0,"96964, 25868, None, None",,,Angular,0.0
2165561230,clydin,docs: add component HMR information to application build system,closed,2024-11-06 16:03:53+00:00,,2024-11-07 12:27:12+00:00,"action: merge, target: rc, area: docs, adev: preview",main,docs/application-builder,,0.0,0.0,,0.0,0.0,,,False,,24195339.0,"96964, 25868, None, None",,,Angular,0.0
2165391289,clydin,refactor(core): always create new renderer when applying HMR metadata update,closed,2024-11-06 14:57:19+00:00,,2024-11-07 14:30:33+00:00,"action: merge, area: core, target: rc",main,hmr/always-new-renderer,,0.0,0.0,,0.0,0.0,,,False,,24195339.0,"96964, 25868, None, None",,,Angular,0.0
2165157521,devversion,refactor(migrations): speed up code refactoring action for queries,closed,2024-11-06 13:03:22+00:00,,2024-11-06 15:30:21+00:00,"action: merge, area: migrations, target: rc",main,speed-up-vs,,0.0,0.0,,0.0,0.0,,,False,,24195339.0,"96964, 25868, None, None",,,Angular,0.0
2164844517,alan-agius4,docs(docs-infra): add support for `@remarks`,closed,2024-11-06 10:26:38+00:00,,2024-11-07 15:49:17+00:00,"action: merge, target: patch, area: docs-infra, area: docs",main,tsdocs-remarks,,0.0,0.0,,0.0,0.0,,,False,,24195339.0,"96964, 25868, None, None",,,Angular,0.0
2164741832,crisbeto,fix(core): avoid slow stringification when checking for duplicates in dev mode,closed,2024-11-06 09:36:32+00:00,,2024-11-06 12:02:40+00:00,"action: merge, area: core, target: patch",main,58509/list-slow-stringify,,0.0,0.0,,0.0,0.0,,,False,,24195339.0,"96964, 25868, None, None",,,Angular,0.0
2164658971,crisbeto,fix(compiler): handle tracking expressions requiring temporary variables,closed,2024-11-06 08:51:36+00:00,,2025-02-12 17:56:12+00:00,"action: merge, target: patch, area: compiler",main,56256/nullish-track-pipeline,,0.0,0.0,,0.0,0.0,,,False,,24195339.0,"96964, 25868, None, None",,,Angular,0.0
2164167144,yjaaidi,refactor(migration): fix provide initializer migration when using useFactory,closed,2024-11-06 00:55:29+00:00,,2024-11-21 20:59:38+00:00,"action: merge, target: patch, area: migrations",main,refactor/fix-provide-initializer-use-factory-migration,,0.0,0.0,,0.0,0.0,,,False,,24195339.0,"96964, 25868, None, None",,,Angular,0.0
2164025484,BobobUnicorn,fix(core): correct type narrowing on Signal<T>,open,2024-11-05 22:38:32+00:00,,,"area: core, requires: TGP",main,master,,0.0,0.0,,0.0,0.0,"alxhub, iteriani",,False,,24195339.0,"96964, 25868, None, None",,,Angular,0.0
2163153966,devversion,fix(migrations): properly bundle shared compiler code into migrations,closed,2024-11-05 13:56:08+00:00,,2024-11-06 12:04:34+00:00,"action: merge, area: migrations, target: rc",main,schematic-fixes,,0.0,0.0,,0.0,0.0,,,False,,24195339.0,"96964, 25868, None, None",,,Angular,0.0
2163085758,alan-agius4,ci: exclude `packages/ssr/BUILD.bazel` from requiring a G3 sync,closed,2024-11-05 13:23:27+00:00,,2024-11-05 15:36:21+00:00,"action: merge, area: build & ci, target: rc",main,config-g3sync,,0.0,0.0,,0.0,0.0,,,False,,24195339.0,"96964, 25868, None, None",,,Angular,0.0
2162758503,angular-robot,docs: update Angular CLI help [main],closed,2024-11-05 10:34:18+00:00,,2024-11-05 13:11:47+00:00,"action: merge, target: minor, area: docs",main,update-cli-help-angular-angular-main-20f434ecf78078b124af15327642ff47f49bd2fba79a9a4745fab163e6276656,,0.0,0.0,,0.0,0.0,,,False,,24195339.0,"96964, 25868, None, None",,,Angular,0.0
2162758499,angular-robot,docs: update Angular CLI help [19.0.x],closed,2024-11-05 10:34:17+00:00,,2024-11-05 13:10:31+00:00,"action: merge, target: rc, area: docs",19.0.x,update-cli-help-angular-angular-19.0.x-3465bef0766326ed1a8701d1473469f659f1b375700591d08fc82e5afc61182d,,0.0,0.0,,0.0,0.0,,,False,,24195339.0,"96964, 25868, None, None",,,Angular,0.0
2162745669,JeanMeche,build: update dependency angular-split to v18,closed,2024-11-05 10:28:13+00:00,,2024-11-05 15:38:15+00:00,"action: merge, area: build & ci, target: rc",main,split-18,,0.0,0.0,,0.0,0.0,,,False,,24195339.0,"96964, 25868, None, None",,,Angular,0.0
2162317958,angular-robot,build: update all non-major dependencies,closed,2024-11-05 06:11:46+00:00,,2024-11-05 07:14:56+00:00,"action: merge, area: build & ci, target: rc",main,ng-renovate/all-non-major-dependencies,,0.0,0.0,,0.0,0.0,,,False,,24195339.0,"96964, 25868, None, None",,,Angular,0.0
2161764856,angular-robot,build(config): migrate renovate config,closed,2024-11-04 20:57:26+00:00,,2024-11-05 06:51:43+00:00,"action: merge, area: build & ci, target: rc",main,ng-renovate/migrate-config,,0.0,0.0,,0.0,0.0,"alxhub, alxhub",,False,,24195339.0,"96964, 25868, None, None",,,Angular,0.0
2161405797,vladboisa,feat(packaging): provide detailed information,open,2024-11-04 17:26:22+00:00,,,"area: packaging, detected: feature",main,fix_readme_npm,,0.0,0.0,,0.0,0.0,"alxhub, jelbourn",,False,,24195339.0,"96964, 25868, None, None",,,Angular,0.0
2161181198,crisbeto,[Patch port] fix(core): resolve forward-referenced host directives during directive matching,closed,2024-11-04 15:32:45+00:00,,2024-11-04 16:18:54+00:00,"action: merge, area: core, target: patch, PullApprove: disable",18.2.x,18.2.x-host-directives-fix,,0.0,0.0,,0.0,0.0,,,False,,24195339.0,"96964, 25868, None, None",,,Angular,0.0
2161118933,angular-robot,build: update babel dependencies,closed,2024-11-04 15:03:15+00:00,,2024-11-06 05:59:47+00:00,"action: merge, area: build & ci, target: rc",main,ng-renovate/babel-dependencies,,0.0,0.0,,0.0,0.0,,,False,,24195339.0,"96964, 25868, None, None",,,Angular,0.0
2161088491,angular-robot,build: update dependency angular-split to v18,closed,2024-11-04 14:50:19+00:00,,2024-11-05 15:37:24+00:00,"action: merge, area: build & ci, target: patch",main,ng-renovate/angular-split-18-x,,0.0,0.0,,0.0,0.0,AndrewKushnir,,False,,24195339.0,"96964, 25868, None, None",,,Angular,0.0
2160675139,alan-agius4,ci: restore the local Yarn copy before executing `renovate-update-generated-files`,closed,2024-11-04 11:26:05+00:00,,2024-11-04 14:35:08+00:00,"action: merge, area: build & ci, target: rc",main,restore-yarn,,0.0,0.0,,0.0,0.0,,,False,,24195339.0,"96964, 25868, None, None",,,Angular,0.0
2160392462,cexbrayat,refactor(migrations): useFactory in provide-initializer migration,closed,2024-11-04 08:56:13+00:00,,2024-11-04 14:46:03+00:00,"action: merge, area: migrations, target: rc",main,fix/provide-initializer-migration-use-factory,,0.0,0.0,,0.0,0.0,,,False,,24195339.0,"96964, 25868, None, None",,,Angular,0.0
2160389756,crisbeto,fix(core): resolve forward-referenced host directives during directive matching,closed,2024-11-04 08:54:36+00:00,,2024-11-04 15:17:26+00:00,"action: merge, area: core, target: rc",main,host-directive-lazy,,0.0,0.0,,0.0,0.0,,,False,,24195339.0,"96964, 25868, None, None",,,Angular,0.0
2160377299,kaygeea,docs: fix grammatical error in template binding documentation,closed,2024-11-04 08:47:01+00:00,,2024-11-04 16:15:42+00:00,"action: merge, target: patch, area: docs",main,patch-1,,0.0,0.0,,0.0,0.0,,,False,,24195339.0,"96964, 25868, None, None",,,Angular,0.0
2159857569,ranjanmadhu,docs: update pipes.md example for Pipe operator precedence,closed,2024-11-04 00:05:33+00:00,,2024-11-06 06:00:44+00:00,"action: merge, target: patch, area: docs",main,patch-1,,0.0,0.0,,0.0,0.0,,,False,,24195339.0,"96964, 25868, None, None",,,Angular,0.0
2159436585,clydin,fix(platform-browser): correctly add external stylesheets to ShadowDOM components,closed,2024-11-02 23:58:47+00:00,,2024-11-05 10:33:19+00:00,"action: merge, area: core, target: rc",main,external-styles-shadow-dom,,0.0,0.0,,0.0,0.0,,,False,,24195339.0,"96964, 25868, None, None",,,Angular,0.0
2159184837,ZhiliangGong,docs: update link for language service config for neovim,closed,2024-11-02 14:37:43+00:00,,2024-11-25 21:22:50+00:00,"action: merge, target: patch, area: docs",main,Task/doc-neovim-config-link,,0.0,0.0,,0.0,0.0,,,False,,24195339.0,"96964, 25868, None, None",,,Angular,0.0
2159079025,crisbeto,refactor(core): clean up standalone flag,closed,2024-11-02 08:07:18+00:00,,2024-11-06 06:01:27+00:00,"action: merge, area: core, target: rc",main,standalone-flag-cleanup,,0.0,0.0,,0.0,0.0,,,False,,24195339.0,"96964, 25868, None, None",,,Angular,0.0
2158906171,angular-robot,build: update io_bazel_rules_sass digest to c375923,closed,2024-11-02 00:12:57+00:00,,2024-11-04 14:37:40+00:00,"action: merge, area: build & ci, target: rc",main,ng-renovate/io-bazel-rules-sass-digest,,0.0,0.0,,0.0,0.0,,,False,,24195339.0,"96964, 25868, None, None",,,Angular,0.0
2158862404,Konthailand,ทดลองเพื่อการเรียนรู้,closed,2024-11-01 23:06:23+00:00,,2024-11-01 23:13:20+00:00,,main,patch-1,,0.0,0.0,,0.0,0.0,pkozlowski-opensource,,False,,24195339.0,"96964, 25868, None, None",,,Angular,0.0
2158672713,eneajaho,fix(migrations): flip the default standalone flag in route-lazy-loadi…,closed,2024-11-01 19:43:28+00:00,,2024-11-03 18:07:12+00:00,"action: merge, merge: caretaker note, area: migrations, target: rc",main,fixes-route-lazy-loading,,0.0,0.0,,0.0,0.0,,,False,,24195339.0,"96964, 25868, None, None",,,Angular,0.0
2158513884,alan-agius4,ci: run Renovate post tasks sequentially,closed,2024-11-01 17:47:20+00:00,,2024-11-01 19:10:30+00:00,"action: merge, area: build & ci, target: rc",main,renovate-update-task,,0.0,0.0,,0.0,0.0,,,False,,24195339.0,"96964, 25868, None, None",,,Angular,0.0
2158377555,alan-agius4,ci: update renovate `postUpgradeTasks` executionMode to `branch`,closed,2024-11-01 16:29:24+00:00,,2024-11-01 16:50:53+00:00,"action: merge, area: build & ci, target: rc",main,branch-renote,,0.0,0.0,,0.0,0.0,,,False,,24195339.0,"96964, 25868, None, None",,,Angular,0.0
2158065685,crisbeto,fix(compiler-cli): make the unused imports diagnostic easier to read ,closed,2024-11-01 13:25:20+00:00,,2024-11-01 14:33:58+00:00,"action: merge, area: language-service, target: rc",main,unused-imports-less-noise,,0.0,0.0,,0.0,0.0,,,False,,24195339.0,"96964, 25868, None, None",,,Angular,0.0
2157720733,crisbeto,refactor(compiler): trigger hmr load on initialization,closed,2024-11-01 08:39:14+00:00,,2024-11-01 19:14:19+00:00,"action: merge, area: compiler, target: rc",main,rework-hmr-initializer,,0.0,0.0,,0.0,0.0,,,False,,24195339.0,"96964, 25868, None, None",,,Angular,0.0
2157636649,sheikalthaf,refactor(devtools): use reactive APIs for queries and linkedSignal,closed,2024-11-01 07:31:22+00:00,,2024-11-11 19:01:20+00:00,"action: merge, target: minor, area: devtools",main,linkedsignal,,0.0,0.0,,0.0,0.0,,,False,,24195339.0,"96964, 25868, None, None",,,Angular,0.0
2157337344,JeanMeche,feat(compiler): Add support for bigint in templates,open,2024-11-01 01:49:17+00:00,,,,main,bigint,,0.0,0.0,,0.0,0.0,,,True,,24195339.0,"96964, 25868, None, None",,,Angular,0.0
2157183678,shannonvc,docs: fix external link in NG0100 error page,closed,2024-10-31 22:40:59+00:00,,2024-11-01 14:34:33+00:00,"action: merge, target: patch, area: docs",main,adev-fix-ng0100-link,,0.0,0.0,,0.0,0.0,,,False,,24195339.0,"96964, 25868, None, None",,,Angular,0.0
2156935423,alan-agius4,ci: restrict file updates to a specified file location for post-task saves,closed,2024-10-31 19:16:18+00:00,,2024-11-01 15:43:25+00:00,"action: merge, area: build & ci, target: rc",main,try-fix-renovate,,0.0,0.0,,0.0,0.0,,,False,,24195339.0,"96964, 25868, None, None",,,Angular,0.0
2156851649,angular-robot,build: update dependency typescript to v5.6.3,closed,2024-10-31 18:20:57+00:00,,2024-11-22 15:32:53+00:00,"action: merge, area: build & ci, target: patch",main,ng-renovate/typescript-dependencies,,0.0,0.0,,0.0,0.0,,,False,,24195339.0,"96964, 25868, None, None",,,Angular,0.0
2156850977,angular-robot,build: update cross-repo angular dependencies,closed,2024-10-31 18:20:35+00:00,,2024-11-07 12:24:03+00:00,"action: merge, area: build & ci, target: rc",main,ng-renovate/cross-repo-angular-dependencies,,0.0,0.0,,0.0,0.0,,,False,,24195339.0,"96964, 25868, None, None",,,Angular,0.0
2156564264,cexbrayat,refactor(migrations): use import manager in provide-initializer,closed,2024-10-31 15:52:37+00:00,,2024-11-04 17:15:03+00:00,"action: merge, area: migrations, target: rc",main,fix/provide-initializer-migration,,0.0,0.0,,0.0,0.0,,,False,,24195339.0,"96964, 25868, None, None",,,Angular,0.0
2156384680,pkozlowski-opensource,refactor(docs-infra): migrate adev to signal-based inputs,closed,2024-10-31 14:26:02+00:00,,2025-01-16 20:27:02+00:00,"state: blocked, area: docs-infra",main,adev_input_migration,,0.0,0.0,,0.0,0.0,,,False,,24195339.0,"96964, 25868, None, None",,,Angular,0.0
2156120819,angular-robot,build: lock file maintenance,closed,2024-10-31 12:07:17+00:00,,2024-11-07 21:29:55+00:00,"action: merge, area: build & ci, merge: caretaker note, target: rc, PullApprove: disable",main,ng-renovate/lock-file-maintenance,,0.0,0.0,,0.0,0.0,JiaLiPassion,,False,,24195339.0,"96964, 25868, None, None",,,Angular,0.0
2156118694,angular-robot,build: update cross-repo angular dependencies,closed,2024-10-31 12:05:48+00:00,,2024-10-31 18:14:40+00:00,"action: merge, area: build & ci, target: rc",main,ng-renovate/cross-repo-angular-dependencies,,0.0,0.0,,0.0,0.0,alxhub,,False,,24195339.0,"96964, 25868, None, None",,,Angular,0.0
2156088578,alan-agius4,build: update `yarn` to `1.22.22`,closed,2024-10-31 11:47:21+00:00,,2024-10-31 18:06:23+00:00,"action: merge, area: build & ci, target: patch",main,yarn-update,,0.0,0.0,,0.0,0.0,,,False,,24195339.0,"96964, 25868, None, None",,,Angular,0.0
2156018051,pkozlowski-opensource,refactor(docs-infra): migrate to output,closed,2024-10-31 10:58:30+00:00,,2024-10-31 18:58:40+00:00,"action: merge, target: rc, area: docs-infra",main,adev_automated_output_migration,,0.0,0.0,,0.0,0.0,,,False,,24195339.0,"96964, 25868, None, None",,,Angular,0.0
2155917946,alan-agius4,build: update cross-repo angular dependencies,closed,2024-10-31 09:56:20+00:00,,2024-10-31 18:05:04+00:00,"action: merge, area: build & ci, merge: caretaker note, target: rc",main,pr-takeover-57880,,0.0,0.0,,0.0,0.0,,,False,,24195339.0,"96964, 25868, None, None",,,Angular,0.0
2155910221,alan-agius4,Add hybrid rendering docs,closed,2024-10-31 09:52:08+00:00,,2024-11-07 21:28:59+00:00,"action: merge, area: build & ci, target: rc, area: docs-infra, area: docs, adev: preview",main,server-docs-hryid,,0.0,0.0,,0.0,0.0,,,False,,24195339.0,"96964, 25868, None, None",,,Angular,0.0
2155887390,crisbeto,fix(compiler): avoid having to duplicate core environment,closed,2024-10-31 09:38:47+00:00,,2024-11-01 14:33:00+00:00,"action: merge, area: compiler, target: rc",main,hmr-env,,0.0,0.0,,0.0,0.0,,,False,,24195339.0,"96964, 25868, None, None",,,Angular,0.0
2155715369,JeevanMahesha,docs: update ng-template guide to include NgTemplateOutlet import and correct syntax,closed,2024-10-31 07:45:23+00:00,,2024-10-31 18:59:21+00:00,"action: merge, target: rc, area: docs",main,docs/58442,,0.0,0.0,,0.0,0.0,,,False,,24195339.0,"96964, 25868, None, None",,,Angular,0.0
2155130852,arturovt,fix(core): add hydration protected elements,open,2024-10-30 22:26:47+00:00,,,area: core,main,fix/attribute-setting_2,,0.0,0.0,,0.0,0.0,,,True,,24195339.0,"96964, 25868, None, None",,,Angular,0.0
2154938430,alxhub,docs: release notes for the v19.0.0-rc.0 release,closed,2024-10-30 20:22:11+00:00,2024-10-30 20:22:16+00:00,2024-10-30 20:22:16+00:00,"action: merge, PullApprove: disable, area: docs",main,changelog-cherry-pick-19.0.0-rc.0,,0.0,0.0,,0.0,0.0,,,False,,24195339.0,"96964, 25868, None, None",,,Angular,0.0
2154905022,alxhub,"Bump version to ""v19.0.0-rc.0"" with changelog.",closed,2024-10-30 20:01:46+00:00,2024-10-30 20:20:44+00:00,2024-10-30 20:20:44+00:00,"action: merge, PullApprove: disable",19.0.x,release-stage-19.0.0-rc.0,,0.0,0.0,,0.0,0.0,,,False,,24195339.0,"96964, 25868, None, None",,,Angular,0.0
2154789622,alxhub,docs: release notes for the v18.2.10 release,closed,2024-10-30 19:09:14+00:00,2024-10-30 19:12:10+00:00,2024-10-30 19:12:10+00:00,"action: merge, PullApprove: disable, area: docs",main,changelog-cherry-pick-18.2.10,,0.0,0.0,,0.0,0.0,,,False,,24195339.0,"96964, 25868, None, None",,,Angular,0.0
2154781460,alxhub,"Bump version to ""v18.2.10"" with changelog.",closed,2024-10-30 19:06:02+00:00,2024-10-30 19:07:35+00:00,2024-10-30 19:07:35+00:00,"action: merge, PullApprove: disable",18.2.x,release-stage-18.2.10,,0.0,0.0,,0.0,0.0,,,False,,24195339.0,"96964, 25868, None, None",,,Angular,0.0
2154565188,JeanMeche,refactor(compiler): support the `in` keyword in Binary expression,open,2024-10-30 17:31:04+00:00,,,"breaking changes, area: compiler",main,in-operator,,0.0,0.0,,0.0,0.0,"alxhub, crisbeto",,False,,24195339.0,"96964, 25868, None, None",,,Angular,0.0
2154428758,alan-agius4,fix(docs-infra): reduce `margin-block-start` from doc anchor headers,closed,2024-10-30 16:31:37+00:00,,2024-10-31 08:15:39+00:00,"action: merge, target: patch, area: docs-infra, adev: preview",main,remove-margin,,0.0,0.0,,0.0,0.0,,,False,,24195339.0,"96964, 25868, None, None",,,Angular,0.0
2154378138,thePunderWoman,refactor(core): More cleanup of incremental hydration code,closed,2024-10-30 16:12:04+00:00,,2024-10-31 10:27:00+00:00,"action: merge, area: core, merge: caretaker note, target: rc",main,final-ic-cleanup,,0.0,0.0,,0.0,0.0,,,False,,24195339.0,"96964, 25868, None, None",,,Angular,0.0
2153501781,crisbeto,Internal inject migration fixes,closed,2024-10-30 10:19:40+00:00,,2024-10-31 08:17:54+00:00,"action: merge, area: migrations, target: rc",main,even-more-inject-followups,,0.0,0.0,,0.0,0.0,,,False,,24195339.0,"96964, 25868, None, None",,,Angular,0.0
2153074821,angular-robot,build: update dependency @types/diff to v6,closed,2024-10-30 06:37:25+00:00,,2024-11-20 16:54:51+00:00,"action: merge, area: build & ci, target: patch",main,ng-renovate/diff-6-x,,0.0,0.0,,0.0,0.0,,,False,,24195339.0,"96964, 25868, None, None",,,Angular,0.0
2152988858,sheikalthaf,refactor(docs-infra): use reactive APIs in shared components,closed,2024-10-30 05:28:49+00:00,,2024-11-11 14:36:07+00:00,"action: merge, target: rc, area: docs-infra",main,adev-signals,,0.0,0.0,,0.0,0.0,,,False,,24195339.0,"96964, 25868, None, None",,,Angular,0.0
2152870547,AndrewKushnir,refactor(core): tree-shake defer block registry code,closed,2024-10-30 03:54:37+00:00,,2024-10-31 17:12:05+00:00,"action: merge, area: core, merge: caretaker note, target: rc, core: hydration, core: defer",main,tree-shake-defer-registry,,0.0,0.0,,0.0,0.0,"alxhub, alxhub",,False,,24195339.0,"96964, 25868, None, None",,,Angular,0.0
2152588071,Jordan-Hall,Standalone with infer imports,closed,2024-10-29 22:49:49+00:00,,2024-10-29 22:49:58+00:00,"area: compiler, detected: feature",main,standalone-with-infer-imports,,0.0,0.0,,0.0,0.0,"clydin, JoostK",,False,,24195339.0,"96964, 25868, None, None",,,Angular,0.0
2152552454,angular-robot,build: update io_bazel_rules_sass digest to e3b2785,closed,2024-10-29 22:12:24+00:00,,2024-11-01 14:43:01+00:00,"action: merge, area: build & ci, target: rc",main,ng-renovate/io-bazel-rules-sass-digest,,0.0,0.0,,0.0,0.0,,,False,,24195339.0,"96964, 25868, None, None",,,Angular,0.0
2152550274,thePunderWoman,refactor(core): Incremental hydration registry memory cleanup,closed,2024-10-29 22:10:18+00:00,,2024-10-31 10:23:01+00:00,"action: merge, area: core, target: rc",main,registry-cleanup,,0.0,0.0,,0.0,0.0,,,False,,24195339.0,"96964, 25868, None, None",,,Angular,0.0
2152544497,JeanMeche,refactor(migrations): Make the explicit standalone migration idempotent,closed,2024-10-29 22:04:45+00:00,,2024-10-30 18:55:16+00:00,"action: merge, area: migrations, target: rc",main,fix/standalone-migration,,0.0,0.0,,0.0,0.0,devversion,,False,,24195339.0,"96964, 25868, None, None",,,Angular,0.0
2152526948,JeanMeche,Revert fix(compiler): transform pseudo selectors correctly for the en…,closed,2024-10-29 21:48:12+00:00,,2024-10-30 16:26:24+00:00,"action: merge, target: patch, area: compiler",18.2.x,revert-57796,,0.0,0.0,,0.0,0.0,,,False,,24195339.0,"96964, 25868, None, None",,,Angular,0.0
2152237516,vladboisa,docs: add tools/extensions of started tutorial,closed,2024-10-29 18:30:42+00:00,,2024-11-22 20:30:09+00:00,"action: merge, target: patch, area: docs",main,feat_add_recomendations,,0.0,0.0,,0.0,0.0,,,False,,24195339.0,"96964, 25868, None, None",,,Angular,0.0
2152159137,pkozlowski-opensource,wip,closed,2024-10-29 17:42:20+00:00,,2025-01-16 20:27:22+00:00,area: docs-infra,main,adev_more,,0.0,0.0,,0.0,0.0,,,False,,24195339.0,"96964, 25868, None, None",,,Angular,0.0
2152094650,pkozlowski-opensource,fix(migrations): properly replace imports across files,closed,2024-10-29 17:07:46+00:00,,2024-10-30 16:24:08+00:00,"action: merge, area: migrations, target: rc",main,output_migration_import_replace_fix,,0.0,0.0,,0.0,0.0,,,False,,24195339.0,"96964, 25868, None, None",,,Angular,0.0
2152058334,devversion,refactor(migrations): improve temporary variable insertion in signal migrations,closed,2024-10-29 16:49:40+00:00,,2024-10-30 16:23:42+00:00,"action: merge, area: migrations, target: rc",main,schematic-fixes,,0.0,0.0,,0.0,0.0,,,False,,24195339.0,"96964, 25868, None, None",,,Angular,0.0
2151798545,pkozlowski-opensource,fix(migrations): properly migrate output aliases,closed,2024-10-29 14:59:59+00:00,,2024-10-30 17:01:30+00:00,"action: merge, area: migrations, target: rc",main,output_migration_fixes,,0.0,0.0,,0.0,0.0,,,False,,24195339.0,"96964, 25868, None, None",,,Angular,0.0
2151671533,angular-robot,build: update node.js to v22,closed,2024-10-29 14:05:39+00:00,,2024-10-31 11:35:12+00:00,"action: merge, area: build & ci, target: patch",main,ng-renovate/node-22-x,,0.0,0.0,,0.0,0.0,thePunderWoman,,False,,24195339.0,"96964, 25868, None, None",,,Angular,0.0
2151560975,Jordan-Hall,build: Update publish-build-artifacts to honor ORG,closed,2024-10-29 13:21:50+00:00,,2024-11-01 14:42:01+00:00,"action: merge, area: build & ci, target: patch, area: devtools",main,patch-1,,0.0,0.0,,0.0,0.0,,,False,,24195339.0,"96964, 25868, None, None",,,Angular,0.0
2151133845,crisbeto,fix(compiler-cli): disable standalone by default on older versions of Angular,closed,2024-10-29 10:01:21+00:00,,2024-10-30 16:23:15+00:00,"action: merge, target: rc",main,language-service-standalone-flag,,0.0,0.0,,0.0,0.0,,,False,,24195339.0,"96964, 25868, None, None",,,Angular,0.0
2150897976,alan-agius4,refactor(core): move static `AfterRenderImpl.PHASES` to a top-level variable,closed,2024-10-29 08:11:50+00:00,,2024-10-29 12:08:15+00:00,"action: merge, area: core, target: rc",main,phases-after-render,,0.0,0.0,,0.0,0.0,,,False,,24195339.0,"96964, 25868, None, None",,,Angular,0.0
2150628570,angular-robot,build: update scorecard action dependencies,closed,2024-10-29 05:13:32+00:00,,2024-10-29 12:10:33+00:00,"action: merge, area: build & ci, target: patch",main,ng-renovate/scorecard-action,,0.0,0.0,,0.0,0.0,,,False,,24195339.0,"96964, 25868, None, None",,,Angular,0.0
2149807899,vladboisa,docs: add tools/extensions of started tutorial,closed,2024-10-28 18:08:59+00:00,,2024-10-29 18:26:09+00:00,,main,feat_add_recomendations,,0.0,0.0,,0.0,0.0,MarkTechson,,False,,24195339.0,"96964, 25868, None, None",,,Angular,0.0
2149603682,angular-robot,docs: update Angular CLI help [main],closed,2024-10-28 16:27:34+00:00,,2024-10-28 19:51:35+00:00,"action: merge, merge: caretaker note, target: minor, PullApprove: disable, area: docs",main,update-cli-help-angular-angular-main-ba7c302bb00ba12198ecce5b4eae3387e310d9417b7739b863d1adb655152d46,,0.0,0.0,,0.0,0.0,"JeanMeche, JeanMeche",,False,,24195339.0,"96964, 25868, None, None",,,Angular,0.0
2149603662,angular-robot,docs: update Angular CLI help [19.0.x],closed,2024-10-28 16:27:34+00:00,,2024-10-28 19:50:55+00:00,"action: merge, merge: caretaker note, target: rc, PullApprove: disable, area: docs",19.0.x,update-cli-help-angular-angular-19.0.x-92d89dd144d29b5d13040ff56b474c4353a2e4e0dba40011c837908027ed219d,,0.0,0.0,,0.0,0.0,"crisbeto, jelbourn, crisbeto, jelbourn",,False,,24195339.0,"96964, 25868, None, None",,,Angular,0.0
2149536554,thePunderWoman,refactor(core): Additional cleanup for incremental hydration,closed,2024-10-28 15:55:49+00:00,,2024-10-28 19:40:29+00:00,"action: merge, area: core, target: rc",main,ic-cleanup-3,,0.0,0.0,,0.0,0.0,,,False,,24195339.0,"96964, 25868, None, None",,,Angular,0.0
2149446395,crisbeto,Several inject migration fixes,closed,2024-10-28 15:15:33+00:00,,2024-10-28 19:39:06+00:00,"action: merge, area: migrations, target: rc",main,internal-inject-fixes-again,,0.0,0.0,,0.0,0.0,,,False,,24195339.0,"96964, 25868, None, None",,,Angular,0.0
2149439607,crisbeto,refactor(core): account for anonymous classes in internal utility,closed,2024-10-28 15:12:31+00:00,,2024-10-28 19:38:06+00:00,"action: merge, area: core, target: rc",main,closest-component-anonymous,,0.0,0.0,,0.0,0.0,,,False,,24195339.0,"96964, 25868, None, None",,,Angular,0.0
2149357127,crisbeto,Several inject migration fixes,closed,2024-10-28 14:39:51+00:00,,2024-10-28 15:14:34+00:00,"action: review, target: patch, area: migrations",main,internal-inject-fixes,,0.0,0.0,,0.0,0.0,,,False,,24195339.0,"96964, 25868, None, None",,,Angular,0.0
2148969738,looshch,docs: remove an unnecessary whitespace,closed,2024-10-28 11:44:54+00:00,,2024-10-28 19:49:40+00:00,"action: merge, target: patch, area: docs",main,remove-an-unnecessary-whitespace,,0.0,0.0,,0.0,0.0,,,False,,24195339.0,"96964, 25868, None, None",,,Angular,0.0
2148961044,looshch,docs: fix backtick escaping in a Markdown file,closed,2024-10-28 11:40:05+00:00,,2024-10-28 19:49:04+00:00,"action: merge, target: patch, area: docs",main,fix-template-string-example-backtick-escaping,,0.0,0.0,,0.0,0.0,,,False,,24195339.0,"96964, 25868, None, None",,,Angular,0.0
2148891233,alan-agius4,refactor(core): Introduce `ngServerMode` as global,closed,2024-10-28 11:05:44+00:00,,2024-10-30 17:13:30+00:00,"action: merge, area: core, merge: caretaker note, target: rc",main,add-ng-server-mode,,0.0,0.0,,0.0,0.0,,,False,,24195339.0,"96964, 25868, None, None",,,Angular,0.0
2147843870,looshch,docs: fix backtick escaping in a Markdown file,closed,2024-10-27 19:10:06+00:00,,2024-10-28 02:15:24+00:00,"action: merge, target: patch, area: docs, adev: preview",main,fix-template-string-example-backtick-escaping,,0.0,0.0,,0.0,0.0,,,False,,24195339.0,"96964, 25868, None, None",,,Angular,0.0
2147819323,looshch,docs: remove an unnecessary whitespace,closed,2024-10-27 17:55:13+00:00,,2024-10-28 02:15:23+00:00,"action: merge, target: patch, area: docs, adev: preview",main,remove-an-unnecessary-whitespace,,0.0,0.0,,0.0,0.0,,,False,,24195339.0,"96964, 25868, None, None",,,Angular,0.0
2147320551,JeevanMahesha,docs: update ProfileEditorComponent to use inject() for FormBuilder,closed,2024-10-26 15:28:43+00:00,,2024-10-28 19:48:32+00:00,"action: merge, target: patch, area: docs",main,doc/58324,,0.0,0.0,,0.0,0.0,,,False,,24195339.0,"96964, 25868, None, None",,,Angular,0.0
2147104667,crisbeto,refactor(core): remove globalApi tag,closed,2024-10-26 07:08:06+00:00,,2024-10-28 19:33:57+00:00,"action: merge, area: core, target: patch",main,remove-global-api,,0.0,0.0,,0.0,0.0,,,False,,24195339.0,"96964, 25868, None, None",,,Angular,0.0
2147015503,karthikuncc,Added any,closed,2024-10-26 02:31:15+00:00,,2024-10-26 02:35:54+00:00,,main,angular/karthik,,0.0,0.0,,0.0,0.0,AndrewKushnir,,False,,24195339.0,"96964, 25868, None, None",,,Angular,0.0
2146933995,alxhub,refactor(core): port resource() to linkedSignal(),closed,2024-10-25 23:50:28+00:00,,2024-12-03 14:48:04+00:00,area: core,main,experimental/resource/flow,,0.0,0.0,,0.0,0.0,,,False,,24195339.0,"96964, 25868, None, None",,,Angular,0.0
2146531026,angular-robot,docs: update Angular CLI help [main],closed,2024-10-25 18:46:05+00:00,,2024-10-28 16:43:22+00:00,"action: merge, target: minor, area: docs",main,update-cli-help-angular-angular-main-6575b26541c805f878f041d213cde0018727fecbdab6c2824348393bb2d5665b,,0.0,0.0,,0.0,0.0,,,False,,24195339.0,"96964, 25868, None, None",,,Angular,0.0
2146531003,angular-robot,docs: update Angular CLI help [19.0.x],closed,2024-10-25 18:46:05+00:00,,2024-10-28 16:43:08+00:00,"action: merge, target: rc, PullApprove: disable, area: docs",19.0.x,update-cli-help-angular-angular-19.0.x-d5e01ecc7c966f7952d4184bf283d024311c4636540c16cc8bf521d70154d407,,0.0,0.0,,0.0,0.0,,,False,,24195339.0,"96964, 25868, None, None",,,Angular,0.0
2146355083,JeanMeche,ci: disable adev tests,closed,2024-10-25 17:08:27+00:00,,2024-10-25 18:45:23+00:00,"action: merge, area: build & ci, target: rc",main,adev/disable-tests,,0.0,0.0,,0.0,0.0,,,False,,24195339.0,"96964, 25868, None, None",,,Angular,0.0
2146331768,thePunderWoman,fix(core): Prevents trying to trigger incremental hydration on CSR,closed,2024-10-25 16:54:45+00:00,,2024-10-29 12:07:40+00:00,"action: merge, area: core, target: rc",main,hydrate-bug,,0.0,0.0,,0.0,0.0,,,False,,24195339.0,"96964, 25868, None, None",,,Angular,0.0
2146166368,thePunderWoman,refactor(core): cleanup incremental hydration code,closed,2024-10-25 15:35:09+00:00,,2024-10-28 16:26:48+00:00,"action: merge, area: core, target: rc",main,hydrate-cleanup,,0.0,0.0,,0.0,0.0,,,False,,24195339.0,"96964, 25868, None, None",,,Angular,0.0
2146118679,samuel-knutson,"docs: fix spelling of ""set up""",closed,2024-10-25 15:12:45+00:00,,2025-02-03 21:50:52+00:00,"action: merge, target: patch, merge: caretaker note, area: docs",main,fix-spelling,,0.0,0.0,,0.0,0.0,"AleksanderBodurri, AndrewKushnir",,False,,24195339.0,"96964, 25868, None, None",,,Angular,0.0
2146013325,brandonroberts,fix(compiler): add more specific matcher for hydrate never block,closed,2024-10-25 14:24:50+00:00,,2024-10-28 19:35:14+00:00,"action: merge, area: compiler, target: rc",main,fix-hydrate-never,,0.0,0.0,,0.0,0.0,,,False,,24195339.0,"96964, 25868, None, None",,,Angular,0.0
2145668488,pkozlowski-opensource,refactor(docs-infra): use reactive APIs in adev components,closed,2024-10-25 11:42:15+00:00,,2024-10-30 16:21:28+00:00,"action: merge, target: rc, area: docs-infra",main,adev_output,,0.0,0.0,,0.0,0.0,,,False,,24195339.0,"96964, 25868, None, None",,,Angular,0.0
2145543622,davidlj95,docs: fix errata in provideEnvironmentInitializer API docs,closed,2024-10-25 10:31:42+00:00,,2024-10-28 19:29:56+00:00,"action: merge, merge: caretaker note, target: rc, area: docs",main,docs-provide-environment-initializer,,0.0,0.0,,0.0,0.0,,,False,,24195339.0,"96964, 25868, None, None",,,Angular,0.0
2145001702,kw-pro,docs(forms): Correct Comment at FormControl Constructor,open,2024-10-25 05:10:47+00:00,,,"action: cleanup, area: forms, area: docs",main,main,,0.0,0.0,,0.0,0.0,alxhub,,False,,24195339.0,"96964, 25868, None, None",,,Angular,0.0
2144710737,AndrewKushnir,refactor(router): drop special handling of the OutletInjector,open,2024-10-24 23:56:05+00:00,,,"action: review, area: router, target: patch",main,outler_injector_cleanup,,0.0,0.0,,0.0,0.0,alxhub,,False,,24195339.0,"96964, 25868, None, None",,,Angular,0.0
2144683504,mustafacco7,Create npm-grunt.yml,closed,2024-10-24 23:21:04+00:00,,2024-10-24 23:29:10+00:00,,main,main,,0.0,0.0,,0.0,0.0,devversion,,False,,24195339.0,"96964, 25868, None, None",,,Angular,0.0
2144678418,alxhub,refactor: cleanup initializers that use ctor params,closed,2024-10-24 23:15:11+00:00,,2024-10-24 23:38:53+00:00,"action: merge, merge: caretaker note, target: rc",main,field-init-lsc,,0.0,0.0,,0.0,0.0,,,False,,24195339.0,"96964, 25868, None, None",,,Angular,0.0
2143832540,josephperrott,fix(router): remove setter for `injector` on `OutletContext`,closed,2024-10-24 14:16:37+00:00,,2024-10-24 23:41:06+00:00,"action: merge, area: router, target: rc",main,refactor-router,,0.0,0.0,,0.0,0.0,,,False,,24195339.0,"96964, 25868, None, None",,,Angular,0.0
2142805425,crisbeto,fix(core): avoid breaking change with apps using rxjs 6.x,closed,2024-10-24 06:33:49+00:00,,2024-10-24 23:17:50+00:00,"action: merge, area: core, target: rc",main,first-value-from-remove,,0.0,0.0,,0.0,0.0,,,False,,24195339.0,"96964, 25868, None, None",,,Angular,0.0
2142503649,brandonroberts,docs(platform-browser): update usage notes for incremental hydration,closed,2024-10-24 03:06:37+00:00,,2024-10-24 23:39:29+00:00,"action: merge, target: rc, area: docs",main,docs-incremental-hydration,,0.0,0.0,,0.0,0.0,,,False,,24195339.0,"96964, 25868, None, None",,,Angular,0.0
2142275972,angular-robot,build: update io_bazel_rules_sass digest to c677123,closed,2024-10-23 23:11:06+00:00,,2024-10-24 23:36:40+00:00,"action: merge, area: build & ci, target: rc",main,ng-renovate/io-bazel-rules-sass-digest,,0.0,0.0,,0.0,0.0,,,False,,24195339.0,"96964, 25868, None, None",,,Angular,0.0
2142039275,AndrewKushnir,"Update next branch to reflect new release-train ""v19.1.0-next.0"".",closed,2024-10-23 20:21:22+00:00,2024-10-23 20:21:46+00:00,2024-10-23 20:21:46+00:00,"action: merge, PullApprove: disable, area: docs",main,next-release-train-19.1.0-next.0,,0.0,0.0,,0.0,0.0,,,False,,24195339.0,"96964, 25868, None, None",,,Angular,0.0
2142034427,AndrewKushnir,"Bump version to ""v19.0.0-next.11"" with changelog.",closed,2024-10-23 20:18:58+00:00,2024-10-23 20:19:55+00:00,2024-10-23 20:19:55+00:00,"action: merge, PullApprove: disable",19.0.x,release-stage-19.0.0-next.11,,0.0,0.0,,0.0,0.0,,,False,,24195339.0,"96964, 25868, None, None",,,Angular,0.0
2142024631,AndrewKushnir,docs: release notes for the v18.2.9 release,closed,2024-10-23 20:13:29+00:00,2024-10-23 20:13:45+00:00,2024-10-23 20:13:45+00:00,"action: merge, PullApprove: disable, area: docs",main,changelog-cherry-pick-18.2.9,,0.0,0.0,,0.0,0.0,,,False,,24195339.0,"96964, 25868, None, None",,,Angular,0.0
2142020664,AndrewKushnir,"Bump version to ""v18.2.9"" with changelog.",closed,2024-10-23 20:10:54+00:00,2024-10-23 20:11:42+00:00,2024-10-23 20:11:42+00:00,"action: merge, PullApprove: disable",18.2.x,release-stage-18.2.9,,0.0,0.0,,0.0,0.0,,,False,,24195339.0,"96964, 25868, None, None",,,Angular,0.0
2141794867,AleksanderBodurri,"feat(core): add ""kind"" to signal prototype nodes",closed,2024-10-23 18:24:58+00:00,,2024-12-03 14:15:54+00:00,"action: merge, area: core, target: minor, requires: TGP",main,export-computed-node,,0.0,0.0,,0.0,0.0,,,False,,24195339.0,"96964, 25868, None, None",,,Angular,0.0
2141568525,Gourav102,docs(core): Grammatical fix in queries.md,closed,2024-10-23 16:46:35+00:00,,2024-10-24 23:25:14+00:00,"action: merge, merge: caretaker note, target: rc",main,patch-4,,0.0,0.0,,0.0,0.0,,,False,,24195339.0,"96964, 25868, None, None",,,Angular,0.0
2141495062,angular-robot,build: update actions/checkout digest to 11bd719,closed,2024-10-23 16:12:17+00:00,,2024-10-28 19:31:20+00:00,"action: merge, area: build & ci, target: rc",main,ng-renovate/actions-checkout-digest,,0.0,0.0,,0.0,0.0,,,False,,24195339.0,"96964, 25868, None, None",,,Angular,0.0
2141397347,thePunderWoman,refactor(core): prevent annotating in hydrate never blocks,closed,2024-10-23 15:28:50+00:00,,2024-10-24 23:20:55+00:00,"action: merge, area: core, target: rc",main,hydrate-never-annotate,,0.0,0.0,,0.0,0.0,,,False,,24195339.0,"96964, 25868, None, None",,,Angular,0.0
2141110256,thePunderWoman,ci: clean up pullapprove list,closed,2024-10-23 13:44:23+00:00,,2024-10-23 14:59:53+00:00,"action: merge, area: build & ci, target: patch",main,pullapprove-fix,,0.0,0.0,,0.0,0.0,,,False,,24195339.0,"96964, 25868, None, None",,,Angular,0.0
2140645001,pawelfras,refactor(core): fix deprecation version for APP_INITIALIZER and PLATFORM_INITIALIZER,closed,2024-10-23 10:40:35+00:00,,2024-10-23 15:01:30+00:00,"action: merge, area: core, target: major, merge: caretaker note",main,fix-app-initializer-deprecation-version,,0.0,0.0,,0.0,0.0,,,False,,24195339.0,"96964, 25868, None, None",,,Angular,0.0
2140612624,pkozlowski-opensource,Output migration stats,closed,2024-10-23 10:25:43+00:00,,2024-10-23 15:03:33+00:00,"action: merge, area: migrations, target: minor, detected: feature",main,output_migration_stats,,0.0,0.0,,0.0,0.0,,,False,,24195339.0,"96964, 25868, None, None",,,Angular,0.0
2140417631,alan-agius4,refactor(docs-infra): adopt new SSR APIs,closed,2024-10-23 09:09:23+00:00,,2024-10-23 15:04:14+00:00,"action: merge, target: minor, area: docs-infra",main,adev-ssr,,0.0,0.0,,0.0,0.0,,,False,,24195339.0,"96964, 25868, None, None",,,Angular,0.0
2140277252,sheikalthaf,refactor(devtools): convert to bootstrap application for shell and de…,closed,2024-10-23 08:10:45+00:00,,2024-11-05 06:35:45+00:00,"action: merge, target: rc, area: devtools",main,devtools-bootstrap,,0.0,0.0,,0.0,0.0,,,False,,24195339.0,"96964, 25868, None, None",,,Angular,0.0
2140146075,crisbeto,fix(migrations): add outputs migration to combined shorthand,closed,2024-10-23 07:07:05+00:00,,2024-10-23 15:02:52+00:00,"action: merge, target: major, area: migrations",main,combined-migration-outputs,,0.0,0.0,,0.0,0.0,,,False,,24195339.0,"96964, 25868, None, None",,,Angular,0.0
2140013940,sheikalthaf,fix(elements): custom-element now handle input alias name,open,2024-10-23 05:53:27+00:00,,,area: elements,main,custom-element-alias,,0.0,0.0,,0.0,0.0,alxhub,,False,,24195339.0,"96964, 25868, None, None",,,Angular,0.0
2139396367,jeantimex,refactor(core): allow passing passive option to addEvent,closed,2024-10-22 21:42:43+00:00,,2024-10-25 00:49:29+00:00,"action: merge, area: core, merge: caretaker note, target: rc, requires: TGP",main,passive-event-support,,0.0,0.0,,0.0,0.0,,,False,,24195339.0,"96964, 25868, None, None",,,Angular,0.0
2139294412,AndrewKushnir,[revert] feat(forms): add ability to clear a FormRecord,closed,2024-10-22 20:42:22+00:00,,2024-10-22 21:04:48+00:00,"action: merge, area: forms, target: minor",main,revert_50750,,0.0,0.0,,0.0,0.0,"alxhub, pkozlowski-opensource, thePunderWoman",,False,,24195339.0,"96964, 25868, None, None",,,Angular,0.0
2139166224,devversion,refactor(migrations): fix merge conflict in output migration,closed,2024-10-22 19:25:43+00:00,,2024-10-22 20:13:58+00:00,area: migrations,main,fix-output-conflict,,0.0,0.0,,0.0,0.0,,,False,,24195339.0,"96964, 25868, None, None",,,Angular,0.0
2139130885,AndrewKushnir,[Revert] refactor(migrations): support parallel tsurge metadata merging,closed,2024-10-22 19:04:27+00:00,,2024-10-22 19:27:56+00:00,"action: merge, area: migrations, target: minor, PullApprove: disable",main,revert_58280,,0.0,0.0,,0.0,0.0,alxhub,,False,,24195339.0,"96964, 25868, None, None",,,Angular,0.0
2139019099,sheikalthaf,feat(core): Add cleanup functions to afterRender and afterNextRender …,closed,2024-10-22 17:55:19+00:00,,2024-10-23 13:48:54+00:00,"area: core, detected: feature",main,after-cleanup,,0.0,0.0,,0.0,0.0,,,True,,24195339.0,"96964, 25868, None, None",,,Angular,0.0
2138994177,sheikalthaf,refactor(devtools): use signal apis in split component,open,2024-10-22 17:38:54+00:00,,,"state: blocked, target: patch, area: devtools",main,split-signal,,0.0,0.0,,0.0,0.0,AleksanderBodurri,,False,,24195339.0,"96964, 25868, None, None",,,Angular,0.0
2138963169,thePunderWoman,ci: temporarily disable adev tests,closed,2024-10-22 17:18:43+00:00,,2024-10-22 18:30:41+00:00,"action: merge, area: build & ci, target: patch, merge: caretaker note, PullApprove: disable",main,disable-adev-tests,,0.0,0.0,,0.0,0.0,,,False,,24195339.0,"96964, 25868, None, None",,,Angular,0.0
2138928926,thePunderWoman,refactor(core): annotate incremental hydration as dev preview,closed,2024-10-22 16:57:45+00:00,,2024-10-22 18:27:53+00:00,"action: merge, area: core, target: major, merge: caretaker note",main,incremental-dev-preview,,0.0,0.0,,0.0,0.0,,,False,,24195339.0,"96964, 25868, None, None",,,Angular,0.0
2138820453,arturovt,fix(core): cleanup `rxResource` abort listener,open,2024-10-22 15:58:26+00:00,,,area: core,main,fix/rx-resource-abort-listener,,0.0,0.0,,0.0,0.0,"alxhub, pkozlowski-opensource",,False,,24195339.0,"96964, 25868, None, None",,,Angular,0.0
2138722506,angular-robot,build: update actions/cache digest to 6849a64,closed,2024-10-22 15:11:49+00:00,,2024-10-22 16:44:25+00:00,"action: merge, area: build & ci, target: patch",main,ng-renovate/actions-cache-digest,,0.0,0.0,,0.0,0.0,,,False,,24195339.0,"96964, 25868, None, None",,,Angular,0.0
2138347490,pkozlowski-opensource,Output ng generate test ci,closed,2024-10-22 12:25:16+00:00,,2024-10-22 12:59:48+00:00,"area: core, area: migrations, detected: feature",main,output_ng_generate_test_ci,,0.0,0.0,,0.0,0.0,,,True,,24195339.0,"96964, 25868, None, None",,,Angular,0.0
2138272499,pkozlowski-opensource,Output ng generate,closed,2024-10-22 11:48:04+00:00,,2024-10-22 14:41:44+00:00,"action: merge, area: build & ci, area: core, area: migrations, target: minor, detected: feature",main,output_ng_generate_test,,0.0,0.0,,0.0,0.0,,,False,,24195339.0,"96964, 25868, None, None",,,Angular,0.0
2138085530,pkozlowski-opensource,Output ng generate,closed,2024-10-22 10:16:11+00:00,,2024-10-22 11:48:35+00:00,"action: review, area: core, area: migrations, target: minor, detected: feature",main,output_ng_generate,,0.0,0.0,,0.0,0.0,,,True,,24195339.0,"96964, 25868, None, None",,,Angular,0.0
2137785442,alan-agius4,Improve tree shakebility,closed,2024-10-22 08:10:47+00:00,,2024-10-28 19:26:08+00:00,"action: merge, area: build & ci, area: core, target: rc",main,tree-shakebility,,0.0,0.0,,0.0,0.0,,,False,,24195339.0,"96964, 25868, None, None",,,Angular,0.0
2137472008,JeanMeche,docs(docs-infra): fix CLI commands,closed,2024-10-22 04:46:58+00:00,,2024-10-22 14:42:24+00:00,"action: merge, target: patch, area: docs-infra, area: docs, adev: preview",main,docs/fix-cli-docs,,0.0,0.0,,0.0,0.0,,,False,,24195339.0,"96964, 25868, None, None",,,Angular,0.0
2136958152,jkrems,test: use application builder for adev karma tests,open,2024-10-21 20:30:09+00:00,,,,main,jk-karma-app-builder-adev,,0.0,0.0,,0.0,0.0,,,True,,24195339.0,"96964, 25868, None, None",,,Angular,0.0
2136874075,thePunderWoman,refactor(core): incremental hydration cleanup,closed,2024-10-21 19:36:41+00:00,,2024-10-22 16:43:45+00:00,"action: merge, area: core, target: major",main,incremental-hydration-cleanup,,0.0,0.0,,0.0,0.0,,,False,,24195339.0,"96964, 25868, None, None",,,Angular,0.0
2136804051,vladboisa,docs(docs-infra): changed default type to object,closed,2024-10-21 18:54:21+00:00,,2024-11-22 20:30:46+00:00,"action: merge, target: patch, area: docs-infra, area: docs",main,fix_docs_http,,0.0,0.0,,0.0,0.0,,,False,,24195339.0,"96964, 25868, None, None",,,Angular,0.0
2136748172,JeanMeche,refactor(core): remove the standalone feature,closed,2024-10-21 18:23:41+00:00,,2024-10-24 23:19:06+00:00,"action: merge, area: core, merge: caretaker note, target: rc",main,core/remove-standalone-feature,,0.0,0.0,,0.0,0.0,,,False,,24195339.0,"96964, 25868, None, None",,,Angular,0.0
2136681767,danielpayetdev,fix(localize): Adding  arb format to the list of valid formats in the…,closed,2024-10-21 17:42:28+00:00,,2024-10-24 23:41:52+00:00,"action: merge, area: i18n, target: patch",main,add-arb-to-extract-cli,,0.0,0.0,,0.0,0.0,,,False,,24195339.0,"96964, 25868, None, None",,,Angular,0.0
2136456516,thePunderWoman,test: check current hydration bundle sizes,closed,2024-10-21 15:51:05+00:00,,2024-10-21 16:07:32+00:00,,main,size-test,,0.0,0.0,,0.0,0.0,,,True,,24195339.0,"96964, 25868, None, None",,,Angular,0.0
2135982255,alan-agius4,refactor(@angular/core): wrap `AFTER_RENDER_PHASE_EFFECT_NODE` in an IIFE for Tree-shaking,closed,2024-10-21 12:37:28+00:00,,2024-10-21 16:07:56+00:00,"action: merge, area: core, target: minor",main,iife-three-shake,,0.0,0.0,,0.0,0.0,,,False,,24195339.0,"96964, 25868, None, None",,,Angular,0.0
2135922031,pkozlowski-opensource,Migration outputs in templates,closed,2024-10-21 12:09:27+00:00,,2024-10-21 16:06:50+00:00,"action: merge, area: build & ci, merge: caretaker note, area: migrations, target: minor",main,migration_outputs_in_templates,,0.0,0.0,,0.0,0.0,,,False,,24195339.0,"96964, 25868, None, None",,,Angular,0.0
2135593698,devversion,refactor(migrations): support parallel tsurge metadata merging,closed,2024-10-21 09:41:37+00:00,,2024-10-25 18:47:44+00:00,"action: merge, merge: caretaker note, area: migrations, target: rc, PullApprove: disable",main,tsurge-parallelize-merge,,0.0,0.0,,0.0,0.0,,,False,,24195339.0,"96964, 25868, None, None",,,Angular,0.0
2133823450,JeanMeche,adev: enable tests ,closed,2024-10-19 17:22:04+00:00,,2024-10-24 23:42:20+00:00,"action: merge, target: rc, area: docs-infra",main,adev/enable-tests,,0.0,0.0,,0.0,0.0,,,False,,24195339.0,"96964, 25868, None, None",,,Angular,0.0
2133351012,JeanMeche,refactore(core): remove `ComponentFactoryResolver` related dead code,closed,2024-10-19 02:40:30+00:00,,2024-10-22 14:43:54+00:00,"action: merge, area: core, target: major",main,refactor/ERROR_COMPONENT,,0.0,0.0,,0.0,0.0,,,False,,24195339.0,"96964, 25868, None, None",,,Angular,0.0
2133319638,JeanMeche,refactor(core): removing error related dead code.,closed,2024-10-19 01:25:37+00:00,,2024-10-22 16:42:49+00:00,"action: merge, area: core, target: major",main,feactor/error-wrapper,,0.0,0.0,,0.0,0.0,,,False,,24195339.0,"96964, 25868, None, None",,,Angular,0.0
2133289778,angular-robot,build: update io_bazel_rules_sass digest to 6e23fb1,closed,2024-10-19 00:12:56+00:00,,2024-10-19 15:45:02+00:00,"action: merge, area: build & ci, target: patch",main,ng-renovate/io-bazel-rules-sass-digest,,0.0,0.0,,0.0,0.0,,,False,,24195339.0,"96964, 25868, None, None",,,Angular,0.0
2133263017,palmertodd,docs: fix typo in tutorial - change style.css to styles.css,closed,2024-10-18 23:37:33+00:00,,2024-10-19 15:43:22+00:00,"action: merge, target: patch, area: docs",main,docs-styles-typo,,0.0,0.0,,0.0,0.0,,,False,,24195339.0,"96964, 25868, None, None",,,Angular,0.0
2133254739,mgechev,docs: add v19 instructions in the update guide,closed,2024-10-18 23:30:30+00:00,,2024-11-07 19:00:07+00:00,"action: merge, target: rc, area: docs, adev: preview",main,v19-update-guide,,0.0,0.0,,0.0,0.0,,,False,,24195339.0,"96964, 25868, None, None",,,Angular,0.0
2133241827,t-palmer,Fix typo in tutorial - change style.css to styles.css to correct style sheet file name,closed,2024-10-18 23:07:42+00:00,,2024-10-18 23:22:01+00:00,"action: cleanup, target: patch, area: docs",main,docs-styles-typo,,0.0,0.0,,0.0,0.0,,,False,,24195339.0,"96964, 25868, None, None",,,Angular,0.0
2132962214,mmalerba,build: Update prettierrc to always use trailing commas,closed,2024-10-18 18:28:58+00:00,,2024-11-04 17:14:08+00:00,"action: merge, area: build & ci, target: rc",main,format,,0.0,0.0,,0.0,0.0,,,False,,24195339.0,"96964, 25868, None, None",,,Angular,0.0
2132801692,devversion,refactor(migrations): improve query migration type detection,closed,2024-10-18 16:26:26+00:00,,2024-10-19 15:41:47+00:00,"action: merge, area: migrations, target: minor",main,fix-types,,0.0,0.0,,0.0,0.0,,,False,,24195339.0,"96964, 25868, None, None",,,Angular,0.0
2132465507,devversion,feat(language-service): support migrating full classes to signal queries,closed,2024-10-18 13:32:22+00:00,,2024-10-18 14:34:49+00:00,"action: merge, area: language-service, target: minor, detected: feature",main,convert-full-class,,0.0,0.0,,0.0,0.0,,,False,,24195339.0,"96964, 25868, None, None",,,Angular,0.0
2132293471,pkozlowski-opensource,Resource more tests pr fixes,closed,2024-10-18 11:57:16+00:00,,2024-10-23 14:59:53+00:00,"area: core, detected: feature",main,resource_more_tests_pr_fixes,,0.0,0.0,,0.0,0.0,,,True,,24195339.0,"96964, 25868, None, None",,,Angular,0.0
2132275378,devversion,"docs: documentation for signal inputs, queries migrations in angular.dev",closed,2024-10-18 11:46:18+00:00,,2024-10-18 14:34:23+00:00,"action: merge, area: migrations, target: minor, area: docs",main,finalize-queries,,0.0,0.0,,0.0,0.0,,,False,,24195339.0,"96964, 25868, None, None",,,Angular,0.0
2131910309,crisbeto,feat(migrations): add a combined migration for all signals APIs,closed,2024-10-18 08:40:43+00:00,,2024-10-18 11:52:56+00:00,"action: merge, target: major, area: migrations, detected: feature",main,combined-signals-migration,,0.0,0.0,,0.0,0.0,,,False,,24195339.0,"96964, 25868, None, None",,,Angular,0.0
2131523780,wLotherington,docs(docs-infra): fix playground terminal/console,closed,2024-10-18 04:24:30+00:00,,2024-10-18 09:25:39+00:00,"action: merge, target: patch, area: docs-infra, area: docs",main,playground-terminal,,0.0,0.0,,0.0,0.0,,,False,,24195339.0,"96964, 25868, None, None",,,Angular,0.0
2131507853,JeanMeche,refactor(platform-server): replace patch by CLI option.,closed,2024-10-18 04:04:19+00:00,,2024-10-21 16:09:10+00:00,"action: merge, target: major, merge: caretaker note",main,ssr-benchmark-node-polyfill,,0.0,0.0,,0.0,0.0,josephperrott,,False,,24195339.0,"96964, 25868, None, None",,,Angular,0.0
2131254777,alxhub,Experimental Resource API,closed,2024-10-18 00:14:08+00:00,,2024-10-21 20:26:00+00:00,"action: merge, area: core, merge: caretaker note, target: minor, detected: feature",main,experimental/resource/impl,,0.0,0.0,,0.0,0.0,,,False,,24195339.0,"96964, 25868, None, None",,,Angular,0.0
2131251911,dgp1130,Update Protractor usage to use private name,closed,2024-10-18 00:12:20+00:00,,2024-10-22 14:37:16+00:00,"action: merge, area: build & ci, target: major",main,protractor-rename,,0.0,0.0,,0.0,0.0,,,False,,24195339.0,"96964, 25868, None, None",,,Angular,0.0
2131034885,angular-robot,build: update io_bazel_rules_sass digest to 43a9cda,closed,2024-10-17 21:11:25+00:00,,2024-10-18 10:04:47+00:00,"action: merge, area: build & ci, target: patch",main,ng-renovate/io-bazel-rules-sass-digest,,0.0,0.0,,0.0,0.0,,,False,,24195339.0,"96964, 25868, None, None",,,Angular,0.0
2130976534,thePunderWoman,test(core): fix flaky hydration test,closed,2024-10-17 20:31:25+00:00,,2024-10-17 22:58:33+00:00,"action: merge, area: core, target: minor",main,fix-test-flake,,0.0,0.0,,0.0,0.0,,,False,,24195339.0,"96964, 25868, None, None",,,Angular,0.0
2130771822,mmalerba,fix(core): Defer afterRender until after first CD,closed,2024-10-17 18:21:30+00:00,,2025-01-16 03:08:30+00:00,target: minor,main,ar-detached,,0.0,0.0,,0.0,0.0,,,False,,24195339.0,"96964, 25868, None, None",,,Angular,0.0
2130770266,thePunderWoman,feat(core): Add incremental hydration public api,closed,2024-10-17 18:20:34+00:00,,2024-10-22 16:37:34+00:00,"action: merge, area: core, target: major, merge: caretaker note, detected: feature",main,incremental-feature,,0.0,0.0,,0.0,0.0,,,False,,24195339.0,"96964, 25868, None, None",,,Angular,0.0
2130239793,json-derulo,docs: update default asset paths,closed,2024-10-17 13:41:01+00:00,,2024-10-18 14:35:35+00:00,"action: merge, target: patch, area: docs, adev: preview",main,adev-assets,,0.0,0.0,,0.0,0.0,,,False,,24195339.0,"96964, 25868, None, None",,,Angular,0.0
