login,contributions,url,type,site_admin,account_age_(days),total_prs_submitted,total_prs_merged,total_issues_opened,total_repositories_contributed_to,followers,stars_received,is_member_of_organization,source_project,approval_rate,contributor_seniority
gkalpak,1928,https://github.com/gkalpak,User,False,3822.0,30.0,30.0,30,30,839,45,False,Angular,1.0,10.47
petebacondarwin,1771,https://github.com/petebacondarwin,User,False,6074.0,30.0,30.0,30,30,1534,223,False,Angular,1.0,16.64
devversion,1396,https://github.com/devversion,User,False,4238.0,30.0,30.0,30,30,663,18,False,Angular,1.0,11.61
alxhub,1017,https://github.com/alxhub,User,False,4324.0,30.0,30.0,30,30,1148,116,False,Angular,1.0,11.85
crisbeto,992,https://github.com/crisbeto,User,False,4294.0,30.0,30.0,30,30,704,779,False,Angular,1.0,11.76
atscott,972,https://github.com/atscott,User,False,5209.0,30.0,30.0,30,30,197,0,False,Angular,1.0,14.27
IgorMinar,964,https://github.com/IgorMinar,User,False,5462.0,30.0,30.0,30,30,3288,79,False,Angular,1.0,14.96
vsavkin,952,https://github.com/vsavkin,User,False,5930.0,30.0,30.0,30,30,2496,377,False,Angular,1.0,16.25
vicb,916,https://github.com/vicb,User,False,5415.0,30.0,30.0,30,30,708,141,False,Angular,1.0,14.84
AndrewKushnir,899,https://github.com/AndrewKushnir,User,False,2337.0,30.0,30.0,30,15,325,7,False,Angular,1.0,6.4
josephperrott,859,https://github.com/josephperrott,User,False,3664.0,0.0,0.0,0,30,256,1,False,Angular,0.0,10.04
pkozlowski-opensource,809,https://github.com/pkozlowski-opensource,User,False,4938.0,0.0,0.0,0,30,1120,231,False,Angular,0.0,13.53
tbosch,789,https://github.com/tbosch,User,False,5077.0,0.0,0.0,0,30,589,451,False,Angular,0.0,13.91
mhevery,752,https://github.com/mhevery,User,False,5675.0,0.0,0.0,0,30,6169,537,False,Angular,0.0,15.55
alan-agius4,736,https://github.com/alan-agius4,User,False,3274.0,0.0,0.0,0,30,587,7,False,Angular,0.0,8.97
JeanMeche,632,https://github.com/JeanMeche,User,False,4793.0,0.0,0.0,30,30,327,60,False,Angular,0.0,13.13
angular-robot,598,https://github.com/angular-robot,User,False,1264.0,30.0,30.0,8,8,38,20,False,Angular,1.0,3.46
alexeagle,562,https://github.com/alexeagle,User,False,5874.0,30.0,30.0,30,30,925,33,False,Angular,1.0,16.09
kara,536,https://github.com/kara,User,False,4356.0,30.0,30.0,30,30,1983,130,False,Angular,1.0,11.93
renovate-bot,535,https://github.com/renovate-bot,User,False,2952.0,30.0,30.0,30,30,1831,6,False,Angular,1.0,8.09
matsko,480,https://github.com/matsko,User,False,5732.0,30.0,30.0,30,30,1582,528,False,Angular,1.0,15.7
JoostK,435,https://github.com/JoostK,User,False,5643.0,30.0,30.0,30,30,191,5,False,Angular,1.0,15.46
mgechev,353,https://github.com/mgechev,User,False,5227.0,30.0,30.0,30,30,10003,4639,False,Angular,1.0,14.32
dylhunn,338,https://github.com/dylhunn,User,False,3973.0,30.0,30.0,13,24,166,95,False,Angular,1.0,10.88
chuckjaz,336,https://github.com/chuckjaz,User,False,5293.0,30.0,30.0,30,30,292,10,False,Angular,1.0,14.5
marclaval,310,https://github.com/marclaval,User,False,4542.0,30.0,30.0,0,30,186,246,False,Angular,1.0,12.44
AleksanderBodurri,310,https://github.com/AleksanderBodurri,User,False,2470.0,0.0,0.0,0,30,103,6,False,Angular,0.0,6.77
gregmagolan,301,https://github.com/gregmagolan,User,False,5179.0,0.0,0.0,0,30,98,24,False,Angular,0.0,14.19
thePunderWoman,295,https://github.com/thePunderWoman,User,False,4704.0,0.0,0.0,0,20,226,25,False,Angular,0.0,12.89
ocombe,192,https://github.com/ocombe,User,False,5401.0,0.0,0.0,0,30,719,33,False,Angular,0.0,14.8
jbogarthyde,192,https://github.com/jbogarthyde,User,False,2714.0,0.0,0.0,0,14,18,0,False,Angular,0.0,7.44
jasonaden,191,https://github.com/jasonaden,User,False,5183.0,30.0,30.0,30,30,184,85,False,Angular,1.0,14.2
JiaLiPassion,189,https://github.com/JiaLiPassion,User,False,4749.0,30.0,30.0,30,30,198,25,False,Angular,1.0,13.01
dario-piotrowicz,177,https://github.com/dario-piotrowicz,User,False,1814.0,30.0,30.0,30,30,103,2,False,Angular,1.0,4.97
kapunahelewong,176,https://github.com/kapunahelewong,User,False,4330.0,30.0,30.0,30,30,200,6,False,Angular,1.0,11.86
cexbrayat,164,https://github.com/cexbrayat,User,False,5261.0,30.0,30.0,30,30,587,353,False,Angular,1.0,14.41
wardbell,158,https://github.com/wardbell,User,False,5629.0,30.0,30.0,30,30,773,335,False,Angular,1.0,15.42
brandonroberts,154,https://github.com/brandonroberts,User,False,5899.0,30.0,30.0,30,30,2067,63,False,Angular,1.0,16.16
btford,152,https://github.com/btford,User,False,5213.0,30.0,30.0,30,30,3380,3430,False,Angular,1.0,14.28
yjbanov,145,https://github.com/yjbanov,User,False,5469.0,30.0,30.0,30,30,409,192,False,Angular,1.0,14.98
filipesilva,137,https://github.com/filipesilva,User,False,4324.0,30.0,30.0,30,30,1146,914,False,Angular,1.0,11.85
dgp1130,131,https://github.com/dgp1130,User,False,3655.0,0.0,0.0,0,30,115,8,False,Angular,0.0,10.01
mprobst,123,https://github.com/mprobst,User,False,6152.0,0.0,0.0,0,30,161,20,False,Angular,0.0,16.85
mmalerba,123,https://github.com/mmalerba,User,False,3435.0,0.0,0.0,0,22,138,2,False,Angular,0.0,9.41
rkirov,123,https://github.com/rkirov,User,False,5725.0,0.0,0.0,0,30,166,111,False,Angular,0.0,15.68
arturovt,120,https://github.com/arturovt,User,False,3957.0,30.0,30.0,24,18,208,26,False,Angular,1.0,10.84
jeffbcross,118,https://github.com/jeffbcross,User,False,5220.0,30.0,30.0,30,30,1048,144,False,Angular,1.0,14.3
jelbourn,115,https://github.com/jelbourn,User,False,5002.0,30.0,30.0,30,30,1084,702,False,Angular,1.0,13.7
benlesh,113,https://github.com/benlesh,User,False,4721.0,30.0,30.0,30,30,2881,153,False,Angular,1.0,12.93
sjtrimble,113,https://github.com/sjtrimble,User,False,4457.0,30.0,30.0,30,30,83,7,False,Angular,1.0,12.21
sonukapoor,106,https://github.com/sonukapoor,User,False,5829.0,30.0,30.0,30,30,74,22,False,Angular,1.0,15.97
clydin,106,https://github.com/clydin,User,False,3188.0,30.0,30.0,22,26,179,5,False,Angular,1.0,8.73
kyliau,104,https://github.com/kyliau,User,False,4460.0,0.0,0.0,0,30,169,6,False,Angular,0.0,12.22
sumitarora,101,https://github.com/sumitarora,User,False,5489.0,0.0,0.0,0,30,120,16,False,Angular,0.0,15.04
pmvald,94,https://github.com/pmvald,User,False,2731.0,0.0,0.0,0,4,18,1,False,Angular,0.0,7.48
kormide,93,https://github.com/kormide,User,False,4244.0,0.0,0.0,0,25,13,9,False,Angular,0.0,11.63
ayazhafiz,92,https://github.com/ayazhafiz,User,False,3123.0,0.0,0.0,0,30,175,13,False,Angular,0.0,8.56
bampakoa,88,https://github.com/bampakoa,User,False,3971.0,0.0,0.0,0,10,210,204,False,Angular,0.0,10.88
Foxandxss,85,https://github.com/Foxandxss,User,False,4890.0,0.0,0.0,0,30,759,1351,False,Angular,0.0,13.4
vikerman,80,https://github.com/vikerman,User,False,5756.0,0.0,0.0,0,30,203,187,False,Angular,0.0,15.77
juliemr,79,https://github.com/juliemr,User,False,4581.0,0.0,0.0,0,30,2702,70,False,Angular,0.0,12.55
robwormald,75,https://github.com/robwormald,User,False,5169.0,0.0,0.0,0,30,1517,171,False,Angular,0.0,14.16
ajitsinghkaler,74,https://github.com/ajitsinghkaler,User,False,2470.0,0.0,0.0,0,30,35,44,False,Angular,0.0,6.77
PatrickJS,73,https://github.com/PatrickJS,User,False,4918.0,0.0,0.0,0,30,2971,24,False,Angular,0.0,13.47
trekladyone,61,https://github.com/trekladyone,User,False,1277.0,0.0,0.0,0,1,1,0,False,Angular,0.0,3.5
DzmitryShylovich,52,https://github.com/DzmitryShylovich,User,False,3771.0,0.0,0.0,0,3,202,2,False,Angular,0.0,10.33
josmar-crwdstffng,47,https://github.com/josmar-crwdstffng,User,False,1307.0,0.0,0.0,0,2,1,0,False,Angular,0.0,3.58
ivanwonder,45,https://github.com/ivanwonder,User,False,3384.0,0.0,0.0,0,18,24,3,False,Angular,0.0,9.27
trotyl,45,https://github.com/trotyl,User,False,4098.0,0.0,0.0,0,30,406,67,False,Angular,0.0,11.23
bencodezen,44,https://github.com/bencodezen,User,False,4253.0,0.0,0.0,0,30,2142,291,False,Angular,0.0,11.65
bjarkler,43,https://github.com/bjarkler,User,False,1724.0,0.0,0.0,0,16,9,0,False,Angular,0.0,4.72
twerske,43,https://github.com/twerske,User,False,3417.0,0.0,0.0,0,30,405,64,False,Angular,0.0,9.36
kevmoo,43,https://github.com/kevmoo,User,False,6061.0,0.0,0.0,0,30,2232,302,False,Angular,0.0,16.61
sasidharansd,42,https://github.com/sasidharansd,User,False,2183.0,0.0,0.0,0,30,7,7,False,Angular,0.0,5.98
naomiblack,42,https://github.com/naomiblack,User,False,4547.0,0.0,0.0,0,24,170,1,False,Angular,0.0,12.46
jteplitz,40,https://github.com/jteplitz,User,False,5495.0,0.0,0.0,0,30,107,17,False,Angular,0.0,15.05
TeriGlover,39,https://github.com/TeriGlover,User,False,1545.0,0.0,0.0,0,3,0,0,False,Angular,0.0,4.23
santoshyadavdev,38,https://github.com/santoshyadavdev,User,False,3597.0,0.0,0.0,0,30,1701,194,False,Angular,0.0,9.85
iteriani,37,https://github.com/iteriani,User,False,4397.0,0.0,0.0,0,30,6,1,False,Angular,0.0,12.05
caitp,37,https://github.com/caitp,User,False,4546.0,0.0,0.0,0,30,1013,580,False,Angular,0.0,12.45
StephenFluin,35,https://github.com/StephenFluin,User,False,5548.0,0.0,0.0,0,30,662,32,False,Angular,0.0,15.2
tbondwilkinson,33,https://github.com/tbondwilkinson,User,False,4533.0,0.0,0.0,0,30,19,9,False,Angular,0.0,12.42
jenniferfell,33,https://github.com/jenniferfell,User,False,2721.0,0.0,0.0,0,2,16,1,False,Angular,0.0,7.45
MarkTechson,33,https://github.com/MarkTechson,User,False,4509.0,0.0,0.0,0,30,394,95,False,Angular,0.0,12.35
hansl,33,https://github.com/hansl,User,False,5081.0,30.0,30.0,30,30,326,68,False,Angular,1.0,13.92
wagnermaciel,32,https://github.com/wagnermaciel,User,False,2953.0,30.0,30.0,30,17,26,1,False,Angular,1.0,8.09
sreevani-ship-it,32,https://github.com/sreevani-ship-it,User,False,2673.0,30.0,11.0,2,7,11,0,False,Angular,0.36666666666666664,7.32
hawkgs,31,https://github.com/hawkgs,User,False,4294.0,30.0,14.0,26,30,40,139,False,Angular,0.4666666666666667,11.76
wKoza,31,https://github.com/wKoza,User,False,3631.0,30.0,30.0,30,30,30,0,False,Angular,1.0,9.95
andrewseguin,30,https://github.com/andrewseguin,User,False,3044.0,30.0,30.0,30,25,222,29,False,Angular,1.0,8.34
danieltre23,29,https://github.com/danieltre23,User,False,3019.0,30.0,30.0,0,7,1,0,False,Angular,1.0,8.27
tinayuangao,29,https://github.com/tinayuangao,User,False,3126.0,30.0,30.0,30,9,39,2,False,Angular,1.0,8.56
CaerusKaru,28,https://github.com/CaerusKaru,User,False,5257.0,0.0,0.0,0,30,0,5,False,Angular,0.0,14.4
LayZeeDK,27,https://github.com/LayZeeDK,User,False,4056.0,30.0,30.0,30,30,528,14,False,Angular,1.0,11.11
zarend,27,https://github.com/zarend,User,False,3917.0,0.0,0.0,0,28,12,4,False,Angular,0.0,10.73
jessicajaniuk,25,https://github.com/jessicajaniuk,User,False,1588.0,0.0,0.0,0,6,339,12,False,Angular,0.0,4.35
atcastle,24,https://github.com/atcastle,User,False,3831.0,0.0,0.0,0,11,66,4,False,Angular,0.0,10.5
jakemac53,24,https://github.com/jakemac53,User,False,4933.0,0.0,0.0,0,30,187,15,False,Angular,0.0,13.52
alkavats1,23,https://github.com/alkavats1,User,False,1510.0,0.0,0.0,0,30,6,3,False,Angular,0.0,4.14
aanchal88,23,https://github.com/aanchal88,User,False,1510.0,0.0,0.0,0,21,6,0,False,Angular,0.0,4.14
AlexElin,22,https://github.com/AlexElin,User,False,3523.0,0.0,0.0,0,30,2,0,False,Angular,0.0,9.65
ahasall,22,https://github.com/ahasall,User,False,3794.0,30.0,28.0,27,13,131,33,False,Angular,0.9333333333333333,10.39
alfaproject,22,https://github.com/alfaproject,User,False,5828.0,30.0,30.0,30,30,43,22,False,Angular,1.0,15.97
lacolaco,22,https://github.com/lacolaco,User,False,4724.0,30.0,30.0,30,30,665,79,False,Angular,1.0,12.94
vojtajina,21,https://github.com/vojtajina,User,False,5877.0,30.0,30.0,30,30,1181,58,False,Angular,1.0,16.1
swseverance,20,https://github.com/swseverance,User,False,3253.0,30.0,30.0,26,30,10,21,False,Angular,1.0,8.91
ttowncompiled,20,https://github.com/ttowncompiled,User,False,4325.0,30.0,30.0,30,30,39,6,False,Angular,1.0,11.85
vladboisa,20,https://github.com/vladboisa,User,False,1841.0,30.0,30.0,13,30,0,0,False,Angular,1.0,5.04
iRealNirmal,20,https://github.com/iRealNirmal,User,False,4332.0,30.0,10.0,25,26,6,3,False,Angular,0.3333333333333333,11.87
devknoll,20,https://github.com/devknoll,User,False,4738.0,30.0,30.0,30,12,143,284,False,Angular,1.0,12.98
sheikalthaf,18,https://github.com/sheikalthaf,User,False,3062.0,30.0,30.0,30,30,32,7,False,Angular,1.0,8.39
dalejodc,18,https://github.com/dalejodc,User,False,2544.0,0.0,0.0,0,18,46,17,False,Angular,0.0,6.97
danielsogl,18,https://github.com/danielsogl,User,False,3406.0,0.0,0.0,0,30,306,2425,False,Angular,0.0,9.33
kwalrath,17,https://github.com/kwalrath,User,False,4567.0,0.0,0.0,0,30,197,4,False,Angular,0.0,12.51
0x-r4bbit,17,https://github.com/0x-r4bbit,User,False,5234.0,0.0,0.0,0,30,2337,142,False,Angular,0.0,14.34
Ahmed-Hakeem,17,https://github.com/Ahmed-Hakeem,User,False,1734.0,0.0,0.0,8,30,24,25,False,Angular,0.0,4.75
thesmiler,17,https://github.com/thesmiler,User,False,3650.0,23.0,7.0,4,7,9,0,False,Angular,0.30434782608695654,10.0
eneajaho,16,https://github.com/eneajaho,User,False,2942.0,30.0,30.0,30,30,405,89,False,Angular,1.0,8.06
markostanimirovic,16,https://github.com/markostanimirovic,User,False,3259.0,30.0,30.0,30,30,331,270,False,Angular,1.0,8.93
dsnoeijer,15,https://github.com/dsnoeijer,User,False,1291.0,30.0,12.0,0,19,0,0,False,Angular,0.4,3.54
martinsik,14,https://github.com/martinsik,User,False,5429.0,30.0,30.0,30,25,101,258,False,Angular,1.0,14.87
TedSander,14,https://github.com/TedSander,User,False,4148.0,30.0,10.0,30,12,15,0,False,Angular,0.3333333333333333,11.36
Piyush132000,13,https://github.com/Piyush132000,User,False,1606.0,28.0,3.0,0,30,2,0,False,Angular,0.10714285714285714,4.4
bowenni,13,https://github.com/bowenni,User,False,4535.0,30.0,30.0,30,28,17,1,False,Angular,1.0,12.42
ranma42,12,https://github.com/ranma42,User,False,4730.0,30.0,30.0,30,30,45,4,False,Angular,1.0,12.96
alfonso-presa,12,https://github.com/alfonso-presa,User,False,3869.0,30.0,30.0,0,30,30,10,False,Angular,1.0,10.6
GeorgySerga,12,https://github.com/GeorgySerga,User,False,3770.0,0.0,0.0,0,30,7,0,False,Angular,0.0,10.33
Splaktar,12,https://github.com/Splaktar,User,False,4392.0,0.0,0.0,0,30,377,21,False,Angular,0.0,12.03
chalin,12,https://github.com/chalin,User,False,4328.0,0.0,0.0,0,30,166,1,False,Angular,0.0,11.86
goderbauer,11,https://github.com/goderbauer,User,False,4828.0,0.0,0.0,0,30,595,86,False,Angular,0.0,13.23
FrederikSchlemmer,11,https://github.com/FrederikSchlemmer,User,False,2602.0,0.0,0.0,0,11,12,1,False,Angular,0.0,7.13
sbrshkappa,11,https://github.com/sbrshkappa,User,False,4308.0,11.0,4.0,24,30,2,2,False,Angular,0.36363636363636365,11.8
dimakuba,11,https://github.com/dimakuba,User,False,3425.0,30.0,12.0,30,30,6,0,False,Angular,0.4,9.38
ramthir,11,https://github.com/ramthir,User,False,3627.0,13.0,0.0,5,11,10,4,False,Angular,0.0,9.94
t-bowersox,11,https://github.com/t-bowersox,User,False,3607.0,30.0,30.0,30,3,1,0,False,Angular,1.0,9.88
garrettld,10,https://github.com/garrettld,User,False,3582.0,20.0,8.0,3,9,6,0,False,Angular,0.4,9.81
PowerKiKi,10,https://github.com/PowerKiKi,User,False,5791.0,30.0,30.0,30,30,185,3,False,Angular,1.0,15.87
hankduan,10,https://github.com/hankduan,User,False,4900.0,30.0,10.0,30,12,73,1,False,Angular,0.3333333333333333,13.42
SekibOmazic,10,https://github.com/SekibOmazic,User,False,4370.0,30.0,30.0,30,30,33,130,False,Angular,1.0,11.97
serpent5,9,https://github.com/serpent5,User,False,4102.0,30.0,30.0,30,5,46,28,False,Angular,1.0,11.24
jakovljevic-mladen,9,https://github.com/jakovljevic-mladen,User,False,2852.0,30.0,30.0,17,15,36,11,False,Angular,1.0,7.81
benbraou,9,https://github.com/benbraou,User,False,3437.0,0.0,0.0,0,22,23,80,False,Angular,0.0,9.42
4javier,9,https://github.com/4javier,User,False,5224.0,0.0,0.0,0,18,7,0,False,Angular,0.0,14.31
JeevanMahesha,9,https://github.com/JeevanMahesha,User,False,2611.0,0.0,0.0,0,18,42,3,False,Angular,0.0,7.15
joostme,9,https://github.com/joostme,User,False,3445.0,0.0,0.0,0,22,7,17,False,Angular,0.0,9.44
harryterkelsen,9,https://github.com/harryterkelsen,User,False,4602.0,0.0,0.0,0,11,117,14,False,Angular,0.0,12.61
AlirezaEbrahimkhani,8,https://github.com/AlirezaEbrahimkhani,User,False,2220.0,0.0,0.0,0,30,98,55,False,Angular,0.0,6.08
Goodwine,8,https://github.com/Goodwine,User,False,4592.0,0.0,0.0,0,19,15,20,False,Angular,0.0,12.58
sarunint,8,https://github.com/sarunint,User,False,4358.0,0.0,0.0,0,30,35,1,False,Angular,0.0,11.94
sdedieu,8,https://github.com/sdedieu,User,False,1935.0,26.0,10.0,20,30,10,2,False,Angular,0.38461538461538464,5.3
uraj,8,https://github.com/uraj,User,False,4834.0,30.0,20.0,17,23,31,12,False,Angular,0.6666666666666666,13.24
juleskremer,8,https://github.com/juleskremer,User,False,3529.0,21.0,12.0,1,5,27,5,False,Angular,0.5714285714285714,9.67
davidlj95,8,https://github.com/davidlj95,User,False,3882.0,30.0,30.0,30,30,82,5,False,Angular,1.0,10.64
chirayuk,8,https://github.com/chirayuk,User,False,5920.0,30.0,30.0,30,30,239,5,False,Angular,1.0,16.22
qmonmert,7,https://github.com/qmonmert,User,False,3733.0,30.0,30.0,30,30,19,0,False,Angular,1.0,10.23
swami-sanapathi,7,https://github.com/swami-sanapathi,User,False,2429.0,27.0,16.0,25,30,9,2,False,Angular,0.5925925925925926,6.65
divdavem,7,https://github.com/divdavem,User,False,4862.0,30.0,30.0,30,30,24,1,False,Angular,1.0,13.32
ilirbeqirii,7,https://github.com/ilirbeqirii,User,False,2977.0,30.0,30.0,21,30,5,0,False,Angular,1.0,8.16
bougwal,7,https://github.com/bougwal,User,False,1820.0,30.0,11.0,11,30,8,0,False,Angular,0.36666666666666664,4.99
macjohnny,7,https://github.com/macjohnny,User,False,4156.0,0.0,0.0,0,14,56,11,False,Angular,0.0,11.39
abarghoud,7,https://github.com/abarghoud,User,False,3492.0,0.0,0.0,0,16,6,26,False,Angular,0.0,9.57
stevermeister,7,https://github.com/stevermeister,User,False,4725.0,0.0,0.0,0,30,257,567,False,Angular,0.0,12.95
laskoviymishka,7,https://github.com/laskoviymishka,User,False,4483.0,0.0,0.0,0,30,33,13,False,Angular,0.0,12.28
rockument69,7,https://github.com/rockument69,User,False,2491.0,0.0,0.0,0,3,35,0,False,Angular,0.0,6.82
Rajendran-Balaji,7,https://github.com/Rajendran-Balaji,User,False,1282.0,0.0,0.0,0,5,0,7,False,Angular,0.0,3.51
9kubczas4,7,https://github.com/9kubczas4,User,False,2330.0,0.0,0.0,0,19,19,5,False,Angular,0.0,6.38
cironunes,7,https://github.com/cironunes,User,False,5216.0,30.0,30.0,30,30,873,175,False,Angular,1.0,14.29
khempenius,7,https://github.com/khempenius,User,False,4095.0,30.0,30.0,30,11,340,53,False,Angular,1.0,11.22
yousafnawaz,7,https://github.com/yousafnawaz,User,False,1235.0,10.0,2.0,6,22,0,0,False,Angular,0.2,3.38
ericmdantas,7,https://github.com/ericmdantas,User,False,3983.0,25.0,13.0,30,30,86,94,False,Angular,0.52,10.91
RafaelJCamara,6,https://github.com/RafaelJCamara,User,False,2067.0,30.0,30.0,30,30,6,0,False,Angular,1.0,5.66
jnizet,6,https://github.com/jnizet,User,False,4702.0,30.0,30.0,30,30,206,5,False,Angular,1.0,12.88
adeora,6,https://github.com/adeora,User,False,4348.0,14.0,8.0,30,14,32,53,False,Angular,0.5714285714285714,11.91
eltociear,6,https://github.com/eltociear,User,False,3056.0,0.0,0.0,0,30,0,17,False,Angular,0.0,8.37
kuncevic,6,https://github.com/kuncevic,User,False,4803.0,30.0,23.0,30,30,48,16,False,Angular,0.7666666666666667,13.16
Zuckjet,6,https://github.com/Zuckjet,User,False,3254.0,0.0,0.0,0,30,19,9,False,Angular,0.0,8.92
profanis,6,https://github.com/profanis,User,False,3982.0,0.0,0.0,0,30,140,131,False,Angular,0.0,10.91
alefra86,6,https://github.com/alefra86,User,False,3971.0,0.0,0.0,0,4,2,0,False,Angular,0.0,10.88
TrevorKarjanis,6,https://github.com/TrevorKarjanis,User,False,4537.0,0.0,0.0,0,30,3,3,False,Angular,0.0,12.43
realtomaszkula,6,https://github.com/realtomaszkula,User,False,3385.0,0.0,0.0,0,30,50,3,False,Angular,0.0,9.27
akib1997,6,https://github.com/akib1997,User,False,2160.0,0.0,0.0,0,30,27,5,False,Angular,0.0,5.92
rahatarmanahmed,6,https://github.com/rahatarmanahmed,User,False,4427.0,0.0,0.0,0,30,67,769,False,Angular,0.0,12.13
acohenOT,6,https://github.com/acohenOT,User,False,2616.0,13.0,6.0,30,0,1,0,False,Angular,0.46153846153846156,7.17
cesperian,6,https://github.com/cesperian,User,False,1824.0,11.0,2.0,9,8,0,5,False,Angular,0.18181818181818182,5.0
textbook,6,https://github.com/textbook,User,False,5028.0,30.0,30.0,30,30,193,101,False,Angular,1.0,13.78
cebor,6,https://github.com/cebor,User,False,4710.0,30.0,30.0,30,24,41,268,False,Angular,1.0,12.9
jrumandal,6,https://github.com/jrumandal,User,False,3029.0,7.0,1.0,3,11,16,2,False,Angular,0.14285714285714285,8.3
frigus02,6,https://github.com/frigus02,User,False,4387.0,30.0,30.0,30,30,62,9,False,Angular,1.0,12.02
gionkunz,6,https://github.com/gionkunz,User,False,4560.0,30.0,0.0,0,30,472,223,False,Angular,0.0,12.49
gjungb,6,https://github.com/gjungb,User,False,4404.0,0.0,0.0,0,30,19,2,False,Angular,0.0,12.07
GavinMK,6,https://github.com/GavinMK,User,False,2938.0,0.0,0.0,0,3,1,0,False,Angular,0.0,8.05
naaajii,5,https://github.com/naaajii,User,False,2006.0,0.0,0.0,0,9,2,0,False,Angular,0.0,5.5
web-dave,5,https://github.com/web-dave,User,False,3807.0,0.0,0.0,0,30,134,17,False,Angular,0.0,10.43
amcdnl,5,https://github.com/amcdnl,User,False,5445.0,0.0,0.0,0,30,1209,178,False,Angular,0.0,14.92
andrius-pra,5,https://github.com/andrius-pra,User,False,3255.0,0.0,0.0,0,20,2,0,False,Angular,0.0,8.92
BrianDouglasIE,5,https://github.com/BrianDouglasIE,User,False,330.0,0.0,0.0,0,17,5,20,False,Angular,0.0,0.9
yjaaidi,5,https://github.com/yjaaidi,User,False,4493.0,0.0,0.0,0,26,156,66,False,Angular,0.0,12.31
vyom1611,5,https://github.com/vyom1611,User,False,1206.0,0.0,0.0,0,30,2,10,False,Angular,0.0,3.3
waterplea,5,https://github.com/waterplea,User,False,3603.0,0.0,0.0,0,13,377,19,False,Angular,0.0,9.87
JLHwung,5,https://github.com/JLHwung,User,False,4383.0,0.0,0.0,0,30,410,3,False,Angular,0.0,12.01
MrJithil,5,https://github.com/MrJithil,User,False,2898.0,0.0,0.0,0,30,12,1,False,Angular,0.0,7.94
juristr,5,https://github.com/juristr,User,False,5161.0,30.0,30.0,30,30,985,520,False,Angular,1.0,14.14
NothingEverHappens,5,https://github.com/NothingEverHappens,User,False,5462.0,30.0,30.0,30,30,12,11,False,Angular,1.0,14.96
Teamop,5,https://github.com/Teamop,User,False,3831.0,30.0,30.0,30,29,5,5,False,Angular,1.0,10.5
krzysztof-grzybek,5,https://github.com/krzysztof-grzybek,User,False,4075.0,30.0,30.0,30,30,49,11,False,Angular,1.0,11.16
ChellappanRajan,5,https://github.com/ChellappanRajan,User,False,3039.0,30.0,30.0,30,30,33,4,False,Angular,1.0,8.33
bob-watson,5,https://github.com/bob-watson,User,False,1031.0,30.0,2.0,9,5,2,0,False,Angular,0.06666666666666667,2.82
chrisguttandin,5,https://github.com/chrisguttandin,User,False,5561.0,0.0,0.0,0,30,362,237,False,Angular,0.0,15.24
cyrilletuzi,5,https://github.com/cyrilletuzi,User,False,5151.0,0.0,0.0,0,8,122,864,False,Angular,0.0,14.11
literalpie,5,https://github.com/literalpie,User,False,3142.0,0.0,0.0,0,30,43,64,False,Angular,0.0,8.61
damingerdai,5,https://github.com/damingerdai,User,False,3345.0,0.0,0.0,0,30,28,5,False,Angular,0.0,9.16
dannyskoog,5,https://github.com/dannyskoog,User,False,5129.0,0.0,0.0,0,30,6,2,False,Angular,0.0,14.05
georgewilde,5,https://github.com/georgewilde,User,False,4335.0,0.0,0.0,0,30,8,31,False,Angular,0.0,11.88
hannahhoward,5,https://github.com/hannahhoward,User,False,4746.0,0.0,0.0,0,30,158,105,False,Angular,0.0,13.0
architect254,5,https://github.com/architect254,User,False,1951.0,0.0,0.0,0,20,13,2,False,Angular,0.0,5.35
jbedard,5,https://github.com/jbedard,User,False,5744.0,0.0,0.0,0,30,40,24,False,Angular,0.0,15.74
JohannesHoppe,5,https://github.com/JohannesHoppe,User,False,5103.0,0.0,0.0,0,30,0,79,False,Angular,0.0,13.98
johnnygerard,5,https://github.com/johnnygerard,User,False,1930.0,0.0,0.0,0,30,2,1,False,Angular,0.0,5.29
ktcd,5,https://github.com/ktcd,User,False,3401.0,0.0,0.0,0,4,4,132,False,Angular,0.0,9.32
markgoho,5,https://github.com/markgoho,User,False,3746.0,30.0,30.0,30,30,43,5,False,Angular,1.0,10.26
abergquist,5,https://github.com/abergquist,User,False,3975.0,30.0,20.0,30,18,1,0,False,Angular,0.6666666666666666,10.89
simonaco,5,https://github.com/simonaco,User,False,4711.0,30.0,30.0,30,30,698,10,False,Angular,1.0,12.91
timdeschryver,5,https://github.com/timdeschryver,User,False,2837.0,30.0,30.0,30,30,729,28,False,Angular,1.0,7.77
krp12345,5,https://github.com/krp12345,User,False,3127.0,15.0,4.0,14,6,0,0,False,Angular,0.26666666666666666,8.57
splincode,5,https://github.com/splincode,User,False,3591.0,30.0,30.0,30,30,338,44,False,Angular,1.0,9.84
DanielRuf,4,https://github.com/DanielRuf,User,False,5007.0,0.0,0.0,0,5,599,55,False,Angular,0.0,13.72
destus90,4,https://github.com/destus90,User,False,3256.0,0.0,0.0,0,26,4,0,False,Angular,0.0,8.92
lazarljubenovic,4,https://github.com/lazarljubenovic,User,False,3924.0,0.0,0.0,0,30,82,13,False,Angular,0.0,10.75
javatutorials2016,4,https://github.com/javatutorials2016,User,False,3200.0,0.0,0.0,0,25,0,1,False,Angular,0.0,8.77
dherges,4,https://github.com/dherges,User,False,4973.0,0.0,0.0,0,30,108,6,False,Angular,0.0,13.62
ericmartinezr,4,https://github.com/ericmartinezr,User,False,3525.0,0.0,0.0,0,10,43,5,False,Angular,0.0,9.66
cindygk,4,https://github.com/cindygk,User,False,1787.0,0.0,0.0,0,1,0,0,False,Angular,0.0,4.9
bmarkov,4,https://github.com/bmarkov,User,False,3152.0,0.0,0.0,0,28,18,10,False,Angular,0.0,8.64
asnowwolf,4,https://github.com/asnowwolf,User,False,4748.0,0.0,0.0,0,30,661,19,False,Angular,0.0,13.01
apocalyp0sys,4,https://github.com/apocalyp0sys,User,False,4707.0,0.0,0.0,0,19,2,3,False,Angular,0.0,12.9
huangw5,4,https://github.com/huangw5,User,False,5346.0,0.0,0.0,0,20,6,1,False,Angular,0.0,14.65
dloukadakis,4,https://github.com/dloukadakis,User,False,3561.0,0.0,0.0,0,0,3,0,False,Angular,0.0,9.76
thelgevold,4,https://github.com/thelgevold,User,False,5315.0,0.0,0.0,30,30,202,1122,False,Angular,0.0,14.56
theoklitosBam7,4,https://github.com/theoklitosBam7,User,False,2824.0,13.0,9.0,2,25,35,3,False,Angular,0.6923076923076923,7.74
cerkiner,4,https://github.com/cerkiner,User,False,4091.0,6.0,1.0,3,14,21,3,False,Angular,0.16666666666666666,11.21
brad,4,https://github.com/brad,User,False,6198.0,30.0,30.0,30,30,92,7,False,Angular,1.0,16.98
aravindfz,4,https://github.com/aravindfz,User,False,3075.0,13.0,6.0,30,30,31,8,False,Angular,0.46153846153846156,8.42
BeastCode,4,https://github.com/BeastCode,User,False,4523.0,20.0,6.0,25,30,13,0,False,Angular,0.3,12.39
HyperLife1119,4,https://github.com/HyperLife1119,User,False,2396.0,30.0,30.0,30,30,69,57,False,Angular,1.0,6.56
Wooshaah,4,https://github.com/Wooshaah,User,False,2885.0,0.0,0.0,0,2,0,0,False,Angular,0.0,7.9
alvarocjunq,4,https://github.com/alvarocjunq,User,False,3694.0,0.0,0.0,0,30,16,1,False,Angular,0.0,10.12
alexwolfe,4,https://github.com/alexwolfe,User,False,5264.0,0.0,0.0,0,20,214,5085,False,Angular,0.0,14.42
alcfeoh,4,https://github.com/alcfeoh,User,False,4265.0,0.0,0.0,0,30,225,21,False,Angular,0.0,11.68
AdityaK60,4,https://github.com/AdityaK60,User,False,614.0,0.0,0.0,0,12,0,0,False,Angular,0.0,1.68
srinathsree66,4,https://github.com/srinathsree66,User,False,893.0,0.0,0.0,0,30,2,3,False,Angular,0.0,2.45
sr5434,4,https://github.com/sr5434,User,False,819.0,0.0,0.0,0,30,8,5,False,Angular,0.0,2.24
rafaelss95,4,https://github.com/rafaelss95,User,False,3595.0,0.0,0.0,0,30,37,28,False,Angular,0.0,9.85
Potapy4,4,https://github.com/Potapy4,User,False,3217.0,0.0,0.0,0,5,52,1,False,Angular,0.0,8.81
Gourav102,4,https://github.com/Gourav102,User,False,3025.0,0.0,0.0,0,4,0,0,False,Angular,0.0,8.29
jasonchoimtt,4,https://github.com/jasonchoimtt,User,False,3775.0,0.0,0.0,0,13,10,71,False,Angular,0.0,10.34
harishkrishnan24,4,https://github.com/harishkrishnan24,User,False,2859.0,0.0,0.0,0,30,24,4,False,Angular,0.0,7.83
jamiekrug,4,https://github.com/jamiekrug,User,False,5399.0,16.0,5.0,8,9,41,22,False,Angular,0.3125,14.79
pickfire,4,https://github.com/pickfire,User,False,4266.0,30.0,30.0,30,30,154,19,False,Angular,1.0,11.69
peruukki,4,https://github.com/peruukki,User,False,4649.0,30.0,30.0,19,30,22,93,False,Angular,1.0,12.74
johnmanners,4,https://github.com/johnmanners,User,False,4876.0,4.0,0.0,0,1,0,0,False,Angular,0.0,13.36
kalbarczyk,4,https://github.com/kalbarczyk,User,False,4031.0,6.0,1.0,1,27,25,0,False,Angular,0.16666666666666666,11.04
Platonn,4,https://github.com/Platonn,User,False,4343.0,30.0,30.0,30,30,36,10,False,Angular,1.0,11.9
geoffbass,4,https://github.com/geoffbass,User,False,3973.0,30.0,30.0,0,28,57,2,False,Angular,1.0,10.88
HassenGaaya,4,https://github.com/HassenGaaya,User,False,5020.0,0.0,0.0,0,6,5,0,False,Angular,0.0,13.75
H--o-l,4,https://github.com/H--o-l,User,False,3661.0,0.0,0.0,0,30,2,1,False,Angular,0.0,10.03
frederikprijck,4,https://github.com/frederikprijck,User,False,4570.0,0.0,0.0,0,30,154,196,False,Angular,0.0,12.52
itslenny,4,https://github.com/itslenny,User,False,4206.0,0.0,0.0,0,30,47,109,False,Angular,0.0,11.52
fmalcher,4,https://github.com/fmalcher,User,False,4679.0,0.0,0.0,0,30,118,74,False,Angular,0.0,12.82
LucasSloan,4,https://github.com/LucasSloan,User,False,5704.0,0.0,0.0,0,30,11,16,False,Angular,0.0,15.63
sumitparakh,4,https://github.com/sumitparakh,User,False,4317.0,0.0,0.0,0,30,28,1,False,Angular,0.0,11.83
sigmundch,4,https://github.com/sigmundch,User,False,4588.0,0.0,0.0,0,30,58,22,False,Angular,0.0,12.57
shairez,4,https://github.com/shairez,User,False,4753.0,0.0,0.0,0,30,320,13,False,Angular,0.0,13.02
ScottSWu,4,https://github.com/ScottSWu,User,False,4384.0,0.0,0.0,0,30,53,1,False,Angular,0.0,12.01
sjelin,4,https://github.com/sjelin,User,False,4253.0,0.0,0.0,0,30,40,24,False,Angular,0.0,11.65
samjulien,4,https://github.com/samjulien,User,False,3916.0,30.0,30.0,12,30,221,56,False,Angular,1.0,10.73
samhrncir,4,https://github.com/samhrncir,User,False,2239.0,20.0,15.0,0,30,8,21,False,Angular,0.75,6.13
shavidze,4,https://github.com/shavidze,User,False,3014.0,30.0,30.0,9,30,17,17,False,Angular,1.0,8.26
romamatusevich,4,https://github.com/romamatusevich,User,False,4788.0,30.0,23.0,12,0,11,0,False,Angular,0.7666666666666667,13.12
robphoenix,4,https://github.com/robphoenix,User,False,3777.0,30.0,30.0,30,30,67,79,False,Angular,1.0,10.35
ladraum,4,https://github.com/ladraum,User,False,5788.0,5.0,4.0,9,29,21,22,False,Angular,0.8,15.86
piloopin,4,https://github.com/piloopin,User,False,4174.0,10.0,0.0,0,15,7,0,False,Angular,0.0,11.44
valorkin,4,https://github.com/valorkin,User,False,4882.0,0.0,0.0,0,30,328,14,False,Angular,0.0,13.38
MatthiasKunnen,4,https://github.com/MatthiasKunnen,User,False,3315.0,0.0,0.0,0,30,13,4,False,Angular,0.0,9.08
mlz11,4,https://github.com/mlz11,User,False,1194.0,0.0,0.0,0,9,4,0,False,Angular,0.0,3.27
lukasmatta,4,https://github.com/lukasmatta,User,False,4308.0,0.0,0.0,0,30,7,13,False,Angular,0.0,11.8
tamascsaba,3,https://github.com/tamascsaba,User,False,4394.0,0.0,0.0,0,30,52,10,False,Angular,0.0,12.04
jainanuj0812,3,https://github.com/jainanuj0812,User,False,3764.0,0.0,0.0,0,30,0,0,False,Angular,0.0,10.31
simonua,3,https://github.com/simonua,User,False,3887.0,0.0,0.0,0,2,8,0,False,Angular,0.0,10.65
shefalisinha,3,https://github.com/shefalisinha,User,False,4273.0,0.0,0.0,0,1,1,0,False,Angular,0.0,11.71
ShaviPathania,3,https://github.com/ShaviPathania,User,False,4231.0,0.0,0.0,0,7,2,0,False,Angular,0.0,11.59
FrankiePo,3,https://github.com/FrankiePo,User,False,4205.0,0.0,0.0,0,30,14,0,False,Angular,0.0,11.52
seabasso,3,https://github.com/seabasso,User,False,2000.0,2.0,0.0,0,3,0,0,False,Angular,0.0,5.48
SamVerschueren,3,https://github.com/SamVerschueren,User,False,4612.0,30.0,30.0,30,30,755,968,False,Angular,1.0,12.64
saifabusaleh,3,https://github.com/saifabusaleh,User,False,3412.0,30.0,30.0,17,30,9,18,False,Angular,1.0,9.35
SahulKola,3,https://github.com/SahulKola,User,False,2449.0,15.0,7.0,0,30,2,2,False,Angular,0.4666666666666667,6.71
rixrix,3,https://github.com/rixrix,User,False,5926.0,30.0,30.0,30,30,35,3,False,Angular,1.0,16.24
nebulou5,3,https://github.com/nebulou5,User,False,4011.0,30.0,16.0,17,30,25,21,False,Angular,0.5333333333333333,10.99
renanmontebelo,3,https://github.com/renanmontebelo,User,False,3631.0,0.0,0.0,0,4,0,0,False,Angular,0.0,9.95
piotrtomiak,3,https://github.com/piotrtomiak,User,False,4316.0,0.0,0.0,0,30,34,4,False,Angular,0.0,11.82
ochafik,3,https://github.com/ochafik,User,False,5395.0,0.0,0.0,0,30,266,6,False,Angular,0.0,14.78
Nicoss54,3,https://github.com/Nicoss54,User,False,2986.0,0.0,0.0,0,24,35,7,False,Angular,0.0,8.18
amayer42,3,https://github.com/amayer42,User,False,4150.0,0.0,0.0,0,3,0,0,False,Angular,0.0,11.37
alexcastillo,3,https://github.com/alexcastillo,User,False,4849.0,0.0,0.0,0,30,388,262,False,Angular,0.0,13.28
zverbeta,3,https://github.com/zverbeta,User,False,4073.0,0.0,0.0,0,11,31,0,False,Angular,0.0,11.16
Yerkon,3,https://github.com/Yerkon,User,False,4342.0,0.0,0.0,0,26,14,1,False,Angular,0.0,11.9
mhartington,3,https://github.com/mhartington,User,False,4472.0,0.0,0.0,0,30,1453,25,False,Angular,0.0,12.25
maxime-allex,3,https://github.com/maxime-allex,User,False,4769.0,0.0,0.0,0,10,2,4,False,Angular,0.0,13.07
kirjs,3,https://github.com/kirjs,User,False,4510.0,0.0,0.0,0,30,196,41,False,Angular,0.0,12.36
keertip,3,https://github.com/keertip,User,False,4562.0,0.0,0.0,0,30,17,0,False,Angular,0.0,12.5
jithil-kore,3,https://github.com/jithil-kore,User,False,2298.0,5.0,1.0,0,8,1,0,False,Angular,0.2,6.3
yharaskrik,3,https://github.com/yharaskrik,User,False,3762.0,30.0,30.0,30,30,70,6,False,Angular,1.0,10.31
gary-b,3,https://github.com/gary-b,User,False,4714.0,23.0,6.0,17,11,36,13,False,Angular,0.2608695652173913,12.92
ejcheng,3,https://github.com/ejcheng,User,False,1680.0,30.0,30.0,30,30,106,22,False,Angular,1.0,4.6
aschaap,3,https://github.com/aschaap,User,False,3800.0,0.0,0.0,0,29,7,9,False,Angular,0.0,10.41
arielbackenroth,3,https://github.com/arielbackenroth,User,False,5347.0,0.0,0.0,0,3,2,5,False,Angular,0.0,14.65
voithos,3,https://github.com/voithos,User,False,5050.0,0.0,0.0,0,30,52,152,False,Angular,0.0,13.84
yallen011,3,https://github.com/yallen011,User,False,3469.0,0.0,0.0,0,28,14,3,False,Angular,0.0,9.5
YuliaTsareva,3,https://github.com/YuliaTsareva,User,False,3870.0,0.0,0.0,0,19,30,9,False,Angular,0.0,10.6
wesleycho,3,https://github.com/wesleycho,User,False,4672.0,0.0,0.0,0,30,251,166,False,Angular,0.0,12.8
wartab,3,https://github.com/wartab,User,False,3754.0,0.0,0.0,0,23,10,1,False,Angular,0.0,10.28
vsmenon,3,https://github.com/vsmenon,User,False,4575.0,0.0,0.0,0,22,54,14,False,Angular,0.0,12.53
urish,3,https://github.com/urish,User,False,4977.0,0.0,0.0,0,30,1285,3044,False,Angular,0.0,13.64
teropa,3,https://github.com/teropa,User,False,5871.0,0.0,0.0,0,30,1312,909,False,Angular,0.0,16.08
vandycknick,3,https://github.com/vandycknick,User,False,4043.0,0.0,0.0,0,30,31,43,False,Angular,0.0,11.08
alpha-mouse,3,https://github.com/alpha-mouse,User,False,4455.0,0.0,0.0,0,12,3,15,False,Angular,0.0,12.21
EzyHow,3,https://github.com/EzyHow,User,False,3500.0,0.0,0.0,0,15,0,6,False,Angular,0.0,9.59
grrd01,3,https://github.com/grrd01,User,False,4204.0,0.0,0.0,0,13,16,49,False,Angular,0.0,11.52
thorn0,3,https://github.com/thorn0,User,False,5729.0,0.0,0.0,0,30,84,111,False,Angular,0.0,15.7
Fank,3,https://github.com/Fank,User,False,4617.0,0.0,0.0,0,30,112,5,False,Angular,0.0,12.65
amilamen,3,https://github.com/amilamen,User,False,2238.0,0.0,0.0,0,30,542,10,False,Angular,0.0,6.13
LuxDie,3,https://github.com/LuxDie,User,False,3560.0,0.0,0.0,0,4,3,0,False,Angular,0.0,9.75
EmmanuelDemey,3,https://github.com/EmmanuelDemey,User,False,5151.0,0.0,0.0,0,30,148,34,False,Angular,0.0,14.11
DMezhenskyi,3,https://github.com/DMezhenskyi,User,False,3826.0,0.0,13.0,0,30,702,193,False,Angular,0.0,10.48
BendingBender,3,https://github.com/BendingBender,User,False,4255.0,0.0,0.0,0,30,193,7,False,Angular,0.0,11.66
davidreher,3,https://github.com/davidreher,User,False,4349.0,0.0,0.0,0,16,4,2,False,Angular,0.0,11.92
graveto,3,https://github.com/graveto,User,False,4594.0,0.0,0.0,0,30,30,1,False,Angular,0.0,12.59
puckowski,3,https://github.com/puckowski,User,False,4444.0,0.0,0.0,0,30,7,3,False,Angular,0.0,12.18
cassand,3,https://github.com/cassand,User,False,3776.0,0.0,0.0,0,7,11,1,False,Angular,0.0,10.35
benelliott,3,https://github.com/benelliott,User,False,4237.0,0.0,0.0,0,30,25,2,False,Angular,0.0,11.61
ToneyPK,3,https://github.com/ToneyPK,User,False,4558.0,0.0,0.0,0,4,7,0,False,Angular,0.0,12.49
awerlang,3,https://github.com/awerlang,User,False,5133.0,0.0,0.0,0,30,38,94,False,Angular,0.0,14.06
andreialecu,3,https://github.com/andreialecu,User,False,5073.0,0.0,0.0,0,30,97,6,False,Angular,0.0,13.9
obenjiro,3,https://github.com/obenjiro,User,False,4654.0,0.0,0.0,0,30,298,233,False,Angular,0.0,12.75
alejandrocuba,3,https://github.com/alejandrocuba,User,False,4067.0,0.0,0.0,0,23,12,6,False,Angular,0.0,11.14
aramirezj,3,https://github.com/aramirezj,User,False,2151.0,0.0,0.0,0,27,8,6,False,Angular,0.0,5.89
aahmedayed,3,https://github.com/aahmedayed,User,False,3371.0,0.0,0.0,0,3,10,0,False,Angular,0.0,9.24
adrienboulle,3,https://github.com/adrienboulle,User,False,3444.0,0.0,0.0,0,30,7,8,False,Angular,0.0,9.44
purezen,3,https://github.com/purezen,User,False,4448.0,30.0,19.0,30,30,20,0,False,Angular,0.6333333333333333,12.19
nicholasp,3,https://github.com/nicholasp,User,False,4984.0,4.0,1.0,12,10,7,0,False,Angular,0.25,13.65
nelsongutidev,3,https://github.com/nelsongutidev,User,False,1797.0,30.0,30.0,12,30,36,15,False,Angular,1.0,4.92
Brocco,3,https://github.com/Brocco,User,False,4714.0,30.0,30.0,30,30,273,5,False,Angular,1.0,12.92
mgol,3,https://github.com/mgol,User,False,4654.0,30.0,30.0,30,30,855,117,False,Angular,1.0,12.75
mmaterowski,3,https://github.com/mmaterowski,User,False,3016.0,9.0,5.0,1,9,4,2,False,Angular,0.5555555555555556,8.26
mvdluit,3,https://github.com/mvdluit,User,False,4389.0,0.0,0.0,0,8,9,0,False,Angular,0.0,12.02
msmallest,3,https://github.com/msmallest,User,False,1350.0,0.0,0.0,0,21,6,1,False,Angular,0.0,3.7
heathkit,3,https://github.com/heathkit,User,False,6129.0,0.0,0.0,0,30,169,22,False,Angular,0.0,16.79
michaelgeorgeattard,3,https://github.com/michaelgeorgeattard,User,False,4134.0,0.0,0.0,0,30,12,1,False,Angular,0.0,11.33
melroy89,3,https://github.com/melroy89,User,False,5110.0,0.0,0.0,0,30,115,4,False,Angular,0.0,14.0
mattlewis92,3,https://github.com/mattlewis92,User,False,4048.0,0.0,0.0,0,30,915,4158,False,Angular,0.0,11.09
CrazyPython,3,https://github.com/CrazyPython,User,False,4535.0,0.0,0.0,0,30,38,5,False,Angular,0.0,12.42
JelleBruisten,3,https://github.com/JelleBruisten,User,False,4320.0,0.0,0.0,0,22,1,8,False,Angular,0.0,11.84
jesselpalmer,3,https://github.com/jesselpalmer,User,False,5081.0,0.0,0.0,0,30,303,22,False,Angular,0.0,13.92
JimMorrison723,3,https://github.com/JimMorrison723,User,False,5190.0,0.0,0.0,0,6,21,6,False,Angular,0.0,14.22
Julien-Marcou,3,https://github.com/Julien-Marcou,User,False,4303.0,0.0,0.0,0,25,32,283,False,Angular,0.0,11.79
jsaguet,3,https://github.com/jsaguet,User,False,2142.0,0.0,0.0,0,20,4,15,False,Angular,0.0,5.87
matanlurey,3,https://github.com/matanlurey,User,False,5542.0,30.0,30.0,30,30,503,70,False,Angular,1.0,15.18
Marcono1234,3,https://github.com/Marcono1234,User,False,3614.0,30.0,30.0,30,30,93,131,False,Angular,1.0,9.9
luishcastroc,3,https://github.com/luishcastroc,User,False,3481.0,18.0,15.0,14,30,8,13,False,Angular,0.8333333333333334,9.54
luangong,3,https://github.com/luangong,User,False,4628.0,30.0,30.0,30,30,11,3,False,Angular,1.0,12.68
skreborn,3,https://github.com/skreborn,User,False,4830.0,29.0,24.0,26,23,13,9,False,Angular,0.8275862068965517,13.23
leosvelperez,3,https://github.com/leosvelperez,User,False,3589.0,30.0,30.0,30,30,63,43,False,Angular,1.0,9.83
constantant,3,https://github.com/constantant,User,False,4162.0,0.0,0.0,0,30,3,0,False,Angular,0.0,11.4
Clashsoft,2,https://github.com/Clashsoft,User,False,4327.0,0.0,0.0,0,30,40,59,False,Angular,0.0,11.85
ahnpnl,2,https://github.com/ahnpnl,User,False,2860.0,0.0,0.0,0,30,58,23,False,Angular,0.0,7.84
albertosantini,2,https://github.com/albertosantini,User,False,5335.0,0.0,0.0,0,24,139,827,False,Angular,0.0,14.62
A7xSV,2,https://github.com/A7xSV,User,False,2787.0,0.0,0.0,0,18,14,4,False,Angular,0.0,7.64
alyssamichelle,2,https://github.com/alyssamichelle,User,False,4901.0,0.0,0.0,0,30,249,23,False,Angular,0.0,13.43
ameryousuf,2,https://github.com/ameryousuf,User,False,2297.0,0.0,0.0,0,10,0,0,False,Angular,0.0,6.29
amitauras,2,https://github.com/amitauras,User,False,3900.0,0.0,0.0,0,14,0,1,False,Angular,0.0,10.68
Ana06,2,https://github.com/Ana06,User,False,3369.0,0.0,0.0,0,30,517,133,False,Angular,0.0,9.23
and-oli,2,https://github.com/and-oli,User,False,2944.0,0.0,0.0,0,30,17,2,False,Angular,0.0,8.07
antonmoiseev,2,https://github.com/antonmoiseev,User,False,5511.0,30.0,30.0,30,30,52,46,False,Angular,1.0,15.1
mzabriskie,314,https://github.com/mzabriskie,User,False,5488.0,22.0,17.0,30,30,1972,66,True,axios,0.7727272727272727,15.04
nickuraltsev,177,https://github.com/nickuraltsev,User,False,4061.0,30.0,30.0,12,27,268,184,False,axios,1.0,11.13
DigitalBrainJS,159,https://github.com/DigitalBrainJS,User,False,3556.0,30.0,30.0,8,26,110,89,False,axios,1.0,9.74
jasonsaayman,151,https://github.com/jasonsaayman,User,False,4254.0,30.0,30.0,14,0,207,0,True,axios,1.0,11.65
emilyemorehouse,31,https://github.com/emilyemorehouse,User,False,4314.0,30.0,30.0,30,30,762,112,True,axios,1.0,11.82
rubennorte,16,https://github.com/rubennorte,User,False,5658.0,0.0,0.0,0,30,425,106,True,axios,0.0,15.5
JustinBeckwith,16,https://github.com/JustinBeckwith,User,False,5169.0,0.0,0.0,0,30,688,42,False,axios,0.0,14.16
codeclown,14,https://github.com/codeclown,User,False,5469.0,0.0,0.0,0,30,69,157,False,axios,0.0,14.98
chinesedfan,13,https://github.com/chinesedfan,User,False,4661.0,0.0,0.0,0,30,127,12,False,axios,0.0,12.77
RikkiGibson,10,https://github.com/RikkiGibson,User,False,4125.0,0.0,0.0,0,30,95,15,False,axios,0.0,11.3
remcohaszing,10,https://github.com/remcohaszing,User,False,5031.0,0.0,0.0,0,30,309,92,False,axios,0.0,13.78
yasuf,7,https://github.com/yasuf,User,False,3980.0,0.0,0.0,0,30,26,0,False,axios,0.0,10.9
carpben,7,https://github.com/carpben,User,False,3494.0,0.0,0.0,0,30,21,1,False,axios,0.0,9.57
timemachine3030,6,https://github.com/timemachine3030,User,False,5325.0,0.0,0.0,0,30,45,7,False,axios,0.0,14.59
idan,6,https://github.com/idan,User,True,6012.0,0.0,0.0,0,30,1081,147,False,axios,0.0,16.47
jtangelder,5,https://github.com/jtangelder,User,False,4821.0,0.0,0.0,0,30,367,124,False,axios,0.0,13.21
Gerhut,4,https://github.com/Gerhut,User,False,4516.0,0.0,0.0,0,30,173,189,False,axios,0.0,12.37
bomsy,4,https://github.com/bomsy,User,False,5024.0,0.0,0.0,0,30,41,106,False,axios,0.0,13.76
felipewmartins,4,https://github.com/felipewmartins,User,False,4207.0,0.0,0.0,0,30,28,3,False,axios,0.0,11.53
Cadienvan,4,https://github.com/Cadienvan,User,False,4168.0,0.0,0.0,0,30,171,96,False,axios,0.0,11.42
staticinstance,3,https://github.com/staticinstance,User,False,4267.0,0.0,0.0,0,30,11,16,False,axios,0.0,11.69
arthurfiorette,3,https://github.com/arthurfiorette,User,False,2197.0,0.0,0.0,0,30,537,783,False,axios,0.0,6.02
38elements,3,https://github.com/38elements,User,False,4530.0,0.0,0.0,0,30,30,15,False,axios,0.0,12.41
ctimmerm,3,https://github.com/ctimmerm,User,False,5910.0,0.0,0.0,0,10,21,3486,False,axios,0.0,16.19
Kosta-Github,3,https://github.com/Kosta-Github,User,False,4512.0,0.0,0.0,0,4,30,47,False,axios,0.0,12.36
mbargiel,3,https://github.com/mbargiel,User,False,4689.0,0.0,0.0,0,14,1,0,False,axios,0.0,12.85
WillianAgostini,3,https://github.com/WillianAgostini,User,False,3054.0,0.0,0.0,0,30,26,28,False,axios,0.0,8.37
naveensrinivasan,2,https://github.com/naveensrinivasan,User,False,5530.0,30.0,30.0,30,30,170,0,False,axios,1.0,15.15
penance316,2,https://github.com/penance316,User,False,3960.0,9.0,9.0,14,30,4,38,False,axios,1.0,10.85
bttmly,2,https://github.com/bttmly,User,False,4398.0,30.0,30.0,30,30,162,21,False,axios,1.0,12.05
nnarhinen,2,https://github.com/nnarhinen,User,False,5401.0,30.0,30.0,30,30,53,28,False,axios,1.0,14.8
phloose,2,https://github.com/phloose,User,False,2530.0,0.0,0.0,0,18,2,23,False,axios,0.0,6.93
Punit-wingify,2,https://github.com/Punit-wingify,User,False,2726.0,0.0,0.0,0,4,0,0,False,axios,0.0,7.47
rijkvanzanten,2,https://github.com/rijkvanzanten,User,False,3782.0,0.0,0.0,0,30,830,25,False,axios,0.0,10.36
amitsainii,2,https://github.com/amitsainii,User,False,1851.0,0.0,0.0,0,10,7,7,False,axios,0.0,5.07
rogeriochaves,2,https://github.com/rogeriochaves,User,False,5024.0,0.0,0.0,0,30,342,87,False,axios,0.0,13.76
shreem-123,2,https://github.com/shreem-123,User,False,1155.0,0.0,0.0,0,30,20,0,False,axios,0.0,3.16
cprayer,2,https://github.com/cprayer,User,False,2978.0,0.0,0.0,0,20,31,3,False,axios,0.0,8.16
reggi,2,https://github.com/reggi,User,True,5371.0,0.0,0.0,0,30,265,16,False,axios,0.0,14.72
tomaash,2,https://github.com/tomaash,User,False,6042.0,0.0,0.0,0,30,99,26,False,axios,0.0,16.55
techbirds,2,https://github.com/techbirds,User,False,4401.0,0.0,0.0,0,30,41,14,False,axios,0.0,12.06
jcready,2,https://github.com/jcready,User,False,5305.0,0.0,0.0,0,30,27,4,False,axios,0.0,14.53
arpit2438735,2,https://github.com/arpit2438735,User,False,5269.0,0.0,0.0,0,30,11,22,False,axios,0.0,14.44
ruchigoyal2005,2,https://github.com/ruchigoyal2005,User,False,4356.0,2.0,2.0,7,6,0,0,False,axios,1.0,11.93
zh-lx,2,https://github.com/zh-lx,User,False,1582.0,30.0,30.0,30,26,365,6642,False,axios,1.0,4.33
grumblerchester,2,https://github.com/grumblerchester,User,False,368.0,0.0,0.0,0,0,0,0,False,axios,0.0,1.01
torarnek,2,https://github.com/torarnek,User,False,5385.0,15.0,8.0,30,27,15,4,False,axios,0.5333333333333333,14.75
ajcrites,2,https://github.com/ajcrites,User,False,4790.0,30.0,30.0,30,30,86,9,False,axios,1.0,13.12
ascott18,2,https://github.com/ascott18,User,False,4233.0,30.0,30.0,30,30,30,3,False,axios,1.0,11.6
anthwinter,2,https://github.com/anthwinter,User,False,4295.0,10.0,8.0,15,12,6,3,False,axios,0.8,11.77
anthonygauthier,2,https://github.com/anthonygauthier,User,False,4016.0,30.0,30.0,25,30,64,322,False,axios,1.0,11.0
avindra,2,https://github.com/avindra,User,False,5634.0,30.0,30.0,30,30,161,74,False,axios,1.0,15.44
BlackHole1,2,https://github.com/BlackHole1,User,False,3866.0,30.0,30.0,30,30,821,145,False,axios,1.0,10.59
caugner,2,https://github.com/caugner,User,False,5198.0,0.0,0.0,0,30,75,2,False,axios,0.0,14.24
dandv,2,https://github.com/dandv,User,False,5942.0,0.0,0.0,0,30,671,1,False,axios,0.0,16.28
djs113,2,https://github.com/djs113,User,False,1402.0,0.0,0.0,0,15,10,0,False,axios,0.0,3.84
davidfou,2,https://github.com/davidfou,User,False,4540.0,0.0,0.0,0,30,16,41,False,axios,0.0,12.44
lpizzinidev,2,https://github.com/lpizzinidev,User,False,3416.0,0.0,0.0,0,30,21,23,False,axios,0.0,9.36
koh110,2,https://github.com/koh110,User,False,4619.0,0.0,0.0,0,30,36,27,False,axios,0.0,12.65
Khaledgarbaya,2,https://github.com/Khaledgarbaya,User,False,4861.0,0.0,0.0,0,30,279,17,False,axios,0.0,13.32
joaoGabriel55,2,https://github.com/joaoGabriel55,User,False,3032.0,0.0,0.0,0,30,67,6,False,axios,0.0,8.31
josh-egan,2,https://github.com/josh-egan,User,False,4043.0,0.0,0.0,0,30,5,7,False,axios,0.0,11.08
Jarlotee,2,https://github.com/Jarlotee,User,False,3747.0,0.0,0.0,30,13,7,7,False,axios,0.0,10.27
Baoyx007,2,https://github.com/Baoyx007,User,False,4813.0,30.0,23.0,30,30,56,22,False,axios,0.7666666666666667,13.19
lachenmayer,2,https://github.com/lachenmayer,User,False,5916.0,30.0,30.0,30,30,118,79,False,axios,1.0,16.21
fgnass,2,https://github.com/fgnass,User,False,5743.0,30.0,30.0,30,30,442,1116,False,axios,1.0,15.73
dericcain,2,https://github.com/dericcain,User,False,2638.0,30.0,30.0,30,30,25,23,False,axios,1.0,7.23
Deamon87,2,https://github.com/Deamon87,User,False,4943.0,30.0,30.0,17,29,27,99,False,axios,1.0,13.54
rafaelrenanpacheco,1,https://github.com/rafaelrenanpacheco,User,False,3581.0,30.0,30.0,30,10,35,25,False,axios,1.0,9.81
raihan71,1,https://github.com/raihan71,User,False,2723.0,30.0,30.0,8,30,150,4,False,axios,1.0,7.46
rayrutjes,1,https://github.com/rayrutjes,User,False,4158.0,0.0,0.0,0,30,0,18,False,axios,0.0,11.39
renancaraujo,1,https://github.com/renancaraujo,User,False,4016.0,30.0,30.0,30,30,835,87,False,axios,1.0,11.0
risa,1,https://github.com/risa,User,False,4604.0,7.0,6.0,0,19,1,0,False,axios,0.8571428571428571,12.61
therealrinku,1,https://github.com/therealrinku,User,False,1506.0,0.0,0.0,0,25,11,45,False,axios,0.0,4.13
Rishi556,1,https://github.com/Rishi556,User,False,3685.0,0.0,0.0,0,30,28,12,False,axios,0.0,10.1
robaxelsen,1,https://github.com/robaxelsen,User,False,3518.0,0.0,0.0,0,30,100,6,False,axios,0.0,9.64
fridzema,1,https://github.com/fridzema,User,False,3868.0,0.0,0.0,0,30,165,1,False,axios,0.0,10.6
ImRodry,1,https://github.com/ImRodry,User,False,2504.0,0.0,0.0,0,20,47,5,False,axios,0.0,6.86
Rossolson,1,https://github.com/Rossolson,User,False,3999.0,0.0,0.0,0,30,4,0,False,axios,0.0,10.96
styfle,1,https://github.com/styfle,User,False,5442.0,0.0,0.0,0,30,2744,4106,False,axios,0.0,14.91
sfc-gh-pmotacki,1,https://github.com/sfc-gh-pmotacki,User,False,650.0,30.0,30.0,4,1,0,0,False,axios,1.0,1.78
precto1285,1,https://github.com/precto1285,User,False,2649.0,30.0,30.0,0,30,3,2,False,axios,1.0,7.26
piiih,1,https://github.com/piiih,User,False,3881.0,18.0,12.0,3,22,30,11,False,axios,0.6666666666666666,10.63
latentflip,1,https://github.com/latentflip,User,False,5774.0,30.0,30.0,30,30,3849,27,False,axios,1.0,15.82
1pm,1,https://github.com/1pm,User,False,3856.0,1.0,1.0,0,6,0,0,False,axios,1.0,10.56
Jezorko,1,https://github.com/Jezorko,User,False,3227.0,30.0,30.0,30,23,15,11,False,axios,1.0,8.84
psmoros,1,https://github.com/psmoros,User,False,3296.0,7.0,4.0,30,30,48,3,False,axios,0.5714285714285714,9.03
pavan168,1,https://github.com/pavan168,User,False,4692.0,0.0,0.0,0,30,0,16,False,axios,0.0,12.85
PauloRSF,1,https://github.com/PauloRSF,User,False,2151.0,21.0,18.0,10,16,35,2,False,axios,0.8571428571428571,5.89
patrick-petrovic,1,https://github.com/patrick-petrovic,User,False,3811.0,30.0,30.0,4,26,37,81,False,axios,1.0,10.44
Parth0105,1,https://github.com/Parth0105,User,False,1822.0,0.0,0.0,0,30,8,3,False,axios,0.0,4.99
npiyush97,1,https://github.com/npiyush97,User,False,2326.0,0.0,0.0,0,30,3,0,False,axios,0.0,6.37
jennings,1,https://github.com/jennings,User,False,5999.0,0.0,0.0,0,30,23,5,False,axios,0.0,16.44
zcei,1,https://github.com/zcei,User,False,4671.0,0.0,0.0,0,30,85,7,False,axios,0.0,12.8
NoriSte,1,https://github.com/NoriSte,User,False,5528.0,0.0,0.0,0,30,374,831,False,axios,0.0,15.15
sazzy4o,1,https://github.com/sazzy4o,User,False,3679.0,0.0,0.0,0,30,1,10,False,axios,0.0,10.08
simoneb,1,https://github.com/simoneb,User,False,6034.0,0.0,0.0,0,30,191,1906,False,axios,0.0,16.53
siddharthkp,1,https://github.com/siddharthkp,User,True,4626.0,0.0,0.0,0,30,3096,9527,False,axios,0.0,12.67
shrivalidutt,1,https://github.com/shrivalidutt,User,False,480.0,0.0,0.0,0,25,5,0,False,axios,0.0,1.32
Shivam-Batham,1,https://github.com/Shivam-Batham,User,False,830.0,0.0,0.0,0,30,7,1,False,axios,0.0,2.27
ueokande,1,https://github.com/ueokande,User,False,5169.0,30.0,30.0,30,30,124,81,False,axios,1.0,14.16
shaymolcho,1,https://github.com/shaymolcho,User,False,446.0,30.0,18.0,1,30,2,30,False,axios,0.6,1.22
Fitzpasd,1,https://github.com/Fitzpasd,User,False,4805.0,0.0,0.0,0,24,0,9,False,axios,0.0,13.16
kimrgrey,1,https://github.com/kimrgrey,User,False,4993.0,25.0,21.0,30,30,21,5,False,axios,0.84,13.68
fb-sean,1,https://github.com/fb-sean,User,False,1611.0,29.0,25.0,19,30,31,18,False,axios,0.8620689655172413,4.41
SashaKoro,1,https://github.com/SashaKoro,User,False,3049.0,10.0,7.0,2,20,8,0,False,axios,0.7,8.35
MarshallOfSound,1,https://github.com/MarshallOfSound,User,False,4024.0,30.0,30.0,30,30,1931,31,False,axios,1.0,11.02
stscoundrel,1,https://github.com/stscoundrel,User,False,3164.0,30.0,30.0,30,30,17,15,False,axios,1.0,8.67
sufuf3,1,https://github.com/sufuf3,User,False,3849.0,30.0,30.0,30,30,238,9,False,axios,1.0,10.55
ThatGuySam,1,https://github.com/ThatGuySam,User,False,4472.0,26.0,15.0,30,30,166,14,False,axios,0.5769230769230769,12.25
slmn-sh,1,https://github.com/slmn-sh,User,False,2872.0,0.0,0.0,0,30,42,63,False,axios,0.0,7.87
SAGARACH65,1,https://github.com/SAGARACH65,User,False,2997.0,0.0,0.0,0,30,24,1,False,axios,0.0,8.21
paveg,1,https://github.com/paveg,User,False,3549.0,0.0,0.0,0,30,15,10,False,axios,0.0,9.72
rbown,1,https://github.com/rbown,User,False,3347.0,0.0,0.0,0,4,1,0,False,axios,0.0,9.17
estarossa0,1,https://github.com/estarossa0,User,False,1941.0,0.0,0.0,0,26,141,102,False,axios,0.0,5.32
m1guelpf,1,https://github.com/m1guelpf,User,False,3012.0,0.0,0.0,0,30,3285,8575,False,axios,0.0,8.25
michalzaq12,1,https://github.com/michalzaq12,User,False,2840.0,0.0,0.0,0,17,37,800,False,axios,0.0,7.78
GethosTheWalrus,1,https://github.com/GethosTheWalrus,User,False,3924.0,0.0,0.0,0,24,4,3,False,axios,0.0,10.75
jmmk,1,https://github.com/jmmk,User,False,4876.0,0.0,0.0,0,27,16,160,False,axios,0.0,13.36
mmarvick,1,https://github.com/mmarvick,User,False,4357.0,13.0,9.0,30,21,9,3,False,axios,0.6923076923076923,11.94
michael-land,1,https://github.com/michael-land,User,False,2661.0,30.0,27.0,30,30,12,0,False,axios,0.9,7.29
MichaelFoss,1,https://github.com/MichaelFoss,User,False,4710.0,30.0,26.0,26,30,3,2,False,axios,0.8666666666666667,12.9
mastermatt,1,https://github.com/mastermatt,User,False,4478.0,30.0,30.0,30,30,26,1,False,axios,1.0,12.27
mdlavin,1,https://github.com/mdlavin,User,False,5690.0,30.0,30.0,27,30,46,51,False,axios,1.0,15.59
MattCCC,1,https://github.com/MattCCC,User,False,3487.0,30.0,30.0,30,30,10,64,False,axios,1.0,9.55
Maskedman99,1,https://github.com/Maskedman99,User,False,2731.0,30.0,30.0,27,15,15,16,False,axios,1.0,7.48
martinjoiner,1,https://github.com/martinjoiner,User,False,4645.0,17.0,13.0,27,22,13,18,False,axios,0.7647058823529411,12.73
marlonbarcarol,1,https://github.com/marlonbarcarol,User,False,3819.0,30.0,7.0,6,17,24,4,False,axios,0.23333333333333334,10.46
mvdnbrk,1,https://github.com/mvdnbrk,User,False,5020.0,30.0,30.0,30,30,68,78,False,axios,1.0,13.75
bimbiltu,1,https://github.com/bimbiltu,User,False,2617.0,0.0,0.0,0,6,1,0,False,axios,0.0,7.17
mrcwbr,1,https://github.com/mrcwbr,User,False,2145.0,0.0,0.0,0,12,5,23,False,axios,0.0,5.88
marcelometal,1,https://github.com/marcelometal,User,False,5090.0,0.0,0.0,0,30,166,4,False,axios,0.0,13.95
mawrkus,1,https://github.com/mawrkus,User,False,5126.0,0.0,0.0,0,30,108,2041,False,axios,0.0,14.04
ManoelLobo,1,https://github.com/ManoelLobo,User,False,3797.0,0.0,0.0,0,30,16,3,False,axios,0.0,10.4
me4502,1,https://github.com/me4502,User,False,5157.0,0.0,0.0,0,30,266,47,False,axios,0.0,14.13
lukepolo,1,https://github.com/lukepolo,User,False,4584.0,0.0,0.0,0,30,59,611,False,axios,0.0,12.56
lukashroch,1,https://github.com/lukashroch,User,False,5451.0,0.0,0.0,0,22,8,2,False,axios,0.0,14.93
heloflier,1,https://github.com/heloflier,User,False,2948.0,0.0,0.0,0,30,1,0,False,axios,0.0,8.08
ordinarycas,1,https://github.com/ordinarycas,User,False,3230.0,8.0,6.0,3,26,19,4,False,axios,0.75,8.85
norbertsongin,1,https://github.com/norbertsongin,User,False,3949.0,19.0,15.0,12,2,3,0,False,axios,0.7894736842105263,10.82
NitinRamnani,1,https://github.com/NitinRamnani,User,False,3337.0,24.0,15.0,2,30,1,1,False,axios,0.625,9.14
nisarhassan12,1,https://github.com/nisarhassan12,User,False,2251.0,30.0,30.0,30,30,316,4,False,axios,1.0,6.17
galkin,1,https://github.com/galkin,User,False,4113.0,30.0,30.0,30,24,141,25,False,axios,1.0,11.27
ndelvalle,1,https://github.com/ndelvalle,User,False,4016.0,30.0,30.0,30,14,122,1989,False,axios,1.0,11.0
nickjuntilla,1,https://github.com/nickjuntilla,User,False,4810.0,9.0,5.0,30,30,17,7,False,axios,0.5555555555555556,13.18
echelonnought,1,https://github.com/echelonnought,User,False,2121.0,17.0,15.0,1,30,3,3,False,axios,0.8823529411764706,5.81
ckng0221,1,https://github.com/ckng0221,User,False,1451.0,30.0,30.0,9,26,6,1,False,axios,1.0,3.98
nettofarah,1,https://github.com/nettofarah,User,False,5399.0,30.0,30.0,0,30,309,543,False,axios,1.0,14.79
nlf,1,https://github.com/nlf,User,False,5251.0,0.0,0.0,0,30,384,2845,False,axios,0.0,14.39
snamiki1212,1,https://github.com/snamiki1212,User,False,2880.0,0.0,0.0,0,30,41,7,False,axios,0.0,7.89
naronchen,1,https://github.com/naronchen,User,False,1592.0,0.0,0.0,0,30,6,4,False,axios,0.0,4.36
0o001,1,https://github.com/0o001,User,False,4311.0,0.0,0.0,0,30,346,14,False,axios,0.0,11.81
mnomanmemon,1,https://github.com/mnomanmemon,User,False,3780.0,0.0,0.0,0,27,5,15,False,axios,0.0,10.36
iwata,1,https://github.com/iwata,User,False,5649.0,0.0,0.0,0,30,25,194,False,axios,0.0,15.48
MoPaMo,1,https://github.com/MoPaMo,User,False,1690.0,0.0,0.0,0,30,9,0,False,axios,0.0,4.63
MoSattler,1,https://github.com/MoSattler,User,False,1761.0,0.0,0.0,0,16,8,0,False,axios,0.0,4.82
Creaous,1,https://github.com/Creaous,User,False,1679.0,0.0,0.0,0,30,31,8,False,axios,0.0,4.6
petrovmiroslav,1,https://github.com/petrovmiroslav,User,False,2245.0,8.0,6.0,4,30,0,0,False,axios,0.75,6.15
bananaoomarang,1,https://github.com/bananaoomarang,User,False,5013.0,30.0,30.0,24,30,51,508,False,axios,1.0,13.73
MikeBishop,1,https://github.com/MikeBishop,User,False,4313.0,30.0,30.0,30,30,44,103,False,axios,1.0,11.82
MiguelMadero,1,https://github.com/MiguelMadero,User,False,5873.0,30.0,30.0,30,30,40,24,False,axios,1.0,16.09
notbucai,1,https://github.com/notbucai,User,False,2682.0,22.0,16.0,30,30,77,185,False,axios,0.7272727272727273,7.35
multicolaure,1,https://github.com/multicolaure,User,False,2353.0,4.0,3.0,3,7,0,0,False,axios,0.75,6.45
msangui,1,https://github.com/msangui,User,False,5074.0,9.0,2.0,1,30,4,5,False,axios,0.2222222222222222,13.9
moonion,1,https://github.com/moonion,User,False,4890.0,30.0,30.0,1,30,1,1,False,axios,1.0,13.4
mkusaka,1,https://github.com/mkusaka,User,False,2963.0,30.0,30.0,15,30,14,7,False,axios,1.0,8.12
mia-z,1,https://github.com/mia-z,User,False,4887.0,25.0,19.0,12,30,3,23,False,axios,0.76,13.39
marcinx,1,https://github.com/marcinx,User,False,4338.0,0.0,0.0,0,30,6,0,False,axios,0.0,11.88
littledian,1,https://github.com/littledian,User,False,3102.0,0.0,0.0,0,6,8,0,False,axios,0.0,8.5
lcysgsg,1,https://github.com/lcysgsg,User,False,3190.0,0.0,0.0,0,30,4,14,False,axios,0.0,8.74
kuroino721,1,https://github.com/kuroino721,User,False,2019.0,0.0,0.0,0,2,0,0,False,axios,0.0,5.53
ken-gladeye,1,https://github.com/ken-gladeye,User,False,1731.0,0.0,0.0,0,1,0,0,False,axios,0.0,4.74
jennynju,1,https://github.com/jennynju,User,False,2222.0,0.0,0.0,0,4,0,0,False,axios,0.0,6.09
zgayjjf,1,https://github.com/zgayjjf,User,False,2978.0,0.0,0.0,0,30,65,4,False,axios,0.0,8.16
jdrydn,1,https://github.com/jdrydn,User,False,5264.0,0.0,0.0,0,14,42,8,False,axios,0.0,14.42
ibci,1,https://github.com/ibci,User,False,4065.0,0.0,0.0,0,0,4,0,False,axios,0.0,11.14
huangzuizui,1,https://github.com/huangzuizui,User,False,3595.0,0.0,0.0,0,18,9,232,False,axios,0.0,9.85
howel52,1,https://github.com/howel52,User,False,3741.0,30.0,30.0,30,30,115,0,False,axios,1.0,10.25
hippo2cat,1,https://github.com/hippo2cat,User,False,2033.0,3.0,3.0,4,20,2,0,False,axios,1.0,5.57
lmeraki,1,https://github.com/lmeraki,User,False,2258.0,5.0,3.0,2,8,6,0,False,axios,0.6,6.19
hcwhan,1,https://github.com/hcwhan,User,False,3962.0,21.0,14.0,16,7,7,0,False,axios,0.6666666666666666,10.85
skarbovskiy,1,https://github.com/skarbovskiy,User,False,4091.0,30.0,30.0,24,30,5,3,False,axios,1.0,11.21
felipedamin,1,https://github.com/felipedamin,User,False,2464.0,4.0,4.0,0,9,1,4,False,axios,1.0,6.75
fanguangyi,1,https://github.com/fanguangyi,User,False,2393.0,1.0,1.0,0,6,6,0,False,axios,1.0,6.56
ecyrbe,1,https://github.com/ecyrbe,User,False,5107.0,30.0,30.0,30,30,190,2012,False,axios,1.0,13.99
hainenber,1,https://github.com/hainenber,User,False,2407.0,30.0,30.0,30,30,17,1,False,axios,1.0,6.59
yionr,1,https://github.com/yionr,User,False,2746.0,30.0,29.0,30,30,3,3,False,axios,0.9666666666666667,7.52
xlaguna,1,https://github.com/xlaguna,User,False,2097.0,0.0,0.0,0,3,0,0,False,axios,0.0,5.75
visortelle,1,https://github.com/visortelle,User,False,3773.0,0.0,0.0,0,30,61,110,False,axios,0.0,10.34
vandosant,1,https://github.com/vandosant,User,False,4123.0,0.0,0.0,0,30,37,0,False,axios,0.0,11.3
stevenp,1,https://github.com/stevenp,User,False,5513.0,0.0,0.0,0,28,9,3,False,axios,0.0,15.1
shravan20,1,https://github.com/shravan20,User,False,2201.0,0.0,0.0,0,30,81,11,False,axios,0.0,6.03
s-sasaki-0529,1,https://github.com/s-sasaki-0529,User,False,3353.0,0.0,0.0,0,30,9,39,False,axios,0.0,9.19
secondl1ght,1,https://github.com/secondl1ght,User,False,1359.0,0.0,0.0,0,30,156,18,False,axios,0.0,3.72
scarf005,1,https://github.com/scarf005,User,False,1993.0,0.0,0.0,0,30,127,10,False,axios,0.0,5.46
samueleaton,1,https://github.com/samueleaton,User,False,3783.0,0.0,0.0,0,30,111,89,False,axios,0.0,10.36
sakarit,1,https://github.com/sakarit,User,False,762.0,0.0,0.0,0,0,0,0,False,axios,0.0,2.09
ryiwamoto,1,https://github.com/ryiwamoto,User,False,4149.0,16.0,15.0,0,30,3,15,False,axios,0.9375,11.37
rupertrutland,1,https://github.com/rupertrutland,User,False,4834.0,7.0,4.0,3,0,9,0,False,axios,0.5714285714285714,13.24
rockcs1992,1,https://github.com/rockcs1992,User,False,3315.0,15.0,14.0,14,30,6,4,False,axios,0.9333333333333333,9.08
reslear,1,https://github.com/reslear,User,False,3555.0,30.0,30.0,30,30,24,9,False,axios,1.0,9.74
relbns,1,https://github.com/relbns,User,False,1356.0,19.0,13.0,1,16,1,0,False,axios,0.6842105263157895,3.72
ready-research,1,https://github.com/ready-research,User,False,1585.0,30.0,30.0,22,30,3,0,False,axios,1.0,4.34
rafw87,1,https://github.com/rafw87,User,False,4162.0,30.0,30.0,14,30,4,13,False,axios,1.0,11.4
prianyu,1,https://github.com/prianyu,User,False,3823.0,4.0,1.0,5,30,5,117,False,axios,0.25,10.47
pbarbiero,1,https://github.com/pbarbiero,User,False,3152.0,20.0,17.0,25,3,5,302,False,axios,0.85,8.64
dhcmrlchtdj,1,https://github.com/dhcmrlchtdj,User,False,5693.0,30.0,28.0,30,30,51,33,False,axios,0.9333333333333333,15.6
neilnaveen,1,https://github.com/neilnaveen,User,False,2379.0,0.0,0.0,0,30,32,3,False,axios,0.0,6.52
ValeraS,1,https://github.com/ValeraS,User,False,3664.0,0.0,0.0,0,30,12,1,False,axios,0.0,10.04
valentin-panov,1,https://github.com/valentin-panov,User,False,1768.0,0.0,0.0,0,30,11,0,False,axios,0.0,4.84
usman250994,1,https://github.com/usman250994,User,False,3516.0,0.0,0.0,0,30,3,4,False,axios,0.0,9.63
tybro0103,1,https://github.com/tybro0103,User,False,5657.0,0.0,0.0,0,13,22,82,False,axios,0.0,15.5
trim21,1,https://github.com/trim21,User,False,3490.0,0.0,0.0,0,30,187,30,False,axios,0.0,9.56
tony-kerz,1,https://github.com/tony-kerz,User,False,4830.0,0.0,0.0,0,30,12,3,False,axios,0.0,13.23
Secreto31126,1,https://github.com/Secreto31126,User,False,2216.0,0.0,0.0,0,20,29,170,False,axios,0.0,6.07
guuido,1,https://github.com/guuido,User,False,3175.0,0.0,0.0,0,6,2,1,False,axios,0.0,8.7
Frugghi,1,https://github.com/Frugghi,User,False,4897.0,30.0,30.0,5,30,57,556,False,axios,1.0,13.42
KyorCode,1,https://github.com/KyorCode,User,False,4666.0,26.0,20.0,19,26,6,0,False,axios,0.7692307692307693,12.78
TimJohns,1,https://github.com/TimJohns,User,False,4757.0,18.0,17.0,17,13,13,11,False,axios,0.9444444444444444,13.03
timgates42,1,https://github.com/timgates42,User,False,2186.0,30.0,30.0,30,30,183,1,False,axios,1.0,5.99
TimWolla,1,https://github.com/TimWolla,User,False,5472.0,30.0,30.0,30,30,154,347,False,axios,1.0,14.99
trodrigues,1,https://github.com/trodrigues,User,False,5918.0,30.0,30.0,30,30,127,25,False,axios,1.0,16.21
ThomasLandauer,1,https://github.com/ThomasLandauer,User,False,4902.0,30.0,30.0,30,30,18,0,False,axios,1.0,13.43
ehrhart,1,https://github.com/ehrhart,User,False,4837.0,30.0,30.0,30,30,16,14,False,axios,1.0,13.25
theikkila,1,https://github.com/theikkila,User,False,5121.0,30.0,30.0,30,30,39,74,False,axios,1.0,14.03
tredondo,1,https://github.com/tredondo,User,False,3729.0,30.0,30.0,30,30,13,0,False,axios,1.0,10.22
taylorflatt,1,https://github.com/taylorflatt,User,False,4135.0,0.0,0.0,0,30,24,62,False,axios,0.0,11.33
ikea-dless,1,https://github.com/ikea-dless,User,False,4043.0,0.0,0.0,0,30,16,3,False,axios,0.0,11.08
ohtaeg,1,https://github.com/ohtaeg,User,False,3140.0,0.0,0.0,0,30,43,2,False,axios,0.0,8.6
svenefftinge,1,https://github.com/svenefftinge,User,False,5292.0,0.0,0.0,0,30,339,0,False,axios,0.0,14.5
sumanla13a,1,https://github.com/sumanla13a,User,False,3924.0,0.0,0.0,0,30,9,1,False,axios,0.0,10.75
duibu05,1,https://github.com/duibu05,User,False,3681.0,0.0,0.0,0,10,1,0,False,axios,0.0,10.08
dublx,1,https://github.com/dublx,User,False,4981.0,0.0,0.0,0,30,27,49,False,axios,0.0,13.65
drawski,1,https://github.com/drawski,User,False,4420.0,8.0,5.0,4,12,4,3,False,axios,0.625,12.11
chenjigeng,1,https://github.com/chenjigeng,User,False,3435.0,30.0,30.0,30,30,216,409,False,axios,1.0,9.41
caikan,1,https://github.com/caikan,User,False,3379.0,30.0,15.0,30,30,1,0,False,axios,0.5,9.26
bushuai,1,https://github.com/bushuai,User,False,4623.0,30.0,30.0,1,30,73,16,False,axios,1.0,12.67
yxwzaxns,1,https://github.com/yxwzaxns,User,False,4078.0,30.0,30.0,5,30,313,30,False,axios,1.0,11.17
zoran995,1,https://github.com/zoran995,User,False,3209.0,30.0,30.0,30,16,12,10,False,axios,1.0,8.79
sartoshi-foot-dao,1,https://github.com/sartoshi-foot-dao,User,False,1096.0,30.0,30.0,30,3,7,0,False,axios,1.0,3.0
xchunzhao,1,https://github.com/xchunzhao,User,False,3494.0,12.0,7.0,29,30,35,2,False,axios,0.5833333333333334,9.57
zaosoula,1,https://github.com/zaosoula,User,False,4621.0,30.0,30.0,16,30,37,27,False,axios,1.0,12.66
zachlysobey,1,https://github.com/zachlysobey,User,False,4790.0,30.0,30.0,30,30,42,8,False,axios,1.0,13.12
delventhalz,1,https://github.com/delventhalz,User,False,3798.0,0.0,0.0,0,30,68,16,False,axios,0.0,10.41
vwxyutarooo,1,https://github.com/vwxyutarooo,User,False,4135.0,0.0,0.0,0,27,25,68,False,axios,0.0,11.33
kingyue737,1,https://github.com/kingyue737,User,False,2446.0,0.0,0.0,0,30,28,0,False,axios,0.0,6.7
bjesus,1,https://github.com/bjesus,User,False,5843.0,0.0,0.0,0,30,229,235,False,axios,0.0,16.01
ryouaki,1,https://github.com/ryouaki,User,False,3737.0,0.0,0.0,0,30,232,438,False,axios,0.0,10.24
wolframkriesing,1,https://github.com/wolframkriesing,User,False,5670.0,0.0,0.0,0,30,153,35,False,axios,0.0,15.53
winniehell,1,https://github.com/winniehell,User,False,4688.0,0.0,0.0,0,8,13,0,False,axios,0.0,12.84
Viktor6713,1,https://github.com/Viktor6713,User,False,2914.0,0.0,0.0,0,8,0,0,False,axios,0.0,7.98
victorhermes,1,https://github.com/victorhermes,User,False,2957.0,0.0,15.0,1,30,31,6,False,axios,0.0,8.1
VictorAugDB,1,https://github.com/VictorAugDB,User,False,2118.0,30.0,30.0,1,30,28,2,False,axios,1.0,5.8
the-vampiire,1,https://github.com/the-vampiire,User,False,2935.0,30.0,30.0,30,30,104,38,False,axios,1.0,8.04
davestewart,1,https://github.com/davestewart,User,False,5619.0,30.0,30.0,30,30,365,651,False,axios,1.0,15.39
davecardwell,1,https://github.com/davecardwell,User,False,6149.0,30.0,30.0,30,29,17,18,False,axios,1.0,16.85
wangcch,1,https://github.com/wangcch,User,False,2839.0,30.0,30.0,10,30,23,3,False,axios,1.0,7.78
sericaia,1,https://github.com/sericaia,User,False,4863.0,30.0,30.0,29,30,167,3,False,axios,1.0,13.32
hilleer,1,https://github.com/hilleer,User,False,3764.0,30.0,30.0,30,17,16,53,False,axios,1.0,10.31
w3bdesign,1,https://github.com/w3bdesign,User,False,2279.0,30.0,30.0,30,30,184,34,False,axios,1.0,6.24
danmooney,1,https://github.com/danmooney,User,False,4944.0,7.0,7.0,7,15,4,2,False,axios,1.0,13.55
dhrubesh,1,https://github.com/dhrubesh,User,False,3628.0,30.0,0.0,0,30,20,6,False,axios,0.0,9.94
the-csaba,1,https://github.com/the-csaba,User,False,2253.0,0.0,0.0,0,14,6,0,False,axios,0.0,6.17
crhistianramirez,1,https://github.com/crhistianramirez,User,False,3336.0,0.0,0.0,0,30,25,5,False,axios,0.0,9.14
a631807682,1,https://github.com/a631807682,User,False,3603.0,0.0,0.0,0,30,49,43,False,axios,0.0,9.87
cookieMr,1,https://github.com/cookieMr,User,False,3825.0,0.0,0.0,0,16,4,0,False,axios,0.0,10.48
int64ago,1,https://github.com/int64ago,User,False,4555.0,0.0,0.0,0,30,163,214,False,axios,0.0,12.48
claudiobusatto,1,https://github.com/claudiobusatto,User,False,4526.0,0.0,0.0,0,30,9,1,False,axios,0.0,12.4
clarkdo,1,https://github.com/clarkdo,User,False,4309.0,0.0,0.0,0,30,573,24,False,axios,0.0,11.81
ChronosMasterOfAllTime,1,https://github.com/ChronosMasterOfAllTime,User,False,2824.0,0.0,0.0,0,25,6,13,False,axios,0.0,7.74
sloansparger,1,https://github.com/sloansparger,User,False,3976.0,30.0,30.0,29,6,30,213,False,axios,1.0,10.89
madebyherzblut,1,https://github.com/madebyherzblut,User,False,5720.0,30.0,30.0,27,8,26,0,False,axios,1.0,15.67
cclauss,1,https://github.com/cclauss,User,False,4372.0,30.0,30.0,30,30,4462,27,False,axios,1.0,11.98
catscarlet,1,https://github.com/catscarlet,User,False,3681.0,30.0,30.0,30,30,48,16,False,axios,1.0,10.08
carlosromel,1,https://github.com/carlosromel,User,False,5254.0,20.0,13.0,12,30,41,39,False,axios,0.65,14.39
carloschida,1,https://github.com/carloschida,User,False,4935.0,15.0,9.0,14,25,15,1,False,axios,0.6,13.52
chentsulin,1,https://github.com/chentsulin,User,False,4405.0,30.0,30.0,30,30,1913,16622,False,axios,1.0,12.07
fabiel-leon,1,https://github.com/fabiel-leon,User,False,3755.0,5.0,3.0,13,30,34,16,False,axios,0.6,10.29
meyfa,1,https://github.com/meyfa,User,False,4344.0,30.0,30.0,30,30,65,656,False,axios,1.0,11.9
egmen,1,https://github.com/egmen,User,False,4433.0,25.0,22.0,24,21,4,9,False,axios,0.88,12.15
evanshortiss,1,https://github.com/evanshortiss,User,False,4792.0,0.0,0.0,0,30,214,5,False,axios,0.0,13.13
Evan-Finkelstein,1,https://github.com/Evan-Finkelstein,User,False,1643.0,0.0,0.0,0,30,8,0,False,axios,0.0,4.5
ericmdantas,1,https://github.com/ericmdantas,User,False,3983.0,0.0,0.0,0,30,86,94,False,axios,0.0,10.91
Ginxo,1,https://github.com/Ginxo,User,False,2954.0,0.0,0.0,0,30,41,2,False,axios,0.0,8.09
mannoeu,1,https://github.com/mannoeu,User,False,2022.0,0.0,0.0,0,30,180,29,False,axios,0.0,5.54
emilbroman-eqt,1,https://github.com/emilbroman-eqt,User,False,1994.0,0.0,0.0,0,2,0,0,False,axios,0.0,5.46
EFord36,1,https://github.com/EFord36,User,False,3135.0,0.0,0.0,0,8,28,173,False,axios,0.0,8.59
cincodenada,1,https://github.com/cincodenada,User,False,5209.0,0.0,0.0,0,30,26,7,False,axios,0.0,14.27
elinagorshkova,1,https://github.com/elinagorshkova,User,False,2066.0,0.0,0.0,0,1,0,0,False,axios,0.0,5.66
posva,1,https://github.com/posva,User,False,5091.0,30.0,30.0,30,30,6069,1509,False,axios,1.0,13.95
doowonee,1,https://github.com/doowonee,User,False,3724.0,24.0,20.0,30,30,8,5,False,axios,0.8333333333333334,10.2
dominykas,1,https://github.com/dominykas,User,False,5191.0,30.0,30.0,30,30,97,24,False,axios,1.0,14.22
dobesv,1,https://github.com/dobesv,User,False,5336.0,30.0,30.0,30,30,34,19,False,axios,1.0,14.62
airs0urce,1,https://github.com/airs0urce,User,False,5683.0,30.0,15.0,23,30,12,7,False,axios,0.5,15.57
mitsos1os,1,https://github.com/mitsos1os,User,False,3865.0,30.0,30.0,30,30,11,0,False,axios,1.0,10.59
despreston,1,https://github.com/despreston,User,False,4074.0,30.0,30.0,30,30,31,165,False,axios,1.0,11.16
gamtiq,1,https://github.com/gamtiq,User,False,4850.0,30.0,30.0,30,30,32,75,False,axios,1.0,13.29
DenisCarriere,1,https://github.com/DenisCarriere,User,False,5155.0,30.0,30.0,30,30,470,15,False,axios,1.0,14.12
DavidJDallas,1,https://github.com/DavidJDallas,User,False,929.0,6.0,5.0,0,23,12,1,False,axios,0.8333333333333334,2.55
cygnusss,1,https://github.com/cygnusss,User,False,2873.0,0.0,0.0,0,30,5,0,False,axios,0.0,7.87
repl-andrew-ovens,1,https://github.com/repl-andrew-ovens,User,False,3491.0,0.0,0.0,0,7,0,0,False,axios,0.0,9.56
owap,1,https://github.com/owap,User,False,3834.0,0.0,0.0,0,30,8,2,False,axios,0.0,10.5
m1neral,1,https://github.com/m1neral,User,False,3734.0,0.0,0.0,0,20,10,9,False,axios,0.0,10.23
jin5354,1,https://github.com/jin5354,User,False,4000.0,0.0,0.0,0,30,151,748,False,axios,0.0,10.96
Allanbcruz,1,https://github.com/Allanbcruz,User,False,1934.0,0.0,0.0,0,1,0,0,False,axios,0.0,5.3
exalted,1,https://github.com/exalted,User,False,5350.0,0.0,0.0,0,30,93,283,False,axios,0.0,14.66
aliclark,1,https://github.com/aliclark,User,False,5755.0,0.0,0.0,0,30,29,45,False,axios,0.0,15.77
alpancs,1,https://github.com/alpancs,User,False,4308.0,30.0,30.0,5,19,17,41,False,axios,1.0,11.8
unguul,1,https://github.com/unguul,User,False,3986.0,28.0,21.0,22,30,7,0,False,axios,0.75,10.92
alexandre-abrioux,1,https://github.com/alexandre-abrioux,User,False,3320.0,30.0,30.0,25,28,27,31,False,axios,1.0,9.1
atrauzzi,1,https://github.com/atrauzzi,User,False,5665.0,0.0,0.0,0,30,0,223,False,axios,0.0,15.52
sashsvamir,1,https://github.com/sashsvamir,User,False,4762.0,30.0,22.0,28,30,2,11,False,axios,0.7333333333333333,13.05
Alanscut,1,https://github.com/Alanscut,User,False,3104.0,30.0,30.0,30,30,72,8,False,axios,1.0,8.5
akshatnitd,1,https://github.com/akshatnitd,User,False,3551.0,30.0,30.0,30,30,235,0,False,axios,1.0,9.73
Aakash-Rana,1,https://github.com/Aakash-Rana,User,False,1775.0,4.0,3.0,0,19,4,2,False,axios,0.75,4.86
a-tokyo,1,https://github.com/a-tokyo,User,False,3567.0,30.0,30.0,30,30,107,162,False,axios,1.0,9.77
afzalsayed96,1,https://github.com/afzalsayed96,User,False,3459.0,30.0,30.0,30,30,37,37,False,axios,1.0,9.48
adrien-may,1,https://github.com/adrien-may,User,False,1747.0,0.0,0.0,0,26,3,1,False,axios,0.0,4.79
Argeento,1,https://github.com/Argeento,User,False,3526.0,0.0,0.0,0,30,45,20,False,axios,0.0,9.66
ADITYA-176,1,https://github.com/ADITYA-176,User,False,1587.0,0.0,0.0,0,11,2,0,False,axios,0.0,4.35
krushnaut,1,https://github.com/krushnaut,User,False,575.0,0.0,0.0,0,30,4,29,False,axios,0.0,1.58
aziyatali,1,https://github.com/aziyatali,User,False,2223.0,0.0,0.0,0,30,44,4,False,axios,0.0,6.09
3846masa,1,https://github.com/3846masa,User,False,4150.0,0.0,0.0,0,30,169,498,False,axios,0.0,11.37
ctjlewis,1,https://github.com/ctjlewis,User,False,4686.0,0.0,0.0,0,30,411,19,False,axios,0.0,12.84
brianhelba,1,https://github.com/brianhelba,User,False,4804.0,0.0,0.0,0,30,50,0,False,axios,0.0,13.16
anglinb,1,https://github.com/anglinb,User,False,4498.0,0.0,30.0,30,30,299,7,False,axios,0.0,12.32
brianadams731,1,https://github.com/brianadams731,User,False,1858.0,4.0,2.0,1,12,7,14,False,axios,0.5,5.09
blittle,1,https://github.com/blittle,User,False,4713.0,30.0,30.0,30,30,378,500,False,axios,1.0,12.91
woodb,1,https://github.com/woodb,User,False,4694.0,30.0,30.0,30,30,77,108,False,axios,1.0,12.86
bfaulk96,1,https://github.com/bfaulk96,User,False,3534.0,30.0,30.0,30,30,13,10,False,axios,1.0,9.68
tusbar,1,https://github.com/tusbar,User,False,5546.0,30.0,30.0,30,30,97,126,False,axios,1.0,15.19
bernardoduarte,1,https://github.com/bernardoduarte,User,False,3422.0,30.0,25.0,30,30,46,280,False,axios,0.8333333333333334,9.38
bennycode,1,https://github.com/bennycode,User,False,5216.0,30.0,30.0,30,30,290,7,False,axios,1.0,14.29
axe312ger,1,https://github.com/axe312ger,User,False,4661.0,30.0,30.0,30,30,98,25,False,axios,1.0,12.77
aguynamedben,1,https://github.com/aguynamedben,User,False,5687.0,30.0,30.0,30,30,77,27,False,axios,1.0,15.58
basselworkforce,1,https://github.com/basselworkforce,User,False,1076.0,5.0,0.0,0,6,0,0,False,axios,0.0,2.95
llamington,1,https://github.com/llamington,User,False,1992.0,0.0,0.0,0,30,18,1,False,axios,0.0,5.46
AyushG3112,1,https://github.com/AyushG3112,User,False,3093.0,0.0,0.0,0,30,20,8,False,axios,0.0,8.47
axelboc,1,https://github.com/axelboc,User,False,4460.0,0.0,0.0,0,14,29,33,False,axios,0.0,12.22
AurelioDeRosa,1,https://github.com/AurelioDeRosa,User,False,4753.0,0.0,0.0,0,30,436,846,False,axios,0.0,13.02
itsarvindh,1,https://github.com/itsarvindh,User,False,2798.0,0.0,0.0,0,7,5,0,False,axios,0.0,7.67
anubhavsrivastava,1,https://github.com/anubhavsrivastava,User,False,4045.0,0.0,0.0,0,30,175,1058,False,axios,0.0,11.08
antoninbas,1,https://github.com/antoninbas,User,False,4517.0,0.0,0.0,0,30,203,3,False,axios,0.0,12.38
Chalarangelo,1,https://github.com/Chalarangelo,User,False,3857.0,0.0,0.0,30,30,2930,169934,False,axios,0.0,10.57
andykog,1,https://github.com/andykog,User,False,4011.0,30.0,30.0,30,23,66,18,False,axios,1.0,10.99
puzpuzpuz,1,https://github.com/puzpuzpuz,User,False,2520.0,30.0,30.0,30,30,378,338,False,axios,1.0,6.9
LukasDrgon,1,https://github.com/LukasDrgon,User,False,3394.0,30.0,30.0,8,30,15,0,False,axios,1.0,9.3
Schweinepriester,1,https://github.com/Schweinepriester,User,False,4497.0,30.0,30.0,30,30,565,36,False,axios,1.0,12.32
justindhillon,1,https://github.com/justindhillon,User,False,520.0,30.0,30.0,30,30,39,21,False,axios,1.0,1.42
vbfox,1,https://github.com/vbfox,User,False,5621.0,30.0,30.0,30,30,69,60,False,axios,1.0,15.4
nerdbeere,1,https://github.com/nerdbeere,User,False,5252.0,30.0,30.0,30,30,49,14,False,axios,1.0,14.39
ryoia,1,https://github.com/ryoia,User,False,4412.0,14.0,12.0,11,30,37,14,False,axios,0.8571428571428571,12.09
JounQin,1,https://github.com/JounQin,User,False,3851.0,30.0,30.0,30,30,599,34,False,axios,1.0,10.55
masterots,1,https://github.com/masterots,User,False,5094.0,13.0,11.0,0,30,11,1,False,axios,0.8461538461538461,13.96
JoshZA,1,https://github.com/JoshZA,User,False,5610.0,0.0,0.0,0,1,21,0,False,axios,0.0,15.37
textbook,1,https://github.com/textbook,User,False,5028.0,0.0,0.0,0,30,193,101,False,axios,0.0,13.78
jonathanfoster,1,https://github.com/jonathanfoster,User,False,4610.0,0.0,0.0,0,30,15,40,False,axios,0.0,12.63
JBudiman00,1,https://github.com/JBudiman00,User,False,1727.0,0.0,0.0,0,30,3,1,False,axios,0.0,4.73
johntron,1,https://github.com/johntron,User,False,5621.0,0.0,0.0,0,30,47,8,False,axios,0.0,15.4
ck3gemproject,1,https://github.com/ck3gemproject,User,False,1540.0,0.0,0.0,0,2,0,3,False,axios,0.0,4.22
johachi,1,https://github.com/johachi,User,False,2197.0,0.0,30.0,30,25,17,1,False,axios,0.0,6.02
JohannCooper,1,https://github.com/JohannCooper,User,False,3177.0,9.0,8.0,9,14,9,13,False,axios,0.8888888888888888,8.7
capaj,1,https://github.com/capaj,User,False,4791.0,30.0,30.0,30,30,218,29,False,axios,1.0,13.13
MageeLin,1,https://github.com/MageeLin,User,False,2698.0,6.0,4.0,30,30,33,60,False,axios,0.6666666666666666,7.39
jimmy-liao-gogoro,1,https://github.com/jimmy-liao-gogoro,User,False,2057.0,9.0,8.0,8,7,3,0,False,axios,0.8888888888888888,5.64
JimLynchCodes,1,https://github.com/JimLynchCodes,User,False,4187.0,30.0,30.0,30,30,148,22,False,axios,1.0,11.47
fureweb-com,1,https://github.com/fureweb-com,User,False,3040.0,30.0,30.0,30,30,19,0,False,axios,1.0,8.33
jerfowler,1,https://github.com/jerfowler,User,False,5503.0,13.0,10.0,22,30,28,149,False,axios,0.7692307692307693,15.08
JitixPhotobox,1,https://github.com/JitixPhotobox,User,False,2293.0,1.0,1.0,0,5,0,1,False,axios,1.0,6.28
jelleschutter,1,https://github.com/jelleschutter,User,False,2855.0,30.0,30.0,11,30,70,18,False,axios,1.0,7.82
ljkeller,1,https://github.com/ljkeller,User,False,2318.0,30.0,0.0,0,30,5,1,False,axios,0.0,6.35
portolucas,1,https://github.com/portolucas,User,False,2643.0,0.0,0.0,0,30,33,6,False,axios,0.0,7.24
louislarry,1,https://github.com/louislarry,User,False,4291.0,0.0,0.0,0,12,4,2,False,axios,0.0,11.76
loklaan,1,https://github.com/loklaan,User,False,4715.0,0.0,0.0,0,30,145,31,False,axios,0.0,12.92
lipinnnnn,1,https://github.com/lipinnnnn,User,False,1687.0,0.0,0.0,0,7,2,0,False,axios,0.0,4.62
jjingrong,1,https://github.com/jjingrong,User,False,4404.0,0.0,0.0,0,30,20,11,False,axios,0.0,12.07
levpachmanov,1,https://github.com/levpachmanov,User,False,2730.0,0.0,0.0,0,4,10,0,False,axios,0.0,7.48
phryneas,1,https://github.com/phryneas,User,False,4312.0,0.0,0.0,0,30,803,13,False,axios,0.0,11.81
L-Hknu,1,https://github.com/L-Hknu,User,False,2531.0,0.0,0.0,0,30,19,4,False,axios,0.0,6.93
Landro3,1,https://github.com/Landro3,User,False,2858.0,3.0,3.0,5,9,0,0,False,axios,1.0,7.83
Kr-Shanu,1,https://github.com/Kr-Shanu,User,False,1433.0,28.0,26.0,25,30,23,12,False,axios,0.9285714285714286,3.93
kuitos,1,https://github.com/kuitos,User,False,4207.0,30.0,30.0,30,30,1692,945,False,axios,1.0,11.53
kaishuu0123,1,https://github.com/kaishuu0123,User,False,4713.0,30.0,30.0,30,30,36,171,False,axios,1.0,12.91
turisap,1,https://github.com/turisap,User,False,2851.0,30.0,30.0,14,30,12,2,False,axios,1.0,7.81
DjebbZ,1,https://github.com/DjebbZ,User,False,5777.0,30.0,30.0,30,30,288,6,False,axios,1.0,15.83
kkirsche,1,https://github.com/kkirsche,User,False,4951.0,30.0,30.0,30,30,225,82,False,axios,1.0,13.56
kevincennis,1,https://github.com/kevincennis,User,False,4987.0,30.0,30.0,17,22,219,853,False,axios,1.0,13.66
Kenzo-Wada,1,https://github.com/Kenzo-Wada,User,False,1455.0,30.0,30.0,30,30,38,4,False,axios,1.0,3.99
knpwrs,1,https://github.com/knpwrs,User,False,5525.0,30.0,30.0,30,30,134,44,False,axios,1.0,15.14
kmayer,1,https://github.com/kmayer,User,False,6039.0,0.0,0.0,0,30,27,25,False,axios,0.0,16.55
kasperisager,1,https://github.com/kasperisager,User,False,4852.0,0.0,0.0,0,30,358,69,False,axios,0.0,13.29
karlhorky,1,https://github.com/karlhorky,User,False,4607.0,0.0,0.0,0,30,822,820,False,axios,0.0,12.62
mindriven,1,https://github.com/mindriven,User,False,4242.0,0.0,0.0,0,18,1,14,False,axios,0.0,11.62
ianwijma,1,https://github.com/ianwijma,User,False,3269.0,0.0,0.0,0,30,20,1,False,axios,0.0,8.96
IVLIU,1,https://github.com/IVLIU,User,False,3024.0,0.0,0.0,0,30,14,28,False,axios,0.0,8.28
HyperLife1119,1,https://github.com/HyperLife1119,User,False,2396.0,0.0,0.0,0,30,69,57,False,axios,0.0,6.56
huyenltnguyen,1,https://github.com/huyenltnguyen,User,False,2926.0,0.0,0.0,0,30,0,4,False,axios,0.0,8.02
hencoappel,1,https://github.com/hencoappel,User,False,4792.0,9.0,7.0,4,18,6,5,False,axios,0.7777777777777778,13.13
helios1101,1,https://github.com/helios1101,User,False,2888.0,30.0,30.0,30,30,154,2,False,axios,1.0,7.91
hansottowirtz,1,https://github.com/hansottowirtz,User,False,4180.0,30.0,30.0,30,30,33,38,False,axios,1.0,11.45
836334258,1,https://github.com/836334258,User,False,1095.0,13.0,7.0,2,26,1,0,False,axios,0.5384615384615384,3.0
habipakyol,1,https://github.com/habipakyol,User,False,706.0,6.0,4.0,0,29,7,4,False,axios,0.6666666666666666,1.93
gfoidl,1,https://github.com/gfoidl,User,False,4134.0,30.0,30.0,30,30,85,87,False,axios,1.0,11.33
gnesher,1,https://github.com/gnesher,User,False,4763.0,29.0,22.0,30,30,15,16,False,axios,0.7586206896551724,13.05
gualopezb,1,https://github.com/gualopezb,User,False,3646.0,30.0,28.0,10,30,18,22,False,axios,0.9333333333333333,9.99
guillaumebriday,1,https://github.com/guillaumebriday,User,False,3860.0,30.0,30.0,30,30,573,132,False,axios,1.0,10.58
lyrixx,1,https://github.com/lyrixx,User,False,5263.0,30.0,30.0,30,30,767,34,False,axios,1.0,14.42
byrne-greg,1,https://github.com/byrne-greg,User,False,4172.0,0.0,0.0,0,18,10,14,False,axios,0.0,11.43
geeth24,1,https://github.com/geeth24,User,False,2211.0,0.0,0.0,0,30,16,2,False,axios,0.0,6.06
gschambers,1,https://github.com/gschambers,User,False,5046.0,0.0,0.0,0,30,12,68,False,axios,0.0,13.82
FelixLgr,1,https://github.com/FelixLgr,User,False,2242.0,0.0,0.0,0,6,16,3,False,axios,0.0,6.14
frustak,1,https://github.com/frustak,User,False,2214.0,0.0,0.0,0,30,32,9,False,axios,0.0,6.07
friederbluemle,1,https://github.com/friederbluemle,User,False,5050.0,0.0,0.0,0,30,299,5,False,axios,0.0,13.84
Fdawgs,1,https://github.com/Fdawgs,User,False,2328.0,0.0,0.0,0,17,154,268,False,axios,0.0,6.38
Fonger,1,https://github.com/Fonger,User,False,4121.0,0.0,0.0,0,30,101,22,False,axios,0.0,11.29
FCarvalhoVII,1,https://github.com/FCarvalhoVII,User,False,1861.0,1.0,1.0,1,30,14,2,False,axios,1.0,5.1
theverything,1,https://github.com/theverything,User,False,4610.0,30.0,27.0,30,30,37,12,False,axios,0.9,12.63
JasonHK,1,https://github.com/JasonHK,User,False,4298.0,30.0,30.0,30,30,28,2,False,axios,1.0,11.78
jmdobry,1,https://github.com/jmdobry,User,False,4835.0,30.0,30.0,30,12,490,1537,False,axios,1.0,13.25
jergason,1,https://github.com/jergason,User,False,5792.0,30.0,30.0,30,30,430,112,False,axios,1.0,15.87
lejahmie,1,https://github.com/lejahmie,User,False,4765.0,4.0,2.0,1,5,1,0,False,axios,0.5,13.05
JamieSlome,1,https://github.com/JamieSlome,User,False,1982.0,30.0,30.0,30,7,159,73,False,axios,1.0,5.43
caocaojiudao,1,https://github.com/caocaojiudao,User,False,163.0,0.0,0.0,0,1,0,0,False,axios,0.0,0.45
jamesgeorge007,1,https://github.com/jamesgeorge007,User,False,2947.0,30.0,30.0,30,30,1214,23,False,axios,1.0,8.07
codemaster138,1,https://github.com/codemaster138,User,False,2345.0,22.0,19.0,30,30,20,13,False,axios,0.8636363636363636,6.42
jacquesg,1,https://github.com/jacquesg,User,False,4388.0,0.0,0.0,0,30,19,76,False,axios,0.0,12.02
wejendorp,1,https://github.com/wejendorp,User,False,5371.0,0.0,0.0,0,30,37,38,False,axios,0.0,14.72
jacobbuck,1,https://github.com/jacobbuck,User,False,5005.0,0.0,0.0,0,30,23,236,False,axios,0.0,13.71
jackytck,1,https://github.com/jackytck,User,False,5238.0,0.0,0.0,0,30,50,3,False,axios,0.0,14.35
JLL32,1,https://github.com/JLL32,User,False,2876.0,0.0,0.0,0,30,51,22,False,axios,0.0,7.88
ivanpepelko,1,https://github.com/ivanpepelko,User,False,3958.0,0.0,0.0,0,30,12,0,False,axios,0.0,10.84
ovarn,1,https://github.com/ovarn,User,False,2894.0,0.0,0.0,0,13,2,0,False,axios,0.0,7.93
ItsNotGoodName,1,https://github.com/ItsNotGoodName,User,False,2602.0,0.0,0.0,0,30,3,26,False,axios,0.0,7.13
itareeee,1,https://github.com/itareeee,User,False,4618.0,6.0,4.0,2,22,14,15,False,axios,0.6666666666666666,12.65
whitfin,1,https://github.com/whitfin,User,False,4184.0,30.0,30.0,30,30,206,10,False,axios,1.0,11.46
ikonst,1,https://github.com/ikonst,User,False,4847.0,30.0,30.0,30,30,60,42,False,axios,1.0,13.28
eltociear,1,https://github.com/eltociear,User,False,3056.0,0.0,0.0,0,30,0,17,False,axios,0.0,8.37
rigor789,1,https://github.com/rigor789,User,False,4983.0,30.0,30.0,30,30,461,34,False,axios,1.0,13.65
IgorDePaula,1,https://github.com/IgorDePaula,User,False,4472.0,30.0,30.0,30,30,264,41,False,axios,1.0,12.25
dwelle,724,https://github.com/dwelle,User,False,4216.0,30.0,30.0,30,30,321,5,True,excalidraw,1.0,11.55
ad1992,500,https://github.com/ad1992,User,False,3641.0,0.0,0.0,0,30,1235,247,True,excalidraw,0.0,9.98
lipis,284,https://github.com/lipis,User,False,5638.0,0.0,0.0,0,30,1571,5047,True,excalidraw,0.0,15.45
vjeux,141,https://github.com/vjeux,User,False,5491.0,0.0,0.0,0,30,4186,46,False,excalidraw,0.0,15.04
zsviczian,65,https://github.com/zsviczian,User,False,3439.0,0.0,0.0,0,30,667,5572,False,excalidraw,0.0,9.42
excalibot,62,https://github.com/excalibot,User,False,1487.0,0.0,0.0,0,0,20,0,True,excalidraw,0.0,4.07
tomayac,51,https://github.com/tomayac,User,False,5591.0,0.0,0.0,0,30,1651,51,True,excalidraw,0.0,15.32
giovannigiordano,47,https://github.com/giovannigiordano,User,False,3412.0,0.0,0.0,0,26,18,2,False,excalidraw,0.0,9.35
Fausto95,46,https://github.com/Fausto95,User,False,3024.0,0.0,0.0,0,30,110,141,True,excalidraw,0.0,8.28
ryan-di,45,https://github.com/ryan-di,User,False,2206.0,0.0,0.0,0,6,23,0,True,excalidraw,0.0,6.04
nanot1m,35,https://github.com/nanot1m,User,False,3776.0,0.0,0.0,0,30,59,15,False,excalidraw,0.0,10.35
mtolmacs,34,https://github.com/mtolmacs,User,False,3427.0,0.0,0.0,0,23,10,35,False,excalidraw,0.0,9.39
Mrazator,32,https://github.com/Mrazator,User,False,3143.0,0.0,0.0,0,20,26,1,True,excalidraw,0.0,8.61
j-f1,32,https://github.com/j-f1,User,False,2936.0,0.0,0.0,0,30,431,66,True,excalidraw,0.0,8.04
dai-shi,29,https://github.com/dai-shi,User,False,5202.0,0.0,0.0,0,30,7315,2573,True,excalidraw,0.0,14.25
petehunt,28,https://github.com/petehunt,User,False,5428.0,0.0,0.0,0,30,6032,183,False,excalidraw,0.0,14.87
GasimGasimzada,27,https://github.com/GasimGasimzada,User,False,5018.0,0.0,0.0,0,4,51,1,False,excalidraw,0.0,13.75
kbariotis,26,https://github.com/kbariotis,User,False,5123.0,0.0,0.0,0,30,245,216,False,excalidraw,0.0,14.04
h7y,24,https://github.com/h7y,User,False,3069.0,0.0,0.0,0,9,42,7,True,excalidraw,0.0,8.41
maielo,14,https://github.com/maielo,User,False,3792.0,0.0,0.0,0,7,10,18,False,excalidraw,0.0,10.39
DanielJGeiger,13,https://github.com/DanielJGeiger,User,False,4630.0,0.0,0.0,0,1,5,0,False,excalidraw,0.0,12.68
voluntadpear,12,https://github.com/voluntadpear,User,False,3688.0,0.0,0.0,0,30,45,29,False,excalidraw,0.0,10.1
xixixao,11,https://github.com/xixixao,User,False,4740.0,0.0,0.0,0,30,153,24,False,excalidraw,0.0,12.99
pshihn,11,https://github.com/pshihn,User,False,5004.0,30.0,30.0,30,30,644,380,False,excalidraw,1.0,13.71
yongdamsh,11,https://github.com/yongdamsh,User,False,4330.0,30.0,30.0,10,11,27,0,False,excalidraw,1.0,11.86
lusingander,11,https://github.com/lusingander,User,False,2731.0,30.0,30.0,26,30,58,310,False,excalidraw,1.0,7.48
pomdtr,10,https://github.com/pomdtr,User,False,3274.0,30.0,30.0,30,30,105,45,False,excalidraw,1.0,8.97
arnostpleskot,10,https://github.com/arnostpleskot,User,False,3978.0,29.0,19.0,4,29,12,5,False,excalidraw,0.6551724137931034,10.9
barnabasmolnar,10,https://github.com/barnabasmolnar,User,False,2507.0,24.0,22.0,29,29,17,4,False,excalidraw,0.9166666666666666,6.87
steveruizok,10,https://github.com/steveruizok,User,False,3036.0,30.0,30.0,30,30,3099,111,False,excalidraw,1.0,8.32
KentBeck,10,https://github.com/KentBeck,User,False,5879.0,12.0,0.0,0,23,2784,370,False,excalidraw,0.0,16.11
muzakparov,9,https://github.com/muzakparov,User,False,2876.0,0.0,0.0,0,30,366,6,False,excalidraw,0.0,7.88
lissitz,9,https://github.com/lissitz,User,False,2033.0,0.0,0.0,0,9,4,6,False,excalidraw,0.0,5.57
bradymadden97,9,https://github.com/bradymadden97,User,False,3306.0,0.0,0.0,0,30,11,68,False,excalidraw,0.0,9.06
alex-kim-dev,8,https://github.com/alex-kim-dev,User,False,2268.0,0.0,0.0,0,30,7,9,False,excalidraw,0.0,6.21
Jnforja,8,https://github.com/Jnforja,User,False,3987.0,0.0,0.0,0,14,22,3,False,excalidraw,0.0,10.92
paulomenezes,8,https://github.com/paulomenezes,User,False,3684.0,0.0,0.0,0,30,57,10,False,excalidraw,0.0,10.09
idlewinn,7,https://github.com/idlewinn,User,False,2959.0,0.0,0.0,0,2,6,0,False,excalidraw,0.0,8.11
ReneCode,7,https://github.com/ReneCode,User,False,4705.0,0.0,0.0,0,30,7,1,False,excalidraw,0.0,12.89
are,7,https://github.com/are,User,False,4362.0,0.0,0.0,0,30,14,8,False,excalidraw,0.0,11.95
warrenseine,6,https://github.com/warrenseine,User,False,5164.0,30.0,30.0,30,30,60,46,False,excalidraw,1.0,14.15
jsjoeio,5,https://github.com/jsjoeio,User,False,4364.0,30.0,30.0,30,30,1030,64,False,excalidraw,1.0,11.96
gmertk,5,https://github.com/gmertk,User,False,4970.0,30.0,25.0,30,30,163,2797,False,excalidraw,0.8333333333333334,13.62
jquintozamora,5,https://github.com/jquintozamora,User,False,3561.0,30.0,30.0,30,27,164,278,False,excalidraw,1.0,9.76
adarkforce,4,https://github.com/adarkforce,User,False,2111.0,12.0,9.0,5,25,10,60,False,excalidraw,0.75,5.78
Kartik1397,4,https://github.com/Kartik1397,User,False,3005.0,30.0,30.0,9,30,31,15,False,excalidraw,1.0,8.23
NMinhNguyen,4,https://github.com/NMinhNguyen,User,False,4471.0,0.0,0.0,0,30,0,21,False,excalidraw,0.0,12.25
mbj36,4,https://github.com/mbj36,User,False,3737.0,30.0,30.0,30,30,261,115,False,excalidraw,1.0,10.24
shrirambalaji,4,https://github.com/shrirambalaji,User,False,3635.0,30.0,30.0,30,30,110,52,False,excalidraw,1.0,9.96
YounessFkhach,4,https://github.com/YounessFkhach,User,False,4259.0,6.0,6.0,2,26,17,0,False,excalidraw,1.0,11.67
connor-pph,4,https://github.com/connor-pph,User,False,2531.0,0.0,0.0,0,2,3,0,False,excalidraw,0.0,6.93
johtso,3,https://github.com/johtso,User,False,5006.0,0.0,0.0,0,30,23,22,False,excalidraw,0.0,13.72
jdbruxelles,3,https://github.com/jdbruxelles,User,False,3225.0,0.0,0.0,0,10,27,3,False,excalidraw,0.0,8.84
msal4,3,https://github.com/msal4,User,False,2778.0,0.0,0.0,0,30,51,20,False,excalidraw,0.0,7.61
sosukesuzuki,3,https://github.com/sosukesuzuki,User,False,3433.0,0.0,0.0,0,30,556,9,False,excalidraw,0.0,9.41
szympajka,3,https://github.com/szympajka,User,False,3176.0,0.0,0.0,0,10,12,3,False,excalidraw,0.0,8.7
mvaibhav77,3,https://github.com/mvaibhav77,User,False,1088.0,0.0,0.0,0,30,8,19,False,excalidraw,0.0,2.98
mwufi,3,https://github.com/mwufi,User,False,2772.0,0.0,0.0,0,30,25,1,False,excalidraw,0.0,7.59
mikecat,3,https://github.com/mikecat,User,False,4022.0,0.0,0.0,0,30,28,7,False,excalidraw,0.0,11.02
jillesme,3,https://github.com/jillesme,User,False,4458.0,30.0,26.0,30,30,81,43,False,excalidraw,0.8666666666666667,12.21
CompuIves,3,https://github.com/CompuIves,User,False,5134.0,30.0,30.0,30,30,2591,80,False,excalidraw,1.0,14.07
HerbCaudill,3,https://github.com/HerbCaudill,User,False,4572.0,30.0,30.0,30,30,97,57,False,excalidraw,1.0,12.53
hamirmahal,3,https://github.com/hamirmahal,User,False,2342.0,30.0,30.0,30,30,39,2,False,excalidraw,1.0,6.42
ggrossetie,3,https://github.com/ggrossetie,User,False,5330.0,30.0,30.0,30,30,232,168,False,excalidraw,1.0,14.6
enzoferey,3,https://github.com/enzoferey,User,False,3677.0,30.0,30.0,30,27,57,162,False,excalidraw,1.0,10.07
O4epegb,3,https://github.com/O4epegb,User,False,3539.0,30.0,30.0,30,20,38,22,False,excalidraw,1.0,9.7
DDDDD12138,3,https://github.com/DDDDD12138,User,False,2333.0,30.0,30.0,12,18,2,0,False,excalidraw,1.0,6.39
hocino,2,https://github.com/hocino,User,False,1182.0,5.0,4.0,1,0,1,0,False,excalidraw,0.8,3.24
davidbonan,2,https://github.com/davidbonan,User,False,4101.0,6.0,4.0,3,21,1,3,False,excalidraw,0.6666666666666666,11.24
tom-sherman,2,https://github.com/tom-sherman,User,False,3777.0,0.0,0.0,0,30,132,54,False,excalidraw,0.0,10.35
thibautsabot,2,https://github.com/thibautsabot,User,False,3776.0,0.0,0.0,0,30,38,64,False,excalidraw,0.0,10.35
ThangHuuVu,2,https://github.com/ThangHuuVu,User,False,2726.0,0.0,0.0,0,30,282,30,False,excalidraw,0.0,7.47
vsaravind01,2,https://github.com/vsaravind01,User,False,1783.0,0.0,0.0,0,30,12,5,False,excalidraw,0.0,4.88
SH5H,2,https://github.com/SH5H,User,False,2939.0,0.0,0.0,0,12,14,12,False,excalidraw,0.0,8.05
saranshbarua,2,https://github.com/saranshbarua,User,False,3015.0,0.0,0.0,0,30,46,5,False,excalidraw,0.0,8.26
roxanagherle,2,https://github.com/roxanagherle,User,False,3883.0,0.0,0.0,0,12,11,0,False,excalidraw,0.0,10.64
Rafi993,2,https://github.com/Rafi993,User,False,3877.0,0.0,0.0,0,30,45,33,False,excalidraw,0.0,10.62
rubjo,2,https://github.com/rubjo,User,False,2383.0,0.0,0.0,30,30,97,7,False,excalidraw,0.0,6.53
mx2s,2,https://github.com/mx2s,User,False,3091.0,30.0,30.0,30,30,43,9,False,excalidraw,1.0,8.47
wuweiweiwu,2,https://github.com/wuweiweiwu,User,False,2595.0,30.0,30.0,30,30,187,17,False,excalidraw,1.0,7.11
lucleray,2,https://github.com/lucleray,User,False,4027.0,30.0,30.0,28,30,478,400,False,excalidraw,1.0,11.03
Nishant-l,2,https://github.com/Nishant-l,User,False,1827.0,2.0,2.0,1,27,4,25,False,excalidraw,1.0,5.01
jaiwanth-v,2,https://github.com/jaiwanth-v,User,False,1734.0,0.0,0.0,0,13,0,5,False,excalidraw,0.0,4.75
ishandeveloper,2,https://github.com/ishandeveloper,User,False,1991.0,30.0,30.0,30,30,764,388,False,excalidraw,1.0,5.45
7flash,2,https://github.com/7flash,User,False,4281.0,30.0,30.0,30,30,195,25,False,excalidraw,1.0,11.73
SavvyShah,2,https://github.com/SavvyShah,User,False,2053.0,30.0,30.0,9,30,18,20,False,excalidraw,1.0,5.62
vnsteven,2,https://github.com/vnsteven,User,False,2231.0,5.0,4.0,0,8,12,5,False,excalidraw,0.8,6.11
mabdullahadeel,2,https://github.com/mabdullahadeel,User,False,1759.0,30.0,30.0,0,30,45,130,False,excalidraw,1.0,4.82
abhikulshrestha22,2,https://github.com/abhikulshrestha22,User,False,3762.0,0.0,0.0,0,30,3,7,False,excalidraw,0.0,10.31
adilhaddaoui,2,https://github.com/adilhaddaoui,User,False,4186.0,0.0,0.0,0,7,18,3,False,excalidraw,0.0,11.47
Mingaaaaaaa,2,https://github.com/Mingaaaaaaa,User,False,1161.0,0.0,0.0,0,11,6,0,False,excalidraw,0.0,3.18
aqandrew,2,https://github.com/aqandrew,User,False,3786.0,0.0,0.0,0,30,30,50,False,excalidraw,0.0,10.37
rothardo,2,https://github.com/rothardo,User,False,1393.0,0.0,0.0,0,25,8,2,False,excalidraw,0.0,3.82
carlsverre,2,https://github.com/carlsverre,User,False,5763.0,0.0,0.0,0,30,178,49,False,excalidraw,0.0,15.79
cyan33,2,https://github.com/cyan33,User,False,3509.0,0.0,0.0,0,30,494,146,False,excalidraw,0.0,9.61
clarencechaan,2,https://github.com/clarencechaan,User,False,1656.0,0.0,0.0,0,30,19,3,False,excalidraw,0.0,4.54
alsuren,2,https://github.com/alsuren,User,False,5409.0,0.0,30.0,30,30,63,1,False,excalidraw,0.0,14.82
OrenMe,2,https://github.com/OrenMe,User,False,4173.0,30.0,30.0,30,16,15,0,False,excalidraw,1.0,11.43
nschnierer,2,https://github.com/nschnierer,User,False,4361.0,30.0,30.0,30,7,18,5,False,excalidraw,1.0,11.95
azz,2,https://github.com/azz,User,False,4795.0,30.0,30.0,30,30,366,34,False,excalidraw,1.0,13.14
keyz,2,https://github.com/keyz,User,False,4550.0,30.0,30.0,22,30,777,47,False,excalidraw,1.0,12.47
jaredpalmer,2,https://github.com/jaredpalmer,User,False,4336.0,30.0,30.0,30,30,9696,10908,False,excalidraw,1.0,11.88
JakubKoralewski,2,https://github.com/JakubKoralewski,User,False,2355.0,30.0,30.0,30,30,32,21,False,excalidraw,1.0,6.45
jai-dewani,2,https://github.com/jai-dewani,User,False,2657.0,30.0,30.0,30,30,217,12,False,excalidraw,1.0,7.28
fernandoalava,2,https://github.com/fernandoalava,User,False,4015.0,25.0,18.0,2,30,7,0,False,excalidraw,0.72,11.0
FarooqAR,2,https://github.com/FarooqAR,User,False,3891.0,30.0,30.0,30,30,44,3,False,excalidraw,1.0,10.66
edbentley,2,https://github.com/edbentley,User,False,3378.0,30.0,0.0,0,21,21,385,False,excalidraw,0.0,9.25
therealrinku,1,https://github.com/therealrinku,User,False,1506.0,0.0,0.0,0,25,11,45,False,excalidraw,0.0,4.13
robertvanhoesel,1,https://github.com/robertvanhoesel,User,False,4024.0,0.0,0.0,0,13,31,0,False,excalidraw,0.0,11.02
nosnibor89,1,https://github.com/nosnibor89,User,False,3440.0,0.0,0.0,0,30,10,4,False,excalidraw,0.0,9.42
irounik,1,https://github.com/irounik,User,False,1948.0,0.0,0.0,0,30,27,0,False,excalidraw,0.0,5.34
SahilNagpure07,1,https://github.com/SahilNagpure07,User,False,1511.0,0.0,0.0,0,26,0,0,False,excalidraw,0.0,4.14
mxstbr,1,https://github.com/mxstbr,User,False,3937.0,0.0,0.0,0,30,6947,133,False,excalidraw,0.0,10.79
Git21221,1,https://github.com/Git21221,User,False,1080.0,30.0,30.0,30,30,16,73,False,excalidraw,1.0,2.96
sakit0,1,https://github.com/sakit0,User,False,3421.0,30.0,30.0,22,30,92,7,False,excalidraw,1.0,9.37
dacitto,1,https://github.com/dacitto,User,False,3013.0,12.0,7.0,3,30,32,12,False,excalidraw,0.5833333333333334,8.25
FadedBronze,1,https://github.com/FadedBronze,User,False,974.0,15.0,13.0,2,30,2,1,False,excalidraw,0.8666666666666667,2.67
Simonboeuf1,1,https://github.com/Simonboeuf1,User,False,2275.0,3.0,3.0,2,10,4,0,False,excalidraw,1.0,6.23
mesaugat,1,https://github.com/mesaugat,User,False,4317.0,30.0,30.0,30,30,236,795,False,excalidraw,1.0,11.83
sbalay,1,https://github.com/sbalay,User,False,4609.0,30.0,30.0,30,30,40,2,False,excalidraw,1.0,12.63
chicoxyzzy,1,https://github.com/chicoxyzzy,User,False,4731.0,30.0,30.0,30,30,970,34,False,excalidraw,1.0,12.96
theezeb,1,https://github.com/theezeb,User,False,2083.0,10.0,5.0,25,27,4,0,False,excalidraw,0.5,5.71
sha-linimoorthy,1,https://github.com/sha-linimoorthy,User,False,951.0,11.0,4.0,7,30,3,12,False,excalidraw,0.36363636363636365,2.61
shaneosullivan,1,https://github.com/shaneosullivan,User,False,5865.0,0.0,0.0,0,30,125,87,False,excalidraw,0.0,16.07
shreyjay0,1,https://github.com/shreyjay0,User,False,2389.0,0.0,0.0,0,30,5,2,False,excalidraw,0.0,6.55
caleboleary,1,https://github.com/caleboleary,User,False,3540.0,0.0,0.0,0,30,23,75,False,excalidraw,0.0,9.7
s-rd,1,https://github.com/s-rd,User,False,3288.0,0.0,0.0,0,25,55,6,False,excalidraw,0.0,9.01
mtlewis,1,https://github.com/mtlewis,User,False,5161.0,0.0,0.0,0,30,32,1,False,excalidraw,0.0,14.14
salehmdev,1,https://github.com/salehmdev,User,False,2684.0,0.0,0.0,0,13,3,1,False,excalidraw,0.0,7.35
mohammadamin16,1,https://github.com/mohammadamin16,User,False,2579.0,0.0,0.0,0,30,15,11,False,excalidraw,0.0,7.07
mritunjayz,1,https://github.com/mritunjayz,User,False,3065.0,0.0,0.0,0,30,54,1,False,excalidraw,0.0,8.4
Nainterceptor,1,https://github.com/Nainterceptor,User,False,4735.0,30.0,30.0,30,30,36,3,False,excalidraw,1.0,12.97
mikemybytes,1,https://github.com/mikemybytes,User,False,3791.0,11.0,11.0,20,20,49,136,False,excalidraw,1.0,10.39
NickFitton,1,https://github.com/NickFitton,User,False,3789.0,30.0,30.0,30,30,15,1,False,excalidraw,1.0,10.38
MehediH,1,https://github.com/MehediH,User,False,3709.0,30.0,30.0,30,29,331,1337,False,excalidraw,1.0,10.16
oliverbenns,1,https://github.com/oliverbenns,User,False,4597.0,28.0,22.0,30,30,39,260,False,excalidraw,0.7857142857142857,12.59
Brikaa,1,https://github.com/Brikaa,User,False,2434.0,30.0,30.0,30,30,79,12,False,excalidraw,1.0,6.67
Patrik-Lundqvist,1,https://github.com/Patrik-Lundqvist,User,False,4205.0,30.0,30.0,30,6,14,3,False,excalidraw,1.0,11.52
ptuls,1,https://github.com/ptuls,User,False,4597.0,16.0,14.0,4,29,28,123,False,excalidraw,0.875,12.59
paul-s-yi,1,https://github.com/paul-s-yi,User,False,1321.0,13.0,12.0,0,9,55,2,False,excalidraw,0.9230769230769231,3.62
pedropb,1,https://github.com/pedropb,User,False,3405.0,30.0,26.0,9,30,10,5,False,excalidraw,0.8666666666666667,9.33
Pierre-Monier,1,https://github.com/Pierre-Monier,User,False,1737.0,0.0,0.0,0,30,16,33,False,excalidraw,0.0,4.76
pimotte,1,https://github.com/pimotte,User,False,4115.0,0.0,0.0,0,30,24,10,False,excalidraw,0.0,11.27
Pompette,1,https://github.com/Pompette,User,False,3925.0,0.0,0.0,0,16,6,1,False,excalidraw,0.0,10.75
agarwalprashant,1,https://github.com/agarwalprashant,User,False,3862.0,0.0,0.0,0,30,7,1,False,excalidraw,0.0,10.58
PritamSangani,1,https://github.com/PritamSangani,User,False,3046.0,0.0,0.0,0,10,11,2,False,excalidraw,0.0,8.35
rahul3v,1,https://github.com/rahul3v,User,False,2996.0,0.0,0.0,0,30,6,1,False,excalidraw,0.0,8.21
Rajni2002,1,https://github.com/Rajni2002,User,False,1402.0,0.0,0.0,0,30,19,16,False,excalidraw,0.0,3.84
richkeenan,1,https://github.com/richkeenan,User,False,4875.0,20.0,19.0,25,17,11,8,False,excalidraw,0.95,13.36
rileyschnee,1,https://github.com/rileyschnee,User,False,3082.0,20.0,19.0,2,19,16,1,False,excalidraw,0.95,8.44
subhadeep-sengupta,1,https://github.com/subhadeep-sengupta,User,False,1228.0,1.0,1.0,0,10,3,0,False,excalidraw,1.0,3.36
anumithaapollo12,1,https://github.com/anumithaapollo12,User,False,2500.0,2.0,2.0,0,6,6,0,False,excalidraw,1.0,6.85
b1sar,1,https://github.com/b1sar,User,False,3130.0,10.0,8.0,3,12,15,1,False,excalidraw,0.8,8.58
liuzhuan,1,https://github.com/liuzhuan,User,False,4324.0,7.0,4.0,30,30,32,15,False,excalidraw,0.5714285714285714,11.85
YinDongFang,1,https://github.com/YinDongFang,User,False,3357.0,30.0,23.0,16,30,20,4,False,excalidraw,0.7666666666666667,9.2
fennghuang,1,https://github.com/fennghuang,User,False,1281.0,30.0,30.0,2,24,0,1,False,excalidraw,1.0,3.51
halocean96,1,https://github.com/halocean96,User,False,510.0,5.0,5.0,2,11,1,0,False,excalidraw,1.0,1.4
hiharish-sh,1,https://github.com/hiharish-sh,User,False,2570.0,19.0,13.0,0,24,3,0,False,excalidraw,0.6842105263157895,7.04
hugo082,1,https://github.com/hugo082,User,False,3578.0,0.0,0.0,0,24,14,0,False,excalidraw,0.0,9.8
jasonphillips,1,https://github.com/jasonphillips,User,False,4145.0,0.0,0.0,0,30,20,105,False,excalidraw,0.0,11.36
monkeywithacupcake,1,https://github.com/monkeywithacupcake,User,False,3959.0,0.0,0.0,0,30,143,4,False,excalidraw,0.0,10.85
johnd99,1,https://github.com/johnd99,User,False,1318.0,0.0,0.0,0,7,0,1,False,excalidraw,0.0,3.61
Login,Contributions,URL,Type,Site Admin,,,,Total Issues Opened,Total Repositories Contributed To,Followers,Stars Received,Is Member of Organization,excalidraw,0.0,0.0
lipis,284,https://github.com/lipis,User,False,5638.0,0.0,0.0,0,30,1572,5047,True,excalidraw,0.0,15.45
giovannigiordano,47,https://github.com/giovannigiordano,User,False,3412.0,30.0,30.0,22,26,18,2,False,excalidraw,1.0,9.35
Fausto95,46,https://github.com/Fausto95,User,False,3024.0,30.0,30.0,30,30,111,141,True,excalidraw,1.0,8.28
ryan-di,45,https://github.com/ryan-di,User,False,2206.0,30.0,30.0,10,6,23,0,True,excalidraw,1.0,6.04
nanot1m,35,https://github.com/nanot1m,User,False,3776.0,30.0,30.0,30,30,59,15,False,excalidraw,1.0,10.35
mtolmacs,34,https://github.com/mtolmacs,User,False,3427.0,30.0,30.0,26,23,10,35,False,excalidraw,1.0,9.39
pshihn,11,https://github.com/pshihn,User,False,5004.0,0.0,0.0,0,30,644,380,False,excalidraw,0.0,13.71
yongdamsh,11,https://github.com/yongdamsh,User,False,4330.0,0.0,0.0,0,11,27,0,False,excalidraw,0.0,11.86
lusingander,11,https://github.com/lusingander,User,False,2731.0,0.0,0.0,0,30,58,310,False,excalidraw,0.0,7.48
KentBeck,10,https://github.com/KentBeck,User,False,5879.0,12.0,12.0,0,23,2784,370,False,excalidraw,1.0,16.11
muzakparov,9,https://github.com/muzakparov,User,False,2876.0,30.0,28.0,4,30,366,6,False,excalidraw,0.9333333333333333,7.88
lissitz,9,https://github.com/lissitz,User,False,2033.0,11.0,10.0,15,9,4,6,False,excalidraw,0.9090909090909091,5.57
bradymadden97,9,https://github.com/bradymadden97,User,False,3306.0,30.0,30.0,30,30,11,68,False,excalidraw,1.0,9.06
alex-kim-dev,8,https://github.com/alex-kim-dev,User,False,2268.0,30.0,30.0,30,30,7,9,False,excalidraw,1.0,6.21
Jnforja,8,https://github.com/Jnforja,User,False,3987.0,11.0,10.0,6,14,22,3,False,excalidraw,0.9090909090909091,10.92
are,7,https://github.com/are,User,False,4363.0,0.0,0.0,0,30,14,8,False,excalidraw,0.0,11.95
warrenseine,6,https://github.com/warrenseine,User,False,5164.0,0.0,0.0,0,30,60,46,False,excalidraw,0.0,14.15
jsjoeio,5,https://github.com/jsjoeio,User,False,4364.0,0.0,0.0,0,30,1030,64,False,excalidraw,0.0,11.96
gmertk,5,https://github.com/gmertk,User,False,4970.0,0.0,0.0,0,30,163,2797,False,excalidraw,0.0,13.62
jquintozamora,5,https://github.com/jquintozamora,User,False,3561.0,0.0,0.0,0,27,164,278,False,excalidraw,0.0,9.76
adarkforce,4,https://github.com/adarkforce,User,False,2111.0,0.0,0.0,0,25,10,60,False,excalidraw,0.0,5.78
connor-pph,4,https://github.com/connor-pph,User,False,2531.0,9.0,5.0,1,2,3,0,False,excalidraw,0.5555555555555556,6.93
johtso,3,https://github.com/johtso,User,False,5006.0,30.0,30.0,30,30,23,22,False,excalidraw,1.0,13.72
jdbruxelles,3,https://github.com/jdbruxelles,User,False,3225.0,30.0,22.0,30,10,27,3,False,excalidraw,0.7333333333333333,8.84
msal4,3,https://github.com/msal4,User,False,2778.0,30.0,30.0,30,30,51,20,False,excalidraw,1.0,7.61
sosukesuzuki,3,https://github.com/sosukesuzuki,User,False,3433.0,30.0,30.0,30,30,556,9,False,excalidraw,1.0,9.41
jillesme,3,https://github.com/jillesme,User,False,4458.0,0.0,0.0,0,30,81,43,False,excalidraw,0.0,12.21
CompuIves,3,https://github.com/CompuIves,User,False,5134.0,0.0,0.0,0,30,2591,80,False,excalidraw,0.0,14.07
HerbCaudill,3,https://github.com/HerbCaudill,User,False,4572.0,0.0,0.0,0,30,97,57,False,excalidraw,0.0,12.53
hamirmahal,3,https://github.com/hamirmahal,User,False,2342.0,0.0,0.0,0,30,39,2,False,excalidraw,0.0,6.42
ggrossetie,3,https://github.com/ggrossetie,User,False,5330.0,0.0,30.0,30,30,232,168,False,excalidraw,0.0,14.6
tom-sherman,2,https://github.com/tom-sherman,User,False,3777.0,30.0,30.0,30,30,132,54,False,excalidraw,1.0,10.35
thibautsabot,2,https://github.com/thibautsabot,User,False,3776.0,30.0,30.0,8,30,38,64,False,excalidraw,1.0,10.35
ThangHuuVu,2,https://github.com/ThangHuuVu,User,False,2726.0,30.0,30.0,30,30,282,30,False,excalidraw,1.0,7.47
vsaravind01,2,https://github.com/vsaravind01,User,False,1783.0,30.0,30.0,1,30,12,5,False,excalidraw,1.0,4.88
SH5H,2,https://github.com/SH5H,User,False,2939.0,30.0,0.0,0,12,14,12,False,excalidraw,0.0,8.05
rubjo,2,https://github.com/rubjo,User,False,2383.0,0.0,0.0,0,30,97,7,False,excalidraw,0.0,6.53
mx2s,2,https://github.com/mx2s,User,False,3091.0,0.0,0.0,0,30,43,9,False,excalidraw,0.0,8.47
wuweiweiwu,2,https://github.com/wuweiweiwu,User,False,2595.0,0.0,0.0,0,30,187,17,False,excalidraw,0.0,7.11
lucleray,2,https://github.com/lucleray,User,False,4027.0,0.0,0.0,0,30,478,400,False,excalidraw,0.0,11.03
Nishant-l,2,https://github.com/Nishant-l,User,False,1827.0,0.0,0.0,0,27,4,25,False,excalidraw,0.0,5.01
mabdullahadeel,2,https://github.com/mabdullahadeel,User,False,1759.0,30.0,30.0,30,30,45,130,False,excalidraw,1.0,4.82
abhikulshrestha22,2,https://github.com/abhikulshrestha22,User,False,3762.0,4.0,4.0,3,30,3,7,False,excalidraw,1.0,10.31
adilhaddaoui,2,https://github.com/adilhaddaoui,User,False,4186.0,4.0,3.0,5,7,18,3,False,excalidraw,0.75,11.47
Mingaaaaaaa,2,https://github.com/Mingaaaaaaa,User,False,1161.0,3.0,3.0,4,11,6,0,False,excalidraw,1.0,3.18
aqandrew,2,https://github.com/aqandrew,User,False,3786.0,30.0,30.0,30,30,30,50,False,excalidraw,1.0,10.37
rothardo,2,https://github.com/rothardo,User,False,1393.0,7.0,5.0,0,25,8,2,False,excalidraw,0.7142857142857143,3.82
alsuren,2,https://github.com/alsuren,User,False,5409.0,0.0,0.0,0,30,63,1,False,excalidraw,0.0,14.82
OrenMe,2,https://github.com/OrenMe,User,False,4173.0,0.0,0.0,0,16,15,0,False,excalidraw,0.0,11.43
nschnierer,2,https://github.com/nschnierer,User,False,4361.0,0.0,0.0,0,7,18,5,False,excalidraw,0.0,11.95
azz,2,https://github.com/azz,User,False,4795.0,0.0,0.0,0,30,366,34,False,excalidraw,0.0,13.14
keyz,2,https://github.com/keyz,User,False,4550.0,0.0,0.0,0,30,777,47,False,excalidraw,0.0,12.47
jaredpalmer,2,https://github.com/jaredpalmer,User,False,4337.0,0.0,0.0,0,30,9697,10908,False,excalidraw,0.0,11.88
JakubKoralewski,2,https://github.com/JakubKoralewski,User,False,2355.0,0.0,0.0,0,30,32,21,False,excalidraw,0.0,6.45
jai-dewani,2,https://github.com/jai-dewani,User,False,2657.0,0.0,0.0,0,30,217,12,False,excalidraw,0.0,7.28
fernandoalava,2,https://github.com/fernandoalava,User,False,4015.0,0.0,0.0,0,30,7,0,False,excalidraw,0.0,11.0
edbentley,2,https://github.com/edbentley,User,False,3378.0,30.0,30.0,15,21,21,385,False,excalidraw,1.0,9.25
therealrinku,1,https://github.com/therealrinku,User,False,1506.0,30.0,30.0,16,25,11,45,False,excalidraw,1.0,4.13
robertvanhoesel,1,https://github.com/robertvanhoesel,User,False,4024.0,28.0,22.0,30,13,31,0,False,excalidraw,0.7857142857142857,11.02
nosnibor89,1,https://github.com/nosnibor89,User,False,3440.0,16.0,9.0,6,30,10,4,False,excalidraw,0.5625,9.42
irounik,1,https://github.com/irounik,User,False,1948.0,5.0,5.0,4,30,27,0,False,excalidraw,1.0,5.34
SahilNagpure07,1,https://github.com/SahilNagpure07,User,False,1511.0,21.0,14.0,1,26,0,0,False,excalidraw,0.6666666666666666,4.14
mxstbr,1,https://github.com/mxstbr,User,False,3937.0,30.0,30.0,30,30,6947,133,False,excalidraw,1.0,10.79
dacitto,1,https://github.com/dacitto,User,False,3013.0,0.0,0.0,0,30,32,12,False,excalidraw,0.0,8.25
FadedBronze,1,https://github.com/FadedBronze,User,False,974.0,0.0,0.0,0,30,2,1,False,excalidraw,0.0,2.67
Simonboeuf1,1,https://github.com/Simonboeuf1,User,False,2275.0,0.0,0.0,0,10,4,0,False,excalidraw,0.0,6.23
mesaugat,1,https://github.com/mesaugat,User,False,4317.0,0.0,0.0,0,30,236,795,False,excalidraw,0.0,11.83
sbalay,1,https://github.com/sbalay,User,False,4609.0,0.0,0.0,0,30,40,2,False,excalidraw,0.0,12.63
chicoxyzzy,1,https://github.com/chicoxyzzy,User,False,4731.0,0.0,0.0,0,30,970,34,False,excalidraw,0.0,12.96
theezeb,1,https://github.com/theezeb,User,False,2083.0,0.0,0.0,0,27,4,0,False,excalidraw,0.0,5.71
sha-linimoorthy,1,https://github.com/sha-linimoorthy,User,False,951.0,0.0,0.0,0,30,3,12,False,excalidraw,0.0,2.61
s-rd,1,https://github.com/s-rd,User,False,3288.0,16.0,14.0,10,25,55,6,False,excalidraw,0.875,9.01
mtlewis,1,https://github.com/mtlewis,User,False,5161.0,30.0,30.0,30,30,32,1,False,excalidraw,1.0,14.14
salehmdev,1,https://github.com/salehmdev,User,False,2684.0,12.0,10.0,4,13,3,1,False,excalidraw,0.8333333333333334,7.35
mohammadamin16,1,https://github.com/mohammadamin16,User,False,2579.0,10.0,8.0,1,30,15,11,False,excalidraw,0.8,7.07
mritunjayz,1,https://github.com/mritunjayz,User,False,3065.0,30.0,30.0,11,30,54,1,False,excalidraw,1.0,8.4
Brikaa,1,https://github.com/Brikaa,User,False,2434.0,0.0,0.0,0,30,79,12,False,excalidraw,0.0,6.67
Patrik-Lundqvist,1,https://github.com/Patrik-Lundqvist,User,False,4205.0,0.0,0.0,0,6,14,3,False,excalidraw,0.0,11.52
ptuls,1,https://github.com/ptuls,User,False,4597.0,0.0,0.0,0,29,28,123,False,excalidraw,0.0,12.59
paul-s-yi,1,https://github.com/paul-s-yi,User,False,1321.0,0.0,0.0,0,9,55,2,False,excalidraw,0.0,3.62
pedropb,1,https://github.com/pedropb,User,False,3405.0,0.0,0.0,0,30,10,5,False,excalidraw,0.0,9.33
rahul3v,1,https://github.com/rahul3v,User,False,2996.0,0.0,0.0,30,30,6,1,False,excalidraw,0.0,8.21
Rajni2002,1,https://github.com/Rajni2002,User,False,1402.0,30.0,30.0,3,30,19,16,False,excalidraw,1.0,3.84
halocean96,1,https://github.com/halocean96,User,False,510.0,5.0,5.0,0,11,1,0,False,excalidraw,1.0,1.4
hiharish-sh,1,https://github.com/hiharish-sh,User,False,2570.0,0.0,0.0,0,24,3,0,False,excalidraw,0.0,7.04
luzpaz,1,https://github.com/luzpaz,User,False,4328.0,0.0,0.0,0,30,232,1,False,excalidraw,0.0,11.86
maruric,1,https://github.com/maruric,User,False,3274.0,0.0,0.0,0,0,3,0,False,excalidraw,0.0,8.97
mazijian-pp,1,https://github.com/mazijian-pp,User,False,1649.0,0.0,0.0,0,13,1,5,False,excalidraw,0.0,4.52
rafaquelhodev,1,https://github.com/rafaquelhodev,User,False,2170.0,0.0,0.0,0,30,5,6,False,excalidraw,0.0,5.95
reymon359,1,https://github.com/reymon359,User,False,2713.0,0.0,0.0,0,30,106,62,False,excalidraw,0.0,7.43
rulikrulit,1,https://github.com/rulikrulit,User,False,4043.0,30.0,30.0,1,10,1,0,False,excalidraw,1.0,11.08
siddhant1,1,https://github.com/siddhant1,User,False,2759.0,30.0,30.0,30,30,58,13,False,excalidraw,1.0,7.56
spc-28,1,https://github.com/spc-28,User,False,584.0,11.0,8.0,9,15,0,0,False,excalidraw,0.7272727272727273,1.6
suwalkanishka,1,https://github.com/suwalkanishka,User,False,2974.0,1.0,1.0,1,4,5,0,False,excalidraw,1.0,8.15
tothatt81,1,https://github.com/tothatt81,User,False,2454.0,6.0,6.0,7,7,2,0,False,excalidraw,1.0,6.72
wasp77,1,https://github.com/wasp77,User,False,3060.0,2.0,2.0,0,30,0,0,False,excalidraw,1.0,8.38
wboucher,1,https://github.com/wboucher,User,False,4037.0,1.0,1.0,0,5,2,1,False,excalidraw,1.0,11.06
ismailnamdar,1,https://github.com/ismailnamdar,User,False,2734.0,18.0,18.0,1,25,32,49,False,excalidraw,1.0,7.49
2hanbyeol1,1,https://github.com/2hanbyeol1,User,False,1476.0,30.0,30.0,30,30,31,3,False,excalidraw,1.0,4.04
sunil-sharma-999,1,https://github.com/sunil-sharma-999,User,False,1362.0,15.0,10.0,30,30,4,0,False,excalidraw,0.6666666666666666,3.73
SvenKube,1,https://github.com/SvenKube,User,False,3870.0,0.0,0.0,0,16,10,5,False,excalidraw,0.0,10.6
gitkumi,1,https://github.com/gitkumi,User,False,4152.0,0.0,0.0,0,17,2,0,False,excalidraw,0.0,11.38
tempewda,1,https://github.com/tempewda,User,False,1279.0,0.0,0.0,0,30,41,4,False,excalidraw,0.0,3.5
tfarhan00,1,https://github.com/tfarhan00,User,False,952.0,0.0,0.0,0,8,7,0,False,excalidraw,0.0,2.61
tomdohnal,1,https://github.com/tomdohnal,User,False,3043.0,0.0,0.0,0,30,33,3,False,excalidraw,0.0,8.34
tomhicks,1,https://github.com/tomhicks,User,False,4380.0,0.0,0.0,0,30,50,21,False,excalidraw,0.0,12.0
tommilligan,1,https://github.com/tommilligan,User,False,3576.0,0.0,0.0,0,30,35,4,False,excalidraw,0.0,9.8
sulco,1,https://github.com/sulco,User,False,4730.0,0.0,0.0,0,30,190,1042,False,excalidraw,0.0,12.96
typehorror,1,https://github.com/typehorror,User,False,5838.0,0.0,0.0,0,30,21,49,False,excalidraw,0.0,15.99
valgussev,1,https://github.com/valgussev,User,False,2505.0,0.0,0.0,0,3,3,0,False,excalidraw,0.0,6.86
Vatsalsoni13,1,https://github.com/Vatsalsoni13,User,False,2027.0,30.0,30.0,3,29,28,4,False,excalidraw,1.0,5.55
inwardmovement,1,https://github.com/inwardmovement,User,False,3764.0,30.0,30.0,30,1,3,0,False,excalidraw,1.0,10.31
s1lverfish,1,https://github.com/s1lverfish,User,False,3200.0,4.0,2.0,3,20,2,0,False,excalidraw,0.5,8.77
vincentfretin,1,https://github.com/vincentfretin,User,False,5674.0,30.0,30.0,30,30,116,23,False,excalidraw,1.0,15.55
WBbug,1,https://github.com/WBbug,User,False,1306.0,30.0,30.0,11,20,7,1,False,excalidraw,1.0,3.58
WabweniBrian,1,https://github.com/WabweniBrian,User,False,865.0,12.0,8.0,0,30,17,30,False,excalidraw,0.6666666666666666,2.37
noiron,1,https://github.com/noiron,User,False,4333.0,6.0,4.0,29,30,73,52,False,excalidraw,0.6666666666666666,11.87
yongjoon-km,1,https://github.com/yongjoon-km,User,False,2980.0,30.0,30.0,17,30,8,7,False,excalidraw,1.0,8.16
YouriTjang,1,https://github.com/YouriTjang,User,False,4842.0,8.0,7.0,3,15,25,0,False,excalidraw,0.875,13.27
ymeskini,1,https://github.com/ymeskini,User,False,2777.0,17.0,14.0,12,12,8,0,False,excalidraw,0.8235294117647058,7.61
yubinTW,1,https://github.com/yubinTW,User,False,2725.0,0.0,0.0,0,30,43,26,False,excalidraw,0.0,7.47
Yuvashkenazi,1,https://github.com/Yuvashkenazi,User,False,2353.0,0.0,0.0,0,4,2,0,False,excalidraw,0.0,6.45
haikyuu,1,https://github.com/haikyuu,User,False,3827.0,0.0,0.0,0,30,117,5,False,excalidraw,0.0,10.48
anishagg17,1,https://github.com/anishagg17,User,False,2335.0,0.0,0.0,0,30,61,2,False,excalidraw,0.0,6.4
ChinmayMhatre,1,https://github.com/ChinmayMhatre,User,False,2091.0,0.0,0.0,0,30,63,15,False,excalidraw,0.0,5.73
chrsep,1,https://github.com/chrsep,User,False,3835.0,0.0,0.0,0,30,29,14,False,excalidraw,0.0,10.51
christianalfoni,1,https://github.com/christianalfoni,User,False,4347.0,0.0,0.0,0,30,951,54,False,excalidraw,0.0,11.91
christophepas,1,https://github.com/christophepas,User,False,4014.0,0.0,0.0,0,9,10,2,False,excalidraw,0.0,11.0
johnrazeur,1,https://github.com/johnrazeur,User,False,4779.0,0.0,0.0,0,30,18,29,False,excalidraw,0.0,13.09
Contextualist,1,https://github.com/Contextualist,User,False,3373.0,0.0,0.0,0,30,14,353,False,excalidraw,0.0,9.24
CoyoteWaltz,1,https://github.com/CoyoteWaltz,User,False,2219.0,30.0,30.0,7,14,16,11,False,excalidraw,1.0,6.08
dantehemerson,1,https://github.com/dantehemerson,User,False,3234.0,30.0,30.0,30,30,107,83,False,excalidraw,1.0,8.86
DejavuMoe,1,https://github.com/DejavuMoe,User,False,1937.0,29.0,26.0,26,30,88,91,False,excalidraw,0.896551724137931,5.31
mishankov,1,https://github.com/mishankov,User,False,2868.0,30.0,30.0,30,30,25,25,False,excalidraw,1.0,7.86
denisgolius,1,https://github.com/denisgolius,User,False,4148.0,30.0,30.0,30,30,64,0,False,excalidraw,1.0,11.36
Dreace,1,https://github.com/Dreace,User,False,2669.0,11.0,7.0,5,30,63,101,False,excalidraw,0.6363636363636364,7.31
dvir,1,https://github.com/dvir,User,False,5115.0,5.0,3.0,30,12,7,7,False,excalidraw,0.6,14.01
emmanuel-ferdman,1,https://github.com/emmanuel-ferdman,User,False,2589.0,30.0,30.0,10,21,43,15,False,excalidraw,1.0,7.09
stbneb,1,https://github.com/stbneb,User,False,2920.0,10.0,10.0,5,4,6,0,False,excalidraw,1.0,8.0
es-romo,1,https://github.com/es-romo,User,False,3579.0,7.0,5.0,2,18,13,3,False,excalidraw,0.7142857142857143,9.81
EternalWill43,1,https://github.com/EternalWill43,User,False,1639.0,0.0,0.0,0,30,2,0,False,excalidraw,0.0,4.49
fabien0102,1,https://github.com/fabien0102,User,False,4654.0,0.0,0.0,0,30,136,434,False,excalidraw,0.0,12.75
fsefidabi,1,https://github.com/fsefidabi,User,False,1614.0,0.0,0.0,0,24,17,7,False,excalidraw,0.0,4.42
1fbr,1,https://github.com/1fbr,User,False,1764.0,0.0,0.0,0,8,1,0,False,excalidraw,0.0,4.83
FilBot3,1,https://github.com/FilBot3,User,False,4448.0,0.0,0.0,0,30,25,16,False,excalidraw,0.0,12.19
fdemir,1,https://github.com/fdemir,User,False,2174.0,0.0,0.0,0,30,159,24,False,excalidraw,0.0,5.96
GabiRepare,1,https://github.com/GabiRepare,User,False,3638.0,0.0,0.0,0,11,3,0,False,excalidraw,0.0,9.97
jeremyscatigna,1,https://github.com/jeremyscatigna,User,False,3387.0,0.0,0.0,0,30,18,6,False,excalidraw,0.0,9.28
aashirisrar,1,https://github.com/aashirisrar,User,False,1767.0,0.0,0.0,0,30,5,4,False,excalidraw,0.0,4.84
aashmanVerma,1,https://github.com/aashmanVerma,User,False,911.0,30.0,22.0,4,30,2,0,False,excalidraw,0.7333333333333333,2.5
abhitrueprogrammer,1,https://github.com/abhitrueprogrammer,User,False,1705.0,30.0,30.0,23,30,9,0,False,excalidraw,1.0,4.67
abhi12299,1,https://github.com/abhi12299,User,False,2552.0,30.0,30.0,18,30,42,32,False,excalidraw,1.0,6.99
golok727,1,https://github.com/golok727,User,False,754.0,30.0,30.0,15,30,55,15,False,excalidraw,1.0,2.07
AdoPi,1,https://github.com/AdoPi,User,False,4110.0,22.0,11.0,18,30,31,3,False,excalidraw,0.5,11.26
Ajaykumbhare,1,https://github.com/Ajaykumbhare,User,False,3277.0,17.0,14.0,9,14,7,22,False,excalidraw,0.8235294117647058,8.98
atorcode,1,https://github.com/atorcode,User,False,1174.0,1.0,1.0,2,13,6,2,False,excalidraw,1.0,3.22
bratsos,1,https://github.com/bratsos,User,False,3550.0,10.0,8.0,20,16,23,3,False,excalidraw,0.8,9.73
AlexandreLemoine40,1,https://github.com/AlexandreLemoine40,User,False,2211.0,5.0,5.0,7,11,2,1,False,excalidraw,1.0,6.06
andelf,1,https://github.com/andelf,User,False,5790.0,30.0,30.0,30,30,1562,70,False,excalidraw,1.0,15.86
Andran1k,1,https://github.com/Andran1k,User,False,1244.0,0.0,0.0,0,1,0,0,False,excalidraw,0.0,3.41
agebhar1,1,https://github.com/agebhar1,User,False,4525.0,0.0,0.0,0,30,69,19,False,excalidraw,0.0,12.4
andrew-hesse,1,https://github.com/andrew-hesse,User,False,3441.0,0.0,0.0,0,4,4,9,False,excalidraw,0.0,9.43
andresriveratoro,1,https://github.com/andresriveratoro,User,False,2547.0,0.0,0.0,0,3,4,0,False,excalidraw,0.0,6.98
anirban09,1,https://github.com/anirban09,User,False,4518.0,0.0,0.0,0,5,9,1,False,excalidraw,0.0,12.38
defint,1,https://github.com/defint,User,False,4726.0,0.0,0.0,0,30,7,17,False,excalidraw,0.0,12.95
fouqueta,1,https://github.com/fouqueta,User,False,934.0,0.0,0.0,0,2,0,0,False,excalidraw,0.0,2.56
snorfyang,1,https://github.com/snorfyang,User,False,1668.0,0.0,0.0,0,6,6,0,False,excalidraw,0.0,4.57
benjaminjkraft,1,https://github.com/benjaminjkraft,User,False,5677.0,0.0,0.0,0,30,72,12,False,excalidraw,0.0,15.55
benjakugler96,1,https://github.com/benjakugler96,User,False,2034.0,0.0,0.0,0,26,6,1,False,excalidraw,0.0,5.57
bendersej,1,https://github.com/bendersej,User,False,3681.0,0.0,0.0,0,10,25,46,False,excalidraw,0.0,10.08
bgrosse-midokura,1,https://github.com/bgrosse-midokura,User,False,2180.0,30.0,30.0,15,10,2,0,False,excalidraw,1.0,5.97
BlueGreenMagick,1,https://github.com/BlueGreenMagick,User,False,2122.0,30.0,30.0,30,30,28,40,False,excalidraw,1.0,5.81
devbrock,1,https://github.com/devbrock,User,False,3210.0,11.0,9.0,1,30,5,2,False,excalidraw,0.8181818181818182,8.79
JRJurman,1,https://github.com/JRJurman,User,False,5337.0,30.0,30.0,30,30,95,31,False,excalidraw,1.0,14.62
Denovocto,1,https://github.com/Denovocto,User,False,2141.0,30.0,30.0,3,16,16,4,False,excalidraw,1.0,5.87
johann-sonntagbauer,1,https://github.com/johann-sonntagbauer,User,False,4824.0,30.0,30.0,30,3,22,0,False,excalidraw,1.0,13.22
jonasbleyl,1,https://github.com/jonasbleyl,User,False,3545.0,30.0,30.0,12,11,29,206,False,excalidraw,1.0,9.71
josephbuchma,1,https://github.com/josephbuchma,User,False,4372.0,30.0,22.0,30,30,24,4,False,excalidraw,0.7333333333333333,11.98
justingreenberg,1,https://github.com/justingreenberg,User,False,4722.0,0.0,0.0,0,1,0,0,False,excalidraw,0.0,12.94
jrmi,1,https://github.com/jrmi,User,False,5143.0,30.0,30.0,30,30,32,115,False,excalidraw,1.0,14.09
jeremymouzin,1,https://github.com/jeremymouzin,User,False,3149.0,0.0,0.0,0,17,36,21,False,excalidraw,0.0,8.63
karlhorky,1,https://github.com/karlhorky,User,False,4608.0,0.0,0.0,0,30,824,820,False,excalidraw,0.0,12.62
nishanthkarthik,1,https://github.com/nishanthkarthik,User,False,3914.0,0.0,0.0,0,30,14,1,False,excalidraw,0.0,10.72
viglucci,1,https://github.com/viglucci,User,False,4063.0,0.0,0.0,0,30,34,78,False,excalidraw,0.0,11.13
lakshz,1,https://github.com/lakshz,User,False,1427.0,0.0,0.0,0,30,28,1,False,excalidraw,0.0,3.91
lily-ge,1,https://github.com/lily-ge,User,False,1865.0,0.0,0.0,0,1,0,0,False,excalidraw,0.0,5.11
lorisdev,1,https://github.com/lorisdev,User,False,2827.0,0.0,0.0,0,17,32,0,False,excalidraw,0.0,7.75
LucaColonnello,1,https://github.com/LucaColonnello,User,False,5167.0,0.0,0.0,0,30,58,2,False,excalidraw,0.0,14.16
LukaHietala,1,https://github.com/LukaHietala,User,False,1178.0,0.0,0.0,0,1,23,0,False,excalidraw,0.0,3.23
bancek,1,https://github.com/bancek,User,False,5297.0,30.0,30.0,27,30,43,151,False,excalidraw,1.0,14.51
lynda0214,1,https://github.com/lynda0214,User,False,3119.0,3.0,2.0,1,23,14,13,False,excalidraw,0.6666666666666666,8.55
brandstetterm,1,https://github.com/brandstetterm,User,False,2544.0,30.0,30.0,30,16,17,2,False,excalidraw,1.0,6.97
marcofranssen,1,https://github.com/marcofranssen,User,False,5075.0,30.0,30.0,30,30,125,21,False,excalidraw,1.0,13.9
ObstinateM,1,https://github.com/ObstinateM,User,False,2267.0,30.0,30.0,26,30,9,49,False,excalidraw,1.0,6.21
patak-dev,1,https://github.com/patak-dev,User,False,5136.0,30.0,30.0,30,30,2883,91,False,excalidraw,1.0,14.07
Mattross45,1,https://github.com/Mattross45,User,False,2087.0,30.0,30.0,1,16,3,0,False,excalidraw,1.0,5.72
mauriceLC92,1,https://github.com/mauriceLC92,User,False,2786.0,27.0,25.0,0,30,29,7,False,excalidraw,0.9259259259259259,7.63
geraintluff,1,https://github.com/geraintluff,User,False,4604.0,30.0,30.0,30,30,211,423,False,excalidraw,1.0,12.61
jackdbd,1,https://github.com/jackdbd,User,False,4231.0,30.0,30.0,30,30,85,200,False,excalidraw,1.0,11.59
Minozzzi,1,https://github.com/Minozzzi,User,False,1811.0,0.0,0.0,0,30,68,14,False,excalidraw,0.0,4.96
guillaumebriday,1,https://github.com/guillaumebriday,User,False,3861.0,0.0,0.0,0,30,573,132,False,excalidraw,0.0,10.58
g4rry420,1,https://github.com/g4rry420,User,False,1817.0,0.0,0.0,0,30,4,0,False,excalidraw,0.0,4.98
ggallon,1,https://github.com/ggallon,User,False,4380.0,0.0,0.0,0,30,39,5,False,excalidraw,0.0,12.0
hampuslavin,1,https://github.com/hampuslavin,User,False,3740.0,0.0,0.0,0,12,6,2,False,excalidraw,0.0,10.25
khalsah,1,https://github.com/khalsah,User,False,6164.0,0.0,0.0,0,22,29,7,False,excalidraw,0.0,16.89
harshilparmar,1,https://github.com/harshilparmar,User,False,2255.0,0.0,0.0,0,30,28,25,False,excalidraw,0.0,6.18
Shaocang,1,https://github.com/Shaocang,User,False,1441.0,0.0,0.0,0,12,0,0,False,excalidraw,0.0,3.95
yoshi2no,1,https://github.com/yoshi2no,User,False,1940.0,0.0,0.0,2,30,12,4,False,excalidraw,0.0,5.32
hitgo00,1,https://github.com/hitgo00,User,False,2412.0,30.0,30.0,30,30,99,21,False,excalidraw,1.0,6.61
aesrael,1,https://github.com/aesrael,User,False,2924.0,30.0,30.0,6,30,117,233,False,excalidraw,1.0,8.01
ignacio-cuadra,1,https://github.com/ignacio-cuadra,User,False,1701.0,4.0,1.0,1,22,3,25,False,excalidraw,0.25,4.66
eltociear,1,https://github.com/eltociear,User,False,3057.0,0.0,0.0,0,30,0,17,False,excalidraw,0.0,8.38
ishtiaqbhatti,1,https://github.com/ishtiaqbhatti,User,False,2985.0,4.0,4.0,0,26,0,30,False,excalidraw,1.0,8.18
zerkms,1,https://github.com/zerkms,User,False,5365.0,30.0,30.0,30,30,72,2,False,excalidraw,1.0,14.7
Irvingouj,1,https://github.com/Irvingouj,User,False,2125.0,30.0,29.0,30,30,5,7,False,excalidraw,0.9666666666666667,5.82
jguddas,1,https://github.com/jguddas,User,False,2936.0,30.0,30.0,30,30,36,13,False,excalidraw,1.0,8.04
Kissaki,1,https://github.com/Kissaki,User,False,5733.0,30.0,30.0,30,30,50,2,False,excalidraw,1.0,15.71
janpeterd,1,https://github.com/janpeterd,User,False,1783.0,7.0,7.0,0,13,12,1,False,excalidraw,1.0,4.88
proke03,1,https://github.com/proke03,User,False,3213.0,0.0,0.0,0,18,11,0,False,excalidraw,0.0,8.8
jasonpraful,1,https://github.com/jasonpraful,User,False,2691.0,0.0,0.0,0,30,23,23,False,excalidraw,0.0,7.37
jeffeb3,1,https://github.com/jeffeb3,User,False,4641.0,0.0,0.0,0,30,69,42,False,excalidraw,0.0,12.72
jeremypress,1,https://github.com/jeremypress,User,False,4520.0,0.0,0.0,0,30,55,0,False,excalidraw,0.0,12.38
RussKie,2236,https://github.com/RussKie,User,False,4300.0,30.0,30.0,30,30,181,4,False,gitextensions,1.0,11.78
drewnoakes,1649,https://github.com/drewnoakes,User,False,5313.0,30.0,30.0,30,30,547,64,False,gitextensions,1.0,14.56
jbialobr,1607,https://github.com/jbialobr,User,False,4925.0,30.0,30.0,30,23,28,313,False,gitextensions,1.0,13.49
spdr870,1574,https://github.com/spdr870,User,False,5917.0,30.0,30.0,16,8,87,11,False,gitextensions,1.0,16.21
KindDragon,1447,https://github.com/KindDragon,User,False,5451.0,30.0,30.0,30,30,94,5,False,gitextensions,1.0,14.93
gerhardol,1173,https://github.com/gerhardol,User,False,4073.0,30.0,30.0,30,30,28,13,False,gitextensions,1.0,11.16
mstv,767,https://github.com/mstv,User,False,2556.0,30.0,30.0,30,5,8,3,False,gitextensions,1.0,7.0
pmiossec,713,https://github.com/pmiossec,User,False,5224.0,30.0,30.0,30,30,48,22,False,gitextensions,1.0,14.31
vbjay,183,https://github.com/vbjay,User,False,4381.0,30.0,30.0,30,30,21,10,False,gitextensions,1.0,12.0
vcpp,181,https://github.com/vcpp,User,False,5035.0,30.0,30.0,20,5,10,3,False,gitextensions,1.0,13.79
sharwell,174,https://github.com/sharwell,User,False,4762.0,0.0,0.0,0,30,572,78,False,gitextensions,0.0,13.05
mnaoumov,160,https://github.com/mnaoumov,User,False,5054.0,0.0,0.0,0,30,38,12,False,gitextensions,0.0,13.85
forki,148,https://github.com/forki,User,False,5837.0,0.0,0.0,0,30,383,0,False,gitextensions,0.0,15.99
Turbo87,128,https://github.com/Turbo87,User,False,5601.0,0.0,0.0,0,30,595,176,False,gitextensions,0.0,15.35
fraga,124,https://github.com/fraga,User,False,5364.0,0.0,0.0,0,30,41,5,False,gitextensions,0.0,14.7
EbenZhang,121,https://github.com/EbenZhang,User,False,5129.0,0.0,0.0,0,30,14,56,False,gitextensions,0.0,14.05
NikolayXHD,113,https://github.com/NikolayXHD,User,False,3590.0,0.0,0.0,0,16,11,69,False,gitextensions,0.0,9.84
nickmayer,100,https://github.com/nickmayer,User,False,5417.0,0.0,0.0,0,15,4,5,False,gitextensions,0.0,14.84
jacobstanley,97,https://github.com/jacobstanley,User,False,5615.0,30.0,30.0,30,30,141,76,False,gitextensions,1.0,15.38
mdonatas,91,https://github.com/mdonatas,User,False,5207.0,30.0,30.0,30,23,9,12,False,gitextensions,1.0,14.27
amaiorano,73,https://github.com/amaiorano,User,False,3998.0,30.0,30.0,30,30,191,135,False,gitextensions,1.0,10.95
hypersw,65,https://github.com/hypersw,User,False,4541.0,28.0,21.0,30,13,17,0,False,gitextensions,0.75,12.44
dominiqueplante,62,https://github.com/dominiqueplante,User,False,5351.0,30.0,30.0,23,30,16,12,False,gitextensions,1.0,14.66
vasily-kirichenko,45,https://github.com/vasily-kirichenko,User,False,4986.0,30.0,30.0,30,30,113,3,False,gitextensions,1.0,13.66
FallenGameR,44,https://github.com/FallenGameR,User,False,5066.0,10.0,10.0,30,29,7,7,False,gitextensions,1.0,13.88
kevmoo,39,https://github.com/kevmoo,User,False,6062.0,30.0,30.0,30,30,2231,302,False,gitextensions,1.0,16.61
chrischu,38,https://github.com/chrischu,User,False,5233.0,22.0,18.0,30,25,8,5,False,gitextensions,0.8181818181818182,14.34
olmobrutall,38,https://github.com/olmobrutall,User,False,5061.0,28.0,24.0,30,18,25,3,False,gitextensions,0.8571428571428571,13.87
mast-eu,37,https://github.com/mast-eu,User,False,2220.0,0.0,0.0,0,5,9,5,False,gitextensions,0.0,6.08
crypto-rsa,36,https://github.com/crypto-rsa,User,False,3627.0,0.0,0.0,0,10,2,5,False,gitextensions,0.0,9.94
qgppl,35,https://github.com/qgppl,User,False,5325.0,0.0,0.0,0,6,2,1,False,gitextensions,0.0,14.59
bygreencn,33,https://github.com/bygreencn,User,False,6012.0,0.0,0.0,0,30,196,1,False,gitextensions,0.0,16.47
mabako,33,https://github.com/mabako,User,False,5639.0,0.0,0.0,0,30,118,43,False,gitextensions,0.0,15.45
linquize,28,https://github.com/linquize,User,False,5026.0,0.0,0.0,0,30,30,23,False,gitextensions,0.0,13.77
AndreyDodonov-EH,26,https://github.com/AndreyDodonov-EH,User,False,2310.0,0.0,0.0,0,24,10,5,False,gitextensions,0.0,6.33
szaliszali,26,https://github.com/szaliszali,User,False,4630.0,0.0,0.0,0,20,3,0,False,gitextensions,0.0,12.68
bleis-tift,26,https://github.com/bleis-tift,User,False,5540.0,30.0,30.0,30,30,133,194,False,gitextensions,1.0,15.18
gorbach,25,https://github.com/gorbach,User,False,5183.0,30.0,28.0,8,30,8,10,False,gitextensions,0.9333333333333333,14.2
mexx,23,https://github.com/mexx,User,False,5288.0,30.0,30.0,30,30,62,17,False,gitextensions,1.0,14.49
bergerjac,23,https://github.com/bergerjac,User,False,4737.0,13.0,10.0,30,29,7,1,False,gitextensions,0.7692307692307693,12.98
8,23,https://github.com/8,User,False,5391.0,20.0,17.0,30,30,31,128,False,gitextensions,0.85,14.77
azarkevich,23,https://github.com/azarkevich,User,False,5071.0,20.0,14.0,26,22,4,21,False,gitextensions,0.7,13.89
lynxstv,22,https://github.com/lynxstv,User,False,4855.0,10.0,9.0,0,6,0,0,False,gitextensions,0.9,13.3
oriash93,22,https://github.com/oriash93,User,False,3460.0,30.0,30.0,30,7,34,359,False,gitextensions,1.0,9.48
Basewq,20,https://github.com/Basewq,User,False,4777.0,30.0,30.0,30,11,4,26,False,gitextensions,1.0,13.09
ferow2k,20,https://github.com/ferow2k,User,False,4850.0,0.0,0.0,0,30,1,0,False,gitextensions,0.0,13.29
Copro,19,https://github.com/Copro,User,False,4443.0,0.0,0.0,0,18,0,0,False,gitextensions,0.0,12.17
DanRigby,19,https://github.com/DanRigby,User,True,5668.0,0.0,0.0,0,5,194,22,False,gitextensions,0.0,15.53
torarvid,18,https://github.com/torarvid,User,False,5239.0,0.0,0.0,0,30,9,2,False,gitextensions,0.0,14.35
otac0n,17,https://github.com/otac0n,User,False,5495.0,0.0,0.0,0,30,85,8,False,gitextensions,0.0,15.05
ulrichb,17,https://github.com/ulrichb,User,False,5278.0,0.0,0.0,0,25,16,86,False,gitextensions,0.0,14.46
phillco,16,https://github.com/phillco,User,False,5167.0,0.0,0.0,0,30,79,28,False,gitextensions,0.0,14.16
Radrik5,15,https://github.com/Radrik5,User,False,3772.0,0.0,0.0,0,8,2,1,False,gitextensions,0.0,10.33
pvginkel,15,https://github.com/pvginkel,User,False,5007.0,0.0,0.0,0,30,106,79,False,gitextensions,0.0,13.72
tt,14,https://github.com/tt,User,False,6038.0,0.0,0.0,0,30,135,22,False,gitextensions,0.0,16.54
mrahn80,14,https://github.com/mrahn80,User,False,4131.0,4.0,3.0,2,0,3,0,False,gitextensions,0.75,11.32
h0lg,13,https://github.com/h0lg,User,False,5082.0,30.0,27.0,28,22,9,58,False,gitextensions,0.9,13.92
martinwilkerson-scisys,13,https://github.com/martinwilkerson-scisys,User,False,3079.0,6.0,4.0,6,6,0,0,False,gitextensions,0.6666666666666666,8.44
XelaRellum,13,https://github.com/XelaRellum,User,False,5578.0,27.0,13.0,12,23,7,21,False,gitextensions,0.48148148148148145,15.28
zvirja,13,https://github.com/zvirja,User,False,4896.0,30.0,30.0,30,30,24,11,False,gitextensions,1.0,13.41
werwolfby,12,https://github.com/werwolfby,User,False,5069.0,28.0,16.0,30,30,29,514,False,gitextensions,0.5714285714285714,13.89
IEVin,12,https://github.com/IEVin,User,False,4176.0,12.0,12.0,14,4,4,3,False,gitextensions,1.0,11.44
lhiginbotham,12,https://github.com/lhiginbotham,User,False,3457.0,28.0,21.0,7,10,2,0,False,gitextensions,0.75,9.47
Drake103,12,https://github.com/Drake103,User,False,4693.0,30.0,30.0,2,30,15,2,False,gitextensions,1.0,12.86
showell-nic,12,https://github.com/showell-nic,User,False,4700.0,2.0,1.0,1,5,0,0,False,gitextensions,0.5,12.88
SimonCropp,11,https://github.com/SimonCropp,User,False,5646.0,0.0,0.0,0,30,970,16,False,gitextensions,0.0,15.47
maraf,11,https://github.com/maraf,User,False,3731.0,0.0,0.0,0,30,61,68,False,gitextensions,0.0,10.22
DmitryZhelnin,11,https://github.com/DmitryZhelnin,User,False,4238.0,0.0,0.0,0,10,1,15,False,gitextensions,0.0,11.61
ierof,11,https://github.com/ierof,User,False,4247.0,0.0,0.0,0,7,9,1,False,gitextensions,0.0,11.64
kyle-nicholls,11,https://github.com/kyle-nicholls,User,False,2217.0,0.0,0.0,0,0,0,0,False,gitextensions,0.0,6.07
lanfeust69,10,https://github.com/lanfeust69,User,False,4481.0,0.0,0.0,0,27,11,7,False,gitextensions,0.0,12.28
jvitkauskas,10,https://github.com/jvitkauskas,User,False,3738.0,0.0,0.0,0,30,27,131,False,gitextensions,0.0,10.24
DanielTheCoder,10,https://github.com/DanielTheCoder,User,False,5554.0,0.0,0.0,0,15,24,18,False,gitextensions,0.0,15.22
CDAGaming,10,https://github.com/CDAGaming,User,False,3350.0,0.0,0.0,0,30,51,21,False,gitextensions,0.0,9.18
miloja,10,https://github.com/miloja,User,False,5283.0,0.0,0.0,0,6,2,2,False,gitextensions,0.0,14.47
hiroponz,10,https://github.com/hiroponz,User,False,5793.0,0.0,0.0,0,30,30,9,False,gitextensions,0.0,15.87
kine,9,https://github.com/kine,User,False,5681.0,0.0,0.0,0,30,107,71,False,gitextensions,0.0,15.56
MoOmEeN,9,https://github.com/MoOmEeN,User,False,5235.0,18.0,16.0,18,12,2,3,False,gitextensions,0.8888888888888888,14.34
SetoKaiba,9,https://github.com/SetoKaiba,User,False,5558.0,30.0,23.0,30,30,45,5,False,gitextensions,0.7666666666666667,15.23
UncleVasya,9,https://github.com/UncleVasya,User,False,4802.0,23.0,19.0,30,30,15,29,False,gitextensions,0.8260869565217391,13.16
nitoyon,9,https://github.com/nitoyon,User,False,5913.0,30.0,30.0,4,30,91,287,False,gitextensions,1.0,16.2
Noguai,8,https://github.com/Noguai,User,False,3685.0,3.0,2.0,3,2,1,0,False,gitextensions,0.6666666666666666,10.1
schadin,8,https://github.com/schadin,User,False,5002.0,3.0,2.0,5,20,5,1,False,gitextensions,0.6666666666666666,13.7
phillijw,8,https://github.com/phillijw,User,False,5218.0,21.0,17.0,30,30,24,4,False,gitextensions,0.8095238095238095,14.3
KarstenRa,8,https://github.com/KarstenRa,User,False,2912.0,17.0,12.0,1,8,0,0,False,gitextensions,0.7058823529411765,7.98
chenhendrawan,8,https://github.com/chenhendrawan,User,False,4591.0,1.0,1.0,7,6,1,0,False,gitextensions,1.0,12.58
mrexodia,7,https://github.com/mrexodia,User,False,4523.0,30.0,30.0,30,30,2708,389,False,gitextensions,1.0,12.39
gpongelli,7,https://github.com/gpongelli,User,False,5001.0,0.0,0.0,0,30,19,8,False,gitextensions,0.0,13.7
Itori,7,https://github.com/Itori,User,False,4264.0,0.0,0.0,0,8,2,0,False,gitextensions,0.0,11.68
raistlin,7,https://github.com/raistlin,User,False,5779.0,0.0,0.0,0,30,16,3,False,gitextensions,0.0,15.83
Timwi,7,https://github.com/Timwi,User,False,4714.0,0.0,0.0,0,30,55,273,False,gitextensions,0.0,12.92
orgads,7,https://github.com/orgads,User,False,4821.0,0.0,0.0,0,30,21,0,False,gitextensions,0.0,13.21
asherber,7,https://github.com/asherber,User,False,4202.0,0.0,0.0,0,30,23,32,False,gitextensions,0.0,11.51
afabre,7,https://github.com/afabre,User,False,4954.0,0.0,0.0,0,3,1,1,False,gitextensions,0.0,13.57
digitalcoyote,7,https://github.com/digitalcoyote,User,False,3311.0,0.0,0.0,0,30,23,113,False,gitextensions,0.0,9.07
new-mikha,7,https://github.com/new-mikha,User,False,4133.0,0.0,0.0,0,16,2,4,False,gitextensions,0.0,11.32
michaellwest,7,https://github.com/michaellwest,User,False,4958.0,0.0,0.0,0,30,61,67,False,gitextensions,0.0,13.58
stwalkerster,6,https://github.com/stwalkerster,User,False,5061.0,0.0,30.0,30,30,71,27,False,gitextensions,0.0,13.87
manuelspezzani,6,https://github.com/manuelspezzani,User,False,4755.0,9.0,7.0,16,8,5,1,False,gitextensions,0.7777777777777778,13.03
GintasS,6,https://github.com/GintasS,User,False,3145.0,30.0,30.0,30,30,70,4,False,gitextensions,1.0,8.62
pmme,6,https://github.com/pmme,User,False,4605.0,30.0,30.0,19,19,4,4,False,gitextensions,1.0,12.62
bstecisa,6,https://github.com/bstecisa,User,False,1698.0,4.0,4.0,0,1,0,0,False,gitextensions,1.0,4.65
adrianoc,6,https://github.com/adrianoc,User,False,5823.0,30.0,30.0,30,23,26,110,False,gitextensions,1.0,15.95
hieuxlu,6,https://github.com/hieuxlu,User,False,3631.0,22.0,19.0,9,24,26,15,False,gitextensions,0.8636363636363636,9.95
bansan85,6,https://github.com/bansan85,User,False,3778.0,30.0,30.0,30,30,5,28,False,gitextensions,1.0,10.35
c3er,6,https://github.com/c3er,User,False,2993.0,18.0,17.0,30,30,17,102,False,gitextensions,0.9444444444444444,8.2
patearl,6,https://github.com/patearl,User,False,5286.0,5.0,2.0,6,5,13,4,False,gitextensions,0.4,14.48
idealist1508,6,https://github.com/idealist1508,User,False,4276.0,30.0,0.0,0,30,0,1,False,gitextensions,0.0,11.72
regs01,6,https://github.com/regs01,User,False,3691.0,0.0,0.0,0,16,3,2,False,gitextensions,0.0,10.11
nick-bulleid,5,https://github.com/nick-bulleid,User,False,3170.0,0.0,0.0,0,6,0,0,False,gitextensions,0.0,8.68
glen-nicol,5,https://github.com/glen-nicol,User,False,4223.0,0.0,0.0,0,8,1,0,False,gitextensions,0.0,11.57
joergpichler,5,https://github.com/joergpichler,User,False,3985.0,0.0,0.0,0,20,4,2,False,gitextensions,0.0,10.92
ArsenShnurkov,5,https://github.com/ArsenShnurkov,User,False,5503.0,0.0,0.0,0,30,28,3,False,gitextensions,0.0,15.08
realkompot,5,https://github.com/realkompot,User,False,2220.0,0.0,0.0,0,2,6,16,False,gitextensions,0.0,6.08
Ashod,5,https://github.com/Ashod,User,False,5050.0,0.0,0.0,0,30,24,38,False,gitextensions,0.0,13.84
danielmenzel,5,https://github.com/danielmenzel,User,False,3843.0,0.0,0.0,0,5,1,0,False,gitextensions,0.0,10.53
paviad,5,https://github.com/paviad,User,False,4826.0,0.0,0.0,0,30,13,9,False,gitextensions,0.0,13.22
cristianst85,5,https://github.com/cristianst85,User,False,3557.0,0.0,0.0,0,30,15,64,False,gitextensions,0.0,9.75
bastianeicher,5,https://github.com/bastianeicher,User,False,5260.0,30.0,30.0,30,5,34,15,False,gitextensions,1.0,14.41
Teybeo,5,https://github.com/Teybeo,User,False,4745.0,30.0,30.0,8,30,12,7,False,gitextensions,1.0,13.0
StanAngeloff,5,https://github.com/StanAngeloff,User,False,5733.0,30.0,30.0,30,30,81,251,False,gitextensions,1.0,15.71
kbilsted,5,https://github.com/kbilsted,User,False,4700.0,30.0,30.0,30,30,50,182,False,gitextensions,1.0,12.88
Johno-ACSLive,5,https://github.com/Johno-ACSLive,User,False,2274.0,6.0,4.0,12,7,1,9,False,gitextensions,0.6666666666666666,6.23
danielrbradley,5,https://github.com/danielrbradley,User,False,5332.0,30.0,30.0,30,30,44,62,False,gitextensions,1.0,14.61
bruderstein,5,https://github.com/bruderstein,User,False,5737.0,30.0,30.0,30,30,255,52,False,gitextensions,1.0,15.72
IlijaQ,5,https://github.com/IlijaQ,User,False,1453.0,6.0,5.0,1,4,0,0,False,gitextensions,0.8333333333333334,3.98
suvjunmd,4,https://github.com/suvjunmd,User,False,3654.0,30.0,30.0,7,30,21,2,False,gitextensions,1.0,10.01
hogelog,4,https://github.com/hogelog,User,False,5859.0,30.0,30.0,30,30,113,23,False,gitextensions,1.0,16.05
iamxail,4,https://github.com/iamxail,User,False,4760.0,0.0,0.0,0,2,1,3,False,gitextensions,0.0,13.04
rbares,4,https://github.com/rbares,User,False,2851.0,0.0,0.0,0,9,0,1,False,gitextensions,0.0,7.81
yellowblood,4,https://github.com/yellowblood,User,False,4611.0,0.0,0.0,0,16,9,1,False,gitextensions,0.0,12.63
R0nd,4,https://github.com/R0nd,User,False,3563.0,0.0,0.0,0,30,1,7,False,gitextensions,0.0,9.76
freza-tm,4,https://github.com/freza-tm,User,False,2673.0,0.0,0.0,0,9,1,0,False,gitextensions,0.0,7.32
wischi-chr,4,https://github.com/wischi-chr,User,False,4518.0,0.0,0.0,0,30,18,7,False,gitextensions,0.0,12.38
JuPrgn,4,https://github.com/JuPrgn,User,False,3151.0,0.0,0.0,0,19,3,0,False,gitextensions,0.0,8.63
wachulski,4,https://github.com/wachulski,User,False,4683.0,0.0,0.0,0,25,10,10,False,gitextensions,0.0,12.83
thimmy687,4,https://github.com/thimmy687,User,False,3919.0,0.0,0.0,0,17,7,0,False,gitextensions,0.0,10.74
darkcamper,4,https://github.com/darkcamper,User,False,3115.0,0.0,0.0,0,13,0,0,False,gitextensions,0.0,8.53
FabrizioMancin,4,https://github.com/FabrizioMancin,User,False,243.0,0.0,0.0,0,0,0,0,False,gitextensions,0.0,0.67
karyon,4,https://github.com/karyon,User,False,4619.0,30.0,30.0,30,30,12,16,False,gitextensions,1.0,12.65
mbmccormick,4,https://github.com/mbmccormick,User,False,5288.0,25.0,20.0,30,30,120,48,False,gitextensions,0.8,14.49
Carbenium,4,https://github.com/Carbenium,User,False,4402.0,30.0,30.0,30,28,53,22,False,gitextensions,1.0,12.06
matkoch,4,https://github.com/matkoch,User,False,4236.0,30.0,30.0,30,30,338,434,False,gitextensions,1.0,11.61
MaxKoll,4,https://github.com/MaxKoll,User,False,2479.0,21.0,11.0,3,6,0,2,False,gitextensions,0.5238095238095238,6.79
BrianFreemanAtlanta,4,https://github.com/BrianFreemanAtlanta,User,False,3981.0,30.0,30.0,28,30,5,0,False,gitextensions,1.0,10.91
m35,4,https://github.com/m35,User,False,5263.0,8.0,7.0,19,30,23,494,False,gitextensions,0.875,14.42
mwerle,4,https://github.com/mwerle,User,False,5118.0,30.0,30.0,30,30,13,28,False,gitextensions,1.0,14.02
antis81,4,https://github.com/antis81,User,False,5239.0,30.0,30.0,30,30,15,4,False,gitextensions,1.0,14.35
NoahLerner,4,https://github.com/NoahLerner,User,False,3213.0,0.0,0.0,0,15,3,1,False,gitextensions,0.0,8.8
sc68cal,4,https://github.com/sc68cal,User,False,5191.0,0.0,0.0,0,30,72,11,False,gitextensions,0.0,14.22
TanukiSharp,4,https://github.com/TanukiSharp,User,False,4341.0,0.0,0.0,0,30,23,47,False,gitextensions,0.0,11.89
SlugFiller,4,https://github.com/SlugFiller,User,False,4177.0,0.0,0.0,0,11,2,22,False,gitextensions,0.0,11.44
anrichter,3,https://github.com/anrichter,User,False,5793.0,0.0,0.0,0,26,24,39,False,gitextensions,0.0,15.87
tomasdeml,3,https://github.com/tomasdeml,User,False,4152.0,0.0,0.0,0,30,6,33,False,gitextensions,0.0,11.38
vmeurisse,3,https://github.com/vmeurisse,User,False,4775.0,0.0,0.0,0,30,7,60,False,gitextensions,0.0,13.08
swansontec,3,https://github.com/swansontec,User,False,5393.0,0.0,0.0,0,30,74,20,False,gitextensions,0.0,14.78
aivanov-oneinc,3,https://github.com/aivanov-oneinc,User,False,2803.0,0.0,0.0,0,17,2,0,False,gitextensions,0.0,7.68
bookman25,3,https://github.com/bookman25,User,False,3972.0,30.0,30.0,26,1,3,0,False,gitextensions,1.0,10.88
diegoaossas,3,https://github.com/diegoaossas,User,False,4443.0,19.0,9.0,1,10,1,0,False,gitextensions,0.47368421052631576,12.17
keco2,3,https://github.com/keco2,User,False,1531.0,4.0,3.0,0,3,0,0,False,gitextensions,0.75,4.19
Yiabiten,3,https://github.com/Yiabiten,User,False,4235.0,19.0,16.0,1,7,32,5,False,gitextensions,0.8421052631578947,11.6
nyankoframe,3,https://github.com/nyankoframe,User,False,1655.0,5.0,3.0,5,2,0,0,False,gitextensions,0.6,4.53
Quppa,3,https://github.com/Quppa,User,False,4571.0,30.0,23.0,25,27,8,18,False,gitextensions,0.7666666666666667,12.52
cryham,3,https://github.com/cryham,User,False,5062.0,29.0,22.0,30,30,37,122,False,gitextensions,0.7586206896551724,13.87
manishkungwani,3,https://github.com/manishkungwani,User,False,5087.0,13.0,8.0,15,30,13,6,False,gitextensions,0.6153846153846154,13.94
poiru,3,https://github.com/poiru,User,False,4787.0,30.0,30.0,30,30,145,116,False,gitextensions,1.0,13.12
Carl-Hugo,3,https://github.com/Carl-Hugo,User,False,4119.0,30.0,30.0,30,30,115,60,False,gitextensions,1.0,11.28
chrisbux,3,https://github.com/chrisbux,User,False,5567.0,0.0,0.0,0,5,4,1,False,gitextensions,0.0,15.25
drauch,3,https://github.com/drauch,User,False,4729.0,0.0,0.0,0,26,7,0,False,gitextensions,0.0,12.96
fschmied,3,https://github.com/fschmied,User,False,5605.0,0.0,0.0,0,8,12,0,False,gitextensions,0.0,15.36
FisherTsai,3,https://github.com/FisherTsai,User,False,3608.0,0.0,0.0,0,11,0,0,False,gitextensions,0.0,9.88
labanskoller,3,https://github.com/labanskoller,User,False,4231.0,0.0,0.0,0,13,9,1,False,gitextensions,0.0,11.59
lekhmanrus,3,https://github.com/lekhmanrus,User,False,4485.0,0.0,0.0,0,30,19,3,False,gitextensions,0.0,12.29
NickPolyder,3,https://github.com/NickPolyder,User,False,3984.0,0.0,0.0,0,23,29,4,False,gitextensions,0.0,10.92
NN---,3,https://github.com/NN---,User,False,5138.0,0.0,0.0,0,30,25,5,False,gitextensions,0.0,14.08
Pavuucek,3,https://github.com/Pavuucek,User,False,4818.0,0.0,0.0,0,2,0,1,False,gitextensions,0.0,13.2
matyasbach,3,https://github.com/matyasbach,User,False,4092.0,0.0,0.0,0,7,1,1,False,gitextensions,0.0,11.21
shivan,3,https://github.com/shivan,User,False,4638.0,0.0,0.0,0,30,5,17,False,gitextensions,0.0,12.71
leorohr,3,https://github.com/leorohr,User,False,4839.0,19.0,17.0,30,7,6,2,False,gitextensions,0.8947368421052632,13.26
IvanSterkhov,3,https://github.com/IvanSterkhov,User,False,1027.0,0.0,0.0,0,5,0,0,False,gitextensions,0.0,2.81
bmeverett,2,https://github.com/bmeverett,User,False,4350.0,30.0,30.0,30,30,12,0,False,gitextensions,1.0,11.92
DeadDuck,2,https://github.com/DeadDuck,User,False,5213.0,6.0,3.0,6,6,4,1,False,gitextensions,0.5,14.28
racecrew,2,https://github.com/racecrew,User,False,3291.0,5.0,3.0,1,3,4,3,False,gitextensions,0.6,9.02
GardenTools,2,https://github.com/GardenTools,User,False,4495.0,19.0,15.0,7,10,1,9,False,gitextensions,0.7894736842105263,12.32
alberto-chiesa,2,https://github.com/alberto-chiesa,User,False,5120.0,5.0,4.0,6,17,4,12,False,gitextensions,0.8,14.03
ralphromero,2,https://github.com/ralphromero,User,False,5070.0,2.0,2.0,1,9,1,0,False,gitextensions,1.0,13.89
SaumyaBhushan,2,https://github.com/SaumyaBhushan,User,False,1519.0,30.0,30.0,6,30,21,15,False,gitextensions,1.0,4.16
Shauren,2,https://github.com/Shauren,User,False,5371.0,30.0,30.0,30,30,380,133,False,gitextensions,1.0,14.72
sergei-d,2,https://github.com/sergei-d,User,False,3734.0,0.0,0.0,0,4,0,0,False,gitextensions,0.0,10.23
Gua-naiko-che,2,https://github.com/Gua-naiko-che,User,False,4071.0,0.0,0.0,0,15,2,0,False,gitextensions,0.0,11.15
chirontt,2,https://github.com/chirontt,User,False,2127.0,0.0,0.0,0,30,3,40,False,gitextensions,0.0,5.83
veremenko-y,2,https://github.com/veremenko-y,User,False,4330.0,0.0,0.0,0,22,7,23,False,gitextensions,0.0,11.86
asfarley,2,https://github.com/asfarley,User,False,4698.0,0.0,0.0,0,30,11,13,False,gitextensions,0.0,12.87
ADTC,2,https://github.com/ADTC,User,False,4100.0,0.0,0.0,0,30,25,3,False,gitextensions,0.0,11.23
huangsunyang,2,https://github.com/huangsunyang,User,False,3094.0,0.0,0.0,0,30,6,30,False,gitextensions,0.0,8.48
kunigaku,2,https://github.com/kunigaku,User,False,4795.0,0.0,0.0,0,30,7,0,False,gitextensions,0.0,13.14
m08pvv-zz,2,https://github.com/m08pvv-zz,User,False,5017.0,0.0,0.0,0,17,1,0,False,gitextensions,0.0,13.75
montoner0,2,https://github.com/montoner0,User,False,3492.0,0.0,0.0,0,24,1,11,False,gitextensions,0.0,9.57
NadyaAverkieva,2,https://github.com/NadyaAverkieva,User,False,3295.0,0.0,0.0,0,0,0,0,False,gitextensions,0.0,9.03
owerkop,2,https://github.com/owerkop,User,False,3826.0,0.0,0.0,0,13,2,0,False,gitextensions,0.0,10.48
palver123,2,https://github.com/palver123,User,False,3566.0,30.0,30.0,18,9,1,0,False,gitextensions,1.0,9.77
seshonaar,2,https://github.com/seshonaar,User,False,3195.0,2.0,2.0,7,3,0,0,False,gitextensions,1.0,8.75
simonmckenzie,2,https://github.com/simonmckenzie,User,False,3274.0,16.0,13.0,24,1,0,0,False,gitextensions,0.8125,8.97
superlongman,2,https://github.com/superlongman,User,False,5186.0,1.0,0.0,0,3,1,3,False,gitextensions,0.0,14.21
ulatekh,2,https://github.com/ulatekh,User,False,4970.0,30.0,25.0,17,28,1,3,False,gitextensions,0.8333333333333334,13.62
zachesposito,2,https://github.com/zachesposito,User,False,4736.0,21.0,13.0,6,25,7,0,False,gitextensions,0.6190476190476191,12.98
Greybird,2,https://github.com/Greybird,User,False,3828.0,30.0,30.0,30,30,16,2,False,gitextensions,1.0,10.49
dasiths,2,https://github.com/dasiths,User,False,3364.0,30.0,30.0,30,30,83,177,False,gitextensions,1.0,9.22
bcolaco,2,https://github.com/bcolaco,User,False,4149.0,3.0,2.0,1,5,2,1,False,gitextensions,0.6666666666666666,11.37
blazejszuca,2,https://github.com/blazejszuca,User,False,3498.0,2.0,2.0,2,1,0,0,False,gitextensions,1.0,9.58
BlythMeister,2,https://github.com/BlythMeister,User,False,4906.0,0.0,0.0,0,30,24,44,False,gitextensions,0.0,13.44
cniweb,2,https://github.com/cniweb,User,False,4540.0,0.0,0.0,0,30,68,24,False,gitextensions,0.0,12.44
binsys,2,https://github.com/binsys,User,False,5016.0,0.0,0.0,0,30,61,6,False,gitextensions,0.0,13.74
coreyasmith,2,https://github.com/coreyasmith,User,False,4086.0,0.0,0.0,0,27,32,24,False,gitextensions,0.0,11.19
andyroyle,2,https://github.com/andyroyle,User,False,4741.0,0.0,0.0,0,30,26,16,False,gitextensions,0.0,12.99
X-Coder,2,https://github.com/X-Coder,User,False,5243.0,0.0,0.0,0,22,9,3,False,gitextensions,0.0,14.36
dopry,2,https://github.com/dopry,User,False,5280.0,0.0,0.0,0,30,21,4,False,gitextensions,0.0,14.47
davidgiga1993,2,https://github.com/davidgiga1993,User,False,4351.0,0.0,0.0,0,30,58,124,False,gitextensions,0.0,11.92
AOrlov,2,https://github.com/AOrlov,User,False,4991.0,0.0,0.0,0,16,2,1,False,gitextensions,0.0,13.67
dmitrybozhenok,2,https://github.com/dmitrybozhenok,User,False,3040.0,4.0,2.0,0,9,1,1,False,gitextensions,0.5,8.33
Dub1shu,2,https://github.com/Dub1shu,User,False,1414.0,5.0,5.0,2,8,3,6,False,gitextensions,1.0,3.87
NatRavenhill,2,https://github.com/NatRavenhill,User,False,3659.0,9.0,9.0,21,22,10,1,False,gitextensions,1.0,10.02
alexeiskachykhin,2,https://github.com/alexeiskachykhin,User,False,4479.0,10.0,8.0,15,10,8,28,False,gitextensions,0.8,12.27
MrJithil,2,https://github.com/MrJithil,User,False,2899.0,30.0,30.0,28,30,12,1,False,gitextensions,1.0,7.94
matthiaslischka,2,https://github.com/matthiaslischka,User,False,3590.0,27.0,21.0,30,30,13,12,False,gitextensions,0.7777777777777778,9.84
lggomez,2,https://github.com/lggomez,User,False,4060.0,30.0,30.0,30,30,72,6,False,gitextensions,1.0,11.12
yerudako,2,https://github.com/yerudako,User,False,1278.0,8.0,5.0,2,4,8,0,False,gitextensions,0.625,3.5
Mellbourn,2,https://github.com/Mellbourn,User,False,4648.0,30.0,24.0,30,30,23,2,False,gitextensions,0.8,12.73
JoanCharmant,2,https://github.com/JoanCharmant,User,False,5010.0,4.0,4.0,23,6,43,95,False,gitextensions,1.0,13.73
monkeywithacupcake,2,https://github.com/monkeywithacupcake,User,False,3960.0,0.0,0.0,0,30,143,4,False,gitextensions,0.0,10.85
KvanTTT,2,https://github.com/KvanTTT,User,False,4864.0,0.0,0.0,0,30,202,216,False,gitextensions,0.0,13.33
ignacioerrico,2,https://github.com/ignacioerrico,User,False,4424.0,0.0,0.0,0,15,5,1,False,gitextensions,0.0,12.12
deischi,2,https://github.com/deischi,User,False,5358.0,0.0,0.0,0,6,5,0,False,gitextensions,0.0,14.68
hansfn,2,https://github.com/hansfn,User,False,5734.0,0.0,0.0,0,30,10,1,False,gitextensions,0.0,15.71
guybark,2,https://github.com/guybark,User,False,3442.0,0.0,0.0,0,30,30,3,False,gitextensions,0.0,9.43
EdyJ,2,https://github.com/EdyJ,User,False,4011.0,0.0,0.0,0,14,81,1246,False,gitextensions,0.0,10.99
kunimitaiyoh,1,https://github.com/kunimitaiyoh,User,False,4436.0,0.0,0.0,0,30,7,0,False,gitextensions,0.0,12.15
silasary,1,https://github.com/silasary,User,False,5494.0,0.0,0.0,0,30,38,2,False,gitextensions,0.0,15.05
kevmoens,1,https://github.com/kevmoens,User,False,3692.0,0.0,0.0,0,30,15,58,False,gitextensions,0.0,10.12
FodderMK,1,https://github.com/FodderMK,User,False,4887.0,0.0,0.0,0,19,5,1,False,gitextensions,0.0,13.39
kgybels,1,https://github.com/kgybels,User,False,4588.0,30.0,25.0,6,12,0,1,False,gitextensions,0.8333333333333334,12.57
orao,1,https://github.com/orao,User,False,4769.0,21.0,10.0,30,22,25,30,False,gitextensions,0.47619047619047616,13.07
ltrzesniewski,1,https://github.com/ltrzesniewski,User,False,3898.0,30.0,30.0,30,30,102,14,False,gitextensions,1.0,10.68
astos-marcb,1,https://github.com/astos-marcb,User,False,1592.0,4.0,2.0,30,4,0,0,False,gitextensions,0.5,4.36
IDisposable,1,https://github.com/IDisposable,User,False,4986.0,30.0,30.0,30,30,33,25,False,gitextensions,1.0,13.66
hultqvist,1,https://github.com/hultqvist,User,False,5191.0,0.0,0.0,0,19,0,26,False,gitextensions,0.0,14.22
JurjenBiewenga,1,https://github.com/JurjenBiewenga,User,False,4435.0,30.0,30.0,30,30,3,2,False,gitextensions,1.0,12.15
josefpihrt,1,https://github.com/josefpihrt,User,False,3597.0,30.0,30.0,30,17,214,627,False,gitextensions,1.0,9.85
joephayes,1,https://github.com/joephayes,User,False,4536.0,30.0,30.0,30,27,17,6,False,gitextensions,1.0,12.43
rooflz,1,https://github.com/rooflz,User,False,5182.0,4.0,2.0,2,13,3,7,False,gitextensions,0.5,14.2
jotux,1,https://github.com/jotux,User,False,5957.0,0.0,0.0,0,25,22,333,False,gitextensions,0.0,16.32
whyrusleeping,1,https://github.com/whyrusleeping,User,False,4822.0,0.0,0.0,0,30,1730,160,False,gitextensions,0.0,13.21
rysavyjan,1,https://github.com/rysavyjan,User,False,2217.0,0.0,0.0,0,7,0,0,False,gitextensions,0.0,6.07
itsho,1,https://github.com/itsho,User,False,4652.0,0.0,0.0,0,30,2,6,False,gitextensions,0.0,12.75
icedtoast,1,https://github.com/icedtoast,User,False,5825.0,0.0,0.0,0,10,8,0,False,gitextensions,0.0,15.96
MelnikovIG,1,https://github.com/MelnikovIG,User,False,4085.0,0.0,0.0,0,30,21,6,False,gitextensions,0.0,11.19
gregsohl,1,https://github.com/gregsohl,User,False,4710.0,0.0,0.0,0,30,5,2,False,gitextensions,0.0,12.9
berrs,1,https://github.com/berrs,User,False,5224.0,0.0,0.0,0,4,1,0,False,gitextensions,0.0,14.31
pedrolamas,1,https://github.com/pedrolamas,User,False,5755.0,0.0,0.0,0,30,160,87,False,gitextensions,0.0,15.77
pmgiant,1,https://github.com/pmgiant,User,False,1755.0,0.0,0.0,0,1,0,0,False,gitextensions,0.0,4.81
pgustavs,1,https://github.com/pgustavs,User,False,2272.0,0.0,0.0,0,0,0,0,False,gitextensions,0.0,6.22
Hemaolle,1,https://github.com/Hemaolle,User,False,4470.0,30.0,30.0,14,30,6,1,False,gitextensions,1.0,12.25
DDuarte,1,https://github.com/DDuarte,User,False,5172.0,30.0,30.0,30,30,194,7,False,gitextensions,1.0,14.17
mhamdy88,1,https://github.com/mhamdy88,User,False,4365.0,2.0,2.0,1,13,3,0,False,gitextensions,1.0,11.96
miloshavlicek,1,https://github.com/miloshavlicek,User,False,4532.0,30.0,30.0,30,1,21,1,False,gitextensions,1.0,12.42
hoborm,1,https://github.com/hoborm,User,False,3122.0,25.0,23.0,6,3,8,0,False,gitextensions,0.92,8.55
panteamihai,1,https://github.com/panteamihai,User,False,3408.0,7.0,6.0,0,12,10,3,False,gitextensions,0.8571428571428571,9.34
meinsiedler,1,https://github.com/meinsiedler,User,False,3472.0,30.0,30.0,30,13,11,19,False,gitextensions,1.0,9.51
theshadowco,1,https://github.com/theshadowco,User,False,3756.0,30.0,30.0,30,30,50,10,False,gitextensions,1.0,10.29
max630,1,https://github.com/max630,User,False,5284.0,13.0,6.0,30,30,4,8,False,gitextensions,0.46153846153846156,14.48
m3zercat,1,https://github.com/m3zercat,User,False,4582.0,14.0,8.0,6,11,5,8,False,gitextensions,0.5714285714285714,12.55
MattSi,1,https://github.com/MattSi,User,False,3973.0,0.0,0.0,0,28,5,4,False,gitextensions,0.0,10.88
markonius,1,https://github.com/markonius,User,False,3189.0,0.0,0.0,0,10,1,1,False,gitextensions,0.0,8.74
markpizz,1,https://github.com/markpizz,User,False,5253.0,0.0,0.0,0,18,35,11,False,gitextensions,0.0,14.39
markashleybell,1,https://github.com/markashleybell,User,False,5207.0,0.0,0.0,0,30,32,23,False,gitextensions,0.0,14.27
marazt,1,https://github.com/marazt,User,False,5341.0,0.0,0.0,0,29,10,139,False,gitextensions,0.0,14.63
marcmurray,1,https://github.com/marcmurray,User,False,5295.0,0.0,0.0,0,6,4,4,False,gitextensions,0.0,14.51
fluffybunn,1,https://github.com/fluffybunn,User,False,2285.0,0.0,0.0,0,4,0,0,False,gitextensions,0.0,6.26
dblock,1,https://github.com/dblock,User,False,5162.0,0.0,0.0,0,30,1251,63,False,gitextensions,0.0,14.14
DCFerg,1,https://github.com/DCFerg,User,False,3492.0,0.0,0.0,0,5,1,0,False,gitextensions,0.0,9.57
supersonicclay,1,https://github.com/supersonicclay,User,False,5217.0,0.0,0.0,0,30,32,64,False,gitextensions,0.0,14.29
KrzysFR,1,https://github.com/KrzysFR,User,False,4686.0,0.0,0.0,30,11,19,2,False,gitextensions,0.0,12.84
cado1982,1,https://github.com/cado1982,User,False,4833.0,5.0,4.0,11,16,1,3,False,gitextensions,0.8,13.24
meaney,1,https://github.com/meaney,User,False,5385.0,2.0,2.0,0,2,5,3,False,gitextensions,1.0,14.75
sirideain,1,https://github.com/sirideain,User,False,3533.0,10.0,8.0,24,5,1,1,False,gitextensions,0.8,9.68
burix,1,https://github.com/burix,User,False,4756.0,1.0,1.0,0,3,2,4,False,gitextensions,1.0,13.03
minidfx,1,https://github.com/minidfx,User,False,4462.0,15.0,12.0,9,30,11,6,False,gitextensions,0.8,12.22
bdukes,1,https://github.com/bdukes,User,False,5830.0,30.0,30.0,30,30,127,14,False,gitextensions,1.0,15.97
pasa-,1,https://github.com/pasa-,User,False,4673.0,0.0,0.0,19,0,0,0,False,gitextensions,0.0,12.8
f-i-x-7,1,https://github.com/f-i-x-7,User,False,1753.0,6.0,6.0,7,8,2,0,False,gitextensions,1.0,4.8
AntonKedrov,1,https://github.com/AntonKedrov,User,False,4421.0,2.0,1.0,3,2,1,7,False,gitextensions,0.5,12.11
anhtrvn,1,https://github.com/anhtrvn,User,False,941.0,21.0,21.0,0,3,1,0,False,gitextensions,1.0,2.58
fiveohhh,1,https://github.com/fiveohhh,User,False,5323.0,0.0,0.0,0,30,13,10,False,gitextensions,0.0,14.58
andrewcartwright1,1,https://github.com/andrewcartwright1,User,False,3729.0,0.0,0.0,0,0,2,0,False,gitextensions,0.0,10.22
SabotageAndi,1,https://github.com/SabotageAndi,User,False,4992.0,0.0,0.0,0,30,128,14,False,gitextensions,0.0,13.68
ashumkin,1,https://github.com/ashumkin,User,False,4849.0,0.0,0.0,0,30,33,49,False,gitextensions,0.0,13.28
Tyrrrz,1,https://github.com/Tyrrrz,User,False,4608.0,0.0,0.0,0,30,2482,17696,False,gitextensions,0.0,12.62
ashahabov,1,https://github.com/ashahabov,User,False,4109.0,0.0,0.0,0,2,20,0,False,gitextensions,0.0,11.26
georg138,1,https://github.com/georg138,User,False,2035.0,0.0,0.0,0,12,0,0,False,gitextensions,0.0,5.58
GavriYashar,1,https://github.com/GavriYashar,User,False,4632.0,0.0,0.0,0,15,6,77,False,gitextensions,0.0,12.69
forbjok,1,https://github.com/forbjok,User,False,4267.0,0.0,0.0,0,30,5,53,False,gitextensions,0.0,11.69
yinghung,1,https://github.com/yinghung,User,False,2812.0,0.0,0.0,0,1,0,0,False,gitextensions,0.0,7.7
Fabman08,1,https://github.com/Fabman08,User,False,4008.0,0.0,0.0,0,9,2,1,False,gitextensions,0.0,10.98
vrubleg,1,https://github.com/vrubleg,User,False,4569.0,0.0,0.0,0,6,27,314,False,gitextensions,0.0,12.52
e-stadnik,1,https://github.com/e-stadnik,User,False,697.0,2.0,2.0,1,2,0,1,False,gitextensions,1.0,1.91
loop-evgeny,1,https://github.com/loop-evgeny,User,False,2630.0,23.0,20.0,30,10,2,0,False,gitextensions,0.8695652173913043,7.21
erikleo,1,https://github.com/erikleo,User,False,3281.0,5.0,4.0,12,11,0,0,False,gitextensions,0.8,8.99
eric-wieser,1,https://github.com/eric-wieser,User,False,5251.0,30.0,30.0,30,30,376,39,False,gitextensions,1.0,14.39
ericstj,1,https://github.com/ericstj,User,False,3798.0,30.0,30.0,30,30,158,0,False,gitextensions,1.0,10.41
emmanuel-ferdman,1,https://github.com/emmanuel-ferdman,User,False,2589.0,30.0,30.0,10,21,43,15,False,gitextensions,1.0,7.09
manuc66,1,https://github.com/manuc66,User,False,4126.0,30.0,30.0,30,30,23,619,False,gitextensions,1.0,11.3
eli-b,1,https://github.com/eli-b,User,False,5004.0,30.0,30.0,30,30,46,64,False,gitextensions,1.0,13.71
dogancelik,1,https://github.com/dogancelik,User,False,5205.0,30.0,23.0,30,30,50,372,False,gitextensions,0.7666666666666667,14.26
peppy,1,https://github.com/peppy,User,False,5499.0,30.0,30.0,30,30,4502,190,False,gitextensions,1.0,15.07
DavideDunne,1,https://github.com/DavideDunne,User,False,922.0,0.0,0.0,0,20,26,1,False,gitextensions,0.0,2.53
codewarrior0,1,https://github.com/codewarrior0,User,False,5359.0,0.0,0.0,0,30,83,0,False,gitextensions,0.0,14.68
x2764tech,1,https://github.com/x2764tech,User,False,4469.0,0.0,0.0,0,29,8,1,False,gitextensions,0.0,12.24
honggoff,1,https://github.com/honggoff,User,False,5602.0,0.0,0.0,0,13,5,1,False,gitextensions,0.0,15.35
ichernev,1363,https://github.com/ichernev,User,False,5043.0,30.0,30.0,30,30,317,15,False,moment,1.0,13.82
timrwood,807,https://github.com/timrwood,User,False,5101.0,30.0,30.0,30,30,343,107,True,moment,1.0,13.98
icambron,220,https://github.com/icambron,User,False,5421.0,30.0,30.0,30,30,216,76,True,moment,1.0,14.85
marwahaha,101,https://github.com/marwahaha,User,False,4510.0,30.0,30.0,30,30,161,0,True,moment,1.0,12.36
TracyGJG,35,https://github.com/TracyGJG,User,False,4305.0,19.0,6.0,19,30,14,3,False,moment,0.3157894736842105,11.79
mattjohnsonpint,31,https://github.com/mattjohnsonpint,User,False,4764.0,30.0,30.0,30,30,402,33,False,moment,1.0,13.05
ashsearle,31,https://github.com/ashsearle,User,False,4855.0,30.0,30.0,17,30,12,21,False,moment,1.0,13.3
caillou,23,https://github.com/caillou,User,False,5876.0,30.0,30.0,30,30,148,30,False,moment,1.0,16.1
mbad0la,20,https://github.com/mbad0la,User,False,3833.0,30.0,30.0,30,30,158,243,False,moment,1.0,10.5
Xotic750,17,https://github.com/Xotic750,User,False,5463.0,30.0,30.0,30,30,49,13,False,moment,1.0,14.97
nrbgt,16,https://github.com/nrbgt,User,False,3931.0,30.0,30.0,30,30,18,7,False,moment,1.0,10.77
Alanscut,16,https://github.com/Alanscut,User,False,3104.0,30.0,30.0,30,30,72,8,False,moment,1.0,8.5
kruyvanna,14,https://github.com/kruyvanna,User,False,4853.0,16.0,9.0,30,30,107,1,False,moment,0.5625,13.3
jbleduigou,14,https://github.com/jbleduigou,User,False,4735.0,30.0,30.0,30,30,26,4,False,moment,1.0,12.97
mergehez,12,https://github.com/mergehez,User,False,3330.0,16.0,6.0,11,30,15,82,False,moment,0.375,9.12
mrtnjrrtt,12,https://github.com/mrtnjrrtt,User,False,4360.0,10.0,6.0,1,4,1,0,False,moment,0.6,11.95
weldan,12,https://github.com/weldan,User,False,5647.0,12.0,7.0,4,30,65,16,False,moment,0.5833333333333334,15.47
timfish,12,https://github.com/timfish,User,False,4863.0,30.0,30.0,30,30,61,82,False,moment,1.0,13.32
vnathalye,11,https://github.com/vnathalye,User,False,3460.0,6.0,2.0,5,6,0,0,False,moment,0.3333333333333333,9.48
kkopanidis,11,https://github.com/kkopanidis,User,False,3783.0,30.0,30.0,26,13,29,1,False,moment,1.0,10.36
wi-ski,10,https://github.com/wi-ski,User,False,3575.0,30.0,25.0,23,30,25,0,False,moment,0.8333333333333334,9.79
maggiepint,9,https://github.com/maggiepint,User,False,4098.0,30.0,30.0,30,30,293,3,True,moment,1.0,11.23
mdxs,9,https://github.com/mdxs,User,False,4867.0,30.0,30.0,30,30,28,1,False,moment,1.0,13.33
eternicode,8,https://github.com/eternicode,User,False,5339.0,27.0,19.0,30,21,195,68,False,moment,0.7037037037037037,14.63
vajradog,7,https://github.com/vajradog,User,False,4359.0,30.0,30.0,0,30,4,5,False,moment,1.0,11.94
szelga,7,https://github.com/szelga,User,False,4647.0,25.0,12.0,30,23,0,2,False,moment,0.48,12.73
raphamorim,7,https://github.com/raphamorim,User,False,4381.0,30.0,30.0,30,30,2019,1733,False,moment,1.0,12.0
alexstrat,7,https://github.com/alexstrat,User,False,5078.0,30.0,30.0,30,30,61,39,False,moment,1.0,13.91
ianwremmel,7,https://github.com/ianwremmel,User,False,4848.0,30.0,30.0,30,30,29,22,False,moment,1.0,13.28
fbonzon,7,https://github.com/fbonzon,User,False,4878.0,30.0,30.0,30,9,25,1,False,moment,1.0,13.36
DamianFekete,7,https://github.com/DamianFekete,User,False,5578.0,22.0,17.0,30,30,15,0,False,moment,0.7727272727272727,15.28
nusretparlak,6,https://github.com/nusretparlak,User,False,2914.0,3.0,0.0,0,5,0,0,False,moment,0.0,7.98
jeeeyul,6,https://github.com/jeeeyul,User,False,4949.0,4.0,4.0,30,30,74,951,False,moment,1.0,13.56
mar-chi-pan,6,https://github.com/mar-chi-pan,User,False,4825.0,7.0,5.0,1,6,4,4,False,moment,0.7142857142857143,13.22
ypomortsev,6,https://github.com/ypomortsev,User,False,4992.0,30.0,29.0,24,7,61,17,False,moment,0.9666666666666667,13.68
WikiDiscoverer,6,https://github.com/WikiDiscoverer,User,False,2940.0,10.0,5.0,0,3,0,0,False,moment,0.5,8.05
tcarlsen,6,https://github.com/tcarlsen,User,False,5591.0,30.0,30.0,30,30,37,225,False,moment,1.0,15.32
sigurdga,6,https://github.com/sigurdga,User,False,5668.0,26.0,15.0,30,30,96,741,False,moment,0.5769230769230769,15.53
rockymeza,6,https://github.com/rockymeza,User,False,6019.0,30.0,30.0,30,30,76,30,False,moment,1.0,16.49
jisaacks,6,https://github.com/jisaacks,User,False,4777.0,30.0,30.0,30,30,231,126,False,moment,1.0,13.09
guybedford,6,https://github.com/guybedford,User,False,5127.0,30.0,30.0,30,30,1834,46,False,moment,1.0,14.05
dandv,6,https://github.com/dandv,User,False,5942.0,30.0,30.0,30,30,672,1,False,moment,1.0,16.28
wyantb,6,https://github.com/wyantb,User,False,5058.0,30.0,27.0,30,28,13,77,False,moment,0.9,13.86
flugg,6,https://github.com/flugg,User,False,4808.0,30.0,29.0,30,30,40,877,False,moment,0.9666666666666667,13.17
fduch2k,6,https://github.com/fduch2k,User,False,5297.0,30.0,20.0,12,30,12,2,False,moment,0.6666666666666666,14.51
FourwingsY,5,https://github.com/FourwingsY,User,False,4399.0,30.0,30.0,30,30,32,16,False,moment,1.0,12.05
skakz,5,https://github.com/skakz,User,False,4508.0,1.0,0.0,2,0,0,0,False,moment,0.0,12.35
vroy,5,https://github.com/vroy,User,False,6163.0,30.0,23.0,30,30,68,47,False,moment,0.7666666666666667,16.88
ibnesayeed,5,https://github.com/ibnesayeed,User,False,5812.0,30.0,30.0,30,30,113,14,False,moment,1.0,15.92
robgallen,5,https://github.com/robgallen,User,False,4162.0,9.0,7.0,11,16,3,28,False,moment,0.7777777777777778,11.4
petrbela,5,https://github.com/petrbela,User,False,5088.0,30.0,30.0,30,30,81,38,False,moment,1.0,13.94
Gobie,5,https://github.com/Gobie,User,False,5368.0,27.0,15.0,18,30,19,19,False,moment,0.5555555555555556,14.71
majdal,5,https://github.com/majdal,User,False,5304.0,17.0,10.0,30,30,58,2,False,moment,0.5882352941176471,14.53
cwohlman,5,https://github.com/cwohlman,User,False,4271.0,30.0,30.0,30,30,18,2,False,moment,1.0,11.7
jonbca,5,https://github.com/jonbca,User,False,5265.0,21.0,9.0,14,30,16,9,False,moment,0.42857142857142855,14.42
johnnyreilly,5,https://github.com/johnnyreilly,User,False,4920.0,30.0,30.0,30,30,447,67,False,moment,1.0,13.48
jasondavies,5,https://github.com/jasondavies,User,False,5956.0,30.0,30.0,30,30,3140,6047,False,moment,1.0,16.32
brianwyantora,5,https://github.com/brianwyantora,User,False,3607.0,1.0,0.0,2,1,0,0,False,moment,0.0,9.88
armendarabyan,5,https://github.com/armendarabyan,User,False,4860.0,9.0,7.0,7,25,18,0,False,moment,0.7777777777777778,13.32
kikoanis,5,https://github.com/kikoanis,User,False,5117.0,9.0,6.0,30,30,14,12,False,moment,0.6666666666666666,14.02
akarelas,4,https://github.com/akarelas,User,False,5252.0,30.0,30.0,30,30,30,2,False,moment,1.0,14.39
sbstp,4,https://github.com/sbstp,User,False,4990.0,30.0,30.0,30,30,89,2526,False,moment,1.0,13.67
sschueller,4,https://github.com/sschueller,User,False,4849.0,30.0,30.0,30,30,83,30,False,moment,1.0,13.28
XueWei,4,https://github.com/XueWei,User,False,5609.0,13.0,8.0,15,9,8,5,False,moment,0.6153846153846154,15.37
antonellopasella,4,https://github.com/antonellopasella,User,False,5723.0,30.0,19.0,30,30,23,3,False,moment,0.6333333333333333,15.68
new-carrot,4,https://github.com/new-carrot,User,False,5015.0,2.0,2.0,4,4,8,0,False,moment,1.0,13.74
pimterry,4,https://github.com/pimterry,User,False,4724.0,30.0,30.0,30,30,661,11,False,moment,1.0,12.94
skfd,4,https://github.com/skfd,User,False,5557.0,29.0,21.0,30,30,17,0,False,moment,0.7241379310344828,15.22
JLHwung,4,https://github.com/JLHwung,User,False,4383.0,30.0,30.0,30,30,410,3,False,moment,1.0,12.01
calebcauthon,4,https://github.com/calebcauthon,User,False,5583.0,30.0,30.0,30,30,6,3,False,moment,1.0,15.3
josephjaniga,4,https://github.com/josephjaniga,User,False,4330.0,7.0,6.0,30,27,10,12,False,moment,0.8571428571428571,11.86
kshitijb,4,https://github.com/kshitijb,User,False,4327.0,3.0,2.0,9,10,7,2,False,moment,0.6666666666666666,11.85
mirontoli,4,https://github.com/mirontoli,User,False,5216.0,29.0,19.0,30,30,30,24,False,moment,0.6551724137931034,14.29
andrei-cocorean,4,https://github.com/andrei-cocorean,User,False,3972.0,1.0,1.0,3,3,1,0,False,moment,1.0,10.88
zemlanin,4,https://github.com/zemlanin,User,False,5066.0,30.0,30.0,30,30,48,16,False,moment,1.0,13.88
cmyers,4,https://github.com/cmyers,User,False,3026.0,30.0,30.0,0,24,8,18,False,moment,1.0,8.29
SwamWithTurtles,4,https://github.com/SwamWithTurtles,User,False,4229.0,30.0,15.0,4,30,8,0,False,moment,0.5,11.59
floydpink,4,https://github.com/floydpink,User,False,5535.0,30.0,30.0,30,30,125,78,False,moment,1.0,15.16
jgwhite,4,https://github.com/jgwhite,User,False,5940.0,30.0,30.0,30,30,170,4,False,moment,1.0,16.27
jawish,4,https://github.com/jawish,User,False,4585.0,28.0,22.0,1,30,100,85,False,moment,0.7857142857142857,12.56
joelmheim,4,https://github.com/joelmheim,User,False,5218.0,30.0,30.0,12,30,31,4,False,moment,1.0,14.3
mmozuras,4,https://github.com/mmozuras,User,False,5846.0,30.0,30.0,25,30,177,213,False,moment,1.0,16.02
cgbeekman,4,https://github.com/cgbeekman,User,False,5099.0,2.0,1.0,3,1,1,1,False,moment,0.5,13.97
xsoh,3,https://github.com/xsoh,User,False,4987.0,30.0,26.0,30,30,180,474,False,moment,0.8666666666666667,13.66
p-baleine,3,https://github.com/p-baleine,User,False,5074.0,30.0,30.0,30,30,49,17,False,moment,1.0,13.9
eternalharvest,3,https://github.com/eternalharvest,User,False,4874.0,30.0,30.0,30,30,5,10,False,moment,1.0,13.35
TalAter,3,https://github.com/TalAter,User,False,4960.0,30.0,30.0,30,30,824,11811,False,moment,1.0,13.59
terrapass,3,https://github.com/terrapass,User,False,4811.0,16.0,15.0,3,28,9,32,False,moment,0.9375,13.18
wernerm,3,https://github.com/wernerm,User,False,5261.0,13.0,9.0,26,21,1,3,False,moment,0.6923076923076923,14.41
yannickl,3,https://github.com/yannickl,User,False,5022.0,30.0,30.0,30,30,718,9140,False,moment,1.0,13.76
afc163,3,https://github.com/afc163,User,False,5189.0,30.0,30.0,30,30,7181,87,False,moment,1.0,14.22
alburthoffman,3,https://github.com/alburthoffman,User,False,4989.0,15.0,7.0,25,30,8,2,False,moment,0.4666666666666667,13.67
bakatamas,3,https://github.com/bakatamas,User,False,4177.0,6.0,1.0,3,2,0,0,False,moment,0.16666666666666666,11.44
ben-lin,3,https://github.com/ben-lin,User,False,4767.0,2.0,2.0,30,6,72,4,False,moment,1.0,13.06
bentaber,3,https://github.com/bentaber,User,False,5522.0,15.0,5.0,8,21,11,12,False,moment,0.3333333333333333,15.13
jarosluv,3,https://github.com/jarosluv,User,False,4230.0,30.0,28.0,30,27,6,12,False,moment,0.9333333333333333,11.59
not-an-aardvark,3,https://github.com/not-an-aardvark,User,False,3616.0,30.0,30.0,30,30,372,744,False,moment,1.0,9.91
sgorsh,3,https://github.com/sgorsh,User,False,2957.0,9.0,7.0,5,6,0,0,False,moment,0.7777777777777778,8.1
tomerle,3,https://github.com/tomerle,User,False,3812.0,11.0,9.0,14,3,1,3,False,moment,0.8181818181818182,10.44
socketpair,3,https://github.com/socketpair,User,False,4860.0,30.0,30.0,30,25,67,136,False,moment,1.0,13.32
B0k0,3,https://github.com/B0k0,User,False,4812.0,9.0,3.0,1,10,2,0,False,moment,0.3333333333333333,13.18
colindean,3,https://github.com/colindean,User,False,5490.0,30.0,30.0,30,30,236,22,False,moment,1.0,15.04
nanomosfet,3,https://github.com/nanomosfet,User,False,3109.0,30.0,27.0,30,30,10,1,False,moment,0.9,8.52
arshaw,3,https://github.com/arshaw,User,False,5839.0,30.0,27.0,30,12,772,926,False,moment,0.9,16.0
ozon1234,3,https://github.com/ozon1234,User,False,4887.0,3.0,2.0,3,21,4,8,False,moment,0.6666666666666666,13.39
And-re,3,https://github.com/And-re,User,False,5335.0,30.0,30.0,9,24,17,1,False,moment,1.0,14.62
DaAira,3,https://github.com/DaAira,User,False,4612.0,2.0,0.0,1,3,1,0,False,moment,0.0,12.64
djmitche,3,https://github.com/djmitche,User,False,5970.0,30.0,30.0,30,30,353,19,False,moment,1.0,16.36
keeguon,3,https://github.com/keeguon,User,False,5341.0,21.0,10.0,28,30,51,56,False,moment,0.47619047619047616,14.63
gdibble,3,https://github.com/gdibble,User,False,4969.0,30.0,17.0,30,30,17,27,False,moment,0.5666666666666667,13.61
gregor-rayman,3,https://github.com/gregor-rayman,User,False,4981.0,29.0,17.0,16,15,3,0,False,moment,0.5862068965517241,13.65
RIanDeLaCruz,3,https://github.com/RIanDeLaCruz,User,False,3912.0,30.0,30.0,21,30,17,2,False,moment,1.0,10.72
JakubOnderka,3,https://github.com/JakubOnderka,User,False,5551.0,30.0,30.0,30,30,156,82,False,moment,1.0,15.21
jalex79,3,https://github.com/jalex79,User,False,5222.0,1.0,1.0,6,4,7,8,False,moment,1.0,14.31
captbaritone,3,https://github.com/captbaritone,User,False,5552.0,30.0,30.0,30,30,867,217,False,moment,1.0,15.21
philjohnson789,3,https://github.com/philjohnson789,User,False,4820.0,3.0,1.0,1,3,1,0,False,moment,0.3333333333333333,13.21
evoL,3,https://github.com/evoL,User,False,5567.0,24.0,17.0,27,30,38,72,False,moment,0.7083333333333334,15.25
frontyard,3,https://github.com/frontyard,User,False,4695.0,17.0,11.0,23,19,18,78,False,moment,0.6470588235294118,12.86
doedje,3,https://github.com/doedje,User,False,4380.0,30.0,13.0,12,20,11,355,False,moment,0.43333333333333335,12.0
moshest,3,https://github.com/moshest,User,False,5169.0,30.0,30.0,30,30,61,1,False,moment,1.0,14.16
theawesomenayak,3,https://github.com/theawesomenayak,User,False,3728.0,18.0,12.0,4,17,27,16,False,moment,0.6666666666666666,10.21
1ec5,3,https://github.com/1ec5,User,False,4827.0,30.0,30.0,30,30,245,141,False,moment,1.0,13.22
mikeparas,3,https://github.com/mikeparas,User,False,3915.0,5.0,1.0,1,7,1,0,False,moment,0.2,10.73
massic80,3,https://github.com/massic80,User,False,4050.0,30.0,14.0,30,2,3,0,False,moment,0.4666666666666667,11.1
baryon,3,https://github.com/baryon,User,False,5253.0,30.0,30.0,30,30,147,5,False,moment,1.0,14.39
kevinzwhuang,3,https://github.com/kevinzwhuang,User,False,3964.0,30.0,30.0,10,30,48,3,False,moment,1.0,10.86
julionc,3,https://github.com/julionc,User,False,4934.0,30.0,30.0,2,21,110,1046,False,moment,1.0,13.52
saxicek,2,https://github.com/saxicek,User,False,4670.0,30.0,27.0,30,30,5,11,False,moment,0.9,12.79
samuelfullerthomas,2,https://github.com/samuelfullerthomas,User,False,3719.0,30.0,30.0,23,30,36,11,False,moment,1.0,10.19
rvagg,2,https://github.com/rvagg,User,False,5197.0,30.0,30.0,30,30,2517,894,False,moment,1.0,14.24
rbonvall,2,https://github.com/rbonvall,User,False,6127.0,16.0,12.0,7,30,40,18,False,moment,0.75,16.79
ragnar123,2,https://github.com/ragnar123,User,False,5623.0,9.0,6.0,1,22,6,9,False,moment,0.6666666666666666,15.41
qzoke,2,https://github.com/qzoke,User,False,3959.0,3.0,0.0,4,30,5,0,False,moment,0.0,10.85
nikoskalogridis,2,https://github.com/nikoskalogridis,User,False,3981.0,30.0,27.0,30,21,23,9,False,moment,0.9,10.91
tyok,2,https://github.com/tyok,User,False,5742.0,19.0,11.0,6,30,42,48,False,moment,0.5789473684210527,15.73
msonsona,2,https://github.com/msonsona,User,False,5433.0,4.0,2.0,6,15,10,1,False,moment,0.5,14.88
wraithgar,2,https://github.com/wraithgar,User,True,5927.0,30.0,30.0,30,30,267,80,False,moment,1.0,16.24
miestasmia,2,https://github.com/miestasmia,User,False,4032.0,15.0,11.0,6,14,33,23,False,moment,0.7333333333333333,11.05
MhMadHamster,2,https://github.com/MhMadHamster,User,False,4332.0,20.0,15.0,26,30,12,0,False,moment,0.75,11.87
mattiasrunge,2,https://github.com/mattiasrunge,User,False,4729.0,30.0,30.0,30,30,14,26,False,moment,1.0,12.96
nostalgiaz,2,https://github.com/nostalgiaz,User,False,4848.0,30.0,20.0,17,30,218,620,False,moment,0.6666666666666666,13.28
marlonmleite,2,https://github.com/marlonmleite,User,False,3827.0,30.0,30.0,30,30,27,9,False,moment,1.0,10.48
markstos,2,https://github.com/markstos,User,False,5990.0,30.0,30.0,30,30,166,1,False,moment,1.0,16.41
MadMG,2,https://github.com/MadMG,User,False,4121.0,11.0,11.0,2,20,6,63,False,moment,1.0,11.29
lukemcgregor,2,https://github.com/lukemcgregor,User,False,4802.0,30.0,30.0,30,30,41,30,False,moment,1.0,13.16
lluchs,2,https://github.com/lluchs,User,False,5183.0,30.0,30.0,30,30,41,42,False,moment,1.0,14.2
butterflyhug,2,https://github.com/butterflyhug,User,False,5385.0,28.0,18.0,22,7,49,8,False,moment,0.6428571428571429,14.75
ericsaboia,2,https://github.com/ericsaboia,User,False,5121.0,25.0,17.0,14,30,37,45,False,moment,0.68,14.03
fadsel,2,https://github.com/fadsel,User,False,4271.0,30.0,30.0,12,30,17,7,False,moment,1.0,11.7
hupfis,2,https://github.com/hupfis,User,False,5690.0,30.0,22.0,4,7,16,0,False,moment,0.7333333333333333,15.59
BYK,2,https://github.com/BYK,User,False,5634.0,30.0,30.0,30,30,1639,136,False,moment,1.0,15.44
afanasy,2,https://github.com/afanasy,User,False,5084.0,30.0,30.0,30,30,41,7,False,moment,1.0,13.93
ShaishavGandhi,2,https://github.com/ShaishavGandhi,User,False,4556.0,30.0,30.0,30,30,202,14,False,moment,1.0,12.48
ryangreaves,2,https://github.com/ryangreaves,User,False,4058.0,2.0,0.0,0,2,0,0,False,moment,0.0,11.12
paladox,2,https://github.com/paladox,User,False,4138.0,30.0,30.0,30,30,43,14,False,moment,1.0,11.34
marijaselakovic,2,https://github.com/marijaselakovic,User,False,3896.0,30.0,25.0,6,10,9,162,False,moment,0.8333333333333334,10.67
JanisE,2,https://github.com/JanisE,User,False,4741.0,30.0,16.0,30,30,12,3,False,moment,0.5333333333333333,12.99
humbletim,2,https://github.com/humbletim,User,False,5728.0,30.0,30.0,15,30,52,184,False,moment,1.0,15.69
harpreetkhalsagtbit,2,https://github.com/harpreetkhalsagtbit,User,False,4457.0,30.0,30.0,30,30,32,304,False,moment,1.0,12.21
aleafs,2,https://github.com/aleafs,User,False,5168.0,30.0,25.0,29,25,237,370,False,moment,0.8333333333333334,14.16
zhantongz,2,https://github.com/zhantongz,User,False,4488.0,4.0,1.0,11,10,10,2,False,moment,0.25,12.3
borodean,2,https://github.com/borodean,User,False,4723.0,30.0,30.0,30,22,39,583,False,moment,1.0,12.94
tomvlk,2,https://github.com/tomvlk,User,False,4356.0,30.0,30.0,30,30,41,13,False,moment,1.0,11.93
Timrael,2,https://github.com/Timrael,User,False,5111.0,13.0,10.0,15,18,27,332,False,moment,0.7692307692307693,14.0
ovangle,2,https://github.com/ovangle,User,False,4911.0,30.0,29.0,30,30,12,10,False,moment,0.9666666666666667,13.45
StoyanDimitrov,2,https://github.com/StoyanDimitrov,User,False,3658.0,30.0,30.0,30,8,27,8,False,moment,1.0,10.02
skastel,2,https://github.com/skastel,User,False,5833.0,17.0,11.0,2,7,34,0,False,moment,0.6470588235294118,15.98
monoblaine,2,https://github.com/monoblaine,User,False,5162.0,30.0,21.0,30,30,9,8,False,moment,0.7,14.14
sereysethy,2,https://github.com/sereysethy,User,False,3527.0,16.0,7.0,30,23,5,2,False,moment,0.4375,9.66
colus001,2,https://github.com/colus001,User,False,4472.0,30.0,30.0,30,30,114,15,False,moment,1.0,12.25
lvn,2,https://github.com/lvn,User,False,3982.0,20.0,15.0,4,30,77,58,False,moment,0.75,10.91
ebraminio,2,https://github.com/ebraminio,User,False,5004.0,30.0,30.0,30,30,536,202,False,moment,1.0,13.71
shabanovd,2,https://github.com/shabanovd,User,False,5673.0,30.0,30.0,21,30,32,27,False,moment,1.0,15.54
rentalhost,2,https://github.com/rentalhost,User,False,5253.0,30.0,30.0,30,30,21,31,False,moment,1.0,14.39
david-reiman-ck,2,https://github.com/david-reiman-ck,User,False,2818.0,0.0,0.0,0,0,0,0,False,moment,0.0,7.72
david-driscoll,2,https://github.com/david-driscoll,User,False,4810.0,30.0,30.0,30,30,220,28,False,moment,1.0,13.18
danielgindi,2,https://github.com/danielgindi,User,False,5297.0,30.0,30.0,30,30,1436,251,False,moment,1.0,14.51
dazld,2,https://github.com/dazld,User,False,5485.0,30.0,30.0,30,30,114,65,False,moment,1.0,15.03
clairecoloma,2,https://github.com/clairecoloma,User,False,4447.0,25.0,21.0,2,20,27,0,False,moment,0.84,12.18
chbrown,2,https://github.com/chbrown,User,False,5303.0,30.0,30.0,30,30,165,108,False,moment,1.0,14.53
hehachris,2,https://github.com/hehachris,User,False,4560.0,0.0,0.0,0,17,0,8,False,moment,0.0,12.49
chriscartlidge,2,https://github.com/chriscartlidge,User,False,4806.0,24.0,21.0,12,26,3,1,False,moment,0.875,13.17
aijo,2,https://github.com/aijo,User,False,5271.0,2.0,0.0,0,14,15,2,False,moment,0.0,14.44
cassmtnr,2,https://github.com/cassmtnr,User,False,3552.0,30.0,20.0,30,5,34,0,False,moment,0.6666666666666666,9.73
caio-ribeiro-pereira,2,https://github.com/caio-ribeiro-pereira,User,False,5154.0,30.0,30.0,30,30,900,466,False,moment,1.0,14.12
schempy,2,https://github.com/schempy,User,False,4476.0,30.0,10.0,15,25,9,186,False,moment,0.3333333333333333,12.26
bmarkovic,2,https://github.com/bmarkovic,User,False,5217.0,12.0,9.0,30,30,7,3,False,moment,0.75,14.29
amire80,2,https://github.com/amire80,User,False,5317.0,30.0,30.0,30,30,79,15,False,moment,1.0,14.57
mehiel,2,https://github.com/mehiel,User,False,5078.0,21.0,11.0,17,30,20,8,False,moment,0.5238095238095238,13.91
askpt,2,https://github.com/askpt,User,False,4517.0,30.0,30.0,30,27,35,14,False,moment,1.0,12.38
azrijamil,2,https://github.com/azrijamil,User,False,2504.0,0.0,0.0,3,1,0,0,False,moment,0.0,6.86
sirn,2,https://github.com/sirn,User,False,6169.0,30.0,30.0,30,30,108,182,False,moment,1.0,16.9
vovikhangcdv,2,https://github.com/vovikhangcdv,User,False,2272.0,30.0,26.0,27,30,31,5,False,moment,0.8666666666666667,6.22
lashad,2,https://github.com/lashad,User,False,5640.0,3.0,1.0,1,9,22,17,False,moment,0.3333333333333333,15.45
kafiln,2,https://github.com/kafiln,User,False,3386.0,30.0,30.0,30,30,82,12,False,moment,1.0,9.28
juanghurtado,2,https://github.com/juanghurtado,User,False,6162.0,30.0,27.0,30,30,49,31,False,moment,0.9,16.88
joshbrooks,2,https://github.com/joshbrooks,User,False,4298.0,30.0,30.0,30,30,4,1,False,moment,1.0,11.78
jordaaash,2,https://github.com/jordaaash,User,False,4853.0,30.0,30.0,30,30,554,33,False,moment,1.0,13.3
jvanoostveen,2,https://github.com/jvanoostveen,User,False,5428.0,28.0,20.0,30,27,17,18,False,moment,0.7142857142857143,14.87
ulmus,2,https://github.com/ulmus,User,False,5210.0,26.0,16.0,25,30,12,27,False,moment,0.6153846153846154,14.27
NobodysNightmare,2,https://github.com/NobodysNightmare,User,False,5228.0,30.0,30.0,30,30,21,8,False,moment,1.0,14.32
jdudek,2,https://github.com/jdudek,User,False,5501.0,30.0,22.0,23,30,39,40,False,moment,0.7333333333333333,15.07
jeverington,2,https://github.com/jeverington,User,False,4597.0,6.0,4.0,9,9,3,0,False,moment,0.6666666666666666,12.59
szwacz,2,https://github.com/szwacz,User,False,4280.0,29.0,24.0,30,7,175,4185,False,moment,0.8275862068965517,11.73
wejendorp,2,https://github.com/wejendorp,User,False,5371.0,30.0,30.0,19,30,37,38,False,moment,1.0,14.72
middagj,2,https://github.com/middagj,User,False,5563.0,30.0,30.0,10,6,21,11,False,moment,1.0,15.24
IrakliJani,2,https://github.com/IrakliJani,User,False,4944.0,30.0,30.0,30,23,109,39,False,moment,1.0,13.55
HyunSangHan,2,https://github.com/HyunSangHan,User,False,2317.0,30.0,30.0,30,30,37,25,False,moment,1.0,6.35
gido,2,https://github.com/gido,User,False,5705.0,30.0,30.0,30,30,97,8,False,moment,1.0,15.63
thorn0,2,https://github.com/thorn0,User,False,5729.0,30.0,30.0,30,30,84,111,False,moment,1.0,15.7
erik-krogh,2,https://github.com/erik-krogh,User,True,1990.0,30.0,30.0,3,30,78,0,False,moment,1.0,5.45
G1NA,2,https://github.com/G1NA,User,False,3624.0,0.0,0.0,0,5,4,0,False,moment,0.0,9.93
rexxars,2,https://github.com/rexxars,User,False,5870.0,30.0,30.0,30,30,619,177,False,moment,1.0,16.08
attritionorg,1,https://github.com/attritionorg,User,False,4440.0,30.0,30.0,30,7,70,4,False,moment,1.0,12.16
javkhaanj7,1,https://github.com/javkhaanj7,User,False,4365.0,12.0,12.0,2,20,25,1,False,moment,1.0,11.96
jasperSpeicher,1,https://github.com/jasperSpeicher,User,False,4959.0,30.0,30.0,25,20,7,1,False,moment,1.0,13.59
jarcoal,1,https://github.com/jarcoal,User,False,5246.0,30.0,30.0,30,30,46,141,False,moment,1.0,14.37
vaicine,1,https://github.com/vaicine,User,False,5870.0,0.0,0.0,0,30,0,2,False,moment,0.0,16.08
jguc,1,https://github.com/jguc,User,False,3715.0,3.0,3.0,0,3,1,3,False,moment,1.0,10.18
IronGeek,1,https://github.com/IronGeek,User,False,4769.0,14.0,11.0,24,30,1,30,False,moment,0.7857142857142857,13.07
jcfranco,1,https://github.com/jcfranco,User,False,5490.0,30.0,30.0,30,30,162,45,False,moment,1.0,15.04
jfarid27,1,https://github.com/jfarid27,User,False,4681.0,30.0,30.0,30,30,20,7,False,moment,1.0,12.82
ikr,1,https://github.com/ikr,User,False,5843.0,30.0,30.0,30,30,40,34,False,moment,1.0,16.01
JimiHFord,1,https://github.com/JimiHFord,User,False,4622.0,30.0,30.0,21,30,35,0,False,moment,1.0,12.66
joefreeman,1,https://github.com/joefreeman,User,False,5168.0,30.0,30.0,9,30,10,51,False,moment,1.0,14.16
jgillman,1,https://github.com/jgillman,User,False,5531.0,30.0,30.0,30,29,34,78,False,moment,1.0,15.15
johanneswuerbach,1,https://github.com/johanneswuerbach,User,False,4989.0,30.0,30.0,30,30,115,59,False,moment,1.0,13.67
JohnAnthony,1,https://github.com/JohnAnthony,User,False,5241.0,18.0,12.0,8,30,159,32,False,moment,0.6666666666666666,14.36
johncrisostomo,1,https://github.com/johncrisostomo,User,False,5427.0,8.0,6.0,3,30,78,15,False,moment,0.75,14.87
jfroffice,1,https://github.com/jfroffice,User,False,4942.0,12.0,8.0,30,30,41,31,False,moment,0.6666666666666666,13.54
jonashdown,1,https://github.com/jonashdown,User,False,4143.0,30.0,30.0,28,28,9,1,False,moment,1.0,11.35
97jaz,1,https://github.com/97jaz,User,False,4932.0,30.0,30.0,30,30,11,86,False,moment,1.0,13.51
vanillajonathan,1,https://github.com/vanillajonathan,User,False,3714.0,30.0,30.0,30,30,50,2,False,moment,1.0,10.18
jonathathan,1,https://github.com/jonathathan,User,False,3977.0,10.0,4.0,6,12,27,1,False,moment,0.4,10.9
jgerigmeyer,1,https://github.com/jgerigmeyer,User,False,5154.0,30.0,30.0,30,30,76,164,False,moment,1.0,14.12
GabrielHedges,1,https://github.com/GabrielHedges,User,False,4191.0,2.0,2.0,0,3,1,0,False,moment,1.0,11.48
gabrielmaldi,1,https://github.com/gabrielmaldi,User,False,4371.0,30.0,21.0,30,30,8,35,False,moment,0.7,11.98
gaplo917,1,https://github.com/gaplo917,User,False,4171.0,25.0,21.0,30,30,128,46,False,moment,0.84,11.43
gaspard,1,https://github.com/gaspard,User,False,6021.0,30.0,30.0,30,30,41,1,False,moment,1.0,16.5
gre,1,https://github.com/gre,User,False,5469.0,30.0,30.0,30,30,1903,2307,False,moment,1.0,14.98
pgilad,1,https://github.com/pgilad,User,False,4284.0,30.0,30.0,30,30,119,144,False,moment,1.0,11.74
gillyb,1,https://github.com/gillyb,User,False,4786.0,30.0,30.0,30,30,34,31,False,moment,1.0,13.11
glenjamin,1,https://github.com/glenjamin,User,False,5577.0,30.0,30.0,30,30,321,36,False,moment,1.0,15.28
mgorabbani,1,https://github.com/mgorabbani,User,False,3533.0,30.0,30.0,10,30,50,1,False,moment,1.0,9.68
gr2m,1,https://github.com/gr2m,User,True,5910.0,30.0,30.0,30,30,1563,684,False,moment,1.0,16.19
greysteil,1,https://github.com/greysteil,User,False,4866.0,30.0,30.0,30,11,384,15,False,moment,1.0,13.33
gregpabian,1,https://github.com/gregpabian,User,False,4003.0,17.0,12.0,30,30,13,40,False,moment,0.7058823529411765,10.97
Darkaiser0,1,https://github.com/Darkaiser0,User,False,2525.0,11.0,7.0,1,10,1,0,False,moment,0.6363636363636364,6.92
MasseGuillaume,1,https://github.com/MasseGuillaume,User,False,4963.0,30.0,30.0,30,30,155,7,False,moment,1.0,13.6
tgxworld,1,https://github.com/tgxworld,User,False,4306.0,30.0,30.0,30,30,193,4,False,moment,1.0,11.8
madhenry,1,https://github.com/madhenry,User,False,5243.0,6.0,5.0,4,22,14,23,False,moment,0.8333333333333334,14.36
hinrik,1,https://github.com/hinrik,User,False,5891.0,30.0,30.0,30,30,66,52,False,moment,1.0,16.14
wadahiro,1,https://github.com/wadahiro,User,False,5970.0,30.0,30.0,30,30,48,22,False,moment,1.0,16.36
horus68,1,https://github.com/horus68,User,False,4445.0,30.0,30.0,30,20,14,2,False,moment,1.0,12.18
hsablonniere,1,https://github.com/hsablonniere,User,False,5433.0,30.0,30.0,30,30,215,122,False,moment,1.0,14.88
igorlima,1,https://github.com/igorlima,User,False,4620.0,30.0,30.0,30,30,106,4,False,moment,1.0,12.66
ragulka,1,https://github.com/ragulka,User,False,5130.0,30.0,30.0,30,30,49,0,False,moment,1.0,14.05
cherouvim,1,https://github.com/cherouvim,User,False,5050.0,30.0,30.0,30,30,77,1,False,moment,1.0,13.84
jllahi,1,https://github.com/jllahi,User,False,4750.0,2.0,2.0,0,30,3,14,False,moment,1.0,13.01
ksnabb,1,https://github.com/ksnabb,User,False,5390.0,30.0,30.0,30,30,38,33,False,moment,1.0,14.77
kumarharsh,1,https://github.com/kumarharsh,User,False,5041.0,30.0,30.0,30,30,88,57,False,moment,1.0,13.81
kepta,1,https://github.com/kepta,User,False,3990.0,0.0,0.0,0,30,0,77,False,moment,0.0,10.93
liorcode,1,https://github.com/liorcode,User,False,4597.0,30.0,20.0,30,30,3,0,False,moment,0.6666666666666666,12.59
theboolean,1,https://github.com/theboolean,User,False,4876.0,30.0,30.0,21,30,22,0,False,moment,1.0,13.36
zenlor,1,https://github.com/zenlor,User,False,5917.0,30.0,30.0,29,30,48,30,False,moment,1.0,16.21
lucaong,1,https://github.com/lucaong,User,False,5449.0,30.0,30.0,30,30,284,1777,False,moment,1.0,14.93
mohan-mu,1,https://github.com/mohan-mu,User,False,3120.0,12.0,7.0,15,30,13,0,False,moment,0.5833333333333334,8.55
0xMANFRE,1,https://github.com/0xMANFRE,User,False,3218.0,13.0,10.0,3,1,4,0,False,moment,0.7692307692307693,8.82
marcoil,1,https://github.com/marcoil,User,False,4675.0,14.0,9.0,10,15,0,15,False,moment,0.6428571428571429,12.81
mperrando,1,https://github.com/mperrando,User,False,5176.0,30.0,30.0,8,30,7,4,False,moment,1.0,14.18
mcs,1,https://github.com/mcs,User,False,5945.0,30.0,27.0,6,29,19,10,False,moment,0.9,16.29
brgrz,1,https://github.com/brgrz,User,False,5494.0,30.0,12.0,30,16,4,0,False,moment,0.4,15.05
mercutiodesign,1,https://github.com/mercutiodesign,User,False,4879.0,30.0,30.0,14,30,9,3,False,moment,1.0,13.37
Frost,1,https://github.com/Frost,User,False,6192.0,30.0,30.0,30,30,71,32,False,moment,1.0,16.96
martinmcwhorter,1,https://github.com/martinmcwhorter,User,False,4843.0,30.0,20.0,30,30,7,53,False,moment,0.6666666666666666,13.27
k2s,1,https://github.com/k2s,User,False,5513.0,30.0,30.0,30,30,18,7,False,moment,1.0,15.1
martoche,1,https://github.com/martoche,User,False,5913.0,20.0,13.0,13,8,57,11,False,moment,0.65,16.2
mathiasrw,1,https://github.com/mathiasrw,User,False,4898.0,30.0,30.0,30,30,96,8,False,moment,1.0,13.42
deleteme,1,https://github.com/deleteme,User,False,6131.0,24.0,14.0,30,30,44,24,False,moment,0.5833333333333334,16.8
kaypro4,1,https://github.com/kaypro4,User,False,4036.0,21.0,13.0,22,30,8,0,False,moment,0.6190476190476191,11.06
matthewcm,1,https://github.com/matthewcm,User,False,3491.0,30.0,30.0,30,30,7,1,False,moment,1.0,9.56
matthewdeeco,1,https://github.com/matthewdeeco,User,False,4616.0,4.0,2.0,0,23,1,1,False,moment,0.5,12.65
Seldaek,1,https://github.com/Seldaek,User,False,5510.0,30.0,30.0,30,30,4579,286,False,moment,1.0,15.1
jorrit,1,https://github.com/jorrit,User,False,5179.0,30.0,30.0,30,30,22,1,False,moment,1.0,14.19
jnelssonsmith,1,https://github.com/jnelssonsmith,User,False,3563.0,18.0,14.0,4,24,39,15,False,moment,0.7777777777777778,9.76
jsoref,1,https://github.com/jsoref,User,False,4575.0,30.0,30.0,30,30,575,26,False,moment,1.0,12.53
juareznasato,1,https://github.com/juareznasato,User,False,3573.0,1.0,1.0,0,6,4,73,False,moment,1.0,9.79
JunhoKim01,1,https://github.com/JunhoKim01,User,False,3620.0,1.0,0.0,3,15,4,1,False,moment,0.0,9.92
jwarkentin,1,https://github.com/jwarkentin,User,False,4891.0,30.0,7.0,30,25,9,149,False,moment,0.23333333333333334,13.4
jonoskar,1,https://github.com/jonoskar,User,False,4919.0,3.0,2.0,0,9,0,0,False,moment,0.6666666666666666,13.48
eximius313,1,https://github.com/eximius313,User,False,4157.0,30.0,30.0,30,27,4,3,False,moment,1.0,11.39
Karamell,1,https://github.com/Karamell,User,False,4646.0,20.0,14.0,19,14,9,19,False,moment,0.7,12.73
Kartik18g,1,https://github.com/Kartik18g,User,False,1623.0,30.0,30.0,18,30,233,23,False,moment,1.0,4.45
kartikm,1,https://github.com/kartikm,User,False,5549.0,30.0,30.0,30,30,171,14,False,moment,1.0,15.2
Kaushik1987,1,https://github.com/Kaushik1987,User,False,3593.0,3.0,1.0,13,30,0,0,False,moment,0.3333333333333333,9.84
keheliya,1,https://github.com/keheliya,User,False,5512.0,30.0,30.0,30,30,35,21,False,moment,1.0,15.1
leafrogers,1,https://github.com/leafrogers,User,False,5580.0,30.0,30.0,11,30,22,9,False,moment,1.0,15.29
kevinji,1,https://github.com/kevinji,User,False,4865.0,30.0,30.0,30,22,65,15,False,moment,1.0,13.33
kperry42,1,https://github.com/kperry42,User,False,4933.0,6.0,5.0,9,7,0,0,False,moment,0.8333333333333334,13.52
xizhao,1,https://github.com/xizhao,User,False,4584.0,30.0,30.0,30,30,56,0,False,moment,1.0,12.56
kiliancs,1,https://github.com/kiliancs,User,False,5715.0,23.0,15.0,21,30,16,3,False,moment,0.6521739130434783,15.66
jrgensen,1,https://github.com/jrgensen,User,False,5261.0,8.0,7.0,7,21,10,3,False,moment,0.875,14.41
Klemensas,1,https://github.com/Klemensas,User,False,3784.0,30.0,30.0,30,30,3,43,False,moment,1.0,10.37
tsareg,1,https://github.com/tsareg,User,False,4855.0,30.0,30.0,14,21,3,2,False,moment,1.0,13.3
sakarisson,1,https://github.com/sakarisson,User,False,3434.0,30.0,30.0,18,30,9,1,False,moment,1.0,9.41
ayhaadam,1,https://github.com/ayhaadam,User,False,4441.0,3.0,2.0,4,16,3,0,False,moment,0.6666666666666666,12.17
anthonyshort,1,https://github.com/anthonyshort,User,False,5929.0,30.0,30.0,30,30,519,225,False,moment,1.0,16.24
allaud,1,https://github.com/allaud,User,False,5300.0,8.0,4.0,21,30,26,339,False,moment,0.5,14.52
tk120404,1,https://github.com/tk120404,User,False,4842.0,30.0,30.0,22,30,68,22,False,moment,1.0,13.27
tetranoir,1,https://github.com/tetranoir,User,False,4481.0,17.0,13.0,4,30,10,11,False,moment,0.7647058823529411,12.28
alfaslash,1,https://github.com/alfaslash,User,False,4026.0,22.0,19.0,5,30,20,37,False,moment,0.8636363636363636,11.03
yayudev,1,https://github.com/yayudev,User,False,3986.0,30.0,30.0,3,30,14,12,False,moment,1.0,10.92
asraf-patoary,1,https://github.com/asraf-patoary,User,False,3212.0,10.0,9.0,0,30,9,21,False,moment,0.9,8.8
aaabdyrahmanov,1,https://github.com/aaabdyrahmanov,User,False,2046.0,13.0,10.0,1,16,43,17,False,moment,0.7692307692307693,5.61
realbisoye,1,https://github.com/realbisoye,User,False,3547.0,30.0,30.0,8,30,20,1,False,moment,1.0,9.72
bgpat,1,https://github.com/bgpat,User,False,4099.0,30.0,30.0,30,30,54,7,False,moment,1.0,11.23
austentalbot,1,https://github.com/austentalbot,User,False,4378.0,30.0,25.0,0,30,67,2,False,moment,0.8333333333333334,11.99
baptistedeleplace,1,https://github.com/baptistedeleplace,User,False,5035.0,4.0,3.0,1,11,8,1,False,moment,0.75,13.79
baribadamshin,1,https://github.com/baribadamshin,User,False,5210.0,12.0,8.0,11,18,2,10,False,moment,0.6666666666666666,14.27
NTag,1,https://github.com/NTag,User,False,4970.0,30.0,30.0,30,30,244,404,False,moment,1.0,13.62
billschaller,1,https://github.com/billschaller,User,False,4314.0,30.0,30.0,30,30,32,199,False,moment,1.0,11.82
blakeembrey,1,https://github.com/blakeembrey,User,False,4889.0,30.0,30.0,30,30,1844,6961,False,moment,1.0,13.39
BobZombie,1,https://github.com/BobZombie,User,False,5203.0,16.0,8.0,3,13,3,1,False,moment,0.5,14.25
braddunbar,1,https://github.com/braddunbar,User,False,6109.0,30.0,30.0,30,17,231,6,False,moment,1.0,16.74
nono,1,https://github.com/nono,User,False,6187.0,30.0,30.0,30,30,311,30,False,moment,1.0,16.95
CJDennis,1,https://github.com/CJDennis,User,False,4717.0,29.0,12.0,30,30,0,0,False,moment,0.41379310344827586,12.92
CaioSR,1,https://github.com/CaioSR,User,False,2900.0,30.0,26.0,4,11,5,3,False,moment,0.8666666666666667,7.95
camjc,1,https://github.com/camjc,User,False,4321.0,30.0,30.0,30,30,25,33,False,moment,1.0,11.84
carlmrichter,1,https://github.com/carlmrichter,User,False,3111.0,17.0,15.0,5,4,7,1,False,moment,0.8823529411764706,8.52
Ahmed,1,https://github.com/Ahmed,User,False,5165.0,5.0,2.0,10,21,46,20,False,moment,0.4,14.15
alan-agius4,1,https://github.com/alan-agius4,User,False,3274.0,30.0,30.0,30,30,587,7,False,moment,1.0,8.97
raleksandar,1,https://github.com/raleksandar,User,False,5944.0,13.0,9.0,9,24,32,18,False,moment,0.6923076923076923,16.28
adelgado,1,https://github.com/adelgado,User,False,5040.0,30.0,30.0,30,30,26,13,False,moment,1.0,13.81
difelice,1,https://github.com/difelice,User,False,4428.0,30.0,30.0,30,30,3,168,False,moment,1.0,12.13
alesma,1,https://github.com/alesma,User,False,5219.0,7.0,6.0,4,10,7,2,False,moment,0.8571428571428571,14.3
ghiculescu,1,https://github.com/ghiculescu,User,False,5187.0,30.0,30.0,30,30,133,0,False,moment,1.0,14.21
alexthemitchell,1,https://github.com/alexthemitchell,User,False,4142.0,30.0,30.0,30,30,31,12,False,moment,1.0,11.35
Alex-Werner,1,https://github.com/Alex-Werner,User,False,4122.0,30.0,30.0,30,30,131,8,False,moment,1.0,11.29
AlexJeng,1,https://github.com/AlexJeng,User,False,4293.0,30.0,27.0,5,30,85,0,False,moment,0.9,11.76
boyaq,1,https://github.com/boyaq,User,False,5102.0,18.0,12.0,10,4,35,125,False,moment,0.6666666666666666,13.98
Amine27,1,https://github.com/Amine27,User,False,3626.0,7.0,5.0,8,20,20,21,False,moment,0.7142857142857143,9.93
emiraslan,1,https://github.com/emiraslan,User,False,3241.0,4.0,3.0,5,16,26,2,False,moment,0.75,8.88
anandfresh,1,https://github.com/anandfresh,User,False,2258.0,30.0,30.0,1,23,7,1,False,moment,1.0,6.19
heiglandreas,1,https://github.com/heiglandreas,User,False,5736.0,30.0,30.0,30,30,230,81,False,moment,1.0,15.72
dakujem,1,https://github.com/dakujem,User,False,5236.0,30.0,30.0,30,30,15,13,False,moment,1.0,14.35
mjomble,1,https://github.com/mjomble,User,False,4560.0,30.0,30.0,30,30,9,0,False,moment,1.0,12.49
andrewhood125,1,https://github.com/andrewhood125,User,False,4696.0,30.0,30.0,30,30,133,20,False,moment,1.0,12.87
atscott,1,https://github.com/atscott,User,False,5209.0,30.0,30.0,30,30,197,0,False,moment,1.0,14.27
moll,1,https://github.com/moll,User,False,5564.0,23.0,16.0,30,30,133,319,False,moment,0.6956521739130435,15.24
Neob91,1,https://github.com/Neob91,User,False,4080.0,24.0,17.0,13,30,11,1,False,moment,0.7083333333333334,11.18
aniruddha-adhikary,1,https://github.com/aniruddha-adhikary,User,False,4958.0,30.0,30.0,30,30,1041,405,False,moment,1.0,13.58
anthonylau,1,https://github.com/anthonylau,User,False,4301.0,18.0,7.0,30,30,27,7,False,moment,0.3888888888888889,11.78
gholadr,1,https://github.com/gholadr,User,False,4338.0,30.0,30.0,30,30,15,2,False,moment,1.0,11.88
jayarjo,1,https://github.com/jayarjo,User,False,5580.0,30.0,30.0,30,30,119,1,False,moment,1.0,15.29
dennisgl,1,https://github.com/dennisgl,User,False,5993.0,30.0,30.0,20,30,48,5,False,moment,1.0,16.42
DiegoBousfield,1,https://github.com/DiegoBousfield,User,False,3540.0,16.0,14.0,0,30,17,0,False,moment,0.875,9.7
dusansimic,1,https://github.com/dusansimic,User,False,3549.0,30.0,30.0,30,30,129,5,False,moment,1.0,9.72
anotheredward,1,https://github.com/anotheredward,User,False,5444.0,30.0,30.0,21,30,16,2,False,moment,1.0,14.92
eduPHP,1,https://github.com/eduPHP,User,False,3579.0,11.0,7.0,5,30,27,7,False,moment,0.6363636363636364,9.81
eliedrian,1,https://github.com/eliedrian,User,False,4179.0,24.0,20.0,16,5,14,1,False,moment,0.8333333333333334,11.45
grexican,1,https://github.com/grexican,User,False,5787.0,17.0,9.0,11,24,7,9,False,moment,0.5294117647058824,15.85
elliotf,1,https://github.com/elliotf,User,False,6013.0,30.0,30.0,30,30,46,35,False,moment,1.0,16.47
kroo,1,https://github.com/kroo,User,False,5640.0,12.0,7.0,8,27,44,433,False,moment,0.5833333333333334,15.45
cepem,1,https://github.com/cepem,User,False,1891.0,3.0,2.0,4,5,6,8,False,moment,0.6666666666666666,5.18
eillarra,1,https://github.com/eillarra,User,False,5184.0,30.0,23.0,23,14,25,10,False,moment,0.7666666666666667,14.2
erhangundogan,1,https://github.com/erhangundogan,User,False,5011.0,13.0,9.0,8,30,103,58,False,moment,0.6923076923076923,13.73
estellecomment,1,https://github.com/estellecomment,User,False,4967.0,30.0,30.0,30,27,14,3,False,moment,1.0,13.61
Eugeno,1,https://github.com/Eugeno,User,False,3020.0,30.0,30.0,30,30,5,0,False,moment,1.0,8.27
evan-scott-zocdoc,1,https://github.com/evan-scott-zocdoc,User,False,2932.0,26.0,16.0,30,27,5,0,False,moment,0.6153846153846154,8.03
EzequielB,1,https://github.com/EzequielB,User,False,4489.0,15.0,8.0,6,14,0,5,False,moment,0.5333333333333333,12.3
xfh,1,https://github.com/xfh,User,False,3769.0,20.0,15.0,23,28,4,0,False,moment,0.75,10.33
seferov,1,https://github.com/seferov,User,False,4826.0,30.0,30.0,22,30,116,62,False,moment,1.0,13.22
francisbesset,1,https://github.com/francisbesset,User,False,5215.0,30.0,30.0,22,30,60,170,False,moment,1.0,14.29
frasertweedale,1,https://github.com/frasertweedale,User,False,4540.0,30.0,30.0,30,30,121,13,False,moment,1.0,12.44
guigrpa,1,https://github.com/guigrpa,User,False,4573.0,30.0,28.0,30,30,106,1110,False,moment,0.9333333333333333,12.53
o-Chamie-o,1,https://github.com/o-Chamie-o,User,False,3311.0,8.0,7.0,10,5,2,0,False,moment,0.875,9.07
cheapsteak,1,https://github.com/cheapsteak,User,False,5050.0,30.0,30.0,30,30,169,5,False,moment,1.0,13.84
chasenlehara,1,https://github.com/chasenlehara,User,False,3727.0,30.0,30.0,30,30,36,1,False,moment,1.0,10.21
chetan51,1,https://github.com/chetan51,User,False,5354.0,30.0,30.0,30,30,120,99,False,moment,1.0,14.67
Pephers,1,https://github.com/Pephers,User,False,4743.0,12.0,7.0,4,19,3,92,False,moment,0.5833333333333334,12.99
chienkira,1,https://github.com/chienkira,User,False,3968.0,1.0,1.0,1,30,36,68,False,moment,1.0,10.87
hemp,1,https://github.com/hemp,User,False,5994.0,29.0,23.0,10,5,20,2,False,moment,0.7931034482758621,16.42
cvrebert,1,https://github.com/cvrebert,User,False,5254.0,30.0,30.0,30,25,2295,480,False,moment,1.0,14.39
chulkilee,1,https://github.com/chulkilee,User,False,5800.0,30.0,30.0,30,30,43,5,False,moment,1.0,15.89
crteal,1,https://github.com/crteal,User,False,5330.0,30.0,24.0,8,14,16,2,False,moment,0.8,14.6
patik,1,https://github.com/patik,User,False,5404.0,30.0,30.0,30,30,49,436,False,moment,1.0,14.81
drtobal,1,https://github.com/drtobal,User,False,4390.0,3.0,3.0,25,30,10,1,False,moment,1.0,12.03
topaxi,1,https://github.com/topaxi,User,False,5465.0,30.0,30.0,30,30,105,7,False,moment,1.0,14.97
hagmandan,1,https://github.com/hagmandan,User,False,4554.0,7.0,5.0,1,30,14,0,False,moment,0.7142857142857143,12.48
toofishes,1,https://github.com/toofishes,User,False,5401.0,30.0,30.0,30,30,63,21,False,moment,1.0,14.8
dannyvernovsky,1,https://github.com/dannyvernovsky,User,False,2028.0,0.0,0.0,0,3,0,0,False,moment,0.0,5.56
dasa,1,https://github.com/dasa,User,False,5007.0,30.0,30.0,30,30,59,1,False,moment,1.0,13.72
hjdivad,1,https://github.com/hjdivad,User,False,6053.0,30.0,30.0,30,30,95,16,False,moment,1.0,16.58
judikdavid,1,https://github.com/judikdavid,User,False,5053.0,24.0,15.0,8,30,36,4,False,moment,0.625,13.84
dbkirk4211,1,https://github.com/dbkirk4211,User,False,3478.0,8.0,3.0,0,9,0,0,False,moment,0.375,9.53
davidxmoody,1,https://github.com/davidxmoody,User,False,4265.0,5.0,3.0,10,30,14,56,False,moment,0.6,11.68
dperrymorrow,1,https://github.com/dperrymorrow,User,False,5813.0,30.0,30.0,29,30,67,265,False,moment,1.0,15.93
kwisatz,1,https://github.com/kwisatz,User,False,5430.0,30.0,30.0,30,23,46,2,False,moment,1.0,14.88
ktsaou,6274,https://github.com/ktsaou,User,False,4496.0,30.0,30.0,30,30,648,59,True,netdata,1.0,12.32
netdatabot,3633,https://github.com/netdatabot,User,False,2342.0,30.0,30.0,0,0,91,0,True,netdata,1.0,6.42
ilyam8,2138,https://github.com/ilyam8,User,False,3073.0,30.0,30.0,30,30,133,7,True,netdata,1.0,8.42
Ferroin,1059,https://github.com/Ferroin,User,False,4971.0,30.0,30.0,30,30,59,16,True,netdata,1.0,13.62
paulfantom,561,https://github.com/paulfantom,User,False,4388.0,0.0,0.0,0,30,0,48,False,netdata,0.0,12.02
stelfrag,536,https://github.com/stelfrag,User,False,2042.0,30.0,30.0,30,1,13,1,False,netdata,1.0,5.59
cakrit,400,https://github.com/cakrit,User,False,2346.0,30.0,30.0,30,2,23,0,False,netdata,1.0,6.43
thiagoftsm,398,https://github.com/thiagoftsm,User,False,2148.0,30.0,30.0,30,13,19,1,False,netdata,1.0,5.88
vlvkobal,375,https://github.com/vlvkobal,User,False,3086.0,30.0,30.0,30,3,43,17,False,netdata,1.0,8.45
Ancairon,276,https://github.com/Ancairon,User,False,1637.0,30.0,30.0,30,18,21,0,True,netdata,1.0,4.48
underhood,234,https://github.com/underhood,User,False,4021.0,30.0,30.0,30,6,6,8,False,netdata,1.0,11.02
vkalintiris,210,https://github.com/vkalintiris,User,False,2937.0,0.0,0.0,0,30,5,0,False,netdata,0.0,8.05
joelhans,185,https://github.com/joelhans,User,False,4862.0,0.0,0.0,0,30,37,172,False,netdata,0.0,13.32
paulkatsoulakis,123,https://github.com/paulkatsoulakis,User,False,2627.0,0.0,0.0,0,11,10,2,False,netdata,0.0,7.2
ccremer,115,https://github.com/ccremer,User,False,3582.0,0.0,0.0,0,30,18,321,False,netdata,0.0,9.81
prologic,113,https://github.com/prologic,User,False,4799.0,0.0,0.0,0,30,633,36,False,netdata,0.0,13.15
andrewm4894,107,https://github.com/andrewm4894,User,False,4564.0,0.0,0.0,0,30,95,129,False,netdata,0.0,12.5
mfundul,98,https://github.com/mfundul,User,False,2310.0,0.0,0.0,0,2,15,1,False,netdata,0.0,6.33
tkatsoulas,98,https://github.com/tkatsoulas,User,False,3554.0,0.0,0.0,0,30,13,1,False,netdata,0.0,9.74
hugovalente-pm,55,https://github.com/hugovalente-pm,User,False,1409.0,30.0,30.0,30,6,5,9,False,netdata,1.0,3.86
amoss,48,https://github.com/amoss,User,False,4907.0,30.0,30.0,30,7,6,5,False,netdata,1.0,13.44
knatsakis,39,https://github.com/knatsakis,User,False,4113.0,30.0,30.0,30,26,19,34,False,netdata,1.0,11.27
sashwathn,38,https://github.com/sashwathn,User,False,1158.0,30.0,30.0,30,2,1,0,False,netdata,1.0,3.17
shyamvalsan,37,https://github.com/shyamvalsan,User,False,2969.0,30.0,30.0,30,30,3,3,False,netdata,1.0,8.13
alonbl,34,https://github.com/alonbl,User,False,4813.0,30.0,30.0,30,30,133,13,False,netdata,1.0,13.19
facetoe,33,https://github.com/facetoe,User,False,4774.0,30.0,30.0,30,30,48,103,False,netdata,1.0,13.08
jacekkolasa,32,https://github.com/jacekkolasa,User,False,4130.0,30.0,30.0,30,13,24,1,False,netdata,1.0,11.32
gmosx,30,https://github.com/gmosx,User,False,5922.0,30.0,30.0,30,30,133,435,False,netdata,1.0,16.22
lets00,29,https://github.com/lets00,User,False,4215.0,30.0,30.0,16,30,35,6,False,netdata,1.0,11.55
odyslam,28,https://github.com/odyslam,User,False,3500.0,30.0,30.0,30,30,444,150,False,netdata,1.0,9.59
Wing924,28,https://github.com/Wing924,User,False,3799.0,30.0,30.0,30,30,15,25,False,netdata,1.0,10.41
philwhineray,27,https://github.com/philwhineray,User,False,4809.0,30.0,30.0,30,8,36,6,False,netdata,1.0,13.18
kickoke,26,https://github.com/kickoke,User,False,3489.0,30.0,30.0,30,9,10,0,False,netdata,1.0,9.56
rda0,25,https://github.com/rda0,User,False,4015.0,24.0,17.0,30,30,13,11,False,netdata,0.7083333333333334,11.0
maneamarius,24,https://github.com/maneamarius,User,False,3318.0,30.0,30.0,27,19,1,0,False,netdata,1.0,9.09
Dim-P,22,https://github.com/Dim-P,User,False,4111.0,30.0,25.0,17,4,1,1,False,netdata,0.8333333333333334,11.26
Steve8291,22,https://github.com/Steve8291,User,False,3281.0,30.0,30.0,30,9,4,11,False,netdata,1.0,8.99
jsoref,21,https://github.com/jsoref,User,False,4575.0,30.0,30.0,30,30,575,26,False,netdata,1.0,12.53
rlefevre,20,https://github.com/rlefevre,User,False,4181.0,30.0,30.0,30,17,43,5,False,netdata,1.0,11.45
Saruspete,18,https://github.com/Saruspete,User,False,3781.0,30.0,25.0,30,30,64,154,False,netdata,0.8333333333333334,10.36
k0ste,18,https://github.com/k0ste,User,False,3913.0,30.0,30.0,30,30,7,9,False,netdata,1.0,10.72
arch273,17,https://github.com/arch273,User,False,2867.0,6.0,5.0,3,2,1,0,False,netdata,0.8333333333333334,7.85
ntlug,16,https://github.com/ntlug,User,False,5326.0,3.0,3.0,6,6,3,3,False,netdata,1.0,14.59
glensc,14,https://github.com/glensc,User,False,5488.0,30.0,30.0,30,30,158,9,False,netdata,1.0,15.04
n0guest,14,https://github.com/n0guest,User,False,4126.0,7.0,5.0,30,2,8,0,False,netdata,0.7142857142857143,11.3
DShreve2,13,https://github.com/DShreve2,User,False,1288.0,30.0,30.0,2,3,1,2,False,netdata,1.0,3.53
prhomhyse,13,https://github.com/prhomhyse,User,False,3575.0,30.0,25.0,4,7,25,6,False,netdata,0.8333333333333334,9.79
candrews,13,https://github.com/candrews,User,False,5493.0,30.0,30.0,30,30,89,23,False,netdata,1.0,15.05
juacker,12,https://github.com/juacker,User,False,4461.0,29.0,26.0,14,17,10,8,False,netdata,0.896551724137931,12.22
tycho,12,https://github.com/tycho,User,False,5966.0,30.0,30.0,30,30,306,275,False,netdata,1.0,16.35
andvgal,12,https://github.com/andvgal,User,False,4095.0,30.0,13.0,30,0,19,0,False,netdata,0.43333333333333335,11.22
M4itee,11,https://github.com/M4itee,User,False,1848.0,24.0,22.0,6,1,2,0,False,netdata,0.9166666666666666,5.06
ralphm,11,https://github.com/ralphm,User,False,5661.0,30.0,30.0,30,29,82,167,True,netdata,1.0,15.51
UmanShahzad,11,https://github.com/UmanShahzad,User,False,3731.0,30.0,30.0,30,13,95,3,False,netdata,1.0,10.22
domschl,11,https://github.com/domschl,User,False,4148.0,30.0,30.0,30,30,31,510,False,netdata,1.0,11.36
shadycuz,10,https://github.com/shadycuz,User,False,3299.0,30.0,30.0,30,30,38,1,False,netdata,1.0,9.04
manosf,10,https://github.com/manosf,User,False,2736.0,15.0,12.0,1,12,11,6,False,netdata,0.8,7.5
ecowed,10,https://github.com/ecowed,User,False,3401.0,4.0,4.0,4,3,1,0,False,netdata,1.0,9.32
alibo,10,https://github.com/alibo,User,False,4189.0,30.0,24.0,20,30,222,58,False,netdata,0.8,11.48
fredericopissarra,9,https://github.com/fredericopissarra,User,False,2178.0,4.0,4.0,0,0,34,0,False,netdata,1.0,5.97
jasonwbarnett,9,https://github.com/jasonwbarnett,User,False,4990.0,30.0,30.0,30,30,27,0,False,netdata,1.0,13.67
car12o,9,https://github.com/car12o,User,False,2890.0,18.0,17.0,30,13,7,0,False,netdata,0.9444444444444444,7.92
davidak,9,https://github.com/davidak,User,False,5738.0,30.0,30.0,30,30,132,1,False,netdata,1.0,15.72
Jiab77,8,https://github.com/Jiab77,User,False,3740.0,30.0,30.0,28,30,79,27,False,netdata,1.0,10.25
askmrsinh,8,https://github.com/askmrsinh,User,False,4089.0,30.0,30.0,30,30,25,21,False,netdata,1.0,11.2
eltociear,7,https://github.com/eltociear,User,False,3057.0,0.0,0.0,0,30,0,17,False,netdata,0.0,8.38
jimcooley,7,https://github.com/jimcooley,User,False,3205.0,9.0,6.0,2,6,1,0,False,netdata,0.6666666666666666,8.78
Chocobo1,7,https://github.com/Chocobo1,User,False,3767.0,30.0,30.0,30,30,198,81,False,netdata,1.0,10.32
Flums,7,https://github.com/Flums,User,False,4877.0,18.0,12.0,3,15,9,9,False,netdata,0.6666666666666666,13.36
t-h-e,7,https://github.com/t-h-e,User,False,4926.0,30.0,30.0,26,26,5,7,False,netdata,1.0,13.5
tperalta82,7,https://github.com/tperalta82,User,False,4311.0,30.0,24.0,16,30,26,3,False,netdata,0.8,11.81
Ehekatl,7,https://github.com/Ehekatl,User,False,3954.0,20.0,15.0,30,30,29,21,False,netdata,0.75,10.83
arkamar,6,https://github.com/arkamar,User,False,4082.0,30.0,30.0,30,30,33,13,False,netdata,1.0,11.18
kattunga,6,https://github.com/kattunga,User,False,4571.0,10.0,10.0,30,30,35,45,False,netdata,1.0,12.52
zack-shoylev,6,https://github.com/zack-shoylev,User,False,4385.0,30.0,30.0,24,24,15,1,False,netdata,1.0,12.01
383c57,6,https://github.com/383c57,User,False,2928.0,2.0,2.0,0,1,0,0,False,netdata,1.0,8.02
amichelic,6,https://github.com/amichelic,User,False,4519.0,6.0,4.0,2,4,0,2,False,netdata,0.6666666666666666,12.38
Aliki92,6,https://github.com/Aliki92,User,False,586.0,13.0,13.0,0,1,0,0,False,netdata,1.0,1.61
tnyeanderson,6,https://github.com/tnyeanderson,User,False,3743.0,30.0,30.0,30,30,9,29,False,netdata,1.0,10.25
thenktor,6,https://github.com/thenktor,User,False,5293.0,30.0,25.0,30,14,11,7,False,netdata,0.8333333333333334,14.5
n0coast,5,https://github.com/n0coast,User,False,4616.0,30.0,30.0,7,10,11,1,False,netdata,1.0,12.65
pjz,5,https://github.com/pjz,User,False,6115.0,30.0,30.0,30,30,50,21,False,netdata,1.0,16.75
cosmix,5,https://github.com/cosmix,User,False,5780.0,30.0,30.0,22,29,55,69,False,netdata,1.0,15.84
odynik,5,https://github.com/odynik,User,False,4051.0,15.0,12.0,4,11,1,1,False,netdata,0.8,11.1
wungad,5,https://github.com/wungad,User,False,4524.0,24.0,12.0,7,28,2,7,False,netdata,0.5,12.39
anayrat,5,https://github.com/anayrat,User,False,4001.0,30.0,30.0,30,30,98,4,False,netdata,1.0,10.96
mcnewton,5,https://github.com/mcnewton,User,False,4786.0,30.0,30.0,8,30,36,45,False,netdata,1.0,13.11
KickerTom,5,https://github.com/KickerTom,User,False,4297.0,20.0,14.0,13,16,4,4,False,netdata,0.7,11.77
ncmans,5,https://github.com/ncmans,User,False,1917.0,18.0,16.0,19,3,10,5,False,netdata,0.8888888888888888,5.25
vladmovchan,5,https://github.com/vladmovchan,User,False,4765.0,23.0,17.0,1,18,3,0,False,netdata,0.7391304347826086,13.05
efaden,4,https://github.com/efaden,User,False,3555.0,8.0,3.0,30,30,0,4,False,netdata,0.375,9.74
vpnable,4,https://github.com/vpnable,User,False,2466.0,6.0,3.0,4,4,0,2,False,netdata,0.5,6.76
yasharne,4,https://github.com/yasharne,User,False,3924.0,27.0,22.0,30,30,38,5,False,netdata,0.8148148148148148,10.75
boxjan,4,https://github.com/boxjan,User,False,2833.0,30.0,30.0,10,30,30,11,False,netdata,1.0,7.76
leolovenet,4,https://github.com/leolovenet,User,False,4550.0,16.0,9.0,7,11,48,190,False,netdata,0.5625,12.47
pavel,4,https://github.com/pavel,User,False,4191.0,22.0,16.0,30,4,7,25,False,netdata,0.7272727272727273,11.48
taniaab,4,https://github.com/taniaab,User,False,2301.0,4.0,4.0,0,0,4,0,False,netdata,1.0,6.3
tech-no-logical,4,https://github.com/tech-no-logical,User,False,4442.0,2.0,2.0,15,6,0,0,False,netdata,1.0,12.17
xginn8,4,https://github.com/xginn8,User,False,4018.0,30.0,30.0,30,29,35,50,False,netdata,1.0,11.01
justohall,4,https://github.com/justohall,User,False,3237.0,4.0,3.0,2,1,0,0,False,netdata,0.75,8.87
rex4539,4,https://github.com/rex4539,User,False,5446.0,30.0,30.0,30,30,114,0,False,netdata,1.0,14.92
breed808,4,https://github.com/breed808,User,False,4440.0,30.0,30.0,18,9,21,6,False,netdata,1.0,12.16
dimko,4,https://github.com/dimko,User,False,3205.0,13.0,12.0,30,18,1,1,False,netdata,0.9230769230769231,8.78
scatenag,4,https://github.com/scatenag,User,False,2230.0,19.0,16.0,22,22,4,1,False,netdata,0.8421052631578947,6.11
intelfx,4,https://github.com/intelfx,User,False,4860.0,0.0,0.0,0,30,0,9,False,netdata,0.0,13.32
jonfairbanks,4,https://github.com/jonfairbanks,User,False,4603.0,30.0,30.0,30,30,33,13,False,netdata,1.0,12.61
lassebm,4,https://github.com/lassebm,User,False,4988.0,30.0,30.0,10,6,17,0,False,netdata,1.0,13.67
vobruba-martin,4,https://github.com/vobruba-martin,User,False,3997.0,30.0,30.0,30,17,6,18,False,netdata,1.0,10.95
allelos,4,https://github.com/allelos,User,False,3819.0,30.0,30.0,1,12,5,25,False,netdata,1.0,10.46
pkoenig10,4,https://github.com/pkoenig10,User,False,4198.0,30.0,30.0,30,30,34,6,False,netdata,1.0,11.5
petecooper,4,https://github.com/petecooper,User,False,5448.0,30.0,30.0,30,9,41,2,False,netdata,1.0,14.93
RicardoSette,4,https://github.com/RicardoSette,User,False,3737.0,8.0,4.0,23,6,2,2,False,netdata,0.5,10.24
tom--,4,https://github.com/tom--,User,False,4850.0,30.0,24.0,30,23,54,125,False,netdata,0.8,13.29
kam1kaze,3,https://github.com/kam1kaze,User,False,4458.0,30.0,30.0,19,30,9,6,False,netdata,1.0,12.21
xPaw,3,https://github.com/xPaw,User,False,5119.0,30.0,30.0,30,30,2394,1976,False,netdata,1.0,14.02
dex4er,3,https://github.com/dex4er,User,False,5527.0,30.0,30.0,30,30,80,8,False,netdata,1.0,15.14
roedie,3,https://github.com/roedie,User,False,4919.0,30.0,30.0,30,30,8,1,False,netdata,1.0,13.48
sgsunder,3,https://github.com/sgsunder,User,False,3307.0,30.0,29.0,21,23,8,17,False,netdata,0.9666666666666667,9.06
stevenh,3,https://github.com/stevenh,User,False,5698.0,30.0,30.0,30,30,41,7,False,netdata,1.0,15.61
ktarasz,3,https://github.com/ktarasz,User,False,4708.0,30.0,30.0,24,23,21,0,False,netdata,1.0,12.9
abalabahaha,3,https://github.com/abalabahaha,User,False,4528.0,30.0,30.0,30,30,385,1586,False,netdata,1.0,12.41
nodiscc,3,https://github.com/nodiscc,User,False,4348.0,30.0,30.0,30,30,961,1769,False,netdata,1.0,11.91
fayak,3,https://github.com/fayak,User,False,3638.0,30.0,19.0,30,21,37,23,False,netdata,0.6333333333333333,9.97
ac000,3,https://github.com/ac000,User,False,5823.0,30.0,30.0,30,30,34,28,False,netdata,1.0,15.95
justin8,3,https://github.com/justin8,User,False,4956.0,30.0,30.0,30,30,25,23,False,netdata,1.0,13.58
hexchain,3,https://github.com/hexchain,User,False,5173.0,30.0,30.0,30,30,151,0,False,netdata,1.0,14.17
aberaud,3,https://github.com/aberaud,User,False,5705.0,30.0,30.0,30,29,42,26,False,netdata,1.0,15.63
apardyl,3,https://github.com/apardyl,User,False,3726.0,30.0,30.0,30,30,28,12,False,netdata,1.0,10.21
powerman,3,https://github.com/powerman,User,False,4777.0,30.0,30.0,30,30,195,388,False,netdata,1.0,13.09
archis-polyverse,3,https://github.com/archis-polyverse,User,False,1236.0,1.0,0.0,1,0,0,0,False,netdata,0.0,3.39
Hermsi1337,3,https://github.com/Hermsi1337,User,False,3307.0,30.0,30.0,30,23,54,280,False,netdata,1.0,9.06
nekkabcire,3,https://github.com/nekkabcire,User,False,2298.0,5.0,4.0,0,3,0,1,False,netdata,0.8,6.3
cherouvim,3,https://github.com/cherouvim,User,False,5051.0,30.0,30.0,30,30,77,1,False,netdata,1.0,13.84
vsc55,3,https://github.com/vsc55,User,False,3498.0,30.0,30.0,30,30,9,7,False,netdata,1.0,9.58
jeffwillette,3,https://github.com/jeffwillette,User,False,3765.0,30.0,30.0,30,30,18,256,False,netdata,1.0,10.32
kmlucy,3,https://github.com/kmlucy,User,False,3464.0,28.0,26.0,30,30,2,77,False,netdata,0.9285714285714286,9.49
lfdominguez,3,https://github.com/lfdominguez,User,False,4154.0,30.0,18.0,30,30,40,19,False,netdata,0.6,11.38
frei-style,3,https://github.com/frei-style,User,False,4373.0,7.0,6.0,1,6,8,17,False,netdata,0.8571428571428571,11.98
MeganBishopMoore,3,https://github.com/MeganBishopMoore,User,False,3875.0,2.0,2.0,0,0,0,0,False,netdata,1.0,10.62
nielsAD,3,https://github.com/nielsAD,User,False,5139.0,30.0,30.0,30,17,77,378,False,netdata,1.0,14.08
iorvd,3,https://github.com/iorvd,User,False,1201.0,16.0,15.0,3,4,1,0,False,netdata,0.9375,3.29
witalisoft,2,https://github.com/witalisoft,User,False,3421.0,30.0,30.0,8,27,6,5,False,netdata,1.0,9.37
xuefer,2,https://github.com/xuefer,User,False,4661.0,30.0,18.0,30,30,32,19,False,netdata,0.6,12.77
dpsy4,2,https://github.com/dpsy4,User,False,3663.0,3.0,2.0,2,1,0,0,False,netdata,0.6666666666666666,10.04
elelayan,2,https://github.com/elelayan,User,False,3055.0,15.0,11.0,16,15,0,0,False,netdata,0.7333333333333333,8.37
elfgoh,2,https://github.com/elfgoh,User,False,5200.0,30.0,30.0,30,20,16,2,False,netdata,1.0,14.25
jlbriston,2,https://github.com/jlbriston,User,False,1976.0,7.0,5.0,2,2,0,0,False,netdata,0.7142857142857143,5.41
kkzhsh,2,https://github.com/kkzhsh,User,False,1347.0,19.0,5.0,0,17,1,0,False,netdata,0.2631578947368421,3.69
lokerhp,2,https://github.com/lokerhp,User,False,2292.0,28.0,19.0,8,30,31,5,False,netdata,0.6785714285714286,6.28
octomike,2,https://github.com/octomike,User,False,4128.0,30.0,30.0,30,30,17,4,False,netdata,1.0,11.31
ghanapunq,2,https://github.com/ghanapunq,User,False,2694.0,3.0,2.0,0,4,0,0,False,netdata,0.6666666666666666,7.38
tinyhammers,2,https://github.com/tinyhammers,User,False,4983.0,4.0,3.0,14,8,2,0,False,netdata,0.75,13.65
Nani-o,2,https://github.com/Nani-o,User,False,2908.0,14.0,12.0,14,30,13,6,False,netdata,0.8571428571428571,7.97
slavaGanzin,2,https://github.com/slavaGanzin,User,False,4920.0,30.0,30.0,30,30,44,163,False,netdata,1.0,13.48
bakalava,2,https://github.com/bakalava,User,False,4128.0,1.0,1.0,2,4,3,0,False,netdata,1.0,11.31
salehi,2,https://github.com/salehi,User,False,3981.0,10.0,3.0,8,30,38,35,False,netdata,0.3,10.91
RaitoBezarius,2,https://github.com/RaitoBezarius,User,False,5350.0,30.0,30.0,30,30,399,43,False,netdata,1.0,14.66
rushikeshjadhav,2,https://github.com/rushikeshjadhav,User,False,4556.0,30.0,30.0,27,30,3,2,False,netdata,1.0,12.48
racciari,2,https://github.com/racciari,User,False,4317.0,30.0,30.0,30,30,10,1,False,netdata,1.0,11.83
jpriebe,2,https://github.com/jpriebe,User,False,4484.0,29.0,20.0,30,30,20,106,False,netdata,0.6896551724137931,12.28
papazach,2,https://github.com/papazach,User,False,3852.0,12.0,10.0,4,1,6,0,False,netdata,0.8333333333333334,10.55
sunflowerbofh,2,https://github.com/sunflowerbofh,User,False,2041.0,11.0,6.0,8,27,0,0,False,netdata,0.5454545454545454,5.59
wohali,2,https://github.com/wohali,User,False,5674.0,30.0,30.0,30,30,231,200,False,netdata,1.0,15.55
illes,2,https://github.com/illes,User,False,4939.0,30.0,26.0,24,29,7,47,False,netdata,0.8666666666666667,13.53
Daniel15,2,https://github.com/Daniel15,User,False,5736.0,30.0,30.0,30,30,1419,3,False,netdata,1.0,15.72
andyundso,2,https://github.com/andyundso,User,False,3986.0,30.0,30.0,30,30,29,3,False,netdata,1.0,10.92
nabijaczleweli,2,https://github.com/nabijaczleweli,User,False,4017.0,30.0,30.0,30,30,203,1380,False,netdata,1.0,11.01
MAH69IK,2,https://github.com/MAH69IK,User,False,3570.0,12.0,7.0,28,1,1,0,False,netdata,0.5833333333333334,9.78
woosley,2,https://github.com/woosley,User,False,5823.0,17.0,12.0,30,30,53,17,False,netdata,0.7058823529411765,15.95
wangpei-nice,2,https://github.com/wangpei-nice,User,False,1424.0,4.0,2.0,9,6,1,4,False,netdata,0.5,3.9
vahit,2,https://github.com/vahit,User,False,4533.0,30.0,30.0,15,30,53,10,False,netdata,1.0,12.42
thomasbeaudry,2,https://github.com/thomasbeaudry,User,False,3979.0,30.0,30.0,30,7,3,0,False,netdata,1.0,10.9
tctovsli,2,https://github.com/tctovsli,User,False,4705.0,30.0,30.0,21,9,0,0,False,netdata,1.0,12.89
slavox,2,https://github.com/slavox,User,False,5616.0,12.0,12.0,4,5,4,0,False,netdata,1.0,15.39
skrzyp1,2,https://github.com/skrzyp1,User,False,3730.0,6.0,3.0,2,2,0,0,False,netdata,0.5,10.22
oldgiova,2,https://github.com/oldgiova,User,False,2866.0,30.0,30.0,4,30,0,0,False,netdata,1.0,7.85
openspork,2,https://github.com/openspork,User,False,2980.0,22.0,19.0,4,30,4,4,False,netdata,0.8636363636363636,8.16
lowfive,2,https://github.com/lowfive,User,False,3959.0,1.0,1.0,0,1,1,0,False,netdata,1.0,10.85
variia,2,https://github.com/variia,User,False,3761.0,5.0,5.0,9,9,0,10,False,netdata,1.0,10.3
Habetdin,2,https://github.com/Habetdin,User,False,3377.0,30.0,30.0,8,11,3,1,False,netdata,1.0,9.25
tvarsis,2,https://github.com/tvarsis,User,False,3726.0,11.0,6.0,30,18,5,0,False,netdata,0.5454545454545454,10.21
fgtham,2,https://github.com/fgtham,User,False,4849.0,30.0,20.0,30,17,1,0,False,netdata,0.6666666666666666,13.28
felixonmars,2,https://github.com/felixonmars,User,False,4923.0,30.0,30.0,30,30,3141,4,False,netdata,1.0,13.49
ernestojpg,2,https://github.com/ernestojpg,User,False,4507.0,11.0,6.0,13,13,3,6,False,netdata,0.5454545454545454,12.35
erdem2000,2,https://github.com/erdem2000,User,False,5857.0,14.0,7.0,1,24,5,2,False,netdata,0.5,16.05
xakrume,2,https://github.com/xakrume,User,False,4962.0,25.0,9.0,8,30,7,7,False,netdata,0.36,13.59
schindlerd,2,https://github.com/schindlerd,User,False,3138.0,7.0,4.0,12,9,5,3,False,netdata,0.5714285714285714,8.6
diizzyy,2,https://github.com/diizzyy,User,False,3616.0,30.0,30.0,30,24,19,5,False,netdata,1.0,9.91
DanTheMediocre,2,https://github.com/DanTheMediocre,User,False,3176.0,3.0,3.0,2,2,0,2,False,netdata,1.0,8.7
aabatangle,2,https://github.com/aabatangle,User,False,1823.0,5.0,4.0,0,1,3,0,False,netdata,0.8,4.99
samm-git,2,https://github.com/samm-git,User,False,4767.0,30.0,30.0,30,30,65,431,False,netdata,1.0,13.06
amishmm,2,https://github.com/amishmm,User,False,4409.0,30.0,27.0,30,6,3,29,False,netdata,0.9,12.08
Benje06,2,https://github.com/Benje06,User,False,2854.0,2.0,2.0,0,1,0,0,False,netdata,1.0,7.82
Cat7373,2,https://github.com/Cat7373,User,False,3774.0,30.0,30.0,30,30,344,41,False,netdata,1.0,10.34
MrFreezeex,2,https://github.com/MrFreezeex,User,False,4359.0,30.0,30.0,30,30,72,7,False,netdata,1.0,11.94
clinta,2,https://github.com/clinta,User,False,4427.0,30.0,30.0,30,30,17,34,False,netdata,1.0,12.13
PaulSzymanski,2,https://github.com/PaulSzymanski,User,False,5180.0,11.0,7.0,12,9,18,0,False,netdata,0.6363636363636364,14.19
grinapo,2,https://github.com/grinapo,User,False,4902.0,30.0,27.0,30,30,6,11,False,netdata,0.9,13.43
gnoddep,2,https://github.com/gnoddep,User,False,4574.0,25.0,18.0,4,26,2,1,False,netdata,0.72,12.53
sepek,2,https://github.com/sepek,User,False,5069.0,10.0,7.0,14,1,13,3,False,netdata,0.7,13.89
Pulseeey,2,https://github.com/Pulseeey,User,False,3648.0,2.0,2.0,7,0,0,0,False,netdata,1.0,9.99
isonet,2,https://github.com/isonet,User,False,4497.0,30.0,28.0,30,12,25,84,False,netdata,0.9333333333333333,12.32
plasticrake,2,https://github.com/plasticrake,User,False,4770.0,30.0,30.0,30,30,70,540,False,netdata,1.0,13.07
unhandled-exception,2,https://github.com/unhandled-exception,User,False,4689.0,30.0,30.0,30,24,6,12,False,netdata,1.0,12.85
NikolayS,2,https://github.com/NikolayS,User,False,4778.0,30.0,30.0,30,30,175,7,False,netdata,1.0,13.09
kapantzak,2,https://github.com/kapantzak,User,False,3546.0,30.0,30.0,30,30,27,65,False,netdata,1.0,9.72
Fohdeesha,2,https://github.com/Fohdeesha,User,False,4777.0,30.0,30.0,30,16,82,388,False,netdata,1.0,13.09
jurgenhaas,2,https://github.com/jurgenhaas,User,False,4739.0,30.0,30.0,30,30,9,10,False,netdata,1.0,12.98
kn007,2,https://github.com/kn007,User,False,4080.0,30.0,30.0,30,18,213,3132,False,netdata,1.0,11.18
LucaDev,2,https://github.com/LucaDev,User,False,4127.0,24.0,16.0,17,22,13,1,False,netdata,0.6666666666666666,11.31
luisj1983,2,https://github.com/luisj1983,User,False,1685.0,13.0,13.0,11,9,1,0,False,netdata,1.0,4.62
ekartsonakis,2,https://github.com/ekartsonakis,User,False,3256.0,9.0,6.0,4,14,0,0,False,netdata,0.6666666666666666,8.92
oxplot,2,https://github.com/oxplot,User,False,5206.0,29.0,20.0,30,30,84,1354,False,netdata,0.6896551724137931,14.26
LordMike,2,https://github.com/LordMike,User,False,4913.0,30.0,30.0,30,30,135,16,False,netdata,1.0,13.46
mbarper,2,https://github.com/mbarper,User,False,4364.0,11.0,6.0,15,3,2,0,False,netdata,0.5454545454545454,11.96
jghaanstra,1,https://github.com/jghaanstra,User,False,4264.0,30.0,30.0,30,6,36,22,False,netdata,1.0,11.68
Jelmerrevers,1,https://github.com/Jelmerrevers,User,False,2502.0,1.0,1.0,0,4,0,0,False,netdata,1.0,6.85
jeremiah,1,https://github.com/jeremiah,User,False,6162.0,30.0,30.0,30,30,81,2,False,netdata,1.0,16.88
jpeeler,1,https://github.com/jpeeler,User,False,5004.0,30.0,30.0,30,30,18,0,False,netdata,1.0,13.71
novotnyJiri,1,https://github.com/novotnyJiri,User,False,1581.0,30.0,30.0,1,11,1,0,False,netdata,1.0,4.33
RubenKelevra,1,https://github.com/RubenKelevra,User,False,5118.0,30.0,30.0,30,30,46,4,False,netdata,1.0,14.02
TheLovinator1,1,https://github.com/TheLovinator1,User,False,4326.0,30.0,27.0,30,25,19,223,False,netdata,0.9,11.85
JoeWrightss,1,https://github.com/JoeWrightss,User,False,2383.0,30.0,30.0,0,30,5,0,False,netdata,1.0,6.53
jchristgit,1,https://github.com/jchristgit,User,False,3054.0,0.0,0.0,0,30,0,64,False,netdata,0.0,8.37
johnramsden,1,https://github.com/johnramsden,User,False,3811.0,30.0,30.0,30,30,47,17,False,netdata,1.0,10.44
johnhomelan,1,https://github.com/johnhomelan,User,False,3202.0,2.0,2.0,2,15,1,3,False,netdata,1.0,8.77
jonathonwiebe,1,https://github.com/jonathonwiebe,User,False,4098.0,3.0,3.0,3,1,5,0,False,netdata,1.0,11.23
JBaczuk,1,https://github.com/JBaczuk,User,False,3870.0,30.0,30.0,30,30,57,17,False,netdata,1.0,10.6
jorisvervuurt,1,https://github.com/jorisvervuurt,User,False,3516.0,3.0,2.0,23,9,10,59,False,netdata,0.6666666666666666,9.63
josemaia,1,https://github.com/josemaia,User,False,4063.0,30.0,30.0,30,19,10,5,False,netdata,1.0,11.13
jgrossiord,1,https://github.com/jgrossiord,User,False,4575.0,5.0,5.0,15,16,5,6,False,netdata,1.0,12.53
juztas,1,https://github.com/juztas,User,False,5100.0,30.0,30.0,30,30,10,9,False,netdata,1.0,13.97
jlec,1,https://github.com/jlec,User,False,5771.0,30.0,30.0,30,30,47,0,False,netdata,1.0,15.81
Mic92,1,https://github.com/Mic92,User,False,5724.0,30.0,30.0,30,30,1036,42,False,netdata,1.0,15.68
K900,1,https://github.com/K900,User,False,5280.0,30.0,30.0,30,30,191,21,False,netdata,1.0,14.47
mahlonsmith,1,https://github.com/mahlonsmith,User,False,4422.0,14.0,10.0,30,26,14,83,False,netdata,0.7142857142857143,12.12
hamedbrd,1,https://github.com/hamedbrd,User,False,3316.0,17.0,8.0,0,20,4,1,False,netdata,0.47058823529411764,9.08
hendrikhofstadt,1,https://github.com/hendrikhofstadt,User,False,4762.0,30.0,30.0,30,1,202,0,False,netdata,1.0,13.05
hmoragrega,1,https://github.com/hmoragrega,User,False,4393.0,30.0,30.0,7,30,20,17,False,netdata,1.0,12.04
HolgerHees,1,https://github.com/HolgerHees,User,False,4143.0,30.0,30.0,30,30,19,194,False,netdata,1.0,11.35
hsegnitz,1,https://github.com/hsegnitz,User,False,4501.0,30.0,30.0,30,25,13,3,False,netdata,1.0,12.33
honzahommer,1,https://github.com/honzahommer,User,False,4589.0,30.0,30.0,15,30,2,2,False,netdata,1.0,12.57
watsonbox,1,https://github.com/watsonbox,User,False,6054.0,30.0,30.0,30,30,108,3395,False,netdata,1.0,16.59
Calinou,1,https://github.com/Calinou,User,False,5515.0,30.0,30.0,30,30,1383,2907,False,netdata,1.0,15.11
hectorm,1,https://github.com/hectorm,User,False,4995.0,30.0,30.0,29,30,250,1375,False,netdata,1.0,13.68
ViViDboarder,1,https://github.com/ViViDboarder,User,False,5610.0,30.0,30.0,30,30,77,57,False,netdata,1.0,15.37
IceCodeNew,1,https://github.com/IceCodeNew,User,False,2690.0,30.0,30.0,30,30,210,30,False,netdata,1.0,7.37
illumine,1,https://github.com/illumine,User,False,4121.0,1.0,1.0,8,9,3,18,False,netdata,1.0,11.29
yoursweetginger,1,https://github.com/yoursweetginger,User,False,1893.0,30.0,29.0,20,14,2,7,False,netdata,0.9666666666666667,5.19
ghasrfakhri,1,https://github.com/ghasrfakhri,User,False,4245.0,12.0,5.0,4,26,41,2,False,netdata,0.4166666666666667,11.63
ivanionut,1,https://github.com/ivanionut,User,False,4559.0,0.0,0.0,0,30,0,0,False,netdata,0.0,12.49
jamezrin,1,https://github.com/jamezrin,User,False,4111.0,30.0,30.0,30,30,55,5,False,netdata,1.0,11.26
das7pad,1,https://github.com/das7pad,User,False,3257.0,30.0,30.0,30,30,48,0,False,netdata,1.0,8.92
Kubuxu,1,https://github.com/Kubuxu,User,False,4552.0,30.0,30.0,30,30,221,6,False,netdata,1.0,12.47
jamgregory,1,https://github.com/jamgregory,User,False,5064.0,30.0,30.0,24,24,24,0,False,netdata,1.0,13.87
coraxx,1,https://github.com/coraxx,User,False,3192.0,7.0,5.0,6,15,10,185,False,netdata,0.7142857142857143,8.75
sarahsevee-zz,1,https://github.com/sarahsevee-zz,User,False,3680.0,1.0,1.0,0,0,0,0,False,netdata,1.0,10.08
JaphethLim,1,https://github.com/JaphethLim,User,False,4725.0,1.0,1.0,0,1,1,0,False,netdata,1.0,12.95
sjuxax,1,https://github.com/sjuxax,User,False,5774.0,30.0,30.0,30,30,166,54,False,netdata,1.0,15.82
JeffHenson,1,https://github.com/JeffHenson,User,False,5024.0,0.0,0.0,0,3,0,1,False,netdata,0.0,13.76
ManuelPombo,1,https://github.com/ManuelPombo,User,False,2466.0,1.0,1.0,3,2,2,0,False,netdata,1.0,6.76
vjt,1,https://github.com/vjt,User,False,6088.0,30.0,30.0,30,30,110,264,False,netdata,1.0,16.68
mniestroj,1,https://github.com/mniestroj,User,False,3667.0,30.0,30.0,30,30,19,11,False,netdata,1.0,10.05
MYanello,1,https://github.com/MYanello,User,False,1188.0,12.0,11.0,9,8,1,0,False,netdata,0.9166666666666666,3.25
MarianSavchuk,1,https://github.com/MarianSavchuk,User,False,2178.0,19.0,14.0,2,5,0,0,False,netdata,0.7368421052631579,5.97
burbuli8ra,1,https://github.com/burbuli8ra,User,False,2498.0,30.0,30.0,9,6,13,0,False,netdata,1.0,6.84
MariosMarinos,1,https://github.com/MariosMarinos,User,False,2506.0,1.0,1.0,0,30,6,4,False,netdata,1.0,6.87
martindue,1,https://github.com/martindue,User,False,2856.0,2.0,1.0,3,7,4,1,False,netdata,0.5,7.82
m-rey,1,https://github.com/m-rey,User,False,2357.0,0.0,0.0,0,30,0,22,False,netdata,0.0,6.46
mathieumartin-ls,1,https://github.com/mathieumartin-ls,User,False,3155.0,1.0,1.0,0,1,1,0,False,netdata,1.0,8.64
mrbarletta,1,https://github.com/mrbarletta,User,False,4526.0,28.0,21.0,30,25,14,12,False,netdata,0.75,12.4
djmattyg007,1,https://github.com/djmattyg007,User,False,5203.0,30.0,30.0,30,30,25,2,False,netdata,1.0,14.25
prometheanfire,1,https://github.com/prometheanfire,User,False,4625.0,30.0,30.0,30,30,71,14,False,netdata,1.0,12.67
Xalaxis,1,https://github.com/Xalaxis,User,False,3532.0,26.0,23.0,30,13,16,9,False,netdata,0.8846153846153846,9.68
Neamar,1,https://github.com/Neamar,User,False,5166.0,30.0,30.0,30,30,272,22,False,netdata,1.0,14.15
Jaxmetalmax,1,https://github.com/Jaxmetalmax,User,False,4703.0,30.0,30.0,7,30,46,1,False,netdata,1.0,12.88
Metric-Void,1,https://github.com/Metric-Void,User,False,3092.0,25.0,20.0,17,30,8,22,False,netdata,0.8,8.47
OrKoN,975,https://github.com/OrKoN,User,False,5268.0,30.0,30.0,30,30,557,80,False,puppeteer,1.0,14.43
aslushnikov,914,https://github.com/aslushnikov,User,False,5048.0,30.0,30.0,30,30,2002,40,False,puppeteer,1.0,13.83
Lightning00Blade,495,https://github.com/Lightning00Blade,User,False,2630.0,0.0,0.0,0,13,32,1,False,puppeteer,0.0,7.21
jrandolf-2,430,https://github.com/jrandolf-2,User,False,1068.0,0.0,0.0,0,0,0,0,False,puppeteer,0.0,2.93
jackfranklin,254,https://github.com/jackfranklin,User,False,5494.0,0.0,0.0,0,30,1326,67,False,puppeteer,0.0,15.05
JoelEinbinder,203,https://github.com/JoelEinbinder,User,False,4273.0,0.0,0.0,0,30,174,15,False,puppeteer,0.0,11.71
browser-automation-bot,91,https://github.com/browser-automation-bot,User,False,646.0,0.0,0.0,0,3,4,1,False,puppeteer,0.0,1.77
mathiasbynens,80,https://github.com/mathiasbynens,User,False,5764.0,0.0,0.0,0,30,12414,118,True,puppeteer,0.0,15.79
ebidel,50,https://github.com/ebidel,User,False,5429.0,0.0,0.0,0,30,5073,3821,False,puppeteer,0.0,14.87
jrandolf,47,https://github.com/jrandolf,User,False,2615.0,0.0,0.0,0,13,10,16,False,puppeteer,0.0,7.16
jschfflr,43,https://github.com/jschfflr,User,False,4237.0,30.0,30.0,20,21,16,2,False,puppeteer,1.0,11.61
kblok,41,https://github.com/kblok,User,False,4560.0,30.0,30.0,30,30,264,7,False,puppeteer,1.0,12.49
sadym-chromium,36,https://github.com/sadym-chromium,User,False,1653.0,30.0,30.0,30,14,15,6,False,puppeteer,1.0,4.53
vsemozhetbyt,36,https://github.com/vsemozhetbyt,User,False,3695.0,30.0,30.0,30,7,156,6,False,puppeteer,1.0,10.12
whimboo,35,https://github.com/whimboo,User,False,5626.0,30.0,30.0,30,30,182,6,False,puppeteer,1.0,15.41
pavelfeldman,29,https://github.com/pavelfeldman,User,False,4980.0,30.0,30.0,30,30,838,80,False,puppeteer,1.0,13.64
juliandescottes,28,https://github.com/juliandescottes,User,False,4867.0,30.0,30.0,30,30,188,7,False,puppeteer,1.0,13.33
yanivefraim,27,https://github.com/yanivefraim,User,False,4778.0,30.0,30.0,30,30,131,4,False,puppeteer,1.0,13.09
johanbay,22,https://github.com/johanbay,User,False,3802.0,30.0,30.0,2,6,7,6,False,puppeteer,1.0,10.42
tasneemkoushar,18,https://github.com/tasneemkoushar,User,False,1898.0,30.0,30.0,17,29,63,4,False,puppeteer,1.0,5.2
lutien,18,https://github.com/lutien,User,False,4196.0,30.0,30.0,30,17,28,46,False,puppeteer,1.0,11.5
mjzffr,15,https://github.com/mjzffr,User,False,4101.0,30.0,30.0,30,30,41,0,False,puppeteer,1.0,11.24
paulirish,15,https://github.com/paulirish,User,False,5913.0,30.0,30.0,30,30,31539,1141,False,puppeteer,1.0,16.2
hanselfmu,12,https://github.com/hanselfmu,User,False,4600.0,28.0,26.0,0,11,60,16,False,puppeteer,0.9285714285714286,12.6
jrandolf-zz,11,https://github.com/jrandolf-zz,User,False,1330.0,18.0,12.0,1,1,1,6,False,puppeteer,0.6666666666666666,3.64
christian-bromann,11,https://github.com/christian-bromann,User,False,5055.0,30.0,30.0,30,30,1075,1082,False,puppeteer,1.0,13.85
theDavidBarton,10,https://github.com/theDavidBarton,User,False,2353.0,30.0,30.0,30,30,38,5,False,puppeteer,1.0,6.45
TimvdLippe,9,https://github.com/TimvdLippe,User,False,4110.0,30.0,30.0,30,30,286,0,False,puppeteer,1.0,11.26
yury-s,9,https://github.com/yury-s,User,False,3743.0,30.0,30.0,30,30,158,1,False,puppeteer,1.0,10.25
alixaxel,8,https://github.com/alixaxel,User,False,5403.0,30.0,24.0,30,30,273,3721,False,puppeteer,0.8,14.8
Junyan,8,https://github.com/Junyan,User,False,3302.0,22.0,16.0,12,8,7,0,False,puppeteer,0.7272727272727273,9.05
Androbin,7,https://github.com/Androbin,User,False,3340.0,30.0,30.0,30,30,60,3,False,puppeteer,1.0,9.15
AVGP,7,https://github.com/AVGP,User,False,5294.0,30.0,30.0,30,30,416,34,False,puppeteer,1.0,14.5
Kikobeats,7,https://github.com/Kikobeats,User,False,4578.0,30.0,30.0,30,30,1517,3159,False,puppeteer,1.0,12.54
benallfree,6,https://github.com/benallfree,User,False,4896.0,30.0,30.0,30,30,214,955,False,puppeteer,1.0,13.41
alexkozy,5,https://github.com/alexkozy,User,False,5248.0,30.0,30.0,30,30,434,17,False,puppeteer,1.0,14.38
fkorotkov,5,https://github.com/fkorotkov,User,False,4930.0,0.0,0.0,0,30,0,1,False,puppeteer,0.0,13.51
minggeorgelei,5,https://github.com/minggeorgelei,User,False,646.0,12.0,7.0,2,4,0,0,False,puppeteer,0.5833333333333334,1.77
sukrosono,5,https://github.com/sukrosono,User,False,4451.0,30.0,30.0,30,30,48,8,False,puppeteer,1.0,12.19
yashLadha,4,https://github.com/yashLadha,User,False,3251.0,30.0,30.0,30,30,177,15,False,puppeteer,1.0,8.91
paullewis,4,https://github.com/paullewis,User,False,5115.0,30.0,30.0,30,9,2609,295,False,puppeteer,1.0,14.01
vitaliytv,4,https://github.com/vitaliytv,User,False,4718.0,30.0,30.0,23,30,22,1,False,puppeteer,1.0,12.93
ChristianDavis,4,https://github.com/ChristianDavis,User,False,4577.0,30.0,30.0,4,30,19,19,False,puppeteer,1.0,12.54
connorjclark,4,https://github.com/connorjclark,User,False,4334.0,0.0,0.0,0,30,0,34,False,puppeteer,0.0,11.87
guspan-tanadi,4,https://github.com/guspan-tanadi,User,False,2565.0,30.0,30.0,11,30,26,0,False,puppeteer,1.0,7.03
ergunsh,4,https://github.com/ergunsh,User,False,4220.0,30.0,30.0,30,24,85,7,False,puppeteer,1.0,11.56
ggorlen,3,https://github.com/ggorlen,User,False,3258.0,30.0,30.0,30,30,102,7,False,puppeteer,1.0,8.93
psmarshall,3,https://github.com/psmarshall,User,False,3950.0,30.0,19.0,19,25,84,0,False,puppeteer,0.6333333333333333,10.82
foolip,3,https://github.com/foolip,User,False,5194.0,30.0,30.0,30,30,472,12,False,puppeteer,1.0,14.23
Kle0s,3,https://github.com/Kle0s,User,False,2261.0,8.0,7.0,5,3,0,0,False,puppeteer,0.875,6.19
nschonni,3,https://github.com/nschonni,User,False,4794.0,30.0,30.0,30,30,652,4,False,puppeteer,1.0,13.13
thorn0,3,https://github.com/thorn0,User,False,5728.0,30.0,30.0,30,30,84,111,False,puppeteer,1.0,15.69
Glennvd,3,https://github.com/Glennvd,User,False,4347.0,12.0,9.0,27,23,14,2,False,puppeteer,0.75,11.91
jimmydief,3,https://github.com/jimmydief,User,False,4289.0,24.0,20.0,30,21,9,0,False,puppeteer,0.8333333333333334,11.75
jecfish,3,https://github.com/jecfish,User,False,4113.0,30.0,30.0,30,30,965,552,False,puppeteer,1.0,11.27
joelgriffith,3,https://github.com/joelgriffith,User,False,4731.0,30.0,30.0,30,25,193,1044,False,puppeteer,1.0,12.96
macbre,3,https://github.com/macbre,User,False,4608.0,30.0,30.0,30,30,154,977,False,puppeteer,1.0,12.62
matthiasrohmer,3,https://github.com/matthiasrohmer,User,False,3536.0,30.0,30.0,30,6,71,5,False,puppeteer,1.0,9.69
ithinkihaveacat,3,https://github.com/ithinkihaveacat,User,False,5857.0,30.0,30.0,30,30,140,44,False,puppeteer,1.0,16.05
SamVerschueren,2,https://github.com/SamVerschueren,User,False,4611.0,30.0,30.0,30,30,755,968,False,puppeteer,1.0,12.63
sonyarianto,2,https://github.com/sonyarianto,User,False,5329.0,30.0,30.0,30,30,85,104,False,puppeteer,1.0,14.6
sbocinec,2,https://github.com/sbocinec,User,False,4252.0,30.0,30.0,30,30,10,1,False,puppeteer,1.0,11.65
tnolet,2,https://github.com/tnolet,User,False,4363.0,30.0,30.0,30,30,149,89,False,puppeteer,1.0,11.95
tjenkinson,2,https://github.com/tjenkinson,User,False,4416.0,30.0,30.0,30,30,155,20,False,puppeteer,1.0,12.1
trentmwillis,2,https://github.com/trentmwillis,User,False,4388.0,30.0,30.0,30,30,204,36,False,puppeteer,1.0,12.02
vladikoff,2,https://github.com/vladikoff,User,False,5629.0,30.0,30.0,30,30,1900,89,False,puppeteer,1.0,15.42
VoltrexKeyva,2,https://github.com/VoltrexKeyva,User,False,1803.0,30.0,30.0,7,30,151,11,False,puppeteer,1.0,4.94
wwwillchen,2,https://github.com/wwwillchen,User,False,3956.0,30.0,30.0,30,30,105,2,False,puppeteer,1.0,10.84
xg-wang,2,https://github.com/xg-wang,User,False,3847.0,30.0,30.0,30,30,81,23,False,puppeteer,1.0,10.54
hashseed,2,https://github.com/hashseed,User,False,4545.0,30.0,30.0,30,18,726,59,False,puppeteer,1.0,12.45
yotamlaufer,2,https://github.com/yotamlaufer,User,False,4303.0,15.0,9.0,11,18,12,0,False,puppeteer,0.6,11.79
campersau,2,https://github.com/campersau,User,False,4341.0,30.0,30.0,30,30,24,4,False,puppeteer,1.0,11.89
dmitrysteblyuk,2,https://github.com/dmitrysteblyuk,User,False,3186.0,11.0,10.0,30,16,4,7,False,puppeteer,0.9090909090909091,8.73
mizdra,2,https://github.com/mizdra,User,False,3751.0,30.0,30.0,30,30,106,413,False,puppeteer,1.0,10.28
robrobrobrob,2,https://github.com/robrobrobrob,User,False,2620.0,4.0,2.0,2,0,0,0,False,puppeteer,0.5,7.18
smithc,2,https://github.com/smithc,User,False,4946.0,30.0,30.0,14,16,4,17,False,puppeteer,1.0,13.55
xcatliu,2,https://github.com/xcatliu,User,False,4173.0,30.0,30.0,30,30,4030,1455,False,puppeteer,1.0,11.43
lusarz,2,https://github.com/lusarz,User,False,3727.0,30.0,30.0,30,5,21,57,False,puppeteer,1.0,10.21
gucong3000,2,https://github.com/gucong3000,User,False,4853.0,30.0,30.0,30,30,226,221,False,puppeteer,1.0,13.3
Janpot,2,https://github.com/Janpot,User,False,4575.0,30.0,30.0,30,30,136,6,False,puppeteer,1.0,12.53
harsha509,2,https://github.com/harsha509,User,False,3553.0,0.0,0.0,0,30,0,0,False,puppeteer,0.0,9.73
Rafael-Martins,2,https://github.com/Rafael-Martins,User,False,2860.0,15.0,13.0,6,27,19,6,False,puppeteer,0.8666666666666667,7.84
ahmoin,2,https://github.com/ahmoin,User,False,758.0,30.0,21.0,3,26,9,0,False,puppeteer,0.7,2.08
a1ph,2,https://github.com/a1ph,User,False,4209.0,17.0,14.0,16,9,17,0,False,puppeteer,0.8235294117647058,11.53
LasaleFamine,2,https://github.com/LasaleFamine,User,False,3522.0,30.0,30.0,30,30,90,57,False,puppeteer,1.0,9.65
andyearnshaw,2,https://github.com/andyearnshaw,User,False,4637.0,30.0,23.0,30,27,61,1746,False,puppeteer,0.7666666666666667,12.7
benelliott,2,https://github.com/benelliott,User,False,4236.0,30.0,30.0,30,30,25,2,False,puppeteer,1.0,11.61
davidjb,2,https://github.com/davidjb,User,False,4924.0,30.0,30.0,30,30,69,2,False,puppeteer,1.0,13.49
douglasnaphas,2,https://github.com/douglasnaphas,User,False,4176.0,30.0,30.0,30,30,15,1,False,puppeteer,1.0,11.44
DangoDev,2,https://github.com/DangoDev,User,False,4020.0,0.0,0.0,0,0,0,0,False,puppeteer,0.0,11.01
elisherer,2,https://github.com/elisherer,User,False,4905.0,30.0,30.0,30,30,17,46,False,puppeteer,1.0,13.44
emilefokkema,2,https://github.com/emilefokkema,User,False,3622.0,30.0,30.0,18,30,13,135,False,puppeteer,1.0,9.92
SlootSantos,2,https://github.com/SlootSantos,User,False,3646.0,30.0,26.0,8,30,20,7,False,puppeteer,0.8666666666666667,9.99
GuillaumeGomez,2,https://github.com/GuillaumeGomez,User,False,4445.0,30.0,30.0,30,30,1449,26,False,puppeteer,1.0,12.18
fringd,2,https://github.com/fringd,User,False,5395.0,27.0,21.0,30,30,24,15,False,puppeteer,0.7777777777777778,14.78
g-plane,2,https://github.com/g-plane,User,False,3290.0,30.0,30.0,30,30,451,317,False,puppeteer,1.0,9.01
pomerantsev,2,https://github.com/pomerantsev,User,False,4353.0,30.0,30.0,30,30,30,3,False,puppeteer,1.0,11.93
shibanovp,2,https://github.com/shibanovp,User,False,4222.0,30.0,30.0,30,30,44,2,False,puppeteer,1.0,11.57
patrickhulce,2,https://github.com/patrickhulce,User,False,4544.0,30.0,30.0,30,30,488,17,False,puppeteer,1.0,12.45
snitin315,2,https://github.com/snitin315,User,False,2225.0,30.0,30.0,30,30,1145,3,False,puppeteer,1.0,6.1
ntzm,2,https://github.com/ntzm,User,False,4354.0,30.0,30.0,30,30,50,6,False,puppeteer,1.0,11.93
marabesi,2,https://github.com/marabesi,User,False,4572.0,30.0,30.0,30,30,318,29,False,puppeteer,1.0,12.53
kensoh,2,https://github.com/kensoh,User,False,3696.0,30.0,30.0,30,14,434,6,False,puppeteer,1.0,10.13
karlhorky,2,https://github.com/karlhorky,User,False,4606.0,30.0,30.0,30,30,822,820,False,puppeteer,1.0,12.62
jshamg,2,https://github.com/jshamg,User,False,2687.0,6.0,5.0,25,9,3,0,False,puppeteer,0.8333333333333334,7.36
Garbee,2,https://github.com/Garbee,User,False,4987.0,30.0,30.0,30,30,176,14,False,puppeteer,1.0,13.66
eltociear,2,https://github.com/eltociear,User,False,3056.0,0.0,0.0,0,30,0,17,False,puppeteer,0.0,8.37
pauldraper,1,https://github.com/pauldraper,User,False,4762.0,30.0,30.0,30,30,47,33,False,puppeteer,1.0,13.05
phawxby,1,https://github.com/phawxby,User,False,4888.0,30.0,30.0,30,30,11,1,False,puppeteer,1.0,13.39
pjg,1,https://github.com/pjg,User,False,6117.0,30.0,30.0,30,30,46,42,False,puppeteer,1.0,16.76
pecampelo,1,https://github.com/pecampelo,User,False,3191.0,15.0,11.0,11,29,16,1,False,puppeteer,0.7333333333333333,8.74
starrify,1,https://github.com/starrify,User,False,5277.0,30.0,30.0,30,30,109,5,False,puppeteer,1.0,14.46
petele,1,https://github.com/petele,User,False,5062.0,30.0,30.0,30,25,1206,403,False,puppeteer,1.0,13.87
spekulatius,1,https://github.com/spekulatius,User,False,3840.0,30.0,30.0,30,30,601,1040,False,puppeteer,1.0,10.52
pqvst,1,https://github.com/pqvst,User,False,4237.0,24.0,23.0,30,30,111,180,False,puppeteer,0.9583333333333334,11.61
phihag,1,https://github.com/phihag,User,False,5030.0,30.0,30.0,30,30,463,50,False,puppeteer,1.0,13.78
pauladams8,1,https://github.com/pauladams8,User,False,2531.0,24.0,17.0,20,17,19,17,False,puppeteer,0.7083333333333334,6.93
petuomin,1,https://github.com/petuomin,User,False,4453.0,30.0,30.0,6,28,7,9,False,puppeteer,1.0,12.2
pallavJha,1,https://github.com/pallavJha,User,False,4236.0,30.0,26.0,27,18,22,97,False,puppeteer,0.8666666666666667,11.61
pablomatiasgomez,1,https://github.com/pablomatiasgomez,User,False,3822.0,30.0,30.0,2,30,16,16,False,puppeteer,1.0,10.47
mnmkng,1,https://github.com/mnmkng,User,False,3005.0,30.0,30.0,30,23,65,2,False,puppeteer,1.0,8.23
oliviernt,1,https://github.com/oliviernt,User,False,5552.0,30.0,30.0,20,28,49,10,False,puppeteer,1.0,15.21
oliviertassinari,1,https://github.com/oliviertassinari,User,False,4428.0,30.0,30.0,30,30,3163,1709,False,puppeteer,1.0,12.13
oflisback,1,https://github.com/oflisback,User,False,3576.0,30.0,21.0,6,30,42,22,False,puppeteer,0.7,9.8
noriaki,1,https://github.com/noriaki,User,False,5887.0,30.0,30.0,30,30,18,9,False,puppeteer,1.0,16.13
noam3127,1,https://github.com/noam3127,User,False,4216.0,12.0,9.0,8,27,16,326,False,puppeteer,0.75,11.55
ngryman,1,https://github.com/ngryman,User,False,4976.0,30.0,30.0,30,30,382,328,False,puppeteer,1.0,13.63
RomainNeup,1,https://github.com/RomainNeup,User,False,1613.0,11.0,7.0,2,21,7,4,False,puppeteer,0.6363636363636364,4.42
rodrigobdz,1,https://github.com/rodrigobdz,User,False,3450.0,30.0,30.0,30,30,70,160,False,puppeteer,1.0,9.45
caaatisgood,1,https://github.com/caaatisgood,User,False,3532.0,30.0,30.0,13,30,51,16,False,puppeteer,1.0,9.68
r03ert0,1,https://github.com/r03ert0,User,False,4542.0,30.0,30.0,30,30,144,34,False,puppeteer,1.0,12.44
slaskis,1,https://github.com/slaskis,User,False,6156.0,30.0,30.0,30,30,76,17,False,puppeteer,1.0,16.87
RicoTrevisan,1,https://github.com/RicoTrevisan,User,False,4521.0,22.0,17.0,17,12,12,3,False,puppeteer,0.7727272727272727,12.39
rviscomi,1,https://github.com/rviscomi,User,False,4876.0,30.0,30.0,30,30,422,1057,False,puppeteer,1.0,13.36
xrmx,1,https://github.com/xrmx,User,False,6097.0,30.0,30.0,30,30,157,267,False,puppeteer,1.0,16.7
rlataguerra,1,https://github.com/rlataguerra,User,False,4551.0,4.0,4.0,30,3,2,0,False,puppeteer,1.0,12.47
remcohaszing,1,https://github.com/remcohaszing,User,False,5030.0,30.0,30.0,30,30,308,92,False,puppeteer,1.0,13.78
now-raymond,1,https://github.com/now-raymond,User,False,3615.0,25.0,22.0,5,16,7,4,False,puppeteer,0.88,9.9
ranyitz,1,https://github.com/ranyitz,User,False,3610.0,30.0,30.0,30,18,158,2220,False,puppeteer,1.0,9.89
hyyrdbzm,1,https://github.com/hyyrdbzm,User,False,352.0,0.0,0.0,0,0,0,0,False,puppeteer,0.0,0.96
vogler,1,https://github.com/vogler,User,False,5198.0,30.0,30.0,30,30,78,3103,False,puppeteer,1.0,14.24
Runaider,1,https://github.com/Runaider,User,False,3719.0,1.0,1.0,0,8,1,0,False,puppeteer,1.0,10.19
nougat123,1,https://github.com/nougat123,User,False,3546.0,22.0,21.0,0,0,6,0,False,puppeteer,0.9545454545454546,9.72
BetoFrega,1,https://github.com/BetoFrega,User,False,5104.0,30.0,30.0,30,30,30,4,False,puppeteer,1.0,13.98
qkdreyer,1,https://github.com/qkdreyer,User,False,5062.0,30.0,30.0,30,30,30,14,False,puppeteer,1.0,13.87
Pirikara,1,https://github.com/Pirikara,User,False,1745.0,14.0,11.0,8,29,1,0,False,puppeteer,0.7857142857142857,4.78
piperchester,1,https://github.com/piperchester,User,False,4723.0,30.0,30.0,30,30,167,7,False,puppeteer,1.0,12.94
ptommasi,1,https://github.com/ptommasi,User,False,3585.0,4.0,3.0,9,7,2,13,False,puppeteer,0.75,9.82
Meir017,1,https://github.com/Meir017,User,False,3744.0,30.0,30.0,30,30,56,3,False,puppeteer,1.0,10.26
MehdiRaash,1,https://github.com/MehdiRaash,User,False,4081.0,30.0,30.0,30,30,23,17,False,puppeteer,1.0,11.18
entrptaher,1,https://github.com/entrptaher,User,False,3856.0,30.0,30.0,30,30,871,33,False,puppeteer,1.0,10.56
MaxGabriel,1,https://github.com/MaxGabriel,User,False,4807.0,30.0,30.0,30,30,201,21,False,puppeteer,1.0,13.17
MaxCilauro,1,https://github.com/MaxCilauro,User,False,3491.0,8.0,8.0,2,7,4,1,False,puppeteer,1.0,9.56
MaxHorstmann,1,https://github.com/MaxHorstmann,User,False,5326.0,30.0,30.0,30,30,67,36,False,puppeteer,1.0,14.59
mushishi78,1,https://github.com/mushishi78,User,False,5264.0,30.0,30.0,30,30,34,187,False,puppeteer,1.0,14.42
matthewrobertson,1,https://github.com/matthewrobertson,User,False,5100.0,30.0,30.0,30,30,48,24,False,puppeteer,1.0,13.97
3flex,1,https://github.com/3flex,User,False,5537.0,30.0,30.0,30,30,29,1,False,puppeteer,1.0,15.17
mattzeunert,1,https://github.com/mattzeunert,User,False,4791.0,30.0,30.0,30,30,139,158,False,puppeteer,1.0,13.13
mattwelke,1,https://github.com/mattwelke,User,False,3917.0,30.0,30.0,30,30,89,7,False,puppeteer,1.0,10.73
matks,1,https://github.com/matks,User,False,4359.0,30.0,30.0,30,30,145,12,False,puppeteer,1.0,11.94
p01,1,https://github.com/p01,User,False,5016.0,30.0,30.0,10,30,615,26,False,puppeteer,1.0,13.74
MatejMecka,1,https://github.com/MatejMecka,User,False,3000.0,30.0,30.0,30,30,161,57,False,puppeteer,1.0,8.22
marvinhagemeister,1,https://github.com/marvinhagemeister,User,False,4898.0,30.0,30.0,30,30,1558,182,False,puppeteer,1.0,13.42
NightTsarina,1,https://github.com/NightTsarina,User,False,4153.0,30.0,30.0,30,15,29,83,False,puppeteer,1.0,11.38
MarcusOtter,1,https://github.com/MarcusOtter,User,False,2584.0,30.0,30.0,30,30,145,295,False,puppeteer,1.0,7.08
marcjansen,1,https://github.com/marcjansen,User,False,5444.0,30.0,30.0,30,30,47,7,False,puppeteer,1.0,14.92
nojvek,1,https://github.com/nojvek,User,False,4917.0,30.0,30.0,30,30,105,560,False,puppeteer,1.0,13.47
ls6,1,https://github.com/ls6,User,False,4902.0,30.0,30.0,30,14,1,5,False,puppeteer,1.0,13.43
LucasHill,1,https://github.com/LucasHill,User,False,5248.0,30.0,30.0,26,30,3,22,False,puppeteer,1.0,14.38
chriscalo,1,https://github.com/chriscalo,User,False,4987.0,30.0,30.0,30,30,39,19,False,puppeteer,1.0,13.66
nickheyer,1,https://github.com/nickheyer,User,False,1850.0,30.0,30.0,30,30,23,89,False,puppeteer,1.0,5.07
nzakas,1,https://github.com/nzakas,User,False,5916.0,30.0,30.0,30,30,10495,745,False,puppeteer,1.0,16.21
net,1,https://github.com/net,User,False,3988.0,30.0,22.0,30,30,22,8,False,puppeteer,0.7333333333333333,10.93
neilsh,1,https://github.com/neilsh,User,False,5863.0,30.0,30.0,11,30,36,6,False,puppeteer,1.0,16.06
neerajsingh0101,1,https://github.com/neerajsingh0101,User,False,6155.0,30.0,30.0,30,30,433,420,False,puppeteer,1.0,16.86
Nazanin1369,1,https://github.com/Nazanin1369,User,False,4053.0,30.0,30.0,9,30,303,23,False,puppeteer,1.0,11.1
sandersn,1,https://github.com/sandersn,User,True,5373.0,30.0,30.0,30,30,1076,261,False,puppeteer,1.0,14.72
ntnz,1,https://github.com/ntnz,User,False,3195.0,24.0,19.0,4,5,4,0,False,puppeteer,0.7916666666666666,8.75
nadir,1,https://github.com/nadir,User,False,1460.0,8.0,5.0,2,12,12,131,False,puppeteer,0.625,4.0
Mohamed3on,1,https://github.com/Mohamed3on,User,False,3572.0,30.0,30.0,30,30,60,3,False,puppeteer,1.0,9.79
mohd-akram,1,https://github.com/mohd-akram,User,False,4637.0,30.0,30.0,30,30,102,88,False,puppeteer,1.0,12.7
MikkelSnitker,1,https://github.com/MikkelSnitker,User,False,4497.0,11.0,10.0,10,30,0,2,False,puppeteer,0.9090909090909091,12.32
TheJoin95,1,https://github.com/TheJoin95,User,False,4026.0,30.0,30.0,30,30,118,184,False,puppeteer,1.0,11.03
mshustov,1,https://github.com/mshustov,User,False,4423.0,30.0,30.0,30,30,65,26,False,puppeteer,1.0,12.12
Mickael-van-der-Beek,1,https://github.com/Mickael-van-der-Beek,User,False,4317.0,30.0,27.0,30,30,24,1,False,puppeteer,0.9,11.83
MrMitch,1,https://github.com/MrMitch,User,False,5139.0,30.0,30.0,30,28,19,78,False,puppeteer,1.0,14.08
mtoma,1,https://github.com/mtoma,User,False,4168.0,30.0,30.0,30,14,4,2,False,puppeteer,1.0,11.42
mrienstra,1,https://github.com/mrienstra,User,False,5087.0,30.0,30.0,30,30,25,2,False,puppeteer,1.0,13.94
michaeloryl,1,https://github.com/michaeloryl,User,False,4602.0,4.0,3.0,19,30,28,262,False,puppeteer,0.75,12.61
pmmmwh,1,https://github.com/pmmmwh,User,False,3770.0,30.0,30.0,30,30,515,3216,False,puppeteer,1.0,10.33
mickykebe,1,https://github.com/mickykebe,User,False,4365.0,19.0,15.0,15,30,26,40,False,puppeteer,0.7894736842105263,11.96
mlampedx,1,https://github.com/mlampedx,User,False,3155.0,30.0,30.0,1,30,48,24,False,puppeteer,1.0,8.64
YogeshSinghChouhan,1,https://github.com/YogeshSinghChouhan,User,False,3727.0,3.0,3.0,11,5,2,0,False,puppeteer,1.0,10.21
elaichenkov,1,https://github.com/elaichenkov,User,False,2789.0,30.0,30.0,21,30,79,137,False,puppeteer,1.0,7.64
wdscxsj,1,https://github.com/wdscxsj,User,False,4989.0,30.0,30.0,30,30,16,0,False,puppeteer,1.0,13.67
yanjiew1,1,https://github.com/yanjiew1,User,False,5677.0,30.0,28.0,15,30,14,5,False,puppeteer,0.9333333333333333,15.55
xprudhomme,1,https://github.com/xprudhomme,User,False,5332.0,1.0,1.0,16,7,8,0,False,puppeteer,1.0,14.61
WuerfelDev,1,https://github.com/WuerfelDev,User,False,3548.0,30.0,30.0,30,30,10,2,False,puppeteer,1.0,9.72
wojtekmaj,1,https://github.com/wojtekmaj,User,False,4176.0,30.0,30.0,30,30,3397,501,False,puppeteer,1.0,11.44
WillGibson,1,https://github.com/WillGibson,User,False,3810.0,30.0,30.0,30,10,10,4,False,puppeteer,1.0,10.44
slhck,1,https://github.com/slhck,User,False,5135.0,30.0,30.0,30,30,295,53,False,puppeteer,1.0,14.07
VikramTiwari,1,https://github.com/VikramTiwari,User,False,4781.0,30.0,30.0,30,30,380,6,False,puppeteer,1.0,13.1
vasyl-pahut,1,https://github.com/vasyl-pahut,User,False,4237.0,4.0,4.0,1,15,13,3,False,puppeteer,1.0,11.61
vsn4ik,1,https://github.com/vsn4ik,User,False,4367.0,30.0,30.0,30,7,83,990,False,puppeteer,1.0,11.96
7rulnik,1,https://github.com/7rulnik,User,False,4107.0,30.0,30.0,30,30,328,7,False,puppeteer,1.0,11.25
TriPSs,1,https://github.com/TriPSs,User,False,3922.0,30.0,30.0,30,30,54,713,False,puppeteer,1.0,10.75
tukusejssirs,1,https://github.com/tukusejssirs,User,False,4219.0,30.0,30.0,30,30,11,0,False,puppeteer,1.0,11.56
travis-w,1,https://github.com/travis-w,User,False,4536.0,30.0,30.0,30,18,11,2,False,puppeteer,1.0,12.43
UziTech,1,https://github.com/UziTech,User,False,5717.0,30.0,30.0,30,30,131,32,False,puppeteer,1.0,15.66
trnkatomas,1,https://github.com/trnkatomas,User,False,3919.0,17.0,16.0,19,30,8,40,False,puppeteer,0.9411764705882353,10.74
tjunnone,1,https://github.com/tjunnone,User,False,4961.0,13.0,13.0,30,10,69,0,False,puppeteer,1.0,13.59
tomasAlabes,1,https://github.com/tomasAlabes,User,False,5071.0,30.0,30.0,30,30,62,86,False,puppeteer,1.0,13.89
tompere,1,https://github.com/tompere,User,False,4497.0,30.0,30.0,8,30,5,0,False,puppeteer,1.0,12.32
stphnrdmr,1,https://github.com/stphnrdmr,User,False,4624.0,30.0,25.0,8,17,24,2,False,puppeteer,0.8333333333333334,12.67
calderas,1,https://github.com/calderas,User,False,5656.0,30.0,29.0,8,30,31,5,False,puppeteer,0.9666666666666667,15.5
dgozman,1,https://github.com/dgozman,User,False,3739.0,30.0,30.0,30,26,317,8,False,puppeteer,1.0,10.24
damner,1,https://github.com/damner,User,False,5316.0,24.0,20.0,5,10,5,1,False,puppeteer,0.8333333333333334,14.56
tenuki,1,https://github.com/tenuki,User,False,5832.0,30.0,30.0,30,30,13,15,False,puppeteer,1.0,15.98
cohesively,1,https://github.com/cohesively,User,False,3783.0,0.0,0.0,0,0,0,0,False,puppeteer,0.0,10.36
charlieinitialdigital,1,https://github.com/charlieinitialdigital,User,False,766.0,2.0,1.0,0,2,1,0,False,puppeteer,0.5,2.1
chakzefir,1,https://github.com/chakzefir,User,False,4121.0,7.0,5.0,17,20,38,6,False,puppeteer,0.7142857142857143,11.29
calvinballing,1,https://github.com/calvinballing,User,False,4162.0,30.0,30.0,28,30,4,16,False,puppeteer,1.0,11.4
calebboyd,1,https://github.com/calebboyd,User,False,4126.0,30.0,30.0,30,30,166,21,False,puppeteer,1.0,11.3
burningTyger,1,https://github.com/burningTyger,User,False,5402.0,30.0,30.0,30,30,53,13,False,puppeteer,1.0,14.8
avimar,1,https://github.com/avimar,User,False,5350.0,30.0,28.0,30,30,18,22,False,puppeteer,0.9333333333333333,14.66
atlanteh,1,https://github.com/atlanteh,User,False,4347.0,30.0,30.0,30,30,11,29,False,puppeteer,1.0,11.91
asteinha,1,https://github.com/asteinha,User,False,2576.0,30.0,30.0,4,1,3,0,False,puppeteer,1.0,7.06
alea12,1,https://github.com/alea12,User,False,4800.0,26.0,20.0,7,22,32,8,False,puppeteer,0.7692307692307693,13.15
a-sync,1,https://github.com/a-sync,User,False,3448.0,30.0,30.0,22,30,38,140,False,puppeteer,1.0,9.45
zoltan-boros,1,https://github.com/zoltan-boros,User,False,3606.0,5.0,3.0,6,8,0,0,False,puppeteer,0.6,9.88
ZekeLu,1,https://github.com/ZekeLu,User,False,4898.0,30.0,30.0,25,30,40,2,False,puppeteer,1.0,13.42
zeevrosental,1,https://github.com/zeevrosental,User,False,3358.0,2.0,1.0,0,4,2,0,False,puppeteer,0.5,9.2
yutakahirano,1,https://github.com/yutakahirano,User,False,4210.0,30.0,30.0,30,30,82,95,False,puppeteer,1.0,11.53
zawataki,1,https://github.com/zawataki,User,False,3299.0,30.0,30.0,30,30,6,1,False,puppeteer,1.0,9.04
Quramy,1,https://github.com/Quramy,User,False,4812.0,30.0,30.0,30,30,527,159,False,puppeteer,1.0,13.18
yomed,1,https://github.com/yomed,User,False,4384.0,30.0,30.0,30,30,31,31,False,puppeteer,1.0,12.01
Gared,1,https://github.com/Gared,User,False,4966.0,30.0,30.0,30,30,26,36,False,puppeteer,1.0,13.61
slohmes,1,https://github.com/slohmes,User,False,3649.0,26.0,21.0,4,29,7,2,False,puppeteer,0.8076923076923077,10.0
szuend,1,https://github.com/szuend,User,False,5337.0,30.0,30.0,26,19,16,3,False,puppeteer,1.0,14.62
thealphadollar,1,https://github.com/thealphadollar,User,False,2680.0,30.0,30.0,30,30,560,31,False,puppeteer,1.0,7.34
ShayBox,1,https://github.com/ShayBox,User,False,3759.0,30.0,30.0,30,30,65,604,False,puppeteer,1.0,10.3
semoal,1,https://github.com/semoal,User,False,3054.0,30.0,30.0,30,30,79,18,False,puppeteer,1.0,8.37
sergiitk,1,https://github.com/sergiitk,User,False,5085.0,30.0,30.0,30,30,181,344,False,puppeteer,1.0,13.93
Rudeg,1,https://github.com/Rudeg,User,False,4611.0,28.0,20.0,7,29,103,168,False,puppeteer,0.7142857142857143,12.63
sbekrin,1,https://github.com/sbekrin,User,False,3777.0,30.0,30.0,30,30,43,74,False,puppeteer,1.0,10.35
cancerberoSgx,1,https://github.com/cancerberoSgx,User,False,5672.0,30.0,30.0,30,30,129,122,False,puppeteer,1.0,15.54
seanghay,1,https://github.com/seanghay,User,False,3402.0,30.0,30.0,27,30,248,146,False,puppeteer,1.0,9.32
seantanly,1,https://github.com/seantanly,User,False,5672.0,30.0,30.0,30,30,17,3,False,puppeteer,1.0,15.54
schelkun,1,https://github.com/schelkun,User,False,2712.0,5.0,1.0,24,7,1,0,False,puppeteer,0.2,7.43
tkdn,1,https://github.com/tkdn,User,False,5022.0,30.0,30.0,22,30,13,4,False,puppeteer,1.0,13.76
bookchiq,1,https://github.com/bookchiq,User,False,5387.0,24.0,16.0,1,30,16,13,False,puppeteer,0.6666666666666666,14.76
sam-rad,1,https://github.com/sam-rad,User,False,3551.0,6.0,5.0,12,2,13,2,False,puppeteer,0.8333333333333334,9.73
exKAZUu,1,https://github.com/exKAZUu,User,False,5241.0,30.0,30.0,30,30,88,16,False,puppeteer,1.0,14.36
neet,1,https://github.com/neet,User,False,3204.0,30.0,30.0,30,30,322,45,False,puppeteer,1.0,8.78
topiaruss,1,https://github.com/topiaruss,User,False,5500.0,30.0,30.0,30,30,18,12,False,puppeteer,1.0,15.07
rowan-m,1,https://github.com/rowan-m,User,False,5686.0,30.0,30.0,30,20,291,98,False,puppeteer,1.0,15.58
ron0115,1,https://github.com/ron0115,User,False,3127.0,0.0,0.0,0,30,0,208,False,puppeteer,0.0,8.57
Toideng,1,https://github.com/Toideng,User,False,2521.0,1.0,1.0,5,4,4,0,False,puppeteer,1.0,6.91
tmkx,1,https://github.com/tmkx,User,False,3473.0,30.0,30.0,30,29,52,45,False,puppeteer,1.0,9.52
timgates42,1,https://github.com/timgates42,User,False,2186.0,30.0,30.0,30,30,182,1,False,puppeteer,1.0,5.99
timleland,1,https://github.com/timleland,User,False,4668.0,29.0,19.0,7,21,44,247,False,puppeteer,0.6551724137931034,12.79
reggi,1,https://github.com/reggi,User,True,5370.0,30.0,30.0,30,30,265,16,False,puppeteer,1.0,14.71
thomaschaplin,1,https://github.com/thomaschaplin,User,False,2578.0,30.0,30.0,12,30,22,56,False,puppeteer,1.0,7.06
tbroadley,1,https://github.com/tbroadley,User,False,3811.0,30.0,30.0,30,30,72,9,False,puppeteer,1.0,10.44
tlenclos,1,https://github.com/tlenclos,User,False,5078.0,30.0,30.0,30,30,79,14,False,puppeteer,1.0,13.91
thibaudcolas,1,https://github.com/thibaudcolas,User,False,4983.0,30.0,30.0,30,30,520,12,False,puppeteer,1.0,13.65
theomessin,1,https://github.com/theomessin,User,False,3966.0,30.0,30.0,30,7,81,1004,False,puppeteer,1.0,10.87
tayoagagu,1,https://github.com/tayoagagu,User,False,3771.0,5.0,4.0,3,8,2,0,False,puppeteer,0.8,10.33
magicdawn,1,https://github.com/magicdawn,User,False,4335.0,30.0,30.0,30,30,159,639,False,puppeteer,1.0,11.88
tanhauhau,1,https://github.com/tanhauhau,User,False,4538.0,30.0,30.0,30,30,1604,125,False,puppeteer,1.0,12.43
Talendran,1,https://github.com/Talendran,User,False,1657.0,1.0,1.0,0,1,0,0,False,puppeteer,1.0,4.54
sapics,1,https://github.com/sapics,User,False,3645.0,30.0,30.0,30,30,75,8,False,puppeteer,1.0,9.99
tailgo,1,https://github.com/tailgo,User,False,3397.0,11.0,11.0,20,6,13,6,False,puppeteer,1.0,9.31
HwangTaehyun,1,https://github.com/HwangTaehyun,User,False,2375.0,30.0,30.0,28,30,157,4,False,puppeteer,1.0,6.51
suvratjain1995,1,https://github.com/suvratjain1995,User,False,3668.0,6.0,5.0,3,30,4,1,False,puppeteer,0.8333333333333334,10.05
thapasusheel,1,https://github.com/thapasusheel,User,False,486.0,30.0,30.0,0,30,0,1,False,puppeteer,1.0,1.33
sstopkin,1,https://github.com/sstopkin,User,False,4162.0,22.0,19.0,5,30,10,0,False,puppeteer,0.8636363636363636,11.4
stevenfollis,1,https://github.com/stevenfollis,User,False,4181.0,30.0,30.0,30,30,28,21,False,puppeteer,1.0,11.45
steren,1,https://github.com/steren,User,False,5302.0,30.0,30.0,30,30,316,922,False,puppeteer,1.0,14.53
QuantumArchive,1,https://github.com/QuantumArchive,User,False,3204.0,30.0,30.0,2,30,17,2,False,puppeteer,1.0,8.78
bhageena,1,https://github.com/bhageena,User,False,3445.0,30.0,30.0,26,30,53,0,False,puppeteer,1.0,9.44
CanadaHonk,1,https://github.com/CanadaHonk,User,False,3207.0,30.0,30.0,30,30,652,3293,False,puppeteer,1.0,8.79
bryanmlyr,1,https://github.com/bryanmlyr,User,False,2948.0,4.0,3.0,2,25,11,1,False,puppeteer,0.75,8.08
brikou,1,https://github.com/brikou,User,False,5281.0,30.0,30.0,30,30,86,82,False,puppeteer,1.0,14.47
bgschiller,1,https://github.com/bgschiller,User,False,4517.0,30.0,30.0,30,30,70,14,False,puppeteer,1.0,12.38
bmisiak,1,https://github.com/bmisiak,User,False,4539.0,16.0,10.0,12,30,33,49,False,puppeteer,0.625,12.44
b-ponomarenko,1,https://github.com/b-ponomarenko,User,False,3781.0,30.0,30.0,30,14,10,0,False,puppeteer,1.0,10.36
BenoitZugmeyer,1,https://github.com/BenoitZugmeyer,User,False,5822.0,30.0,30.0,30,30,118,94,False,puppeteer,1.0,15.95
bcoe,1,https://github.com/bcoe,User,False,5492.0,30.0,30.0,30,30,1676,1209,False,puppeteer,1.0,15.05
benatkin,1,https://github.com/benatkin,User,False,6166.0,30.0,30.0,30,30,201,31,False,puppeteer,1.0,16.89
randombenj,1,https://github.com/randombenj,User,False,4210.0,30.0,30.0,30,30,110,55,False,puppeteer,1.0,11.53
Gbahdeyboh,1,https://github.com/Gbahdeyboh,User,False,2780.0,30.0,30.0,30,30,106,35,False,puppeteer,1.0,7.62
chubei-urus,1,https://github.com/chubei-urus,User,False,349.0,14.0,14.0,5,3,0,0,False,puppeteer,1.0,0.96
basarat,1,https://github.com/basarat,User,False,4985.0,30.0,30.0,30,30,4031,364,False,puppeteer,1.0,13.66
barryvdh,1,https://github.com/barryvdh,User,False,4938.0,30.0,30.0,30,30,6653,222,False,puppeteer,1.0,13.53
blombard,1,https://github.com/blombard,User,False,3258.0,30.0,28.0,9,13,22,83,False,puppeteer,0.9333333333333333,8.93
bambooom,1,https://github.com/bambooom,User,False,3431.0,30.0,30.0,30,30,152,221,False,puppeteer,1.0,9.4
AymanAzzam,1,https://github.com/AymanAzzam,User,False,2889.0,30.0,30.0,28,30,76,10,False,puppeteer,1.0,7.92
AviVahl,1,https://github.com/AviVahl,User,False,3793.0,30.0,30.0,30,9,55,198,False,puppeteer,1.0,10.39
WebReflection,1,https://github.com/WebReflection,User,False,5753.0,30.0,30.0,30,30,2214,699,False,puppeteer,1.0,15.76
dhirajgagrai,1,https://github.com/dhirajgagrai,User,False,3057.0,9.0,8.0,5,5,17,0,False,puppeteer,0.8888888888888888,8.38
abalone0204,1,https://github.com/abalone0204,User,False,4124.0,30.0,29.0,5,30,461,862,False,puppeteer,0.9666666666666667,11.3
dennythecoder,1,https://github.com/dennythecoder,User,False,2806.0,15.0,11.0,8,30,8,1,False,puppeteer,0.7333333333333333,7.69
brahms116,1,https://github.com/brahms116,User,False,2175.0,30.0,30.0,5,30,14,0,False,puppeteer,1.0,5.96
davidenglishmusic,1,https://github.com/davidenglishmusic,User,False,4296.0,30.0,30.0,23,30,5,2,False,puppeteer,1.0,11.77
dios-david,1,https://github.com/dios-david,User,False,4361.0,30.0,30.0,30,30,14,9,False,puppeteer,1.0,11.95
kzar,1,https://github.com/kzar,User,False,5567.0,30.0,30.0,30,30,53,148,False,puppeteer,1.0,15.25
darcyparker,1,https://github.com/darcyparker,User,False,4951.0,30.0,30.0,30,30,28,21,False,puppeteer,1.0,13.56
dguo,1,https://github.com/dguo,User,False,4481.0,30.0,30.0,30,30,171,87,False,puppeteer,1.0,12.28
sericaia,1,https://github.com/sericaia,User,False,4862.0,30.0,30.0,29,30,167,3,False,puppeteer,1.0,13.32
d-buckner,1,https://github.com/d-buckner,User,False,2070.0,30.0,30.0,25,30,72,32,False,puppeteer,1.0,5.67
quicksnap,1,https://github.com/quicksnap,User,False,4840.0,30.0,30.0,30,30,71,6,False,puppeteer,1.0,13.26
danpark-salesforce,1,https://github.com/danpark-salesforce,User,False,1461.0,2.0,1.0,0,3,1,0,False,puppeteer,0.5,4.0
dandv,1,https://github.com/dandv,User,False,5942.0,30.0,30.0,30,30,672,1,False,puppeteer,1.0,16.28
sdaoudi,1,https://github.com/sdaoudi,User,False,4317.0,30.0,30.0,4,15,19,5,False,puppeteer,1.0,11.83
CoreyCole,1,https://github.com/CoreyCole,User,False,4291.0,30.0,30.0,30,30,18,6,False,puppeteer,1.0,11.76
conradkirschner,1,https://github.com/conradkirschner,User,False,2594.0,22.0,15.0,30,30,12,59,False,puppeteer,0.6818181818181818,7.11
CodyEakins,1,https://github.com/CodyEakins,User,False,3233.0,4.0,4.0,14,3,4,0,False,puppeteer,1.0,8.86
clayzermk1,1,https://github.com/clayzermk1,User,False,4894.0,30.0,28.0,30,30,13,4,False,puppeteer,0.9333333333333333,13.41
chrisjpatty,1,https://github.com/chrisjpatty,User,False,3426.0,30.0,30.0,30,30,127,1754,False,puppeteer,1.0,9.39
cdaringe,1,https://github.com/cdaringe,User,False,4924.0,30.0,30.0,30,30,74,12,False,puppeteer,1.0,13.49
cdeutsch,1,https://github.com/cdeutsch,User,False,5265.0,30.0,30.0,30,30,65,13,False,puppeteer,1.0,14.42
cyrus-and,1,https://github.com/cyrus-and,User,False,4685.0,12.0,11.0,30,30,732,17416,False,puppeteer,0.9166666666666666,12.84
andersonaguiar,1,https://github.com/andersonaguiar,User,False,5199.0,30.0,30.0,22,30,123,16,False,puppeteer,1.0,14.24
Saturate,1,https://github.com/Saturate,User,False,5227.0,30.0,30.0,30,30,52,4,False,puppeteer,1.0,14.32
aliahmad490,1,https://github.com/aliahmad490,User,False,3496.0,5.0,4.0,0,7,23,0,False,puppeteer,0.8,9.58
kachkaev,1,https://github.com/kachkaev,User,False,5120.0,30.0,30.0,30,30,244,20,False,puppeteer,1.0,14.03
AlexChung1995,1,https://github.com/AlexChung1995,User,False,3437.0,1.0,1.0,7,15,5,2,False,puppeteer,1.0,9.42
Veligura,1,https://github.com/Veligura,User,False,3581.0,4.0,4.0,0,30,18,1,False,puppeteer,1.0,9.81
alex2844,1,https://github.com/alex2844,User,False,3226.0,23.0,15.0,28,30,7,43,False,puppeteer,0.6521739130434783,8.84
alexsergeyev,1,https://github.com/alexsergeyev,User,False,5610.0,13.0,9.0,5,30,21,22,False,puppeteer,0.6923076923076923,15.37
amaitland,1,https://github.com/amaitland,User,False,5357.0,30.0,30.0,30,30,177,25,False,puppeteer,1.0,14.68
alexgwolff,1,https://github.com/alexgwolff,User,False,3476.0,12.0,5.0,18,3,19,1,False,puppeteer,0.4166666666666667,9.52
aguidrevitch,1,https://github.com/aguidrevitch,User,False,4911.0,8.0,4.0,13,24,13,302,False,puppeteer,0.5,13.45
n10v,1,https://github.com/n10v,User,False,3510.0,30.0,30.0,30,30,60,464,False,puppeteer,1.0,9.62
adrielcodeco,1,https://github.com/adrielcodeco,User,False,4504.0,30.0,30.0,5,30,8,2,False,puppeteer,1.0,12.34
sheerun,1,https://github.com/sheerun,User,False,5374.0,30.0,30.0,30,30,537,146,False,puppeteer,1.0,14.72
adamraine,1,https://github.com/adamraine,User,False,4012.0,30.0,30.0,30,20,245,20,False,puppeteer,1.0,10.99
Abhishek-Mallick,1,https://github.com/Abhishek-Mallick,User,False,995.0,30.0,30.0,30,30,57,73,False,puppeteer,1.0,2.73
atabel,1,https://github.com/atabel,User,False,4630.0,30.0,30.0,15,30,30,85,False,puppeteer,1.0,12.68
homaily,1,https://github.com/homaily,User,False,4998.0,9.0,5.0,5,19,197,393,False,puppeteer,0.5555555555555556,13.69
strugee,1,https://github.com/strugee,User,False,4967.0,30.0,30.0,30,30,206,6,False,puppeteer,1.0,13.61
2kindsofcs,1,https://github.com/2kindsofcs,User,False,2372.0,30.0,29.0,18,30,2,5,False,puppeteer,0.9666666666666667,6.5
austinkelleher,1,https://github.com/austinkelleher,User,False,4366.0,30.0,30.0,30,30,191,19,False,puppeteer,1.0,11.96
aj-dev,1,https://github.com/aj-dev,User,False,4504.0,13.0,10.0,22,29,6,2,False,puppeteer,0.7692307692307693,12.34
abozhilov,1,https://github.com/abozhilov,User,False,5497.0,13.0,11.0,30,11,113,99,False,puppeteer,0.8461538461538461,15.06
dotdoom,1,https://github.com/dotdoom,User,False,5148.0,30.0,30.0,30,23,27,70,False,puppeteer,1.0,14.1
sapegin,1,https://github.com/sapegin,User,False,5798.0,0.0,0.0,0,30,0,112,False,puppeteer,0.0,15.88
arnemart,1,https://github.com/arnemart,User,False,5091.0,27.0,22.0,11,30,46,109,False,puppeteer,0.8148148148148148,13.95
ArjenKorevaar,1,https://github.com/ArjenKorevaar,User,False,2906.0,18.0,9.0,11,12,0,3,False,puppeteer,0.5,7.96
aravind666,1,https://github.com/aravind666,User,False,4497.0,30.0,23.0,8,30,21,0,False,puppeteer,0.7666666666666667,12.32
aos,1,https://github.com/aos,User,False,2923.0,30.0,30.0,28,30,35,144,False,puppeteer,1.0,8.01
anwersayeed,1,https://github.com/anwersayeed,User,False,1932.0,30.0,30.0,17,30,17,3,False,puppeteer,1.0,5.29
anishkny,1,https://github.com/anishkny,User,False,5306.0,30.0,30.0,30,30,427,2,False,puppeteer,1.0,14.54
andy2046,1,https://github.com/andy2046,User,False,4561.0,12.0,10.0,30,30,9,72,False,puppeteer,0.8333333333333334,12.5
andyfleming,1,https://github.com/andyfleming,User,False,5060.0,30.0,30.0,30,30,105,6,False,puppeteer,1.0,13.86
chosak,1,https://github.com/chosak,User,False,5095.0,30.0,30.0,30,30,55,2,False,puppeteer,1.0,13.96
sidorares,1,https://github.com/sidorares,User,False,5528.0,30.0,30.0,30,30,936,698,False,puppeteer,1.0,15.15
anru,1,https://github.com/anru,User,False,5625.0,30.0,30.0,30,30,46,12,False,puppeteer,1.0,15.41
AndrewLeedham,1,https://github.com/AndrewLeedham,User,False,4159.0,30.0,30.0,30,30,7,5,False,puppeteer,1.0,11.39
abrom,1,https://github.com/abrom,User,False,4367.0,30.0,30.0,30,30,19,77,False,puppeteer,1.0,11.96
andrew-apicello,1,https://github.com/andrew-apicello,User,False,2783.0,1.0,1.0,0,30,7,1,False,puppeteer,1.0,7.62
andresrondon,1,https://github.com/andresrondon,User,False,2670.0,5.0,5.0,0,7,2,0,False,puppeteer,1.0,7.32
andreastt,1,https://github.com/andreastt,User,False,5268.0,0.0,0.0,0,1,0,1,False,puppeteer,0.0,14.43
s-h-a-d-o-w,1,https://github.com/s-h-a-d-o-w,User,False,3306.0,30.0,30.0,30,30,35,84,False,puppeteer,1.0,9.06
mkamakura,1,https://github.com/mkamakura,User,False,4308.0,19.0,18.0,11,30,35,19,False,puppeteer,0.9473684210526315,11.8
justin0022,1,https://github.com/justin0022,User,False,3802.0,30.0,30.0,30,30,68,10,False,puppeteer,1.0,10.42
jlandure,1,https://github.com/jlandure,User,False,5175.0,30.0,30.0,30,30,75,1995,False,puppeteer,1.0,14.18
julien-deramond,1,https://github.com/julien-deramond,User,False,3282.0,30.0,30.0,30,26,324,32,False,puppeteer,1.0,8.99
jvelezpo,1,https://github.com/jvelezpo,User,False,4903.0,30.0,30.0,16,30,49,6,False,puppeteer,1.0,13.43
joshgrime,1,https://github.com/joshgrime,User,False,2662.0,3.0,2.0,1,8,1,0,False,puppeteer,0.6666666666666666,7.29
jbielick,1,https://github.com/jbielick,User,False,4758.0,30.0,30.0,30,30,62,184,False,puppeteer,1.0,13.04
JosephTico,1,https://github.com/JosephTico,User,False,3804.0,30.0,30.0,30,30,23,1,False,puppeteer,1.0,10.42
josepharhar,1,https://github.com/josepharhar,User,False,3921.0,30.0,30.0,30,30,258,9,False,puppeteer,1.0,10.74
joone,1,https://github.com/joone,User,False,4598.0,30.0,30.0,30,30,54,50,False,puppeteer,1.0,12.6
jonknapp,1,https://github.com/jonknapp,User,False,3802.0,30.0,30.0,30,17,27,5,False,puppeteer,1.0,10.42
jonchurch,1,https://github.com/jonchurch,User,False,3532.0,30.0,30.0,29,30,172,34,False,puppeteer,1.0,9.68
jsfeldman,1,https://github.com/jsfeldman,User,False,3826.0,13.0,9.0,16,10,4,2,False,puppeteer,0.6923076923076923,10.48
jontewks,1,https://github.com/jontewks,User,False,4345.0,30.0,30.0,8,30,81,13,False,puppeteer,1.0,11.9
John-Youngblood,1,https://github.com/John-Youngblood,User,False,4506.0,3.0,3.0,1,10,5,0,False,puppeteer,1.0,12.35
jeresig,1,https://github.com/jeresig,User,False,6197.0,30.0,30.0,30,30,18821,131,False,puppeteer,1.0,16.98
cognettings,1,https://github.com/cognettings,User,False,4178.0,9.0,9.0,5,16,0,2,False,puppeteer,1.0,11.45
kadaan,1,https://github.com/kadaan,User,False,4615.0,30.0,30.0,30,30,10,6,False,puppeteer,1.0,12.64
gomain,1,https://github.com/gomain,User,False,4318.0,30.0,30.0,30,30,8,2,False,puppeteer,1.0,11.83
jihchi,1,https://github.com/jihchi,User,False,5747.0,30.0,30.0,30,30,132,53,False,puppeteer,1.0,15.75
snippet,1,https://github.com/snippet,User,False,5436.0,15.0,11.0,1,30,22,4,False,puppeteer,0.7333333333333333,14.89
loilo,1,https://github.com/loilo,User,False,4609.0,30.0,30.0,30,30,71,773,False,puppeteer,1.0,12.63
yelisaveta,1,https://github.com/yelisaveta,User,False,4182.0,3.0,3.0,0,13,7,0,False,puppeteer,1.0,11.46
LinusU,1,https://github.com/LinusU,User,False,5500.0,30.0,30.0,30,30,972,9,False,puppeteer,1.0,15.07
lino-levan,1,https://github.com/lino-levan,User,False,3633.0,30.0,30.0,30,30,112,310,False,puppeteer,1.0,9.95
nikli2009,1,https://github.com/nikli2009,User,False,3660.0,30.0,26.0,5,30,16,67,False,puppeteer,0.8666666666666667,10.03
LeviPesin,1,https://github.com/LeviPesin,User,False,2588.0,30.0,30.0,30,15,27,5,False,puppeteer,1.0,7.09
LesterCovax,1,https://github.com/LesterCovax,User,False,2609.0,8.0,6.0,17,30,47,6,False,puppeteer,0.75,7.15
leandro-romero-ok,1,https://github.com/leandro-romero-ok,User,False,2253.0,2.0,2.0,0,2,1,0,False,puppeteer,1.0,6.17
choznerol,1,https://github.com/choznerol,User,False,3567.0,30.0,30.0,30,30,54,3,False,puppeteer,1.0,9.77
LarsDenBakker,1,https://github.com/LarsDenBakker,User,False,3592.0,30.0,30.0,30,30,148,18,False,puppeteer,1.0,9.84
lancejpollard,1,https://github.com/lancejpollard,User,False,5969.0,30.0,30.0,30,30,548,348,False,puppeteer,1.0,16.35
kyrylodolynskyi,1,https://github.com/kyrylodolynskyi,User,False,1860.0,11.0,10.0,4,5,3,0,False,puppeteer,0.9090909090909091,5.1
if-kyle,1,https://github.com/if-kyle,User,False,3295.0,7.0,7.0,12,5,0,0,False,puppeteer,1.0,9.03
Sparticuz,1,https://github.com/Sparticuz,User,False,5552.0,30.0,30.0,30,30,81,1275,False,puppeteer,1.0,15.21
kushagraag,1,https://github.com/kushagraag,User,False,1936.0,16.0,10.0,2,30,4,0,False,puppeteer,0.625,5.3
tinovyatkin,1,https://github.com/tinovyatkin,User,False,4187.0,30.0,30.0,30,30,80,88,False,puppeteer,1.0,11.47
ksm2,1,https://github.com/ksm2,User,False,4740.0,30.0,30.0,24,30,50,27,False,puppeteer,1.0,12.99
kkuegler,1,https://github.com/kkuegler,User,False,4962.0,15.0,8.0,5,10,3,8,False,puppeteer,0.5333333333333333,13.59
KlausBai,1,https://github.com/KlausBai,User,False,1272.0,6.0,3.0,1,11,1,0,False,puppeteer,0.5,3.48
kianmeng,1,https://github.com/kianmeng,User,False,5614.0,30.0,30.0,30,30,132,0,False,puppeteer,1.0,15.38
hgsgtk,1,https://github.com/hgsgtk,User,False,3802.0,30.0,30.0,30,30,108,1,False,puppeteer,1.0,10.42
kaveet,1,https://github.com/kaveet,User,False,3605.0,30.0,30.0,5,30,19,22,False,puppeteer,1.0,9.88
karloskalcium,1,https://github.com/karloskalcium,User,False,3715.0,15.0,12.0,30,12,3,55,False,puppeteer,0.8,10.18
ffeu,1,https://github.com/ffeu,User,False,3480.0,18.0,12.0,9,15,11,0,False,puppeteer,0.6666666666666666,9.53
picheli20,1,https://github.com/picheli20,User,False,4355.0,30.0,18.0,21,30,23,4,False,puppeteer,0.6,11.93
ExE-Boss,1,https://github.com/ExE-Boss,User,False,4354.0,30.0,30.0,30,30,99,23,False,puppeteer,1.0,11.93
EvanCarroll,1,https://github.com/EvanCarroll,User,False,6036.0,30.0,30.0,30,30,153,23,False,puppeteer,1.0,16.54
ethanlee16,1,https://github.com/ethanlee16,User,False,4455.0,30.0,30.0,30,30,78,13,False,puppeteer,1.0,12.21
eko24ive,1,https://github.com/eko24ive,User,False,2931.0,8.0,6.0,30,30,27,11,False,puppeteer,0.75,8.03
emmanuel-ferdman,1,https://github.com/emmanuel-ferdman,User,False,2588.0,30.0,30.0,10,21,43,15,False,puppeteer,1.0,7.09
theel0ja,1,https://github.com/theel0ja,User,False,4124.0,30.0,30.0,30,30,68,22,False,puppeteer,1.0,11.3
aspic-fish,1,https://github.com/aspic-fish,User,False,1362.0,4.0,2.0,3,3,0,0,False,puppeteer,0.5,3.73
edgardmessias,1,https://github.com/edgardmessias,User,False,4723.0,30.0,30.0,30,30,260,108,False,puppeteer,1.0,12.94
dylanbathurst,1,https://github.com/dylanbathurst,User,False,5891.0,17.0,14.0,20,30,61,47,False,puppeteer,0.8235294117647058,16.14
dulith-muthu,1,https://github.com/dulith-muthu,User,False,3029.0,3.0,1.0,1,18,2,2,False,puppeteer,0.3333333333333333,8.3
dr-js,1,https://github.com/dr-js,User,False,3035.0,25.0,16.0,21,19,15,34,False,puppeteer,0.64,8.32
DonoA,1,https://github.com/DonoA,User,False,4050.0,30.0,30.0,25,30,31,44,False,puppeteer,1.0,11.1
Donnatello,1,https://github.com/Donnatello,User,False,3888.0,3.0,1.0,3,4,1,0,False,puppeteer,0.3333333333333333,10.65
dsheiko,1,https://github.com/dsheiko,User,False,4765.0,30.0,13.0,28,30,84,430,False,puppeteer,0.43333333333333335,13.05
DudaGod,1,https://github.com/DudaGod,User,False,4116.0,30.0,30.0,30,30,19,13,False,puppeteer,1.0,11.28
silent-lad,1,https://github.com/silent-lad,User,False,2747.0,30.0,30.0,18,30,180,12,False,puppeteer,1.0,7.53
bogas04,1,https://github.com/bogas04,User,False,4082.0,30.0,30.0,30,30,218,42,False,puppeteer,1.0,11.18
DimaShustal,1,https://github.com/DimaShustal,User,False,3196.0,18.0,16.0,1,9,0,0,False,puppeteer,0.8888888888888888,8.76
dfernandez79,1,https://github.com/dfernandez79,User,False,4883.0,26.0,20.0,30,30,18,43,False,puppeteer,0.7692307692307693,13.38
jay-deshmukh,1,https://github.com/jay-deshmukh,User,False,2602.0,30.0,30.0,13,30,21,60,False,puppeteer,1.0,7.13
r4j4h,1,https://github.com/r4j4h,User,False,5070.0,30.0,30.0,30,30,95,5,False,puppeteer,1.0,13.89
jsoverson,1,https://github.com/jsoverson,User,False,4999.0,30.0,30.0,30,30,511,92,False,puppeteer,1.0,13.7
devjerry,1,https://github.com/devjerry,User,False,4368.0,6.0,5.0,6,6,0,0,False,puppeteer,0.8333333333333334,11.97
Cherry,1,https://github.com/Cherry,User,False,4992.0,30.0,30.0,30,30,140,30,False,puppeteer,1.0,13.68
jamesgeorge007,1,https://github.com/jamesgeorge007,User,False,2946.0,30.0,30.0,30,30,1213,23,False,puppeteer,1.0,8.07
43081j,1,https://github.com/43081j,User,False,4143.0,30.0,30.0,30,30,237,19,False,puppeteer,1.0,11.35
JakeGinnivan,1,https://github.com/JakeGinnivan,User,False,5227.0,30.0,30.0,30,30,312,15,False,puppeteer,1.0,14.32
jake314159,1,https://github.com/jake314159,User,False,4440.0,20.0,18.0,30,30,10,13,False,puppeteer,0.9,12.16
jjroush,1,https://github.com/jjroush,User,False,2869.0,30.0,28.0,12,30,16,4,False,puppeteer,0.9333333333333333,7.86
japerry911,1,https://github.com/japerry911,User,False,3088.0,30.0,30.0,30,30,17,12,False,puppeteer,1.0,8.46
Magiccwl,1,https://github.com/Magiccwl,User,False,2829.0,14.0,8.0,14,30,41,109,False,puppeteer,0.5714285714285714,7.75
EslamHiko,1,https://github.com/EslamHiko,User,False,3235.0,30.0,30.0,5,30,73,2,False,puppeteer,1.0,8.86
knownasilya,1,https://github.com/knownasilya,User,False,5936.0,30.0,30.0,30,30,243,35,False,puppeteer,1.0,16.26
webnard,1,https://github.com/webnard,User,False,4834.0,30.0,30.0,30,30,17,3,False,puppeteer,1.0,13.24
hangyeol0531,1,https://github.com/hangyeol0531,User,False,2410.0,28.0,27.0,30,26,47,10,False,puppeteer,0.9642857142857143,6.6
gziolo,1,https://github.com/gziolo,User,False,5071.0,30.0,30.0,30,11,291,51,False,puppeteer,1.0,13.89
glinford,1,https://github.com/glinford,User,False,3949.0,8.0,4.0,3,13,13,137,False,puppeteer,0.5,10.82
CheerlessCloud,1,https://github.com/CheerlessCloud,User,False,3586.0,22.0,18.0,23,29,29,33,False,puppeteer,0.8181818181818182,9.82
ezg27,1,https://github.com/ezg27,User,False,2440.0,14.0,14.0,7,11,10,8,False,puppeteer,1.0,6.68
fchasen,1,https://github.com/fchasen,User,False,5465.0,30.0,30.0,18,30,146,28,False,puppeteer,1.0,14.97
brigand,1,https://github.com/brigand,User,False,4955.0,30.0,30.0,30,30,308,586,False,puppeteer,1.0,13.58
ezyang,3280,https://github.com/ezyang,User,False,,,,,,,,,Pytorch,0.0,0.0
pytorchmergebot,3019,https://github.com/pytorchmergebot,User,False,,,,,,,,,Pytorch,0.0,0.0
malfet,2307,https://github.com/malfet,User,False,,,,,,,,,Pytorch,0.0,0.0
zou3519,1731,https://github.com/zou3519,User,False,,,,,,,,,Pytorch,0.0,0.0
jerryzh168,1215,https://github.com/jerryzh168,User,False,,,,,,,,,Pytorch,0.0,0.0
soumith,1151,https://github.com/soumith,User,False,,,,,,,,,Pytorch,0.0,0.0
gchanan,1084,https://github.com/gchanan,User,False,,,,,,,,,Pytorch,0.0,0.0
peterbell10,890,https://github.com/peterbell10,User,False,,,,,,,,,Pytorch,0.0,0.0
apaszke,886,https://github.com/apaszke,User,False,,,,,,,,,Pytorch,0.0,0.0
cyyever,798,https://github.com/cyyever,User,False,,,,,,,,,Pytorch,0.0,0.0
suo,792,https://github.com/suo,User,False,,,,,,,,,Pytorch,0.0,0.0
Chillee,750,https://github.com/Chillee,User,False,,,,,,,,,Pytorch,0.0,0.0
zdevito,732,https://github.com/zdevito,User,False,,,,,,,,,Pytorch,0.0,0.0
rohan-varma,679,https://github.com/rohan-varma,User,False,,,,,,,,,Pytorch,0.0,0.0
anijain2305,637,https://github.com/anijain2305,User,False,,,,,,,,,Pytorch,0.0,0.0
colesbury,630,https://github.com/colesbury,User,False,,,,,,,,,Pytorch,0.0,0.0
janeyx99,611,https://github.com/janeyx99,User,False,,,,,,,,,Pytorch,0.0,0.0
albanD,592,https://github.com/albanD,User,False,,,,,,,,,Pytorch,0.0,0.0
awgu,548,https://github.com/awgu,User,False,,,,,,,,,Pytorch,0.0,0.0
jansel,545,https://github.com/jansel,User,False,,,,,,,,,Pytorch,0.0,0.0
smessmer,545,https://github.com/smessmer,User,False,,,,,,,,,Pytorch,0.0,0.0
swolchok,540,https://github.com/swolchok,User,False,,,,,,,,,Pytorch,0.0,0.0
desertfire,528,https://github.com/desertfire,User,False,,,,,,,,,Pytorch,0.0,0.0
kshitij12345,508,https://github.com/kshitij12345,User,False,,,,,,,,,Pytorch,0.0,0.0
huydhn,504,https://github.com/huydhn,User,False,,,,,,,,,Pytorch,0.0,0.0
Yangqing,498,https://github.com/Yangqing,User,False,,,,,,,,,Pytorch,0.0,0.0
vkuzo,485,https://github.com/vkuzo,User,False,,,,,,,,,Pytorch,0.0,0.0
bdhirsh,477,https://github.com/bdhirsh,User,False,,,,,,,,,Pytorch,0.0,0.0
wanchaol,457,https://github.com/wanchaol,User,False,,,,,,,,,Pytorch,0.0,0.0
ssnl,454,https://github.com/ssnl,User,False,,,,,,,,,Pytorch,0.0,0.0
BowenBao,439,https://github.com/BowenBao,User,False,,,,,,,,,Pytorch,0.0,0.0
zasdfgbnm,435,https://github.com/zasdfgbnm,User,False,,,,,,,,,Pytorch,0.0,0.0
clee2000,430,https://github.com/clee2000,User,False,,,,,,,,,Pytorch,0.0,0.0
eellison,421,https://github.com/eellison,User,False,,,,,,,,,Pytorch,0.0,0.0
mrshenli,411,https://github.com/mrshenli,User,False,,,,,,,,,Pytorch,0.0,0.0
pietern,391,https://github.com/pietern,User,False,,,,,,,,,Pytorch,0.0,0.0
seemethere,390,https://github.com/seemethere,User,False,,,,,,,,,Pytorch,0.0,0.0
r-barnes,383,https://github.com/r-barnes,User,False,,,,,,,,,Pytorch,0.0,0.0
bwasti,375,https://github.com/bwasti,User,False,,,,,,,,,Pytorch,0.0,0.0
houseroad,374,https://github.com/houseroad,User,False,,,,,,,,,Pytorch,0.0,0.0
lezcano,370,https://github.com/lezcano,User,False,,,,,,,,,Pytorch,0.0,0.0
bddppq,366,https://github.com/bddppq,User,False,,,,,,,,,Pytorch,0.0,0.0
angelayi,356,https://github.com/angelayi,User,False,,,,,,,,,Pytorch,0.0,0.0
soulitzer,356,https://github.com/soulitzer,User,False,,,,,,,,,Pytorch,0.0,0.0
wconstab,354,https://github.com/wconstab,User,False,,,,,,,,,Pytorch,0.0,0.0
mlazos,326,https://github.com/mlazos,User,False,,,,,,,,,Pytorch,0.0,0.0
yanboliang,325,https://github.com/yanboliang,User,False,,,,,,,,,Pytorch,0.0,0.0
peterjc123,323,https://github.com/peterjc123,User,False,,,,,,,,,Pytorch,0.0,0.0
goldsborough,312,https://github.com/goldsborough,User,False,,,,,,,,,Pytorch,0.0,0.0
xuhdev,309,https://github.com/xuhdev,User,False,,,,,,,,,Pytorch,0.0,0.0
tugsbayasgalan,303,https://github.com/tugsbayasgalan,User,False,,,,,,,,,Pytorch,0.0,0.0
drisspg,301,https://github.com/drisspg,User,False,,,,,,,,,Pytorch,0.0,0.0
jbschlosser,295,https://github.com/jbschlosser,User,False,,,,,,,,,Pytorch,0.0,0.0
onnxbot,292,https://github.com/onnxbot,User,False,,,,,,,,,Pytorch,0.0,0.0
davidberard98,290,https://github.com/davidberard98,User,False,,,,,,,,,Pytorch,0.0,0.0
eqy,279,https://github.com/eqy,User,False,,,,,,,,,Pytorch,0.0,0.0
atalman,279,https://github.com/atalman,User,False,,,,,,,,,Pytorch,0.0,0.0
williamwen42,271,https://github.com/williamwen42,User,False,,,,,,,,,Pytorch,0.0,0.0
Skylion007,269,https://github.com/Skylion007,User,False,,,,,,,,,Pytorch,0.0,0.0
Krovatkin,265,https://github.com/Krovatkin,User,False,,,,,,,,,Pytorch,0.0,0.0
XuehaiPan,264,https://github.com/XuehaiPan,User,False,,,,,,,,,Pytorch,0.0,0.0
bertmaher,249,https://github.com/bertmaher,User,False,,,,,,,,,Pytorch,0.0,0.0
supriyar,241,https://github.com/supriyar,User,False,,,,,,,,,Pytorch,0.0,0.0
jeffdaily,239,https://github.com/jeffdaily,User,False,,,,,,,,,Pytorch,0.0,0.0
pritamdamania,239,https://github.com/pritamdamania,User,False,,,,,,,,,Pytorch,0.0,0.0
mikaylagawarecki,237,https://github.com/mikaylagawarecki,User,False,,,,,,,,,Pytorch,0.0,0.0
fegin,236,https://github.com/fegin,User,False,,,,,,,,,Pytorch,0.0,0.0
IvanYashchuk,236,https://github.com/IvanYashchuk,User,False,,,,,,,,,Pytorch,0.0,0.0
lw,236,https://github.com/lw,User,False,,,,,,,,,Pytorch,0.0,0.0
IvanKobzarev,233,https://github.com/IvanKobzarev,User,False,,,,,,,,,Pytorch,0.0,0.0
XiaobingSuper,233,https://github.com/XiaobingSuper,User,False,,,,,,,,,Pytorch,0.0,0.0
ydwu4,228,https://github.com/ydwu4,User,False,,,,,,,,,Pytorch,0.0,0.0
pytorchupdatebot,223,https://github.com/pytorchupdatebot,User,False,,,,,,,,,Pytorch,0.0,0.0
oulgen,220,https://github.com/oulgen,User,False,,,,,,,,,Pytorch,0.0,0.0
anjali411,218,https://github.com/anjali411,User,False,,,,,,,,,Pytorch,0.0,0.0
jspark1105,217,https://github.com/jspark1105,User,False,,,,,,,,,Pytorch,0.0,0.0
kimishpatel,216,https://github.com/kimishpatel,User,False,,,,,,,,,Pytorch,0.0,0.0
kit1980,211,https://github.com/kit1980,User,False,,,,,,,,,Pytorch,0.0,0.0
leslie-fang-intel,206,https://github.com/leslie-fang-intel,User,False,,,,,,,,,Pytorch,0.0,0.0
wz337,205,https://github.com/wz337,User,False,,,,,,,,,Pytorch,0.0,0.0
killeent,204,https://github.com/killeent,User,False,,,,,,,,,Pytorch,0.0,0.0
zhxchen17,198,https://github.com/zhxchen17,User,False,,,,,,,,,Pytorch,0.0,0.0
kurtamohler,195,https://github.com/kurtamohler,User,False,,,,,,,,,Pytorch,0.0,0.0
ljk53,192,https://github.com/ljk53,User,False,,,,,,,,,Pytorch,0.0,0.0
kwen2501,189,https://github.com/kwen2501,User,False,,,,,,,,,Pytorch,0.0,0.0
pearu,189,https://github.com/pearu,User,False,,,,,,,,,Pytorch,0.0,0.0
shunting314,187,https://github.com/shunting314,User,False,,,,,,,,,Pytorch,0.0,0.0
justinchuby,187,https://github.com/justinchuby,User,False,,,,,,,,,Pytorch,0.0,0.0
aorenste,186,https://github.com/aorenste,User,False,,,,,,,,,Pytorch,0.0,0.0
vfdev-5,182,https://github.com/vfdev-5,User,False,,,,,,,,,Pytorch,0.0,0.0
bobrenjc93,180,https://github.com/bobrenjc93,User,False,,,,,,,,,Pytorch,0.0,0.0
voznesenskym,180,https://github.com/voznesenskym,User,False,,,,,,,,,Pytorch,0.0,0.0
H-Huang,179,https://github.com/H-Huang,User,False,,,,,,,,,Pytorch,0.0,0.0
vishwakftw,177,https://github.com/vishwakftw,User,False,,,,,,,,,Pytorch,0.0,0.0
t-vi,175,https://github.com/t-vi,User,False,,,,,,,,,Pytorch,0.0,0.0
z-a-f,171,https://github.com/z-a-f,User,False,,,,,,,,,Pytorch,0.0,0.0
jjsjann123,171,https://github.com/jjsjann123,User,False,,,,,,,,,Pytorch,0.0,0.0
fduwjj,171,https://github.com/fduwjj,User,False,,,,,,,,,Pytorch,0.0,0.0
mingzhe09088,169,https://github.com/mingzhe09088,User,False,,,,,,,,,Pytorch,0.0,0.0
masnesral,164,https://github.com/masnesral,User,False,,,,,,,,,Pytorch,0.0,0.0
yifuwang,163,https://github.com/yifuwang,User,False,,,,,,,,,Pytorch,0.0,0.0
xta0,163,https://github.com/xta0,User,False,,,,,,,,,Pytorch,0.0,0.0
yf225,162,https://github.com/yf225,User,False,,,,,,,,,Pytorch,0.0,0.0
nkaretnikov,161,https://github.com/nkaretnikov,User,False,,,,,,,,,Pytorch,0.0,0.0
cpuhrsch,161,https://github.com/cpuhrsch,User,False,,,,,,,,,Pytorch,0.0,0.0
titaiwangms,158,https://github.com/titaiwangms,User,False,,,,,,,,,Pytorch,0.0,0.0
pjh5,158,https://github.com/pjh5,User,False,,,,,,,,,Pytorch,0.0,0.0
VitalyFedyunin,154,https://github.com/VitalyFedyunin,User,False,,,,,,,,,Pytorch,0.0,0.0
xiaomengy,152,https://github.com/xiaomengy,User,False,,,,,,,,,Pytorch,0.0,0.0
pbelevich,150,https://github.com/pbelevich,User,False,,,,,,,,,Pytorch,0.0,0.0
samestep,148,https://github.com/samestep,User,False,,,,,,,,,Pytorch,0.0,0.0
ysiraichi,148,https://github.com/ysiraichi,User,False,,,,,,,,,Pytorch,0.0,0.0
qqaatw,148,https://github.com/qqaatw,User,False,,,,,,,,,Pytorch,0.0,0.0
SherlockNoMad,147,https://github.com/SherlockNoMad,User,False,,,,,,,,,Pytorch,0.0,0.0
ejguan,147,https://github.com/ejguan,User,False,,,,,,,,,Pytorch,0.0,0.0
facebook-github-bot,142,https://github.com/facebook-github-bot,User,False,,,,,,,,,Pytorch,0.0,0.0
andresy,140,https://github.com/andresy,User,False,,,,,,,,,Pytorch,0.0,0.0
pmeier,139,https://github.com/pmeier,User,False,,,,,,,,,Pytorch,0.0,0.0
guangyey,138,https://github.com/guangyey,User,False,,,,,,,,,Pytorch,0.0,0.0
navahgar,136,https://github.com/navahgar,User,False,,,,,,,,,Pytorch,0.0,0.0
xmfan,136,https://github.com/xmfan,User,False,,,,,,,,,Pytorch,0.0,0.0
nikitaved,136,https://github.com/nikitaved,User,False,,,,,,,,,Pytorch,0.0,0.0
dreiss,134,https://github.com/dreiss,User,False,,,,,,,,,Pytorch,0.0,0.0
orionr,131,https://github.com/orionr,User,False,,,,,,,,,Pytorch,0.0,0.0
avikchaudhuri,130,https://github.com/avikchaudhuri,User,False,,,,,,,,,Pytorch,0.0,0.0
ZainRizvi,130,https://github.com/ZainRizvi,User,False,,,,,,,,,Pytorch,0.0,0.0
zhaojuanmao,128,https://github.com/zhaojuanmao,User,False,,,,,,,,,Pytorch,0.0,0.0
xuhancn,121,https://github.com/xuhancn,User,False,,,,,,,,,Pytorch,0.0,0.0
mingfeima,121,https://github.com/mingfeima,User,False,,,,,,,,,Pytorch,0.0,0.0
guilhermeleobas,120,https://github.com/guilhermeleobas,User,False,,,,,,,,,Pytorch,0.0,0.0
int3,116,https://github.com/int3,User,False,,,,,,,,,Pytorch,0.0,0.0
osalpekar,113,https://github.com/osalpekar,User,False,,,,,,,,,Pytorch,0.0,0.0
xwang233,111,https://github.com/xwang233,User,False,,,,,,,,,Pytorch,0.0,0.0
SS-JIA,111,https://github.com/SS-JIA,User,False,,,,,,,,,Pytorch,0.0,0.0
crcrpar,110,https://github.com/crcrpar,User,False,,,,,,,,,Pytorch,0.0,0.0
NivekT,110,https://github.com/NivekT,User,False,,,,,,,,,Pytorch,0.0,0.0
CaoE,109,https://github.com/CaoE,User,False,,,,,,,,,Pytorch,0.0,0.0
yushangdi,109,https://github.com/yushangdi,User,False,,,,,,,,,Pytorch,0.0,0.0
chunyuan-w,106,https://github.com/chunyuan-w,User,False,,,,,,,,,Pytorch,0.0,0.0
jon-chuang,104,https://github.com/jon-chuang,User,False,,,,,,,,,Pytorch,0.0,0.0
xw285cornell,103,https://github.com/xw285cornell,User,False,,,,,,,,,Pytorch,0.0,0.0
andrewor14,103,https://github.com/andrewor14,User,False,,,,,,,,,Pytorch,0.0,0.0
isuruf,101,https://github.com/isuruf,User,False,,,,,,,,,Pytorch,0.0,0.0
lukeyeager,100,https://github.com/lukeyeager,User,False,,,,,,,,,Pytorch,0.0,0.0
jianyuh,99,https://github.com/jianyuh,User,False,,,,,,,,,Pytorch,0.0,0.0
linbinyu,99,https://github.com/linbinyu,User,False,,,,,,,,,Pytorch,0.0,0.0
HDCharles,97,https://github.com/HDCharles,User,False,,,,,,,,,Pytorch,0.0,0.0
XilunWu,96,https://github.com/XilunWu,User,False,,,,,,,,,Pytorch,0.0,0.0
anderspapitto,95,https://github.com/anderspapitto,User,False,,,,,,,,,Pytorch,0.0,0.0
gmagogsfm,93,https://github.com/gmagogsfm,User,False,,,,,,,,,Pytorch,0.0,0.0
FFFrog,93,https://github.com/FFFrog,User,False,,,,,,,,,Pytorch,0.0,0.0
heitorschueroff,92,https://github.com/heitorschueroff,User,False,,,,,,,,,Pytorch,0.0,0.0
pianpwk,90,https://github.com/pianpwk,User,False,,,,,,,,,Pytorch,0.0,0.0
laithsakka,89,https://github.com/laithsakka,User,False,,,,,,,,,Pytorch,0.0,0.0
salexspb,89,https://github.com/salexspb,User,False,,,,,,,,,Pytorch,0.0,0.0
dzdang,88,https://github.com/dzdang,User,False,,,,,,,,,Pytorch,0.0,0.0
cccclai,87,https://github.com/cccclai,User,False,,,,,,,,,Pytorch,0.0,0.0
slayton58,87,https://github.com/slayton58,User,False,,,,,,,,,Pytorch,0.0,0.0
neginraoof,87,https://github.com/neginraoof,User,False,,,,,,,,,Pytorch,0.0,0.0
842974287,86,https://github.com/842974287,User,False,,,,,,,,,Pytorch,0.0,0.0
jamesjwu,85,https://github.com/jamesjwu,User,False,,,,,,,,,Pytorch,0.0,0.0
Xia-Weiwen,85,https://github.com/Xia-Weiwen,User,False,,,,,,,,,Pytorch,0.0,0.0
jithunnair-amd,85,https://github.com/jithunnair-amd,User,False,,,,,,,,,Pytorch,0.0,0.0
PaliC,83,https://github.com/PaliC,User,False,,,,,,,,,Pytorch,0.0,0.0
dhruvbird,83,https://github.com/dhruvbird,User,False,,,,,,,,,Pytorch,0.0,0.0
d4l3k,83,https://github.com/d4l3k,User,False,,,,,,,,,Pytorch,0.0,0.0
xush6528,81,https://github.com/xush6528,User,False,,,,,,,,,Pytorch,0.0,0.0
jiayisunx,79,https://github.com/jiayisunx,User,False,,,,,,,,,Pytorch,0.0,0.0
Gamrix,79,https://github.com/Gamrix,User,False,,,,,,,,,Pytorch,0.0,0.0
StrongerXi,78,https://github.com/StrongerXi,User,False,,,,,,,,,Pytorch,0.0,0.0
iotamudelta,78,https://github.com/iotamudelta,User,False,,,,,,,,,Pytorch,0.0,0.0
iseeyuan,77,https://github.com/iseeyuan,User,False,,,,,,,,,Pytorch,0.0,0.0
kittipatv,76,https://github.com/kittipatv,User,False,,,,,,,,,Pytorch,0.0,0.0
clementfarabet,72,https://github.com/clementfarabet,User,False,,,,,,,,,Pytorch,0.0,0.0
etaf,71,https://github.com/etaf,User,False,,,,,,,,,Pytorch,0.0,0.0
harouwu,71,https://github.com/harouwu,User,False,,,,,,,,,Pytorch,0.0,0.0
EikanWang,71,https://github.com/EikanWang,User,False,,,,,,,,,Pytorch,0.0,0.0
andreaskoepf,70,https://github.com/andreaskoepf,User,False,,,,,,,,,Pytorch,0.0,0.0
teng-li,69,https://github.com/teng-li,User,False,,,,,,,,,Pytorch,0.0,0.0
koraykv,69,https://github.com/koraykv,User,False,,,,,,,,,Pytorch,0.0,0.0
AlekseiNikiforovIBM,67,https://github.com/AlekseiNikiforovIBM,User,False,,,,,,,,,Pytorch,0.0,0.0
ifedan,67,https://github.com/ifedan,User,False,,,,,,,,,Pytorch,0.0,0.0
Valentine233,66,https://github.com/Valentine233,User,False,,,,,,,,,Pytorch,0.0,0.0
kennyhorror,66,https://github.com/kennyhorror,User,False,,,,,,,,,Pytorch,0.0,0.0
nickgg,66,https://github.com/nickgg,User,False,,,,,,,,,Pytorch,0.0,0.0
mcarilli,66,https://github.com/mcarilli,User,False,,,,,,,,,Pytorch,0.0,0.0
jjlilley,65,https://github.com/jjlilley,User,False,,,,,,,,,Pytorch,0.0,0.0
izdeby,65,https://github.com/izdeby,User,False,,,,,,,,,Pytorch,0.0,0.0
khushi-411,65,https://github.com/khushi-411,User,False,,,,,,,,,Pytorch,0.0,0.0
cbalioglu,65,https://github.com/cbalioglu,User,False,,,,,,,,,Pytorch,0.0,0.0
kiszk,63,https://github.com/kiszk,User,False,,,,,,,,,Pytorch,0.0,0.0
thomasjpfan,63,https://github.com/thomasjpfan,User,False,,,,,,,,,Pytorch,0.0,0.0
fmassa,63,https://github.com/fmassa,User,False,,,,,,,,,Pytorch,0.0,0.0
raghuramank100,62,https://github.com/raghuramank100,User,False,,,,,,,,,Pytorch,0.0,0.0
Aidyn-A,61,https://github.com/Aidyn-A,User,False,,,,,,,,,Pytorch,0.0,0.0
DenisVieriu97,61,https://github.com/DenisVieriu97,User,False,,,,,,,,,Pytorch,0.0,0.0
razarmehr,61,https://github.com/razarmehr,User,False,,,,,,,,,Pytorch,0.0,0.0
migeed-z,60,https://github.com/migeed-z,User,False,,,,,,,,,Pytorch,0.0,0.0
aakhundov,60,https://github.com/aakhundov,User,False,,,,,,,,,Pytorch,0.0,0.0
d1jang,60,https://github.com/d1jang,User,False,,,,,,,,,Pytorch,0.0,0.0
sf-wind,60,https://github.com/sf-wind,User,False,,,,,,,,,Pytorch,0.0,0.0
rec,60,https://github.com/rec,User,False,,,,,,,,,Pytorch,0.0,0.0
VirrageS,59,https://github.com/VirrageS,User,False,,,,,,,,,Pytorch,0.0,0.0
aaronenyeshi,59,https://github.com/aaronenyeshi,User,False,,,,,,,,,Pytorch,0.0,0.0
shuqiangzhang,58,https://github.com/shuqiangzhang,User,False,,,,,,,,,Pytorch,0.0,0.0
dskhudia,57,https://github.com/dskhudia,User,False,,,,,,,,,Pytorch,0.0,0.0
driazati,57,https://github.com/driazati,User,False,,,,,,,,,Pytorch,0.0,0.0
zhuhaozhe,57,https://github.com/zhuhaozhe,User,False,,,,,,,,,Pytorch,0.0,0.0
salilsdesai,57,https://github.com/salilsdesai,User,False,,,,,,,,,Pytorch,0.0,0.0
aazzolini,57,https://github.com/aazzolini,User,False,,,,,,,,,Pytorch,0.0,0.0
JacobSzwejbka,57,https://github.com/JacobSzwejbka,User,False,,,,,,,,,Pytorch,0.0,0.0
huiguoo,57,https://github.com/huiguoo,User,False,,,,,,,,,Pytorch,0.0,0.0
ColinPeppler,57,https://github.com/ColinPeppler,User,False,,,,,,,,,Pytorch,0.0,0.0
amjames,56,https://github.com/amjames,User,False,,,,,,,,,Pytorch,0.0,0.0
yanbing-j,56,https://github.com/yanbing-j,User,False,,,,,,,,,Pytorch,0.0,0.0
BoyuanFeng,55,https://github.com/BoyuanFeng,User,False,,,,,,,,,Pytorch,0.0,0.0
Jokeren,55,https://github.com/Jokeren,User,False,,,,,,,,,Pytorch,0.0,0.0
kulinseth,55,https://github.com/kulinseth,User,False,,,,,,,,,Pytorch,0.0,0.0
mcr229,55,https://github.com/mcr229,User,False,,,,,,,,,Pytorch,0.0,0.0
sraikund16,55,https://github.com/sraikund16,User,False,,,,,,,,,Pytorch,0.0,0.0
mengluy0125,54,https://github.com/mengluy0125,User,False,,,,,,,,,Pytorch,0.0,0.0
qihqi,53,https://github.com/qihqi,User,False,,,,,,,,,Pytorch,0.0,0.0
xianjiec,53,https://github.com/xianjiec,User,False,,,,,,,,,Pytorch,0.0,0.0
LucasLLC,53,https://github.com/LucasLLC,User,False,,,,,,,,,Pytorch,0.0,0.0
lantiga,53,https://github.com/lantiga,User,False,,,,,,,,,Pytorch,0.0,0.0
ajyu,53,https://github.com/ajyu,User,False,,,,,,,,,Pytorch,0.0,0.0
Flamefire,53,https://github.com/Flamefire,User,False,,,,,,,,,Pytorch,0.0,0.0
shink,52,https://github.com/shink,User,False,,,,,,,,,Pytorch,0.0,0.0
larryliu0820,52,https://github.com/larryliu0820,User,False,,,,,,,,,Pytorch,0.0,0.0
dominikgrewe,52,https://github.com/dominikgrewe,User,False,,,,,,,,,Pytorch,0.0,0.0
c-p-i-o,52,https://github.com/c-p-i-o,User,False,,,,,,,,,Pytorch,0.0,0.0
csarofeen,51,https://github.com/csarofeen,User,False,,,,,,,,,Pytorch,0.0,0.0
mattip,51,https://github.com/mattip,User,False,,,,,,,,,Pytorch,0.0,0.0
nairbv,50,https://github.com/nairbv,User,False,,,,,,,,,Pytorch,0.0,0.0
sjeaugey,50,https://github.com/sjeaugey,User,False,,,,,,,,,Pytorch,0.0,0.0
benjaminglass1,49,https://github.com/benjaminglass1,User,False,,,,,,,,,Pytorch,0.0,0.0
chenyang78,48,https://github.com/chenyang78,User,False,,,,,,,,,Pytorch,0.0,0.0
Lilyjjo,47,https://github.com/Lilyjjo,User,False,,,,,,,,,Pytorch,0.0,0.0
vspenubarthi,47,https://github.com/vspenubarthi,User,False,,,,,,,,,Pytorch,0.0,0.0
krshrimali,47,https://github.com/krshrimali,User,False,,,,,,,,,Pytorch,0.0,0.0
jfix71,46,https://github.com/jfix71,User,False,,,,,,,,,Pytorch,0.0,0.0
jataylo,46,https://github.com/jataylo,User,False,,,,,,,,,Pytorch,0.0,0.0
chuanqi129,46,https://github.com/chuanqi129,User,False,,,,,,,,,Pytorch,0.0,0.0
jcaip,46,https://github.com/jcaip,User,False,,,,,,,,,Pytorch,0.0,0.0
viswanathgs,45,https://github.com/viswanathgs,User,False,,,,,,,,,Pytorch,0.0,0.0
duc0,45,https://github.com/duc0,User,False,,,,,,,,,Pytorch,0.0,0.0
lly-zero-one,44,https://github.com/lly-zero-one,User,False,,,,,,,,,Pytorch,0.0,0.0
csummersea,44,https://github.com/csummersea,User,False,,,,,,,,,Pytorch,0.0,0.0
zeshengzong,44,https://github.com/zeshengzong,User,False,,,,,,,,,Pytorch,0.0,0.0
aivanou,43,https://github.com/aivanou,User,False,,,,,,,,,Pytorch,0.0,0.0
ChunliF,43,https://github.com/ChunliF,User,False,,,,,,,,,Pytorch,0.0,0.0
fritzo,42,https://github.com/fritzo,User,False,,,,,,,,,Pytorch,0.0,0.0
rgommers,42,https://github.com/rgommers,User,False,,,,,,,,,Pytorch,0.0,0.0
chocjy,42,https://github.com/chocjy,User,False,,,,,,,,,Pytorch,0.0,0.0
c00w,41,https://github.com/c00w,User,False,,,,,,,,,Pytorch,0.0,0.0
mruberry,41,https://github.com/mruberry,User,False,,,,,,,,,Pytorch,0.0,0.0
Freey0,41,https://github.com/Freey0,User,False,,,,,,,,,Pytorch,0.0,0.0
dagitses,41,https://github.com/dagitses,User,False,,,,,,,,,Pytorch,0.0,0.0
alykhantejani,41,https://github.com/alykhantejani,User,False,,,,,,,,,Pytorch,0.0,0.0
muchulee8,41,https://github.com/muchulee8,User,False,,,,,,,,,Pytorch,0.0,0.0
jhcross,41,https://github.com/jhcross,User,False,,,,,,,,,Pytorch,0.0,0.0
nicholas-leonard,40,https://github.com/nicholas-leonard,User,False,,,,,,,,,Pytorch,0.0,0.0
syed-ahmed,40,https://github.com/syed-ahmed,User,False,,,,,,,,,Pytorch,0.0,0.0
dcci,39,https://github.com/dcci,User,False,,,,,,,,,Pytorch,0.0,0.0
iramazanli,39,https://github.com/iramazanli,User,False,,,,,,,,,Pytorch,0.0,0.0
xuzhao9,39,https://github.com/xuzhao9,User,False,,,,,,,,,Pytorch,0.0,0.0
li-roy,39,https://github.com/li-roy,User,False,,,,,,,,,Pytorch,0.0,0.0
andrewwdye,38,https://github.com/andrewwdye,User,False,,,,,,,,,Pytorch,0.0,0.0
Fuzzkatt,38,https://github.com/Fuzzkatt,User,False,,,,,,,,,Pytorch,0.0,0.0
min-jean-cho,37,https://github.com/min-jean-cho,User,False,,,,,,,,,Pytorch,0.0,0.0
adamlerer,37,https://github.com/adamlerer,User,False,,,,,,,,,Pytorch,0.0,0.0
kostmo,37,https://github.com/kostmo,User,False,,,,,,,,,Pytorch,0.0,0.0
digantdesai,37,https://github.com/digantdesai,User,False,,,,,,,,,Pytorch,0.0,0.0
zhouzhuojie,36,https://github.com/zhouzhuojie,User,False,,,,,,,,,Pytorch,0.0,0.0
weiyangfb,36,https://github.com/weiyangfb,User,False,,,,,,,,,Pytorch,0.0,0.0
gujinghui,36,https://github.com/gujinghui,User,False,,,,,,,,,Pytorch,0.0,0.0
szagoruyko,36,https://github.com/szagoruyko,User,False,,,,,,,,,Pytorch,0.0,0.0
v0dro,36,https://github.com/v0dro,User,False,,,,,,,,,Pytorch,0.0,0.0
definitelynotmcarilli,35,https://github.com/definitelynotmcarilli,User,False,,,,,,,,,Pytorch,0.0,0.0
zengk95,35,https://github.com/zengk95,User,False,,,,,,,,,Pytorch,0.0,0.0
ev-br,35,https://github.com/ev-br,User,False,,,,,,,,,Pytorch,0.0,0.0
imaginary-person,35,https://github.com/imaginary-person,User,False,,,,,,,,,Pytorch,0.0,0.0
alexsamardzic,34,https://github.com/alexsamardzic,User,False,,,,,,,,,Pytorch,0.0,0.0
xcheng16,34,https://github.com/xcheng16,User,False,,,,,,,,,Pytorch,0.0,0.0
henrylhtsang,34,https://github.com/henrylhtsang,User,False,,,,,,,,,Pytorch,0.0,0.0
ShawnZhong,33,https://github.com/ShawnZhong,User,False,,,,,,,,,Pytorch,0.0,0.0
macandro96,33,https://github.com/macandro96,User,False,,,,,,,,,Pytorch,0.0,0.0
pavithranrao,33,https://github.com/pavithranrao,User,False,,,,,,,,,Pytorch,0.0,0.0
manuelcandales,33,https://github.com/manuelcandales,User,False,,,,,,,,,Pytorch,0.0,0.0
george-qi,33,https://github.com/george-qi,User,False,,,,,,,,,Pytorch,0.0,0.0
wesolwsk,33,https://github.com/wesolwsk,User,False,,,,,,,,,Pytorch,0.0,0.0
mszhanyi,32,https://github.com/mszhanyi,User,False,,,,,,,,,Pytorch,0.0,0.0
ngimel,32,https://github.com/ngimel,User,False,,,,,,,,,Pytorch,0.0,0.0
jaglinux,32,https://github.com/jaglinux,User,False,,,,,,,,,Pytorch,0.0,0.0
simpkins,32,https://github.com/simpkins,User,False,,,,,,,,,Pytorch,0.0,0.0
zrphercule,32,https://github.com/zrphercule,User,False,,,,,,,,,Pytorch,0.0,0.0
AlnisM,31,https://github.com/AlnisM,User,False,,,,,,,,,Pytorch,0.0,0.0
kadeng,31,https://github.com/kadeng,User,False,,,,,,,,,Pytorch,0.0,0.0
venkatacrc,31,https://github.com/venkatacrc,User,False,,,,,,,,,Pytorch,0.0,0.0
JackCaoG,31,https://github.com/JackCaoG,User,False,,,,,,,,,Pytorch,0.0,0.0
rohithkrn,30,https://github.com/rohithkrn,User,False,,,,,,,,,Pytorch,0.0,0.0
wschin,30,https://github.com/wschin,User,False,,,,,,,,,Pytorch,0.0,0.0
sinhaanshul,30,https://github.com/sinhaanshul,User,False,,,,,,,,,Pytorch,0.0,0.0
DanilBaibak,29,https://github.com/DanilBaibak,User,False,,,,,,,,,Pytorch,0.0,0.0
blzheng,29,https://github.com/blzheng,User,False,,,,,,,,,Pytorch,0.0,0.0
tringwald,29,https://github.com/tringwald,User,False,,,,,,,,,Pytorch,0.0,0.0
msaroufim,29,https://github.com/msaroufim,User,False,,,,,,,,,Pytorch,0.0,0.0
zrphercule2,28,https://github.com/zrphercule2,User,False,,,,,,,,,Pytorch,0.0,0.0
tinglvv,28,https://github.com/tinglvv,User,False,,,,,,,,,Pytorch,0.0,0.0
weiwangmeta,28,https://github.com/weiwangmeta,User,False,,,,,,,,,Pytorch,0.0,0.0
EscapeZero,28,https://github.com/EscapeZero,User,False,,,,,,,,,Pytorch,0.0,0.0
jiashenC,28,https://github.com/jiashenC,User,False,,,,,,,,,Pytorch,0.0,0.0
jeanschmidt,28,https://github.com/jeanschmidt,User,False,,,,,,,,,Pytorch,0.0,0.0
asuhan,27,https://github.com/asuhan,User,False,,,,,,,,,Pytorch,0.0,0.0
RockingJavaBean,27,https://github.com/RockingJavaBean,User,False,,,,,,,,,Pytorch,0.0,0.0
nmacchioni,27,https://github.com/nmacchioni,User,False,,,,,,,,,Pytorch,0.0,0.0
ringohoffman,27,https://github.com/ringohoffman,User,False,,,,,,,,,Pytorch,0.0,0.0
Maratyszcza,27,https://github.com/Maratyszcza,User,False,,,,,,,,,Pytorch,0.0,0.0
KsenijaS,27,https://github.com/KsenijaS,User,False,,,,,,,,,Pytorch,0.0,0.0
asl3,26,https://github.com/asl3,User,False,,,,,,,,,Pytorch,0.0,0.0
lanpa,26,https://github.com/lanpa,User,False,,,,,,,,,Pytorch,0.0,0.0
izaitsevfb,26,https://github.com/izaitsevfb,User,False,,,,,,,,,Pytorch,0.0,0.0
hl475,26,https://github.com/hl475,User,False,,,,,,,,,Pytorch,0.0,0.0
garymm,26,https://github.com/garymm,User,False,,,,,,,,,Pytorch,0.0,0.0
1ntEgr8,26,https://github.com/1ntEgr8,User,False,,,,,,,,,Pytorch,0.0,0.0
benzyx,26,https://github.com/benzyx,User,False,,,,,,,,,Pytorch,0.0,0.0
agolynski,26,https://github.com/agolynski,User,False,,,,,,,,,Pytorch,0.0,0.0
ailzhang,25,https://github.com/ailzhang,User,False,,,,,,,,,Pytorch,0.0,0.0
akfidjeland,25,https://github.com/akfidjeland,User,False,,,,,,,,,Pytorch,0.0,0.0
antoniojkim,25,https://github.com/antoniojkim,User,False,,,,,,,,,Pytorch,0.0,0.0
kazhou,25,https://github.com/kazhou,User,False,,,,,,,,,Pytorch,0.0,0.0
rustdesk,4142,https://github.com/rustdesk,User,False,1610.0,30.0,30.0,30,9,5664,90871,False,rustdesk,1.0,4.41
fufesou,1354,https://github.com/fufesou,User,False,3489.0,30.0,30.0,30,30,86,1,False,rustdesk,1.0,9.56
21pages,872,https://github.com/21pages,User,False,3429.0,30.0,30.0,30,30,38,6,False,rustdesk,1.0,9.39
Kingtous,518,https://github.com/Kingtous,User,False,2454.0,30.0,30.0,20,30,212,12,False,rustdesk,1.0,6.72
Heap-Hop,429,https://github.com/Heap-Hop,User,False,1800.0,30.0,30.0,7,26,47,6,False,rustdesk,1.0,4.93
dignow,259,https://github.com/dignow,User,False,619.0,30.0,30.0,1,15,4,1,False,rustdesk,1.0,1.7
beelchester,127,https://github.com/beelchester,User,False,1581.0,30.0,30.0,21,30,28,23,False,rustdesk,1.0,4.33
Mr-Update,120,https://github.com/Mr-Update,User,False,2520.0,30.0,30.0,13,30,6,0,False,rustdesk,1.0,6.9
NicKoehler,118,https://github.com/NicKoehler,User,False,2041.0,30.0,30.0,28,30,32,354,False,rustdesk,1.0,5.59
grummbeer,100,https://github.com/grummbeer,User,False,1690.0,30.0,30.0,29,7,1,0,False,rustdesk,1.0,4.63
bovirus,93,https://github.com/bovirus,User,False,4814.0,0.0,0.0,0,30,89,6,False,rustdesk,0.0,13.19
flusheDData,91,https://github.com/flusheDData,User,False,843.0,0.0,0.0,0,1,1,0,False,rustdesk,0.0,2.31
solokot,89,https://github.com/solokot,User,False,2946.0,0.0,0.0,0,26,74,5,False,rustdesk,0.0,8.07
open-trade,81,https://github.com/open-trade,User,False,2390.0,0.0,0.0,0,30,45,248,False,rustdesk,0.0,6.55
tsarmis,78,https://github.com/tsarmis,User,False,715.0,0.0,0.0,0,11,2,0,False,rustdesk,0.0,1.96
botanicvelious,71,https://github.com/botanicvelious,User,False,4159.0,0.0,0.0,0,28,15,7,False,rustdesk,0.0,11.39
jxdv,61,https://github.com/jxdv,User,False,592.0,0.0,0.0,0,30,15,8,False,rustdesk,0.0,1.62
ClSlaid,59,https://github.com/ClSlaid,User,False,2297.0,0.0,0.0,0,30,129,4,False,rustdesk,0.0,6.29
jsoref,56,https://github.com/jsoref,User,False,4575.0,0.0,0.0,0,30,575,26,False,rustdesk,0.0,12.53
basilgello,53,https://github.com/basilgello,User,False,4352.0,0.0,30.0,30,29,22,22,False,rustdesk,0.0,11.92
BestiaPL,45,https://github.com/BestiaPL,User,False,2902.0,30.0,30.0,30,19,5,0,False,rustdesk,1.0,7.95
mehdi-song,41,https://github.com/mehdi-song,User,False,3170.0,30.0,30.0,14,16,1,0,False,rustdesk,1.0,8.68
Kleofass,41,https://github.com/Kleofass,User,False,4343.0,0.0,0.0,0,0,0,0,False,rustdesk,0.0,11.9
xalt7x,33,https://github.com/xalt7x,User,False,2300.0,30.0,30.0,30,30,1,0,False,rustdesk,1.0,6.3
xlionjuan,30,https://github.com/xlionjuan,User,False,2950.0,30.0,30.0,30,30,9,0,False,rustdesk,1.0,8.08
cacing69,28,https://github.com/cacing69,User,False,2566.0,30.0,30.0,30,22,24,18,False,rustdesk,1.0,7.03
mcfans,27,https://github.com/mcfans,User,False,3420.0,8.0,5.0,5,30,17,1,False,rustdesk,0.625,9.37
sj6219,21,https://github.com/sj6219,User,False,4386.0,22.0,8.0,13,30,11,1,False,rustdesk,0.36363636363636365,12.02
jimmyGALLAND,21,https://github.com/jimmyGALLAND,User,False,1758.0,30.0,30.0,1,27,9,13,False,rustdesk,1.0,4.82
chenbaiyu0414,19,https://github.com/chenbaiyu0414,User,False,3341.0,17.0,0.0,0,26,22,25,False,rustdesk,0.0,9.15
deep-soft,16,https://github.com/deep-soft,User,False,3688.0,0.0,0.0,0,30,6,0,False,rustdesk,0.0,10.1
akhildevelops,16,https://github.com/akhildevelops,User,False,3993.0,0.0,0.0,0,30,36,162,False,rustdesk,0.0,10.94
Integral-Tech,16,https://github.com/Integral-Tech,User,False,1619.0,0.0,0.0,0,30,181,12,False,rustdesk,0.0,4.44
SoLongAndThanksForAllThePizza,15,https://github.com/SoLongAndThanksForAllThePizza,User,False,1039.0,0.0,0.0,0,2,0,5,False,rustdesk,0.0,2.85
leroyloren,14,https://github.com/leroyloren,User,False,1924.0,0.0,0.0,0,12,0,0,False,rustdesk,0.0,5.27
neogalaxy88,14,https://github.com/neogalaxy88,User,False,3100.0,0.0,0.0,0,1,0,0,False,rustdesk,0.0,8.49
SergeyMy,13,https://github.com/SergeyMy,User,False,665.0,0.0,0.0,0,7,1,0,False,rustdesk,0.0,1.82
dinger1986,11,https://github.com/dinger1986,User,False,3966.0,0.0,0.0,0,21,32,100,False,rustdesk,0.0,10.87
Agent-JY,10,https://github.com/Agent-JY,User,False,3226.0,0.0,0.0,0,2,0,0,False,rustdesk,0.0,8.84
MrVinyla,9,https://github.com/MrVinyla,User,False,1979.0,6.0,4.0,3,1,0,0,False,rustdesk,0.6666666666666666,5.42
crwusiz,9,https://github.com/crwusiz,User,False,2347.0,30.0,30.0,4,11,34,71,False,rustdesk,1.0,6.43
SnmzMert,8,https://github.com/SnmzMert,User,False,938.0,17.0,12.0,1,20,1,0,False,rustdesk,0.7058823529411765,2.57
64kramsystem,8,https://github.com/64kramsystem,User,False,4705.0,30.0,30.0,30,30,90,28,False,rustdesk,1.0,12.89
xxrlzzz,8,https://github.com/xxrlzzz,User,False,2418.0,30.0,28.0,14,30,8,32,False,rustdesk,0.9333333333333333,6.62
ViktorOn,8,https://github.com/ViktorOn,User,False,1766.0,30.0,30.0,10,30,25,0,False,rustdesk,1.0,4.84
KoxSosen,8,https://github.com/KoxSosen,User,False,1689.0,30.0,30.0,30,30,14,7,False,rustdesk,1.0,4.63
chiehw,8,https://github.com/chiehw,User,False,1096.0,30.0,30.0,12,11,32,10,False,rustdesk,1.0,3.0
twmsh,7,https://github.com/twmsh,User,False,3783.0,3.0,2.0,4,8,1,1,False,rustdesk,0.6666666666666666,10.36
stamepicmorg,7,https://github.com/stamepicmorg,User,False,4791.0,30.0,30.0,0,1,51,4,False,rustdesk,1.0,13.13
LaiYueTing,7,https://github.com/LaiYueTing,User,False,2023.0,0.0,0.0,0,10,3,0,False,rustdesk,0.0,5.54
varghesejose2020,7,https://github.com/varghesejose2020,User,False,1609.0,0.0,0.0,0,30,13,0,False,rustdesk,0.0,4.41
7th-fret,7,https://github.com/7th-fret,User,False,1313.0,0.0,0.0,0,15,1,0,False,rustdesk,0.0,3.6
jboban,7,https://github.com/jboban,User,False,3606.0,0.0,0.0,0,4,1,1,False,rustdesk,0.0,9.88
hatamiarash7,7,https://github.com/hatamiarash7,User,False,3350.0,0.0,0.0,0,30,328,29,False,rustdesk,0.0,9.18
RijckAlex,7,https://github.com/RijckAlex,User,False,161.0,0.0,0.0,0,7,0,0,False,rustdesk,0.0,0.44
ivanbea,6,https://github.com/ivanbea,User,False,3549.0,0.0,0.0,0,0,3,0,False,rustdesk,0.0,9.72
jkh0kr,6,https://github.com/jkh0kr,User,False,3010.0,0.0,0.0,0,22,0,0,False,rustdesk,0.0,8.25
PeterDaveHello,6,https://github.com/PeterDaveHello,User,False,4375.0,0.0,0.0,0,30,1465,18,False,rustdesk,0.0,11.99
kirill0ermakov,6,https://github.com/kirill0ermakov,User,False,1523.0,0.0,0.0,0,4,9,5,False,rustdesk,0.0,4.17
alfadhela,6,https://github.com/alfadhela,User,False,5550.0,0.0,0.0,0,6,7,0,False,rustdesk,0.0,15.21
toriato,5,https://github.com/toriato,User,False,1420.0,0.0,0.0,13,20,46,1496,False,rustdesk,0.0,3.89
palfrey,5,https://github.com/palfrey,User,False,5918.0,30.0,30.0,30,30,241,39,False,rustdesk,1.0,16.21
morn-0,5,https://github.com/morn-0,User,False,1248.0,20.0,14.0,30,30,11,0,False,rustdesk,0.7,3.42
creeper-0910,5,https://github.com/creeper-0910,User,False,1948.0,30.0,30.0,30,30,42,101,False,rustdesk,1.0,5.34
awalon,5,https://github.com/awalon,User,False,4693.0,16.0,7.0,13,21,5,42,False,rustdesk,0.4375,12.86
donald-2rm,5,https://github.com/donald-2rm,User,False,837.0,2.0,2.0,1,2,0,0,False,rustdesk,1.0,2.29
rewrite0w0,5,https://github.com/rewrite0w0,User,False,1967.0,30.0,30.0,2,30,26,9,False,rustdesk,1.0,5.39
rizlas,4,https://github.com/rizlas,User,False,3832.0,30.0,29.0,30,30,35,35,False,rustdesk,0.9666666666666667,10.5
vedantmgoyal9,4,https://github.com/vedantmgoyal9,User,False,1378.0,30.0,30.0,30,30,155,1,False,rustdesk,1.0,3.78
Onyx47,4,https://github.com/Onyx47,User,False,4579.0,7.0,4.0,17,16,4,11,False,rustdesk,0.5714285714285714,12.55
jernejs,4,https://github.com/jernejs,User,False,4644.0,9.0,8.0,0,8,2,1,False,rustdesk,0.8888888888888888,12.72
malina-popa,4,https://github.com/malina-popa,User,False,1152.0,0.0,0.0,0,9,0,0,False,rustdesk,0.0,3.16
darkterminal,4,https://github.com/darkterminal,User,False,2700.0,0.0,0.0,0,30,107,1,False,rustdesk,0.0,7.4
victorbnl,4,https://github.com/victorbnl,User,False,2462.0,0.0,0.0,0,30,35,78,False,rustdesk,0.0,6.75
SelfRef,4,https://github.com/SelfRef,User,False,1659.0,0.0,0.0,0,30,2,21,False,rustdesk,0.0,4.55
Orholt,4,https://github.com/Orholt,User,False,2374.0,0.0,0.0,0,19,13,1,False,rustdesk,0.0,6.5
WoozyMasta,3,https://github.com/WoozyMasta,User,False,4753.0,0.0,0.0,0,30,32,123,False,rustdesk,0.0,13.02
Xerxes-2,3,https://github.com/Xerxes-2,User,False,2586.0,0.0,0.0,0,29,29,123,False,rustdesk,0.0,7.08
cppcoffee,3,https://github.com/cppcoffee,User,False,4025.0,0.0,0.0,0,30,93,70,False,rustdesk,0.0,11.03
gengteng,3,https://github.com/gengteng,User,False,3321.0,0.0,0.0,0,30,34,149,False,rustdesk,0.0,9.1
kordood,3,https://github.com/kordood,User,False,2849.0,0.0,0.0,0,30,29,9,False,rustdesk,0.0,7.81
p-bo,3,https://github.com/p-bo,User,False,3579.0,0.0,30.0,30,30,15,0,False,rustdesk,0.0,9.81
realmosn,3,https://github.com/realmosn,User,False,4390.0,3.0,2.0,8,6,1,0,False,rustdesk,0.6666666666666666,12.03
sandr01d,3,https://github.com/sandr01d,User,False,1286.0,30.0,30.0,22,23,0,0,False,rustdesk,1.0,3.52
sitiom,3,https://github.com/sitiom,User,False,1962.0,30.0,30.0,30,30,118,175,False,rustdesk,1.0,5.38
shan3275,3,https://github.com/shan3275,User,False,3903.0,7.0,7.0,0,30,2,6,False,rustdesk,1.0,10.69
danielcshn,3,https://github.com/danielcshn,User,False,1702.0,30.0,23.0,15,30,58,58,False,rustdesk,0.7666666666666667,4.66
5idereal,3,https://github.com/5idereal,User,False,2750.0,30.0,30.0,30,30,51,10,False,rustdesk,1.0,7.53
bwoebi,3,https://github.com/bwoebi,User,False,4431.0,30.0,30.0,30,30,176,5,False,rustdesk,1.0,12.14
besdar,3,https://github.com/besdar,User,False,2344.0,14.0,5.0,4,9,4,3,False,rustdesk,0.35714285714285715,6.42
faustogut,3,https://github.com/faustogut,User,False,2834.0,30.0,30.0,8,30,158,30,False,rustdesk,1.0,7.76
madpilot78,3,https://github.com/madpilot78,User,False,3805.0,30.0,0.0,0,21,13,1,False,rustdesk,0.0,10.42
h1midi,3,https://github.com/h1midi,User,False,1754.0,0.0,0.0,0,18,28,6,False,rustdesk,0.0,4.81
agarre,3,https://github.com/agarre,User,False,3648.0,0.0,0.0,0,7,6,1,False,rustdesk,0.0,9.99
KG7x,3,https://github.com/KG7x,User,False,4255.0,0.0,0.0,0,10,5,1,False,rustdesk,0.0,11.66
Grelo4ka,3,https://github.com/Grelo4ka,User,False,1791.0,0.0,0.0,0,0,8,0,False,rustdesk,0.0,4.91
stmc,3,https://github.com/stmc,User,False,4628.0,0.0,0.0,0,3,1,0,False,rustdesk,0.0,12.68
seffs,3,https://github.com/seffs,User,False,2223.0,0.0,0.0,0,18,6,7,False,rustdesk,0.0,6.09
HorlogeSkynet,3,https://github.com/HorlogeSkynet,User,False,4190.0,0.0,0.0,0,11,54,496,False,rustdesk,0.0,11.48
jd-mateusz-prais,3,https://github.com/jd-mateusz-prais,User,False,648.0,0.0,0.0,0,0,0,0,False,rustdesk,0.0,1.78
SET19724,3,https://github.com/SET19724,User,False,4728.0,0.0,0.0,0,2,0,0,False,rustdesk,0.0,12.95
nevaran,3,https://github.com/nevaran,User,False,4968.0,0.0,0.0,0,5,1,5,False,rustdesk,0.0,13.61
SimonHanel,2,https://github.com/SimonHanel,User,False,2352.0,2.0,2.0,2,1,0,0,False,rustdesk,1.0,6.44
starccy,2,https://github.com/starccy,User,False,3276.0,17.0,16.0,11,27,7,73,False,rustdesk,0.9411764705882353,8.98
tobiasdegen,2,https://github.com/tobiasdegen,User,False,2442.0,15.0,14.0,0,2,0,0,False,rustdesk,0.9333333333333333,6.69
Xp96,2,https://github.com/Xp96,User,False,2482.0,17.0,17.0,1,3,1,0,False,rustdesk,1.0,6.8
borondics,2,https://github.com/borondics,User,False,4063.0,30.0,30.0,30,30,9,0,False,rustdesk,1.0,11.13
damnkrat,2,https://github.com/damnkrat,User,False,2698.0,16.0,10.0,30,21,1,0,False,rustdesk,0.625,7.39
desertstsung,2,https://github.com/desertstsung,User,False,2386.0,6.0,4.0,8,17,9,44,False,rustdesk,0.6666666666666666,6.54
hashiguchi736,2,https://github.com/hashiguchi736,User,False,818.0,3.0,2.0,0,1,0,0,False,rustdesk,0.6666666666666666,2.24
hms5232,2,https://github.com/hms5232,User,False,2334.0,30.0,30.0,30,30,41,21,False,rustdesk,1.0,6.39
ioridev,2,https://github.com/ioridev,User,False,2409.0,25.0,19.0,30,30,48,17,False,rustdesk,0.76,6.6
jeroenhd,2,https://github.com/jeroenhd,User,False,3583.0,0.0,0.0,0,5,9,113,False,rustdesk,0.0,9.82
jkhsjdhjs,2,https://github.com/jkhsjdhjs,User,False,4754.0,0.0,0.0,0,30,33,52,False,rustdesk,0.0,13.02
jack-5566,2,https://github.com/jack-5566,User,False,275.0,0.0,0.0,0,6,0,0,False,rustdesk,0.0,0.75
kibeb,2,https://github.com/kibeb,User,False,3452.0,0.0,0.0,0,11,1,5,False,rustdesk,0.0,9.46
mtoohey31,2,https://github.com/mtoohey31,User,False,2551.0,0.0,0.0,0,30,31,70,False,rustdesk,0.0,6.99
sirtemporary,2,https://github.com/sirtemporary,User,False,934.0,0.0,0.0,0,1,0,0,False,rustdesk,0.0,2.56
who0ps,2,https://github.com/who0ps,User,False,3283.0,0.0,0.0,0,6,1,2,False,rustdesk,0.0,8.99
yuluo-zy,2,https://github.com/yuluo-zy,User,False,2648.0,0.0,0.0,0,30,8,1,False,rustdesk,0.0,7.25
zuiyu1998,2,https://github.com/zuiyu1998,User,False,2296.0,0.0,0.0,0,30,1,0,False,rustdesk,0.0,6.29
zylthinking,2,https://github.com/zylthinking,User,False,4898.0,0.0,0.0,0,30,2,4,False,rustdesk,0.0,13.42
aeltorio,2,https://github.com/aeltorio,User,False,319.0,0.0,20.0,13,3,2,1,False,rustdesk,0.0,0.87
KagamineP,2,https://github.com/KagamineP,User,False,2739.0,30.0,30.0,1,22,6,2,False,rustdesk,1.0,7.5
Nollasko,2,https://github.com/Nollasko,User,False,1700.0,5.0,3.0,11,0,2,0,False,rustdesk,0.6,4.66
k2s,2,https://github.com/k2s,User,False,5514.0,30.0,30.0,30,30,18,7,False,rustdesk,1.0,15.11
Akkowicz,2,https://github.com/Akkowicz,User,False,3212.0,21.0,15.0,12,30,14,2,False,rustdesk,0.7142857142857143,8.8
mingxingren,2,https://github.com/mingxingren,User,False,2871.0,18.0,10.0,25,30,14,0,False,rustdesk,0.5555555555555556,7.87
meisenger,2,https://github.com/meisenger,User,False,2088.0,2.0,2.0,0,1,0,0,False,rustdesk,1.0,5.72
AnonymousWP,2,https://github.com/AnonymousWP,User,False,2117.0,30.0,30.0,30,30,79,38,False,rustdesk,1.0,5.8
bigretromike,2,https://github.com/bigretromike,User,False,4099.0,30.0,30.0,30,30,18,53,False,rustdesk,1.0,11.23
colin99d,2,https://github.com/colin99d,User,False,1587.0,30.0,30.0,30,30,153,15,False,rustdesk,1.0,4.35
amyipdev,2,https://github.com/amyipdev,User,False,2238.0,30.0,0.0,0,30,41,4,False,rustdesk,0.0,6.13
abajo,2,https://github.com/abajo,User,False,4462.0,0.0,0.0,0,11,1,0,False,rustdesk,0.0,12.22
danielehrhardt,2,https://github.com/danielehrhardt,User,False,3190.0,0.0,0.0,0,30,60,20,False,rustdesk,0.0,8.74
danielmarschall,2,https://github.com/danielmarschall,User,False,2845.0,0.0,0.0,0,30,9,14,False,rustdesk,0.0,7.79
dploeger,2,https://github.com/dploeger,User,False,5482.0,0.0,0.0,0,30,53,100,False,rustdesk,0.0,15.02
rex4539,2,https://github.com/rex4539,User,False,5446.0,0.0,0.0,0,30,114,0,False,rustdesk,0.0,14.92
EmPablo,2,https://github.com/EmPablo,User,False,1337.0,0.0,0.0,0,2,0,0,False,rustdesk,0.0,3.66
HeCorr,2,https://github.com/HeCorr,User,False,1542.0,0.0,0.0,0,20,10,10,False,rustdesk,0.0,4.22
ElisaMin,2,https://github.com/ElisaMin,User,False,2592.0,0.0,0.0,0,30,8,56,False,rustdesk,0.0,7.1
eltociear,2,https://github.com/eltociear,User,False,3057.0,0.0,0.0,0,30,0,17,False,rustdesk,0.0,8.38
josephjosedev,2,https://github.com/josephjosedev,User,False,1607.0,30.0,30.0,14,30,2,2,False,rustdesk,1.0,4.4
nfsec,2,https://github.com/nfsec,User,False,3411.0,30.0,30.0,8,6,18,32,False,rustdesk,1.0,9.35
bankzst,2,https://github.com/bankzst,User,False,3646.0,5.0,5.0,3,25,1,1,False,rustdesk,1.0,9.99
i2,2,https://github.com/i2,User,False,4421.0,30.0,30.0,30,30,36,3,False,rustdesk,1.0,12.11
nvksv,2,https://github.com/nvksv,User,False,2965.0,0.0,0.0,0,19,0,16,False,rustdesk,0.0,8.12
Redion,2,https://github.com/Redion,User,False,4132.0,2.0,2.0,1,3,0,0,False,rustdesk,1.0,11.32
RayJW,2,https://github.com/RayJW,User,False,2787.0,30.0,30.0,30,9,8,10,False,rustdesk,1.0,7.64
razavioo,2,https://github.com/razavioo,User,False,2815.0,13.0,8.0,2,12,61,29,False,rustdesk,0.6153846153846154,7.71
MaySoMusician,2,https://github.com/MaySoMusician,User,False,2621.0,30.0,30.0,30,30,42,40,False,rustdesk,1.0,7.18
Ekennn,2,https://github.com/Ekennn,User,False,2590.0,9.0,4.0,0,14,10,0,False,rustdesk,0.4444444444444444,7.1
KrystianGraba,2,https://github.com/KrystianGraba,User,False,2934.0,0.0,0.0,0,30,2,1,False,rustdesk,0.0,8.04
selfisekai,2,https://github.com/selfisekai,User,False,3607.0,0.0,0.0,0,30,92,5,False,rustdesk,0.0,9.88
LeszekBober,2,https://github.com/LeszekBober,User,False,1623.0,0.0,0.0,0,1,0,0,False,rustdesk,0.0,4.45
mateusauler,2,https://github.com/mateusauler,User,False,2975.0,0.0,0.0,0,20,21,9,False,rustdesk,0.0,8.15
Lumiphare,2,https://github.com/Lumiphare,User,False,1898.0,0.0,0.0,0,7,0,0,False,rustdesk,0.0,5.2
enoch85,1,https://github.com/enoch85,User,False,4287.0,0.0,0.0,0,30,137,2,False,rustdesk,0.0,11.75
add-uos,1,https://github.com/add-uos,User,False,328.0,0.0,0.0,0,30,2,0,False,rustdesk,0.0,0.9
alewicki95,1,https://github.com/alewicki95,User,False,364.0,0.0,0.0,0,6,0,0,False,rustdesk,0.0,1.0
bdntv,1,https://github.com/bdntv,User,False,3424.0,0.0,0.0,0,2,0,0,False,rustdesk,0.0,9.38
behrooz3500,1,https://github.com/behrooz3500,User,False,980.0,0.0,0.0,0,14,7,0,False,rustdesk,0.0,2.68
bjoernp116,1,https://github.com/bjoernp116,User,False,2003.0,0.0,0.0,0,29,0,4,False,rustdesk,0.0,5.49
ckesc,1,https://github.com/ckesc,User,False,4510.0,0.0,0.0,0,30,14,87,False,rustdesk,0.0,12.36
cooperbang,1,https://github.com/cooperbang,User,False,1538.0,0.0,0.0,0,0,1,0,False,rustdesk,0.0,4.21
crazeteam,1,https://github.com/crazeteam,User,False,331.0,0.0,0.0,0,30,0,0,False,rustdesk,0.0,0.91
dcharbonnier,1,https://github.com/dcharbonnier,User,False,4078.0,30.0,30.0,30,30,21,7,False,rustdesk,1.0,11.17
ddsardella,1,https://github.com/ddsardella,User,False,3423.0,1.0,1.0,0,2,0,1,False,rustdesk,1.0,9.38
djex,1,https://github.com/djex,User,False,4945.0,1.0,1.0,12,4,0,0,False,rustdesk,1.0,13.55
djordans,1,https://github.com/djordans,User,False,4192.0,0.0,0.0,0,8,0,1,False,rustdesk,0.0,11.48
codesmith-emmy,1,https://github.com/codesmith-emmy,User,False,421.0,30.0,30.0,3,30,34,8,False,rustdesk,1.0,1.15
emporiobviver,1,https://github.com/emporiobviver,User,False,990.0,0.0,0.0,0,2,0,0,False,rustdesk,0.0,2.71
natfrp-bot,1,https://github.com/natfrp-bot,User,False,1285.0,4.0,1.0,2,0,3,0,False,rustdesk,0.25,3.52
SantiagoValdez,1,https://github.com/SantiagoValdez,User,False,5798.0,4.0,4.0,1,30,34,15,False,rustdesk,1.0,15.88
Sergo1217,1,https://github.com/Sergo1217,User,False,3340.0,11.0,5.0,27,10,3,3,False,rustdesk,0.45454545454545453,9.15
ShadoWarrior59,1,https://github.com/ShadoWarrior59,User,False,2176.0,1.0,1.0,1,1,0,0,False,rustdesk,1.0,5.96
SoftwareMagicIT,1,https://github.com/SoftwareMagicIT,User,False,3328.0,0.0,0.0,0,30,3,2,False,rustdesk,0.0,9.12
StephanStS,1,https://github.com/StephanStS,User,False,1923.0,0.0,0.0,0,6,10,0,False,rustdesk,0.0,5.27
Thadah,1,https://github.com/Thadah,User,False,4308.0,0.0,0.0,0,12,21,16,False,rustdesk,0.0,11.8
TBG-FR,1,https://github.com/TBG-FR,User,False,3247.0,0.0,0.0,0,30,21,9,False,rustdesk,0.0,8.9
Vasilis553,1,https://github.com/Vasilis553,User,False,969.0,0.0,0.0,0,9,0,0,False,rustdesk,0.0,2.65
VenusGirl,1,https://github.com/VenusGirl,User,False,2038.0,0.0,0.0,0,30,80,13,False,rustdesk,0.0,5.58
becker,1,https://github.com/becker,User,False,5289.0,0.0,0.0,0,20,13,28,False,rustdesk,0.0,14.49
Kristories,1,https://github.com/Kristories,User,False,5034.0,0.0,0.0,0,30,399,10008,False,rustdesk,0.0,13.79
WofWca,1,https://github.com/WofWca,User,False,2465.0,0.0,0.0,0,30,37,0,False,rustdesk,0.0,6.75
XieJiSS,1,https://github.com/XieJiSS,User,False,2981.0,0.0,0.0,0,30,118,2,False,rustdesk,0.0,8.17
Y-PLONI,1,https://github.com/Y-PLONI,User,False,846.0,0.0,0.0,0,10,4,11,False,rustdesk,0.0,2.32
yosephkudo,1,https://github.com/yosephkudo,User,False,3158.0,0.0,0.0,0,25,0,2,False,rustdesk,0.0,8.65
TheLumbee,1,https://github.com/TheLumbee,User,False,1981.0,0.0,0.0,0,18,3,3,False,rustdesk,0.0,5.43
wangzexi,1,https://github.com/wangzexi,User,False,3511.0,0.0,0.0,17,30,38,258,False,rustdesk,0.0,9.62
SeriousBusiness100,1,https://github.com/SeriousBusiness100,User,False,1225.0,0.0,0.0,0,0,0,0,False,rustdesk,0.0,3.36
miller45,1,https://github.com/miller45,User,False,4039.0,30.0,30.0,8,30,6,29,False,rustdesk,1.0,11.07
sakiodre,1,https://github.com/sakiodre,User,False,614.0,11.0,5.0,8,11,7,173,False,rustdesk,0.45454545454545453,1.68
shleyZ,1,https://github.com/shleyZ,User,False,3606.0,2.0,2.0,3,29,3,1,False,rustdesk,1.0,9.88
shuangcui,1,https://github.com/shuangcui,User,False,3344.0,0.0,0.0,0,26,0,0,False,rustdesk,0.0,9.16
skycommand,1,https://github.com/skycommand,User,False,3299.0,30.0,30.0,30,8,13,52,False,rustdesk,1.0,9.04
songwei163,1,https://github.com/songwei163,User,False,2156.0,4.0,1.0,4,30,7,11,False,rustdesk,0.25,5.91
st0nie,1,https://github.com/st0nie,User,False,2362.0,30.0,30.0,30,30,15,5,False,rustdesk,1.0,6.47
summoner001,1,https://github.com/summoner001,User,False,3644.0,30.0,30.0,30,15,6,1,False,rustdesk,1.0,9.98
tschettervictor,1,https://github.com/tschettervictor,User,False,1351.0,30.0,30.0,0,7,12,30,False,rustdesk,1.0,3.7
tsic404,1,https://github.com/tsic404,User,False,2161.0,0.0,0.0,0,30,21,0,False,rustdesk,0.0,5.92
unglazed,1,https://github.com/unglazed,User,False,674.0,0.0,0.0,0,0,0,0,False,rustdesk,0.0,1.85
wxpppp,1,https://github.com/wxpppp,User,False,2077.0,0.0,0.0,0,30,0,0,False,rustdesk,0.0,5.69
wesley800,1,https://github.com/wesley800,User,False,949.0,0.0,0.0,0,7,0,0,False,rustdesk,0.0,2.6
whosehang,1,https://github.com/whosehang,User,False,302.0,0.0,0.0,0,16,0,0,False,rustdesk,0.0,0.83
yaseresmaeelpour,1,https://github.com/yaseresmaeelpour,User,False,2771.0,0.0,0.0,0,4,0,0,False,rustdesk,0.0,7.59
youhers,1,https://github.com/youhers,User,False,1002.0,0.0,0.0,0,1,0,0,False,rustdesk,0.0,2.75
pablohoffman,2148,https://github.com/pablohoffman,User,False,5507.0,20.0,17.0,30,14,475,28,True,scrapy,0.85,15.09
dangra,1125,https://github.com/dangra,User,False,5922.0,30.0,30.0,30,30,321,44,True,scrapy,1.0,16.22
wRAR,1029,https://github.com/wRAR,User,False,5426.0,30.0,30.0,30,29,84,18,True,scrapy,1.0,14.87
kmike,879,https://github.com/kmike,User,False,5687.0,30.0,30.0,30,30,1140,173,True,scrapy,1.0,15.58
Gallaecio,584,https://github.com/Gallaecio,User,False,5069.0,30.0,30.0,30,30,138,4,True,scrapy,1.0,13.89
elacuesta,520,https://github.com/elacuesta,User,False,4663.0,30.0,30.0,30,22,85,82,True,scrapy,1.0,12.78
redapple,506,https://github.com/redapple,User,False,4980.0,30.0,30.0,30,27,165,171,False,scrapy,1.0,13.64
void,250,https://github.com/void,User,False,5992.0,4.0,4.0,7,7,30,1,False,scrapy,1.0,16.42
curita,209,https://github.com/curita,User,False,5465.0,30.0,30.0,30,9,289,70,True,scrapy,1.0,14.97
eliasdorneles,173,https://github.com/eliasdorneles,User,False,5921.0,30.0,30.0,30,30,441,71,True,scrapy,1.0,16.22
lopuhin,162,https://github.com/lopuhin,User,False,5251.0,30.0,30.0,30,30,460,359,True,scrapy,1.0,14.39
Laerte,117,https://github.com/Laerte,User,False,4122.0,30.0,30.0,12,6,38,6,True,scrapy,1.0,11.29
whalebot-helmsman,72,https://github.com/whalebot-helmsman,User,False,4826.0,30.0,30.0,28,30,17,9,False,scrapy,1.0,13.22
adityaa30,72,https://github.com/adityaa30,User,False,2518.0,30.0,30.0,14,30,103,45,False,scrapy,1.0,6.9
nyov,60,https://github.com/nyov,User,False,5240.0,30.0,30.0,30,30,26,44,False,scrapy,1.0,14.36
jdemaeyer,59,https://github.com/jdemaeyer,User,False,3686.0,30.0,30.0,30,18,43,402,False,scrapy,1.0,10.1
rmax,56,https://github.com/rmax,User,False,5990.0,30.0,30.0,30,30,632,289,False,scrapy,1.0,16.41
nramirezuy,43,https://github.com/nramirezuy,User,False,4907.0,30.0,30.0,24,22,36,0,False,scrapy,1.0,13.44
BroodingKangaroo,42,https://github.com/BroodingKangaroo,User,False,2590.0,9.0,6.0,0,9,5,4,False,scrapy,0.6666666666666666,7.1
jxlil,41,https://github.com/jxlil,User,False,1814.0,23.0,22.0,5,8,12,136,False,scrapy,0.9565217391304348,4.97
victor-torres,39,https://github.com/victor-torres,User,False,4377.0,30.0,30.0,30,30,137,51,False,scrapy,1.0,11.99
alexpdev,33,https://github.com/alexpdev,User,False,2233.0,30.0,30.0,30,30,11,27,False,scrapy,1.0,6.12
AphonicChaos,32,https://github.com/AphonicChaos,User,False,5731.0,0.0,0.0,0,30,0,1,False,scrapy,0.0,15.7
anubhavp28,31,https://github.com/anubhavp28,User,False,2800.0,30.0,30.0,20,30,149,26,False,scrapy,1.0,7.67
Digenis,30,https://github.com/Digenis,User,False,4556.0,30.0,30.0,24,8,43,0,True,scrapy,1.0,12.48
pawelmhm,30,https://github.com/pawelmhm,User,False,4490.0,30.0,30.0,30,30,164,10,False,scrapy,1.0,12.3
GeorgeA92,30,https://github.com/GeorgeA92,User,False,3385.0,30.0,30.0,10,6,14,0,False,scrapy,1.0,9.27
maramsumanth,29,https://github.com/maramsumanth,User,False,2681.0,30.0,30.0,5,21,2,8,False,scrapy,1.0,7.35
stummjr,29,https://github.com/stummjr,User,False,4854.0,30.0,30.0,30,30,204,86,True,scrapy,1.0,13.3
alexcepoi,29,https://github.com/alexcepoi,User,False,5463.0,15.0,12.0,10,18,54,70,False,scrapy,0.8,14.97
omab,27,https://github.com/omab,User,False,5738.0,30.0,30.0,30,30,405,2708,False,scrapy,1.0,15.72
jsoref,27,https://github.com/jsoref,User,False,4575.0,30.0,30.0,30,30,575,26,False,scrapy,1.0,12.53
noviluni,26,https://github.com/noviluni,User,False,3069.0,30.0,30.0,30,30,68,18,True,scrapy,1.0,8.41
OmarFarrag,21,https://github.com/OmarFarrag,User,False,2970.0,6.0,2.0,3,8,19,2,False,scrapy,0.3333333333333333,8.14
starrify,20,https://github.com/starrify,User,False,5278.0,30.0,30.0,30,30,109,5,False,scrapy,1.0,14.46
bulatbulat48,20,https://github.com/bulatbulat48,User,False,3226.0,14.0,10.0,8,17,16,79,False,scrapy,0.7142857142857143,8.84
further-reading,20,https://github.com/further-reading,User,False,2963.0,30.0,30.0,30,26,19,139,False,scrapy,1.0,8.12
stav,20,https://github.com/stav,User,False,5479.0,30.0,30.0,30,30,43,24,False,scrapy,1.0,15.01
pkufranky,19,https://github.com/pkufranky,User,False,6161.0,2.0,1.0,16,30,42,61,False,scrapy,0.5,16.88
StasDeep,19,https://github.com/StasDeep,User,False,3274.0,0.0,0.0,0,14,0,94,False,scrapy,0.0,8.97
andrix,19,https://github.com/andrix,User,False,5385.0,6.0,5.0,8,30,60,19,False,scrapy,0.8333333333333334,14.75
ammarnajjar,18,https://github.com/ammarnajjar,User,False,3974.0,30.0,30.0,30,30,3,2,False,scrapy,1.0,10.89
purvaudai,18,https://github.com/purvaudai,User,False,2716.0,19.0,11.0,0,17,0,0,False,scrapy,0.5789473684210527,7.44
ArturGaspar,17,https://github.com/ArturGaspar,User,False,4700.0,30.0,30.0,17,30,27,81,False,scrapy,1.0,12.88
kalessin,15,https://github.com/kalessin,User,False,5322.0,30.0,30.0,30,15,55,21,False,scrapy,1.0,14.58
duendex,15,https://github.com/duendex,User,False,4162.0,7.0,5.0,2,5,12,0,False,scrapy,0.7142857142857143,11.4
harshasrinivas,15,https://github.com/harshasrinivas,User,False,3904.0,17.0,10.0,30,27,134,209,False,scrapy,0.5882352941176471,10.7
alexanderlukanin13,14,https://github.com/alexanderlukanin13,User,False,4297.0,30.0,30.0,13,25,4,146,False,scrapy,1.0,11.77
chekunkov,14,https://github.com/chekunkov,User,False,5050.0,30.0,30.0,25,30,22,3,False,scrapy,1.0,13.84
ejulio,14,https://github.com/ejulio,User,False,4785.0,30.0,30.0,30,30,83,15,False,scrapy,1.0,13.11
shaneaevans,14,https://github.com/shaneaevans,User,False,5456.0,8.0,8.0,26,5,118,30,True,scrapy,1.0,14.95
kasun,13,https://github.com/kasun,User,False,5738.0,23.0,14.0,16,23,34,429,False,scrapy,0.6086956521739131,15.72
mabelvj,13,https://github.com/mabelvj,User,False,3400.0,30.0,30.0,29,29,27,1,False,scrapy,1.0,9.32
Granitosaurus,12,https://github.com/Granitosaurus,User,False,4170.0,30.0,30.0,30,30,68,56,False,scrapy,1.0,11.42
mdonoughe,12,https://github.com/mdonoughe,User,False,6053.0,30.0,30.0,30,30,27,3,False,scrapy,1.0,16.58
max-arnold,12,https://github.com/max-arnold,User,False,5294.0,30.0,30.0,30,30,23,38,False,scrapy,1.0,14.5
dswij,12,https://github.com/dswij,User,False,2298.0,30.0,30.0,21,30,19,0,False,scrapy,1.0,6.3
guillermo-bondonno,12,https://github.com/guillermo-bondonno,User,False,1170.0,8.0,7.0,1,4,1,0,False,scrapy,0.875,3.21
mtabbasi,12,https://github.com/mtabbasi,User,False,1909.0,13.0,12.0,7,15,9,0,False,scrapy,0.9230769230769231,5.23
barraponto,11,https://github.com/barraponto,User,False,5617.0,30.0,30.0,30,30,346,13,False,scrapy,1.0,15.39
felixonmars,11,https://github.com/felixonmars,User,False,4923.0,30.0,30.0,30,30,3141,4,False,scrapy,1.0,13.49
Rotzbua,11,https://github.com/Rotzbua,User,False,3957.0,0.0,0.0,0,30,0,2,False,scrapy,0.0,10.84
drs-11,11,https://github.com/drs-11,User,False,3023.0,19.0,10.0,3,16,7,1,False,scrapy,0.5263157894736842,8.28
rhoboro,10,https://github.com/rhoboro,User,False,3472.0,30.0,30.0,24,30,60,291,False,scrapy,1.0,9.51
BurnzZ,10,https://github.com/BurnzZ,User,False,4398.0,30.0,30.0,30,30,63,3,True,scrapy,1.0,12.05
feliperuhland,10,https://github.com/feliperuhland,User,False,4850.0,30.0,30.0,30,30,63,3,False,scrapy,1.0,13.29
jay24rajput,10,https://github.com/jay24rajput,User,False,2526.0,30.0,30.0,13,30,43,4,False,scrapy,1.0,6.92
sibiryakov,9,https://github.com/sibiryakov,User,False,3786.0,30.0,30.0,30,26,62,15,False,scrapy,1.0,10.37
lucywang000,9,https://github.com/lucywang000,User,False,2777.0,30.0,30.0,30,30,47,235,True,scrapy,1.0,7.61
Matthijsy,9,https://github.com/Matthijsy,User,False,4194.0,30.0,30.0,30,30,3,0,False,scrapy,1.0,11.49
eLRuLL,9,https://github.com/eLRuLL,User,False,4744.0,30.0,30.0,16,30,67,5,True,scrapy,1.0,13.0
sbartlett97,9,https://github.com/sbartlett97,User,False,2679.0,11.0,10.0,6,28,0,15,False,scrapy,0.9090909090909091,7.34
tpeng,9,https://github.com/tpeng,User,False,5285.0,30.0,30.0,20,30,113,177,False,scrapy,1.0,14.48
grammy-jiang,9,https://github.com/grammy-jiang,User,False,5062.0,30.0,23.0,13,24,51,15,False,scrapy,0.7666666666666667,13.87
ivanprado,9,https://github.com/ivanprado,User,False,4975.0,30.0,30.0,30,27,34,2,False,scrapy,1.0,13.63
umairnsr87,9,https://github.com/umairnsr87,User,False,3423.0,30.0,28.0,10,30,5,15,False,scrapy,0.9333333333333333,9.38
djunzu,8,https://github.com/djunzu,User,False,3807.0,7.0,6.0,16,6,0,0,False,scrapy,0.8571428571428571,10.43
loucash,8,https://github.com/loucash,User,False,5210.0,30.0,30.0,18,30,35,22,False,scrapy,1.0,14.27
jesuslosada,8,https://github.com/jesuslosada,User,False,4134.0,30.0,30.0,3,15,8,44,False,scrapy,1.0,11.33
DamianCanabal,8,https://github.com/DamianCanabal,User,False,4618.0,0.0,0.0,1,4,0,0,False,scrapy,0.0,12.65
aaron-tan,7,https://github.com/aaron-tan,User,False,1626.0,17.0,7.0,15,7,1,3,False,scrapy,0.4117647058823529,4.45
maranqz,7,https://github.com/maranqz,User,False,4343.0,30.0,30.0,30,26,24,47,False,scrapy,1.0,11.9
tonal,7,https://github.com/tonal,User,False,5347.0,30.0,30.0,30,30,17,10,False,scrapy,1.0,14.65
MattyMay,7,https://github.com/MattyMay,User,False,3082.0,30.0,30.0,7,12,3,0,False,scrapy,1.0,8.44
csalazar,7,https://github.com/csalazar,User,False,5304.0,12.0,11.0,12,6,37,37,False,scrapy,0.9166666666666666,14.53
codeaditya,7,https://github.com/codeaditya,User,False,4509.0,25.0,23.0,1,17,8,2,False,scrapy,0.92,12.35
hcoura,7,https://github.com/hcoura,User,False,3692.0,29.0,22.0,7,30,10,21,False,scrapy,0.7586206896551724,10.12
jazzthief,6,https://github.com/jazzthief,User,False,2515.0,9.0,4.0,18,12,2,0,False,scrapy,0.4444444444444444,6.89
felipeboffnunes,6,https://github.com/felipeboffnunes,User,False,2094.0,30.0,30.0,17,26,12,7,True,scrapy,1.0,5.74
testingcan,6,https://github.com/testingcan,User,False,3055.0,7.0,7.0,9,12,7,6,False,scrapy,1.0,8.37
jorenham,6,https://github.com/jorenham,User,False,4079.0,30.0,30.0,30,30,45,64,False,scrapy,1.0,11.18
Dineshs91,6,https://github.com/Dineshs91,User,False,4495.0,30.0,30.0,30,30,52,160,False,scrapy,1.0,12.32
jazzthieff,6,https://github.com/jazzthieff,User,False,620.0,0.0,0.0,0,0,0,0,False,scrapy,0.0,1.7
ViralMehtaSWE,6,https://github.com/ViralMehtaSWE,User,False,2747.0,9.0,5.0,6,19,15,3,False,scrapy,0.5555555555555556,7.53
divtiply,6,https://github.com/divtiply,User,False,4186.0,11.0,7.0,30,16,7,19,False,scrapy,0.6363636363636364,11.47
golewski,6,https://github.com/golewski,User,False,4273.0,0.0,0.0,0,0,0,0,False,scrapy,0.0,11.71
gliptak,6,https://github.com/gliptak,User,False,5863.0,30.0,30.0,30,30,85,0,False,scrapy,1.0,16.06
allait,6,https://github.com/allait,User,False,5418.0,30.0,30.0,6,14,29,11,False,scrapy,1.0,14.84
pankaj1707k,5,https://github.com/pankaj1707k,User,False,1511.0,15.0,13.0,30,27,16,6,False,scrapy,0.8666666666666667,4.14
darshanime,5,https://github.com/darshanime,User,False,3992.0,30.0,30.0,30,30,183,2258,False,scrapy,1.0,10.94
iDeepverma,5,https://github.com/iDeepverma,User,False,1576.0,30.0,30.0,3,15,21,0,False,scrapy,1.0,4.32
hugovk,5,https://github.com/hugovk,User,False,4784.0,30.0,30.0,30,30,879,4,False,scrapy,1.0,13.11
sortafreel,5,https://github.com/sortafreel,User,False,5310.0,18.0,12.0,3,13,8,5,False,scrapy,0.6666666666666666,14.55
orangain,5,https://github.com/orangain,User,False,5171.0,30.0,30.0,30,30,50,27,False,scrapy,1.0,14.17
muriloviana,5,https://github.com/muriloviana,User,False,4037.0,30.0,30.0,30,22,80,1,False,scrapy,1.0,11.06
ashellunts,5,https://github.com/ashellunts,User,False,4588.0,30.0,30.0,9,16,33,958,False,scrapy,1.0,12.57
JazzGlobal,5,https://github.com/JazzGlobal,User,False,2841.0,30.0,30.0,30,30,16,2,False,scrapy,1.0,7.78
denysbutenko,5,https://github.com/denysbutenko,User,False,5312.0,30.0,30.0,30,29,38,4,False,scrapy,1.0,14.55
GregoryVigoTorres,5,https://github.com/GregoryVigoTorres,User,False,3491.0,7.0,1.0,5,4,1,8,False,scrapy,0.14285714285714285,9.56
jameysharp,5,https://github.com/jameysharp,User,False,4989.0,30.0,30.0,30,30,243,2254,False,scrapy,1.0,13.67
LucianU,5,https://github.com/LucianU,User,False,4967.0,30.0,30.0,30,19,68,75,False,scrapy,1.0,13.61
moisesguimaraes,5,https://github.com/moisesguimaraes,User,False,4568.0,30.0,30.0,28,30,85,4,False,scrapy,1.0,12.52
patiences,5,https://github.com/patiences,User,False,3459.0,30.0,30.0,17,23,48,2,False,scrapy,1.0,9.48
yarikoptic,5,https://github.com/yarikoptic,User,False,5911.0,30.0,30.0,30,30,428,0,False,scrapy,1.0,16.19
deepang17,5,https://github.com/deepang17,User,False,2183.0,11.0,9.0,0,6,6,0,False,scrapy,0.8181818181818182,5.98
mlmsmith,5,https://github.com/mlmsmith,User,False,1915.0,14.0,9.0,0,14,0,0,False,scrapy,0.6428571428571429,5.25
DharmeshPandav,4,https://github.com/DharmeshPandav,User,False,4159.0,7.0,3.0,22,28,20,1,False,scrapy,0.42857142857142855,11.39
eventuallyc0nsistent,4,https://github.com/eventuallyc0nsistent,User,False,5070.0,5.0,4.0,8,30,56,184,False,scrapy,0.8,13.89
KristobalJunta,4,https://github.com/KristobalJunta,User,False,4056.0,30.0,30.0,30,30,21,4,False,scrapy,1.0,11.11
HarrisonGregg,4,https://github.com/HarrisonGregg,User,False,4389.0,27.0,25.0,7,28,7,6,False,scrapy,0.9259259259259259,12.02
Godson-Gnanaraj,4,https://github.com/Godson-Gnanaraj,User,False,2755.0,10.0,7.0,2,14,3,0,False,scrapy,0.7,7.55
Rohitkr117,4,https://github.com/Rohitkr117,User,False,516.0,5.0,4.0,0,10,1,0,False,scrapy,0.8,1.41
sakshamb2113,4,https://github.com/sakshamb2113,User,False,2320.0,30.0,28.0,0,30,28,4,False,scrapy,0.9333333333333333,6.36
Preetwinder,4,https://github.com/Preetwinder,User,False,3752.0,23.0,22.0,1,9,3,3,False,scrapy,0.9565217391304348,10.28
palego,4,https://github.com/palego,User,False,3397.0,4.0,4.0,3,4,0,0,False,scrapy,1.0,9.31
float13,4,https://github.com/float13,User,False,2341.0,5.0,4.0,2,7,2,0,False,scrapy,0.8,6.41
akshaysharmajs,4,https://github.com/akshaysharmajs,User,False,2383.0,30.0,29.0,14,30,8,26,False,scrapy,0.9666666666666667,6.53
berkerpeksag,4,https://github.com/berkerpeksag,User,False,5987.0,30.0,30.0,30,9,910,1250,False,scrapy,1.0,16.4
dacjames,4,https://github.com/dacjames,User,False,5882.0,27.0,14.0,8,30,9,3,False,scrapy,0.5185185185185185,16.12
dmiwell,4,https://github.com/dmiwell,User,False,4771.0,13.0,11.0,11,15,0,3,False,scrapy,0.8461538461538461,13.07
enparticular,4,https://github.com/enparticular,User,False,5040.0,0.0,0.0,0,1,1,0,False,scrapy,0.0,13.81
Lukas0907,4,https://github.com/Lukas0907,User,False,5131.0,30.0,30.0,30,25,17,10,False,scrapy,1.0,14.06
Mimino666,4,https://github.com/Mimino666,User,False,4810.0,16.0,12.0,10,17,255,1928,False,scrapy,0.75,13.18
mlyundin,4,https://github.com/mlyundin,User,False,4436.0,20.0,15.0,0,23,4,13,False,scrapy,0.75,12.15
NoExitTV,4,https://github.com/NoExitTV,User,False,3783.0,30.0,30.0,8,6,18,11,False,scrapy,1.0,10.36
olafdietsche,4,https://github.com/olafdietsche,User,False,4259.0,12.0,9.0,23,30,2,4,False,scrapy,0.75,11.67
akhterwahab,4,https://github.com/akhterwahab,User,False,4814.0,1.0,1.0,1,30,25,1,False,scrapy,1.0,13.19
protokoul,4,https://github.com/protokoul,User,False,4012.0,20.0,14.0,7,30,1,0,False,scrapy,0.7,10.99
persiyanov,4,https://github.com/persiyanov,User,False,4343.0,26.0,16.0,9,30,36,88,False,scrapy,0.6153846153846154,11.9
kumar-sanchay,4,https://github.com/kumar-sanchay,User,False,2074.0,7.0,4.0,0,23,1,5,False,scrapy,0.5714285714285714,5.68
oscard0m,4,https://github.com/oscard0m,User,False,4506.0,30.0,30.0,30,30,106,36,False,scrapy,1.0,12.35
willbeaufoy,3,https://github.com/willbeaufoy,User,False,5075.0,26.0,18.0,30,30,4,36,False,scrapy,0.6923076923076923,13.9
joaquingx,3,https://github.com/joaquingx,User,False,3929.0,30.0,30.0,23,30,18,3,False,scrapy,1.0,10.76
sbs2001,3,https://github.com/sbs2001,User,False,2823.0,30.0,30.0,30,30,47,5,False,scrapy,1.0,7.73
maanijou,3,https://github.com/maanijou,User,False,3171.0,30.0,30.0,1,24,11,13,False,scrapy,1.0,8.69
reidemeister94,3,https://github.com/reidemeister94,User,False,2829.0,3.0,3.0,0,16,10,59,False,scrapy,1.0,7.75
namelessGonbai,3,https://github.com/namelessGonbai,User,False,2329.0,4.0,4.0,3,4,0,0,False,scrapy,1.0,6.38
bagratte,3,https://github.com/bagratte,User,False,3629.0,30.0,26.0,21,11,3,0,False,scrapy,0.8666666666666667,9.94
azzamsa,3,https://github.com/azzamsa,User,False,3267.0,30.0,30.0,30,30,142,996,False,scrapy,1.0,8.95
arijitchakraborty,3,https://github.com/arijitchakraborty,User,False,5330.0,7.0,4.0,1,15,13,1,False,scrapy,0.5714285714285714,14.6
aisha-partha,3,https://github.com/aisha-partha,User,False,437.0,5.0,4.0,0,25,1,0,False,scrapy,0.8,1.2
serhii73,3,https://github.com/serhii73,User,False,2965.0,30.0,30.0,30,30,66,27,False,scrapy,1.0,8.12
otherchirps,3,https://github.com/otherchirps,User,False,5281.0,17.0,13.0,9,30,12,6,False,scrapy,0.7647058823529411,14.47
ngash,3,https://github.com/ngash,User,False,4038.0,30.0,30.0,4,20,13,3,False,scrapy,1.0,11.06
y26805,3,https://github.com/y26805,User,False,3412.0,12.0,8.0,14,16,5,17,False,scrapy,0.6666666666666666,9.35
lena-kuhn,3,https://github.com/lena-kuhn,User,False,2624.0,30.0,26.0,30,1,15,0,False,scrapy,0.8666666666666667,7.19
elramen,3,https://github.com/elramen,User,False,380.0,0.0,0.0,0,2,0,0,False,scrapy,0.0,1.04
bblanchon,3,https://github.com/bblanchon,User,False,4172.0,30.0,30.0,30,30,575,7426,False,scrapy,1.0,11.43
aron-bordin,3,https://github.com/aron-bordin,User,False,4242.0,30.0,30.0,30,18,432,504,False,scrapy,1.0,11.62
armujahid,3,https://github.com/armujahid,User,False,4371.0,30.0,30.0,30,30,243,33,False,scrapy,1.0,11.98
petervandenabeele,3,https://github.com/petervandenabeele,User,False,5842.0,30.0,30.0,30,30,48,18,False,scrapy,1.0,16.01
otobrglez,3,https://github.com/otobrglez,User,False,5448.0,30.0,30.0,30,30,253,144,False,scrapy,1.0,14.93
kshitijcode,3,https://github.com/kshitijcode,User,False,3384.0,30.0,30.0,27,30,3,60,False,scrapy,1.0,9.27
kevintomsgithub,3,https://github.com/kevintomsgithub,User,False,2929.0,3.0,1.0,0,30,9,4,False,scrapy,0.3333333333333333,8.02
azenkwed,3,https://github.com/azenkwed,User,False,3942.0,9.0,4.0,2,2,6,0,False,scrapy,0.4444444444444444,10.8
josericardo,3,https://github.com/josericardo,User,False,4691.0,30.0,30.0,21,30,19,3,False,scrapy,1.0,12.85
llonchj,3,https://github.com/llonchj,User,False,5309.0,30.0,30.0,30,30,36,15,False,scrapy,1.0,14.55
Jane222,3,https://github.com/Jane222,User,False,3721.0,1.0,1.0,0,2,0,0,False,scrapy,1.0,10.19
Nirzak,2,https://github.com/Nirzak,User,False,3628.0,30.0,30.0,30,30,138,57,False,scrapy,1.0,9.94
mineo,2,https://github.com/mineo,User,False,5774.0,30.0,30.0,30,30,33,4,False,scrapy,1.0,15.82
Ordepsousa,2,https://github.com/Ordepsousa,User,False,4087.0,1.0,1.0,1,8,2,0,False,scrapy,1.0,11.2
qhuang872,2,https://github.com/qhuang872,User,False,3199.0,8.0,6.0,0,15,13,1,False,scrapy,0.75,8.76
weldon0405,2,https://github.com/weldon0405,User,False,3018.0,28.0,20.0,2,30,1,1,False,scrapy,0.7142857142857143,8.27
VMRuiz,2,https://github.com/VMRuiz,User,False,4226.0,30.0,30.0,30,14,15,0,False,scrapy,1.0,11.58
torymur,2,https://github.com/torymur,User,False,4479.0,30.0,30.0,26,6,48,61,False,scrapy,1.0,12.27
AmbientLighter,2,https://github.com/AmbientLighter,User,False,5445.0,30.0,30.0,1,30,24,6,False,scrapy,1.0,14.92
zloidemon,2,https://github.com/zloidemon,User,False,5371.0,0.0,0.0,0,30,0,37,False,scrapy,0.0,14.72
SudShekhar,2,https://github.com/SudShekhar,User,False,4406.0,8.0,5.0,13,19,8,1,False,scrapy,0.625,12.07
raihan71,2,https://github.com/raihan71,User,False,2723.0,30.0,30.0,8,30,151,4,False,scrapy,1.0,7.46
dufferzafar,2,https://github.com/dufferzafar,User,False,4747.0,30.0,30.0,30,30,607,334,False,scrapy,1.0,13.01
zessx,2,https://github.com/zessx,User,False,4403.0,30.0,30.0,30,30,57,41,False,scrapy,1.0,12.06
rydwhelchel,2,https://github.com/rydwhelchel,User,False,1914.0,30.0,30.0,3,20,3,1,False,scrapy,1.0,5.24
ramiro,2,https://github.com/ramiro,User,False,5907.0,30.0,30.0,30,30,170,11,False,scrapy,1.0,16.18
ric2b,2,https://github.com/ric2b,User,False,3802.0,30.0,27.0,30,30,42,33,False,scrapy,0.9,10.42
pencoa,2,https://github.com/pencoa,User,False,3974.0,6.0,3.0,19,30,27,1,False,scrapy,0.5,10.89
rennerocha,2,https://github.com/rennerocha,User,False,5283.0,30.0,30.0,30,30,267,10,False,scrapy,1.0,14.47
tagatac,2,https://github.com/tagatac,User,False,4792.0,30.0,30.0,30,30,53,80,False,scrapy,1.0,13.13
MrMenezes,2,https://github.com/MrMenezes,User,False,3742.0,9.0,7.0,0,30,34,5,False,scrapy,0.7777777777777778,10.25
gustavodeandrade,2,https://github.com/gustavodeandrade,User,False,5214.0,3.0,2.0,3,12,3,0,False,scrapy,0.6666666666666666,14.28
bopace,2,https://github.com/bopace,User,False,3386.0,24.0,23.0,20,30,11,4,False,scrapy,0.9583333333333334,9.28
jpbalarini,2,https://github.com/jpbalarini,User,False,4306.0,26.0,17.0,13,30,24,13,False,scrapy,0.6538461538461539,11.8
josealberto4444,2,https://github.com/josealberto4444,User,False,3507.0,30.0,30.0,20,1,9,0,False,scrapy,1.0,9.61
iamkaushal,2,https://github.com/iamkaushal,User,False,2893.0,5.0,3.0,0,30,19,11,False,scrapy,0.6,7.93
zaid-ismail031,2,https://github.com/zaid-ismail031,User,False,1746.0,11.0,9.0,0,22,1,1,False,scrapy,0.8181818181818182,4.78
woxcab,2,https://github.com/woxcab,User,False,3362.0,10.0,7.0,17,12,5,143,False,scrapy,0.7,9.21
nsirletti,2,https://github.com/nsirletti,User,False,2445.0,2.0,2.0,0,10,0,0,False,scrapy,1.0,6.7
laggardkernel,2,https://github.com/laggardkernel,User,False,3578.0,30.0,30.0,30,30,34,94,False,scrapy,1.0,9.8
joehillen,2,https://github.com/joehillen,User,False,5605.0,30.0,30.0,30,30,62,38,False,scrapy,1.0,15.36
ivannotes,2,https://github.com/ivannotes,User,False,4785.0,6.0,6.0,0,22,15,12,False,scrapy,1.0,13.11
irgmedeiros,2,https://github.com/irgmedeiros,User,False,4451.0,20.0,15.0,3,30,43,6,False,scrapy,0.75,12.19
ilias-ant,2,https://github.com/ilias-ant,User,False,2385.0,15.0,14.0,30,17,68,133,False,scrapy,0.9333333333333333,6.53
colinmorris,2,https://github.com/colinmorris,User,False,5074.0,30.0,30.0,30,30,520,227,False,scrapy,1.0,13.9
amferraz,2,https://github.com/amferraz,User,False,5442.0,18.0,14.0,25,30,32,24,False,scrapy,0.7777777777777778,14.91
andrewshir,2,https://github.com/andrewshir,User,False,4421.0,3.0,2.0,1,6,2,0,False,scrapy,0.6666666666666666,12.11
zoliszeredi,2,https://github.com/zoliszeredi,User,False,4477.0,30.0,30.0,4,16,9,3,False,scrapy,1.0,12.27
yolile,2,https://github.com/yolile,User,False,4004.0,30.0,30.0,30,30,30,10,False,scrapy,1.0,10.97
yash08123,2,https://github.com/yash08123,User,False,844.0,30.0,30.0,1,30,7,6,False,scrapy,1.0,2.31
kinoute,2,https://github.com/kinoute,User,False,5113.0,30.0,30.0,30,30,85,9,False,scrapy,1.0,14.01
WinterComes,2,https://github.com/WinterComes,User,False,2774.0,12.0,7.0,0,13,8,0,False,scrapy,0.5833333333333334,7.6
ahlen,2,https://github.com/ahlen,User,False,6191.0,30.0,30.0,7,2,12,4,False,scrapy,1.0,16.96
brunsgaard,2,https://github.com/brunsgaard,User,False,5013.0,30.0,30.0,30,30,35,14,False,scrapy,1.0,13.73
JessA-L,2,https://github.com/JessA-L,User,False,1262.0,15.0,15.0,0,23,0,7,False,scrapy,1.0,3.46
Jane333,2,https://github.com/Jane333,User,False,4171.0,0.0,0.0,3,9,30,4,False,scrapy,0.0,11.43
jacty,2,https://github.com/jacty,User,False,4322.0,30.0,30.0,18,7,18,0,False,scrapy,1.0,11.84
stillzhl,2,https://github.com/stillzhl,User,False,4552.0,16.0,14.0,3,28,43,21,False,scrapy,0.875,12.47
ilhaoni,2,https://github.com/ilhaoni,User,False,4226.0,30.0,30.0,0,3,7,0,False,scrapy,1.0,11.58
IAlwaysBeCoding,2,https://github.com/IAlwaysBeCoding,User,False,3919.0,24.0,14.0,26,30,9,9,False,scrapy,0.5833333333333334,10.74
hmsimha,2,https://github.com/hmsimha,User,False,4512.0,7.0,6.0,4,18,4,7,False,scrapy,0.8571428571428571,12.36
morenoh149,2,https://github.com/morenoh149,User,False,5134.0,30.0,30.0,30,30,426,32,False,scrapy,1.0,14.07
burneyh,2,https://github.com/burneyh,User,False,3083.0,30.0,27.0,0,30,4,1,False,scrapy,0.9,8.45
gustavo-bordin,2,https://github.com/gustavo-bordin,User,False,1807.0,6.0,3.0,9,18,30,28,False,scrapy,0.5,4.95
ferdyrod,2,https://github.com/ferdyrod,User,False,5315.0,30.0,30.0,4,30,25,4,False,scrapy,1.0,14.56
djm,2,https://github.com/djm,User,False,5745.0,30.0,30.0,30,30,139,20,False,scrapy,1.0,15.74
dguo,2,https://github.com/dguo,User,False,4482.0,30.0,30.0,30,30,171,87,False,scrapy,1.0,12.28
dellis23,2,https://github.com/dellis23,User,False,4778.0,30.0,30.0,30,30,81,1363,False,scrapy,1.0,13.09
rodrigc,2,https://github.com/rodrigc,User,False,4618.0,30.0,30.0,30,20,45,5,False,scrapy,1.0,12.65
andreastziortz,2,https://github.com/andreastziortz,User,False,2310.0,5.0,2.0,0,4,1,0,False,scrapy,0.4,6.33
ahlinc,2,https://github.com/ahlinc,User,False,3436.0,30.0,30.0,30,30,87,11,False,scrapy,1.0,9.41
Cj-Malone,2,https://github.com/Cj-Malone,User,False,3723.0,30.0,30.0,30,30,16,11,False,scrapy,1.0,10.2
Anjalizi,2,https://github.com/Anjalizi,User,False,2884.0,8.0,5.0,12,30,20,5,False,scrapy,0.625,7.9
11-aryan,2,https://github.com/11-aryan,User,False,1981.0,11.0,8.0,5,11,1,6,False,scrapy,0.7272727272727273,5.43
bjlange,2,https://github.com/bjlange,User,False,5031.0,19.0,16.0,30,30,36,10,False,scrapy,0.8421052631578947,13.78
storymode7,2,https://github.com/storymode7,User,False,2752.0,30.0,30.0,12,26,7,0,False,scrapy,1.0,7.54
Mirwaisse,2,https://github.com/Mirwaisse,User,False,2945.0,14.0,10.0,8,18,6,46,False,scrapy,0.7142857142857143,8.07
MikeinRealLife,2,https://github.com/MikeinRealLife,User,False,3865.0,3.0,3.0,1,9,1,0,False,scrapy,1.0,10.59
matveinazaruk,2,https://github.com/matveinazaruk,User,False,4559.0,7.0,6.0,4,29,4,1,False,scrapy,0.8571428571428571,12.49
NicolasP,2,https://github.com/NicolasP,User,False,6198.0,8.0,6.0,5,7,10,0,False,scrapy,0.75,16.98
MMesch,2,https://github.com/MMesch,User,False,4503.0,30.0,30.0,30,30,110,43,False,scrapy,1.0,12.34
marven,2,https://github.com/marven,User,False,4613.0,8.0,5.0,0,2,15,3,False,scrapy,0.625,12.64
mgedmin,2,https://github.com/mgedmin,User,False,5557.0,30.0,30.0,30,30,207,333,False,scrapy,1.0,15.22
msabramo,2,https://github.com/msabramo,User,False,5361.0,30.0,30.0,30,30,233,10,False,scrapy,1.0,14.69
lagenar,2,https://github.com/lagenar,User,False,5916.0,5.0,4.0,18,10,24,219,False,scrapy,0.8,16.21
kas,2,https://github.com/kas,User,False,3924.0,30.0,30.0,30,30,50,18,False,scrapy,1.0,10.75
Kiran1689,2,https://github.com/Kiran1689,User,False,1526.0,30.0,26.0,30,30,102,319,False,scrapy,0.8666666666666667,4.18
ankostis,2,https://github.com/ankostis,User,False,5193.0,30.0,30.0,30,30,45,78,False,scrapy,1.0,14.23
khpeek,2,https://github.com/khpeek,User,False,4027.0,2.0,2.0,22,24,58,394,False,scrapy,1.0,11.03
altendky,2,https://github.com/altendky,User,False,5160.0,30.0,30.0,30,30,289,8,False,scrapy,1.0,14.14
KDreynolds,2,https://github.com/KDreynolds,User,False,3266.0,30.0,30.0,0,30,74,8,False,scrapy,1.0,8.95
LMKight,2,https://github.com/LMKight,User,False,3139.0,2.0,2.0,3,2,2,0,False,scrapy,1.0,8.6
Lazar-T,2,https://github.com/Lazar-T,User,False,3850.0,6.0,6.0,4,28,116,99,False,scrapy,1.0,10.55
ldmberman,2,https://github.com/ldmberman,User,False,4255.0,30.0,30.0,30,30,87,24,False,scrapy,1.0,11.66
LorenDavie,2,https://github.com/LorenDavie,User,False,5191.0,8.0,6.0,22,18,5,1,False,scrapy,0.75,14.22
loreguerra,2,https://github.com/loreguerra,User,False,3351.0,2.0,1.0,1,11,0,1,False,scrapy,0.5,9.18
cyberplant,2,https://github.com/cyberplant,User,False,4825.0,30.0,30.0,11,17,34,11,False,scrapy,1.0,13.22
luzfcb,1,https://github.com/luzfcb,User,False,5017.0,30.0,30.0,30,30,354,8,False,scrapy,1.0,13.75
0xwho7,1,https://github.com/0xwho7,User,False,2384.0,6.0,3.0,4,7,0,0,False,scrapy,0.5,6.53
fbergen,1,https://github.com/fbergen,User,False,4632.0,5.0,3.0,6,30,13,16,False,scrapy,0.6,12.69
soid,1,https://github.com/soid,User,False,5466.0,21.0,12.0,19,30,16,12,False,scrapy,0.5714285714285714,14.98
frederik-elwert,1,https://github.com/frederik-elwert,User,False,4446.0,30.0,30.0,30,30,24,75,False,scrapy,1.0,12.18
HEndo12345,1,https://github.com/HEndo12345,User,False,2495.0,1.0,1.0,1,7,1,0,False,scrapy,1.0,6.84
HAKSOAT,1,https://github.com/HAKSOAT,User,False,2950.0,30.0,30.0,22,30,95,7,False,scrapy,1.0,8.08
halfcrazy,1,https://github.com/halfcrazy,User,False,4330.0,30.0,30.0,30,30,107,0,False,scrapy,1.0,11.86
mhlakhani,1,https://github.com/mhlakhani,User,False,5171.0,30.0,28.0,30,23,36,27,False,scrapy,0.9333333333333333,14.17
Hassan-Shoayb,1,https://github.com/Hassan-Shoayb,User,False,1448.0,3.0,3.0,1,30,471,39,False,scrapy,1.0,3.97
hoatle,1,https://github.com/hoatle,User,False,5761.0,30.0,30.0,30,30,131,10,False,scrapy,1.0,15.78
rettinghaus,1,https://github.com/rettinghaus,User,False,3920.0,30.0,30.0,30,30,39,6,False,scrapy,1.0,10.74
nopper,1,https://github.com/nopper,User,False,5626.0,30.0,23.0,30,30,75,89,False,scrapy,0.7666666666666667,15.41
farsene,1,https://github.com/farsene,User,False,2644.0,22.0,17.0,7,30,5,1,False,scrapy,0.7727272727272727,7.24
felipeands,1,https://github.com/felipeands,User,False,4903.0,26.0,16.0,2,30,15,0,False,scrapy,0.6153846153846154,13.43
coder46,1,https://github.com/coder46,User,False,4537.0,18.0,12.0,30,30,32,25,False,scrapy,0.6666666666666666,12.43
0xdeb,1,https://github.com/0xdeb,User,False,1705.0,4.0,3.0,3,4,3,0,False,scrapy,0.75,4.67
jenya,1,https://github.com/jenya,User,False,5088.0,12.0,12.0,5,6,15,1,False,scrapy,1.0,13.94
erikkemperman,1,https://github.com/erikkemperman,User,False,4440.0,30.0,30.0,30,30,54,0,False,scrapy,1.0,12.16
emarondan,1,https://github.com/emarondan,User,False,1989.0,13.0,12.0,0,13,2,0,False,scrapy,0.9230769230769231,5.45
emeryberger,1,https://github.com/emeryberger,User,False,4701.0,30.0,30.0,30,30,1322,3848,False,scrapy,1.0,12.88
maxcohen31,1,https://github.com/maxcohen31,User,False,1566.0,5.0,3.0,0,30,1236,77,False,scrapy,0.6,4.29
emschorsch,1,https://github.com/emschorsch,User,False,4500.0,16.0,10.0,6,30,11,1,False,scrapy,0.625,12.33
eliat123,1,https://github.com/eliat123,User,False,4069.0,11.0,5.0,3,16,1,0,False,scrapy,0.45454545454545453,11.15
drewseibert,1,https://github.com/drewseibert,User,False,3189.0,4.0,3.0,0,6,1,0,False,scrapy,0.75,8.74
dracony,1,https://github.com/dracony,User,False,4435.0,30.0,30.0,24,30,145,34,False,scrapy,1.0,12.15
djikoSal,1,https://github.com/djikoSal,User,False,2228.0,13.0,11.0,9,2,8,2,False,scrapy,0.8461538461538461,6.1
kianmeng,1,https://github.com/kianmeng,User,False,5615.0,30.0,30.0,30,30,133,0,False,scrapy,1.0,15.38
iKevinY,1,https://github.com/iKevinY,User,False,4525.0,30.0,30.0,30,21,263,864,False,scrapy,1.0,12.4
lewoudar,1,https://github.com/lewoudar,User,False,3663.0,30.0,30.0,29,30,22,84,False,scrapy,1.0,10.04
sripriyesha,1,https://github.com/sripriyesha,User,False,1668.0,2.0,2.0,2,21,3,1,False,scrapy,1.0,4.57
JulienPalard,1,https://github.com/JulienPalard,User,False,5428.0,30.0,30.0,30,30,380,127,False,scrapy,1.0,14.87
julien-duponchelle,1,https://github.com/julien-duponchelle,User,False,5318.0,30.0,30.0,30,30,282,1042,False,scrapy,1.0,14.57
julian-st,1,https://github.com/julian-st,User,False,2733.0,30.0,30.0,6,15,20,2,False,scrapy,1.0,7.49
opyate,1,https://github.com/opyate,User,False,5722.0,30.0,30.0,30,30,40,13,False,scrapy,1.0,15.68
joybh98,1,https://github.com/joybh98,User,False,2574.0,30.0,17.0,10,26,7,1,False,scrapy,0.5666666666666667,7.05
jojje,1,https://github.com/jojje,User,False,5614.0,30.0,23.0,24,30,10,59,False,scrapy,0.7666666666666667,15.38
darakian,1,https://github.com/darakian,User,True,4384.0,30.0,30.0,30,30,120,480,False,scrapy,1.0,12.01
jsma,1,https://github.com/jsma,User,False,5999.0,30.0,30.0,30,12,22,0,False,scrapy,1.0,16.44
johndela1,1,https://github.com/johndela1,User,False,4582.0,5.0,1.0,0,25,3,0,False,scrapy,0.2,12.55
jc0n,1,https://github.com/jc0n,User,False,5240.0,25.0,19.0,30,18,23,22,False,scrapy,0.76,14.36
jbampton,1,https://github.com/jbampton,User,False,5255.0,30.0,30.0,30,30,364,2,False,scrapy,1.0,14.4
jidicula,1,https://github.com/jidicula,User,True,3544.0,30.0,30.0,30,30,74,128,False,scrapy,1.0,9.71
sejo,1,https://github.com/sejo,User,False,5556.0,24.0,15.0,11,16,14,5,False,scrapy,0.625,15.22
Jeffallan,1,https://github.com/Jeffallan,User,False,3018.0,30.0,30.0,30,25,18,18,False,scrapy,1.0,8.27
JeffPaine,1,https://github.com/JeffPaine,User,False,4811.0,30.0,30.0,30,16,70,723,False,scrapy,1.0,13.18
jeesang7,1,https://github.com/jeesang7,User,False,2753.0,30.0,30.0,17,30,11,4,False,scrapy,1.0,7.54
jaympatel,1,https://github.com/jaympatel,User,False,3743.0,7.0,5.0,2,27,5,2,False,scrapy,0.7142857142857143,10.25
jsyeo,1,https://github.com/jsyeo,User,False,4889.0,30.0,30.0,30,30,115,4,False,scrapy,1.0,13.39
jpmckinney,1,https://github.com/jpmckinney,User,False,5987.0,30.0,30.0,30,30,349,236,False,scrapy,1.0,16.4
jmherbst,1,https://github.com/jmherbst,User,False,5246.0,30.0,30.0,10,30,13,0,False,scrapy,1.0,14.37
euphoris,1,https://github.com/euphoris,User,False,4996.0,17.0,15.0,5,30,25,9,False,scrapy,0.8823529411764706,13.69
revolter,1,https://github.com/revolter,User,False,4135.0,30.0,30.0,30,30,146,0,False,scrapy,1.0,11.33
ionut-ciubotariu,1,https://github.com/ionut-ciubotariu,User,False,3789.0,2.0,2.0,0,5,1,0,False,scrapy,1.0,10.38
coagulant,1,https://github.com/coagulant,User,False,5266.0,30.0,30.0,30,30,72,78,False,scrapy,1.0,14.43
eltociear,1,https://github.com/eltociear,User,False,3056.0,0.0,0.0,0,30,0,17,False,scrapy,0.0,8.37
hobson,1,https://github.com/hobson,User,False,5375.0,30.0,30.0,30,30,147,39,False,scrapy,1.0,14.73
devfox-se,1,https://github.com/devfox-se,User,False,2159.0,30.0,30.0,30,3,2,0,False,scrapy,1.0,5.92
duketemon,1,https://github.com/duketemon,User,False,2903.0,17.0,16.0,14,13,5,51,False,scrapy,0.9411764705882353,7.95
antonio-gor,1,https://github.com/antonio-gor,User,False,2949.0,1.0,1.0,0,13,1,2,False,scrapy,1.0,8.08
AngelikiBoura,1,https://github.com/AngelikiBoura,User,False,1574.0,3.0,3.0,0,6,4,0,False,scrapy,1.0,4.31
Andy-W-Developer,1,https://github.com/Andy-W-Developer,User,False,698.0,21.0,19.0,6,5,0,0,False,scrapy,0.9047619047619048,1.91
mjh-sakh,1,https://github.com/mjh-sakh,User,False,2166.0,30.0,30.0,30,21,7,2,False,scrapy,1.0,5.93
Scorpil,1,https://github.com/Scorpil,User,False,5563.0,30.0,30.0,14,30,25,55,False,scrapy,1.0,15.24
radarhere,1,https://github.com/radarhere,User,False,4438.0,30.0,30.0,30,30,92,3,False,scrapy,1.0,12.16
AndrewADev,1,https://github.com/AndrewADev,User,False,4460.0,30.0,30.0,19,30,5,2,False,scrapy,1.0,12.22
andreip,1,https://github.com/andreip,User,False,5061.0,30.0,22.0,30,30,44,9,False,scrapy,0.7333333333333333,13.87
korigod,1,https://github.com/korigod,User,False,3120.0,30.0,30.0,14,30,14,1,False,scrapy,1.0,8.55
aandrukhovich,1,https://github.com/aandrukhovich,User,False,3495.0,12.0,11.0,2,7,2,0,False,scrapy,0.9166666666666666,9.58
andersoncarlosfs,1,https://github.com/andersoncarlosfs,User,False,3033.0,29.0,21.0,3,30,5,4,False,scrapy,0.7241379310344828,8.31
ananana,1,https://github.com/ananana,User,False,4811.0,7.0,4.0,2,29,35,32,False,scrapy,0.5714285714285714,13.18
amardeep24,1,https://github.com/amardeep24,User,False,3298.0,19.0,14.0,7,30,8,18,False,scrapy,0.7368421052631579,9.04
allyjweir,1,https://github.com/allyjweir,User,True,4380.0,30.0,30.0,30,30,19,8,False,scrapy,1.0,12.0
VolVox99,1,https://github.com/VolVox99,User,False,1673.0,15.0,10.0,2,24,18,11,False,scrapy,0.6666666666666666,4.58
alexey-senexx,1,https://github.com/alexey-senexx,User,False,3729.0,0.0,0.0,0,2,0,0,False,scrapy,0.0,10.22
akhillb,1,https://github.com/akhillb,User,False,4122.0,23.0,15.0,2,25,16,1,False,scrapy,0.6521739130434783,11.29
aivarsk,1,https://github.com/aivarsk,User,False,5701.0,14.0,6.0,13,30,77,37,False,scrapy,0.42857142857142855,15.62
itsAftabAlam,1,https://github.com/itsAftabAlam,User,False,1287.0,30.0,30.0,27,30,3,0,False,scrapy,1.0,3.53
adnan-awan,1,https://github.com/adnan-awan,User,False,3853.0,5.0,4.0,2,7,1,0,False,scrapy,0.8,10.56
firegolem,1,https://github.com/firegolem,User,False,4016.0,3.0,2.0,0,11,0,0,False,scrapy,0.6666666666666666,11.0
aditi137,1,https://github.com/aditi137,User,False,3414.0,13.0,5.0,4,13,2,1,False,scrapy,0.38461538461538464,9.35
adamdonahue,1,https://github.com/adamdonahue,User,False,4529.0,23.0,9.0,30,30,3,5,False,scrapy,0.391304347826087,12.41
Abinashbunty,1,https://github.com/Abinashbunty,User,False,2935.0,30.0,30.0,30,30,21,0,False,scrapy,1.0,8.04
Prime-5,1,https://github.com/Prime-5,User,False,2596.0,12.0,11.0,3,24,0,3,False,scrapy,0.9166666666666666,7.11
Sync271,1,https://github.com/Sync271,User,False,1703.0,30.0,30.0,13,30,7,0,False,scrapy,1.0,4.67
medic-code,1,https://github.com/medic-code,User,False,1856.0,30.0,30.0,30,30,13,1,False,scrapy,1.0,5.08
ajw0100,1,https://github.com/ajw0100,User,False,4610.0,11.0,9.0,4,0,4,0,False,scrapy,0.8181818181818182,12.63
abitha-thankaraj,1,https://github.com/abitha-thankaraj,User,False,3246.0,6.0,6.0,0,11,16,6,False,scrapy,1.0,8.89
dveselov,1,https://github.com/dveselov,User,False,3699.0,30.0,30.0,30,28,81,580,False,scrapy,1.0,10.13
dalleng,1,https://github.com/dalleng,User,False,4545.0,27.0,26.0,7,30,63,11,False,scrapy,0.9629629629629629,12.45
dianakhuang,1,https://github.com/dianakhuang,User,False,4458.0,30.0,30.0,30,10,18,7,False,scrapy,1.0,12.21
dsandeep0138,1,https://github.com/dsandeep0138,User,False,4356.0,14.0,10.0,1,30,12,10,False,scrapy,0.7142857142857143,11.93
dschaller,1,https://github.com/dschaller,User,False,4924.0,30.0,30.0,30,30,54,0,False,scrapy,1.0,13.49
DeflateAwning,1,https://github.com/DeflateAwning,User,False,3654.0,30.0,30.0,30,30,15,6,False,scrapy,1.0,10.01
dchentech,1,https://github.com/dchentech,User,False,6016.0,30.0,26.0,5,30,166,20,False,scrapy,0.8666666666666667,16.48
CloCkWeRX,1,https://github.com/CloCkWeRX,User,False,5298.0,30.0,30.0,30,30,90,5,False,scrapy,1.0,14.52
dekimsey,1,https://github.com/dekimsey,User,False,5739.0,30.0,30.0,30,30,25,3,False,scrapy,1.0,15.72
d00399830,1,https://github.com/d00399830,User,False,1777.0,2.0,2.0,1,8,1,0,False,scrapy,1.0,4.87
cconrad,1,https://github.com/cconrad,User,False,5135.0,30.0,29.0,30,13,10,22,False,scrapy,0.9666666666666667,14.07
chuanjin,1,https://github.com/chuanjin,User,False,4326.0,30.0,30.0,0,30,248,35,False,scrapy,1.0,11.85
chripede,1,https://github.com/chripede,User,False,5264.0,30.0,30.0,30,15,15,19,False,scrapy,1.0,14.42
christilden,1,https://github.com/christilden,User,False,4998.0,14.0,7.0,11,16,0,24,False,scrapy,0.5,13.69
chris-pws,1,https://github.com/chris-pws,User,False,4467.0,3.0,3.0,1,30,5,3,False,scrapy,1.0,12.24
Chenwei-Niu,1,https://github.com/Chenwei-Niu,User,False,1807.0,2.0,1.0,1,19,1,2,False,scrapy,0.5,4.95
cash,1,https://github.com/cash,User,False,5487.0,30.0,30.0,30,30,168,31,False,scrapy,1.0,15.03
cankupeli,1,https://github.com/cankupeli,User,False,1546.0,1.0,1.0,1,5,4,0,False,scrapy,1.0,4.24
clchen28,1,https://github.com/clchen28,User,False,3911.0,28.0,23.0,30,24,16,10,False,scrapy,0.8214285714285714,10.72
burakcank,1,https://github.com/burakcank,User,False,3001.0,9.0,5.0,3,3,6,0,False,scrapy,0.5555555555555556,8.22
bcrowe,1,https://github.com/bcrowe,User,False,5045.0,30.0,30.0,12,30,190,75,False,scrapy,1.0,13.82
breno,1,https://github.com/breno,User,False,5646.0,11.0,11.0,1,9,63,3,False,scrapy,1.0,15.47
PendalF89,1,https://github.com/PendalF89,User,False,4197.0,13.0,7.0,11,30,34,162,False,scrapy,0.5384615384615384,11.5
Bhavesh0327,1,https://github.com/Bhavesh0327,User,False,2583.0,21.0,15.0,2,30,126,16,False,scrapy,0.7142857142857143,7.08
boogheta,1,https://github.com/boogheta,User,False,4638.0,30.0,30.0,30,30,92,70,False,scrapy,1.0,12.71
beng-hee-eu,1,https://github.com/beng-hee-eu,User,False,1061.0,0.0,0.0,0,0,0,0,False,scrapy,0.0,2.91
houbaron,1,https://github.com/houbaron,User,False,3409.0,30.0,30.0,16,3,38,4,False,scrapy,1.0,9.34
bloodforcream,1,https://github.com/bloodforcream,User,False,2081.0,4.0,4.0,4,0,5,0,False,scrapy,1.0,5.7
atul-g,1,https://github.com/atul-g,User,False,2401.0,6.0,5.0,0,29,35,85,False,scrapy,0.8333333333333334,6.58
aprasanna,1,https://github.com/aprasanna,User,False,4882.0,12.0,9.0,0,10,0,0,False,scrapy,0.75,13.38
arvindch,1,https://github.com/arvindch,User,False,1761.0,0.0,0.0,0,0,0,0,False,scrapy,0.0,4.82
